PlayerId,Name,Team,Age,Last_PA,Career_PA,N_BIP,mle_source,pt_tier,pt_source,Proj_PA,evidence_volume,evidence_season,P_K,P_BB,P_HBP,P_SF,P_HR,P_3B,P_2B,P_1B,P_BIPOut,SD_K,SD_BB,SD_HBP,SD_SF,SD_HR,SD_3B,SD_2B,SD_1B,SD_BIPOut,P_SB_ATTEMPT,P_SB,P_CS,SD_SB_ATTEMPT,SD_SB,Pred_attempts_per_opp,Pred_success_rate,Pred_steal_opp_per_PA,n_eff_opp,n_eff_attempts,sprint_speed_used,P_R,P_RBI,SD_R,SD_RBI,Pred_R_per_PA_neutral,Pred_RBI_per_PA_neutral,Pred_target_team_factor,Pred_target_team_id,Pred_lineup_slot,n_eff_R_per_PA,n_eff_RBI_per_PA,P_K_park,P_BB_park,P_HBP_park,P_HR_park,P_1B_park,P_2B_park,P_3B_park,P_SF_park,P_BIPOut_park,AVG_park,OBP_park,BABIP_park,AVG_against_park,BABIP_against_park,P_SB_ATTEMPT_park,P_SB_park,P_CS_park,Pred_steal_opp_per_PA_park,home_park_team_id,pf_HR,pf_1B,pf_2B,pf_3B,pf_BB,pf_SO,eff_HR,eff_1B,eff_2B,eff_3B,eff_BB,eff_SO,vL_share,vR_share,BatSide,P_K_vL,P_K_vR,P_BB_vL,P_BB_vR,P_HBP_vL,P_HBP_vR,P_HR_vL,P_HR_vR,P_1B_vL,P_1B_vR,P_2B_vL,P_2B_vR,P_3B_vL,P_3B_vR,P_SF_vL,P_SF_vR,P_BIPOut_vL,P_BIPOut_vR
592450,Aaron Judge,NYY,35,285.0,2822.0,985,,projected,unmodeled,,679.0,2025.0,0.25408,0.17179,0.00858,0.00639,0.07527,0.00191,0.04942,0.10171,0.33084,0.02175,0.01604,0.00171,0.00148,0.00543,0.00015,0.00339,0.00477,0.00652,0.01948,0.01517,0.0043,0.00298,0.00238,0.06904,0.77905,0.28208,524.8115899999999,35.742175937499994,26.7,0.17799,0.17237,0.00931,0.00919,0.16044,0.15538,1.10936,147.0,3.0,1713.0692599999998,1713.0692599999998,0.25917,0.18382,0.00858,0.08205,0.09713,0.04818,0.00166,0.00639,0.31302,0.28584,0.42142,0.31951,0.28584,0.31951,0.01999,0.01557,0.00442,0.28953,147.0,1.18,0.91,0.95,0.74,1.14,1.04,1.09,0.955,0.975,0.87,1.07,1.02,0.25589,0.74411,R,0.25445,0.25396,0.19348,0.16434,0.00625,0.00938,0.07515,0.07531,0.09573,0.10377,0.04296,0.05164,0.00179,0.00195,0.00753,0.006,0.32265,0.33366
660271,Shohei Ohtani,LAD,32,618.0,3341.0,1164,,projected,unmodeled,,727.0,2025.0,0.24106,0.12921,0.00728,0.00542,0.06731,0.00895,0.04927,0.113,0.3785,0.01936,0.01293,0.00145,0.00126,0.00494,0.00081,0.00316,0.00467,0.00643,0.04027,0.03191,0.00835,0.00371,0.00309,0.16139,0.79255,0.24949,561.9744559374999,91.82114374999999,27.7,0.17392,0.15505,0.00853,0.00813,0.15262,0.13606,1.13954,119.0,3.0,2107.672356875,2107.672356875,0.24347,0.13051,0.00728,0.07505,0.10961,0.04803,0.00734,0.00542,0.37329,0.28015,0.37781,0.3065,0.28015,0.3065,0.03993,0.03164,0.00828,0.24739,119.0,1.23,0.94,0.95,0.64,1.02,1.02,1.115,0.97,0.975,0.82,1.01,1.01,0.32909,0.67091,L,0.25255,0.23542,0.09425,0.14636,0.00868,0.00659,0.05566,0.07302,0.12188,0.10864,0.04774,0.05002,0.0068,0.01001,0.00542,0.00543,0.40701,0.36452
688760,Blaine Crim,COL,30,74.0,74.0,150,,projected,unmodeled,,74.0,2025.0,0.27711,0.08341,0.01231,0.01658,0.06584,0.00196,0.02669,0.09901,0.41709,0.07685,0.04041,0.00886,0.01026,0.01344,0.00037,0.00497,0.0128,0.01728,0.01498,0.01168,0.0033,0.00673,0.00527,0.07691,0.77964,0.19473,9.392499999999998,0.0,26.2,0.12061,0.12342,0.01981,0.02001,0.12755,0.13052,0.9456,115.0,4.0,53.464999999999996,53.464999999999996,0.26325,0.08175,0.01231,0.06847,0.10644,0.02976,0.00308,0.01658,0.41837,0.23359,0.3018,0.24976,0.23359,0.24976,0.01542,0.01202,0.0034,0.20049,115.0,1.08,1.15,1.23,2.14,0.96,0.9,1.04,1.075,1.115,1.57,0.98,0.95,0.24453,0.75547,R,0.27267,0.27855,0.08241,0.08374,0.01254,0.01223,0.0977,0.05553,0.08079,0.10491,0.01879,0.02924,0.00126,0.00219,0.03123,0.01184,0.40261,0.42178
656941,Kyle Schwarber,PHI,34,701.0,3506.0,966,,projected,unmodeled,,724.0,2025.0,0.29076,0.14883,0.00973,0.00573,0.06543,0.00155,0.03821,0.09174,0.34801,0.02007,0.01339,0.00164,0.00126,0.00499,0.00014,0.00288,0.00465,0.00643,0.00954,0.00741,0.00213,0.00193,0.00153,0.03812,0.77705,0.2503,564.1857256249999,22.907770937499997,25.6,0.14553,0.14857,0.00737,0.00744,0.13887,0.14177,1.04798,143.0,3.0,2216.5978540624997,2216.5978540624997,0.29658,0.14511,0.00973,0.07001,0.09266,0.03783,0.00158,0.00573,0.34076,0.24074,0.35692,0.27932,0.24074,0.27932,0.00944,0.00733,0.0021,0.2475,143.0,1.14,1.02,0.98,1.04,0.95,1.04,1.07,1.01,0.99,1.02,0.975,1.02,0.35995,0.64005,L,0.28456,0.29425,0.1364,0.15582,0.01373,0.00748,0.05857,0.06929,0.11299,0.07979,0.03516,0.03993,0.00231,0.00113,0.0038,0.00682,0.35248,0.34549
663728,Cal Raleigh,SEA,30,530.0,2847.0,974,,projected,unmodeled,,705.0,2025.0,0.28143,0.11823,0.00748,0.00668,0.06405,0.00134,0.03665,0.08275,0.4014,0.02179,0.01332,0.00159,0.00151,0.00514,0.00011,0.00287,0.00449,0.00679,0.01031,0.00805,0.00227,0.00212,0.00168,0.04948,0.78018,0.20845,406.61487187499995,20.2975803125,25.9,0.12096,0.1456,0.00713,0.00771,0.12424,0.14954,0.97362,136.0,4.0,1826.6922609375,1826.6922609375,0.30394,0.11586,0.00748,0.06341,0.07902,0.0339,0.00094,0.00668,0.38877,0.20376,0.30061,0.22653,0.20376,0.22653,0.01001,0.00781,0.0022,0.20236,136.0,0.98,0.91,0.85,0.4,0.96,1.16,0.99,0.955,0.925,0.7,0.98,1.08,0.30296,0.69704,S,0.29039,0.27753,0.09846,0.12682,0.00788,0.00731,0.06541,0.06346,0.08985,0.07966,0.0317,0.0388,0.00187,0.00111,0.00891,0.00571,0.40552,0.39961
621439,Byron Buxton,MIN,33,408.0,2067.0,780,,projected,unmodeled,,542.0,2025.0,0.26861,0.07653,0.01672,0.00724,0.06235,0.00501,0.05148,0.10318,0.40888,0.02495,0.01274,0.00277,0.00183,0.00578,0.00056,0.00408,0.00569,0.00796,0.02808,0.02261,0.00547,0.00382,0.00316,0.14294,0.8053,0.19642,273.1881565625,37.027413124999995,29.7,0.15735,0.13178,0.00931,0.00865,0.15743,0.13185,0.99946,142.0,3.0,1327.3070981249998,1327.3070981249998,0.26458,0.07576,0.01672,0.06048,0.10472,0.05509,0.00488,0.00724,0.41052,0.25012,0.31766,0.28632,0.25012,0.28632,0.02819,0.0227,0.00549,0.1972,142.0,0.94,1.03,1.14,0.95,0.98,0.97,0.97,1.015,1.07,0.975,0.99,0.985,0.25553,0.74447,R,0.25095,0.27467,0.0863,0.07317,0.00954,0.01918,0.05194,0.06593,0.1133,0.0997,0.05943,0.04875,0.00309,0.00567,0.0078,0.00705,0.41765,0.40587
665742,Juan Soto,NYM,28,482.0,3282.0,1115,,projected,unmodeled,,715.0,2025.0,0.16893,0.17598,0.00443,0.00522,0.06226,0.00185,0.03648,0.12195,0.4229,0.01728,0.01495,0.00115,0.00124,0.00489,0.00019,0.00267,0.00514,0.00666,0.02653,0.02087,0.00567,0.00328,0.00266,0.08775,0.78644,0.30236,631.0557887499999,59.72412374999999,25.6,0.14789,0.13669,0.00765,0.0074,0.14377,0.13288,1.02866,121.0,3.0,2028.3593774999997,2028.3593774999997,0.17146,0.18214,0.00443,0.06258,0.11951,0.0352,0.00165,0.00522,0.4178,0.2709,0.40551,0.27234,0.2709,0.27234,0.02686,0.02112,0.00574,0.30608,121.0,1.01,0.96,0.93,0.79,1.07,1.03,1.005,0.98,0.965,0.895,1.035,1.015,0.32844,0.67156,L,0.18512,0.16101,0.13894,0.1941,0.00718,0.00308,0.04824,0.06912,0.1319,0.11708,0.03102,0.03915,0.00264,0.00146,0.00619,0.00475,0.44878,0.41024
670541,Yordan Alvarez,HOU,30,692.0,2583.0,813,,projected,unmodeled,,692.0,2026.0,0.17432,0.13548,0.01536,0.00997,0.06061,0.0025,0.04887,0.1321,0.4208,0.0194,0.0149,0.00238,0.00192,0.00581,0.00022,0.00379,0.00659,0.00828,0.00388,0.00303,0.00085,0.00142,0.00111,0.0137,0.78132,0.28293,487.8475125,6.867160624999999,25.4,0.13817,0.14722,0.00807,0.00829,0.13798,0.14701,1.0014,117.0,3.0,1629.7806553124997,1629.7806553124997,0.18042,0.13616,0.01536,0.06455,0.13011,0.04789,0.00229,0.00997,0.41325,0.29199,0.39635,0.30376,0.29199,0.30376,0.00386,0.00302,0.00084,0.28163,117.0,1.13,0.97,0.96,0.83,1.01,1.07,1.065,0.985,0.98,0.915,1.005,1.035,0.27984,0.72016,L,0.18252,0.17114,0.09554,0.151,0.01678,0.0148,0.04892,0.06515,0.14412,0.12742,0.0514,0.04789,0.00456,0.0017,0.01382,0.00847,0.44234,0.41243
808959,Munetaka Murakami,CWS,27,553.0,553.0,150,,projected,unmodeled,,553.0,2026.0,0.33137,0.15203,0.01089,0.00245,0.06059,0.00353,0.02256,0.07752,0.33906,0.04193,0.02723,0.00412,0.00196,0.01194,0.0008,0.00504,0.01013,0.01417,0.01143,0.00881,0.00262,0.00394,0.00305,0.04755,0.77079,0.24044,119.0,3.4,26.8,0.12093,0.11416,0.01195,0.01166,0.13255,0.12514,0.91233,145.0,3.0,470.05,470.05,0.32805,0.15431,0.01089,0.05998,0.07713,0.02199,0.00298,0.00245,0.3422,0.19473,0.32729,0.2298,0.19473,0.2298,0.01152,0.00888,0.00264,0.24234,145.0,0.98,0.99,0.95,0.69,1.03,0.98,0.99,0.995,0.975,0.845,1.015,0.99,0.29349,0.70651,L,0.31082,0.3399,0.15728,0.14985,0.01112,0.0108,0.04142,0.06855,0.08354,0.07501,0.02423,0.02186,0.00317,0.00367,0.00348,0.00203,0.36494,0.32832
545350,Jake Marisnick,LAD,36,83.0,165.0,150,,floor,floor,1.0,0.0,,0.24432,0.0657,0.01182,0.00634,0.05657,0.0027,0.03689,0.11647,0.45918,0.06818,0.03346,0.00689,0.00506,0.01285,0.00096,0.00709,0.01216,0.01732,0.02628,0.02034,0.00594,0.00826,0.00644,0.13547,0.77404,0.19399,14.563974374999997,3.9411471874999995,,0.13284,0.12244,0.02187,0.0211,0.11657,0.10745,1.13954,119.0,5.0,79.71035437499998,79.71035437499998,0.24677,0.06636,0.01182,0.06308,0.11298,0.03597,0.00222,0.00634,0.45448,0.23402,0.29242,0.24959,0.23402,0.24959,0.02589,0.02004,0.00585,0.19115,119.0,1.23,0.94,0.95,0.64,1.02,1.02,1.115,0.97,0.975,0.82,1.01,1.01,0.26,0.74,R,0.22782,0.25012,0.07154,0.06365,0.00973,0.01255,0.05797,0.05608,0.1113,0.11829,0.03806,0.03648,0.00275,0.00269,0.00565,0.00658,0.47519,0.45356
670223,Matt Mervis,MIA,29,134.0,261.0,300,,projected,unmodeled,,134.0,2025.0,0.30125,0.07981,0.01142,0.00455,0.05628,0.00154,0.03515,0.08399,0.42601,0.05987,0.0301,0.00575,0.00364,0.00783,0.00024,0.00503,0.00753,0.01116,0.00917,0.00715,0.00202,0.00441,0.00345,0.05231,0.77964,0.17522,28.377993749999998,0.0,25.2,0.10239,0.10474,0.01549,0.01565,0.10673,0.10917,0.9594,146.0,6.0,165.68911874999998,165.68911874999998,0.29522,0.08061,0.01142,0.05262,0.08441,0.03568,0.00185,0.00455,0.43364,0.19321,0.26658,0.21947,0.19321,0.21947,0.00923,0.0072,0.00203,0.17644,146.0,0.87,1.01,1.03,1.4,1.02,0.96,0.935,1.005,1.015,1.2,1.01,0.98,0.1768,0.8232,L,0.31187,0.29897,0.07875,0.08004,0.01099,0.01152,0.08204,0.05074,0.06306,0.08849,0.03448,0.03529,0.0009,0.00168,0.00341,0.0048,0.4145,0.42848
699393,Pedro Ramírez,CHC,23,266.0,266.0,150,,projected,unmodeled,,266.0,2026.0,0.19609,0.07809,0.00837,0.00738,0.05609,0.0044,0.03942,0.12356,0.4866,0.04677,0.0269,0.00489,0.00459,0.01353,0.00088,0.00786,0.01305,0.01776,0.02791,0.0219,0.00601,0.00695,0.00551,0.13292,0.78455,0.21002,55.25,8.5,28.3,0.1295,0.11936,0.01726,0.01665,0.11674,0.1076,1.10928,112.0,5.0,226.1,226.1,0.19708,0.07887,0.00837,0.05777,0.12232,0.03568,0.00487,0.00738,0.48767,0.24369,0.30788,0.25035,0.24369,0.25035,0.02785,0.02185,0.006,0.20956,112.0,1.06,0.98,0.81,1.21,1.02,1.01,1.03,0.99,0.905,1.105,1.01,1.005,0.21245,0.78755,S,0.18209,0.19987,0.08277,0.07683,0.00779,0.00852,0.06744,0.05303,0.13397,0.12074,0.04237,0.03863,0.0031,0.00476,0.00622,0.00769,0.47425,0.48993
695657,Colson Montgomery,CWS,25,638.0,922.0,330,,projected,unmodeled,,638.0,2026.0,0.32474,0.08546,0.01686,0.00355,0.0556,0.00285,0.03824,0.08949,0.38321,0.03421,0.01739,0.00407,0.00188,0.0084,0.00046,0.00468,0.00783,0.01094,0.00594,0.00461,0.00132,0.00236,0.00185,0.03095,0.77728,0.19181,147.4325,1.7,26.6,0.11041,0.131,0.00967,0.01039,0.12102,0.14359,0.91233,145.0,4.0,747.4899999999999,747.4899999999999,0.32149,0.08674,0.01686,0.05505,0.08904,0.03728,0.00241,0.00355,0.38758,0.20583,0.28738,0.24933,0.20583,0.24933,0.00596,0.00463,0.00133,0.19264,145.0,0.98,0.99,0.95,0.69,1.03,0.98,0.99,0.995,0.975,0.845,1.015,0.99,0.2959,0.7041,L,0.26423,0.35017,0.07138,0.09138,0.02234,0.01456,0.04732,0.05908,0.10547,0.08277,0.04671,0.03468,0.00284,0.00286,0.00292,0.00381,0.4368,0.36069
571970,Max Muncy,LAD,36,561.0,2386.0,622,,projected,unmodeled,,561.0,2026.0,0.24589,0.13955,0.01212,0.00996,0.05504,0.00447,0.04329,0.10337,0.38631,0.02297,0.01573,0.0022,0.002,0.00605,0.00051,0.00404,0.00632,0.00851,0.00814,0.00638,0.00176,0.00216,0.00171,0.0319,0.78362,0.25504,380.78364812499996,8.507554374999998,27.2,0.13937,0.14744,0.00908,0.0093,0.1223,0.12939,1.13954,119.0,4.0,1490.0537453124998,1490.0537453124998,0.24835,0.14095,0.01212,0.06137,0.10027,0.04221,0.00366,0.00996,0.38111,0.24793,0.36058,0.27717,0.24793,0.27717,0.00808,0.00633,0.00175,0.25334,119.0,1.23,0.94,0.95,0.64,1.02,1.02,1.115,0.97,0.975,0.82,1.01,1.01,0.23717,0.76283,L,0.24908,0.2449,0.09968,0.15195,0.02214,0.00901,0.05254,0.05582,0.10037,0.1043,0.03612,0.04552,0.005,0.0043,0.00884,0.0103,0.42624,0.3739
545361,Mike Trout,LAA,35,634.0,2177.0,607,,projected,unmodeled,,634.0,2026.0,0.27722,0.14365,0.01413,0.00512,0.05419,0.00265,0.03561,0.10326,0.36417,0.02435,0.01624,0.00248,0.0015,0.0058,0.00025,0.0033,0.00596,0.00766,0.01502,0.01187,0.00314,0.00287,0.00231,0.05752,0.79057,0.26104,399.03353062499997,17.4315928125,28.6,0.13597,0.1092,0.00804,0.00733,0.14943,0.12,0.90997,108.0,3.0,1428.3649634375,1428.3649634375,0.28554,0.14293,0.01413,0.05419,0.10326,0.03383,0.00246,0.00512,0.35855,0.23123,0.3508,0.28016,0.23123,0.28016,0.01497,0.01184,0.00314,0.26032,108.0,1.0,1.0,0.9,0.85,0.99,1.06,1.0,1.0,0.95,0.925,0.995,1.03,0.23285,0.76715,R,0.26308,0.28151,0.13189,0.14722,0.0079,0.01602,0.04037,0.05838,0.12126,0.0978,0.04142,0.03385,0.00189,0.00289,0.00605,0.00484,0.38615,0.35749
681481,Kerry Carpenter,DET,29,259.0,1591.0,719,,projected,unmodeled,,464.0,2025.0,0.25106,0.0618,0.01669,0.00632,0.05389,0.00736,0.04654,0.11397,0.44238,0.02748,0.01299,0.00313,0.00194,0.00578,0.00092,0.00403,0.00631,0.00843,0.00762,0.00592,0.0017,0.00231,0.00181,0.03961,0.77638,0.19247,214.56190874999996,5.805287499999999,26.9,0.12944,0.14382,0.00961,0.01004,0.12894,0.14326,1.00391,116.0,4.0,1026.9105690625,1026.9105690625,0.24855,0.0615,0.01669,0.05415,0.1134,0.04514,0.0092,0.00632,0.44505,0.24238,0.30008,0.27373,0.24238,0.27373,0.00759,0.00589,0.0017,0.19159,116.0,1.01,0.99,0.94,1.5,0.99,0.98,1.005,0.995,0.97,1.25,0.995,0.99,0.14274,0.85726,L,0.23726,0.25336,0.06547,0.0612,0.0199,0.01616,0.03332,0.05731,0.11596,0.11364,0.041,0.04746,0.00273,0.00813,0.00591,0.00638,0.47845,0.43637
621566,Matt Olson,ATL,33,698.0,3526.0,1098,,projected,unmodeled,,724.0,2025.0,0.24184,0.11183,0.0069,0.00681,0.05362,0.00154,0.0544,0.11868,0.40438,0.0189,0.01184,0.00138,0.00137,0.00454,0.00016,0.00357,0.00502,0.00682,0.00183,0.00143,0.00039,0.00086,0.00068,0.0077,0.78464,0.23741,533.3919415624999,4.644506249999999,25.3,0.12916,0.13575,0.00684,0.00699,0.12824,0.13478,1.00717,144.0,4.0,2223.0601384374995,2223.0601384374995,0.24426,0.11015,0.0069,0.05362,0.12165,0.05304,0.00141,0.00681,0.40216,0.26219,0.34677,0.30453,0.26219,0.30453,0.00184,0.00144,0.0004,0.2387,144.0,1.0,1.05,0.95,0.83,0.97,1.02,1.0,1.025,0.975,0.915,0.985,1.01,0.3186,0.6814,L,0.25381,0.23624,0.07968,0.12686,0.0088,0.00602,0.04625,0.05707,0.12868,0.11401,0.05747,0.05296,0.00215,0.00125,0.00839,0.00607,0.41477,0.39952
608369,Corey Seager,TEX,33,436.0,2613.0,832,,projected,unmodeled,,445.0,2025.0,0.19092,0.10186,0.00887,0.00689,0.05339,0.00079,0.04443,0.12644,0.46642,0.02031,0.01331,0.00181,0.00159,0.00542,6e-05,0.00376,0.00608,0.00806,0.00453,0.00354,0.00098,0.00153,0.00121,0.0191,0.78265,0.23717,397.5621699999999,7.992884687499999,25.1,0.1286,0.12284,0.00764,0.0075,0.13629,0.13018,0.94359,140.0,3.0,1593.4130971874997,1593.4130971874997,0.19187,0.0988,0.00887,0.05152,0.12391,0.04287,0.00072,0.00689,0.47454,0.24737,0.3267,0.2609,0.24737,0.2609,0.00442,0.00346,0.00096,0.23158,140.0,0.93,0.96,0.93,0.83,0.94,1.01,0.965,0.98,0.965,0.915,0.97,1.005,0.30979,0.69021,L,0.23393,0.17161,0.06882,0.11668,0.01151,0.00769,0.04913,0.0553,0.12771,0.12587,0.042,0.04552,0.00091,0.00073,0.00624,0.00718,0.45975,0.46941
696100,Hunter Goodman,COL,27,574.0,1454.0,699,,projected,unmodeled,,579.0,2025.0,0.281,0.06667,0.00841,0.00753,0.05313,0.00223,0.05354,0.11818,0.40932,0.02779,0.01313,0.00233,0.00221,0.0058,0.00023,0.00429,0.00638,0.00847,0.01308,0.00998,0.0031,0.00301,0.00233,0.0677,0.76282,0.19325,210.16919374999998,12.41775625,27.3,0.12874,0.15204,0.00905,0.00969,0.13615,0.16079,0.9456,115.0,4.0,1083.98598125,1083.98598125,0.26695,0.06533,0.00841,0.05526,0.12704,0.0597,0.0035,0.00753,0.40629,0.26721,0.31923,0.31891,0.26721,0.31891,0.01359,0.01037,0.00322,0.20078,115.0,1.08,1.15,1.23,2.14,0.96,0.9,1.04,1.075,1.115,1.57,0.98,0.95,0.29994,0.70006,R,0.29515,0.27493,0.08222,0.06,0.00752,0.00879,0.04981,0.05455,0.11656,0.11887,0.06142,0.05017,0.00136,0.0026,0.00596,0.0082,0.38,0.42188
519317,Giancarlo Stanton,NYY,37,96.0,1703.0,651,,projected,unmodeled,,281.0,2025.0,0.30418,0.09361,0.00331,0.00424,0.05288,0.00044,0.03777,0.11525,0.38832,0.02973,0.01602,0.00136,0.00154,0.00571,3e-05,0.00351,0.00654,0.00845,0.00135,0.00106,0.0003,0.00106,0.00083,0.00638,0.78057,0.21217,202.74644124999998,0.85,23.8,0.11599,0.1667,0.00987,0.01152,0.10455,0.15027,1.10936,147.0,4.0,983.6932699999999,983.6932699999999,0.31027,0.10016,0.00331,0.05764,0.11007,0.03683,0.00038,0.00424,0.37711,0.22965,0.30838,0.28085,0.22965,0.28085,0.00136,0.00106,0.0003,0.21353,147.0,1.18,0.91,0.95,0.74,1.14,1.04,1.09,0.955,0.975,0.87,1.07,1.02,0.28958,0.71042,R,0.26611,0.3197,0.10242,0.09002,0.00381,0.0031,0.04151,0.05751,0.12088,0.11296,0.04419,0.03516,0.00059,0.00037,0.00561,0.00368,0.41487,0.3775
664874,Seby Zavala,SEA,33,43.0,441.0,450,,floor,floor,1.0,0.0,,0.30511,0.0786,0.01131,0.00874,0.05258,0.00127,0.03021,0.10433,0.40785,0.05491,0.02732,0.00463,0.00407,0.00666,0.00021,0.0034,0.0075,0.00952,0.00994,0.00775,0.00218,0.00439,0.00344,0.05115,0.78021,0.19424,44.87104312499999,0.5220062499999999,26.0,0.10471,0.09956,0.01475,0.01443,0.10754,0.10226,0.97362,136.0,6.0,218.11417031249997,218.11417031249997,0.32952,0.07703,0.01131,0.05205,0.09963,0.02795,0.00089,0.00874,0.39288,0.19993,0.26886,0.24642,0.19993,0.24642,0.00962,0.0075,0.00211,0.18797,136.0,0.98,0.91,0.85,0.4,0.96,1.16,0.99,0.955,0.925,0.7,0.98,1.08,0.28395,0.71605,R,0.28522,0.313,0.0829,0.07689,0.01431,0.01013,0.04903,0.05399,0.10837,0.10272,0.03146,0.02972,0.00142,0.0012,0.00852,0.00883,0.41876,0.40352
671213,Triston Casas,BOS,27,112.0,952.0,300,,projected,unmodeled,,112.0,2025.0,0.26022,0.12581,0.00474,0.00247,0.05213,0.00044,0.02968,0.11412,0.41039,0.03705,0.02384,0.00214,0.00155,0.00844,5e-05,0.00398,0.00974,0.01236,0.00439,0.00341,0.00098,0.00236,0.00184,0.01795,0.77775,0.24467,139.46272999999997,1.0578303125,24.4,0.11342,0.12071,0.01187,0.0122,0.11057,0.11768,1.02577,111.0,5.0,534.3515171874999,534.3515171874999,0.25631,0.12455,0.00474,0.04874,0.11697,0.03265,0.00041,0.00247,0.41315,0.22894,0.32806,0.2664,0.22894,0.2664,0.00442,0.00344,0.00098,0.24627,111.0,0.87,1.05,1.2,0.89,0.98,0.97,0.935,1.025,1.1,0.945,0.99,0.985,0.22523,0.77477,L,0.27929,0.25467,0.12,0.1275,0.00471,0.00475,0.04264,0.05488,0.11634,0.11347,0.03382,0.02847,0.0006,0.00039,0.0028,0.00238,0.3998,0.41347
700250,Ben Rice,NYY,28,667.0,1375.0,708,,projected,unmodeled,,667.0,2026.0,0.22578,0.11139,0.01161,0.00725,0.05201,0.0045,0.05188,0.11431,0.42126,0.02612,0.01673,0.00281,0.00222,0.00562,0.00047,0.00395,0.00611,0.00824,0.00945,0.00731,0.00214,0.00266,0.00208,0.03981,0.77372,0.23731,254.63024999999996,7.626624999999999,26.8,0.14699,0.13682,0.0106,0.01028,0.1325,0.12333,1.10936,147.0,3.0,1059.18925,1059.18925,0.2303,0.11919,0.01161,0.05669,0.10917,0.05058,0.00392,0.00725,0.4113,0.25565,0.35115,0.28465,0.25565,0.28465,0.00955,0.00739,0.00216,0.23997,147.0,1.18,0.91,0.95,0.74,1.14,1.04,1.09,0.955,0.975,0.87,1.07,1.02,0.27746,0.72254,L,0.26147,0.21208,0.08924,0.1199,0.01126,0.01175,0.04459,0.05485,0.12016,0.11206,0.04151,0.05586,0.00502,0.00431,0.00732,0.00723,0.41943,0.42197
703197,Michael Arroyo,SEA,22,41.0,41.0,150,,projected,unmodeled,,41.0,2026.0,0.20316,0.0943,0.0074,0.01283,0.05137,0.00214,0.0519,0.11095,0.46594,0.0737,0.04557,0.00776,0.01019,0.01308,0.00046,0.01001,0.0144,0.01926,0.02332,0.01823,0.0051,0.00839,0.00659,0.10967,0.7815,0.21265,12.75,1.7,28.2,0.11714,0.10918,0.02067,0.02005,0.12032,0.11214,0.97362,136.0,5.0,34.85,34.85,0.21942,0.09241,0.0074,0.05085,0.10596,0.04801,0.0015,0.01283,0.46162,0.23251,0.30613,0.25194,0.23251,0.25194,0.02257,0.01764,0.00493,0.20577,136.0,0.98,0.91,0.85,0.4,0.96,1.16,0.99,0.955,0.925,0.7,0.98,1.08,0.30705,0.69295,R,0.21255,0.199,0.09122,0.09566,0.00914,0.00662,0.03149,0.06017,0.13846,0.09876,0.04605,0.0545,0.00293,0.00179,0.0095,0.01431,0.45866,0.46917
666197,Grae Kessinger,HOU,29,25.0,70.0,150,,floor,floor,1.0,0.0,,0.23667,0.09304,0.01263,0.00369,0.05122,0.0022,0.04149,0.11204,0.44702,0.07672,0.04464,0.00909,0.00493,0.01263,0.00051,0.00813,0.01259,0.01723,0.02011,0.01564,0.00447,0.0083,0.00648,0.09236,0.77761,0.21772,7.676562499999999,0.5220062499999999,,0.11477,0.09682,0.02064,0.01915,0.11461,0.09668,1.0014,117.0,6.0,38.843406249999994,38.843406249999994,0.24495,0.09351,0.01263,0.05455,0.11036,0.04066,0.00201,0.00369,0.43764,0.2332,0.31373,0.25908,0.2332,0.25908,0.02,0.01555,0.00445,0.2165,117.0,1.13,0.97,0.96,0.83,1.01,1.07,1.065,0.985,0.98,0.915,1.005,1.035,0.25778,0.74222,R,0.24847,0.23256,0.09409,0.09268,0.01427,0.01207,0.07639,0.04248,0.09458,0.11811,0.04114,0.04161,0.0015,0.00244,0.0023,0.00417,0.42725,0.45388
667670,Brent Rooker,OAK,32,203.0,2078.0,995,,projected,unmodeled,,699.0,2025.0,0.27187,0.09322,0.01107,0.00582,0.05081,0.002,0.0504,0.11096,0.40385,0.02489,0.01385,0.00225,0.00164,0.00468,0.00016,0.00345,0.005,0.00671,0.01373,0.01078,0.00294,0.00275,0.00219,0.06377,0.78552,0.21525,316.08082468749996,17.443275,27.6,0.127,0.14636,0.0083,0.0088,0.13171,0.1518,0.9642,133.0,4.0,1345.1989287499998,1345.1989287499998,0.25963,0.09835,0.01107,0.0597,0.11484,0.05444,0.00167,0.00582,0.39448,0.26069,0.34007,0.30234,0.26069,0.30234,0.0143,0.01123,0.00307,0.22426,133.0,1.35,1.07,1.16,0.67,1.11,0.91,1.175,1.035,1.08,0.835,1.055,0.955,0.2331,0.7669,R,0.25481,0.27705,0.10306,0.09023,0.00819,0.01195,0.0441,0.05285,0.11644,0.1093,0.05333,0.04951,0.00166,0.00211,0.00642,0.00563,0.41198,0.40138
624413,Pete Alonso,BAL,32,700.0,3447.0,1167,,projected,unmodeled,,709.0,2025.0,0.22978,0.09995,0.02095,0.00895,0.05046,0.00083,0.04864,0.12359,0.41686,0.01873,0.01137,0.00241,0.00159,0.00428,5e-05,0.0032,0.00504,0.00647,0.00552,0.0043,0.00122,0.00151,0.00119,0.02259,0.77921,0.24449,529.8870993749999,14.382138124999999,24.9,0.13026,0.1571,0.00693,0.00749,0.12929,0.15592,1.00754,110.0,4.0,2181.4876265625,2181.4876265625,0.22978,0.09745,0.02095,0.05273,0.12482,0.0484,0.00086,0.00895,0.41606,0.25991,0.34522,0.29498,0.25991,0.29498,0.00549,0.00428,0.00121,0.24323,110.0,1.09,1.02,0.99,1.08,0.95,1.0,1.045,1.01,0.995,1.04,0.975,1.0,0.28168,0.71832,R,0.24158,0.22515,0.1032,0.09868,0.01893,0.02175,0.04164,0.05392,0.12287,0.12387,0.04666,0.04942,0.00079,0.00084,0.00683,0.00978,0.41751,0.4166
608596,Tom Murphy,SF,36,38.0,239.0,150,,floor,floor,1.0,0.0,,0.26506,0.08753,0.00594,0.008,0.05046,0.00167,0.04137,0.10479,0.43518,0.06259,0.03412,0.0043,0.00498,0.01174,0.00032,0.00703,0.01102,0.01638,0.01139,0.00888,0.00251,0.00524,0.0041,0.05745,0.77964,0.19826,27.5665359375,0.0,26.1,0.1155,0.09722,0.01727,0.01602,0.12094,0.1018,0.95503,137.0,2.0,124.97136687499997,124.97136687499997,0.25976,0.08534,0.00594,0.04516,0.10583,0.04219,0.00202,0.008,0.44575,0.21673,0.28649,0.25185,0.21673,0.25185,0.01132,0.00883,0.0025,0.19712,137.0,0.79,1.02,1.04,1.42,0.95,0.96,0.895,1.01,1.02,1.21,0.975,0.98,0.28571,0.71429,R,0.25465,0.26922,0.08893,0.08697,0.00685,0.00558,0.04541,0.05248,0.11136,0.10216,0.04038,0.04176,0.00173,0.00165,0.00658,0.00857,0.44412,0.43161
695578,James Wood,WSH,24,623.0,1648.0,743,,projected,unmodeled,,689.0,2025.0,0.29519,0.13536,0.00573,0.00437,0.05024,0.00374,0.04744,0.11908,0.33886,0.02657,0.01696,0.00181,0.00159,0.00514,0.00041,0.0037,0.00556,0.0072,0.03759,0.02897,0.00861,0.00466,0.00373,0.14447,0.77083,0.26017,335.23362499999996,50.65575,27.1,0.13996,0.12665,0.00924,0.00886,0.13788,0.12476,1.01514,120.0,3.0,1233.6985,1233.6985,0.28633,0.13536,0.00573,0.0515,0.12146,0.0472,0.00359,0.00437,0.34446,0.26184,0.36484,0.33336,0.26184,0.33336,0.03793,0.02924,0.00869,0.26255,120.0,1.05,1.04,0.99,0.92,1.0,0.94,1.025,1.02,0.995,0.96,1.0,0.97,0.33604,0.66396,L,0.29022,0.2977,0.08798,0.15934,0.00503,0.00608,0.04542,0.05269,0.13745,0.10979,0.0456,0.04837,0.00308,0.00407,0.00326,0.00493,0.38197,0.31704
701762,Nick Kurtz,OAK,24,434.0,923.0,421,,projected,unmodeled,,489.0,2025.0,0.30557,0.14733,0.00588,0.00354,0.05018,0.00349,0.04481,0.10412,0.33508,0.03417,0.02238,0.00241,0.00188,0.00649,0.00045,0.00489,0.00727,0.00923,0.01346,0.01052,0.00294,0.0036,0.00284,0.05231,0.78157,0.25733,203.6175,8.9675,26.6,0.14873,0.15119,0.01147,0.01155,0.15425,0.1568,0.9642,133.0,3.0,722.2024999999999,722.2024999999999,0.29182,0.15543,0.00588,0.05896,0.10776,0.0484,0.00291,0.00354,0.32529,0.26107,0.37934,0.32841,0.26107,0.32841,0.01407,0.011,0.00307,0.26907,133.0,1.35,1.07,1.16,0.67,1.11,0.91,1.175,1.035,1.08,0.835,1.055,0.955,0.32235,0.67765,L,0.33921,0.28958,0.10064,0.16954,0.00798,0.00488,0.03866,0.05566,0.10728,0.10262,0.03409,0.04991,0.00233,0.00404,0.00585,0.00244,0.36396,0.32135
669398,Gage Workman,SD,27,41.0,58.0,450,,projected,unmodeled,,41.0,2026.0,0.28412,0.06245,0.00649,0.00401,0.04982,0.00417,0.04381,0.11006,0.43508,0.07908,0.03612,0.00681,0.00536,0.00745,0.00064,0.00508,0.00771,0.0104,0.01826,0.01423,0.00402,0.0076,0.00595,0.102,0.77964,0.17899,0.85,0.0,28.5,0.11239,0.12649,0.02071,0.0218,0.11145,0.12543,1.00847,135.0,5.0,34.85,34.85,0.28555,0.06339,0.00649,0.05131,0.10841,0.04096,0.00354,0.00401,0.43635,0.22052,0.2741,0.2595,0.22052,0.2595,0.01818,0.01418,0.00401,0.17828,135.0,1.06,0.97,0.87,0.7,1.03,1.01,1.03,0.985,0.935,0.85,1.015,1.005,0.20543,0.79457,L,0.29357,0.28168,0.05779,0.06366,0.00449,0.007,0.06722,0.04532,0.0999,0.11268,0.04048,0.04467,0.00483,0.004,0.00272,0.00434,0.42901,0.43664
687263,Zach Neto,LAA,26,704.0,2189.0,941,,projected,unmodeled,,704.0,2026.0,0.26759,0.07695,0.02684,0.00377,0.04919,0.00306,0.05164,0.10563,0.41534,0.02325,0.01192,0.00339,0.00129,0.00478,0.00026,0.00392,0.00536,0.0072,0.04715,0.03594,0.01121,0.00437,0.00354,0.22516,0.7622,0.20941,350.56496875,83.5845375,27.9,0.13145,0.11195,0.00767,0.00717,0.14446,0.12302,0.90997,108.0,3.0,1540.1083062499997,1540.1083062499997,0.27561,0.07656,0.02684,0.04919,0.10563,0.04906,0.00283,0.00377,0.41051,0.23152,0.31011,0.27731,0.23152,0.27731,0.04706,0.03587,0.01119,0.20903,108.0,1.0,1.0,0.9,0.85,0.99,1.06,1.0,1.0,0.95,0.925,0.995,1.03,0.22816,0.77184,R,0.24613,0.27393,0.07904,0.07633,0.01694,0.02976,0.05529,0.04738,0.12557,0.09973,0.04775,0.05279,0.00547,0.00235,0.00379,0.00376,0.42002,0.41396
594807,Adam Duvall,ATL,38,330.0,998.0,205,,floor,floor,1.0,0.0,,0.29572,0.06728,0.01567,0.00793,0.04908,0.0022,0.03943,0.09834,0.42434,0.03878,0.01812,0.00378,0.0027,0.0099,0.00034,0.00684,0.01085,0.01485,0.0108,0.00841,0.00239,0.00358,0.0028,0.05957,0.7785,0.18129,93.90278312499998,2.9754356249999994,28.1,0.1103,0.11728,0.01167,0.01198,0.10952,0.11644,1.00717,144.0,5.0,526.6966296874999,526.6966296874999,0.29868,0.06627,0.01567,0.04908,0.1008,0.03844,0.00201,0.00793,0.42111,0.20913,0.27228,0.25117,0.20913,0.25117,0.01089,0.00847,0.00241,0.18274,144.0,1.0,1.05,0.95,0.83,0.97,1.02,1.0,1.025,0.975,0.915,0.985,1.01,0.33019,0.66981,R,0.26905,0.30887,0.07672,0.06263,0.01249,0.01724,0.05478,0.04628,0.10297,0.09605,0.04578,0.0363,0.00174,0.00242,0.00869,0.00756,0.42777,0.42265
670042,Luke Raley,SEA,32,287.0,1439.0,575,,projected,unmodeled,,287.0,2026.0,0.30031,0.06753,0.04075,0.00497,0.04883,0.00494,0.03446,0.11263,0.38558,0.03045,0.01419,0.00507,0.0018,0.00582,0.00067,0.00338,0.00639,0.00817,0.02446,0.01902,0.00544,0.00433,0.00343,0.11071,0.77755,0.22091,206.83421343749998,21.575231249999998,28.6,0.11368,0.11537,0.00932,0.00938,0.11676,0.11849,0.97362,136.0,5.0,925.4856949999999,925.4856949999999,0.32433,0.06618,0.04075,0.04834,0.10757,0.03187,0.00346,0.00497,0.37253,0.21534,0.29816,0.27724,0.21534,0.27724,0.02375,0.01846,0.00528,0.21449,136.0,0.98,0.91,0.85,0.4,0.96,1.16,0.99,0.955,0.925,0.7,0.98,1.08,0.16968,0.83032,L,0.27643,0.30518,0.0695,0.06712,0.01637,0.04573,0.03058,0.05256,0.12075,0.11098,0.03321,0.03471,0.0036,0.00521,0.00473,0.00502,0.44482,0.37348
660670,Ronald Acuña Jr.,ATL,29,469.0,2371.0,536,,projected,unmodeled,,469.0,2026.0,0.2034,0.12021,0.01261,0.0039,0.04877,0.00317,0.04198,0.13277,0.43319,0.02173,0.01494,0.00225,0.00126,0.00651,0.00034,0.0045,0.00775,0.00971,0.06212,0.04883,0.01329,0.00514,0.0043,0.23388,0.78603,0.26559,427.81492375,106.70613124999997,27.1,0.1464,0.10424,0.00873,0.00755,0.14536,0.1035,1.00717,144.0,2.0,1452.8252753124998,1452.8252753124998,0.20543,0.11841,0.01261,0.04877,0.13609,0.04093,0.0029,0.0039,0.43096,0.26436,0.35971,0.29453,0.26436,0.29453,0.06247,0.0491,0.01337,0.26711,144.0,1.0,1.05,0.95,0.83,0.97,1.02,1.0,1.025,0.975,0.915,0.985,1.01,0.28703,0.71297,R,0.2216,0.19607,0.1387,0.11277,0.00786,0.01452,0.04103,0.05188,0.11546,0.13974,0.04402,0.04115,0.00296,0.00326,0.0033,0.00414,0.42508,0.43646
621550,Patrick Wisdom,SEA,35,50.0,1060.0,300,,projected,unmodeled,,50.0,2026.0,0.33469,0.08748,0.01394,0.00399,0.04874,0.00182,0.0372,0.08389,0.38824,0.03955,0.02016,0.00347,0.00187,0.00766,0.00023,0.00548,0.0079,0.01106,0.02153,0.01676,0.00477,0.00492,0.00388,0.11619,0.77832,0.18532,95.582106875,11.527126249999998,27.8,0.11489,0.12151,0.01152,0.0118,0.11801,0.12481,0.97362,136.0,4.0,543.9422743749999,543.9422743749999,0.36146,0.08573,0.01394,0.04825,0.08012,0.03441,0.00127,0.00399,0.37082,0.18302,0.26373,0.23797,0.18302,0.23797,0.02089,0.01626,0.00463,0.1798,136.0,0.98,0.91,0.85,0.4,0.96,1.16,0.99,0.955,0.925,0.7,0.98,1.08,0.42217,0.57783,R,0.34195,0.32938,0.07724,0.09497,0.01657,0.01202,0.04884,0.04866,0.09579,0.07521,0.034,0.03954,0.00217,0.00156,0.00386,0.00409,0.37958,0.39458
800325,Luis Lara,MIL,22,212.0,212.0,450,,projected,unmodeled,,212.0,2026.0,0.21912,0.08482,0.00649,0.00874,0.0486,0.00367,0.04975,0.11361,0.4652,0.05256,0.03014,0.00469,0.00544,0.00687,0.00068,0.0054,0.00744,0.01048,0.02061,0.01599,0.00462,0.00627,0.0049,0.10059,0.7759,0.20492,46.75,4.25,28.4,0.12437,0.12363,0.01806,0.01802,0.11087,0.11021,1.12178,158.0,5.0,180.2,180.2,0.23117,0.08736,0.00649,0.04932,0.11134,0.04676,0.0034,0.00874,0.45541,0.23493,0.30468,0.26179,0.23493,0.26179,0.02064,0.01602,0.00463,0.2052,158.0,1.03,0.96,0.88,0.85,1.06,1.11,1.015,0.98,0.94,0.925,1.03,1.055,0.30097,0.69903,S,0.19734,0.22849,0.07413,0.08942,0.00598,0.00671,0.04927,0.04831,0.11209,0.11427,0.05204,0.04876,0.0039,0.00357,0.0066,0.00967,0.49867,0.45079
693307,Dillon Dingler,DET,28,607.0,1163.0,682,,projected,unmodeled,,607.0,2026.0,0.2364,0.05537,0.02003,0.00527,0.04841,0.00227,0.05349,0.14202,0.43674,0.02846,0.01304,0.00397,0.00205,0.00567,0.0002,0.00457,0.00714,0.00889,0.00454,0.00354,0.001,0.00197,0.00154,0.02088,0.77964,0.21742,198.00962499999997,0.0,27.3,0.11181,0.13269,0.00949,0.01021,0.11137,0.13217,1.00391,116.0,4.0,908.2313749999998,908.2313749999998,0.23404,0.05509,0.02003,0.04865,0.14131,0.05189,0.00283,0.00527,0.44088,0.26608,0.31981,0.30779,0.26608,0.30779,0.00452,0.00352,0.001,0.21644,116.0,1.01,0.99,0.94,1.5,0.99,0.98,1.005,0.995,0.97,1.25,0.995,0.99,0.28467,0.71533,R,0.25198,0.2302,0.06617,0.05107,0.00957,0.02419,0.03825,0.05246,0.13406,0.1452,0.06405,0.04929,0.00221,0.00229,0.00718,0.00451,0.42653,0.4408
643217,Andrew Benintendi,CWS,32,468.0,2602.0,883,,projected,unmodeled,,470.0,2025.0,0.18463,0.08517,0.00406,0.00878,0.04835,0.00348,0.04448,0.12954,0.49151,0.01994,0.01221,0.00123,0.0018,0.00524,0.00029,0.0036,0.00656,0.00833,0.01057,0.00825,0.00232,0.00225,0.00178,0.04831,0.78066,0.21877,386.11984718749994,17.3539771875,26.5,0.11227,0.11943,0.00704,0.00723,0.12306,0.1309,0.91233,145.0,4.0,1613.2845990624999,1613.2845990624999,0.18278,0.08644,0.00406,0.04787,0.12889,0.04337,0.00294,0.00878,0.49486,0.24766,0.31358,0.26147,0.24766,0.26147,0.0106,0.00827,0.00232,0.2194,145.0,0.98,0.99,0.95,0.69,1.03,0.98,0.99,0.995,0.975,0.845,1.015,0.99,0.19157,0.80843,L,0.21375,0.17773,0.06784,0.08927,0.00678,0.00342,0.04856,0.0483,0.13532,0.12817,0.03791,0.04604,0.00439,0.00327,0.00645,0.00933,0.47901,0.49447
553993,Eugenio Suárez,CIN,35,498.0,3118.0,993,,projected,unmodeled,,657.0,2025.0,0.30226,0.09099,0.0181,0.01174,0.04827,0.0013,0.04042,0.09778,0.38913,0.02167,0.01155,0.00236,0.0019,0.0044,0.00012,0.00308,0.00457,0.00621,0.00507,0.00393,0.00114,0.00147,0.00115,0.02449,0.77587,0.20688,424.8117887499999,8.720893749999998,26.2,0.11044,0.13943,0.00664,0.00733,0.11494,0.14512,0.96083,113.0,4.0,1932.3854790624998,1932.3854790624998,0.30831,0.09554,0.0181,0.05141,0.09534,0.04001,0.00118,0.01174,0.37837,0.21488,0.30158,0.26515,0.21488,0.26515,0.00512,0.00397,0.00115,0.20898,113.0,1.13,0.95,0.98,0.81,1.1,1.04,1.065,0.975,0.99,0.905,1.05,1.02,0.2802,0.7198,R,0.30977,0.29934,0.12406,0.07811,0.00984,0.02132,0.04403,0.04993,0.09402,0.09925,0.03692,0.04177,0.00149,0.00122,0.011,0.01203,0.36887,0.39701
641933,Tyler O'Neill,BAL,32,260.0,1591.0,557,,projected,unmodeled,,260.0,2026.0,0.27879,0.10393,0.01011,0.00751,0.04812,0.00196,0.03916,0.09138,0.41903,0.02914,0.01688,0.00245,0.00211,0.00573,0.00018,0.00402,0.00586,0.00829,0.01727,0.01362,0.00365,0.00345,0.00276,0.08406,0.78852,0.20542,223.20751374999998,16.793226875,28.0,0.1265,0.1138,0.00975,0.00932,0.12556,0.11294,1.00754,110.0,3.0,971.2764221874999,971.2764221874999,0.27879,0.10133,0.01011,0.05029,0.09229,0.03897,0.00203,0.00751,0.41867,0.20837,0.29503,0.2415,0.20837,0.2415,0.01713,0.0135,0.00362,0.20374,110.0,1.09,1.02,0.99,1.08,0.95,1.0,1.045,1.01,0.995,1.04,0.975,1.0,0.34151,0.65849,R,0.26117,0.28794,0.11686,0.09722,0.00827,0.01106,0.06476,0.03949,0.08771,0.09329,0.04244,0.03747,0.00174,0.00207,0.00682,0.00787,0.41024,0.42359
666160,Mickey Moniak,COL,29,436.0,1750.0,754,,projected,unmodeled,,461.0,2025.0,0.27551,0.04882,0.00759,0.00631,0.04783,0.01001,0.04692,0.11332,0.44368,0.02658,0.01091,0.00203,0.00185,0.00538,0.00105,0.0037,0.00612,0.00832,0.01864,0.01436,0.00427,0.00326,0.00256,0.10981,0.77068,0.16974,215.41792249999997,22.881261562499994,28.1,0.12059,0.13491,0.00849,0.00891,0.12753,0.14267,0.9456,115.0,4.0,1178.67976375,1178.67976375,0.26174,0.04785,0.00759,0.04974,0.12182,0.05232,0.01571,0.00631,0.43692,0.25536,0.29503,0.3029,0.25536,0.3029,0.01947,0.015,0.00446,0.17726,115.0,1.08,1.15,1.23,2.14,0.96,0.9,1.04,1.075,1.115,1.57,0.98,0.95,0.1571,0.8429,L,0.29814,0.27129,0.05309,0.04803,0.01305,0.00658,0.02993,0.05117,0.11972,0.11213,0.03593,0.04897,0.00608,0.01074,0.00818,0.00597,0.43588,0.44513
664023,Ian Happ,CHC,32,636.0,3288.0,991,,projected,unmodeled,,663.0,2025.0,0.2496,0.12301,0.00828,0.00551,0.04778,0.00412,0.04205,0.10905,0.41059,0.01977,0.01277,0.00156,0.00128,0.00442,0.00045,0.00296,0.00487,0.00654,0.01775,0.01384,0.00391,0.00263,0.0021,0.07386,0.77981,0.24035,522.3369956249999,34.606650312499994,28.0,0.13347,0.12162,0.00758,0.00728,0.12032,0.10964,1.10928,112.0,5.0,2068.2190490625,2068.2190490625,0.25085,0.12424,0.00828,0.04921,0.10796,0.03806,0.00455,0.00551,0.41133,0.23178,0.33231,0.26797,0.23178,0.26797,0.01776,0.01385,0.00391,0.24049,112.0,1.06,0.98,0.81,1.21,1.02,1.01,1.03,0.99,0.905,1.105,1.01,1.005,0.25,0.75,S,0.2654,0.24434,0.08542,0.13554,0.01057,0.00752,0.04093,0.05006,0.11685,0.10645,0.03536,0.04429,0.00326,0.00441,0.00416,0.00596,0.43805,0.40144
672960,Kazuma Okamoto,TOR,31,636.0,636.0,160,,projected,unmodeled,,636.0,2026.0,0.27762,0.0915,0.00963,0.00496,0.04773,0.00083,0.03458,0.11579,0.41735,0.03763,0.02063,0.00365,0.00262,0.01072,0.00013,0.00649,0.01329,0.01647,0.00778,0.00605,0.00173,0.00312,0.00244,0.03588,0.77728,0.21692,117.3,1.7,26.4,0.133,0.14552,0.01232,0.01279,0.13603,0.14883,0.97775,141.0,4.0,540.6,540.6,0.27485,0.0915,0.00963,0.04893,0.11579,0.03527,0.0007,0.00496,0.41837,0.2245,0.30182,0.26618,0.2245,0.26618,0.00778,0.00605,0.00173,0.21692,141.0,1.05,1.0,1.04,0.68,1.0,0.98,1.025,1.0,1.02,0.84,1.0,0.99,0.26316,0.73684,R,0.24285,0.29005,0.09796,0.0892,0.01065,0.00926,0.04682,0.04806,0.11548,0.1159,0.04147,0.03211,0.00104,0.00075,0.00398,0.00531,0.43975,0.40935
666176,Jo Adell,CLE,28,660.0,2031.0,861,,projected,unmodeled,,660.0,2026.0,0.26658,0.05935,0.0189,0.005,0.04755,0.00312,0.03917,0.12895,0.43138,0.0242,0.01101,0.00296,0.00153,0.00509,0.00043,0.00328,0.00606,0.00764,0.02092,0.01615,0.00477,0.0034,0.00268,0.10096,0.77183,0.2072,288.01906281249995,27.122363125,28.3,0.10946,0.14174,0.00751,0.00838,0.11658,0.15096,0.93896,114.0,4.0,1410.7832765624999,1410.7832765624999,0.27325,0.05935,0.0189,0.04588,0.12895,0.03995,0.00252,0.005,0.42619,0.23704,0.29556,0.28685,0.23704,0.28685,0.02092,0.01615,0.00477,0.2072,114.0,0.93,1.0,1.04,0.62,1.0,1.05,0.965,1.0,1.02,0.81,1.0,1.025,0.23992,0.76008,R,0.2349,0.27658,0.06744,0.0568,0.01263,0.02088,0.06064,0.04342,0.14288,0.12455,0.04413,0.0376,0.00566,0.00231,0.0069,0.0044,0.42482,0.43345
664040,Brandon Lowe,PIT,32,656.0,2336.0,817,,projected,unmodeled,,656.0,2026.0,0.26961,0.08833,0.00823,0.00809,0.04714,0.00372,0.0456,0.11666,0.41261,0.02314,0.0126,0.00184,0.00182,0.00497,0.0004,0.00359,0.00581,0.0077,0.00946,0.00741,0.00205,0.00219,0.00173,0.04437,0.78352,0.21323,353.39951687499996,13.094999062499998,27.0,0.12691,0.13051,0.00765,0.00774,0.13494,0.13877,0.9405,134.0,3.0,1563.7659631249999,1563.7659631249999,0.26826,0.08789,0.00823,0.04314,0.11841,0.04947,0.0032,0.00809,0.4133,0.23914,0.31035,0.29276,0.23914,0.29276,0.00952,0.00746,0.00206,0.21453,134.0,0.83,1.03,1.17,0.72,0.99,0.99,0.915,1.015,1.085,0.86,0.995,0.995,0.26281,0.73719,L,0.3099,0.25524,0.06292,0.0974,0.00971,0.00771,0.03522,0.05139,0.12097,0.11512,0.03847,0.04814,0.00308,0.00395,0.01027,0.00732,0.40946,0.41373
669127,Shea Langeliers,OAK,29,467.0,2167.0,931,,projected,unmodeled,,523.0,2025.0,0.2467,0.07393,0.00752,0.00737,0.04693,0.0027,0.05193,0.12699,0.43593,0.02347,0.01213,0.00182,0.0018,0.00486,0.00022,0.00385,0.00582,0.00746,0.01391,0.01082,0.00309,0.00282,0.00223,0.06673,0.77762,0.20844,289.53838468749996,15.474781249999998,28.4,0.12352,0.1383,0.00799,0.00838,0.12811,0.14344,0.9642,133.0,4.0,1426.4302253125,1426.4302253125,0.2356,0.07799,0.00752,0.05515,0.13143,0.05608,0.00226,0.00737,0.4266,0.26999,0.33043,0.30788,0.26999,0.30788,0.01448,0.01126,0.00322,0.21695,133.0,1.35,1.07,1.16,0.67,1.11,0.91,1.175,1.035,1.08,0.835,1.055,0.955,0.26218,0.73782,R,0.23943,0.24929,0.07354,0.07407,0.00597,0.00807,0.04941,0.04605,0.1501,0.11878,0.05036,0.05248,0.003,0.0026,0.00669,0.00761,0.42149,0.44106
700932,Kyle Manzardo,CLE,26,356.0,1043.0,651,,projected,unmodeled,,531.0,2025.0,0.27426,0.08987,0.01415,0.00762,0.04667,0.00386,0.03759,0.11234,0.41363,0.03195,0.01744,0.00352,0.00259,0.00527,0.00065,0.00351,0.00651,0.00824,0.0043,0.00336,0.00094,0.00202,0.00158,0.01989,0.78122,0.21637,174.08637499999998,1.4449999999999998,25.4,0.10021,0.11854,0.00925,0.00995,0.10673,0.12625,0.93896,114.0,5.0,782.0509999999999,782.0509999999999,0.28112,0.08987,0.01415,0.04503,0.11234,0.03834,0.00313,0.00762,0.40839,0.22384,0.30288,0.2736,0.22384,0.2736,0.0043,0.00336,0.00094,0.21637,114.0,0.93,1.0,1.04,0.62,1.0,1.05,0.965,1.0,1.02,0.81,1.0,1.025,0.19308,0.80692,L,0.25235,0.2795,0.09279,0.08918,0.01376,0.01425,0.03533,0.04938,0.11626,0.11141,0.03654,0.03784,0.00479,0.00364,0.00852,0.0074,0.43965,0.4074
805904,Zach Cole,HOU,26,53.0,105.0,300,,projected,unmodeled,,53.0,2026.0,0.29896,0.0708,0.01024,0.00299,0.04641,0.00651,0.04007,0.10278,0.42124,0.07206,0.03437,0.00738,0.004,0.00832,0.00134,0.00557,0.00846,0.012,0.02125,0.01662,0.00463,0.0074,0.00582,0.1156,0.782,0.18382,13.0475,2.1674999999999995,28.0,0.11977,0.13355,0.01933,0.02025,0.1196,0.13337,1.0014,117.0,4.0,82.61999999999999,82.61999999999999,0.30943,0.07115,0.01024,0.04943,0.10124,0.03926,0.00595,0.00299,0.4103,0.21394,0.27728,0.26305,0.21394,0.26305,0.02111,0.01651,0.0046,0.18264,117.0,1.13,0.97,0.96,0.83,1.01,1.07,1.065,0.985,0.98,0.915,1.005,1.035,0.22623,0.77377,L,0.3102,0.29568,0.07273,0.07023,0.00937,0.0105,0.04909,0.04563,0.08477,0.10805,0.03949,0.04023,0.01063,0.0053,0.0017,0.00337,0.42201,0.42102
593934,Miguel Sanó,LAA,34,95.0,166.0,150,,floor,floor,1.0,0.0,,0.29233,0.09474,0.01583,0.01038,0.04629,0.00122,0.03579,0.11074,0.39267,0.07021,0.03849,0.00794,0.00645,0.01242,0.00029,0.00759,0.01283,0.01657,0.01519,0.01185,0.00334,0.00667,0.00522,0.06863,0.78013,0.22132,20.336749374999997,0.44370531249999995,25.8,0.09496,0.08815,0.01634,0.01581,0.10436,0.09687,0.90997,108.0,6.0,89.84495218749998,89.84495218749998,0.3011,0.09427,0.01583,0.04629,0.11074,0.03401,0.00113,0.01038,0.38625,0.21849,0.30227,0.27413,0.21849,0.27413,0.01516,0.01182,0.00333,0.22084,108.0,1.0,1.0,0.9,0.85,0.99,1.06,1.0,1.0,0.95,0.925,0.995,1.03,0.24746,0.75254,R,0.24889,0.30661,0.09781,0.09373,0.01464,0.01623,0.04214,0.04766,0.11712,0.10864,0.03853,0.0349,0.00127,0.0012,0.00853,0.01099,0.43106,0.38004
681297,Colton Cowser,BAL,27,392.0,1390.0,684,,projected,unmodeled,,392.0,2026.0,0.31051,0.09814,0.01149,0.00514,0.04627,0.00529,0.03982,0.1007,0.38264,0.02998,0.01641,0.00278,0.00186,0.00519,0.00059,0.00357,0.00543,0.00741,0.02828,0.02216,0.00613,0.00434,0.00348,0.13446,0.78341,0.21033,223.91974999999996,30.520631249999994,28.1,0.11665,0.10934,0.00939,0.00913,0.11577,0.10852,1.00754,110.0,5.0,978.01860625,978.01860625,0.31051,0.09568,0.01149,0.04835,0.10171,0.03962,0.00551,0.00514,0.38199,0.21988,0.30236,0.27766,0.21988,0.27766,0.02809,0.022,0.00608,0.20888,110.0,1.09,1.02,0.99,1.08,0.95,1.0,1.045,1.01,0.995,1.04,0.975,1.0,0.23463,0.76537,L,0.33395,0.30333,0.07066,0.10656,0.01646,0.00997,0.04156,0.04771,0.10658,0.0989,0.03399,0.04161,0.00678,0.00484,0.00616,0.00483,0.38388,0.38225
669722,Logan Davidson,LAA,29,47.0,47.0,150,,projected,unmodeled,,47.0,2025.0,0.2851,0.07938,0.00705,0.00435,0.04617,0.00252,0.04045,0.10861,0.42637,0.08297,0.04229,0.00739,0.00582,0.01152,0.00078,0.00782,0.0116,0.01623,0.01722,0.01342,0.00379,0.00746,0.00584,0.08828,0.77964,0.19504,5.057499999999999,0.0,27.2,0.10086,0.10001,0.01868,0.01861,0.11083,0.10991,0.90997,108.0,5.0,33.957499999999996,33.957499999999996,0.29365,0.07898,0.00705,0.04617,0.10861,0.03842,0.00233,0.00435,0.42042,0.21496,0.28157,0.26213,0.21496,0.26213,0.01718,0.0134,0.00379,0.19464,108.0,1.0,1.0,0.9,0.85,0.99,1.06,1.0,1.0,0.95,0.925,0.995,1.03,0.24291,0.75709,S,0.27964,0.28685,0.07931,0.0794,0.00521,0.00764,0.06244,0.04096,0.09614,0.11261,0.0399,0.04062,0.00194,0.0027,0.00317,0.00473,0.43224,0.42449
642727,Sergio Alcántara,SF,30,4.0,228.0,150,,floor,floor,1.0,4.0,2025.0,0.2424,0.06818,0.00615,0.01478,0.04586,0.00253,0.03947,0.12364,0.45699,0.06409,0.03209,0.00445,0.00687,0.01159,0.00045,0.00675,0.01331,0.01724,0.01759,0.01366,0.00393,0.00678,0.00529,0.08883,0.77669,0.19797,19.0793284375,1.3311159375,,0.12959,0.1308,0.02058,0.02066,0.11695,0.11804,1.10811,109.0,5.0,99.38998999999998,99.38998999999998,0.23028,0.06784,0.00615,0.04426,0.1255,0.04144,0.00388,0.01478,0.46588,0.23602,0.28906,0.26828,0.23602,0.26828,0.01772,0.01376,0.00396,0.19948,109.0,0.93,1.03,1.1,2.07,0.99,0.9,0.965,1.015,1.05,1.535,0.995,0.95,0.26471,0.73529,S,0.24101,0.2429,0.07383,0.06614,0.00601,0.0062,0.04662,0.04559,0.12605,0.12278,0.04048,0.0391,0.00226,0.00262,0.01074,0.01624,0.45301,0.45842
679631,Terrin Vavra,BAL,30,1.0,160.0,150,,floor,floor,1.0,1.0,2025.0,0.21059,0.09337,0.00373,0.01064,0.04581,0.00186,0.02426,0.14407,0.46569,0.06543,0.03975,0.00393,0.00661,0.01238,0.00037,0.00473,0.01493,0.01802,0.01916,0.01492,0.00424,0.00765,0.00598,0.07946,0.77849,0.24116,22.628970937499997,0.9657115624999999,,0.12591,0.11184,0.02009,0.01909,0.12497,0.11101,1.00754,110.0,3.0,74.93399718749998,74.93399718749998,0.21059,0.09103,0.00373,0.04787,0.14551,0.02414,0.00193,0.01064,0.46457,0.2453,0.31421,0.26971,0.2453,0.26971,0.01909,0.01486,0.00423,0.24027,110.0,1.09,1.02,0.99,1.08,0.95,1.0,1.045,1.01,0.995,1.04,0.975,1.0,0.25871,0.74129,L,0.20829,0.21139,0.09575,0.09254,0.00179,0.00441,0.06966,0.03749,0.13665,0.14665,0.01744,0.02664,0.00099,0.00216,0.01323,0.00973,0.45619,0.469
665839,Enmanuel Valdez,PIT,28,102.0,474.0,310,,projected,unmodeled,,102.0,2025.0,0.22068,0.07989,0.00342,0.00822,0.04581,0.0019,0.03978,0.13007,0.47023,0.04476,0.02491,0.00248,0.00383,0.00818,0.0003,0.0052,0.01063,0.01341,0.01708,0.0133,0.00378,0.00556,0.00436,0.08006,0.77878,0.21338,58.39244999999999,4.360287499999999,26.1,0.09983,0.11407,0.01311,0.01389,0.10614,0.12128,0.9405,134.0,5.0,288.42380625,288.42380625,0.21958,0.07949,0.00342,0.04192,0.13203,0.04316,0.00163,0.00822,0.47056,0.24067,0.30164,0.27313,0.24067,0.27313,0.01721,0.0134,0.00381,0.21493,134.0,0.83,1.03,1.17,0.72,0.99,0.99,0.915,1.015,1.085,0.86,0.995,0.995,0.18857,0.81143,L,0.22393,0.21993,0.08273,0.07923,0.005,0.00305,0.03905,0.04738,0.13088,0.12989,0.03587,0.04069,0.00157,0.00198,0.00683,0.00854,0.47414,0.46932
691406,Junior Caminero,TB,23,702.0,1568.0,847,,projected,unmodeled,,702.0,2026.0,0.19273,0.08722,0.0054,0.0064,0.04577,0.00111,0.04496,0.14285,0.47355,0.02331,0.01419,0.0018,0.00196,0.00513,0.00011,0.00398,0.00634,0.00811,0.01179,0.00916,0.00263,0.00283,0.00223,0.05005,0.77679,0.23547,278.073675,12.108249999999998,26.7,0.12922,0.14006,0.00877,0.00907,0.13461,0.14591,0.95991,139.0,4.0,1195.9848499999998,1195.9848499999998,0.19562,0.08286,0.0054,0.04692,0.14071,0.04429,0.00114,0.0064,0.47667,0.25742,0.32131,0.28083,0.25742,0.28083,0.01146,0.0089,0.00256,0.22897,139.0,1.05,0.97,0.97,1.04,0.9,1.03,1.025,0.985,0.985,1.02,0.95,1.015,0.27021,0.72979,R,0.16331,0.20362,0.11876,0.07555,0.0059,0.00521,0.036,0.04939,0.1497,0.14031,0.04345,0.04552,0.00104,0.00114,0.0066,0.00633,0.47525,0.47292
701398,Sal Stewart,CIN,23,700.0,758.0,344,,projected,unmodeled,,700.0,2026.0,0.22375,0.0871,0.00584,0.01259,0.0456,0.00184,0.04785,0.12757,0.44786,0.03266,0.01881,0.00263,0.00385,0.00767,0.00026,0.00583,0.00927,0.01172,0.02565,0.01971,0.00594,0.00493,0.00386,0.11632,0.76829,0.22051,155.8475,19.55,26.6,0.12883,0.15072,0.01132,0.01208,0.13408,0.15686,0.96083,113.0,4.0,636.905,636.905,0.22823,0.09145,0.00584,0.04856,0.12438,0.04737,0.00166,0.01259,0.43991,0.24938,0.31927,0.28274,0.24938,0.28274,0.02578,0.01981,0.00597,0.22168,113.0,1.13,0.95,0.98,0.81,1.1,1.04,1.065,0.975,0.99,0.905,1.05,1.02,0.25261,0.74739,R,0.23772,0.21903,0.10474,0.08114,0.00658,0.00559,0.0391,0.0478,0.12969,0.12685,0.04678,0.04821,0.00241,0.00164,0.00769,0.01425,0.42528,0.45549
682985,Riley Greene,DET,26,592.0,2665.0,994,,projected,unmodeled,,655.0,2025.0,0.27726,0.09555,0.00688,0.00639,0.04556,0.00378,0.05259,0.11982,0.39216,0.02221,0.01242,0.00158,0.00152,0.00429,0.00038,0.00361,0.00522,0.00672,0.00872,0.00675,0.00197,0.00196,0.00154,0.03922,0.77386,0.22225,433.4639121874999,15.124820312499997,26.6,0.13305,0.13229,0.00773,0.00771,0.13253,0.13178,1.00391,116.0,3.0,1737.7099206249998,1737.7099206249998,0.27449,0.09508,0.00688,0.04578,0.11922,0.05101,0.00473,0.00639,0.39642,0.24757,0.3227,0.3062,0.24757,0.3062,0.00868,0.00671,0.00196,0.22118,116.0,1.01,0.99,0.94,1.5,0.99,0.98,1.005,0.995,0.97,1.25,0.995,0.99,0.28951,0.71049,L,0.27892,0.27658,0.09353,0.09638,0.00817,0.00636,0.03074,0.05159,0.11317,0.12253,0.05252,0.05261,0.00444,0.00352,0.00481,0.00704,0.4137,0.38339
691728,Zac Veen,COL,25,79.0,116.0,150,,projected,unmodeled,,79.0,2026.0,0.30308,0.08181,0.01477,0.00282,0.04556,0.00472,0.0379,0.09793,0.4114,0.07021,0.03564,0.00859,0.00378,0.01057,0.00104,0.00672,0.0095,0.01442,0.02408,0.01877,0.00531,0.00777,0.00609,0.12381,0.7795,0.19451,18.0625,3.1449999999999996,28.4,0.10518,0.11271,0.01734,0.01787,0.11123,0.1192,0.9456,115.0,5.0,93.8825,93.8825,0.28792,0.08017,0.01477,0.04739,0.10528,0.04226,0.00741,0.00282,0.41197,0.22426,0.29728,0.27332,0.22426,0.27332,0.02479,0.01932,0.00547,0.20022,115.0,1.08,1.15,1.23,2.14,0.96,0.9,1.04,1.075,1.115,1.57,0.98,0.95,0.23101,0.76899,L,0.30975,0.30107,0.08157,0.08188,0.01613,0.01436,0.05647,0.04229,0.07735,0.10411,0.03463,0.03889,0.00476,0.00471,0.00155,0.0032,0.41778,0.40948
575929,Willson Contreras,BOS,35,535.0,2438.0,725,,projected,unmodeled,,563.0,2025.0,0.24292,0.09942,0.03848,0.00459,0.04546,0.00146,0.03973,0.1314,0.39654,0.02242,0.01331,0.00383,0.00135,0.00531,0.00017,0.00371,0.00643,0.00792,0.01454,0.01121,0.00333,0.00281,0.0022,0.054,0.77072,0.26931,419.9280659375,19.865913125,27.3,0.13374,0.14089,0.00824,0.00843,0.13038,0.13735,1.02577,111.0,4.0,1555.8518309375,1555.8518309375,0.23928,0.09843,0.03848,0.0425,0.13469,0.0437,0.00138,0.00459,0.39695,0.25891,0.35918,0.31171,0.25891,0.31171,0.01467,0.0113,0.00336,0.2716,111.0,0.87,1.05,1.2,0.89,0.98,0.97,0.935,1.025,1.1,0.945,0.99,0.985,0.26147,0.73853,R,0.22331,0.24987,0.12092,0.09181,0.01948,0.04521,0.04668,0.04502,0.12373,0.13412,0.04559,0.03766,0.00223,0.00119,0.00462,0.00458,0.41345,0.39055
642133,Rowdy Tellez,ATL,32,11.0,1694.0,517,,projected,unmodeled,,312.0,2025.0,0.22839,0.08291,0.00614,0.00933,0.04523,0.00059,0.03421,0.12706,0.46615,0.02766,0.01546,0.00185,0.00228,0.00633,6e-05,0.00342,0.00799,0.00993,0.00276,0.00215,0.00061,0.00154,0.00121,0.01276,0.78035,0.21611,196.94853281249996,2.6677409374999996,23.5,0.09732,0.13302,0.00853,0.00976,0.10314,0.14097,0.94359,140.0,4.0,932.9703009374998,932.9703009374998,0.22953,0.08042,0.00614,0.04364,0.12451,0.03302,0.00054,0.00933,0.47287,0.2231,0.28827,0.25053,0.2231,0.25053,0.00269,0.0021,0.00059,0.21108,140.0,0.93,0.96,0.93,0.83,0.94,1.01,0.965,0.98,0.965,0.915,0.97,1.005,0.13136,0.86864,L,0.27178,0.22182,0.10635,0.07936,0.00834,0.00581,0.02978,0.04756,0.13086,0.12648,0.03009,0.03484,0.00086,0.00054,0.00609,0.00982,0.41585,0.47376
685301,Matt Gorski,PIT,29,42.0,42.0,150,,projected,unmodeled,,42.0,2025.0,0.25974,0.0705,0.00734,0.00453,0.04511,0.00294,0.02851,0.13229,0.44903,0.08169,0.0406,0.00769,0.00606,0.01244,0.00082,0.0056,0.01329,0.01737,0.02316,0.01799,0.00517,0.00893,0.00697,0.11023,0.77683,0.21012,4.334999999999999,0.7224999999999999,28.7,0.10369,0.10694,0.01941,0.01967,0.11025,0.1137,0.9405,134.0,5.0,30.344999999999995,30.344999999999995,0.25845,0.07014,0.00734,0.04128,0.13427,0.03094,0.00253,0.00453,0.45052,0.22769,0.2865,0.27131,0.22769,0.27131,0.02334,0.01813,0.00521,0.21175,134.0,0.83,1.03,1.17,0.72,0.99,0.99,0.915,1.015,1.085,0.86,0.995,0.995,0.30992,0.69008,R,0.25114,0.26361,0.07404,0.06891,0.00914,0.00653,0.03388,0.05016,0.13763,0.12989,0.03634,0.025,0.00407,0.00244,0.00574,0.00399,0.44801,0.44949
621311,David Dahl,PHI,33,62.0,71.0,150,,floor,floor,1.0,0.0,,0.25381,0.0722,0.00593,0.01028,0.04508,0.00319,0.02848,0.12751,0.45351,0.07747,0.03922,0.00623,0.00818,0.01111,0.00076,0.00492,0.01489,0.01781,0.0177,0.0138,0.0039,0.0077,0.00602,0.08609,0.77964,0.20564,6.141249999999999,0.0,27.1,0.11865,0.1192,0.02152,0.02156,0.11322,0.11374,1.04798,143.0,5.0,38.07574999999999,38.07574999999999,0.25888,0.0704,0.00593,0.04824,0.12879,0.0282,0.00325,0.01028,0.44603,0.22824,0.2848,0.2643,0.22824,0.2643,0.01766,0.01377,0.00389,0.20511,143.0,1.14,1.02,0.98,1.04,0.95,1.04,1.07,1.01,0.99,1.02,0.975,1.02,0.22901,0.77099,L,0.25275,0.25412,0.0693,0.07307,0.00382,0.00655,0.05511,0.0421,0.12046,0.12961,0.02082,0.03076,0.00299,0.00325,0.01448,0.00904,0.46028,0.4515
646240,Rafael Devers,SF,30,633.0,3233.0,988,,projected,unmodeled,,729.0,2025.0,0.23479,0.11343,0.00872,0.0062,0.04507,0.00198,0.04817,0.11746,0.42418,0.01945,0.01239,0.00162,0.00136,0.00424,0.00021,0.00328,0.00512,0.00678,0.00451,0.00352,0.00099,0.00138,0.00108,0.0188,0.7802,0.23961,507.8225656249999,8.194233749999999,26.1,0.13132,0.13982,0.00694,0.00712,0.1375,0.1464,0.95503,137.0,3.0,2048.7127868749994,2048.7127868749994,0.23009,0.1106,0.00872,0.04034,0.11863,0.04914,0.00239,0.0062,0.43389,0.24071,0.32981,0.2817,0.24071,0.2817,0.00447,0.00349,0.00098,0.23795,137.0,0.79,1.02,1.04,1.42,0.95,0.96,0.895,1.01,1.02,1.21,0.975,0.98,0.34027,0.65973,L,0.2657,0.21885,0.07537,0.13306,0.01467,0.00565,0.03081,0.05242,0.12173,0.11525,0.04111,0.05182,0.00238,0.00177,0.00476,0.00695,0.44347,0.41423
669717,Will Wilson,SEA,28,6.0,97.0,300,,projected,unmodeled,,91.0,2025.0,0.27926,0.08413,0.01071,0.00312,0.04503,0.00124,0.03001,0.11553,0.43096,0.07301,0.03845,0.00771,0.00418,0.00724,0.00016,0.00476,0.00925,0.01142,0.01916,0.01497,0.00419,0.00758,0.00595,0.09108,0.78122,0.21037,13.7275,1.4449999999999998,25.6,0.10344,0.08564,0.01803,0.01658,0.11017,0.09121,0.93896,114.0,6.0,65.74749999999999,65.74749999999999,0.28624,0.08413,0.01071,0.04346,0.11553,0.03061,0.00101,0.00312,0.42519,0.21131,0.28544,0.2571,0.21131,0.2571,0.01916,0.01497,0.00419,0.21037,114.0,0.93,1.0,1.04,0.62,1.0,1.05,0.965,1.0,1.02,0.81,1.0,1.025,0.3468,0.6532,R,0.28016,0.27879,0.08488,0.08373,0.01174,0.01016,0.0429,0.04616,0.11365,0.11653,0.03425,0.02777,0.00122,0.00125,0.00306,0.00316,0.42814,0.43245
665862,Jazz Chisholm Jr.,NYY,29,532.0,2308.0,954,,projected,unmodeled,,532.0,2026.0,0.27517,0.09446,0.00707,0.00651,0.045,0.00494,0.03361,0.11816,0.41507,0.02357,0.01314,0.00171,0.00165,0.0046,0.00049,0.00277,0.00518,0.00669,0.06922,0.05473,0.0145,0.00504,0.00428,0.31508,0.79058,0.2197,360.86128437499997,121.97689656249999,28.3,0.1392,0.13512,0.00885,0.00874,0.12548,0.1218,1.10936,147.0,3.0,1524.0804990625,1524.0804990625,0.28068,0.10107,0.00707,0.04905,0.11285,0.03277,0.0043,0.00651,0.4057,0.22473,0.30711,0.26982,0.22473,0.26982,0.06963,0.05505,0.01458,0.22099,147.0,1.18,0.91,0.95,0.74,1.14,1.04,1.09,0.955,0.975,0.87,1.07,1.02,0.30202,0.69798,L,0.27624,0.27471,0.07522,0.10278,0.01127,0.00526,0.03234,0.05048,0.12233,0.11636,0.03278,0.03397,0.00446,0.00515,0.00831,0.00573,0.43706,0.40555
694378,Jacob Gonzalez,PIT,25,227.0,227.0,300,,projected,unmodeled,,227.0,2026.0,0.20378,0.06372,0.01594,0.00506,0.04497,0.00187,0.04273,0.13727,0.48465,0.05006,0.02584,0.00714,0.00404,0.00931,0.0004,0.0065,0.01097,0.01413,0.01737,0.01351,0.00385,0.00624,0.00488,0.08005,0.77822,0.21694,39.1,2.55,26.5,0.09695,0.11383,0.01443,0.01547,0.10308,0.12103,0.9405,134.0,5.0,192.95,192.95,0.20276,0.0634,0.01594,0.04115,0.13933,0.04636,0.00161,0.00506,0.48439,0.24951,0.3078,0.27885,0.24951,0.27885,0.01751,0.01362,0.00388,0.21868,134.0,0.83,1.03,1.17,0.72,0.99,0.99,0.915,1.015,1.085,0.86,0.995,0.995,0.19906,0.80094,L,0.21026,0.20217,0.07895,0.05993,0.02606,0.01343,0.03648,0.04708,0.13533,0.13776,0.05465,0.03976,0.00221,0.00179,0.00501,0.00507,0.45103,0.49301
676466,Jack Winkler,MIA,28,16.0,16.0,300,,floor,floor,1.0,16.0,2025.0,0.22577,0.07589,0.00932,0.00576,0.0449,0.00168,0.03857,0.13334,0.46476,0.08419,0.0454,0.00976,0.00768,0.00925,0.0003,0.00645,0.01179,0.01429,0.0,0.0,0.0,3e-05,2e-05,0.0,0.7835,0.21855,0.0,0.0,,0.11514,0.10932,,,0.11598,0.11011,,,,,,0.22577,0.07589,0.00932,0.0449,0.13334,0.03857,0.00168,0.00576,0.46476,0.24036,0.30371,0.27194,0.24036,0.27194,0.0,0.0,0.0,0.21855,,1.0,1.0,1.0,1.0,1.0,1.0,1.0,1.0,1.0,1.0,1.0,1.0,0.30093,0.69907,R,0.22577,0.22577,0.07589,0.07589,0.00932,0.00932,0.0449,0.0449,0.13334,0.13334,0.03857,0.03857,0.00168,0.00168,0.00576,0.00576,0.46476,0.46476
691185,Maximo Acosta,MIA,24,61.0,61.0,150,,projected,unmodeled,,61.0,2025.0,0.24001,0.08885,0.01344,0.00392,0.04468,0.00429,0.02868,0.12995,0.44618,0.07568,0.04292,0.00966,0.00525,0.01168,0.00101,0.00644,0.01397,0.01708,0.02903,0.02249,0.00654,0.00991,0.00772,0.12499,0.77486,0.23224,10.114999999999998,2.1674999999999995,28.8,0.11301,0.10334,0.0198,0.01904,0.11779,0.10772,0.9594,146.0,5.0,44.0725,44.0725,0.23521,0.08974,0.01344,0.04177,0.1306,0.02911,0.00514,0.00392,0.45106,0.23142,0.30981,0.26766,0.23142,0.26766,0.02922,0.02264,0.00658,0.23378,146.0,0.87,1.01,1.03,1.4,1.02,0.96,0.935,1.005,1.015,1.2,1.01,0.98,0.27586,0.72414,R,0.24877,0.23667,0.08785,0.08924,0.01555,0.01264,0.03611,0.04794,0.13614,0.12759,0.02906,0.02854,0.00433,0.00427,0.00396,0.00391,0.43824,0.4492
694025,Felix Reyes,PHI,26,38.0,38.0,300,,projected,unmodeled,,38.0,2026.0,0.22635,0.06399,0.00759,0.00469,0.04455,0.00411,0.04664,0.1238,0.47829,0.07739,0.03853,0.00795,0.00626,0.00834,0.00084,0.00643,0.00903,0.01266,0.01885,0.0147,0.00415,0.00789,0.00618,0.09649,0.77964,0.19538,3.4,0.0,28.3,0.11432,0.10985,0.02144,0.02106,0.10909,0.10482,1.04798,143.0,6.0,32.3,32.3,0.23088,0.06239,0.00759,0.04767,0.12504,0.04617,0.0042,0.00469,0.47139,0.24107,0.29305,0.27119,0.24107,0.27119,0.01882,0.01467,0.00415,0.19502,143.0,1.14,1.02,0.98,1.04,0.95,1.04,1.07,1.01,0.99,1.02,0.975,1.02,0.30672,0.69328,R,0.22594,0.22653,0.07136,0.06073,0.00925,0.00685,0.03409,0.04918,0.13742,0.11777,0.0428,0.04833,0.00367,0.00431,0.00581,0.00419,0.46965,0.48211
669221,Sean Murphy,ATL,32,121.0,1772.0,506,,projected,unmodeled,,337.0,2025.0,0.24979,0.09932,0.02316,0.0057,0.0443,0.00059,0.0403,0.10427,0.43256,0.02765,0.01626,0.00349,0.00175,0.00592,5e-05,0.00424,0.00665,0.00888,0.00259,0.00202,0.00057,0.00143,0.00112,0.01142,0.78013,0.22675,235.03108812499997,0.44370531249999995,25.6,0.11009,0.11884,0.00904,0.00935,0.1093,0.11799,1.00717,144.0,5.0,1008.6478887499999,1008.6478887499999,0.25229,0.09783,0.02316,0.0443,0.10688,0.03929,0.00054,0.0057,0.43001,0.21873,0.31201,0.25439,0.21873,0.25439,0.0026,0.00203,0.00057,0.22787,144.0,1.0,1.05,0.95,0.83,0.97,1.02,1.0,1.025,0.975,0.915,0.985,1.01,0.29501,0.70499,R,0.26472,0.24355,0.11545,0.09257,0.02243,0.02347,0.04965,0.04207,0.09537,0.10799,0.03977,0.04053,0.00068,0.00056,0.00487,0.00604,0.40706,0.44324
805811,Bryce Eldridge,SF,22,448.0,485.0,300,,projected,unmodeled,,448.0,2026.0,0.26173,0.12546,0.00335,0.00806,0.0442,0.0024,0.03873,0.11247,0.40359,0.0415,0.02662,0.00243,0.00376,0.00811,0.00039,0.00545,0.00941,0.01215,0.00854,0.00664,0.0019,0.00351,0.00274,0.03539,0.77728,0.24129,111.0525,1.7,26.0,0.11077,0.12284,0.01241,0.01297,0.11599,0.12863,0.95503,137.0,4.0,407.5325,407.5325,0.2565,0.12232,0.00335,0.03956,0.1136,0.03951,0.0029,0.00806,0.4142,0.22576,0.32124,0.2736,0.22576,0.2736,0.00847,0.00658,0.00189,0.23927,137.0,0.79,1.02,1.04,1.42,0.95,0.96,0.895,1.01,1.02,1.21,0.975,0.98,0.28759,0.71241,L,0.25538,0.2643,0.1075,0.13271,0.00358,0.00326,0.0462,0.0434,0.12351,0.10802,0.03939,0.03847,0.00278,0.00224,0.00539,0.00914,0.41627,0.39847
693459,Kyler Fedko,MIN,27,19.0,19.0,150,,floor,floor,1.0,19.0,2026.0,0.25051,0.08753,0.00904,0.01569,0.04419,0.00246,0.04537,0.10997,0.43524,0.08552,0.04748,0.00947,0.01243,0.0116,0.0005,0.00802,0.01322,0.01752,0.0,0.0,0.0,3e-05,2e-05,0.0,0.7835,0.20654,0.0,0.0,,0.11514,0.10932,,,0.11598,0.11011,,,,,,0.25051,0.08753,0.00904,0.04419,0.10997,0.04537,0.00246,0.01569,0.43524,0.22754,0.29856,0.26609,0.22754,0.26609,0.0,0.0,0.0,0.20654,,1.0,1.0,1.0,1.0,1.0,1.0,1.0,1.0,1.0,1.0,1.0,1.0,0.28767,0.71233,R,0.25051,0.25051,0.08753,0.08753,0.00904,0.00904,0.04419,0.04419,0.10997,0.10997,0.04537,0.04537,0.00246,0.00246,0.01569,0.01569,0.43524,0.43524
572233,Christian Walker,HOU,36,635.0,3155.0,973,,projected,unmodeled,,640.0,2025.0,0.23112,0.08524,0.01481,0.00944,0.0441,0.00117,0.04354,0.12333,0.44726,0.01965,0.01108,0.00212,0.0017,0.00438,9e-05,0.00327,0.0056,0.00712,0.00658,0.00512,0.00145,0.0017,0.00134,0.02945,0.77887,0.22337,441.83687968749996,12.140889999999999,26.0,0.11793,0.13725,0.00691,0.00737,0.11776,0.13706,1.0014,117.0,4.0,1982.1445746874997,1982.1445746874997,0.23921,0.08566,0.01481,0.04696,0.12148,0.04267,0.00107,0.00944,0.4387,0.23838,0.31264,0.27357,0.23838,0.27357,0.00654,0.00509,0.00145,0.22194,117.0,1.13,0.97,0.96,0.83,1.01,1.07,1.065,0.985,0.98,0.915,1.005,1.035,0.24026,0.75974,R,0.22081,0.23438,0.10453,0.07913,0.01372,0.01515,0.03862,0.04583,0.12878,0.1216,0.04493,0.0431,0.00112,0.00118,0.0114,0.00883,0.43609,0.45079
691718,Pete Crow-Armstrong,CHC,25,726.0,1802.0,930,,projected,unmodeled,,726.0,2026.0,0.24689,0.07912,0.01482,0.01039,0.04407,0.0084,0.03888,0.11352,0.44391,0.02412,0.01285,0.00278,0.00234,0.00463,0.00098,0.00293,0.00534,0.00716,0.06031,0.04833,0.01198,0.0051,0.00432,0.29069,0.80143,0.20746,291.83475,90.29124999999999,29.5,0.14227,0.13759,0.00946,0.00933,0.12826,0.12404,1.10928,112.0,3.0,1336.3487499999999,1336.3487499999999,0.24813,0.07991,0.01482,0.04539,0.11238,0.03519,0.00928,0.01039,0.44451,0.226,0.29698,0.26083,0.226,0.26083,0.06021,0.04825,0.01196,0.20712,112.0,1.06,0.98,0.81,1.21,1.02,1.01,1.03,0.99,0.905,1.105,1.01,1.005,0.28341,0.71659,L,0.27341,0.2364,0.06688,0.08397,0.01903,0.01316,0.03389,0.0481,0.12246,0.10998,0.03209,0.04157,0.00726,0.00885,0.01228,0.00964,0.4327,0.44834
666018,Jonathan Aranda,TB,29,668.0,1423.0,592,,projected,unmodeled,,668.0,2026.0,0.24651,0.09927,0.01656,0.00902,0.04399,0.0014,0.04123,0.14308,0.39896,0.027,0.01595,0.00329,0.00244,0.00571,0.00012,0.00386,0.00766,0.00904,0.00361,0.00279,0.00083,0.00163,0.00126,0.01396,0.7708,0.25891,297.065745625,2.295,25.7,0.11652,0.12379,0.00886,0.00909,0.12139,0.12896,0.95991,139.0,4.0,1052.8838809375,1052.8838809375,0.2502,0.0943,0.01656,0.04509,0.14093,0.04061,0.00142,0.00902,0.40186,0.25911,0.33892,0.31285,0.25911,0.31285,0.00351,0.00271,0.00081,0.2518,139.0,1.05,0.97,0.97,1.04,0.9,1.03,1.025,0.985,0.985,1.02,0.95,1.015,0.25052,0.74948,L,0.26223,0.24125,0.10336,0.0979,0.01489,0.01712,0.02799,0.04933,0.14454,0.14259,0.03548,0.04315,0.00174,0.00128,0.0088,0.00909,0.40096,0.39829
691783,Jordan Lawlar,ARI,24,136.0,244.0,300,,projected,unmodeled,,136.0,2026.0,0.27883,0.06309,0.02745,0.00479,0.04397,0.00442,0.04537,0.10913,0.42294,0.05632,0.02599,0.00906,0.00383,0.00821,0.0007,0.00647,0.00905,0.01195,0.03152,0.02465,0.00687,0.00773,0.00611,0.15786,0.78198,0.19967,38.674043749999996,8.4390125,28.7,0.13066,0.1125,0.01817,0.01702,0.11791,0.10152,1.10811,109.0,5.0,186.8132125,186.8132125,0.26489,0.06278,0.02745,0.04243,0.11076,0.04764,0.00679,0.00479,0.43246,0.22942,0.29785,0.2764,0.22942,0.2764,0.03173,0.02481,0.00692,0.20099,109.0,0.93,1.03,1.1,2.07,0.99,0.9,0.965,1.015,1.05,1.535,0.995,0.95,0.36098,0.63902,R,0.25319,0.29332,0.07744,0.05498,0.01662,0.03358,0.04556,0.04308,0.10963,0.10884,0.05062,0.0424,0.00349,0.00495,0.00564,0.00432,0.4378,0.41454
641343,Jake Bauers,MIL,31,578.0,1414.0,492,,projected,unmodeled,,578.0,2026.0,0.28967,0.13553,0.00796,0.00506,0.04393,0.0035,0.04171,0.10436,0.36828,0.02905,0.01866,0.0023,0.00183,0.00586,0.00045,0.00446,0.00676,0.00877,0.02867,0.02231,0.00637,0.00444,0.00355,0.11569,0.77794,0.24786,268.14493125,32.16028125,26.9,0.14191,0.13618,0.01075,0.01056,0.1265,0.1214,1.12178,158.0,3.0,1003.2779499999999,1003.2779499999999,0.3056,0.1396,0.00796,0.04459,0.10227,0.03921,0.00324,0.00506,0.35248,0.2234,0.33687,0.29107,0.2234,0.29107,0.0289,0.02249,0.00642,0.24983,158.0,1.03,0.96,0.88,0.85,1.06,1.11,1.015,0.98,0.94,0.925,1.03,1.055,0.19672,0.80328,L,0.24008,0.30181,0.10823,0.14222,0.00881,0.00775,0.04105,0.04463,0.10941,0.10312,0.05245,0.03909,0.00438,0.00328,0.00554,0.00494,0.43004,0.35316
521692,Salvador Perez,KC,37,627.0,2973.0,1164,,projected,unmodeled,,641.0,2025.0,0.20497,0.04722,0.01864,0.00837,0.04393,0.00053,0.04866,0.12026,0.50741,0.01916,0.00857,0.00245,0.00165,0.00403,3e-05,0.00338,0.00522,0.00691,0.0,0.0,0.0,1e-05,1e-05,0.0,0.78057,0.18612,393.94796468749996,0.85,23.7,0.09228,0.14397,0.00615,0.00745,0.09632,0.15027,0.95808,118.0,4.0,1909.1182378124995,1909.1182378124995,0.1937,0.04722,0.01864,0.04152,0.12147,0.05304,0.0007,0.00837,0.51535,0.2341,0.28258,0.25372,0.2341,0.25372,0.0,0.0,0.0,0.18732,118.0,0.89,1.02,1.18,1.65,1.0,0.89,0.945,1.01,1.09,1.325,1.0,0.945,0.25,0.75,R,0.20598,0.20464,0.05434,0.04485,0.01875,0.0186,0.03436,0.04713,0.12783,0.11774,0.05365,0.047,0.00058,0.00051,0.00794,0.00851,0.49658,0.51102
656669,Jordan Luplow,MIN,33,90.0,324.0,150,,floor,floor,1.0,0.0,,0.25124,0.10296,0.01212,0.00384,0.04389,0.00157,0.03667,0.11747,0.43024,0.05825,0.03475,0.00544,0.00307,0.01069,0.00028,0.00744,0.01261,0.01659,0.02361,0.01845,0.00516,0.00767,0.00603,0.10154,0.78147,0.23254,33.826004999999995,3.706244375,,0.11548,0.10658,0.01706,0.01647,0.11554,0.10664,0.99946,142.0,5.0,150.80760562499998,150.80760562499998,0.24747,0.10193,0.01212,0.04258,0.11923,0.03924,0.00153,0.00384,0.43206,0.22965,0.31662,0.27024,0.22965,0.27024,0.02369,0.01851,0.00518,0.23327,142.0,0.94,1.03,1.14,0.95,0.98,0.97,0.97,1.015,1.07,0.975,0.99,0.985,0.26,0.74,R,0.26225,0.24737,0.11385,0.09913,0.00791,0.0136,0.05219,0.04098,0.11291,0.11907,0.03758,0.03636,0.0015,0.00159,0.00407,0.00377,0.40774,0.43814
666181,Will Benson,CIN,29,114.0,1145.0,511,,projected,unmodeled,,253.0,2025.0,0.31805,0.09844,0.00644,0.0078,0.0434,0.00814,0.04787,0.09035,0.37952,0.03466,0.01887,0.00229,0.00251,0.00574,0.00108,0.00439,0.00629,0.00877,0.03551,0.02745,0.00806,0.00529,0.00421,0.18189,0.7731,0.19523,152.46478687500002,30.199012499999995,28.8,0.11626,0.10654,0.01035,0.00996,0.121,0.11088,0.96083,113.0,5.0,716.7790803124999,716.7790803124999,0.32441,0.10336,0.00644,0.04622,0.08809,0.04739,0.00737,0.0078,0.36892,0.21426,0.29887,0.27912,0.21426,0.27912,0.036,0.02783,0.00817,0.19789,113.0,1.13,0.95,0.98,0.81,1.1,1.04,1.065,0.975,0.99,0.905,1.05,1.02,0.15183,0.84817,L,0.26332,0.32785,0.09715,0.09867,0.00827,0.00612,0.03537,0.04483,0.09279,0.08991,0.04505,0.04837,0.00444,0.0088,0.00879,0.00762,0.44483,0.36783
691620,Jeferson Quero,MIL,24,2.0,2.0,150,,floor,floor,1.0,2.0,2026.0,0.21924,0.09161,0.01092,0.00674,0.04335,0.00294,0.03912,0.12777,0.45832,0.08726,0.05179,0.0114,0.00898,0.01224,0.00072,0.00848,0.01462,0.018,0.0,0.0,0.0,3e-05,3e-05,0.0,0.7835,0.23029,0.0,0.0,,0.11514,0.10932,,,0.11598,0.11011,,,,,,0.21924,0.09161,0.01092,0.04335,0.12777,0.03912,0.00294,0.00674,0.45832,0.23933,0.3157,0.27036,0.23933,0.27036,0.0,0.0,0.0,0.23029,,1.0,1.0,1.0,1.0,1.0,1.0,1.0,1.0,1.0,1.0,1.0,1.0,0.26733,0.73267,R,0.21924,0.21924,0.09161,0.09161,0.01092,0.01092,0.04335,0.04335,0.12777,0.12777,0.03912,0.03912,0.00294,0.00294,0.00674,0.00674,0.45832,0.45832
678577,Junior Perez,CWS,25,36.0,36.0,150,,projected,unmodeled,,36.0,2026.0,0.26184,0.07133,0.00772,0.00477,0.04328,0.00167,0.02748,0.13495,0.44696,0.08183,0.04078,0.00809,0.00637,0.01182,0.00044,0.00608,0.01417,0.01783,0.02266,0.01759,0.00507,0.00901,0.00703,0.1059,0.77634,0.214,3.4,0.85,,0.10914,0.10837,0.0195,0.01944,0.11963,0.11878,0.91233,145.0,5.0,30.599999999999998,30.599999999999998,0.25922,0.0724,0.00772,0.04284,0.13428,0.02679,0.00141,0.00477,0.45056,0.22437,0.28545,0.26504,0.22437,0.26504,0.02271,0.01763,0.00508,0.2144,145.0,0.98,0.99,0.95,0.69,1.03,0.98,0.99,0.995,0.975,0.845,1.015,0.99,0.33475,0.66525,R,0.2545,0.26553,0.07241,0.07079,0.00914,0.007,0.03358,0.04816,0.13653,0.13416,0.03503,0.02368,0.00255,0.00122,0.00576,0.00427,0.4505,0.44518
608336,Joey Gallo,WSH,33,260.0,1002.0,150,,floor,floor,1.0,0.0,,0.3763,0.12689,0.00915,0.00236,0.04325,0.00426,0.03625,0.06998,0.33158,0.04156,0.0243,0.00289,0.00147,0.00956,0.00088,0.00671,0.00967,0.01417,0.01215,0.00947,0.00268,0.00388,0.00304,0.05899,0.77929,0.20601,106.72571312499997,4.831628437499999,26.5,0.10866,0.11027,0.01174,0.01181,0.10703,0.10862,1.01514,120.0,6.0,514.8977531249999,514.8977531249999,0.36501,0.12689,0.00915,0.04433,0.07138,0.03607,0.00409,0.00236,0.34074,0.18089,0.29189,0.24661,0.18089,0.24661,0.01223,0.00953,0.0027,0.20741,120.0,1.05,1.04,0.99,0.92,1.0,0.94,1.025,1.02,0.995,0.96,1.0,0.97,0.25217,0.74783,L,0.35681,0.38287,0.09312,0.13827,0.00967,0.00897,0.03181,0.0471,0.08389,0.06529,0.03979,0.03505,0.00371,0.00444,0.00258,0.00229,0.37862,0.31572
670242,Matt Wallner,MIN,29,135.0,1107.0,531,,projected,unmodeled,,392.0,2025.0,0.3183,0.1003,0.03782,0.00299,0.0432,0.00346,0.03482,0.08711,0.37199,0.03461,0.019,0.00553,0.00158,0.00555,0.00045,0.00365,0.00572,0.00812,0.0141,0.0109,0.0032,0.00372,0.0029,0.0626,0.77302,0.22523,165.45046000000002,9.759599062499998,26.0,0.11904,0.11788,0.01068,0.01063,0.11911,0.11794,0.99946,142.0,5.0,719.6870578124999,719.6870578124999,0.31353,0.0993,0.03782,0.0419,0.08841,0.03726,0.00338,0.00299,0.37541,0.19881,0.30807,0.25581,0.19881,0.25581,0.01412,0.01091,0.0032,0.22554,142.0,0.94,1.03,1.14,0.95,0.98,0.97,0.97,1.015,1.07,0.975,0.99,0.985,0.24291,0.75709,L,0.28381,0.32937,0.08805,0.10424,0.02275,0.04266,0.03055,0.04726,0.08869,0.0866,0.03848,0.03364,0.00306,0.00359,0.00288,0.00303,0.44172,0.34962
676724,Jared Young,NYM,31,342.0,458.0,450,,projected,unmodeled,,342.0,2026.0,0.212,0.07421,0.01653,0.00846,0.04319,0.0032,0.04774,0.12397,0.4707,0.04058,0.02215,0.00549,0.00395,0.00686,0.00039,0.00554,0.00803,0.01073,0.01588,0.01239,0.00349,0.00494,0.00388,0.07398,0.78027,0.21471,79.38904374999998,4.4440124999999995,27.5,0.13379,0.12163,0.01476,0.01417,0.13006,0.11824,1.02866,121.0,3.0,349.19179375,349.19179375,0.21518,0.07681,0.01653,0.04341,0.12149,0.04607,0.00286,0.00846,0.46919,0.23806,0.30716,0.26644,0.23806,0.26644,0.01589,0.0124,0.00349,0.21483,121.0,1.01,0.96,0.93,0.79,1.07,1.03,1.005,0.98,0.965,0.895,1.035,1.015,0.19694,0.80306,L,0.22785,0.20811,0.07105,0.07498,0.01724,0.01636,0.03047,0.04631,0.12854,0.12284,0.04845,0.04757,0.00278,0.0033,0.00627,0.009,0.46733,0.47153
691011,Drew Romo,CWS,25,206.0,262.0,300,,projected,unmodeled,,206.0,2026.0,0.24359,0.08616,0.01139,0.00454,0.04319,0.0028,0.05717,0.09819,0.45297,0.05187,0.02887,0.00573,0.00363,0.00803,0.0005,0.00749,0.00806,0.01263,0.01376,0.01071,0.00305,0.00541,0.00423,0.07031,0.77819,0.19574,35.513,1.464125,26.4,0.08883,0.0877,0.0134,0.01332,0.09737,0.09613,0.91233,145.0,7.0,207.64862499999998,207.64862499999998,0.24115,0.08745,0.01139,0.04276,0.0977,0.05574,0.00236,0.00454,0.4569,0.22146,0.29741,0.2543,0.22146,0.2543,0.01382,0.01075,0.00307,0.19655,145.0,0.98,0.99,0.95,0.69,1.03,0.98,0.99,0.995,0.975,0.845,1.015,0.99,0.24459,0.75541,S,0.22486,0.24965,0.09765,0.08244,0.00915,0.01211,0.04046,0.04407,0.10799,0.09502,0.06766,0.05378,0.00323,0.00266,0.00443,0.00458,0.44457,0.45569
683737,Michael Busch,CHC,29,710.0,1950.0,927,,projected,unmodeled,,710.0,2026.0,0.24746,0.11171,0.01374,0.00618,0.04309,0.0041,0.04155,0.11571,0.41645,0.02353,0.01462,0.00258,0.00174,0.00422,0.00062,0.00307,0.00532,0.00677,0.00712,0.00554,0.00158,0.00201,0.00157,0.02953,0.77859,0.24116,364.47096875,9.50438125,26.0,0.12221,0.12258,0.00862,0.00864,0.11017,0.11051,1.10928,112.0,5.0,1421.71138125,1421.71138125,0.24869,0.11283,0.01374,0.04439,0.11455,0.0376,0.00453,0.00618,0.41748,0.23186,0.32765,0.2729,0.23186,0.2729,0.00712,0.00554,0.00158,0.24112,112.0,1.06,0.98,0.81,1.21,1.02,1.01,1.03,0.99,0.905,1.105,1.01,1.005,0.21798,0.78202,L,0.23211,0.25173,0.09634,0.11599,0.01613,0.01308,0.03471,0.04543,0.1209,0.11426,0.04071,0.04179,0.00394,0.00415,0.00703,0.00595,0.44813,0.40762
606192,Teoscar Hernández,LAD,34,491.0,2902.0,1031,,projected,unmodeled,,546.0,2025.0,0.2768,0.06852,0.00868,0.00555,0.04266,0.00339,0.04151,0.13344,0.41944,0.02181,0.01048,0.0017,0.00136,0.00422,0.00025,0.00299,0.00539,0.0066,0.01669,0.01299,0.0037,0.00268,0.00213,0.07924,0.7782,0.21064,401.84636125,28.060779062499996,28.3,0.12702,0.14671,0.00801,0.00853,0.11146,0.12875,1.13954,119.0,5.0,1803.5470796874997,1803.5470796874997,0.27957,0.0692,0.00868,0.04757,0.12944,0.04047,0.00278,0.00555,0.41673,0.24031,0.29815,0.29298,0.24031,0.29298,0.01643,0.01278,0.00364,0.20733,119.0,1.23,0.94,0.95,0.64,1.02,1.02,1.115,0.97,0.975,0.82,1.01,1.01,0.26575,0.73425,R,0.24299,0.28904,0.07596,0.06582,0.00756,0.00909,0.04964,0.04014,0.13298,0.13361,0.04588,0.03993,0.00378,0.00325,0.00489,0.00579,0.43631,0.41334
462101,Elvis Andrus,CWS,38,406.0,983.0,150,,floor,floor,1.0,0.0,,0.17639,0.06835,0.00743,0.0024,0.04256,0.00342,0.04144,0.14872,0.50929,0.03402,0.01917,0.00263,0.0015,0.01173,0.00113,0.00815,0.01579,0.01963,0.03298,0.02573,0.00725,0.00636,0.00505,0.1469,0.78023,0.2245,106.01946937499997,18.113616874999998,,0.10514,0.10305,0.01127,0.01117,0.11525,0.11295,0.91233,145.0,5.0,467.9525028124999,467.9525028124999,0.17462,0.06938,0.00743,0.04213,0.14798,0.04041,0.00289,0.0024,0.51276,0.25348,0.31021,0.27168,0.25348,0.27168,0.03302,0.02576,0.00726,0.22478,145.0,0.98,0.99,0.95,0.69,1.03,0.98,0.99,0.995,0.975,0.845,1.015,0.99,0.26,0.74,R,0.1863,0.17291,0.08561,0.06229,0.00578,0.00801,0.04846,0.04049,0.15373,0.14696,0.0391,0.04227,0.0035,0.00339,0.00303,0.00218,0.4745,0.52151
656541,Sam Hilliard,COL,33,61.0,497.0,300,,projected,unmodeled,,61.0,2025.0,0.31256,0.10154,0.00328,0.00789,0.04256,0.00577,0.03709,0.10303,0.38627,0.05122,0.02841,0.00238,0.00368,0.0077,0.00118,0.00542,0.00815,0.0111,0.03286,0.02563,0.00723,0.0073,0.00577,0.15807,0.78001,0.20786,57.837118437499996,11.216631875000001,28.9,0.13042,0.10286,0.01503,0.01357,0.13792,0.10878,0.9456,115.0,2.0,270.56179999999995,270.56179999999995,0.29693,0.09951,0.00328,0.04427,0.11076,0.04136,0.00906,0.00789,0.38695,0.23101,0.30823,0.29405,0.23101,0.29405,0.03376,0.02633,0.00743,0.21355,115.0,1.08,1.15,1.23,2.14,0.96,0.9,1.04,1.075,1.115,1.57,0.98,0.95,0.23628,0.76372,L,0.28573,0.32086,0.07078,0.11106,0.00475,0.00283,0.05324,0.03926,0.11078,0.10064,0.03708,0.03709,0.00419,0.00626,0.01247,0.00647,0.42097,0.37554
676369,Nelson Velázquez,HOU,28,113.0,728.0,450,,projected,unmodeled,,113.0,2026.0,0.28253,0.08336,0.01101,0.00811,0.04252,0.00149,0.03931,0.11116,0.42052,0.04191,0.0219,0.00367,0.00315,0.0064,0.00017,0.00453,0.00719,0.00965,0.0151,0.01178,0.00332,0.00471,0.0037,0.07349,0.77997,0.20552,79.66127218749997,4.3341871874999995,27.6,0.13153,0.13782,0.01356,0.01383,0.13134,0.13763,1.0014,117.0,4.0,422.14116312499993,422.14116312499993,0.29242,0.08377,0.01101,0.04528,0.10949,0.03852,0.00136,0.00811,0.41003,0.21698,0.28944,0.26702,0.21698,0.26702,0.01501,0.01171,0.0033,0.20427,117.0,1.13,0.97,0.96,0.83,1.01,1.07,1.065,0.985,0.98,0.915,1.005,1.035,0.37385,0.62615,R,0.28444,0.28139,0.09483,0.07651,0.01079,0.01114,0.04003,0.04401,0.10988,0.11192,0.03947,0.03921,0.00195,0.00122,0.00742,0.00852,0.41119,0.42609
543807,George Springer,TOR,37,517.0,2983.0,1035,,projected,unmodeled,,586.0,2025.0,0.18592,0.09738,0.00976,0.0054,0.0422,0.00256,0.04982,0.13628,0.47068,0.01871,0.01214,0.00178,0.00132,0.00432,0.00021,0.00368,0.00569,0.0072,0.02812,0.02257,0.00555,0.00339,0.00281,0.11552,0.80249,0.24342,475.94340593749996,56.217066249999995,26.9,0.13227,0.11094,0.00738,0.00684,0.13528,0.11346,0.97775,141.0,2.0,1855.1182159374998,1855.1182159374998,0.18406,0.09738,0.00976,0.04326,0.13628,0.05082,0.00215,0.0054,0.47089,0.26199,0.33965,0.28667,0.26199,0.28667,0.02812,0.02257,0.00555,0.24342,141.0,1.05,1.0,1.04,0.68,1.0,0.98,1.025,1.0,1.02,0.84,1.0,0.99,0.26343,0.73657,R,0.19907,0.18121,0.10939,0.09309,0.00858,0.01018,0.03777,0.04379,0.12051,0.14192,0.0449,0.05158,0.00228,0.00266,0.00955,0.00392,0.46796,0.47165
679529,Spencer Torkelson,DET,27,612.0,2730.0,837,,projected,unmodeled,,649.0,2025.0,0.27265,0.10353,0.01242,0.00625,0.04216,0.00186,0.05134,0.1017,0.40809,0.02197,0.01279,0.00209,0.00149,0.00442,0.00015,0.00385,0.00545,0.0072,0.00457,0.00355,0.00102,0.00146,0.00114,0.02099,0.77614,0.21765,404.702903125,5.877224062499999,26.5,0.12197,0.12122,0.00741,0.00739,0.1215,0.12075,1.00391,116.0,4.0,1759.39334625,1759.39334625,0.26993,0.10301,0.01242,0.04237,0.1012,0.0498,0.00233,0.00625,0.41271,0.2228,0.31112,0.27088,0.2228,0.27088,0.00455,0.00353,0.00102,0.21662,116.0,1.01,0.99,0.94,1.5,0.99,0.98,1.005,0.995,0.97,1.25,0.995,0.99,0.27687,0.72313,R,0.23481,0.28714,0.11421,0.09944,0.00453,0.01544,0.04035,0.04285,0.10516,0.10038,0.05916,0.04835,0.00276,0.00152,0.00837,0.00543,0.43065,0.39945
668901,Mark Vientos,NYM,27,295.0,1486.0,793,,projected,unmodeled,,463.0,2025.0,0.26364,0.06395,0.00951,0.00929,0.04213,0.00116,0.03865,0.12917,0.4425,0.02821,0.01333,0.00245,0.00242,0.00491,0.0001,0.00333,0.00605,0.00766,0.00371,0.0029,0.00081,0.00172,0.00135,0.01833,0.781,0.20263,198.64674781249997,1.2445062499999997,25.8,0.10491,0.13145,0.00897,0.0099,0.10198,0.12779,1.02866,121.0,5.0,1003.8996240624999,1003.8996240624999,0.26759,0.06619,0.00951,0.04235,0.12658,0.0373,0.00103,0.00929,0.44016,0.22651,0.28296,0.27255,0.22651,0.27255,0.00371,0.0029,0.00081,0.20228,121.0,1.01,0.96,0.93,0.79,1.07,1.03,1.005,0.98,0.965,0.895,1.035,1.015,0.32011,0.67989,R,0.25391,0.26821,0.05989,0.06586,0.00644,0.01096,0.0416,0.04239,0.1339,0.12694,0.0494,0.03359,0.00156,0.00096,0.00934,0.00927,0.44396,0.44182
606466,Ketel Marte,ARI,33,624.0,2971.0,1038,,projected,unmodeled,,624.0,2026.0,0.16296,0.10088,0.01045,0.00903,0.0419,0.00372,0.04622,0.14386,0.48098,0.01767,0.01226,0.00184,0.00171,0.00454,0.00031,0.00337,0.00593,0.00743,0.01215,0.00953,0.00262,0.00238,0.0019,0.04762,0.78407,0.25519,471.0788346874999,20.530294374999997,26.8,0.14451,0.13126,0.00819,0.00786,0.13042,0.11846,1.10811,109.0,3.0,1877.0365018749999,1877.0365018749999,0.15481,0.10037,0.01045,0.04043,0.14601,0.04853,0.00571,0.00903,0.48464,0.27346,0.35151,0.29238,0.27346,0.29238,0.01223,0.00959,0.00264,0.25684,109.0,0.93,1.03,1.1,2.07,0.99,0.9,0.965,1.015,1.05,1.535,0.995,0.95,0.30769,0.69231,S,0.14446,0.17118,0.08575,0.1076,0.01449,0.00866,0.04863,0.03891,0.159,0.13713,0.05288,0.04326,0.00322,0.00394,0.00627,0.01026,0.48531,0.47906
621532,Anthony Bemboom,BAL,37,13.0,72.0,150,,floor,floor,1.0,0.0,,0.23227,0.09155,0.00589,0.00364,0.04187,0.00248,0.03931,0.12773,0.45526,0.07789,0.04528,0.00619,0.00487,0.01227,0.00085,0.0088,0.01561,0.01884,0.02004,0.01562,0.00442,0.00873,0.00683,0.089,0.77964,0.22517,3.9933478124999997,0.0,,0.11331,0.1028,0.02117,0.02028,0.11247,0.10203,1.00754,110.0,6.0,26.178613437499997,26.178613437499997,0.23227,0.08926,0.00589,0.04375,0.12901,0.03912,0.00258,0.00364,0.45449,0.23797,0.30961,0.27305,0.23797,0.27305,0.01995,0.01555,0.0044,0.22416,110.0,1.09,1.02,0.99,1.08,0.95,1.0,1.045,1.01,0.995,1.04,0.975,1.0,0.26,0.74,L,0.23559,0.2311,0.09288,0.09108,0.00371,0.00665,0.05551,0.03708,0.12471,0.1288,0.03705,0.04011,0.00188,0.00269,0.00227,0.00412,0.4464,0.45838
663550,Trey Cabbage,HOU,30,91.0,147.0,150,,floor,floor,1.0,0.0,,0.30656,0.06464,0.00835,0.00684,0.0418,0.00459,0.0445,0.10368,0.41904,0.07208,0.03272,0.00603,0.00546,0.01082,0.00091,0.00907,0.01219,0.01661,0.02055,0.01596,0.00459,0.00712,0.00556,0.11632,0.7765,0.17667,13.295806249999998,2.2722624999999996,27.9,0.11694,0.10893,0.01905,0.01847,0.11678,0.10877,1.0014,117.0,5.0,85.117725,85.117725,0.31728,0.06497,0.00835,0.04452,0.10212,0.04361,0.0042,0.00684,0.4081,0.2114,0.26777,0.26868,0.2114,0.26868,0.02041,0.01585,0.00456,0.17544,117.0,1.13,0.97,0.96,0.83,1.01,1.07,1.065,0.985,0.98,0.915,1.005,1.035,0.20275,0.79725,L,0.31641,0.30405,0.06163,0.06541,0.00689,0.00872,0.05938,0.03733,0.08498,0.10843,0.03994,0.04566,0.00606,0.00421,0.0068,0.00685,0.41791,0.41933
678246,Miguel Vargas,CWS,27,704.0,1864.0,761,,projected,unmodeled,,704.0,2026.0,0.191,0.11898,0.01075,0.00954,0.04179,0.00311,0.04327,0.11287,0.46868,0.02206,0.01547,0.00234,0.0022,0.00475,0.00034,0.00349,0.00618,0.00787,0.02478,0.01968,0.00511,0.00381,0.00309,0.10215,0.794,0.24261,322.29093,30.245236562499997,28.6,0.12366,0.10414,0.00797,0.0074,0.13555,0.11415,0.91233,145.0,3.0,1335.925290625,1335.925290625,0.18909,0.12077,0.01075,0.04137,0.11231,0.04218,0.00263,0.00954,0.47135,0.23109,0.33001,0.25001,0.23109,0.25001,0.02491,0.01978,0.00513,0.24383,145.0,0.98,0.99,0.95,0.69,1.03,0.98,0.99,0.995,0.975,0.845,1.015,0.99,0.29591,0.70409,R,0.18097,0.19521,0.1213,0.11801,0.00596,0.01276,0.04244,0.04152,0.11844,0.11054,0.04657,0.04188,0.00406,0.00271,0.01048,0.00915,0.46977,0.46822
701678,Hao-Yu Lee,DET,24,364.0,364.0,300,,projected,unmodeled,,364.0,2026.0,0.23509,0.08297,0.00202,0.008,0.04168,0.00317,0.05091,0.1116,0.46457,0.04458,0.02468,0.00213,0.00422,0.00761,0.00035,0.00666,0.00891,0.01233,0.01554,0.01206,0.00348,0.00478,0.00374,0.07906,0.7759,0.19658,73.1,4.25,28.1,0.11381,0.12195,0.0141,0.01453,0.11336,0.12147,1.00391,116.0,5.0,309.4,309.4,0.23274,0.08255,0.00202,0.04189,0.11104,0.04939,0.00396,0.008,0.46842,0.22731,0.29084,0.25977,0.22731,0.25977,0.01546,0.012,0.00347,0.19561,116.0,1.01,0.99,0.94,1.5,0.99,0.98,1.005,0.995,0.97,1.25,0.995,0.99,0.35106,0.64894,R,0.23469,0.23531,0.06861,0.09073,0.00214,0.00195,0.04105,0.04202,0.11084,0.11201,0.05462,0.04891,0.00334,0.00307,0.00741,0.00833,0.47731,0.45768
547180,Bryce Harper,PHI,34,693.0,2876.0,1014,,projected,unmodeled,,693.0,2026.0,0.21374,0.13141,0.00605,0.00831,0.0415,0.00311,0.04755,0.12751,0.42083,0.01965,0.01378,0.00143,0.00167,0.00406,0.00024,0.00329,0.00535,0.00668,0.02229,0.01709,0.0052,0.0031,0.00246,0.08411,0.76677,0.26497,511.79959875,41.88404218749999,27.2,0.1351,0.13099,0.00772,0.00762,0.12892,0.12499,1.04798,143.0,3.0,1869.6467506249999,1869.6467506249999,0.21801,0.12813,0.00605,0.0444,0.12878,0.04707,0.00317,0.00831,0.41607,0.26055,0.35761,0.30083,0.26055,0.30083,0.02212,0.01696,0.00516,0.26296,143.0,1.14,1.02,0.98,1.04,0.95,1.04,1.07,1.01,0.99,1.02,0.975,1.02,0.36835,0.63165,L,0.23849,0.19931,0.11422,0.14144,0.00557,0.00634,0.0312,0.04751,0.13369,0.12391,0.04551,0.04873,0.00337,0.00295,0.0084,0.00825,0.41955,0.42157
677800,Wilyer Abreu,BOS,28,681.0,1630.0,768,,projected,unmodeled,,681.0,2026.0,0.23394,0.09775,0.00403,0.0091,0.04148,0.00402,0.04251,0.12785,0.43931,0.02498,0.01492,0.00153,0.0023,0.00489,0.00052,0.00364,0.00647,0.00802,0.02289,0.01761,0.00528,0.00384,0.00303,0.09968,0.76943,0.22964,270.57040625,25.545899999999996,28.0,0.12512,0.12993,0.00897,0.00912,0.12198,0.12667,1.02577,111.0,4.0,1199.01690625,1199.01690625,0.23043,0.09677,0.00403,0.03879,0.13105,0.04676,0.0038,0.0091,0.43927,0.24761,0.32121,0.29251,0.24761,0.29251,0.02311,0.01778,0.00533,0.23185,111.0,0.87,1.05,1.2,0.89,0.98,0.97,0.935,1.025,1.1,0.945,0.99,0.985,0.23152,0.76848,L,0.19779,0.24483,0.09436,0.09877,0.00687,0.00318,0.02847,0.04541,0.14289,0.12332,0.04569,0.04156,0.0036,0.00415,0.00543,0.0102,0.47491,0.42859
686527,Dominic Canzone,SEA,29,533.0,1172.0,508,,projected,unmodeled,,533.0,2026.0,0.21681,0.08242,0.0079,0.00603,0.04141,0.00173,0.04758,0.14166,0.45445,0.02832,0.01609,0.0025,0.00219,0.00633,0.00018,0.00525,0.00846,0.01052,0.01006,0.00783,0.00222,0.00301,0.00237,0.04334,0.77904,0.23199,195.589675,6.5761312499999995,26.4,0.11461,0.12676,0.00965,0.01007,0.11772,0.13019,0.97362,136.0,4.0,857.8631375,857.8631375,0.23416,0.08077,0.0079,0.041,0.13529,0.04401,0.00121,0.00603,0.44963,0.24468,0.31018,0.28646,0.24468,0.28646,0.00971,0.00756,0.00214,0.22396,136.0,0.98,0.91,0.85,0.4,0.96,1.16,0.99,0.955,0.925,0.7,0.98,1.08,0.23445,0.76555,L,0.21183,0.21834,0.11811,0.07149,0.01211,0.00662,0.02966,0.04501,0.15486,0.13762,0.03583,0.05118,0.0025,0.00149,0.00695,0.00575,0.42814,0.46251
686948,Drake Baldwin,ATL,26,615.0,1061.0,642,,projected,unmodeled,,615.0,2026.0,0.19432,0.08748,0.0113,0.00224,0.04133,0.0023,0.04813,0.15009,0.4628,0.02738,0.01664,0.00313,0.0014,0.00544,0.00022,0.00419,0.00775,0.0094,0.00606,0.00472,0.00134,0.00229,0.0018,0.02435,0.77915,0.24888,229.5425,3.4,26.0,0.12969,0.14056,0.01044,0.0108,0.12877,0.13956,1.00717,144.0,4.0,844.9849999999999,844.9849999999999,0.19626,0.08617,0.0113,0.04133,0.15384,0.04693,0.00211,0.00224,0.45982,0.27126,0.34168,0.30614,0.27126,0.30614,0.00612,0.00477,0.00135,0.25132,144.0,1.0,1.05,0.95,0.83,0.97,1.02,1.0,1.025,0.975,0.915,0.985,1.01,0.29421,0.70579,L,0.20637,0.18929,0.0783,0.09131,0.01163,0.01117,0.03446,0.0442,0.14833,0.15082,0.04453,0.04963,0.00194,0.00245,0.00209,0.0023,0.47236,0.45882
678877,Jhonkensy Noel,CLE,25,153.0,351.0,450,,projected,unmodeled,,153.0,2025.0,0.29673,0.05823,0.01368,0.00592,0.04126,0.00154,0.0401,0.10802,0.43452,0.05332,0.02327,0.00559,0.00369,0.00657,0.00019,0.00473,0.00704,0.00973,0.01008,0.00786,0.00222,0.00445,0.00348,0.05601,0.77964,0.17992,36.558499999999995,0.0,27.1,0.11805,0.10934,0.01498,0.01449,0.12572,0.11645,0.93896,114.0,3.0,232.13924999999998,232.13924999999998,0.30415,0.05823,0.01368,0.03982,0.10802,0.0409,0.00125,0.00592,0.42804,0.20602,0.26189,0.25971,0.20602,0.25971,0.01008,0.00786,0.00222,0.17992,114.0,0.93,1.0,1.04,0.62,1.0,1.05,0.965,1.0,1.02,0.81,1.0,1.025,0.36479,0.63521,R,0.29497,0.29775,0.05601,0.0595,0.01088,0.01528,0.04773,0.03754,0.11012,0.10681,0.04153,0.03928,0.0013,0.00168,0.00764,0.00494,0.42982,0.43722
624424,Michael Conforto,CHC,34,314.0,1758.0,773,,projected,unmodeled,,486.0,2025.0,0.24189,0.10461,0.01409,0.00792,0.04114,0.00219,0.04457,0.11699,0.42661,0.02563,0.01559,0.00275,0.00207,0.00468,0.0002,0.00385,0.00602,0.00787,0.00531,0.00415,0.00116,0.00194,0.00153,0.02254,0.78125,0.23569,273.85342499999996,4.274649999999999,25.9,0.12193,0.12469,0.0094,0.00949,0.10991,0.11241,1.10928,112.0,5.0,1163.0709374999997,1163.0709374999997,0.24309,0.10566,0.01409,0.04238,0.11582,0.04033,0.00242,0.00792,0.42829,0.23036,0.3207,0.2702,0.23036,0.2702,0.00531,0.00415,0.00116,0.23557,112.0,1.06,0.98,0.81,1.21,1.02,1.01,1.03,0.99,0.905,1.105,1.01,1.005,0.16667,0.83333,L,0.24831,0.2406,0.08123,0.10929,0.01981,0.01294,0.03873,0.04163,0.13737,0.11291,0.04726,0.04403,0.00233,0.00216,0.00573,0.00836,0.41924,0.42808
643376,Danny Jansen,TEX,32,227.0,1437.0,574,,projected,unmodeled,,337.0,2025.0,0.21996,0.10151,0.01905,0.00696,0.04107,0.00099,0.04278,0.11058,0.4571,0.02783,0.01727,0.00351,0.00213,0.00567,9e-05,0.00447,0.00701,0.00927,0.0059,0.00459,0.00131,0.00227,0.00178,0.02552,0.77777,0.23114,207.21225093749996,2.1437053125,26.7,0.10369,0.1103,0.00889,0.00913,0.10989,0.1169,0.94359,140.0,5.0,902.57179875,902.57179875,0.22106,0.09847,0.01905,0.03963,0.10836,0.04129,0.0009,0.00696,0.46428,0.21722,0.3077,0.24487,0.21722,0.24487,0.00576,0.00448,0.00128,0.22588,140.0,0.93,0.96,0.93,0.83,0.94,1.01,0.965,0.98,0.965,0.915,0.97,1.005,0.30423,0.69577,R,0.2327,0.21439,0.13155,0.08838,0.01139,0.0224,0.03905,0.04195,0.10694,0.11216,0.04066,0.04371,0.00097,0.00099,0.00859,0.00624,0.42814,0.46977
676059,Jordan Westburg,BAL,28,352.0,1027.0,578,,projected,unmodeled,,352.0,2025.0,0.22585,0.05698,0.01346,0.00502,0.04106,0.00513,0.03846,0.14515,0.46891,0.03252,0.01535,0.00346,0.00212,0.00556,0.00084,0.00366,0.0078,0.00942,0.01929,0.0149,0.00439,0.00446,0.00349,0.08949,0.77232,0.21558,140.09455624999998,10.304656249999997,29.0,0.13458,0.11919,0.01177,0.01118,0.13357,0.1183,1.00754,110.0,3.0,647.8512999999999,647.8512999999999,0.22585,0.05555,0.01346,0.0429,0.1466,0.03827,0.00534,0.00502,0.46702,0.25174,0.30212,0.2894,0.25174,0.2894,0.01929,0.0149,0.00439,0.21561,110.0,1.09,1.02,0.99,1.08,0.95,1.0,1.045,1.01,0.995,1.04,0.975,1.0,0.27027,0.72973,R,0.24461,0.21889,0.07173,0.05151,0.00808,0.01545,0.03892,0.04185,0.1449,0.14524,0.0367,0.03911,0.00325,0.00583,0.00506,0.005,0.44674,0.47712
694876,Cooper Ingle,CLE,25,24.0,24.0,150,,floor,floor,1.0,24.0,2026.0,0.2699,0.0915,0.00861,0.00532,0.04071,0.00159,0.03527,0.12045,0.42665,0.08605,0.04758,0.00901,0.0071,0.01149,0.00031,0.0075,0.01271,0.01623,0.0,0.0,0.0,3e-05,2e-05,0.0,0.7835,0.22055,0.0,0.0,,0.11514,0.10932,,,0.11598,0.11011,,,,,,0.2699,0.0915,0.00861,0.04071,0.12045,0.03527,0.00159,0.00532,0.42665,0.22137,0.29813,0.2694,0.22137,0.2694,0.0,0.0,0.0,0.22055,,1.0,1.0,1.0,1.0,1.0,1.0,1.0,1.0,1.0,1.0,1.0,1.0,0.25,0.75,L,0.2749,0.26824,0.09156,0.09148,0.00728,0.00905,0.0525,0.03678,0.10842,0.12446,0.03184,0.03642,0.00082,0.00185,0.00447,0.0056,0.4282,0.42613
685133,Wade Meckler,LAA,27,337.0,401.0,300,,projected,unmodeled,,337.0,2026.0,0.21173,0.09241,0.01226,0.00115,0.04066,0.00645,0.03457,0.13418,0.4666,0.04241,0.02559,0.00501,0.00154,0.00804,0.00114,0.00561,0.00971,0.01241,0.02056,0.01618,0.00438,0.00546,0.00434,0.08609,0.78689,0.23884,100.54012499999999,6.8,28.8,0.11832,0.08817,0.01342,0.01181,0.13002,0.09689,0.90997,108.0,2.0,319.85839999999996,319.85839999999996,0.21808,0.09195,0.01226,0.04066,0.13418,0.03284,0.00597,0.00115,0.46292,0.2388,0.31785,0.27203,0.2388,0.27203,0.02052,0.01615,0.00437,0.23838,108.0,1.0,1.0,0.9,0.85,0.99,1.06,1.0,1.0,0.95,0.925,0.995,1.03,0.20112,0.79888,L,0.2063,0.2131,0.08632,0.09394,0.01409,0.01179,0.04898,0.03857,0.11563,0.13885,0.0319,0.03524,0.00616,0.00652,0.00154,0.00105,0.48909,0.46094
669065,Kyle Stowers,MIA,29,512.0,1309.0,585,,projected,unmodeled,,512.0,2026.0,0.29782,0.094,0.01504,0.00544,0.04059,0.00412,0.04043,0.11848,0.38408,0.02995,0.01627,0.00326,0.00197,0.00507,0.00054,0.00389,0.00679,0.00838,0.00877,0.00681,0.00196,0.00265,0.00208,0.03856,0.77615,0.22752,222.364048125,6.649124999999999,26.3,0.11085,0.12782,0.00903,0.0096,0.11554,0.13323,0.9594,146.0,4.0,954.4439518749998,954.4439518749998,0.29186,0.09494,0.01504,0.03795,0.11907,0.04104,0.00494,0.00544,0.38971,0.2295,0.31299,0.29752,0.2295,0.29752,0.00883,0.00685,0.00198,0.22905,146.0,0.87,1.01,1.03,1.4,1.02,0.96,0.935,1.005,1.015,1.2,1.01,0.98,0.22424,0.77576,L,0.25018,0.31159,0.08456,0.09672,0.0162,0.01471,0.02179,0.04603,0.1179,0.11865,0.0469,0.03856,0.00322,0.00438,0.00662,0.0051,0.45263,0.36426
669477,Casey Schmitt,SF,28,409.0,1147.0,577,,projected,unmodeled,,409.0,2026.0,0.21948,0.051,0.0154,0.00942,0.04058,0.00294,0.05152,0.13871,0.47097,0.02913,0.01318,0.00351,0.00276,0.00604,0.00032,0.00521,0.00821,0.01028,0.01505,0.0118,0.00326,0.00363,0.00287,0.07338,0.78367,0.20511,167.47443749999996,10.06601875,28.0,0.10862,0.12288,0.00953,0.01005,0.11373,0.12867,0.95503,137.0,4.0,813.0718562499999,813.0718562499999,0.21509,0.04972,0.0154,0.03632,0.1401,0.05255,0.00355,0.00942,0.47786,0.25125,0.29764,0.29108,0.25125,0.29108,0.01506,0.0118,0.00326,0.20522,137.0,0.79,1.02,1.04,1.42,0.95,0.96,0.895,1.01,1.02,1.21,0.975,0.98,0.30561,0.69439,R,0.20256,0.22692,0.05841,0.04774,0.01135,0.01718,0.03399,0.04347,0.14495,0.13597,0.05602,0.04954,0.00337,0.00274,0.00788,0.01009,0.48145,0.46635
687394,Jack Brannigan,PIT,26,1.0,1.0,150,,floor,floor,1.0,1.0,2026.0,0.22951,0.08395,0.01105,0.00683,0.0405,0.00229,0.03261,0.13655,0.45671,0.08907,0.05,0.01154,0.00909,0.01095,0.00047,0.00747,0.01528,0.01831,0.0,0.0,0.0,3e-05,3e-05,0.0,0.7835,0.23154,0.0,0.0,,0.11514,0.10932,,,0.11598,0.11011,,,,,,0.22951,0.08395,0.01105,0.0405,0.13655,0.03261,0.00229,0.00683,0.45671,0.23598,0.30695,0.27294,0.23598,0.27294,0.0,0.0,0.0,0.23154,,1.0,1.0,1.0,1.0,1.0,1.0,1.0,1.0,1.0,1.0,1.0,1.0,0.26368,0.73632,R,0.22951,0.22951,0.08395,0.08395,0.01105,0.01105,0.0405,0.0405,0.13655,0.13655,0.03261,0.03261,0.00229,0.00229,0.00683,0.00683,0.45671,0.45671
642715,Willy Adames,SF,31,505.0,3134.0,1066,,projected,unmodeled,,686.0,2025.0,0.26083,0.09832,0.00495,0.00733,0.04046,0.00298,0.04027,0.11412,0.43075,0.02061,0.01189,0.00124,0.0015,0.00386,0.00022,0.00292,0.00517,0.00642,0.02199,0.01708,0.00491,0.00299,0.00239,0.10114,0.77672,0.21738,430.9993106249999,41.9199334375,27.8,0.12276,0.12476,0.00689,0.00693,0.12854,0.13063,0.95503,137.0,3.0,1954.2091653124999,1954.2091653124999,0.25562,0.09586,0.00495,0.03621,0.11526,0.04107,0.0036,0.00733,0.4401,0.21993,0.29695,0.26655,0.21993,0.26655,0.02185,0.01697,0.00488,0.21607,137.0,0.79,1.02,1.04,1.42,0.95,0.96,0.895,1.01,1.02,1.21,0.975,0.98,0.26359,0.73641,R,0.28052,0.25378,0.10946,0.09433,0.00355,0.00544,0.03144,0.04368,0.1087,0.11606,0.03948,0.04055,0.00524,0.00217,0.0061,0.00777,0.41551,0.43621
680718,Addison Barger,TOR,27,28.0,755.0,692,,projected,unmodeled,,502.0,2025.0,0.24415,0.07576,0.00586,0.00545,0.04043,0.00409,0.04749,0.13676,0.44,0.03656,0.01917,0.00264,0.00255,0.00531,0.00045,0.00439,0.00665,0.00853,0.01503,0.01174,0.00329,0.00455,0.00358,0.06882,0.78132,0.21838,97.66924999999999,4.84075,27.7,0.10569,0.12283,0.01128,0.01204,0.10809,0.12562,0.97775,141.0,5.0,524.6731249999999,524.6731249999999,0.24171,0.07576,0.00586,0.04144,0.13676,0.04844,0.00343,0.00545,0.44114,0.25202,0.3117,0.29952,0.25202,0.29952,0.01503,0.01174,0.00329,0.21838,141.0,1.05,1.0,1.04,0.68,1.0,0.98,1.025,1.0,1.02,0.84,1.0,0.99,0.19058,0.80942,L,0.28721,0.23402,0.07242,0.07654,0.0073,0.00552,0.02568,0.04391,0.14975,0.1337,0.04461,0.04817,0.00729,0.00333,0.00462,0.00565,0.40112,0.44916
663757,Trent Grisham,NYY,30,484.0,2353.0,711,,projected,unmodeled,,581.0,2025.0,0.23953,0.12487,0.00859,0.00434,0.04043,0.00339,0.03891,0.11015,0.42979,0.02283,0.01505,0.00187,0.00133,0.00465,0.00036,0.00347,0.00608,0.0077,0.0197,0.01532,0.00438,0.00332,0.00264,0.08086,0.77766,0.24361,350.57417,27.986504999999994,26.8,0.13451,0.1205,0.00883,0.00842,0.12125,0.10862,1.10936,147.0,5.0,1481.7396774999997,1481.7396774999997,0.24432,0.13361,0.00859,0.04407,0.10519,0.03793,0.00295,0.00434,0.41899,0.2228,0.33235,0.25851,0.2228,0.25851,0.02,0.01556,0.00445,0.24739,147.0,1.18,0.91,0.95,0.74,1.14,1.04,1.09,0.955,0.975,0.87,1.07,1.02,0.26052,0.73948,L,0.24102,0.23901,0.10554,0.13168,0.01108,0.00771,0.0328,0.04312,0.12888,0.10355,0.04116,0.03811,0.00338,0.0034,0.00409,0.00442,0.43205,0.42899
665019,Kody Clemens,MIN,31,583.0,1364.0,569,,projected,unmodeled,,583.0,2026.0,0.23182,0.06782,0.01032,0.00523,0.04035,0.00799,0.05361,0.11823,0.46463,0.02729,0.01384,0.00266,0.0019,0.0055,0.0009,0.00491,0.0075,0.00983,0.01753,0.01374,0.00379,0.00365,0.00291,0.08927,0.78373,0.19637,184.77797249999998,14.978705312499997,28.0,0.12241,0.13192,0.00953,0.00984,0.12248,0.13199,0.99946,142.0,4.0,981.7374996875,981.7374996875,0.22835,0.06714,0.01032,0.03914,0.12,0.05736,0.00779,0.00523,0.46467,0.24451,0.30175,0.28493,0.24451,0.28493,0.01763,0.01381,0.00381,0.19746,142.0,0.94,1.03,1.14,0.95,0.98,0.97,0.97,1.015,1.07,0.975,0.99,0.985,0.25213,0.74787,L,0.23036,0.23231,0.06399,0.06911,0.01153,0.0099,0.02477,0.04561,0.14453,0.10936,0.04909,0.05513,0.0071,0.00829,0.00486,0.00535,0.46376,0.46492
687515,Colby Thomas,OAK,26,121.0,253.0,300,,projected,unmodeled,,132.0,2025.0,0.29894,0.05675,0.00869,0.01067,0.04033,0.00237,0.03821,0.11395,0.43009,0.05639,0.02426,0.00508,0.00562,0.00758,0.00037,0.00512,0.009,0.01183,0.01934,0.01501,0.00433,0.00603,0.00471,0.1078,0.77611,0.1794,35.19,3.8674999999999997,28.2,0.11507,0.11095,0.01566,0.01542,0.11934,0.11507,0.9642,133.0,5.0,198.21999999999997,198.21999999999997,0.28548,0.05987,0.00869,0.04738,0.11794,0.04127,0.00198,0.01067,0.42671,0.22652,0.27714,0.27418,0.22652,0.27418,0.02011,0.0156,0.0045,0.18651,133.0,1.35,1.07,1.16,0.67,1.11,0.91,1.175,1.035,1.08,0.835,1.055,0.955,0.49669,0.50331,R,0.30123,0.29668,0.05752,0.05599,0.00765,0.00972,0.04967,0.03111,0.1104,0.11747,0.03798,0.03843,0.00217,0.00258,0.01058,0.01076,0.42281,0.43728
608070,José Ramírez,CLE,34,544.0,3275.0,1335,,projected,unmodeled,,673.0,2025.0,0.1216,0.09804,0.00593,0.01,0.04031,0.00689,0.05136,0.14824,0.51764,0.01505,0.01166,0.00133,0.00172,0.00397,0.00072,0.00318,0.00566,0.00698,0.06339,0.05131,0.01208,0.00467,0.00402,0.25135,0.80941,0.25221,499.77250781249995,130.9037559375,27.9,0.13989,0.13243,0.00708,0.00692,0.14898,0.14104,0.93896,114.0,3.0,2032.1202078124998,2032.1202078124998,0.12464,0.09804,0.00593,0.0389,0.14824,0.05238,0.00558,0.01,0.51629,0.27663,0.34907,0.28541,0.27663,0.28541,0.06339,0.05131,0.01208,0.25221,114.0,0.93,1.0,1.04,0.62,1.0,1.05,0.965,1.0,1.02,0.81,1.0,1.025,0.28156,0.71844,S,0.11248,0.12517,0.0865,0.10257,0.00749,0.00532,0.0427,0.03937,0.15839,0.14426,0.05444,0.05015,0.00588,0.00728,0.01009,0.00997,0.52204,0.51591
682998,Corbin Carroll,ARI,26,671.0,2757.0,1075,,projected,unmodeled,,671.0,2026.0,0.21629,0.10147,0.01477,0.00901,0.04031,0.02076,0.04433,0.11374,0.43932,0.01987,0.01241,0.00226,0.00177,0.00393,0.00186,0.00286,0.00486,0.0068,0.05721,0.04621,0.011,0.00457,0.00391,0.24875,0.80769,0.22998,422.68238468749996,106.39185968749999,29.7,0.16068,0.12234,0.00863,0.00768,0.145,0.1104,1.10811,109.0,2.0,1841.9766421874997,1841.9766421874997,0.20548,0.10097,0.01477,0.0389,0.11545,0.04654,0.03187,0.00901,0.43702,0.26593,0.34849,0.30728,0.26593,0.30728,0.05751,0.04645,0.01106,0.23118,109.0,0.93,1.03,1.1,2.07,0.99,0.9,0.965,1.015,1.05,1.535,0.995,0.95,0.30587,0.69413,L,0.20712,0.22033,0.08762,0.10758,0.01814,0.01328,0.03462,0.04282,0.13384,0.10489,0.0426,0.04509,0.01566,0.02301,0.00704,0.00988,0.45339,0.43312
657656,Ramón Laureano,SD,32,206.0,1790.0,672,,projected,unmodeled,,488.0,2025.0,0.27384,0.07368,0.0208,0.00457,0.04031,0.00257,0.04263,0.12682,0.41478,0.0274,0.01366,0.0033,0.00156,0.00499,0.00023,0.00414,0.00661,0.0081,0.03219,0.02489,0.0073,0.00454,0.00362,0.14548,0.77316,0.2213,245.32529468749996,36.681946562499995,28.0,0.13366,0.12155,0.00949,0.00911,0.13254,0.12053,1.00847,135.0,3.0,1098.2742846874999,1098.2742846874999,0.27521,0.07478,0.0208,0.04152,0.12492,0.03985,0.00219,0.00457,0.41615,0.23169,0.30407,0.28633,0.23169,0.28633,0.03208,0.0248,0.00728,0.2205,135.0,1.06,0.97,0.87,0.7,1.03,1.01,1.03,0.985,0.935,0.85,1.015,1.005,0.3059,0.6941,R,0.2481,0.28518,0.07845,0.07157,0.0163,0.02278,0.03995,0.04047,0.13032,0.12528,0.04903,0.0398,0.00186,0.00289,0.00507,0.00436,0.43092,0.40766
605244,Aramis Garcia,ARI,34,19.0,145.0,450,,floor,floor,1.0,19.0,2026.0,0.26664,0.05619,0.01287,0.00246,0.04022,0.00241,0.04426,0.12075,0.4542,0.07123,0.03158,0.0075,0.00329,0.00631,0.00032,0.00509,0.00771,0.01037,0.01631,0.01269,0.00362,0.00681,0.00532,0.08592,0.77791,0.18981,11.092632812499998,0.44370531249999995,,0.10128,0.09385,0.01862,0.018,0.10541,0.09768,0.96083,113.0,6.0,51.02611093749999,51.02611093749999,0.27197,0.059,0.01287,0.04284,0.11773,0.04382,0.00218,0.00246,0.44713,0.22316,0.27844,0.26804,0.22316,0.26804,0.01629,0.01267,0.00362,0.1896,113.0,1.13,0.95,0.98,0.81,1.1,1.04,1.065,0.975,0.99,0.905,1.05,1.02,0.25217,0.74783,R,0.25076,0.27199,0.06112,0.05453,0.01113,0.01345,0.04021,0.04023,0.13371,0.11638,0.04567,0.04379,0.00247,0.00239,0.00253,0.00243,0.4524,0.4548
680779,Henry Davis,PIT,27,298.0,958.0,482,,projected,unmodeled,,298.0,2026.0,0.25387,0.08658,0.0182,0.00824,0.04004,0.00294,0.04081,0.11049,0.43883,0.03345,0.0184,0.00415,0.0028,0.006,0.00037,0.00426,0.00721,0.00942,0.01791,0.01379,0.00412,0.00434,0.00338,0.08317,0.76994,0.21528,137.306875,9.743549999999999,28.1,0.1017,0.09739,0.00993,0.00974,0.10814,0.10355,0.9405,134.0,6.0,665.8023437499999,665.8023437499999,0.2526,0.08615,0.0182,0.03663,0.11215,0.04428,0.00253,0.00824,0.43922,0.22041,0.29995,0.26574,0.22041,0.26574,0.01801,0.01386,0.00414,0.2165,134.0,0.83,1.03,1.17,0.72,0.99,0.99,0.915,1.015,1.085,0.86,0.995,0.995,0.26024,0.73976,R,0.24096,0.25841,0.0785,0.08943,0.01103,0.02073,0.04367,0.03876,0.11098,0.11032,0.04575,0.03907,0.00375,0.00266,0.0082,0.00826,0.45717,0.43237
675659,Greg Jones,MIL,29,24.0,32.0,300,,floor,floor,1.0,24.0,2026.0,0.27641,0.07234,0.00799,0.00494,0.04003,0.00285,0.04418,0.11622,0.43505,0.0849,0.04186,0.00838,0.00659,0.00799,0.00051,0.00654,0.00937,0.0124,0.0,0.0,0.0,3e-05,2e-05,0.0,0.7835,0.19655,0.0,0.0,,0.11514,0.10932,,,0.11598,0.11011,,,,,,0.27641,0.07234,0.00799,0.04003,0.11622,0.04418,0.00285,0.00494,0.43505,0.22222,0.2836,0.27286,0.22222,0.27286,0.0,0.0,0.0,0.19655,,1.0,1.0,1.0,1.0,1.0,1.0,1.0,1.0,1.0,1.0,1.0,1.0,0.25431,0.74569,S,0.27641,0.27641,0.07234,0.07234,0.00799,0.00799,0.04003,0.04003,0.11622,0.11622,0.04418,0.04418,0.00285,0.00285,0.00494,0.00494,0.43505,0.43505
670623,Isaac Paredes,HOU,28,659.0,2690.0,939,,projected,unmodeled,,659.0,2026.0,0.16355,0.10962,0.02487,0.0067,0.03999,0.00072,0.04442,0.13323,0.4769,0.01835,0.0132,0.00296,0.00155,0.00462,7e-05,0.00358,0.00608,0.00773,0.00149,0.00116,0.00034,0.00088,0.00068,0.00558,0.77403,0.26773,462.0644625,2.9164615624999994,25.1,0.11075,0.13162,0.00714,0.00769,0.11059,0.13144,1.0014,117.0,4.0,1737.3764178124998,1737.3764178124998,0.16928,0.11017,0.02487,0.04258,0.13124,0.04353,0.00066,0.0067,0.47098,0.25401,0.35305,0.27139,0.25401,0.27139,0.00149,0.00115,0.00034,0.26628,117.0,1.13,0.97,0.96,0.83,1.01,1.07,1.065,0.985,0.98,0.915,1.005,1.035,0.22755,0.77245,R,0.16444,0.16329,0.0968,0.1134,0.02175,0.02579,0.0338,0.04181,0.14655,0.12931,0.04825,0.04329,0.00137,0.00053,0.00532,0.0071,0.48171,0.47548
663796,Coco Montes,TB,30,10.0,51.0,150,,floor,floor,1.0,10.0,2025.0,0.23889,0.07394,0.01447,0.00422,0.03996,0.00187,0.04105,0.1287,0.4569,0.07997,0.04178,0.01039,0.00564,0.01065,0.0004,0.00771,0.01439,0.01768,0.01944,0.01516,0.00428,0.00846,0.00662,0.08956,0.77964,0.2171,3.654043749999999,0.0,,0.10777,0.10354,0.02019,0.01984,0.11397,0.1095,0.9456,115.0,5.0,21.402256249999997,21.402256249999997,0.22695,0.07246,0.01447,0.04156,0.13835,0.04577,0.00294,0.00422,0.45329,0.25154,0.31554,0.29212,0.25154,0.29212,0.02018,0.01573,0.00445,0.22527,115.0,1.08,1.15,1.23,2.14,0.96,0.9,1.04,1.075,1.115,1.57,0.98,0.95,0.28571,0.71429,R,0.24675,0.23575,0.06668,0.07684,0.01597,0.01386,0.04685,0.0372,0.12348,0.13078,0.04105,0.04105,0.00112,0.00217,0.00295,0.00473,0.45515,0.45761
642336,Francisco Mejía,TB,31,160.0,459.0,150,,floor,floor,1.0,0.0,,0.22447,0.0465,0.00723,0.00659,0.03994,0.00164,0.03724,0.1477,0.48869,0.04991,0.02144,0.00364,0.00348,0.01134,0.00026,0.00701,0.01416,0.01829,0.01252,0.00974,0.00279,0.00525,0.0041,0.06218,0.77761,0.20143,35.679127187499994,0.5220062499999999,,0.1116,0.10511,0.01508,0.01469,0.11627,0.1095,0.95991,139.0,5.0,216.18888843749997,216.18888843749997,0.22783,0.04418,0.00723,0.04093,0.14549,0.03668,0.00167,0.00659,0.4894,0.23861,0.27618,0.27307,0.23861,0.27307,0.01224,0.00952,0.00272,0.19689,139.0,1.05,0.97,0.97,1.04,0.9,1.03,1.025,0.985,0.985,1.02,0.95,1.015,0.26,0.74,S,0.18563,0.23811,0.04898,0.04564,0.00658,0.00746,0.03416,0.04197,0.17098,0.13953,0.03746,0.03716,0.00184,0.00157,0.00549,0.00698,0.50889,0.4816
676914,Davis Schneider,TOR,28,156.0,978.0,562,,projected,unmodeled,,227.0,2025.0,0.29355,0.13211,0.01219,0.00714,0.03984,0.00136,0.03704,0.08897,0.38781,0.03539,0.0224,0.00337,0.00259,0.00505,0.00022,0.00375,0.00566,0.00777,0.0143,0.01122,0.00308,0.0039,0.00308,0.06132,0.78459,0.23326,156.26909999999998,7.946756249999998,26.9,0.12488,0.11344,0.0112,0.01075,0.12772,0.11602,0.97775,141.0,3.0,649.0231312499999,649.0231312499999,0.29062,0.13211,0.01219,0.04083,0.08897,0.03778,0.00114,0.00714,0.38923,0.19883,0.31302,0.2473,0.19883,0.2473,0.0143,0.01122,0.00308,0.23326,141.0,1.05,1.0,1.04,0.68,1.0,0.98,1.025,1.0,1.02,0.84,1.0,0.99,0.38862,0.61138,R,0.31203,0.28181,0.14031,0.1269,0.01254,0.01196,0.03678,0.04178,0.08735,0.08999,0.03353,0.03927,0.00147,0.00128,0.00945,0.00567,0.36654,0.40134
694175,Pedro León,HOU,29,21.0,21.0,150,,floor,floor,1.0,0.0,,0.25189,0.08043,0.00886,0.00548,0.03984,0.00149,0.04706,0.12056,0.4444,0.0869,0.04634,0.00928,0.00731,0.01204,0.00034,0.0106,0.01452,0.0185,0.0,0.0,0.0,3e-05,2e-05,0.0,0.7835,0.20985,0.0,0.0,,0.11514,0.10932,,,0.11598,0.11011,,,,,,0.25189,0.08043,0.00886,0.03984,0.12056,0.04706,0.00149,0.00548,0.4444,0.23082,0.29824,0.27564,0.23082,0.27564,0.0,0.0,0.0,0.20985,,1.0,1.0,1.0,1.0,1.0,1.0,1.0,1.0,1.0,1.0,1.0,1.0,0.28054,0.71946,R,0.25189,0.25189,0.08043,0.08043,0.00886,0.00886,0.03984,0.03984,0.12056,0.12056,0.04706,0.04706,0.00149,0.00149,0.00548,0.00548,0.4444,0.4444
669224,Austin Wells,NYY,27,388.0,1325.0,774,,projected,unmodeled,,448.0,2025.0,0.24438,0.09683,0.00989,0.01534,0.03984,0.00179,0.04014,0.1112,0.44059,0.02825,0.01655,0.00264,0.00328,0.00459,0.00017,0.00334,0.00584,0.00755,0.01124,0.00877,0.00247,0.00304,0.00239,0.05157,0.7804,0.21792,202.00218124999998,9.577374999999998,25.9,0.11066,0.1255,0.00982,0.01038,0.09976,0.11313,1.10936,147.0,6.0,946.8782187499999,946.8782187499999,0.24927,0.10361,0.00989,0.04342,0.10619,0.03914,0.00156,0.01534,0.43158,0.21846,0.30381,0.25393,0.21846,0.25393,0.01133,0.00884,0.00249,0.21969,147.0,1.18,0.91,0.95,0.74,1.14,1.04,1.09,0.955,0.975,0.87,1.07,1.02,0.25172,0.74828,L,0.26088,0.23883,0.07959,0.10263,0.00938,0.01006,0.03165,0.04259,0.1179,0.10894,0.03823,0.04079,0.0026,0.00152,0.01322,0.01605,0.44656,0.43858
545341,Randal Grichuk,CWS,35,280.0,1861.0,578,,projected,unmodeled,,293.0,2025.0,0.2098,0.05654,0.00922,0.00647,0.03978,0.00268,0.04925,0.14205,0.48421,0.02494,0.01204,0.00217,0.00182,0.00579,0.00033,0.00489,0.00799,0.00997,0.00751,0.00583,0.00168,0.00236,0.00184,0.03616,0.77594,0.20781,220.96173937499998,4.58534625,27.3,0.11511,0.11105,0.00838,0.00826,0.12617,0.12172,0.91233,145.0,3.0,1105.611776875,1105.611776875,0.2077,0.05739,0.00922,0.03939,0.14134,0.04802,0.00227,0.00647,0.48821,0.24922,0.29762,0.28187,0.24922,0.28187,0.00752,0.00583,0.00168,0.20795,145.0,0.98,0.99,0.95,0.69,1.03,0.98,0.99,0.995,0.975,0.845,1.015,0.99,0.56749,0.43251,R,0.2024,0.2195,0.06439,0.04624,0.00722,0.01184,0.04645,0.03103,0.14431,0.13909,0.05559,0.04094,0.00296,0.00231,0.00526,0.00805,0.47142,0.50098
663586,Austin Riley,ATL,30,630.0,2954.0,774,,projected,unmodeled,,630.0,2026.0,0.27108,0.07658,0.01513,0.00776,0.03974,0.00294,0.05013,0.11218,0.42446,0.02154,0.01097,0.00222,0.00159,0.00464,0.00025,0.00404,0.00567,0.00749,0.00928,0.00725,0.00203,0.00196,0.00155,0.04553,0.7808,0.20389,420.36655968749994,14.492935624999998,27.9,0.1183,0.11544,0.0072,0.00713,0.11746,0.11462,1.00717,144.0,5.0,1827.2043753125,1827.2043753125,0.27379,0.07543,0.01513,0.03974,0.11499,0.04888,0.00269,0.00776,0.42159,0.22879,0.29686,0.28319,0.22879,0.28319,0.00936,0.00731,0.00205,0.20554,144.0,1.0,1.05,0.95,0.83,0.97,1.02,1.0,1.025,0.975,0.915,0.985,1.01,0.26002,0.73998,R,0.25679,0.2761,0.09443,0.07031,0.01259,0.01602,0.0385,0.04017,0.11339,0.11176,0.05041,0.05004,0.0032,0.00285,0.00755,0.00784,0.42314,0.42492
542303,Marcell Ozuna,PIT,36,280.0,2659.0,942,,projected,unmodeled,,592.0,2025.0,0.24551,0.10933,0.00507,0.00641,0.03969,0.00094,0.03616,0.13347,0.42343,0.02206,0.01361,0.00136,0.00152,0.00423,8e-05,0.00278,0.00585,0.007,0.0008,0.00062,0.00018,0.00066,0.00051,0.00323,0.77957,0.24787,408.26900906249995,1.9452409375,24.7,0.10387,0.11483,0.00691,0.00721,0.11044,0.12209,0.9405,134.0,5.0,1622.2242934375,1622.2242934375,0.24428,0.10878,0.00507,0.03631,0.13547,0.03923,0.00081,0.00641,0.42363,0.24079,0.32568,0.29294,0.24079,0.29294,0.00081,0.00063,0.00018,0.24932,134.0,0.83,1.03,1.17,0.72,0.99,0.99,0.915,1.015,1.085,0.86,0.995,0.995,0.2608,0.7392,R,0.24129,0.24699,0.12102,0.1052,0.00379,0.00553,0.03001,0.0431,0.13519,0.13286,0.03916,0.0351,0.0012,0.00085,0.0048,0.00698,0.42354,0.42338
668709,JJ Bleday,CIN,29,545.0,2072.0,819,,projected,unmodeled,,545.0,2026.0,0.2279,0.11706,0.0046,0.00444,0.03958,0.00466,0.0501,0.11413,0.43753,0.02327,0.01518,0.00146,0.00143,0.00459,0.00051,0.00396,0.00596,0.00766,0.01679,0.01278,0.00401,0.0032,0.00248,0.07122,0.76096,0.23579,310.06464156249996,19.938689062499996,27.5,0.12174,0.10482,0.00807,0.00756,0.1267,0.10909,0.96083,113.0,2.0,1369.828008125,1369.828008125,0.23246,0.12291,0.0046,0.04215,0.11128,0.0496,0.00422,0.00444,0.42835,0.23875,0.33476,0.2782,0.23875,0.2782,0.01701,0.01294,0.00407,0.23879,113.0,1.13,0.95,0.98,0.81,1.1,1.04,1.065,0.975,0.99,0.905,1.05,1.02,0.23281,0.76719,L,0.24441,0.22289,0.08569,0.12658,0.0038,0.00484,0.03869,0.03985,0.13382,0.10816,0.04594,0.05136,0.00265,0.00528,0.00425,0.0045,0.44074,0.43656
641856,Billy McKinney,TEX,32,21.0,253.0,300,,floor,floor,1.0,21.0,2025.0,0.24941,0.08987,0.00869,0.00767,0.03958,0.00378,0.03435,0.12216,0.44448,0.06011,0.03382,0.00508,0.00477,0.00707,0.00071,0.00438,0.00907,0.01146,0.01511,0.01179,0.00332,0.00636,0.00498,0.06844,0.78021,0.22073,26.719043437499995,0.5220062499999999,26.8,0.11456,0.10083,0.01722,0.01629,0.12181,0.10721,0.9405,134.0,2.0,119.22162156249998,119.22162156249998,0.24816,0.08942,0.00869,0.03621,0.12399,0.03727,0.00325,0.00767,0.44532,0.22448,0.29885,0.26977,0.22448,0.26977,0.0152,0.01186,0.00334,0.22211,134.0,0.83,1.03,1.17,0.72,0.99,0.99,0.915,1.015,1.085,0.86,0.995,0.995,0.22892,0.77108,L,0.25521,0.24769,0.0889,0.09016,0.00737,0.00909,0.04992,0.03651,0.1161,0.12396,0.03159,0.03517,0.00377,0.00379,0.00806,0.00755,0.43908,0.44609
665856,Jair Camargo,ATL,27,2.0,9.0,150,,floor,floor,1.0,2.0,2026.0,0.23575,0.08566,0.01006,0.00621,0.03948,0.00184,0.04595,0.1226,0.45246,0.08769,0.04922,0.01052,0.00828,0.01036,0.00031,0.00905,0.01285,0.01714,0.0,0.0,0.0,3e-05,2e-05,0.0,0.7835,0.21832,0.0,0.0,,0.11514,0.10932,,,0.11598,0.11011,,,,,,0.23575,0.08566,0.01006,0.03948,0.1226,0.04595,0.00184,0.00621,0.45246,0.23368,0.30558,0.27355,0.23368,0.27355,0.0,0.0,0.0,0.21832,,1.0,1.0,1.0,1.0,1.0,1.0,1.0,1.0,1.0,1.0,1.0,1.0,0.27273,0.72727,R,0.23575,0.23575,0.08566,0.08566,0.01006,0.01006,0.03948,0.03948,0.1226,0.1226,0.04595,0.04595,0.00184,0.00184,0.00621,0.00621,0.45246,0.45246
665052,Griffin Conine,MIA,29,323.0,498.0,450,,projected,unmodeled,,323.0,2026.0,0.28148,0.09384,0.01193,0.00096,0.03947,0.00305,0.02903,0.12601,0.41423,0.04315,0.02382,0.00451,0.00128,0.00636,0.0005,0.00396,0.00821,0.00991,0.01358,0.0106,0.00298,0.00445,0.00349,0.05858,0.78055,0.23178,99.851625,4.1225,26.8,0.13238,0.11979,0.01361,0.01304,0.13798,0.12486,0.9594,146.0,3.0,391.342125,391.342125,0.27585,0.09478,0.01193,0.0369,0.12664,0.02946,0.00366,0.00096,0.41981,0.2204,0.30338,0.27566,0.2204,0.27566,0.01367,0.01067,0.003,0.23335,146.0,0.87,1.01,1.03,1.4,1.02,0.96,0.935,1.005,1.015,1.2,1.01,0.98,0.23209,0.76791,L,0.24834,0.2915,0.06892,0.10137,0.01071,0.0123,0.02378,0.04421,0.1404,0.12166,0.03192,0.02815,0.00309,0.00304,0.00124,0.00087,0.47159,0.3969
665155,Nick Maton,CWS,30,63.0,446.0,300,,projected,unmodeled,,63.0,2025.0,0.26006,0.11567,0.00931,0.00866,0.03942,0.00138,0.03575,0.11309,0.41666,0.05066,0.03144,0.00418,0.00404,0.00692,0.00023,0.00525,0.00918,0.01167,0.01415,0.01094,0.00321,0.00551,0.00428,0.05944,0.7734,0.23807,54.40723031249999,2.2885187499999997,25.3,0.10482,0.10822,0.01393,0.01412,0.1149,0.11862,0.91233,145.0,5.0,236.18028281249997,236.18028281249997,0.25746,0.11741,0.00931,0.03903,0.11252,0.03486,0.00117,0.00866,0.4196,0.21694,0.31429,0.26146,0.21694,0.26146,0.01422,0.011,0.00322,0.23924,145.0,0.98,0.99,0.95,0.69,1.03,0.98,0.99,0.995,0.975,0.845,1.015,0.99,0.19776,0.80224,L,0.2415,0.26464,0.09465,0.12086,0.00935,0.00929,0.03822,0.03972,0.13368,0.10801,0.04045,0.03459,0.00151,0.00135,0.00772,0.00889,0.43292,0.41266
682829,Elly De La Cruz,CIN,25,636.0,2458.0,1015,,projected,unmodeled,,699.0,2025.0,0.28445,0.09951,0.00508,0.00258,0.03939,0.00814,0.04486,0.13144,0.38454,0.02264,0.01279,0.00141,0.00101,0.00403,0.00106,0.00305,0.00514,0.00639,0.07385,0.05842,0.01543,0.00506,0.00432,0.31286,0.79111,0.23604,417.65058124999996,138.23114375,28.4,0.14623,0.11544,0.00793,0.00717,0.15219,0.12015,0.96083,113.0,3.0,1695.9551687499998,1695.9551687499998,0.29014,0.10449,0.00508,0.04195,0.12816,0.04441,0.00737,0.00258,0.37582,0.24991,0.33145,0.32376,0.24991,0.32376,0.07438,0.05884,0.01554,0.23772,113.0,1.13,0.95,0.98,0.81,1.1,1.04,1.065,0.975,0.99,0.905,1.05,1.02,0.29897,0.70103,S,0.29725,0.279,0.07789,0.10873,0.00787,0.00389,0.03479,0.04135,0.14224,0.12684,0.03977,0.04702,0.00314,0.01028,0.00324,0.0023,0.3938,0.38059
660757,Oscar Gonzalez,SD,29,61.0,623.0,300,,projected,unmodeled,,61.0,2025.0,0.21834,0.04706,0.00696,0.00505,0.03929,0.00221,0.03182,0.15878,0.49048,0.04353,0.01899,0.00313,0.00267,0.00856,0.00034,0.00518,0.01186,0.01368,0.01382,0.01069,0.00312,0.00488,0.0038,0.06492,0.77391,0.2128,65.42156218749999,2.0536159375,28.1,0.10162,0.10259,0.01347,0.01353,0.10076,0.10172,1.00847,135.0,6.0,307.529054375,307.529054375,0.21943,0.04776,0.00696,0.04047,0.1564,0.02975,0.00188,0.00505,0.49229,0.24303,0.28323,0.27638,0.24303,0.27638,0.01371,0.01061,0.0031,0.21112,135.0,1.06,0.97,0.87,0.7,1.03,1.01,1.03,0.985,0.935,0.85,1.015,1.005,0.31034,0.68966,R,0.23699,0.20995,0.04965,0.04589,0.00766,0.00665,0.04379,0.03727,0.1491,0.16313,0.02684,0.03407,0.0024,0.00213,0.00414,0.00546,0.47943,0.49546
673548,Seiya Suzuki,CHC,32,634.0,2899.0,937,,projected,unmodeled,,651.0,2025.0,0.24735,0.10998,0.00634,0.00858,0.03928,0.00304,0.0472,0.1225,0.41574,0.02067,0.01276,0.00145,0.00169,0.00413,0.00026,0.00347,0.00555,0.00694,0.01858,0.01421,0.00437,0.00278,0.00218,0.0778,0.76476,0.23882,481.01293875,34.11620562499999,27.9,0.1326,0.13544,0.00791,0.00798,0.11954,0.1221,1.10928,112.0,4.0,1870.732838125,1870.732838125,0.24859,0.11108,0.00634,0.04045,0.12127,0.04271,0.00336,0.00858,0.41761,0.23776,0.32522,0.28608,0.23776,0.28608,0.01857,0.0142,0.00437,0.23869,112.0,1.06,0.98,0.81,1.21,1.02,1.01,1.03,0.99,0.905,1.105,1.01,1.005,0.26184,0.73816,R,0.20004,0.26414,0.13729,0.10029,0.00561,0.0066,0.03758,0.03988,0.12417,0.12191,0.04582,0.04769,0.0026,0.00319,0.01091,0.00775,0.43599,0.40856
624585,Jorge Soler,LAA,35,361.0,2136.0,707,,projected,unmodeled,,361.0,2026.0,0.27404,0.10411,0.01169,0.00747,0.03925,0.00202,0.04411,0.11037,0.40694,0.02513,0.01465,0.00228,0.00183,0.00492,0.00053,0.00393,0.00576,0.00761,0.0033,0.00257,0.00074,0.00145,0.00113,0.01461,0.77746,0.22617,298.29912749999994,2.023541875,26.0,0.11667,0.11729,0.00779,0.00781,0.12822,0.1289,0.90997,108.0,3.0,1325.4827006249998,1325.4827006249998,0.28226,0.10359,0.01169,0.03925,0.11037,0.04191,0.00187,0.00747,0.4016,0.22045,0.30867,0.27737,0.22045,0.27737,0.0033,0.00256,0.00073,0.22565,108.0,1.0,1.0,0.9,0.85,0.99,1.06,1.0,1.0,0.95,0.925,0.995,1.03,0.24345,0.75655,R,0.25435,0.28038,0.11442,0.1008,0.01199,0.01159,0.04409,0.03769,0.11152,0.11,0.04674,0.04327,0.00205,0.00201,0.00883,0.00703,0.40601,0.40724
823550,Sung-Mun Song,SD,30,154.0,154.0,150,,projected,unmodeled,,154.0,2026.0,0.21068,0.10661,0.00382,0.00664,0.03923,0.00243,0.03792,0.13035,0.46231,0.05708,0.03677,0.00403,0.0053,0.01083,0.00067,0.00845,0.01413,0.01817,0.056,0.0436,0.0124,0.01116,0.00883,0.23257,0.77863,0.24079,33.15,14.45,27.2,0.12926,0.11322,0.01853,0.0175,0.12817,0.11227,1.00847,135.0,3.0,130.9,130.9,0.21174,0.10821,0.00382,0.04041,0.1284,0.03545,0.00207,0.00664,0.46327,0.23411,0.31836,0.2637,0.23411,0.2637,0.05592,0.04354,0.01238,0.24043,135.0,1.06,0.97,0.87,0.7,1.03,1.01,1.03,0.985,0.935,0.85,1.015,1.005,0.18362,0.81638,L,0.21145,0.21051,0.10894,0.10609,0.00201,0.00423,0.06116,0.0343,0.12366,0.13186,0.0374,0.03803,0.00206,0.00252,0.00789,0.00636,0.44544,0.4661
694249,Cole Carrigg,COL,25,372.0,372.0,300,,projected,unmodeled,,372.0,2026.0,0.23534,0.07753,0.01304,0.01007,0.03914,0.00421,0.03984,0.12746,0.45338,0.04423,0.02373,0.00533,0.00469,0.00844,0.0012,0.00596,0.01026,0.01296,0.03401,0.02631,0.00769,0.00708,0.00557,0.15598,0.77377,0.21803,74.8,13.6,28.7,0.11841,0.1211,0.01377,0.01391,0.12522,0.12807,0.9456,115.0,4.0,316.2,316.2,0.22357,0.07598,0.01304,0.04071,0.13702,0.04442,0.00661,0.01007,0.44859,0.25392,0.31777,0.29538,0.25392,0.29538,0.03526,0.02728,0.00798,0.22603,115.0,1.08,1.15,1.23,2.14,0.96,0.9,1.04,1.075,1.115,1.57,0.98,0.95,0.36364,0.63636,S,0.25486,0.22418,0.05559,0.09006,0.00767,0.01611,0.03083,0.04389,0.13071,0.1256,0.05134,0.03326,0.00204,0.00545,0.01319,0.00829,0.45376,0.45315
815873,Sean Keys,TOR,24,67.0,67.0,150,,projected,unmodeled,,67.0,2026.0,0.26662,0.07019,0.01289,0.01056,0.03887,0.00242,0.04078,0.12072,0.43694,0.07508,0.03692,0.00927,0.0084,0.01133,0.00063,0.00774,0.01321,0.0169,0.01627,0.01268,0.00358,0.00712,0.00557,0.07982,0.77964,0.2038,10.2,0.0,27.0,0.12245,0.11868,0.02019,0.01992,0.12524,0.12138,0.97775,141.0,3.0,56.949999999999996,56.949999999999996,0.26396,0.07019,0.01289,0.03984,0.12072,0.0416,0.00203,0.01056,0.43821,0.22529,0.28727,0.27275,0.22529,0.27275,0.01627,0.01268,0.00358,0.2038,141.0,1.05,1.0,1.04,0.68,1.0,0.98,1.025,1.0,1.02,0.84,1.0,0.99,0.20599,0.79401,L,0.26742,0.26642,0.06992,0.07026,0.01367,0.01269,0.04631,0.03694,0.1084,0.12391,0.0407,0.0408,0.00187,0.00257,0.0131,0.00991,0.43862,0.43651
668832,Kyle McCann,OAK,29,157.0,157.0,150,,floor,floor,1.0,0.0,,0.29799,0.09313,0.008,0.00233,0.03885,0.00104,0.04038,0.11653,0.40175,0.06942,0.03755,0.00577,0.00313,0.0105,0.00022,0.00799,0.01387,0.01687,0.01206,0.0094,0.00266,0.00574,0.00449,0.05542,0.77964,0.21766,25.179124999999996,0.0,25.3,0.10555,0.10675,0.01749,0.01757,0.10946,0.11071,0.9642,133.0,5.0,96.41762499999999,96.41762499999999,0.28458,0.09825,0.008,0.04565,0.12061,0.04361,0.00087,0.00233,0.3961,0.23641,0.31699,0.29418,0.23641,0.29418,0.01257,0.0098,0.00277,0.22686,133.0,1.35,1.07,1.16,0.67,1.11,0.91,1.175,1.035,1.08,0.835,1.055,0.955,0.17367,0.82633,L,0.29797,0.29799,0.0947,0.0928,0.00648,0.00831,0.04559,0.03743,0.0963,0.12079,0.0415,0.04014,0.00039,0.00118,0.00107,0.0026,0.416,0.39875
694671,Wyatt Langford,TEX,25,471.0,1601.0,887,,projected,unmodeled,,573.0,2025.0,0.23318,0.11143,0.00827,0.00568,0.03874,0.00323,0.04661,0.12977,0.42309,0.02537,0.01607,0.00221,0.00183,0.0043,0.00045,0.00366,0.00594,0.00734,0.04145,0.03255,0.0089,0.00503,0.00409,0.16618,0.78531,0.24946,291.4735,49.89074999999999,28.2,0.12884,0.10957,0.0088,0.00821,0.13654,0.11612,0.94359,140.0,3.0,1156.4101249999999,1156.4101249999999,0.23434,0.10809,0.00827,0.03738,0.12717,0.04498,0.00296,0.00568,0.43113,0.24203,0.32884,0.28885,0.24203,0.28885,0.04047,0.03178,0.00869,0.24352,140.0,0.93,0.96,0.93,0.83,0.94,1.01,0.965,0.98,0.965,0.915,0.97,1.005,0.26929,0.73071,R,0.24393,0.22922,0.13404,0.1031,0.00671,0.00884,0.03807,0.03898,0.12458,0.13168,0.0421,0.04828,0.00584,0.00227,0.00544,0.00577,0.39928,0.43187
671284,Tim Elko,CWS,28,72.0,72.0,150,,projected,unmodeled,,72.0,2025.0,0.28925,0.07946,0.00589,0.00364,0.03873,0.00177,0.02476,0.13028,0.42623,0.07822,0.03972,0.00619,0.00487,0.01051,0.00039,0.00565,0.0127,0.01593,0.02196,0.01714,0.00482,0.00868,0.0068,0.10183,0.78043,0.21563,6.5024999999999995,0.7224999999999999,27.8,0.10294,0.10518,0.01818,0.01835,0.11284,0.11529,0.91233,145.0,5.0,52.019999999999996,52.019999999999996,0.28636,0.08065,0.00589,0.03834,0.12963,0.02414,0.0015,0.00364,0.42986,0.2128,0.28015,0.26536,0.2128,0.26536,0.02201,0.01718,0.00483,0.21617,145.0,0.98,0.99,0.95,0.69,1.03,0.98,0.99,0.995,0.975,0.845,1.015,0.99,0.26471,0.73529,R,0.31059,0.28156,0.078,0.07998,0.00602,0.00584,0.03505,0.04006,0.13757,0.12766,0.02553,0.02448,0.00181,0.00176,0.00372,0.00361,0.40171,0.43505
669360,Trei Cruz,DET,28,5.0,5.0,300,,floor,floor,1.0,5.0,2026.0,0.23834,0.08121,0.01053,0.00651,0.03873,0.00227,0.04831,0.12148,0.45262,0.08876,0.04844,0.01101,0.00867,0.0084,0.00038,0.00725,0.01041,0.01362,0.0,0.0,0.0,3e-05,2e-05,0.0,0.7835,0.21322,0.0,0.0,,0.11514,0.10932,,,0.11598,0.11011,,,,,,0.23834,0.08121,0.01053,0.03873,0.12148,0.04831,0.00227,0.00651,0.45262,0.23376,0.30253,0.27543,0.23376,0.27543,0.0,0.0,0.0,0.21322,,1.0,1.0,1.0,1.0,1.0,1.0,1.0,1.0,1.0,1.0,1.0,1.0,0.25854,0.74146,S,0.23834,0.23834,0.08121,0.08121,0.01053,0.01053,0.03873,0.03873,0.12148,0.12148,0.04831,0.04831,0.00227,0.00227,0.00651,0.00651,0.45262,0.45262
669911,Michael Toglia,CIN,28,28.0,1095.0,586,,projected,unmodeled,,337.0,2025.0,0.33767,0.09316,0.00331,0.00473,0.03872,0.00258,0.04598,0.10979,0.36406,0.03599,0.01883,0.00168,0.002,0.0049,0.00022,0.00408,0.00654,0.00796,0.01798,0.01408,0.00389,0.00434,0.00344,0.08715,0.78349,0.20627,129.68046781249998,10.854298125,27.0,0.10745,0.10562,0.0102,0.01012,0.11183,0.10993,0.96083,113.0,5.0,681.1413374999998,681.1413374999998,0.34442,0.09782,0.00331,0.04123,0.10705,0.04552,0.00233,0.00473,0.35358,0.21936,0.29727,0.30464,0.21936,0.30464,0.01814,0.01422,0.00393,0.20818,113.0,1.13,0.95,0.98,0.81,1.1,1.04,1.065,0.975,0.99,0.905,1.05,1.02,0.29326,0.70674,S,0.29424,0.35569,0.08108,0.09817,0.00323,0.00335,0.03799,0.03902,0.11927,0.10586,0.05375,0.04276,0.00214,0.00276,0.00676,0.00388,0.40155,0.34851
663330,Jahmai Jones,BOS,29,181.0,389.0,450,,projected,unmodeled,,181.0,2026.0,0.27002,0.09493,0.0211,0.00118,0.03862,0.00267,0.05027,0.11786,0.40336,0.04741,0.02664,0.00663,0.00158,0.00647,0.00033,0.00564,0.00769,0.00986,0.02466,0.01913,0.00553,0.00656,0.00514,0.10541,0.77583,0.23389,69.78287499999999,6.9232499999999995,28.5,0.12581,0.11465,0.01518,0.01458,0.12265,0.11177,1.02577,111.0,3.0,291.088875,291.088875,0.26597,0.09398,0.0211,0.03611,0.12081,0.05529,0.00252,0.00118,0.40304,0.24298,0.32981,0.30709,0.24298,0.30709,0.02487,0.01929,0.00557,0.23589,111.0,0.87,1.05,1.2,0.89,0.98,0.97,0.935,1.025,1.1,0.945,0.99,0.985,0.61419,0.38581,R,0.27787,0.25753,0.1066,0.07636,0.02295,0.01814,0.04493,0.02856,0.11399,0.12402,0.0534,0.04529,0.00263,0.00273,0.00101,0.00145,0.37663,0.44592
640458,Óscar Mercado,STL,32,32.0,160.0,300,,floor,floor,1.0,0.0,,0.21471,0.06459,0.0079,0.00647,0.03862,0.00281,0.04862,0.1335,0.48278,0.06631,0.03379,0.0057,0.00516,0.00778,0.00053,0.00699,0.01003,0.01323,0.02684,0.02083,0.006,0.00877,0.00685,0.13028,0.77633,0.20599,12.528149999999998,3.340839999999999,,0.11571,0.11449,0.01897,0.01889,0.1197,0.11843,0.96671,138.0,5.0,73.49847999999999,73.49847999999999,0.20505,0.06266,0.0079,0.03399,0.13817,0.05032,0.00239,0.00647,0.49306,0.24363,0.29542,0.27909,0.24363,0.27909,0.02719,0.02111,0.00608,0.20872,138.0,0.76,1.07,1.07,0.7,0.94,0.91,0.88,1.035,1.035,0.85,0.97,0.955,0.26,0.74,R,0.2198,0.21292,0.06545,0.06429,0.00726,0.00812,0.03241,0.0408,0.13952,0.13138,0.05094,0.0478,0.00241,0.00295,0.00586,0.00668,0.47633,0.48505
695681,Christian Moore,LAA,24,147.0,331.0,150,,projected,unmodeled,,184.0,2025.0,0.30147,0.08814,0.00704,0.00621,0.03861,0.00355,0.03224,0.12178,0.40095,0.0516,0.02713,0.00412,0.00387,0.01093,0.00098,0.00643,0.01353,0.01648,0.02301,0.01779,0.00522,0.00656,0.00512,0.10605,0.7732,0.21696,53.677499999999995,5.567499999999999,28.2,0.08702,0.10324,0.01251,0.01349,0.09563,0.11346,0.90997,108.0,6.0,257.89,257.89,0.31051,0.0877,0.00704,0.03861,0.12178,0.03063,0.00329,0.00621,0.39423,0.21613,0.28905,0.28312,0.21613,0.28312,0.02296,0.01775,0.00521,0.21652,108.0,1.0,1.0,0.9,0.85,0.99,1.06,1.0,1.0,0.95,0.925,0.995,1.03,0.27495,0.72505,R,0.26455,0.31547,0.08179,0.09054,0.00623,0.00735,0.03978,0.03817,0.13672,0.11611,0.04021,0.02922,0.0025,0.00395,0.00727,0.00581,0.42095,0.39337
681460,Brooks Baldwin,CWS,26,328.0,449.0,379,,projected,unmodeled,,328.0,2025.0,0.25157,0.06643,0.00358,0.00483,0.03855,0.00531,0.04221,0.13055,0.45697,0.04551,0.02223,0.0026,0.00301,0.00676,0.00089,0.00518,0.00921,0.01161,0.02109,0.01658,0.00451,0.00582,0.00461,0.10516,0.78613,0.20056,61.918249999999986,6.068999999999999,28.6,0.10191,0.10722,0.01271,0.01299,0.11171,0.11752,0.91233,145.0,5.0,311.28912499999996,311.28912499999996,0.24906,0.06743,0.00358,0.03817,0.12989,0.04115,0.00449,0.00483,0.4614,0.23124,0.28471,0.27559,0.23124,0.27559,0.02113,0.01661,0.00452,0.20091,145.0,0.98,0.99,0.95,0.69,1.03,0.98,0.99,0.995,0.975,0.845,1.015,0.99,0.2265,0.7735,S,0.20196,0.2661,0.07906,0.06274,0.00407,0.00344,0.03091,0.04079,0.13065,0.13052,0.0412,0.0425,0.00503,0.00539,0.00442,0.00495,0.5027,0.44358
665833,Oneil Cruz,PIT,28,419.0,1963.0,828,,projected,unmodeled,,544.0,2025.0,0.31285,0.1016,0.00631,0.00565,0.03853,0.00488,0.04162,0.1197,0.36885,0.02638,0.01463,0.00175,0.00166,0.00438,0.0005,0.00322,0.00512,0.00666,0.05799,0.04657,0.01142,0.00522,0.00441,0.25478,0.80303,0.22761,310.8263637499999,84.42026812499999,28.5,0.12931,0.13267,0.00837,0.00846,0.13749,0.14106,0.9405,134.0,3.0,1298.1087428124997,1298.1087428124997,0.31129,0.1011,0.00631,0.03526,0.12149,0.04516,0.0042,0.00565,0.36954,0.23238,0.31351,0.31616,0.23238,0.31616,0.05832,0.04683,0.01149,0.2289,134.0,0.83,1.03,1.17,0.72,0.99,0.99,0.915,1.015,1.085,0.86,0.995,0.995,0.26674,0.73326,L,0.34711,0.30039,0.08123,0.10902,0.00719,0.00599,0.02686,0.04278,0.12286,0.11854,0.03902,0.04257,0.00655,0.00428,0.0055,0.00571,0.36368,0.37072
543309,Kyle Higashioka,TEX,37,186.0,1284.0,580,,projected,unmodeled,,327.0,2025.0,0.24557,0.06756,0.00432,0.00774,0.03849,0.00064,0.04218,0.12668,0.46682,0.03049,0.01513,0.00178,0.00237,0.0053,8e-05,0.00409,0.00764,0.00947,0.00645,0.00503,0.00143,0.00243,0.0019,0.0325,0.77885,0.19856,160.48577999999998,4.561955312499999,24.6,0.1017,0.12465,0.00925,0.0101,0.10778,0.1321,0.94359,140.0,5.0,801.6329174999998,801.6329174999998,0.2468,0.06553,0.00432,0.03714,0.12415,0.04071,0.00058,0.00774,0.47303,0.21962,0.27243,0.25912,0.21962,0.25912,0.00631,0.00491,0.00139,0.194,140.0,0.93,0.96,0.93,0.83,0.94,1.01,0.965,0.98,0.965,0.915,0.97,1.005,0.3084,0.6916,R,0.23935,0.24834,0.06119,0.07039,0.00598,0.00358,0.04273,0.0366,0.12261,0.1285,0.05024,0.03859,0.00077,0.00058,0.00688,0.00812,0.47024,0.4653
641857,Ryan McMahon,NYY,32,360.0,2815.0,881,,projected,unmodeled,,586.0,2025.0,0.29489,0.10306,0.00549,0.00503,0.03847,0.00193,0.0353,0.1202,0.39563,0.02275,0.01291,0.00137,0.00131,0.00408,0.00018,0.00286,0.00529,0.00652,0.01269,0.00961,0.00308,0.00246,0.00189,0.05549,0.75724,0.22875,404.8546228125,22.938365625,25.9,0.11885,0.11468,0.00784,0.00771,0.10713,0.10338,1.10936,147.0,6.0,1717.6856153125,1717.6856153125,0.30079,0.11028,0.00549,0.04193,0.11479,0.03442,0.00168,0.00503,0.3856,0.21931,0.30858,0.28125,0.21931,0.28125,0.01279,0.00969,0.00311,0.23056,147.0,1.18,0.91,0.95,0.74,1.14,1.04,1.09,0.955,0.975,0.87,1.07,1.02,0.24679,0.75321,L,0.28885,0.29687,0.09184,0.10674,0.01001,0.00401,0.02606,0.04253,0.13324,0.11592,0.02924,0.03729,0.00171,0.002,0.00468,0.00514,0.41439,0.38949
687605,Andrew Pinckney,WSH,26,29.0,29.0,300,,projected,unmodeled,,29.0,2026.0,0.24706,0.07474,0.01739,0.02342,0.03847,0.0033,0.04716,0.11293,0.43552,0.08217,0.04265,0.01246,0.01442,0.00764,0.00058,0.00592,0.00861,0.0119,0.02384,0.01853,0.00531,0.00879,0.00687,0.11627,0.77728,0.20506,5.95,1.7,,0.13046,0.1124,0.02267,0.02125,0.12852,0.11073,1.01514,120.0,2.0,24.65,24.65,0.23965,0.07474,0.01739,0.03944,0.11519,0.04693,0.00317,0.02342,0.44007,0.23147,0.29685,0.27304,0.23147,0.27304,0.0241,0.01874,0.00537,0.20732,120.0,1.05,1.04,0.99,0.92,1.0,0.94,1.025,1.02,0.995,0.96,1.0,0.97,0.29694,0.70306,R,0.24706,0.24706,0.07474,0.07474,0.01739,0.01739,0.03847,0.03847,0.11293,0.11293,0.04716,0.04716,0.0033,0.0033,0.02342,0.02342,0.43552,0.43552
641779,Charles Leblanc,LAA,31,28.0,197.0,150,,floor,floor,1.0,0.0,,0.26714,0.09413,0.00684,0.002,0.03844,0.00249,0.03476,0.12501,0.4292,0.06789,0.03814,0.00494,0.00268,0.0115,0.00078,0.00679,0.01436,0.01765,0.02303,0.01792,0.00511,0.00799,0.00625,0.10191,0.77816,0.22598,23.275337499999996,2.662231875,,0.11585,0.10131,0.01774,0.01674,0.12731,0.11133,0.90997,108.0,3.0,92.18169781249999,92.18169781249999,0.27516,0.09366,0.00684,0.03844,0.12501,0.03302,0.0023,0.002,0.42358,0.22147,0.29927,0.27458,0.22147,0.27458,0.02298,0.01788,0.0051,0.22551,108.0,1.0,1.0,0.9,0.85,0.99,1.06,1.0,1.0,0.95,0.925,0.995,1.03,0.28509,0.71491,R,0.25767,0.27092,0.09301,0.09457,0.00774,0.00648,0.03723,0.03892,0.12322,0.12573,0.03465,0.0348,0.00256,0.00246,0.00206,0.00197,0.44185,0.42415
695506,Jac Caglianone,KC,24,553.0,785.0,308,,projected,unmodeled,,553.0,2026.0,0.24708,0.06713,0.01375,0.0018,0.03841,0.0051,0.05025,0.12941,0.44707,0.03378,0.01668,0.00396,0.00144,0.00771,0.00083,0.00657,0.00983,0.01287,0.01451,0.01132,0.00319,0.00386,0.00304,0.069,0.78034,0.21029,140.9725,8.372499999999999,27.0,0.11802,0.11904,0.01088,0.01092,0.12319,0.12425,0.95808,118.0,4.0,637.67,637.67,0.23349,0.06713,0.01375,0.0363,0.1307,0.05477,0.00676,0.0018,0.4553,0.24912,0.30941,0.29686,0.24912,0.29686,0.0146,0.01139,0.00321,0.21159,118.0,0.89,1.02,1.18,1.65,1.0,0.89,0.945,1.01,1.09,1.325,1.0,0.945,0.2934,0.7066,L,0.26269,0.24061,0.04606,0.07588,0.02166,0.01047,0.03875,0.03827,0.12732,0.13028,0.04672,0.05171,0.00501,0.00513,0.00188,0.00176,0.44991,0.44589
686482,Logan Driscoll,TB,29,37.0,37.0,150,,floor,floor,1.0,0.0,,0.21171,0.07399,0.00765,0.01327,0.03837,0.00147,0.03412,0.14597,0.47345,0.07844,0.04278,0.00802,0.01054,0.01111,0.00027,0.00758,0.01542,0.01863,0.01867,0.01455,0.00411,0.00852,0.00667,0.08201,0.77964,0.22761,3.6847499999999993,0.0,25.5,0.10799,0.11308,0.02032,0.02074,0.11251,0.11781,0.95991,139.0,5.0,22.722624999999997,22.722624999999997,0.21488,0.07029,0.00765,0.03933,0.14378,0.03361,0.0015,0.01327,0.47568,0.24012,0.29616,0.27329,0.24012,0.27329,0.01818,0.01418,0.00401,0.22172,139.0,1.05,0.97,0.97,1.04,0.9,1.03,1.025,0.985,0.985,1.02,0.95,1.015,0.24895,0.75105,L,0.21364,0.21107,0.07031,0.07521,0.00591,0.00823,0.0447,0.03628,0.14993,0.14466,0.03011,0.03545,0.00071,0.00172,0.01875,0.01146,0.46594,0.47593
657757,Gavin Sheets,SD,31,419.0,2219.0,897,,projected,unmodeled,,545.0,2025.0,0.20378,0.08881,0.00822,0.0072,0.03836,0.00351,0.05081,0.13834,0.46097,0.02198,0.01322,0.00188,0.00176,0.00466,0.0004,0.004,0.00632,0.0079,0.00798,0.00622,0.00176,0.00221,0.00174,0.03392,0.77932,0.23537,321.6519371875,8.54600625,26.6,0.10345,0.12772,0.0076,0.00834,0.10258,0.12665,1.00847,135.0,5.0,1419.0784531249997,1419.0784531249997,0.2048,0.09014,0.00822,0.03951,0.13627,0.04751,0.00298,0.0072,0.46337,0.25297,0.32463,0.28726,0.25297,0.28726,0.00796,0.0062,0.00176,0.23463,135.0,1.06,0.97,0.87,0.7,1.03,1.01,1.03,0.985,0.935,0.85,1.015,1.005,0.22102,0.77898,L,0.2324,0.19566,0.07321,0.09324,0.006,0.00885,0.022,0.043,0.14652,0.13602,0.04907,0.0513,0.00818,0.00218,0.01083,0.00617,0.45179,0.46357
542208,Carlos Pérez,OAK,36,189.0,189.0,300,,floor,floor,1.0,0.0,,0.21734,0.07678,0.0182,0.01321,0.03823,0.00214,0.04079,0.13295,0.46037,0.06224,0.0342,0.00813,0.00695,0.00805,0.00043,0.00581,0.01064,0.01307,0.0149,0.01162,0.00328,0.00657,0.00514,0.06539,0.77964,0.22792,23.490281249999995,0.0,,0.11284,0.11611,0.01794,0.01816,0.11703,0.12042,0.9642,133.0,5.0,98.65918124999997,98.65918124999997,0.20756,0.081,0.0182,0.04492,0.1376,0.04405,0.00179,0.01321,0.45167,0.25728,0.32756,0.28883,0.25728,0.28883,0.01548,0.01207,0.00341,0.2368,133.0,1.35,1.07,1.16,0.67,1.11,0.91,1.175,1.035,1.08,0.835,1.055,0.955,0.26,0.74,R,0.19131,0.22649,0.06057,0.08247,0.01773,0.01836,0.03691,0.03869,0.14891,0.12734,0.0461,0.03892,0.00211,0.00215,0.01162,0.01377,0.48474,0.45181
695670,Harry Ford,WSH,24,118.0,126.0,300,,projected,unmodeled,,118.0,2026.0,0.2342,0.1112,0.01405,0.00754,0.0382,0.00163,0.03173,0.12979,0.43165,0.06275,0.03965,0.00818,0.00601,0.00802,0.00034,0.00521,0.01065,0.01279,0.02597,0.02032,0.00565,0.00903,0.00711,0.10183,0.78241,0.25504,22.95,2.55,27.2,0.123,0.10187,0.01912,0.0176,0.12117,0.10035,1.01514,120.0,2.0,100.3,100.3,0.22717,0.1112,0.01405,0.03916,0.13238,0.03158,0.00156,0.00754,0.43535,0.23602,0.32994,0.27547,0.23602,0.27547,0.02623,0.02053,0.00571,0.25764,120.0,1.05,1.04,0.99,0.92,1.0,0.94,1.025,1.02,0.995,0.96,1.0,0.97,0.35276,0.64724,R,0.24968,0.22577,0.12025,0.10627,0.01175,0.01531,0.03437,0.0403,0.1381,0.12526,0.03791,0.02837,0.00161,0.00164,0.00743,0.0076,0.39891,0.4495
518692,Freddie Freeman,LAD,37,657.0,3360.0,1197,,projected,unmodeled,,657.0,2026.0,0.17431,0.10492,0.01247,0.00946,0.0382,0.00183,0.0506,0.14805,0.46015,0.01721,0.01183,0.00189,0.00165,0.00372,0.00014,0.00332,0.00568,0.00682,0.01534,0.01221,0.00313,0.00243,0.00198,0.05779,0.7959,0.26545,597.4603143749999,38.112809999999996,25.3,0.13522,0.12882,0.00769,0.00753,0.11866,0.11304,1.13954,119.0,5.0,2098.4771737499996,2098.4771737499996,0.17605,0.10597,0.01247,0.0426,0.14361,0.04934,0.0015,0.00946,0.459,0.27181,0.35549,0.29757,0.27181,0.29757,0.01514,0.01205,0.00309,0.26205,119.0,1.23,0.94,0.95,0.64,1.02,1.02,1.115,0.97,0.975,0.82,1.01,1.01,0.3148,0.6852,L,0.2,0.1625,0.08171,0.11559,0.01638,0.01067,0.03977,0.03748,0.14099,0.1513,0.0438,0.05373,0.00195,0.00177,0.00783,0.01021,0.46757,0.45674
595751,Jorge Alfaro,WSH,34,39.0,365.0,150,,projected,unmodeled,,39.0,2025.0,0.30237,0.05197,0.01549,0.00798,0.03819,0.00199,0.0252,0.13171,0.42509,0.05871,0.02415,0.00585,0.00421,0.01072,0.00037,0.00569,0.0136,0.01612,0.01532,0.01196,0.00336,0.00578,0.00454,0.07692,0.78092,0.19918,34.20324031249999,1.1662053124999998,28.2,0.10184,0.11954,0.01571,0.01685,0.10033,0.11776,1.01514,120.0,6.0,176.897080625,176.897080625,0.2933,0.05197,0.01549,0.03915,0.13435,0.02508,0.00191,0.00798,0.43077,0.21684,0.26795,0.27247,0.21684,0.27247,0.01552,0.01212,0.0034,0.20181,120.0,1.05,1.04,0.99,0.92,1.0,0.94,1.025,1.02,0.995,0.96,1.0,0.97,0.25523,0.74477,R,0.28879,0.30702,0.06605,0.04715,0.01146,0.01688,0.04744,0.03502,0.1415,0.12836,0.02304,0.02595,0.00222,0.00191,0.00681,0.00839,0.41269,0.42933
695020,Tanner Murray,CWS,27,33.0,33.0,450,,projected,unmodeled,,33.0,2026.0,0.22059,0.07939,0.01677,0.01374,0.03812,0.00269,0.04393,0.12239,0.46238,0.07794,0.04326,0.01203,0.0109,0.00531,0.00027,0.00411,0.0071,0.00912,0.01838,0.01433,0.00405,0.00805,0.0063,0.0841,0.77964,0.21855,6.8,0.0,26.9,0.10082,0.10003,0.01894,0.01888,0.1105,0.10965,0.91233,145.0,5.0,28.05,28.05,0.21838,0.08058,0.01677,0.03774,0.12177,0.04283,0.00227,0.01374,0.4659,0.23019,0.30197,0.26372,0.23019,0.26372,0.01843,0.01437,0.00406,0.21913,145.0,0.98,0.99,0.95,0.69,1.03,0.98,0.99,0.995,0.975,0.845,1.015,0.99,0.32618,0.67382,R,0.23016,0.21595,0.08247,0.07791,0.01166,0.01925,0.03265,0.04077,0.13542,0.11607,0.04189,0.04492,0.00318,0.00245,0.00782,0.01661,0.45476,0.46607
621512,Tomás Nido,DET,33,37.0,551.0,450,,projected,unmodeled,,37.0,2025.0,0.2455,0.04901,0.00459,0.0088,0.03812,0.00106,0.04259,0.13541,0.47492,0.04675,0.01996,0.00269,0.00372,0.00614,0.00021,0.00485,0.00824,0.01036,0.00674,0.00525,0.00148,0.0034,0.00266,0.03564,0.77964,0.18901,56.44215156249999,0.0,25.1,0.10333,0.08894,0.01387,0.01297,0.10292,0.0886,1.00391,116.0,7.0,283.43214406249996,283.43214406249996,0.24305,0.04877,0.00459,0.03831,0.13473,0.04131,0.00133,0.0088,0.47912,0.22997,0.26904,0.27018,0.22997,0.27018,0.0067,0.00523,0.00148,0.18808,116.0,1.01,0.99,0.94,1.5,0.99,0.98,1.005,0.995,0.97,1.25,0.995,0.99,0.29708,0.70292,R,0.25518,0.24141,0.06005,0.04434,0.0041,0.00479,0.03648,0.03881,0.13152,0.13705,0.04418,0.04192,0.00115,0.00103,0.00906,0.00869,0.45828,0.48195
657675,Rudy Martin Jr.,TOR,31,3.0,3.0,150,,floor,floor,1.0,3.0,2026.0,0.22571,0.09085,0.01078,0.00666,0.03799,0.00348,0.03089,0.13874,0.4549,0.08781,0.05139,0.01127,0.00888,0.01089,0.00134,0.00668,0.01535,0.01827,0.0,0.0,0.0,3e-05,3e-05,0.0,0.7835,0.24037,0.0,0.0,,0.11514,0.10932,,,0.11598,0.11011,,,,,,0.22571,0.09085,0.01078,0.03799,0.13874,0.03089,0.00348,0.00666,0.4549,0.23674,0.31273,0.27565,0.23674,0.27565,0.0,0.0,0.0,0.24037,,1.0,1.0,1.0,1.0,1.0,1.0,1.0,1.0,1.0,1.0,1.0,1.0,0.26108,0.73892,L,0.22571,0.22571,0.09085,0.09085,0.01078,0.01078,0.03799,0.03799,0.13874,0.13874,0.03089,0.03089,0.00348,0.00348,0.00666,0.00666,0.4549,0.4549
663993,Nathaniel Lowe,CLE,31,429.0,2972.0,900,,projected,unmodeled,,609.0,2025.0,0.2346,0.10388,0.00586,0.00673,0.03799,0.00171,0.04135,0.13539,0.43248,0.02059,0.01262,0.00138,0.00148,0.00436,0.00018,0.00324,0.00573,0.00724,0.00239,0.00187,0.00053,0.00105,0.00082,0.00976,0.77988,0.24514,474.3985734374999,4.247577499999999,25.5,0.09871,0.11649,0.00641,0.00689,0.10513,0.12406,0.93896,114.0,5.0,1815.7555765624998,1815.7555765624998,0.24047,0.10388,0.00586,0.03666,0.13539,0.04218,0.00138,0.00673,0.42744,0.24404,0.32536,0.29511,0.24404,0.29511,0.00239,0.00187,0.00053,0.24514,114.0,0.93,1.0,1.04,0.62,1.0,1.05,0.965,1.0,1.02,0.81,1.0,1.025,0.23073,0.76927,L,0.24402,0.23178,0.09495,0.10656,0.00678,0.00559,0.02776,0.04106,0.13216,0.13636,0.03771,0.04244,0.00158,0.00174,0.00612,0.00692,0.44892,0.42754
681807,David Fry,CLE,31,214.0,876.0,580,,projected,unmodeled,,214.0,2026.0,0.26127,0.0989,0.01872,0.00476,0.03799,0.00128,0.0442,0.11426,0.41862,0.03544,0.0205,0.00438,0.00223,0.00505,0.00013,0.00421,0.00683,0.00861,0.01101,0.00861,0.0024,0.00357,0.00281,0.04747,0.78185,0.23187,141.0594125,4.8371375,26.4,0.10814,0.1176,0.01063,0.01102,0.11517,0.12524,0.93896,114.0,5.0,595.05620625,595.05620625,0.2678,0.0989,0.01872,0.03666,0.11426,0.04508,0.00104,0.00476,0.41278,0.22452,0.31466,0.27982,0.22452,0.27982,0.01101,0.00861,0.0024,0.23187,114.0,0.93,1.0,1.04,0.62,1.0,1.05,0.965,1.0,1.02,0.81,1.0,1.025,0.50363,0.49637,R,0.27686,0.24546,0.12231,0.07513,0.01995,0.01747,0.04199,0.03393,0.10308,0.1256,0.04304,0.04538,0.00102,0.00154,0.00443,0.0051,0.38731,0.45039
677595,Ronny Mauricio,NYM,26,62.0,354.0,300,,projected,unmodeled,,184.0,2025.0,0.27628,0.0721,0.00667,0.00127,0.03788,0.0012,0.03372,0.13603,0.43485,0.05143,0.02532,0.0039,0.00171,0.00764,0.00022,0.00514,0.01057,0.01257,0.02242,0.01764,0.00478,0.00646,0.00512,0.1044,0.78662,0.21479,53.26716249999999,6.544043749999998,25.9,0.11331,0.09629,0.01532,0.01425,0.11015,0.09361,1.02866,121.0,6.0,242.01667499999996,242.01667499999996,0.28043,0.07462,0.00667,0.03807,0.13331,0.03254,0.00108,0.00127,0.43202,0.22344,0.28628,0.2787,0.22344,0.2787,0.0224,0.01762,0.00478,0.21459,121.0,1.01,0.96,0.93,0.79,1.07,1.03,1.005,0.98,0.965,0.895,1.035,1.015,0.23767,0.76233,S,0.28918,0.27226,0.06937,0.07294,0.00607,0.00686,0.03012,0.0403,0.12125,0.14063,0.03507,0.0333,0.00138,0.00115,0.0015,0.0012,0.44606,0.43135
676946,Matthew Batten,SD,32,3.0,164.0,300,,floor,floor,1.0,0.0,,0.22056,0.09898,0.01186,0.00227,0.03786,0.00214,0.03329,0.13775,0.45529,0.06499,0.03984,0.00692,0.00304,0.00803,0.00031,0.00492,0.0103,0.01259,0.024,0.01864,0.00536,0.00869,0.00679,0.09654,0.77675,0.2486,21.402256249999997,2.0880249999999996,,0.12385,0.10482,0.02005,0.01864,0.12281,0.10394,1.00847,135.0,2.0,72.55886874999999,72.55886874999999,0.22166,0.10046,0.01186,0.03899,0.13569,0.03113,0.00182,0.00227,0.45612,0.2345,0.31995,0.26992,0.2345,0.26992,0.02394,0.0186,0.00535,0.24801,135.0,1.06,0.97,0.87,0.7,1.03,1.01,1.03,0.985,0.935,0.85,1.015,1.005,0.26108,0.73892,R,0.21069,0.22405,0.09704,0.09966,0.01092,0.0122,0.03946,0.03729,0.15212,0.13268,0.03389,0.03308,0.00219,0.00213,0.00232,0.00225,0.45137,0.45667
679881,J.P. Martínez,ATL,31,10.0,54.0,150,,floor,floor,1.0,0.0,,0.25641,0.07366,0.00668,0.01905,0.03784,0.00251,0.05307,0.11142,0.43935,0.08174,0.04163,0.00701,0.01177,0.01137,0.0007,0.01063,0.01375,0.01844,0.01685,0.01313,0.00371,0.00734,0.00574,0.08785,0.77964,0.19176,4.698056249999999,0.0,,0.11304,0.10323,0.02052,0.01972,0.1198,0.1094,0.94359,140.0,5.0,22.968274999999995,22.968274999999995,0.25769,0.07145,0.00668,0.03652,0.10919,0.05122,0.00229,0.01905,0.4459,0.22067,0.27735,0.26733,0.22067,0.26733,0.01646,0.01283,0.00363,0.18732,140.0,0.93,0.96,0.93,0.83,0.94,1.01,0.965,0.98,0.965,0.915,0.97,1.005,0.24762,0.75238,L,0.26355,0.25406,0.06851,0.07536,0.00463,0.00735,0.04429,0.03572,0.09183,0.11786,0.06337,0.04969,0.00191,0.0027,0.03742,0.01301,0.42449,0.44424
642851,Austin Wynns,TEX,36,89.0,541.0,450,,projected,unmodeled,,110.0,2025.0,0.25165,0.06039,0.0111,0.00572,0.03783,0.00049,0.04038,0.13759,0.45484,0.04495,0.02101,0.0042,0.00302,0.00637,0.00013,0.00491,0.00874,0.01073,0.00771,0.00601,0.00169,0.00367,0.00288,0.03686,0.78021,0.20909,64.92143281249999,0.5220062499999999,25.1,0.08982,0.09799,0.01227,0.01275,0.09519,0.10384,0.94359,140.0,7.0,309.35174656249995,309.35174656249995,0.25291,0.05858,0.0111,0.0365,0.13484,0.03896,0.00045,0.00572,0.46092,0.22794,0.28044,0.27434,0.22794,0.27434,0.00754,0.00588,0.00166,0.20453,140.0,0.93,0.96,0.93,0.83,0.94,1.01,0.965,0.98,0.965,0.915,0.97,1.005,0.32697,0.67303,R,0.27756,0.23907,0.05882,0.06116,0.01122,0.01105,0.03482,0.03929,0.13558,0.13857,0.04069,0.04022,0.00053,0.00047,0.00596,0.0056,0.43482,0.46456
668715,Spencer Steer,CIN,29,384.0,2381.0,1001,,projected,unmodeled,,568.0,2025.0,0.21828,0.09767,0.01337,0.00429,0.03782,0.00302,0.0427,0.12772,0.45512,0.02173,0.01329,0.00231,0.00132,0.00415,0.00023,0.00332,0.00568,0.00705,0.02466,0.01956,0.0051,0.00355,0.00289,0.10328,0.79332,0.23876,369.39080062499994,35.365317812499995,28.5,0.11659,0.12097,0.00753,0.00765,0.12134,0.1259,0.96083,113.0,4.0,1534.7003299999997,1534.7003299999997,0.22265,0.10255,0.01337,0.04028,0.12453,0.04227,0.00274,0.00429,0.44732,0.23849,0.32574,0.27484,0.23849,0.27484,0.02483,0.0197,0.00513,0.24045,113.0,1.13,0.95,0.98,0.81,1.1,1.04,1.065,0.975,0.99,0.905,1.05,1.02,0.24834,0.75166,R,0.19726,0.22523,0.10853,0.09408,0.00949,0.01465,0.04091,0.03681,0.13263,0.1261,0.05179,0.03969,0.00213,0.00332,0.00581,0.00379,0.45146,0.45634
663609,Luken Baker,ARI,30,5.0,194.0,450,,projected,unmodeled,,41.0,2025.0,0.25509,0.11412,0.00327,0.00932,0.03782,0.00064,0.04302,0.10905,0.42768,0.06314,0.0392,0.00344,0.00579,0.00549,8e-05,0.00444,0.00685,0.00922,0.0135,0.01054,0.00297,0.00606,0.00474,0.05964,0.78032,0.22643,28.383412499999995,0.6141249999999999,25.1,0.10156,0.11196,0.0168,0.01753,0.10506,0.11581,0.96671,138.0,5.0,111.39324374999998,111.39324374999998,0.24361,0.11069,0.00327,0.03328,0.11287,0.04452,0.00054,0.00932,0.44189,0.2181,0.30517,0.26329,0.2181,0.26329,0.01353,0.01056,0.00297,0.22683,138.0,0.76,1.07,1.07,0.7,0.94,0.91,0.88,1.035,1.035,0.85,0.97,0.955,0.37627,0.62373,R,0.25358,0.25601,0.11893,0.11122,0.00311,0.00336,0.03615,0.03883,0.11389,0.10613,0.04441,0.04217,0.00074,0.00058,0.00904,0.00949,0.42016,0.43221
656577,Alex Jackson,MIN,31,73.0,340.0,450,,projected,unmodeled,,100.0,2025.0,0.31386,0.06316,0.02118,0.0037,0.03781,0.00131,0.03701,0.10487,0.4171,0.05394,0.02407,0.00702,0.00296,0.0058,0.00016,0.00466,0.00671,0.00903,0.01187,0.00927,0.00261,0.0048,0.00376,0.06276,0.78032,0.18922,41.456624999999995,0.6141249999999999,27.7,0.13731,0.09688,0.0166,0.01427,0.13738,0.09693,0.99946,142.0,2.0,229.489375,229.489375,0.30915,0.06253,0.02118,0.03667,0.10645,0.0396,0.00128,0.0037,0.41945,0.20162,0.26771,0.25994,0.20162,0.25994,0.01193,0.00931,0.00262,0.19016,142.0,0.94,1.03,1.14,0.95,0.98,0.97,0.97,1.015,1.07,0.975,0.99,0.985,0.31439,0.68561,R,0.31478,0.31343,0.06628,0.06173,0.02048,0.0215,0.04442,0.03477,0.10014,0.10705,0.03169,0.03944,0.0014,0.00127,0.00455,0.00331,0.41626,0.41749
669257,Will Smith,LAD,32,276.0,2388.0,897,,projected,unmodeled,,436.0,2025.0,0.18203,0.1129,0.01738,0.0136,0.03777,0.00296,0.04484,0.13304,0.45548,0.02099,0.01465,0.00263,0.00233,0.00408,0.00026,0.00327,0.00625,0.00739,0.00704,0.00545,0.00159,0.00202,0.00157,0.02674,0.77349,0.26332,394.21175156249996,6.850474062499999,27.1,0.13296,0.1333,0.00906,0.00907,0.11668,0.11698,1.13954,119.0,5.0,1429.3471331249998,1429.3471331249998,0.18385,0.11403,0.01738,0.04211,0.12905,0.04372,0.00243,0.0136,0.45383,0.25417,0.34872,0.27852,0.25417,0.27852,0.00696,0.00539,0.00158,0.26046,119.0,1.23,0.94,0.95,0.64,1.02,1.02,1.115,0.97,0.975,0.82,1.01,1.01,0.2761,0.7239,R,0.18418,0.18121,0.13177,0.1057,0.01317,0.01899,0.03811,0.03764,0.11789,0.13883,0.04828,0.04353,0.00223,0.00324,0.00706,0.01609,0.45731,0.45478
671739,Michael Harris II,ATL,26,621.0,2712.0,1042,,projected,unmodeled,,641.0,2025.0,0.20136,0.04097,0.00713,0.00593,0.03773,0.00595,0.04508,0.16384,0.49201,0.0198,0.00833,0.00159,0.00145,0.0041,0.00054,0.0033,0.00614,0.00742,0.03462,0.02706,0.00757,0.00379,0.00309,0.16336,0.78146,0.21194,378.23055624999995,63.65066687499999,27.7,0.11605,0.121,0.00727,0.0074,0.11522,0.12014,1.00717,144.0,5.0,1756.6466615625,1756.6466615625,0.20337,0.04036,0.00713,0.03773,0.16794,0.04395,0.00544,0.00593,0.48815,0.26946,0.30255,0.30806,0.26946,0.30806,0.03519,0.0275,0.00769,0.21542,144.0,1.0,1.05,0.95,0.83,0.97,1.02,1.0,1.025,0.975,0.915,0.985,1.01,0.31315,0.68685,L,0.2104,0.19724,0.0416,0.04068,0.01117,0.00528,0.03221,0.04025,0.16299,0.16424,0.04383,0.04565,0.00504,0.00636,0.00554,0.0061,0.48722,0.4942
666624,Christopher Morel,NYM,28,105.0,1875.0,709,,projected,unmodeled,,305.0,2025.0,0.29954,0.08748,0.00966,0.00489,0.03773,0.0018,0.04416,0.1146,0.40014,0.02816,0.01478,0.00221,0.00158,0.0047,0.00019,0.00395,0.00583,0.00753,0.02549,0.01946,0.00603,0.00409,0.00321,0.12037,0.7636,0.21174,233.12785843749998,28.283415312499997,27.7,0.1203,0.11955,0.00918,0.00915,0.11695,0.11622,1.02866,121.0,5.0,1097.3583140624999,1097.3583140624999,0.30404,0.09054,0.00966,0.03792,0.11231,0.04261,0.00161,0.00489,0.39642,0.21728,0.29466,0.28308,0.21728,0.28308,0.02558,0.01953,0.00605,0.21251,121.0,1.01,0.96,0.93,0.79,1.07,1.03,1.005,0.98,0.965,0.895,1.035,1.015,0.31368,0.68632,R,0.29226,0.30287,0.08913,0.08672,0.00876,0.01008,0.03394,0.03946,0.10805,0.11759,0.04709,0.04281,0.00177,0.00182,0.00681,0.00401,0.41218,0.39464
596847,Ji Man Choi,SD,36,117.0,536.0,150,,floor,floor,1.0,0.0,,0.2742,0.11361,0.00632,0.00901,0.03772,0.00164,0.04149,0.10911,0.40689,0.05094,0.03085,0.00319,0.00381,0.01142,0.00036,0.00933,0.01299,0.01685,0.01022,0.00797,0.00225,0.00456,0.00357,0.04462,0.77964,0.22904,57.681690624999995,0.0,,0.10487,0.12049,0.01456,0.01547,0.10399,0.11948,1.00847,135.0,5.0,246.98725718749995,246.98725718749995,0.27557,0.11531,0.00632,0.03886,0.10747,0.0388,0.00139,0.00901,0.40727,0.21454,0.30815,0.26609,0.21454,0.26609,0.01022,0.00797,0.00225,0.22911,135.0,1.06,0.97,0.87,0.7,1.03,1.01,1.03,0.985,0.935,0.85,1.015,1.005,0.26,0.74,L,0.28309,0.27107,0.08629,0.12321,0.00877,0.00546,0.03216,0.03968,0.12686,0.10287,0.04042,0.04187,0.00198,0.00152,0.01045,0.00851,0.40999,0.40581
677347,Kyren Paris,LAA,25,18.0,263.0,300,,projected,unmodeled,,140.0,2025.0,0.32902,0.08901,0.01427,0.00161,0.03769,0.00286,0.03054,0.11427,0.38073,0.06008,0.031,0.00639,0.00216,0.00726,0.00051,0.00475,0.00898,0.01104,0.03705,0.02907,0.00798,0.00916,0.00727,0.17032,0.7846,0.21755,29.624306249999997,7.9601437499999985,29.0,0.11065,0.08837,0.01564,0.01417,0.1216,0.09712,0.90997,108.0,2.0,161.3956625,161.3956625,0.33889,0.08856,0.01427,0.03769,0.11427,0.02901,0.00265,0.00161,0.37304,0.20504,0.28646,0.28119,0.20504,0.28119,0.03698,0.02901,0.00796,0.21711,108.0,1.0,1.0,0.9,0.85,0.99,1.06,1.0,1.0,0.95,0.925,0.995,1.03,0.27338,0.72662,R,0.26193,0.35426,0.07927,0.09267,0.01848,0.01269,0.03909,0.03717,0.1227,0.1111,0.03441,0.02908,0.00249,0.003,0.00182,0.00154,0.43983,0.35849
622569,Pablo Reyes,NYY,33,34.0,299.0,450,,projected,unmodeled,,34.0,2025.0,0.19825,0.07291,0.005,0.00674,0.03762,0.00224,0.03876,0.14493,0.49357,0.05184,0.02878,0.00362,0.0042,0.00629,0.00042,0.00431,0.00864,0.01065,0.02988,0.0232,0.00668,0.00802,0.00629,0.13409,0.7764,0.22284,39.66344374999999,7.2629312499999985,26.9,0.13099,0.11327,0.01886,0.01769,0.11808,0.10211,1.10936,147.0,5.0,160.44015624999997,160.44015624999997,0.20221,0.07801,0.005,0.041,0.13841,0.03779,0.00195,0.00674,0.4889,0.24075,0.30215,0.26707,0.24075,0.26707,0.02969,0.02305,0.00664,0.22142,147.0,1.18,0.91,0.95,0.74,1.14,1.04,1.09,0.955,0.975,0.87,1.07,1.02,0.30872,0.69128,R,0.20369,0.19582,0.06949,0.07443,0.00475,0.00511,0.03703,0.03788,0.14638,0.14428,0.0443,0.03628,0.00235,0.00219,0.00715,0.00655,0.48486,0.49746
694728,Brice Matthews,HOU,25,233.0,280.0,300,,projected,unmodeled,,233.0,2026.0,0.30013,0.07082,0.00526,0.00431,0.03759,0.00142,0.0355,0.12208,0.42288,0.0535,0.02549,0.00381,0.00345,0.00767,0.0002,0.00533,0.00865,0.01135,0.02773,0.02139,0.00634,0.00711,0.00554,0.13994,0.77124,0.19816,43.435,7.5225,28.6,0.1101,0.11113,0.01507,0.01513,0.10995,0.11098,1.0014,117.0,5.0,232.0075,232.0075,0.31064,0.07117,0.00526,0.04004,0.12025,0.03479,0.0013,0.00431,0.41223,0.21363,0.27281,0.27497,0.21363,0.27497,0.02752,0.02123,0.0063,0.19669,117.0,1.13,0.97,0.96,0.83,1.01,1.07,1.065,0.985,0.98,0.915,1.005,1.035,0.31042,0.68958,R,0.28652,0.30626,0.06651,0.07275,0.0051,0.00534,0.03825,0.0373,0.12317,0.1216,0.03655,0.03503,0.00194,0.00118,0.00392,0.00449,0.43804,0.41605
605612,Harold Castro,COL,33,270.0,713.0,150,,floor,floor,1.0,0.0,,0.20983,0.04733,0.00239,0.00574,0.03757,0.00267,0.04475,0.14986,0.49986,0.04141,0.01838,0.00173,0.00268,0.01273,0.00095,0.01036,0.01768,0.02133,0.0091,0.00708,0.00202,0.0037,0.00289,0.04559,0.77849,0.19958,76.57831687499998,0.9657115624999999,,0.10037,0.11502,0.01256,0.01333,0.10615,0.12164,0.9456,115.0,5.0,337.50314093749995,337.50314093749995,0.19934,0.04638,0.00239,0.03907,0.1611,0.04989,0.00419,0.00574,0.49189,0.26892,0.30303,0.30433,0.26892,0.30433,0.00957,0.00745,0.00212,0.20988,115.0,1.08,1.15,1.23,2.14,0.96,0.9,1.04,1.075,1.115,1.57,0.98,0.95,0.26,0.74,L,0.23208,0.20201,0.05779,0.04365,0.0031,0.00214,0.04264,0.03578,0.13405,0.15542,0.04436,0.04488,0.00343,0.0024,0.00654,0.00546,0.47601,0.50824
596019,Francisco Lindor,NYM,33,469.0,3283.0,1218,,projected,unmodeled,,732.0,2025.0,0.19138,0.0893,0.01662,0.0073,0.03749,0.00297,0.05045,0.13466,0.46982,0.01816,0.01121,0.0022,0.00147,0.00383,0.00025,0.00341,0.00541,0.00679,0.03724,0.0296,0.00764,0.00373,0.0031,0.1548,0.79478,0.24058,494.9531034374999,79.280360625,27.1,0.14695,0.12595,0.00764,0.00715,0.14286,0.12244,1.02866,121.0,3.0,2022.5263693749998,2022.5263693749998,0.19425,0.09243,0.01662,0.03768,0.13197,0.04868,0.00266,0.0073,0.46841,0.25009,0.33004,0.28127,0.25009,0.28127,0.03731,0.02965,0.00766,0.24102,121.0,1.01,0.96,0.93,0.79,1.07,1.03,1.005,0.98,0.965,0.895,1.035,1.015,0.28804,0.71196,S,0.1604,0.20392,0.08235,0.09212,0.01373,0.01779,0.04007,0.03645,0.13478,0.13461,0.0419,0.0539,0.00192,0.0034,0.00642,0.00766,0.51843,0.45015
669087,Sam Huff,BAL,29,34.0,273.0,450,,projected,unmodeled,,58.0,2025.0,0.33388,0.07342,0.00254,0.0044,0.03744,0.00077,0.0261,0.12288,0.39857,0.06278,0.02956,0.00267,0.00352,0.00577,0.00011,0.00341,0.00798,0.00921,0.00953,0.00744,0.0021,0.00476,0.00373,0.04795,0.78013,0.19884,29.594619999999995,0.44370531249999995,23.4,0.09791,0.09548,0.01589,0.01571,0.09718,0.09477,1.00754,110.0,7.0,152.8643825,152.8643825,0.33388,0.07158,0.00254,0.03913,0.12411,0.02597,0.0008,0.0044,0.39759,0.2062,0.26413,0.27509,0.2062,0.27509,0.0095,0.00741,0.00209,0.19823,110.0,1.09,1.02,0.99,1.08,0.95,1.0,1.045,1.01,0.995,1.04,0.975,1.0,0.28378,0.71622,R,0.2813,0.35471,0.07985,0.07087,0.00276,0.00245,0.03824,0.03713,0.12539,0.12189,0.03014,0.0245,0.00082,0.00075,0.00401,0.00455,0.4375,0.38315
656413,Stuart Fairchild,SEA,31,27.0,680.0,450,,projected,unmodeled,,55.0,2025.0,0.27268,0.09093,0.02223,0.00468,0.03743,0.00308,0.0356,0.11028,0.42309,0.04289,0.02357,0.00534,0.00247,0.0057,0.00041,0.00394,0.00698,0.00904,0.04195,0.03283,0.00912,0.00739,0.0059,0.18776,0.78258,0.22344,89.53765593749998,20.138741874999997,28.8,0.12689,0.10032,0.01352,0.01221,0.13033,0.10304,0.97362,136.0,2.0,387.69780312499995,387.69780312499995,0.2945,0.08911,0.02223,0.03705,0.10532,0.03293,0.00216,0.00468,0.41203,0.20075,0.2888,0.25416,0.20075,0.25416,0.04068,0.03184,0.00884,0.21666,136.0,0.98,0.91,0.85,0.4,0.96,1.16,0.99,0.955,0.925,0.7,0.98,1.08,0.45243,0.54757,R,0.28411,0.26324,0.11083,0.07449,0.02147,0.02286,0.03629,0.03837,0.12196,0.10063,0.03073,0.03962,0.00381,0.00248,0.00342,0.00572,0.38739,0.45259
677594,Julio Rodríguez,SEA,26,654.0,3251.0,1173,,projected,unmodeled,,710.0,2025.0,0.23395,0.06731,0.01348,0.00347,0.0374,0.00418,0.04642,0.14479,0.44899,0.01935,0.00975,0.002,0.00102,0.00403,0.00037,0.00326,0.00525,0.00658,0.04685,0.03723,0.00962,0.00392,0.0033,0.20768,0.79476,0.22558,495.26842156249995,103.80248874999998,28.7,0.1284,0.12184,0.00692,0.00677,0.13188,0.12514,0.97362,136.0,3.0,2066.5210624999995,2066.5210624999995,0.25267,0.06596,0.01348,0.03703,0.13828,0.04294,0.00293,0.00347,0.44325,0.24117,0.30061,0.29351,0.24117,0.29351,0.04522,0.03594,0.00928,0.21772,136.0,0.98,0.91,0.85,0.4,0.96,1.16,0.99,0.955,0.925,0.7,0.98,1.08,0.27974,0.72026,R,0.25426,0.22606,0.08165,0.06174,0.0062,0.01631,0.03806,0.03715,0.13923,0.14695,0.04249,0.04795,0.00415,0.0042,0.00209,0.004,0.43187,0.45565
657088,Forrest Wall,MIA,31,35.0,50.0,300,,floor,floor,1.0,0.0,,0.22654,0.08778,0.00688,0.00425,0.0374,0.00508,0.03743,0.13687,0.45776,0.07829,0.04506,0.00722,0.00569,0.00807,0.00137,0.00609,0.01057,0.01268,0.03922,0.03041,0.00882,0.01153,0.00901,0.16941,0.77526,0.23154,6.755374999999999,4.298875,28.8,0.11415,0.10095,0.02087,0.01978,0.11899,0.10522,0.9594,146.0,5.0,21.494374999999998,21.494374999999998,0.22201,0.08866,0.00688,0.03497,0.13755,0.03799,0.0061,0.00425,0.46158,0.24062,0.31216,0.28239,0.24062,0.28239,0.03949,0.03061,0.00887,0.2331,146.0,0.87,1.01,1.03,1.4,1.02,0.96,0.935,1.005,1.015,1.2,1.01,0.98,0.23404,0.76596,L,0.22578,0.22678,0.08932,0.08731,0.00487,0.0075,0.04612,0.03474,0.12854,0.13941,0.03555,0.038,0.0066,0.00462,0.00298,0.00464,0.46023,0.457
605137,Josh Bell,MIN,34,631.0,3031.0,981,,projected,unmodeled,,631.0,2026.0,0.19,0.09695,0.00736,0.00693,0.03726,0.00165,0.047,0.12797,0.48487,0.01865,0.01198,0.00153,0.00149,0.00409,0.00016,0.0035,0.00567,0.00738,0.00337,0.00259,0.00078,0.00121,0.00094,0.01451,0.76724,0.23229,475.3840899999999,5.447336562499999,26.0,0.10693,0.12365,0.00674,0.00718,0.10699,0.12372,0.99946,142.0,5.0,1900.9150684375,1900.9150684375,0.18715,0.09598,0.00736,0.03614,0.12989,0.05029,0.00161,0.00693,0.48464,0.24494,0.32128,0.27279,0.24494,0.27279,0.00339,0.0026,0.00079,0.23324,142.0,0.94,1.03,1.14,0.95,0.98,0.97,0.97,1.015,1.07,0.975,0.99,0.985,0.29487,0.70513,S,0.19157,0.18935,0.09334,0.09846,0.00449,0.00856,0.03573,0.03789,0.12522,0.12912,0.05108,0.0453,0.002,0.00151,0.00762,0.00664,0.48894,0.48317
681624,Andy Pages,LAD,26,574.0,1641.0,1019,,projected,unmodeled,,624.0,2025.0,0.2153,0.0678,0.0133,0.00962,0.03724,0.00445,0.04985,0.14043,0.462,0.02415,0.01257,0.00276,0.00235,0.00423,0.00037,0.00361,0.00593,0.0073,0.02708,0.02056,0.00652,0.00396,0.0031,0.12223,0.75938,0.22154,285.43425,34.014874999999996,28.3,0.13071,0.13428,0.00967,0.00978,0.1147,0.11783,1.13954,119.0,5.0,1210.797375,1210.797375,0.21745,0.06848,0.0133,0.04153,0.13622,0.04861,0.00365,0.00962,0.46114,0.25314,0.31179,0.29013,0.25314,0.29013,0.02665,0.02024,0.00641,0.218,119.0,1.23,0.94,0.95,0.64,1.02,1.02,1.115,0.97,0.975,0.82,1.01,1.01,0.26073,0.73927,R,0.20678,0.2183,0.07614,0.06487,0.00783,0.01523,0.03228,0.03899,0.16308,0.13244,0.05584,0.04774,0.00485,0.00431,0.00617,0.01084,0.44704,0.46727
666931,Jared Oliva,SF,31,7.0,7.0,150,,floor,floor,1.0,7.0,2026.0,0.21847,0.07991,0.01029,0.00636,0.03722,0.0023,0.03453,0.14385,0.46709,0.08539,0.0477,0.01076,0.00847,0.01218,0.00067,0.00793,0.01557,0.019,0.0,0.0,0.0,3e-05,3e-05,0.0,0.7835,0.23404,0.0,0.0,,0.11514,0.10932,,,0.11598,0.11011,,,,,,0.21847,0.07991,0.01029,0.03722,0.14385,0.03453,0.0023,0.00636,0.46709,0.24118,0.30809,0.27892,0.24118,0.27892,0.0,0.0,0.0,0.23404,,1.0,1.0,1.0,1.0,1.0,1.0,1.0,1.0,1.0,1.0,1.0,1.0,0.26087,0.73913,R,0.21847,0.21847,0.07991,0.07991,0.01029,0.01029,0.03722,0.03722,0.14385,0.14385,0.03453,0.03453,0.0023,0.0023,0.00636,0.00636,0.46709,0.46709
691788,Joe Mack,MIA,24,330.0,330.0,150,,projected,unmodeled,,330.0,2026.0,0.24178,0.06469,0.00706,0.00623,0.03719,0.00161,0.02867,0.14178,0.47098,0.04669,0.02283,0.00413,0.00388,0.01046,0.00034,0.00521,0.01494,0.01843,0.00848,0.00661,0.00187,0.004,0.00313,0.03973,0.77964,0.21354,58.65,0.0,26.1,0.11607,0.13477,0.01427,0.01521,0.12098,0.14047,0.9594,146.0,4.0,280.5,280.5,0.23694,0.06534,0.00706,0.03477,0.14249,0.0291,0.00193,0.00623,0.47613,0.22608,0.2807,0.26711,0.22608,0.26711,0.00854,0.00666,0.00188,0.2149,146.0,0.87,1.01,1.03,1.4,1.02,0.96,0.935,1.005,1.015,1.2,1.01,0.98,0.22453,0.77547,L,0.23768,0.24296,0.07129,0.06278,0.00672,0.00716,0.02601,0.04042,0.13967,0.1424,0.02969,0.02838,0.00194,0.00152,0.00776,0.00578,0.47924,0.46859
686469,Vinnie Pasquantino,KC,29,481.0,2275.0,1175,,projected,unmodeled,,682.0,2025.0,0.14852,0.0872,0.00887,0.01128,0.03718,0.00222,0.04397,0.14624,0.51453,0.01885,0.01273,0.00193,0.00218,0.004,0.00018,0.00309,0.00572,0.00712,0.00492,0.00387,0.00105,0.00169,0.00133,0.02032,0.78609,0.24231,361.6370368749999,6.0303303125,25.8,0.10838,0.14262,0.00734,0.00825,0.11312,0.14886,0.95808,118.0,4.0,1509.7660581249997,1509.7660581249997,0.14035,0.0872,0.00887,0.03514,0.1477,0.04793,0.00294,0.01128,0.5186,0.26181,0.32978,0.27688,0.26181,0.27688,0.00495,0.00389,0.00106,0.24377,118.0,0.89,1.02,1.18,1.65,1.0,0.89,0.945,1.01,1.09,1.325,1.0,0.945,0.2457,0.7543,L,0.19468,0.13348,0.07302,0.09181,0.00827,0.00907,0.02562,0.04095,0.14209,0.14759,0.04111,0.0449,0.00235,0.00218,0.01524,0.00998,0.49764,0.52003
624513,Dom Nuñez,CLE,32,7.0,48.0,300,,floor,floor,1.0,7.0,2025.0,0.24035,0.09029,0.00699,0.01995,0.03707,0.00208,0.03325,0.13126,0.43876,0.08187,0.04674,0.00734,0.01231,0.00792,0.00047,0.00507,0.00955,0.01185,0.02034,0.01586,0.00448,0.00886,0.00693,0.089,0.77964,0.22854,3.9933478124999997,0.0,,0.10806,0.10185,0.02037,0.01985,0.11427,0.10771,0.9456,115.0,5.0,18.191917812499998,18.191917812499998,0.22834,0.08849,0.00699,0.03856,0.1411,0.03707,0.00327,0.01995,0.43624,0.24871,0.31548,0.29375,0.24871,0.29375,0.02105,0.01642,0.00464,0.23658,115.0,1.08,1.15,1.23,2.14,0.96,0.9,1.04,1.075,1.115,1.57,0.98,0.95,0.28019,0.71981,L,0.2505,0.2364,0.09052,0.0902,0.00505,0.00775,0.04432,0.03425,0.1271,0.13288,0.02801,0.03528,0.00137,0.00236,0.03333,0.01474,0.4198,0.44613
669357,Nolan Gorman,STL,27,302.0,1883.0,588,,projected,unmodeled,,402.0,2025.0,0.32903,0.10308,0.00351,0.00589,0.03707,0.00109,0.03307,0.10105,0.3862,0.02799,0.01542,0.00133,0.00173,0.00485,0.00012,0.00325,0.00606,0.00778,0.00922,0.00716,0.00206,0.00245,0.00192,0.04439,0.7766,0.20765,254.13930593749996,11.735636562499998,25.0,0.11181,0.1219,0.00834,0.00865,0.11566,0.12609,0.96671,138.0,4.0,1175.1139128124998,1175.1139128124998,0.31422,0.09999,0.00351,0.03262,0.10459,0.03423,0.00093,0.00589,0.40402,0.19354,0.27587,0.257,0.19354,0.257,0.00924,0.00717,0.00206,0.20809,138.0,0.76,1.07,1.07,0.7,0.94,0.91,0.88,1.035,1.035,0.85,0.97,0.955,0.23507,0.76493,L,0.29349,0.33995,0.09284,0.10623,0.00467,0.00316,0.03223,0.03856,0.11,0.0983,0.03807,0.03153,0.00139,0.001,0.0068,0.0056,0.42049,0.37567
691023,Jordan Walker,STL,25,667.0,1706.0,580,,projected,unmodeled,,667.0,2026.0,0.26529,0.07461,0.0089,0.00535,0.03703,0.00419,0.04479,0.13711,0.42273,0.02599,0.01317,0.00222,0.00173,0.00527,0.00054,0.00406,0.00734,0.0089,0.03148,0.02454,0.00693,0.00425,0.00342,0.14268,0.77973,0.22062,279.1193875,38.69869375,29.1,0.12044,0.12501,0.00852,0.00865,0.12458,0.12932,0.96671,138.0,4.0,1205.1071562499997,1205.1071562499997,0.25335,0.07237,0.0089,0.03258,0.14191,0.04636,0.00356,0.00535,0.43561,0.2457,0.30569,0.30574,0.2457,0.30574,0.03184,0.02483,0.00701,0.22318,138.0,0.76,1.07,1.07,0.7,0.94,0.91,0.88,1.035,1.035,0.85,0.97,0.955,0.27065,0.72935,R,0.23712,0.27574,0.09516,0.06699,0.00787,0.00928,0.03987,0.03597,0.13376,0.13835,0.04249,0.04565,0.00438,0.00413,0.00391,0.00588,0.43546,0.41801
672613,Eliezer Alfonzo,LAD,27,28.0,28.0,150,,projected,unmodeled,,28.0,2026.0,0.2007,0.06839,0.00829,0.00512,0.03701,0.00119,0.04898,0.13996,0.49037,0.07657,0.04108,0.00868,0.00684,0.01145,0.00022,0.00961,0.01475,0.01943,0.01883,0.01468,0.00415,0.00842,0.00659,0.08694,0.77964,0.21664,2.55,0.0,26.1,0.13198,0.13086,0.02438,0.02429,0.11582,0.11484,1.13954,119.0,5.0,23.8,23.8,0.20271,0.06907,0.00829,0.04126,0.13576,0.04775,0.00097,0.00512,0.48906,0.24605,0.30311,0.2739,0.24605,0.2739,0.01853,0.01445,0.00408,0.21312,119.0,1.23,0.94,0.95,0.64,1.02,1.02,1.115,0.97,0.975,0.82,1.01,1.01,0.28947,0.71053,S,0.2007,0.2007,0.06839,0.06839,0.00829,0.00829,0.03701,0.03701,0.13996,0.13996,0.04898,0.04898,0.00119,0.00119,0.00512,0.00512,0.49037,0.49037
663656,Kyle Tucker,LAD,30,627.0,2846.0,854,,projected,unmodeled,,627.0,2026.0,0.15754,0.12666,0.00441,0.00805,0.037,0.00315,0.04796,0.1412,0.47404,0.0178,0.01384,0.00122,0.00165,0.0046,0.00028,0.0038,0.00673,0.00831,0.03706,0.03007,0.00699,0.00406,0.00341,0.13611,0.81133,0.27227,479.4826678124999,68.3230478125,26.6,0.14911,0.14328,0.0086,0.00846,0.13085,0.12574,1.13954,119.0,3.0,1794.5196228124996,1794.5196228124996,0.15912,0.12792,0.00441,0.04126,0.13697,0.04676,0.00258,0.00805,0.47294,0.26472,0.35989,0.2826,0.26472,0.2826,0.03665,0.02974,0.00692,0.2693,119.0,1.23,0.94,0.95,0.64,1.02,1.02,1.115,0.97,0.975,0.82,1.01,1.01,0.31764,0.68236,L,0.15793,0.15736,0.10586,0.13634,0.00535,0.00397,0.03698,0.03701,0.14348,0.14014,0.04904,0.04746,0.00424,0.00263,0.00723,0.00843,0.48988,0.46666
687529,Grant McCray,SF,26,91.0,247.0,300,,projected,unmodeled,,91.0,2026.0,0.32045,0.08315,0.00274,0.00475,0.03694,0.00706,0.04089,0.10861,0.39541,0.05975,0.03009,0.00288,0.0038,0.00769,0.00174,0.0058,0.00829,0.01113,0.03833,0.03028,0.00805,0.00868,0.00694,0.19707,0.79,0.19449,29.514124999999996,9.870625,29.5,0.11923,0.0866,0.01628,0.01414,0.12484,0.09068,0.95503,137.0,2.0,175.97125,175.97125,0.31404,0.08107,0.00274,0.03306,0.1097,0.04171,0.00854,0.00475,0.40439,0.21176,0.27682,0.28343,0.21176,0.28343,0.03813,0.03013,0.00801,0.1935,137.0,0.79,1.02,1.04,1.42,0.95,0.96,0.895,1.01,1.02,1.21,0.975,0.98,0.23937,0.76063,L,0.29708,0.32781,0.08746,0.08179,0.00321,0.00259,0.03372,0.03795,0.1233,0.10399,0.04874,0.03843,0.00375,0.0081,0.00457,0.00481,0.39818,0.39454
669394,Jake Burger,TEX,31,620.0,2298.0,838,,projected,unmodeled,,620.0,2026.0,0.26351,0.06487,0.01425,0.00696,0.03693,0.0023,0.04906,0.12444,0.43768,0.0233,0.01109,0.00243,0.0017,0.00436,0.00028,0.00402,0.00578,0.00755,0.008,0.00617,0.00182,0.00208,0.00162,0.03929,0.7719,0.20356,310.4673715625,8.817262499999998,27.3,0.12015,0.14076,0.00759,0.00811,0.12734,0.14917,0.94359,140.0,4.0,1517.3198221875,1517.3198221875,0.26483,0.06292,0.01425,0.03563,0.12195,0.04734,0.0021,0.00696,0.444,0.22605,0.28421,0.27851,0.22605,0.27851,0.00782,0.00604,0.00178,0.19913,140.0,0.93,0.96,0.93,0.83,0.94,1.01,0.965,0.98,0.965,0.915,0.97,1.005,0.28563,0.71437,R,0.24453,0.2711,0.0739,0.06126,0.00969,0.01608,0.04266,0.03463,0.11959,0.12638,0.0557,0.04641,0.00272,0.00213,0.01041,0.00558,0.44079,0.43644
664954,Brett Sullivan,COL,33,237.0,349.0,450,,projected,unmodeled,,237.0,2026.0,0.19499,0.06315,0.00675,0.01294,0.03685,0.00752,0.05235,0.13187,0.49358,0.04421,0.02311,0.00395,0.00545,0.00655,0.00092,0.00543,0.00878,0.01124,0.0168,0.013,0.0038,0.00573,0.00446,0.08327,0.77402,0.20177,44.57410624999999,2.55,28.1,0.0977,0.11188,0.01362,0.01446,0.10332,0.11832,0.9456,115.0,5.0,246.3425375,246.3425375,0.18524,0.06189,0.00675,0.03833,0.14176,0.05837,0.0118,0.01294,0.48292,0.27248,0.31889,0.305,0.27248,0.305,0.01752,0.01356,0.00396,0.2104,115.0,1.08,1.15,1.23,2.14,0.96,0.9,1.04,1.075,1.115,1.57,0.98,0.95,0.26782,0.73218,L,0.183,0.19938,0.06682,0.0618,0.00939,0.00578,0.02847,0.03992,0.14388,0.12748,0.05612,0.05097,0.00648,0.0079,0.012,0.01329,0.49383,0.49348
694673,Abimelec Ortiz,WSH,25,136.0,136.0,150,,projected,unmodeled,,136.0,2026.0,0.24535,0.06687,0.00414,0.00719,0.03674,0.00279,0.03965,0.13514,0.46213,0.06233,0.0308,0.00436,0.00574,0.01088,0.00061,0.00743,0.01374,0.01756,0.01285,0.01002,0.00283,0.00605,0.00473,0.06232,0.77964,0.20615,17.849999999999998,0.0,25.3,0.11462,0.1066,0.01808,0.01752,0.11291,0.10501,1.01514,120.0,6.0,115.6,115.6,0.23798,0.06687,0.00414,0.03766,0.13784,0.03945,0.00268,0.00719,0.46618,0.2361,0.28865,0.27854,0.2361,0.27854,0.01302,0.01015,0.00287,0.20885,120.0,1.05,1.04,0.99,0.92,1.0,0.94,1.025,1.02,0.995,0.96,1.0,0.97,0.18452,0.81548,L,0.25411,0.24336,0.06249,0.06785,0.00227,0.00457,0.03913,0.0362,0.14359,0.13323,0.03794,0.04004,0.0026,0.00284,0.00721,0.00718,0.45065,0.46473
592518,Manny Machado,SD,34,677.0,3243.0,1180,,projected,unmodeled,,678.0,2025.0,0.19976,0.09006,0.00268,0.00829,0.03673,0.00116,0.03711,0.14375,0.48047,0.0183,0.01115,0.0009,0.00157,0.0037,9e-05,0.00273,0.00541,0.00657,0.01529,0.01188,0.00341,0.0025,0.00199,0.06463,0.77718,0.23649,490.0842131249999,34.963209375,25.2,0.12856,0.14415,0.00708,0.00743,0.12748,0.14294,1.00847,135.0,4.0,2059.6593525,2059.6593525,0.20076,0.09141,0.00268,0.03783,0.1416,0.0347,0.00098,0.00829,0.48176,0.23964,0.30919,0.269,0.23964,0.269,0.01523,0.01184,0.00339,0.23568,135.0,1.06,0.97,0.87,0.7,1.03,1.01,1.03,0.985,0.935,0.85,1.015,1.005,0.2475,0.7525,R,0.1985,0.20017,0.1014,0.08633,0.00339,0.00244,0.03856,0.03612,0.13801,0.14564,0.03425,0.03805,0.0016,0.00101,0.00923,0.00798,0.47505,0.48225
660162,Yoán Moncada,LAA,32,130.0,1254.0,475,,projected,unmodeled,,289.0,2025.0,0.27613,0.08934,0.01042,0.00341,0.03671,0.00194,0.04356,0.1111,0.42738,0.0331,0.01798,0.00278,0.0016,0.0058,0.00024,0.00468,0.0072,0.00954,0.00685,0.00536,0.00149,0.00254,0.002,0.03247,0.78276,0.21086,166.49134343749998,2.873541875,26.4,0.10605,0.10458,0.0096,0.00954,0.11654,0.11493,0.90997,108.0,5.0,725.4187565624999,725.4187565624999,0.28442,0.0889,0.01042,0.03671,0.1111,0.04138,0.0018,0.00341,0.42186,0.21286,0.2903,0.26778,0.21286,0.26778,0.00683,0.00535,0.00148,0.21041,108.0,1.0,1.0,0.9,0.85,0.99,1.06,1.0,1.0,0.95,0.925,0.995,1.03,0.17169,0.82831,S,0.27441,0.27649,0.09177,0.08884,0.01027,0.01045,0.0341,0.03725,0.11554,0.11018,0.03978,0.04435,0.00154,0.00203,0.00466,0.00315,0.42793,0.42726
642350,Jose Siri,LAA,31,251.0,1424.0,544,,projected,unmodeled,,251.0,2026.0,0.34021,0.06584,0.01057,0.00635,0.0367,0.00421,0.03633,0.11636,0.38344,0.03272,0.01458,0.00264,0.00205,0.00527,0.00066,0.00363,0.00664,0.00833,0.04304,0.03368,0.00935,0.00561,0.00454,0.22326,0.78267,0.19276,154.43695156249998,37.77100375,30.0,0.12954,0.10839,0.00982,0.0091,0.14236,0.11911,0.90997,108.0,3.0,848.7025015625,848.7025015625,0.35042,0.06551,0.01057,0.0367,0.11636,0.03451,0.00389,0.00635,0.37569,0.20866,0.26754,0.29175,0.20866,0.29175,0.04296,0.03363,0.00934,0.19243,108.0,1.0,1.0,0.9,0.85,0.99,1.06,1.0,1.0,0.95,0.925,0.995,1.03,0.32406,0.67594,R,0.33146,0.34441,0.07504,0.06142,0.00827,0.01167,0.03512,0.03746,0.11576,0.11664,0.03967,0.03473,0.00284,0.00486,0.00927,0.00495,0.38257,0.38385
608360,Chris Okey,LAA,32,2.0,15.0,150,,floor,floor,1.0,0.0,,0.23929,0.07926,0.01995,0.00582,0.03662,0.00194,0.03081,0.13823,0.44808,0.08781,0.04733,0.01427,0.00776,0.01062,0.00042,0.00686,0.01527,0.01803,0.0,0.0,0.0,3e-05,3e-05,0.0,0.7835,0.23745,0.0,0.0,,0.11514,0.10932,,,0.11598,0.11011,,,,,,0.23929,0.07926,0.01995,0.03662,0.13823,0.03081,0.00194,0.00582,0.44808,0.23197,0.30681,0.2762,0.23197,0.2762,0.0,0.0,0.0,0.23745,,1.0,1.0,1.0,1.0,1.0,1.0,1.0,1.0,1.0,1.0,1.0,1.0,0.26,0.74,R,0.23929,0.23929,0.07926,0.07926,0.01995,0.01995,0.03662,0.03662,0.13823,0.13823,0.03081,0.03081,0.00194,0.00194,0.00582,0.00582,0.44808,0.44808
641598,Mitch Garver,SEA,36,149.0,1428.0,578,,projected,unmodeled,,290.0,2025.0,0.2766,0.11747,0.0112,0.00567,0.03661,0.00114,0.03086,0.10613,0.41431,0.03047,0.01867,0.00271,0.00193,0.00484,0.00017,0.00317,0.00638,0.00793,0.00561,0.00438,0.00122,0.00222,0.00174,0.02388,0.78168,0.23481,210.97163093749998,3.9049106249999994,25.1,0.10231,0.11095,0.00911,0.00943,0.10509,0.11395,0.97362,136.0,6.0,875.2155421874999,875.2155421874999,0.29873,0.11513,0.0112,0.03624,0.10136,0.02854,0.0008,0.00567,0.40233,0.19233,0.29327,0.2452,0.19233,0.2452,0.00544,0.00425,0.00119,0.22769,136.0,0.98,0.91,0.85,0.4,0.96,1.16,0.99,0.955,0.925,0.7,0.98,1.08,0.40037,0.59963,R,0.22078,0.31387,0.13273,0.10729,0.01029,0.01182,0.03425,0.03818,0.12182,0.09566,0.03417,0.02864,0.00152,0.00089,0.00755,0.00442,0.43689,0.39923
681230,BJ Murray Jr.,CHC,27,11.0,11.0,150,,floor,floor,1.0,11.0,2026.0,0.23499,0.07742,0.00984,0.00608,0.03659,0.00155,0.04601,0.12905,0.45848,0.08624,0.04628,0.01029,0.0081,0.01136,0.00031,0.01014,0.01576,0.01963,0.0,0.0,0.0,3e-05,2e-05,0.0,0.7835,0.21631,0.0,0.0,,0.11514,0.10932,,,0.11598,0.11011,,,,,,0.23499,0.07742,0.00984,0.03659,0.12905,0.04601,0.00155,0.00608,0.45848,0.23514,0.30045,0.27808,0.23514,0.27808,0.0,0.0,0.0,0.21631,,1.0,1.0,1.0,1.0,1.0,1.0,1.0,1.0,1.0,1.0,1.0,1.0,0.27962,0.72038,S,0.23499,0.23499,0.07742,0.07742,0.00984,0.00984,0.03659,0.03659,0.12905,0.12905,0.04601,0.04601,0.00155,0.00155,0.00608,0.00608,0.45848,0.45848
621466,DJ Stewart,NYM,33,194.0,382.0,300,,floor,floor,1.0,0.0,,0.25831,0.11145,0.02575,0.00553,0.03659,0.00237,0.03242,0.11306,0.41452,0.05229,0.032,0.00736,0.00345,0.00672,0.00034,0.00456,0.00927,0.01137,0.01547,0.01205,0.00342,0.00589,0.00461,0.06181,0.77886,0.25025,54.565006249999996,1.6581374999999996,27.0,0.10924,0.11775,0.01554,0.01606,0.1062,0.11447,1.02866,121.0,5.0,215.71140624999998,215.71140624999998,0.26218,0.11535,0.02575,0.03678,0.1108,0.03129,0.00212,0.00553,0.41021,0.21208,0.32208,0.26011,0.21208,0.26011,0.01557,0.01213,0.00344,0.25189,121.0,1.01,0.96,0.93,0.79,1.07,1.03,1.005,0.98,0.965,0.895,1.035,1.015,0.17005,0.82995,L,0.24181,0.26169,0.0926,0.11531,0.02909,0.02506,0.02854,0.03824,0.11911,0.11182,0.03526,0.03184,0.00289,0.00227,0.00528,0.00558,0.44541,0.40819
542963,Rob Brantly,MIA,37,7.0,19.0,300,,floor,floor,1.0,7.0,2025.0,0.21666,0.07565,0.00904,0.00559,0.03659,0.00232,0.04601,0.13677,0.47138,0.08283,0.04526,0.00947,0.00745,0.00825,0.00039,0.00681,0.01095,0.01377,0.0,0.0,0.0,3e-05,2e-05,0.0,0.7835,0.22146,0.0,0.0,,0.11514,0.10932,,,0.11598,0.11011,,,,,,0.21666,0.07565,0.00904,0.03659,0.13677,0.04601,0.00232,0.00559,0.47138,0.24369,0.30638,0.28196,0.24369,0.28196,0.0,0.0,0.0,0.22146,,1.0,1.0,1.0,1.0,1.0,1.0,1.0,1.0,1.0,1.0,1.0,1.0,0.27315,0.72685,L,0.21666,0.21666,0.07565,0.07565,0.00904,0.00904,0.03659,0.03659,0.13677,0.13677,0.04601,0.04601,0.00232,0.00232,0.00559,0.00559,0.47138,0.47138
645801,Mike Ford,CIN,34,62.0,462.0,300,,floor,floor,1.0,0.0,,0.27308,0.0888,0.01641,0.00287,0.03656,0.00173,0.02038,0.12505,0.43513,0.05176,0.02813,0.00545,0.00229,0.00648,0.00045,0.00289,0.00866,0.01077,0.00593,0.00463,0.00131,0.0036,0.00281,0.02577,0.77964,0.23026,52.74259031249999,0.0,22.8,0.10108,0.10502,0.01413,0.01437,0.10521,0.10931,0.96083,113.0,6.0,235.21141031249996,235.21141031249996,0.27854,0.09324,0.01641,0.03893,0.12192,0.02018,0.00157,0.00287,0.42635,0.20575,0.29225,0.25204,0.20575,0.25204,0.00597,0.00465,0.00131,0.23157,113.0,1.13,0.95,0.98,0.81,1.1,1.04,1.065,0.975,0.99,0.905,1.05,1.02,0.26718,0.73282,L,0.23961,0.28528,0.08368,0.09066,0.01433,0.01717,0.03005,0.03893,0.14501,0.11777,0.02406,0.01904,0.00171,0.00174,0.00319,0.00275,0.45835,0.42667
663886,Tyler Stephenson,CIN,30,468.0,2025.0,681,,projected,unmodeled,,468.0,2026.0,0.26772,0.09643,0.00993,0.00691,0.03653,0.0023,0.04834,0.1175,0.41434,0.02506,0.01422,0.00216,0.00181,0.00451,0.00019,0.00419,0.00649,0.00802,0.00479,0.0037,0.00109,0.00168,0.00131,0.02139,0.77275,0.22386,321.99568781249997,3.1523365625,27.0,0.11096,0.12378,0.0079,0.00828,0.11548,0.12883,0.96083,113.0,4.0,1312.2446784375,1312.2446784375,0.27307,0.10125,0.00993,0.0389,0.11457,0.04785,0.00208,0.00691,0.40543,0.23064,0.31458,0.28863,0.23064,0.28863,0.00483,0.00373,0.0011,0.22575,113.0,1.13,0.95,0.98,0.81,1.1,1.04,1.065,0.975,0.99,0.905,1.05,1.02,0.24984,0.75016,R,0.20956,0.28709,0.12123,0.08817,0.00668,0.01101,0.03444,0.03722,0.1142,0.1186,0.04941,0.04798,0.0029,0.0021,0.0053,0.00745,0.45628,0.40038
668843,Conner Capel,CIN,30,8.0,153.0,300,,floor,floor,1.0,0.0,,0.23304,0.09631,0.00813,0.01096,0.03645,0.00252,0.04474,0.12299,0.44486,0.06779,0.04027,0.00587,0.00681,0.00749,0.00038,0.00618,0.00951,0.01236,0.03133,0.02429,0.00704,0.00926,0.00724,0.13776,0.77528,0.22743,21.637159062499997,5.063460624999999,,0.11172,0.10879,0.01874,0.01853,0.11587,0.11283,0.9642,133.0,5.0,71.0711509375,71.0711509375,0.22256,0.10161,0.00813,0.04283,0.12729,0.04832,0.0021,0.01096,0.4362,0.25082,0.33029,0.28948,0.25082,0.28948,0.03265,0.02532,0.00734,0.23703,133.0,1.35,1.07,1.16,0.67,1.11,0.91,1.175,1.035,1.08,0.835,1.055,0.955,0.25,0.75,L,0.22979,0.23413,0.09722,0.09601,0.00655,0.00866,0.04355,0.03409,0.10577,0.12873,0.04907,0.0433,0.00173,0.00278,0.01384,0.01,0.45249,0.44231
518735,Yasmani Grandal,PIT,38,243.0,1024.0,173,,floor,floor,1.0,0.0,,0.20796,0.09875,0.00625,0.00503,0.03635,0.00049,0.0467,0.11412,0.48435,0.03446,0.02156,0.00237,0.00213,0.00941,8e-05,0.00775,0.0123,0.01638,0.00291,0.00227,0.00064,0.00186,0.00145,0.01326,0.7808,0.21911,131.74363031249996,1.0578303125,23.2,0.0873,0.09383,0.01012,0.01045,0.09282,0.09977,0.9405,134.0,7.0,527.47810375,527.47810375,0.20692,0.09826,0.00625,0.03326,0.11583,0.05067,0.00042,0.00503,0.48336,0.22481,0.30469,0.25669,0.22481,0.25669,0.00292,0.00228,0.00064,0.22033,134.0,0.83,1.03,1.17,0.72,0.99,0.99,0.915,1.015,1.085,0.86,0.995,0.995,0.25282,0.74718,S,0.22079,0.20362,0.10405,0.09696,0.00745,0.00584,0.0334,0.03735,0.11764,0.11292,0.05616,0.0435,0.00063,0.00045,0.00412,0.00534,0.45575,0.49403
673357,Luis Robert Jr.,BAL,29,230.0,2082.0,685,,projected,unmodeled,,431.0,2025.0,0.26578,0.07237,0.0092,0.00442,0.03632,0.00349,0.04098,0.13127,0.43617,0.02551,0.01274,0.00205,0.00143,0.005,0.00039,0.00389,0.00665,0.0082,0.0518,0.0404,0.0114,0.00509,0.00418,0.24338,0.77995,0.21284,271.648939375,70.42214937499999,28.9,0.14335,0.13247,0.00922,0.00892,0.14227,0.13148,1.00754,110.0,3.0,1256.4201740624999,1256.4201740624999,0.26578,0.07056,0.0092,0.03795,0.13258,0.04078,0.00363,0.00442,0.4351,0.23469,0.2947,0.28915,0.23469,0.28915,0.05168,0.04031,0.01137,0.21235,110.0,1.09,1.02,0.99,1.08,0.95,1.0,1.045,1.01,0.995,1.04,0.975,1.0,0.26439,0.73561,R,0.24575,0.27298,0.09389,0.06464,0.01253,0.00801,0.03655,0.03623,0.14028,0.12803,0.03717,0.04235,0.00437,0.00317,0.00435,0.00444,0.42511,0.44015
613564,Jason Vosler,SEA,33,30.0,206.0,150,,floor,floor,1.0,0.0,,0.26657,0.07786,0.01012,0.00543,0.03626,0.00148,0.03066,0.13338,0.43824,0.06624,0.03417,0.00591,0.00434,0.01034,0.00029,0.00704,0.01372,0.01683,0.01801,0.01402,0.00399,0.0073,0.00571,0.08136,0.77841,0.22137,18.7047121875,0.8874106249999999,26.7,0.10948,0.11203,0.01771,0.01789,0.11245,0.11507,0.97362,136.0,5.0,101.60544593749998,101.60544593749998,0.28789,0.07631,0.01012,0.0359,0.12738,0.02836,0.00103,0.00543,0.42758,0.21216,0.2791,0.26829,0.21216,0.26829,0.01739,0.01354,0.00385,0.21381,136.0,0.98,0.91,0.85,0.4,0.96,1.16,0.99,0.955,0.925,0.7,0.98,1.08,0.24783,0.75217,L,0.26697,0.26643,0.07512,0.07877,0.0095,0.01033,0.04053,0.03485,0.13617,0.13247,0.0231,0.03315,0.00046,0.00181,0.00468,0.00568,0.44347,0.43652
695600,Carter Jensen,KC,23,603.0,672.0,300,,projected,unmodeled,,603.0,2026.0,0.26489,0.10601,0.00651,0.01004,0.03622,0.00496,0.05008,0.09888,0.42241,0.03647,0.02166,0.00293,0.00363,0.00704,0.00081,0.00622,0.00832,0.01189,0.00976,0.0076,0.00217,0.00336,0.00263,0.04619,0.77822,0.2114,124.35499999999999,2.55,27.8,0.13163,0.13251,0.01195,0.01198,0.13739,0.13831,0.95808,118.0,3.0,562.4024999999999,562.4024999999999,0.25032,0.10601,0.00651,0.03422,0.09987,0.05459,0.00657,0.01004,0.43186,0.22253,0.30777,0.2716,0.22253,0.2716,0.00981,0.00763,0.00218,0.21239,118.0,0.89,1.02,1.18,1.65,1.0,0.89,0.945,1.01,1.09,1.325,1.0,0.945,0.27064,0.72936,L,0.27878,0.25974,0.08614,0.11338,0.00878,0.00567,0.02392,0.04078,0.12043,0.09088,0.04202,0.05307,0.00387,0.00537,0.00954,0.01023,0.42651,0.42088
680118,Dairon Blanco,KC,34,8.0,285.0,450,,floor,floor,1.0,8.0,2025.0,0.23816,0.07099,0.01067,0.00425,0.03619,0.00357,0.03814,0.12409,0.47392,0.05598,0.02873,0.00537,0.0034,0.00585,0.00047,0.00447,0.00657,0.00904,0.10706,0.08417,0.02289,0.01113,0.0092,0.52032,0.78622,0.20575,35.31218749999999,38.47493125,29.6,0.15353,0.11055,0.0187,0.01629,0.16025,0.11539,0.95808,118.0,2.0,153.1013625,153.1013625,0.22506,0.07099,0.01067,0.0342,0.12533,0.04158,0.00474,0.00425,0.48318,0.22519,0.28751,0.26212,0.22519,0.26212,0.1077,0.08468,0.02302,0.20699,118.0,0.89,1.02,1.18,1.65,1.0,0.89,0.945,1.01,1.09,1.325,1.0,0.945,0.37059,0.62941,R,0.2522,0.22989,0.07612,0.06797,0.00991,0.01112,0.03938,0.03431,0.12771,0.12196,0.03842,0.03798,0.00451,0.00303,0.00489,0.00388,0.44686,0.48986
518595,Travis d'Arnaud,LAA,38,84.0,1374.0,524,,projected,unmodeled,,231.0,2025.0,0.25387,0.06421,0.0185,0.00451,0.03612,0.00126,0.04821,0.12078,0.45255,0.03105,0.01488,0.00353,0.00176,0.00538,0.00013,0.00494,0.00764,0.00971,0.00314,0.00245,0.00069,0.00174,0.00136,0.01545,0.78032,0.20349,158.85826375,0.6141249999999999,24.9,0.09567,0.10209,0.00887,0.00913,0.10514,0.11219,0.90997,108.0,6.0,789.1584131249998,789.1584131249998,0.26148,0.06389,0.0185,0.03612,0.12078,0.0458,0.00117,0.00451,0.44776,0.22327,0.28625,0.27254,0.22327,0.27254,0.00314,0.00245,0.00069,0.20317,108.0,1.0,1.0,0.9,0.85,0.99,1.06,1.0,1.0,0.95,0.925,0.995,1.03,0.25935,0.74065,R,0.25136,0.25474,0.07243,0.06133,0.01656,0.01918,0.04315,0.03365,0.13152,0.11702,0.04413,0.04964,0.00148,0.00119,0.00528,0.00423,0.4341,0.45901
543228,Yan Gomes,CHC,39,96.0,808.0,150,,floor,floor,1.0,0.0,,0.21183,0.04768,0.01565,0.01414,0.0361,0.0022,0.0466,0.13978,0.48603,0.03857,0.01712,0.00416,0.00396,0.01133,0.00096,0.00882,0.01595,0.01983,0.00864,0.00675,0.00189,0.00353,0.00277,0.04252,0.78118,0.20311,85.03174749999998,1.4094168749999998,26.3,0.10864,0.13021,0.01338,0.01448,0.09794,0.11738,1.10928,112.0,6.0,407.6822753124999,407.6822753124999,0.21289,0.04816,0.01565,0.03718,0.13838,0.04217,0.00243,0.01414,0.489,0.23878,0.28397,0.2723,0.23878,0.2723,0.0086,0.00672,0.00188,0.20219,112.0,1.06,0.98,0.81,1.21,1.02,1.01,1.03,0.99,0.905,1.105,1.01,1.005,0.23311,0.76689,R,0.18287,0.22063,0.05727,0.04477,0.00982,0.01742,0.0482,0.03242,0.13563,0.14104,0.05003,0.04555,0.00263,0.00207,0.01506,0.01386,0.49851,0.48224
663731,Connor Kaiser,ARI,30,19.0,23.0,450,,floor,floor,1.0,19.0,2025.0,0.23272,0.07934,0.00869,0.00537,0.03604,0.00215,0.0352,0.14034,0.46014,0.08352,0.04547,0.0091,0.00717,0.0058,0.00032,0.00372,0.00876,0.01047,0.0,0.0,0.0,3e-05,3e-05,0.0,0.7835,0.22837,0.0,0.0,,0.11514,0.10932,,,0.11598,0.11011,,,,,,0.23272,0.07934,0.00869,0.03604,0.14034,0.0352,0.00215,0.00537,0.46014,0.23575,0.30176,0.27859,0.23575,0.27859,0.0,0.0,0.0,0.22837,,1.0,1.0,1.0,1.0,1.0,1.0,1.0,1.0,1.0,1.0,1.0,1.0,0.26027,0.73973,R,0.23272,0.23272,0.07934,0.07934,0.00869,0.00869,0.03604,0.03604,0.14034,0.14034,0.0352,0.0352,0.00215,0.00215,0.00537,0.00537,0.46014,0.46014
642197,Jamie Westbrook,BOS,32,48.0,48.0,150,,floor,floor,1.0,0.0,,0.23861,0.08436,0.0148,0.01995,0.036,0.00195,0.03481,0.13283,0.4367,0.07967,0.04423,0.01063,0.01231,0.01033,0.0004,0.00724,0.01496,0.018,0.0203,0.01583,0.00447,0.0089,0.00696,0.0875,0.77964,0.23199,4.298875,0.0,26.8,0.11594,0.11932,0.02144,0.02171,0.11303,0.11632,1.02577,111.0,5.0,29.477999999999994,29.477999999999994,0.23503,0.08352,0.0148,0.03366,0.13615,0.03829,0.00184,0.01995,0.43677,0.23809,0.30826,0.28754,0.23809,0.28754,0.02051,0.01599,0.00452,0.23447,111.0,0.87,1.05,1.2,0.89,0.98,0.97,0.935,1.025,1.1,0.945,0.99,0.985,0.34677,0.65323,R,0.22994,0.24321,0.08454,0.08426,0.01289,0.01582,0.0334,0.03737,0.1334,0.13252,0.04071,0.03168,0.00274,0.00153,0.01001,0.02522,0.45237,0.42839
676801,Chas McCormick,HOU,32,116.0,1247.0,330,,projected,unmodeled,,116.0,2025.0,0.25689,0.08697,0.01349,0.00569,0.03594,0.00194,0.02779,0.13227,0.43902,0.03356,0.01842,0.00317,0.00206,0.0069,0.00038,0.00386,0.00987,0.01156,0.03254,0.02506,0.00748,0.0055,0.00434,0.13984,0.77013,0.23272,165.02721843749998,25.909843437499998,26.4,0.11521,0.10821,0.01085,0.01056,0.11505,0.10806,1.0014,117.0,5.0,666.9262934374999,666.9262934374999,0.26588,0.0874,0.01349,0.03828,0.13028,0.02723,0.00177,0.00569,0.42996,0.22114,0.29846,0.27032,0.22114,0.27032,0.03233,0.0249,0.00743,0.23117,117.0,1.13,0.97,0.96,0.83,1.01,1.07,1.065,0.985,0.98,0.915,1.005,1.035,0.3259,0.6741,R,0.22907,0.27035,0.08674,0.08708,0.01152,0.01444,0.03944,0.03425,0.13894,0.12904,0.035,0.0243,0.00213,0.00185,0.00369,0.00666,0.45348,0.43203
622110,Matt Duffy,TEX,36,10.0,466.0,150,,floor,floor,1.0,0.0,,0.2015,0.07235,0.01446,0.00468,0.03591,0.00202,0.03659,0.15049,0.482,0.04734,0.02603,0.0051,0.00292,0.01232,0.00046,0.00801,0.01557,0.0191,0.01176,0.00918,0.00259,0.00497,0.00389,0.04957,0.78021,0.2373,57.472888125,0.5220062499999999,,0.09232,0.09099,0.01382,0.01373,0.09636,0.09497,0.95808,118.0,7.0,218.69451843749997,218.69451843749997,0.19042,0.07235,0.01446,0.03394,0.152,0.03988,0.00267,0.00468,0.4896,0.2515,0.3153,0.28437,0.2515,0.28437,0.01184,0.00924,0.0026,0.23881,118.0,0.89,1.02,1.18,1.65,1.0,0.89,0.945,1.01,1.09,1.325,1.0,0.945,0.27619,0.72381,R,0.18365,0.20831,0.0807,0.06916,0.01707,0.01346,0.03981,0.03443,0.14431,0.15285,0.04162,0.03467,0.00204,0.00201,0.00372,0.00504,0.48708,0.48006
663494,Bryan Torres,STL,29,189.0,189.0,300,,projected,unmodeled,,189.0,2026.0,0.21272,0.09118,0.01076,0.00949,0.03582,0.00389,0.03745,0.13276,0.46593,0.05392,0.03228,0.00628,0.0059,0.00723,0.00106,0.00525,0.00945,0.01174,0.01659,0.01297,0.00363,0.00623,0.00489,0.07069,0.7815,0.2347,43.35,1.7,27.2,0.10234,0.10428,0.01566,0.01579,0.10586,0.10787,0.96671,138.0,6.0,160.65,160.65,0.20315,0.08845,0.01076,0.03152,0.13741,0.03876,0.00331,0.00949,0.47716,0.23672,0.3102,0.27333,0.23672,0.27333,0.01673,0.01307,0.00365,0.23662,138.0,0.76,1.07,1.07,0.7,0.94,0.91,0.88,1.035,1.035,0.85,0.97,0.955,0.21594,0.78406,L,0.19706,0.21704,0.08165,0.0938,0.01734,0.00895,0.03294,0.03661,0.12918,0.13375,0.04507,0.03535,0.00261,0.00424,0.00759,0.01001,0.48657,0.46024
672820,Lenyn Sosa,TOR,27,117.0,1239.0,829,,projected,unmodeled,,544.0,2025.0,0.22563,0.03538,0.00674,0.00497,0.03578,0.00217,0.04827,0.14813,0.49292,0.02923,0.011,0.00225,0.00194,0.00456,0.00021,0.00376,0.00692,0.0084,0.00859,0.00667,0.00192,0.00271,0.00211,0.04516,0.77611,0.19026,163.28565343749997,5.146006249999999,26.7,0.1075,0.12461,0.00955,0.01018,0.10995,0.12744,0.97775,141.0,5.0,825.3825975,825.3825975,0.22338,0.03538,0.00674,0.03668,0.14813,0.04923,0.00183,0.00497,0.49366,0.24752,0.278,0.28749,0.24752,0.28749,0.00859,0.00667,0.00192,0.19026,141.0,1.05,1.0,1.04,0.68,1.0,0.98,1.025,1.0,1.02,0.84,1.0,0.99,0.29106,0.70894,R,0.22213,0.22707,0.04251,0.03246,0.00566,0.00719,0.03701,0.03528,0.15177,0.14663,0.05723,0.04459,0.00223,0.00215,0.00673,0.00424,0.47473,0.50038
666310,Bo Naylor,MIL,27,98.0,1139.0,686,,projected,unmodeled,,414.0,2025.0,0.25923,0.09516,0.00402,0.00784,0.03574,0.00365,0.04111,0.10548,0.44778,0.03207,0.01828,0.00181,0.00252,0.00466,0.00056,0.0036,0.00598,0.00785,0.01617,0.01253,0.00364,0.00394,0.00309,0.07903,0.77481,0.20465,146.15346249999996,10.304656249999997,27.4,0.12863,0.13213,0.01165,0.01179,0.11467,0.11779,1.12178,158.0,5.0,741.3710624999999,741.3710624999999,0.27349,0.09801,0.00402,0.03627,0.10337,0.03865,0.00338,0.00784,0.43498,0.20408,0.28369,0.25051,0.20408,0.25051,0.01623,0.01258,0.00366,0.20539,158.0,1.03,0.96,0.88,0.85,1.06,1.11,1.015,0.98,0.94,0.925,1.03,1.055,0.20708,0.79292,L,0.22617,0.26787,0.07712,0.09986,0.00533,0.00367,0.02767,0.03784,0.12638,0.10001,0.04072,0.04122,0.00312,0.00379,0.00644,0.0082,0.48704,0.43753
670092,Trenton Brooks,SD,31,43.0,72.0,300,,projected,unmodeled,,43.0,2025.0,0.2376,0.08307,0.00589,0.00364,0.03573,0.00182,0.04296,0.13147,0.45782,0.0742,0.04096,0.00619,0.00487,0.00744,0.00028,0.00602,0.01012,0.01271,0.02019,0.01575,0.00443,0.00835,0.00655,0.09158,0.78032,0.22044,7.911375,0.6141249999999999,26.6,0.11836,0.10022,0.02057,0.01912,0.11737,0.09938,1.00847,135.0,6.0,48.87712499999999,48.87712499999999,0.23879,0.08432,0.00589,0.0368,0.1295,0.04016,0.00154,0.00364,0.45935,0.22956,0.29822,0.27152,0.22956,0.27152,0.02012,0.0157,0.00442,0.21971,135.0,1.06,0.97,0.87,0.7,1.03,1.01,1.03,0.985,0.935,0.85,1.015,1.005,0.19853,0.80147,L,0.24365,0.2361,0.08221,0.08329,0.00386,0.00639,0.04331,0.03386,0.13218,0.1313,0.04461,0.04255,0.00108,0.002,0.00232,0.00396,0.44679,0.46055
689041,Rhylan Thomas,SEA,27,10.0,10.0,150,,floor,floor,1.0,10.0,2025.0,0.20794,0.0857,0.00994,0.01726,0.03567,0.00226,0.04114,0.13559,0.46451,0.08336,0.04895,0.0104,0.01365,0.01044,0.00072,0.00757,0.01407,0.01744,0.0,0.0,0.0,3e-05,3e-05,0.0,0.7835,0.23123,0.0,0.0,,0.11514,0.10932,,,0.11598,0.11011,,,,,,0.20794,0.0857,0.00994,0.03567,0.13559,0.04114,0.00226,0.01726,0.46451,0.24198,0.3103,0.27815,0.24198,0.27815,0.0,0.0,0.0,0.23123,,1.0,1.0,1.0,1.0,1.0,1.0,1.0,1.0,1.0,1.0,1.0,1.0,0.25238,0.74762,L,0.20794,0.20794,0.0857,0.0857,0.00994,0.00994,0.03567,0.03567,0.13559,0.13559,0.04114,0.04114,0.00226,0.00226,0.01726,0.01726,0.46451,0.46451
656484,Tristan Gray,MIN,31,188.0,310.0,450,,projected,unmodeled,,188.0,2026.0,0.28188,0.06736,0.00486,0.01167,0.03565,0.00316,0.03845,0.13469,0.42229,0.05163,0.02448,0.00352,0.00543,0.00612,0.00065,0.00444,0.00859,0.01035,0.0127,0.00993,0.00278,0.00498,0.00391,0.06139,0.7815,0.20691,49.480625,1.7,26.2,0.09866,0.12102,0.0142,0.01553,0.09872,0.12109,0.99946,142.0,5.0,240.972875,240.972875,0.27765,0.06669,0.00486,0.03458,0.13671,0.04114,0.00308,0.01167,0.42363,0.23506,0.28704,0.29926,0.23506,0.29926,0.01278,0.00999,0.00279,0.20825,142.0,0.94,1.03,1.14,0.95,0.98,0.97,0.97,1.015,1.07,0.975,0.99,0.985,0.19604,0.80396,L,0.26164,0.28682,0.0668,0.0675,0.00766,0.00418,0.04863,0.03248,0.13662,0.13421,0.04185,0.03762,0.00387,0.00298,0.00789,0.0126,0.42504,0.42162
669004,MJ Melendez,NYM,28,144.0,1796.0,615,,projected,unmodeled,,144.0,2026.0,0.27123,0.09861,0.00794,0.00669,0.03562,0.00606,0.04275,0.09974,0.43136,0.02855,0.01629,0.00205,0.00188,0.00478,0.00077,0.00365,0.00599,0.00819,0.01436,0.01094,0.00342,0.00324,0.0025,0.0696,0.76174,0.20629,212.4815390625,13.201589062499997,27.2,0.1126,0.10433,0.00928,0.00897,0.10946,0.10142,1.02866,121.0,6.0,997.5192743749998,997.5192743749998,0.2753,0.10206,0.00794,0.0358,0.09774,0.04125,0.00543,0.00669,0.42779,0.20403,0.29022,0.25239,0.20403,0.25239,0.01446,0.01101,0.00345,0.20774,121.0,1.01,0.96,0.93,0.79,1.07,1.03,1.005,0.98,0.965,0.895,1.035,1.015,0.17558,0.82442,L,0.24336,0.27716,0.06581,0.1056,0.00799,0.00793,0.02832,0.03718,0.1319,0.09289,0.03887,0.04358,0.00579,0.00612,0.00755,0.00651,0.47041,0.42305
596142,Gary Sánchez,MIL,34,275.0,1394.0,475,,projected,unmodeled,,275.0,2026.0,0.25236,0.10328,0.01689,0.00852,0.03561,0.00044,0.0357,0.11635,0.43086,0.03034,0.0181,0.00336,0.00239,0.00576,4e-05,0.00408,0.00752,0.00963,0.00273,0.00213,0.0006,0.00164,0.00129,0.01155,0.78061,0.23652,186.65677531249997,0.8874106249999999,24.5,0.12411,0.1545,0.01098,0.01206,0.11064,0.13772,1.12178,158.0,4.0,827.0383709375,827.0383709375,0.26624,0.10638,0.01689,0.03614,0.11402,0.03356,0.0004,0.00852,0.41785,0.21207,0.30739,0.26152,0.21207,0.26152,0.00274,0.00214,0.0006,0.23729,158.0,1.03,0.96,0.88,0.85,1.06,1.11,1.015,0.98,0.94,0.925,1.03,1.055,0.39252,0.60748,R,0.23267,0.26508,0.10722,0.10074,0.01092,0.02075,0.03694,0.03475,0.12583,0.11022,0.03147,0.03843,0.00052,0.00038,0.00971,0.00774,0.44471,0.42191
672744,Alexander Canario,PIT,27,234.0,279.0,300,,projected,unmodeled,,234.0,2025.0,0.30843,0.07446,0.00528,0.00433,0.03556,0.00263,0.03582,0.12653,0.40696,0.05718,0.02767,0.00382,0.00346,0.00674,0.00034,0.00524,0.00975,0.01146,0.01981,0.01545,0.00436,0.00635,0.00498,0.09605,0.77988,0.20627,41.76049999999999,3.5041249999999997,28.1,0.11762,0.10145,0.01583,0.01484,0.12506,0.10787,0.9405,134.0,2.0,186.26049999999998,186.26049999999998,0.30689,0.07409,0.00528,0.03254,0.12843,0.03886,0.00226,0.00433,0.40733,0.22055,0.28146,0.29391,0.22055,0.29391,0.01996,0.01557,0.00439,0.2078,134.0,0.83,1.03,1.17,0.72,0.99,0.99,0.915,1.015,1.085,0.86,0.995,0.995,0.36364,0.63636,R,0.30081,0.31278,0.07445,0.07447,0.00481,0.00555,0.03898,0.03361,0.11736,0.13177,0.03782,0.03467,0.00215,0.00291,0.00508,0.0039,0.41855,0.40034
669392,Samad Taylor,SD,28,175.0,258.0,450,,projected,unmodeled,,175.0,2026.0,0.24926,0.09316,0.00561,0.00755,0.03554,0.00227,0.03829,0.12787,0.44045,0.05363,0.03068,0.00406,0.0047,0.00635,0.00031,0.00456,0.00765,0.00995,0.04966,0.03903,0.01063,0.009,0.00721,0.21912,0.78592,0.22663,58.5021,17.776049999999998,29.2,0.13677,0.10566,0.0176,0.01575,0.13562,0.10477,1.00847,135.0,2.0,184.76843125,184.76843125,0.25051,0.09456,0.00561,0.03661,0.12595,0.0358,0.00193,0.00755,0.44148,0.22447,0.30046,0.27048,0.22447,0.27048,0.04955,0.03894,0.01061,0.22611,135.0,1.06,0.97,0.87,0.7,1.03,1.01,1.03,0.985,0.935,0.85,1.015,1.005,0.28535,0.71465,R,0.25043,0.24879,0.07471,0.10052,0.00718,0.00498,0.03406,0.03613,0.12475,0.12912,0.03754,0.03859,0.00394,0.0016,0.00769,0.0075,0.4597,0.43276
671277,Luis García Jr.,NYY,27,543.0,2456.0,1011,,projected,unmodeled,,543.0,2026.0,0.17026,0.05032,0.00154,0.00929,0.03554,0.00597,0.04505,0.16103,0.52101,0.01948,0.00964,0.00078,0.0019,0.00406,0.00101,0.00345,0.00664,0.00797,0.02721,0.02099,0.00623,0.0036,0.00287,0.12783,0.77121,0.21288,339.49243843749997,46.1508934375,26.4,0.13604,0.15303,0.00861,0.00906,0.12263,0.13794,1.10936,147.0,4.0,1584.7269153124996,1584.7269153124996,0.17367,0.05385,0.00154,0.03874,0.15378,0.04392,0.00519,0.00929,0.52003,0.25834,0.29702,0.28066,0.25834,0.28066,0.02674,0.02062,0.00612,0.20916,147.0,1.18,0.91,0.95,0.74,1.14,1.04,1.09,0.955,0.975,0.87,1.07,1.02,0.20033,0.79967,L,0.19048,0.1652,0.05278,0.04971,0.00267,0.00125,0.01867,0.03976,0.15542,0.16243,0.03722,0.04701,0.00703,0.00571,0.01604,0.0076,0.51969,0.52134
676475,Alec Burleson,STL,28,670.0,2211.0,1113,,projected,unmodeled,,670.0,2026.0,0.1569,0.07289,0.00737,0.00723,0.03543,0.00208,0.04821,0.16087,0.50901,0.01914,0.01164,0.00179,0.00177,0.00387,0.00027,0.00333,0.00633,0.00755,0.01139,0.00889,0.00249,0.00248,0.00196,0.04722,0.78111,0.24114,375.25105124999993,18.250355312499998,25.6,0.11535,0.13694,0.00753,0.00809,0.11932,0.14165,0.96671,138.0,4.0,1534.0419253124999,1534.0419253124999,0.14984,0.07071,0.00737,0.03118,0.1665,0.0499,0.00177,0.00723,0.5155,0.27261,0.32744,0.29737,0.27261,0.29737,0.01155,0.00902,0.00253,0.24458,138.0,0.76,1.07,1.07,0.7,0.94,0.91,0.88,1.035,1.035,0.85,0.97,0.955,0.26206,0.73794,L,0.17233,0.15142,0.05814,0.07813,0.00413,0.00853,0.02277,0.03993,0.15324,0.16358,0.0384,0.0517,0.00242,0.00196,0.00895,0.00661,0.53962,0.49814
623993,Anthony Santander,TOR,32,221.0,2189.0,630,,projected,unmodeled,,221.0,2025.0,0.21507,0.08883,0.01229,0.00685,0.03543,0.00133,0.03604,0.12839,0.47576,0.02426,0.0143,0.00231,0.00173,0.00512,0.00012,0.00341,0.00726,0.00905,0.00633,0.00493,0.0014,0.00214,0.00168,0.02759,0.77841,0.22951,258.4542353125,5.247698124999999,26.0,0.11156,0.12431,0.00832,0.00871,0.1141,0.12714,0.97775,141.0,4.0,1197.5790621874996,1197.5790621874996,0.21292,0.08883,0.01229,0.03632,0.12839,0.03676,0.00112,0.00685,0.47652,0.22711,0.30371,0.25866,0.22711,0.25866,0.00633,0.00493,0.0014,0.22951,141.0,1.05,1.0,1.04,0.68,1.0,0.98,1.025,1.0,1.02,0.84,1.0,0.99,0.26427,0.73573,S,0.25453,0.20089,0.10449,0.0832,0.00939,0.01334,0.03085,0.03708,0.13441,0.12622,0.03785,0.03539,0.00118,0.00138,0.00747,0.00663,0.41983,0.49586
806956,Ethan Salas,SD,21,40.0,40.0,300,,projected,unmodeled,,40.0,2026.0,0.22348,0.06952,0.00746,0.00461,0.03538,0.00177,0.04425,0.139,0.47453,0.07655,0.03978,0.00782,0.00616,0.00782,0.0003,0.00679,0.01077,0.01352,0.01827,0.01425,0.00403,0.00798,0.00624,0.0846,0.77964,0.21598,6.8,0.0,27.0,0.12385,0.1159,0.02164,0.02103,0.12281,0.11493,1.00847,135.0,3.0,34.0,34.0,0.2246,0.07057,0.00746,0.03644,0.13691,0.04137,0.00151,0.00461,0.47654,0.23571,0.29426,0.27394,0.23571,0.27394,0.01818,0.01418,0.00401,0.21494,135.0,1.06,0.97,0.87,0.7,1.03,1.01,1.03,0.985,0.935,0.85,1.015,1.005,0.24583,0.75417,L,0.22558,0.2228,0.06484,0.07105,0.00578,0.00801,0.03598,0.03518,0.13358,0.14077,0.0486,0.04282,0.00073,0.00211,0.00352,0.00496,0.48139,0.4723
656555,Rhys Hoskins,CLE,34,317.0,1834.0,656,,projected,unmodeled,,328.0,2025.0,0.27783,0.11486,0.01144,0.01074,0.03534,0.00078,0.04613,0.10174,0.40113,0.02725,0.01651,0.00243,0.00236,0.00458,8e-05,0.00417,0.00607,0.00795,0.00552,0.00431,0.00121,0.00198,0.00156,0.0242,0.7806,0.22804,262.383939375,6.190990937499999,24.8,0.09914,0.11623,0.00794,0.0085,0.10558,0.12379,0.93896,114.0,5.0,1122.102595,1122.102595,0.28477,0.11486,0.01144,0.03411,0.10174,0.04706,0.00064,0.01074,0.39465,0.21269,0.30984,0.27465,0.21269,0.27465,0.00552,0.00431,0.00121,0.22804,114.0,0.93,1.0,1.04,0.62,1.0,1.05,0.965,1.0,1.02,0.81,1.0,1.025,0.30103,0.69897,R,0.27169,0.28047,0.12471,0.11061,0.00928,0.01237,0.0367,0.03476,0.0993,0.1028,0.04537,0.04646,0.00107,0.00066,0.01438,0.00917,0.39752,0.40269
455117,Martín Maldonado,SD,40,161.0,1094.0,300,,projected,unmodeled,,161.0,2025.0,0.31843,0.06487,0.01013,0.00217,0.03531,0.00032,0.03085,0.09968,0.43824,0.0378,0.01701,0.00292,0.00136,0.00639,4e-05,0.00408,0.00836,0.01093,0.0022,0.00172,0.00048,0.00159,0.00124,0.01259,0.77964,0.17468,99.71926937499998,0.0,23.1,0.09199,0.09837,0.01035,0.01066,0.09122,0.09755,1.00847,135.0,7.0,587.2197321874999,587.2197321874999,0.32002,0.06584,0.01013,0.03637,0.09818,0.02885,0.00027,0.00217,0.43816,0.17754,0.23965,0.22512,0.17754,0.22512,0.00219,0.00171,0.00048,0.17416,135.0,1.06,0.97,0.87,0.7,1.03,1.01,1.03,0.985,0.935,0.85,1.015,1.005,0.29331,0.70669,R,0.29089,0.32985,0.07936,0.05886,0.00774,0.01112,0.04244,0.03235,0.1073,0.09651,0.03534,0.02899,0.00039,0.00029,0.00229,0.00213,0.43424,0.4399
608701,Rob Refsnyder,SEA,36,129.0,1065.0,494,,projected,unmodeled,,209.0,2025.0,0.24598,0.09765,0.01825,0.00922,0.03531,0.0014,0.03735,0.12531,0.42952,0.03335,0.01957,0.00395,0.00282,0.00549,0.00017,0.00418,0.00748,0.00916,0.01645,0.01279,0.00366,0.0041,0.00322,0.06819,0.77742,0.24121,170.17420218749996,10.209466874999997,27.0,0.10932,0.11273,0.01051,0.01066,0.11228,0.11578,0.97362,136.0,5.0,654.5722340624999,654.5722340624999,0.26566,0.0957,0.01825,0.03496,0.11968,0.03455,0.00098,0.00922,0.42101,0.21688,0.30412,0.26936,0.21688,0.26936,0.01593,0.01239,0.00355,0.23362,136.0,0.98,0.91,0.85,0.4,0.96,1.16,0.99,0.955,0.925,0.7,0.98,1.08,0.52426,0.47574,R,0.23477,0.25833,0.10966,0.08442,0.01793,0.0186,0.04244,0.02746,0.1281,0.12225,0.03797,0.03668,0.00127,0.00155,0.01088,0.00739,0.41699,0.44333
592626,Joc Pederson,TEX,35,432.0,2045.0,625,,projected,unmodeled,,432.0,2026.0,0.22589,0.11382,0.02019,0.00685,0.0353,0.00092,0.03526,0.13005,0.43173,0.02396,0.01549,0.00305,0.00179,0.00509,0.00018,0.00333,0.00707,0.00866,0.00927,0.0072,0.00207,0.00251,0.00197,0.0351,0.77647,0.26405,325.25902375,12.118901562499998,25.0,0.11844,0.11633,0.00813,0.00807,0.12553,0.12328,0.94359,140.0,3.0,1278.0041815625,1278.0041815625,0.22701,0.11041,0.02019,0.03406,0.12744,0.03403,0.00084,0.00685,0.43917,0.22767,0.32697,0.26986,0.22767,0.26986,0.00906,0.00703,0.00202,0.25804,140.0,0.93,0.96,0.93,0.83,0.94,1.01,0.965,0.98,0.965,0.915,0.97,1.005,0.10743,0.89257,L,0.29859,0.21714,0.1083,0.11449,0.0182,0.02043,0.02235,0.03686,0.13053,0.12999,0.03772,0.03497,0.00136,0.00086,0.0062,0.00693,0.37676,0.43835
691723,Coby Mayo,BAL,25,454.0,794.0,478,,projected,unmodeled,,454.0,2026.0,0.29426,0.084,0.01247,0.00178,0.0352,0.00182,0.0418,0.11062,0.41808,0.03596,0.01863,0.00375,0.00142,0.00576,0.00022,0.00472,0.00723,0.00928,0.01293,0.01016,0.00277,0.00375,0.00297,0.06245,0.78561,0.20708,128.989625,5.567499999999999,27.9,0.12624,0.1194,0.0116,0.01133,0.12529,0.11851,1.00754,110.0,3.0,626.56475,626.56475,0.29426,0.0819,0.01247,0.03678,0.11172,0.04159,0.00189,0.00178,0.41762,0.2124,0.28634,0.27094,0.2124,0.27094,0.01287,0.01011,0.00276,0.20609,110.0,1.09,1.02,0.99,1.08,0.95,1.0,1.045,1.01,0.995,1.04,0.975,1.0,0.33099,0.66901,R,0.25061,0.31585,0.08975,0.08115,0.01225,0.01257,0.05071,0.02752,0.12972,0.10116,0.04838,0.03854,0.00114,0.00215,0.00177,0.00178,0.41567,0.41927
681584,David Villar,SF,30,25.0,383.0,300,,projected,unmodeled,,25.0,2025.0,0.28254,0.08736,0.02569,0.00767,0.0352,0.00105,0.03545,0.11349,0.41154,0.05584,0.02981,0.00734,0.00405,0.0066,0.00012,0.00498,0.00821,0.01092,0.01496,0.01162,0.00334,0.00593,0.00463,0.06603,0.77647,0.22654,39.85779624999999,1.4877178124999997,26.2,0.11187,0.10455,0.01547,0.01502,0.11714,0.10947,0.95503,137.0,5.0,194.1766615625,194.1766615625,0.27689,0.08518,0.02569,0.0315,0.11463,0.03616,0.00127,0.00767,0.421,0.20825,0.29443,0.26535,0.20825,0.26535,0.01489,0.01156,0.00333,0.22549,137.0,0.79,1.02,1.04,1.42,0.95,0.96,0.895,1.01,1.02,1.21,0.975,0.98,0.34733,0.65267,R,0.28506,0.28121,0.08469,0.08878,0.01805,0.02976,0.03021,0.03785,0.11939,0.11035,0.04078,0.03261,0.00121,0.00097,0.00782,0.0076,0.41278,0.41088
641302,Tyler Alexander,CWS,32,1.0,1.0,150,,floor,floor,1.0,1.0,2025.0,0.22137,0.08406,0.01105,0.00683,0.03519,0.00366,0.0447,0.13098,0.46217,0.08799,0.05006,0.01154,0.00909,0.01,0.00079,0.00865,0.01575,0.01886,0.0,0.0,0.0,3e-05,3e-05,0.0,0.7835,0.22608,0.0,0.0,,0.11514,0.10932,,,0.11598,0.11011,,,,,,0.22137,0.08406,0.01105,0.03519,0.13098,0.0447,0.00366,0.00683,0.46217,0.23888,0.30963,0.27955,0.23888,0.27955,0.0,0.0,0.0,0.22608,,1.0,1.0,1.0,1.0,1.0,1.0,1.0,1.0,1.0,1.0,1.0,1.0,0.26368,0.73632,R,0.22137,0.22137,0.08406,0.08406,0.01105,0.01105,0.03519,0.03519,0.13098,0.13098,0.0447,0.0447,0.00366,0.00366,0.00683,0.00683,0.46217,0.46217
506702,Sandy León,ATL,38,44.0,186.0,300,,projected,unmodeled,,44.0,2026.0,0.30361,0.07122,0.00712,0.00208,0.03518,0.00112,0.0358,0.11612,0.42775,0.06795,0.03235,0.00515,0.00279,0.00627,0.0002,0.00399,0.0081,0.01048,0.00933,0.00727,0.00206,0.0051,0.00399,0.04798,0.77964,0.19446,16.293554374999996,0.0,22.1,0.09459,0.08826,0.017,0.01648,0.09392,0.08763,1.00717,144.0,8.0,98.526931875,98.526931875,0.30664,0.07015,0.00712,0.03518,0.11902,0.0349,0.00103,0.00208,0.42387,0.20652,0.26741,0.2677,0.20652,0.2677,0.00942,0.00734,0.00208,0.19629,144.0,1.0,1.05,0.95,0.83,0.97,1.02,1.0,1.025,0.975,0.915,0.985,1.01,0.29688,0.70312,S,0.2621,0.32113,0.07273,0.07058,0.00665,0.00732,0.03696,0.03443,0.12371,0.11291,0.03851,0.03465,0.00115,0.00111,0.00215,0.00205,0.45605,0.4158
701538,Jackson Merrill,SD,24,664.0,1740.0,1016,,projected,unmodeled,,664.0,2026.0,0.21658,0.06168,0.00489,0.00745,0.03517,0.00824,0.05355,0.13709,0.47535,0.02361,0.01174,0.00163,0.00201,0.00385,0.00069,0.00354,0.00587,0.00719,0.02992,0.0236,0.00632,0.00398,0.00323,0.14692,0.78867,0.20366,278.585375,40.185874999999996,29.0,0.12637,0.13542,0.00869,0.00895,0.1253,0.13429,1.00847,135.0,4.0,1277.5436249999998,1277.5436249999998,0.21767,0.06261,0.00489,0.03623,0.13503,0.05007,0.007,0.00745,0.47906,0.24683,0.29582,0.28622,0.24683,0.28622,0.02976,0.02347,0.00629,0.20253,135.0,1.06,0.97,0.87,0.7,1.03,1.01,1.03,0.985,0.935,0.85,1.015,1.005,0.28918,0.71082,L,0.2142,0.21755,0.05264,0.06536,0.0042,0.00517,0.02581,0.03898,0.14223,0.135,0.0531,0.05373,0.00527,0.00944,0.00862,0.00697,0.49393,0.4678
681393,Connor Norby,COL,27,383.0,914.0,525,,projected,unmodeled,,383.0,2026.0,0.27713,0.08207,0.017,0.0076,0.03517,0.00391,0.03799,0.11848,0.42066,0.03391,0.0177,0.0041,0.00275,0.00514,0.00044,0.00403,0.0071,0.00867,0.0283,0.02193,0.00636,0.005,0.00396,0.13008,0.77514,0.21754,163.988375,21.95975,28.0,0.11279,0.09497,0.01028,0.00954,0.11928,0.10044,0.9456,115.0,2.0,688.17275,688.17275,0.26327,0.08043,0.017,0.03658,0.12737,0.04236,0.00614,0.0076,0.41926,0.23737,0.30987,0.2955,0.23737,0.2955,0.02924,0.02267,0.00657,0.22479,115.0,1.08,1.15,1.23,2.14,0.96,0.9,1.04,1.075,1.115,1.57,0.98,0.95,0.31598,0.68402,R,0.26546,0.28252,0.10568,0.07116,0.01749,0.01677,0.0301,0.03752,0.10892,0.1229,0.03859,0.03771,0.00373,0.00399,0.00571,0.00847,0.42431,0.41897
656976,Pavin Smith,ARI,31,122.0,1073.0,463,,projected,unmodeled,,288.0,2025.0,0.24279,0.11993,0.00251,0.00829,0.03514,0.00404,0.04854,0.12007,0.4187,0.03329,0.02147,0.00147,0.00267,0.00547,0.00069,0.00467,0.00789,0.00999,0.01097,0.00852,0.00244,0.00348,0.00272,0.04522,0.77726,0.24251,160.11059531249998,6.6918428125,25.1,0.1228,0.12894,0.01193,0.01218,0.11082,0.11636,1.10811,109.0,5.0,650.7355465625,650.7355465625,0.23065,0.11933,0.00251,0.03391,0.12187,0.05097,0.0062,0.00829,0.42628,0.2448,0.33479,0.29577,0.2448,0.29577,0.01102,0.00857,0.00245,0.24371,109.0,0.93,1.03,1.1,2.07,0.99,0.9,0.965,1.015,1.05,1.535,0.995,0.95,0.13802,0.86198,L,0.25732,0.24047,0.09678,0.12364,0.00463,0.00217,0.02794,0.03629,0.13001,0.11847,0.04514,0.04909,0.005,0.00388,0.00687,0.00851,0.4263,0.41748
641820,Trey Mancini,LAA,35,14.0,864.0,300,,floor,floor,1.0,14.0,2026.0,0.24618,0.08426,0.01366,0.01012,0.03513,0.00298,0.05186,0.11428,0.44153,0.04059,0.02228,0.00378,0.00326,0.00707,0.00066,0.00624,0.00834,0.01118,0.00695,0.00542,0.00153,0.00312,0.00244,0.03276,0.77964,0.2122,96.70165781249999,0.0,,0.11465,0.11558,0.01381,0.01386,0.10335,0.1042,1.10928,112.0,6.0,397.74266218749995,397.74266218749995,0.24741,0.08511,0.01366,0.03619,0.11313,0.04693,0.00329,0.01012,0.44416,0.22392,0.29831,0.26889,0.22392,0.26889,0.00694,0.00541,0.00153,0.2119,112.0,1.06,0.98,0.81,1.21,1.02,1.01,1.03,0.99,0.905,1.105,1.01,1.005,0.26168,0.73832,R,0.23762,0.24921,0.08328,0.08461,0.01147,0.01444,0.03175,0.03634,0.11456,0.11418,0.0528,0.05152,0.00386,0.00266,0.00881,0.01059,0.45586,0.43646
681351,Logan O'Hoppe,TEX,27,274.0,1462.0,772,,projected,unmodeled,,451.0,2025.0,0.2763,0.06303,0.01031,0.0036,0.03511,0.00228,0.04223,0.12608,0.44106,0.02881,0.01333,0.00257,0.00152,0.00427,0.00019,0.00357,0.00618,0.00752,0.00829,0.00639,0.0019,0.00247,0.00192,0.04158,0.77081,0.19942,210.33324374999998,5.760131249999999,27.2,0.10352,0.10507,0.00857,0.00863,0.10971,0.11135,0.94359,140.0,5.0,983.1999937499999,983.1999937499999,0.27768,0.06114,0.01031,0.03388,0.12356,0.04075,0.00208,0.0036,0.44699,0.21653,0.27173,0.27127,0.21653,0.27127,0.00811,0.00625,0.00186,0.195,140.0,0.93,0.96,0.93,0.83,0.94,1.01,0.965,0.98,0.965,0.915,0.97,1.005,0.22806,0.77194,R,0.24761,0.28478,0.08303,0.05712,0.00841,0.01087,0.02955,0.03676,0.13591,0.12318,0.04792,0.04055,0.00226,0.00228,0.00415,0.00344,0.44115,0.44103
699024,Leo Bernal,STL,23,102.0,102.0,150,,projected,unmodeled,,102.0,2026.0,0.23324,0.07722,0.00492,0.00304,0.03492,0.00192,0.04226,0.13686,0.46562,0.06583,0.03537,0.00517,0.00407,0.01074,0.00046,0.00784,0.01379,0.01805,0.0163,0.01266,0.00365,0.00677,0.00528,0.07444,0.77634,0.21899,22.099999999999998,0.85,26.2,0.11429,0.13695,0.01843,0.01991,0.11822,0.14167,0.96671,138.0,4.0,86.7,86.7,0.22275,0.0749,0.00492,0.03073,0.14165,0.04374,0.00163,0.00304,0.47664,0.23743,0.29757,0.28181,0.23743,0.28181,0.01649,0.0128,0.00369,0.22147,138.0,0.76,1.07,1.07,0.7,0.94,0.91,0.88,1.035,1.035,0.85,0.97,0.955,0.27152,0.72848,S,0.25464,0.22527,0.0781,0.07689,0.00515,0.00483,0.02515,0.03856,0.13699,0.13681,0.04439,0.04147,0.00199,0.00189,0.00317,0.00299,0.45043,0.47128
592206,Nick Castellanos,SD,35,122.0,2599.0,1075,,projected,unmodeled,,589.0,2025.0,0.2371,0.05679,0.0078,0.00693,0.03489,0.00196,0.04932,0.14323,0.46198,0.02239,0.01037,0.0017,0.0016,0.00398,0.00015,0.00339,0.00582,0.00707,0.01371,0.01079,0.00292,0.00265,0.00212,0.06598,0.78717,0.20782,329.23257187499996,19.838723749999996,27.2,0.10825,0.12425,0.0075,0.00796,0.10734,0.1232,1.00847,135.0,5.0,1531.8146331249998,1531.8146331249998,0.23829,0.05764,0.0078,0.03594,0.14108,0.04612,0.00166,0.00693,0.46454,0.24234,0.29025,0.28905,0.24234,0.28905,0.01363,0.01073,0.0029,0.20653,135.0,1.06,0.97,0.87,0.7,1.03,1.01,1.03,0.985,0.935,0.85,1.015,1.005,0.2828,0.7172,R,0.23711,0.2371,0.06249,0.05455,0.00786,0.00777,0.03718,0.03399,0.14952,0.14075,0.04978,0.04914,0.00176,0.00204,0.00668,0.00702,0.44762,0.46764
543760,Marcus Semien,NYM,36,547.0,3276.0,1134,,projected,unmodeled,,547.0,2026.0,0.16763,0.08701,0.00593,0.0091,0.03488,0.00308,0.03777,0.15646,0.49814,0.01731,0.01112,0.00132,0.00164,0.00389,0.00024,0.00301,0.00615,0.00713,0.02786,0.02181,0.00605,0.00344,0.00279,0.1117,0.78278,0.2494,470.89924562499993,49.99175656249999,28.3,0.1315,0.11231,0.00731,0.00683,0.12784,0.10919,1.02866,121.0,2.0,2006.0201025,2006.0201025,0.17015,0.09006,0.00593,0.03505,0.15333,0.03645,0.00276,0.0091,0.49718,0.25431,0.32357,0.27915,0.25431,0.27915,0.02785,0.0218,0.00605,0.24931,121.0,1.01,0.96,0.93,0.79,1.07,1.03,1.005,0.98,0.965,0.895,1.035,1.015,0.26213,0.73787,R,0.17892,0.16362,0.10376,0.08106,0.00668,0.00566,0.02732,0.03756,0.1656,0.15321,0.03898,0.03734,0.00453,0.00256,0.0084,0.00935,0.46581,0.50963
665923,Esteury Ruiz,MIA,28,255.0,876.0,450,,projected,unmodeled,,255.0,2026.0,0.25412,0.06991,0.03232,0.00476,0.03487,0.00368,0.04349,0.1234,0.43345,0.03636,0.01813,0.00572,0.00223,0.00617,0.00084,0.0051,0.00835,0.01048,0.11658,0.09156,0.02501,0.00846,0.00723,0.51667,0.78545,0.22563,127.47877656249999,84.3187409375,29.9,0.12559,0.09821,0.01196,0.01075,0.13091,0.10236,0.9594,146.0,2.0,532.0786224999999,532.0786224999999,0.24903,0.07061,0.03232,0.0326,0.12402,0.04414,0.00442,0.00476,0.4381,0.22994,0.30811,0.2826,0.22994,0.2826,0.11726,0.0921,0.02516,0.22695,146.0,0.87,1.01,1.03,1.4,1.02,0.96,0.935,1.005,1.015,1.2,1.01,0.98,0.42173,0.57827,R,0.25663,0.25228,0.07955,0.06288,0.03148,0.03293,0.0454,0.02719,0.11756,0.12767,0.04676,0.0411,0.00371,0.00365,0.00698,0.00315,0.41194,0.44914
668731,Akil Baddoo,DET,28,18.0,682.0,300,,floor,floor,1.0,18.0,2025.0,0.26103,0.10383,0.00117,0.00335,0.03486,0.00705,0.03831,0.1187,0.4317,0.04406,0.02605,0.00124,0.00209,0.00692,0.00148,0.00513,0.00887,0.0115,0.03799,0.0295,0.00849,0.00744,0.00588,0.16984,0.77654,0.2237,77.47493937499999,16.1438109375,28.1,0.12779,0.09519,0.01445,0.0127,0.12729,0.09482,1.00391,116.0,2.0,336.5481765624999,336.5481765624999,0.25842,0.10331,0.00117,0.03503,0.1181,0.03716,0.00882,0.00335,0.43464,0.22318,0.30359,0.27405,0.22318,0.27405,0.0378,0.02936,0.00845,0.22258,116.0,1.01,0.99,0.94,1.5,0.99,0.98,1.005,0.995,0.97,1.25,0.995,0.99,0.19667,0.80333,L,0.25164,0.26333,0.08447,0.10856,0.00185,0.00101,0.03416,0.03503,0.13599,0.11446,0.04415,0.03689,0.00545,0.00744,0.00381,0.00324,0.43847,0.43005
686611,Dylan Crews,WSH,25,443.0,897.0,514,,projected,unmodeled,,443.0,2026.0,0.23299,0.07347,0.01525,0.00261,0.03481,0.00601,0.03501,0.13938,0.46047,0.03199,0.01681,0.00392,0.00163,0.00561,0.00097,0.00376,0.00768,0.00939,0.04877,0.0385,0.01026,0.00664,0.0054,0.2138,0.78952,0.22809,148.284625,35.30687499999999,29.3,0.12027,0.09287,0.011,0.00981,0.11848,0.09148,1.01514,120.0,2.0,690.2595,690.2595,0.226,0.07347,0.01525,0.03568,0.14217,0.03484,0.00577,0.00261,0.46422,0.24041,0.30717,0.28249,0.24041,0.28249,0.04936,0.03897,0.01039,0.23088,120.0,1.05,1.04,0.99,0.92,1.0,0.94,1.025,1.02,0.995,0.96,1.0,0.97,0.28715,0.71285,R,0.21865,0.23877,0.07558,0.07262,0.01161,0.01671,0.03821,0.03344,0.15135,0.13456,0.03845,0.03363,0.00549,0.00622,0.0025,0.00266,0.45816,0.4614
605346,Jack López,LAA,34,71.0,71.0,150,,floor,floor,1.0,0.0,,0.26218,0.06751,0.01255,0.00366,0.03478,0.00212,0.03448,0.13802,0.4447,0.07807,0.03791,0.00903,0.0049,0.01092,0.00057,0.00772,0.01515,0.01801,0.02041,0.01586,0.00455,0.00821,0.00641,0.09359,0.77725,0.21808,9.825999999999999,0.6141249999999999,27.6,0.09848,0.09992,0.01811,0.01823,0.10822,0.10981,0.90997,108.0,6.0,43.602875,43.602875,0.27004,0.06717,0.01255,0.03478,0.13802,0.03276,0.00196,0.00366,0.43906,0.22639,0.28724,0.28234,0.22639,0.28234,0.02038,0.01584,0.00454,0.21774,108.0,1.0,1.0,0.9,0.85,0.99,1.06,1.0,1.0,0.95,0.925,0.995,1.03,0.26568,0.73432,R,0.2493,0.26684,0.07278,0.0656,0.01439,0.01188,0.03326,0.03533,0.13909,0.13763,0.03324,0.03493,0.00215,0.00211,0.00372,0.00364,0.45206,0.44204
677551,Wander Franco,TB,26,491.0,835.0,0,,floor,floor,1.0,0.0,,0.14335,0.08238,0.00426,0.00935,0.03471,0.00321,0.04698,0.15601,0.51975,0.03304,0.02207,0.00215,0.00318,0.13177,0.01056,0.11401,0.20117,0.2466,0.04683,0.03655,0.01029,0.00778,0.00621,0.193,0.78037,0.24265,101.47801499999997,24.429892499999998,,0.11724,0.1012,0.01274,0.01195,0.12214,0.10543,0.95991,139.0,2.0,408.93969625,408.93969625,0.1455,0.07826,0.00426,0.03558,0.15367,0.04628,0.00328,0.00935,0.52383,0.26296,0.32132,0.27952,0.26296,0.27952,0.04558,0.03557,0.01001,0.23619,139.0,1.05,0.97,0.97,1.04,0.9,1.03,1.025,0.985,0.985,1.02,0.95,1.015,0.26,0.74,S,0.1526,0.1401,0.07787,0.08397,0.00637,0.00352,0.03533,0.03449,0.16211,0.15387,0.04671,0.04708,0.00256,0.00345,0.0079,0.00986,0.50856,0.52368
682928,CJ Abrams,WSH,26,654.0,2807.0,1073,,projected,unmodeled,,654.0,2026.0,0.2111,0.06557,0.02248,0.00643,0.03468,0.00903,0.04553,0.13256,0.47262,0.01971,0.01018,0.00276,0.00149,0.00386,0.00089,0.00323,0.00557,0.00707,0.05936,0.04762,0.01174,0.00455,0.00388,0.26908,0.80229,0.22061,412.7700299999999,116.4754521875,28.4,0.13874,0.1181,0.00772,0.00721,0.13667,0.11634,1.01514,120.0,3.0,1838.9015918749997,1838.9015918749997,0.20477,0.06557,0.02248,0.03555,0.13521,0.0453,0.00867,0.00643,0.47602,0.24818,0.31279,0.2844,0.24818,0.2844,0.06007,0.0482,0.01188,0.22326,120.0,1.05,1.04,0.99,0.92,1.0,0.94,1.025,1.02,0.995,0.96,1.0,0.97,0.30894,0.69106,L,0.26356,0.18765,0.05066,0.07224,0.02008,0.02355,0.02658,0.0383,0.13257,0.13256,0.04164,0.04727,0.00926,0.00893,0.00623,0.00651,0.44942,0.48299
623205,Andrew Velazquez,KC,32,15.0,458.0,150,,floor,floor,1.0,15.0,2026.0,0.29197,0.06424,0.00724,0.0066,0.03467,0.00177,0.04862,0.11518,0.4297,0.05435,0.02495,0.00365,0.00349,0.01111,0.0004,0.00962,0.01332,0.01753,0.04469,0.03517,0.00952,0.00848,0.00679,0.23942,0.78699,0.18666,38.31525875,16.338795624999996,,0.10866,0.0857,0.01468,0.01322,0.11941,0.09418,0.90997,108.0,2.0,203.92174156249996,203.92174156249996,0.30073,0.06392,0.00724,0.03467,0.11518,0.04619,0.00164,0.0066,0.42383,0.21436,0.26884,0.27778,0.21436,0.27778,0.04461,0.03511,0.0095,0.18634,108.0,1.0,1.0,0.9,0.85,0.99,1.06,1.0,1.0,0.95,0.925,0.995,1.03,0.26047,0.73953,S,0.22534,0.31543,0.06893,0.06258,0.00637,0.00755,0.02837,0.03689,0.12554,0.11153,0.05847,0.04515,0.00193,0.00172,0.00667,0.00658,0.47837,0.41256
670097,Zack Short,NYM,32,62.0,472.0,450,,projected,unmodeled,,62.0,2026.0,0.26715,0.10975,0.00706,0.01006,0.03462,0.0021,0.04477,0.10744,0.41706,0.04796,0.02884,0.00356,0.00424,0.00566,0.00032,0.00503,0.00725,0.00963,0.01999,0.01557,0.00442,0.00601,0.00471,0.08915,0.77868,0.22424,63.22098124999999,5.174906249999999,27.2,0.10911,0.11223,0.01447,0.01465,0.10607,0.1091,1.02866,121.0,6.0,279.2705812499999,279.2705812499999,0.27115,0.11359,0.00706,0.03479,0.10529,0.0432,0.00188,0.01006,0.41298,0.213,0.30581,0.26692,0.213,0.26692,0.02014,0.01568,0.00446,0.22593,121.0,1.01,0.96,0.93,0.79,1.07,1.03,1.005,0.98,0.965,0.895,1.035,1.015,0.30542,0.69458,R,0.25692,0.27164,0.11924,0.10557,0.00548,0.00775,0.03613,0.03396,0.12431,0.10001,0.04398,0.04511,0.00227,0.00203,0.01343,0.00858,0.39823,0.42534
694355,Tyler Gentry,KC,28,5.0,5.0,300,,floor,floor,1.0,0.0,,0.22824,0.08214,0.01053,0.00651,0.03458,0.00277,0.03475,0.14113,0.45935,0.08793,0.04897,0.01101,0.00867,0.00734,0.00058,0.00517,0.01079,0.01291,0.0,0.0,0.0,3e-05,3e-05,0.0,0.7835,0.2338,0.0,0.0,,0.11514,0.10932,,,0.11598,0.11011,,,,,,0.22824,0.08214,0.01053,0.03458,0.14113,0.03475,0.00277,0.00651,0.45935,0.23671,0.30591,0.28002,0.23671,0.28002,0.0,0.0,0.0,0.2338,,1.0,1.0,1.0,1.0,1.0,1.0,1.0,1.0,1.0,1.0,1.0,1.0,0.26829,0.73171,R,0.22824,0.22824,0.08214,0.08214,0.01053,0.01053,0.03458,0.03458,0.14113,0.14113,0.03475,0.03475,0.00277,0.00277,0.00651,0.00651,0.45935,0.45935
640459,Brian Navarreto,MIA,32,61.0,76.0,150,,projected,unmodeled,,61.0,2026.0,0.26009,0.06249,0.01856,0.01637,0.03456,0.00206,0.03988,0.12705,0.43895,0.07316,0.03436,0.01077,0.01013,0.01016,0.00036,0.00723,0.01351,0.0163,0.01694,0.0132,0.00373,0.00761,0.00595,0.08138,0.77964,0.20809,5.95,0.0,26.1,0.11624,0.09603,0.01973,0.01814,0.12116,0.10009,0.9594,146.0,2.0,51.85,51.85,0.25489,0.06311,0.01856,0.03231,0.12768,0.04048,0.00247,0.01637,0.44413,0.225,0.28461,0.27755,0.225,0.27755,0.01704,0.01328,0.00375,0.20935,146.0,0.87,1.01,1.03,1.4,1.02,0.96,0.935,1.005,1.015,1.2,1.01,0.98,0.35145,0.64855,R,0.27564,0.25167,0.05443,0.06685,0.02283,0.01624,0.03517,0.03423,0.12643,0.12738,0.04423,0.03752,0.002,0.00208,0.01876,0.01507,0.4205,0.44895
687221,Dalton Rushing,LAD,26,253.0,408.0,300,,projected,unmodeled,,253.0,2026.0,0.29764,0.08252,0.01413,0.00728,0.03449,0.0041,0.03987,0.11573,0.40425,0.04706,0.02411,0.00534,0.00384,0.00694,0.00073,0.00597,0.00983,0.01222,0.00875,0.00682,0.00193,0.00381,0.00298,0.04121,0.77964,0.21238,72.5475,0.0,27.4,0.13314,0.14161,0.01594,0.01637,0.11684,0.12427,1.13954,119.0,4.0,327.03749999999997,327.03749999999997,0.30061,0.08335,0.01413,0.03845,0.11226,0.03887,0.00336,0.00728,0.40169,0.21552,0.29042,0.27776,0.21552,0.27776,0.00864,0.00674,0.0019,0.20973,119.0,1.23,0.94,0.95,0.64,1.02,1.02,1.115,0.97,0.975,0.82,1.01,1.01,0.26151,0.73849,L,0.27637,0.30517,0.07979,0.0835,0.0174,0.01297,0.02195,0.03893,0.11823,0.11484,0.04249,0.03894,0.00479,0.00385,0.00972,0.00642,0.42927,0.39539
621545,Zach Remillard,CWS,33,39.0,199.0,150,,floor,floor,1.0,0.0,,0.25784,0.07574,0.00679,0.00198,0.03447,0.0026,0.03276,0.13706,0.45076,0.0646,0.03326,0.00491,0.00266,0.01012,0.00068,0.0066,0.01291,0.01643,0.02711,0.02105,0.00606,0.00825,0.00646,0.12346,0.77658,0.21959,26.591612499999997,4.268168749999999,28.0,0.10664,0.1022,0.01672,0.01641,0.11689,0.11202,0.91233,145.0,5.0,107.47187499999998,107.47187499999998,0.25526,0.07687,0.00679,0.03413,0.13637,0.03194,0.0022,0.00198,0.45446,0.2238,0.2883,0.27283,0.2238,0.27283,0.02717,0.0211,0.00607,0.22004,145.0,0.98,0.99,0.95,0.69,1.03,0.98,0.99,0.995,0.975,0.845,1.015,0.99,0.31381,0.68619,R,0.24889,0.26193,0.08203,0.07286,0.00625,0.00704,0.03348,0.03493,0.14148,0.13504,0.03393,0.03222,0.00319,0.00233,0.00202,0.00197,0.44872,0.4517
669256,Nick Solak,SD,32,10.0,116.0,300,,floor,floor,1.0,11.0,2025.0,0.20285,0.07832,0.03518,0.00792,0.03446,0.00223,0.04225,0.13636,0.46043,0.06792,0.03863,0.01313,0.00632,0.00782,0.00043,0.00651,0.01052,0.01309,0.02873,0.02234,0.00639,0.0102,0.00797,0.11497,0.77767,0.24986,11.092632812499998,2.2185265624999997,,0.11576,0.09493,0.01989,0.01824,0.12268,0.1006,0.94359,140.0,2.0,42.152004687499996,42.152004687499996,0.20386,0.07597,0.03518,0.03325,0.13363,0.04077,0.00204,0.00792,0.46736,0.23804,0.32085,0.27406,0.23804,0.27406,0.02814,0.02189,0.00626,0.24478,140.0,0.93,0.96,0.93,0.83,0.94,1.01,0.965,0.98,0.965,0.915,0.97,1.005,0.30317,0.69683,R,0.21625,0.19702,0.07201,0.08107,0.04761,0.02977,0.03788,0.03298,0.14093,0.13437,0.04173,0.04248,0.00219,0.00224,0.00776,0.008,0.43364,0.47208
656883,Jakson Reetz,SF,31,15.0,15.0,150,,floor,floor,1.0,0.0,,0.23227,0.08314,0.00942,0.00582,0.03442,0.00341,0.04456,0.12995,0.457,0.08595,0.04784,0.00986,0.00776,0.00995,0.0012,0.00918,0.01448,0.01857,0.0,0.0,0.0,3e-05,2e-05,0.0,0.7835,0.22252,0.0,0.0,,0.11514,0.10932,,,0.11598,0.11011,,,,,,0.23227,0.08314,0.00942,0.03442,0.12995,0.04456,0.00341,0.00582,0.457,0.23551,0.30491,0.28023,0.23551,0.28023,0.0,0.0,0.0,0.22252,,1.0,1.0,1.0,1.0,1.0,1.0,1.0,1.0,1.0,1.0,1.0,1.0,0.27442,0.72558,R,0.23227,0.23227,0.08314,0.08314,0.00942,0.00942,0.03442,0.03442,0.12995,0.12995,0.04456,0.04456,0.00341,0.00341,0.00582,0.00582,0.457,0.457
667690,C.J. Stubbs,WSH,30,3.0,3.0,300,,floor,floor,1.0,3.0,2025.0,0.21823,0.08287,0.01078,0.00666,0.03434,0.00194,0.04786,0.13156,0.46575,0.08692,0.04938,0.01127,0.00888,0.00717,0.00024,0.00678,0.01001,0.01304,0.0,0.0,0.0,3e-05,2e-05,0.0,0.7835,0.22521,0.0,0.0,,0.11514,0.10932,,,0.11598,0.11011,,,,,,0.21823,0.08287,0.01078,0.03434,0.13156,0.04786,0.00194,0.00666,0.46575,0.23975,0.30935,0.28026,0.23975,0.28026,0.0,0.0,0.0,0.22521,,1.0,1.0,1.0,1.0,1.0,1.0,1.0,1.0,1.0,1.0,1.0,1.0,0.26108,0.73892,R,0.21823,0.21823,0.08287,0.08287,0.01078,0.01078,0.03434,0.03434,0.13156,0.13156,0.04786,0.04786,0.00194,0.00194,0.00666,0.00666,0.46575,0.46575
488726,Michael Brantley,HOU,40,57.0,334.0,0,,floor,floor,1.0,0.0,,0.14506,0.09208,0.00458,0.00617,0.03432,0.00318,0.04646,0.15426,0.5139,0.04712,0.03294,0.00331,0.00384,0.13029,0.01044,0.11273,0.19891,0.24383,0.01533,0.01193,0.0034,0.00623,0.00487,0.0611,0.77841,0.25091,43.169916875,0.8874106249999999,,0.10964,0.10445,0.01665,0.0163,0.10949,0.10431,1.0014,117.0,6.0,152.66072781249997,152.66072781249997,0.15014,0.09254,0.00458,0.03655,0.15194,0.04553,0.00291,0.00617,0.50965,0.26422,0.33404,0.28221,0.26422,0.28221,0.01522,0.01185,0.00337,0.24906,117.0,1.13,0.97,0.96,0.83,1.01,1.07,1.065,0.985,0.98,0.915,1.005,1.035,0.26,0.74,L,0.17351,0.13507,0.08508,0.09454,0.00556,0.00423,0.03185,0.03518,0.15901,0.15259,0.04402,0.04731,0.00292,0.00327,0.00541,0.00643,0.49265,0.52137
516416,Jean Segura,MIA,37,326.0,713.0,0,,floor,floor,1.0,0.0,,0.16422,0.07025,0.01248,0.00196,0.03427,0.00317,0.04639,0.15405,0.51321,0.03749,0.02201,0.00394,0.00157,0.13011,0.01042,0.11258,0.19864,0.2435,0.02924,0.02267,0.00657,0.00656,0.00515,0.12348,0.77527,0.23678,91.01178968749998,12.606450937499996,,0.10058,0.08592,0.01263,0.01177,0.10484,0.08955,0.9594,146.0,7.0,341.8879934375,341.8879934375,0.16093,0.07095,0.01248,0.03204,0.15482,0.04709,0.00381,0.00196,0.51592,0.25996,0.32119,0.28507,0.25996,0.28507,0.02942,0.02281,0.00661,0.23825,146.0,0.87,1.01,1.03,1.4,1.02,0.96,0.935,1.005,1.015,1.2,1.01,0.98,0.26,0.74,R,0.16547,0.16378,0.07213,0.06959,0.00994,0.01337,0.04085,0.03196,0.14353,0.15774,0.06021,0.04154,0.00376,0.00297,0.00263,0.00172,0.5015,0.51732
593643,Hanser Alberto,CWS,34,90.0,249.0,0,,floor,floor,1.0,0.0,,0.18469,0.05464,0.00576,0.00472,0.03423,0.00317,0.04634,0.15386,0.51259,0.05596,0.0279,0.00417,0.00377,0.12995,0.01041,0.11244,0.1984,0.2432,0.01601,0.01245,0.00356,0.00672,0.00525,0.07471,0.77791,0.21426,20.253842499999998,0.44370531249999995,,0.10066,0.10865,0.01604,0.01658,0.11033,0.11909,0.91233,145.0,5.0,117.52970718749998,117.52970718749998,0.18284,0.05546,0.00576,0.03389,0.15309,0.04518,0.00268,0.00472,0.51638,0.25142,0.29606,0.28014,0.25142,0.28014,0.01601,0.01246,0.00356,0.21431,145.0,0.98,0.99,0.95,0.69,1.03,0.98,0.99,0.995,0.975,0.845,1.015,0.99,0.26,0.74,R,0.18906,0.18315,0.0505,0.05609,0.00578,0.00575,0.03101,0.03536,0.17133,0.14772,0.05014,0.045,0.00321,0.00316,0.00419,0.00491,0.49479,0.51885
669720,Austin Hays,SD,31,105.0,1924.0,620,,projected,unmodeled,,416.0,2025.0,0.23579,0.06105,0.01142,0.00876,0.03419,0.00167,0.04853,0.1418,0.45678,0.02606,0.01251,0.00237,0.00208,0.00503,0.00015,0.00495,0.0076,0.00923,0.01378,0.01066,0.00312,0.00305,0.00239,0.0643,0.77378,0.21428,247.22422656249995,14.158269374999998,27.1,0.1259,0.11863,0.00924,0.00901,0.12484,0.11763,1.00847,135.0,3.0,1100.1039043749997,1100.1039043749997,0.23697,0.06197,0.01142,0.03522,0.13968,0.04537,0.00142,0.00876,0.45919,0.24153,0.29508,0.2888,0.24153,0.2888,0.0137,0.0106,0.0031,0.21307,135.0,1.06,0.97,0.87,0.7,1.03,1.01,1.03,0.985,0.935,0.85,1.015,1.005,0.30738,0.69262,R,0.22758,0.23944,0.07813,0.05347,0.0109,0.01166,0.03037,0.03589,0.14533,0.14024,0.06068,0.04314,0.00238,0.00135,0.0075,0.00932,0.43714,0.4655
678760,Eddys Leonard,SF,26,8.0,8.0,150,,floor,floor,1.0,8.0,2026.0,0.22469,0.07927,0.01017,0.00628,0.03415,0.00293,0.063,0.11491,0.46459,0.0859,0.04733,0.01064,0.00838,0.00931,0.0006,0.01003,0.01296,0.01797,0.0,0.0,0.0,3e-05,2e-05,0.0,0.7835,0.20436,0.0,0.0,,0.11514,0.10932,,,0.11598,0.11011,,,,,,0.22469,0.07927,0.01017,0.03415,0.11491,0.063,0.00293,0.00628,0.46459,0.23775,0.30444,0.28018,0.23775,0.28018,0.0,0.0,0.0,0.20436,,1.0,1.0,1.0,1.0,1.0,1.0,1.0,1.0,1.0,1.0,1.0,1.0,0.27404,0.72596,R,0.22469,0.22469,0.07927,0.07927,0.01017,0.01017,0.03415,0.03415,0.11491,0.11491,0.063,0.063,0.00293,0.00293,0.00628,0.00628,0.46459,0.46459
681546,James Outman,DET,30,170.0,1057.0,450,,projected,unmodeled,,170.0,2026.0,0.3459,0.09576,0.02014,0.004,0.03412,0.00597,0.03116,0.09173,0.37123,0.03694,0.01945,0.00416,0.00187,0.00526,0.00109,0.00379,0.00636,0.00845,0.02811,0.02188,0.00623,0.00514,0.00408,0.13541,0.77831,0.20763,141.2289875,20.132993749999997,28.0,0.12038,0.09696,0.01123,0.01021,0.11991,0.09658,1.00391,116.0,2.0,643.2110437499999,643.2110437499999,0.34244,0.09528,0.02014,0.03429,0.09128,0.03022,0.00746,0.004,0.3749,0.18538,0.27866,0.25594,0.18538,0.25594,0.02799,0.02178,0.0062,0.20669,116.0,1.01,0.99,0.94,1.5,0.99,0.98,1.005,0.995,0.97,1.25,0.995,0.99,0.20623,0.79377,L,0.29583,0.3589,0.09707,0.09541,0.02093,0.01993,0.02547,0.03637,0.11685,0.08521,0.03462,0.03026,0.00519,0.00617,0.00583,0.00353,0.3982,0.36422
668952,Ryan Kreidler,MIN,29,267.0,478.0,450,,projected,unmodeled,,267.0,2026.0,0.25365,0.07984,0.00698,0.00458,0.03405,0.00169,0.02999,0.13943,0.4498,0.04386,0.02326,0.00352,0.00285,0.00619,0.00024,0.00394,0.00843,0.01013,0.03598,0.0276,0.00838,0.00759,0.00592,0.15902,0.76705,0.22625,68.736195625,13.601705312499998,27.8,0.12082,0.09592,0.01407,0.01272,0.12089,0.09597,0.99946,142.0,2.0,335.92937125,335.92937125,0.24985,0.07904,0.00698,0.03303,0.14152,0.03209,0.00164,0.00458,0.45128,0.22903,0.2943,0.27972,0.22903,0.27972,0.03618,0.02776,0.00843,0.22754,142.0,0.94,1.03,1.14,0.95,0.98,0.97,0.97,1.015,1.07,0.975,0.99,0.985,0.34722,0.65278,R,0.1938,0.28549,0.09454,0.07201,0.00925,0.00577,0.03927,0.03128,0.13282,0.14294,0.03632,0.02662,0.00099,0.00206,0.00421,0.00477,0.48879,0.42906
595777,Jurickson Profar,ATL,34,371.0,2218.0,755,,projected,unmodeled,,371.0,2025.0,0.16364,0.1105,0.01475,0.0059,0.03403,0.00204,0.04049,0.14009,0.48857,0.02148,0.01549,0.00251,0.0016,0.00475,0.00023,0.00396,0.00685,0.00851,0.01558,0.01218,0.0034,0.00318,0.00252,0.0587,0.78184,0.26534,334.56735249999997,19.115363125,26.3,0.1273,0.10589,0.00881,0.00813,0.1264,0.10514,1.00717,144.0,2.0,1242.2063518749997,1242.2063518749997,0.16527,0.10884,0.01475,0.03403,0.14359,0.03948,0.00187,0.0059,0.48627,0.25154,0.34256,0.27553,0.25154,0.27553,0.01568,0.01226,0.00342,0.26718,144.0,1.0,1.05,0.95,0.83,0.97,1.02,1.0,1.025,0.975,0.915,0.985,1.01,0.26957,0.73043,S,0.14468,0.17063,0.10349,0.11308,0.01033,0.01638,0.03218,0.03471,0.15374,0.13505,0.04211,0.0399,0.00244,0.00189,0.00638,0.00572,0.50465,0.48263
572816,Corey Dickerson,WSH,38,152.0,449.0,0,,floor,floor,1.0,0.0,,0.1871,0.05607,0.00547,0.00672,0.03398,0.00315,0.046,0.15272,0.5088,0.04703,0.02362,0.0032,0.00355,0.12899,0.01033,0.11161,0.19693,0.24141,0.01188,0.00924,0.00264,0.005,0.00391,0.05545,0.77761,0.21427,46.0670515625,0.5220062499999999,,0.10239,0.11471,0.01508,0.01585,0.10087,0.113,1.01514,120.0,6.0,211.12542781249996,211.12542781249996,0.18148,0.05607,0.00547,0.03483,0.15578,0.04577,0.00302,0.00672,0.51087,0.25693,0.30093,0.28593,0.25693,0.28593,0.01205,0.00937,0.00268,0.21732,120.0,1.05,1.04,0.99,0.92,1.0,0.94,1.025,1.02,0.995,0.96,1.0,0.97,0.26,0.74,L,0.22011,0.1755,0.06856,0.05168,0.00733,0.00482,0.03633,0.03315,0.13626,0.15851,0.0435,0.04687,0.00284,0.00325,0.00637,0.00684,0.4787,0.51938
681715,Heriberto Hernández,MIA,27,505.0,799.0,331,,projected,unmodeled,,505.0,2026.0,0.25865,0.10121,0.00898,0.00632,0.03398,0.00334,0.0386,0.12902,0.41991,0.0342,0.02005,0.00318,0.00267,0.00649,0.00073,0.00569,0.00945,0.01138,0.02683,0.02076,0.00607,0.00529,0.00416,0.11215,0.77372,0.23921,153.9775,16.744999999999997,28.3,0.11056,0.12935,0.01056,0.01129,0.11524,0.13483,0.9594,146.0,4.0,641.665,641.665,0.25347,0.10222,0.00898,0.03177,0.12966,0.03918,0.00401,0.00632,0.42439,0.23187,0.31582,0.28941,0.23187,0.28941,0.02701,0.0209,0.00611,0.24087,146.0,0.87,1.01,1.03,1.4,1.02,0.96,0.935,1.005,1.015,1.2,1.01,0.98,0.34034,0.65966,R,0.23998,0.26828,0.10138,0.10112,0.00849,0.00923,0.03529,0.03331,0.12284,0.1322,0.04377,0.03593,0.00329,0.00336,0.0068,0.00607,0.43816,0.41049
606992,Eric Haase,SF,34,84.0,874.0,450,,projected,unmodeled,,84.0,2026.0,0.29582,0.06542,0.00513,0.00477,0.03394,0.00267,0.04044,0.12271,0.4291,0.04038,0.01862,0.00231,0.00223,0.00584,0.00033,0.00446,0.00745,0.0096,0.01109,0.00865,0.00244,0.00372,0.00292,0.05737,0.7799,0.19327,95.7706421875,2.6100312499999996,28.3,0.11176,0.11867,0.01179,0.0121,0.11702,0.12426,0.95503,137.0,4.0,478.09552093749994,478.09552093749994,0.2899,0.06379,0.00513,0.03037,0.12394,0.04125,0.00323,0.00477,0.43762,0.2146,0.26771,0.2779,0.2146,0.2779,0.01106,0.00863,0.00244,0.19286,137.0,0.79,1.02,1.04,1.42,0.95,0.96,0.895,1.01,1.02,1.21,0.975,0.98,0.29767,0.70233,R,0.29419,0.29651,0.07212,0.06259,0.00542,0.00501,0.03199,0.03476,0.11814,0.12465,0.04177,0.03987,0.00319,0.00245,0.00476,0.00478,0.42842,0.42938
660821,Jesús Sánchez,ARI,29,315.0,2094.0,853,,projected,unmodeled,,497.0,2025.0,0.24543,0.07801,0.00915,0.00531,0.03389,0.00349,0.04995,0.13896,0.43581,0.0243,0.01289,0.00204,0.00156,0.00424,0.0006,0.00382,0.00602,0.00762,0.02062,0.01612,0.0045,0.0035,0.0028,0.09119,0.78177,0.22611,295.058619375,27.695980312499998,26.4,0.12862,0.13249,0.00911,0.00923,0.11607,0.11956,1.10811,109.0,5.0,1318.6550596875,1318.6550596875,0.23315,0.07762,0.00915,0.03271,0.14104,0.05245,0.00536,0.00531,0.44321,0.25504,0.31832,0.30971,0.25504,0.30971,0.02077,0.01624,0.00453,0.22781,109.0,0.93,1.03,1.1,2.07,0.99,0.9,0.965,1.015,1.05,1.535,0.995,0.95,0.17883,0.82117,L,0.27608,0.23875,0.06158,0.08158,0.0111,0.00873,0.02377,0.0361,0.12901,0.14112,0.0375,0.05266,0.00193,0.00383,0.00362,0.00568,0.4554,0.43154
805672,Collin Price,HOU,27,13.0,13.0,300,,floor,floor,1.0,13.0,2026.0,0.2467,0.08389,0.00962,0.00595,0.03388,0.00299,0.03771,0.13205,0.4472,0.08701,0.04763,0.01007,0.00793,0.00696,0.00102,0.005,0.0092,0.0116,0.0,0.0,0.0,3e-05,2e-05,0.0,0.7835,0.22557,0.0,0.0,,0.11514,0.10932,,,0.11598,0.11011,,,,,,0.2467,0.08389,0.00962,0.03388,0.13205,0.03771,0.00299,0.00595,0.4472,0.22946,0.30015,0.27866,0.22946,0.27866,0.0,0.0,0.0,0.22557,,1.0,1.0,1.0,1.0,1.0,1.0,1.0,1.0,1.0,1.0,1.0,1.0,0.25352,0.74648,R,0.2467,0.2467,0.08389,0.08389,0.00962,0.00962,0.03388,0.03388,0.13205,0.13205,0.03771,0.03771,0.00299,0.00299,0.00595,0.00595,0.4472,0.4472
694192,Jackson Chourio,MIL,23,573.0,1735.0,1031,,projected,unmodeled,,589.0,2025.0,0.21834,0.06892,0.0049,0.00581,0.03388,0.00522,0.0427,0.14515,0.47507,0.02379,0.01242,0.00164,0.00178,0.00358,0.00046,0.00303,0.00577,0.00689,0.04418,0.03445,0.00973,0.00473,0.00385,0.20175,0.77972,0.21897,295.75112499999994,61.839625,28.8,0.15063,0.13256,0.00999,0.00946,0.13427,0.11817,1.12178,158.0,3.0,1264.496125,1264.496125,0.23035,0.07099,0.0049,0.03438,0.14225,0.04014,0.00483,0.00581,0.46635,0.24131,0.29749,0.28645,0.24131,0.28645,0.04401,0.03432,0.00969,0.21814,158.0,1.03,0.96,0.88,0.85,1.06,1.11,1.015,0.98,0.94,0.925,1.03,1.055,0.2832,0.7168,R,0.21065,0.22138,0.08712,0.06173,0.00354,0.00544,0.03341,0.03406,0.16152,0.13868,0.04349,0.04239,0.00372,0.00581,0.0041,0.00649,0.45245,0.48402
691458,Blaze Jordan,STL,24,199.0,199.0,0,,projected,unmodeled,,199.0,2026.0,0.17758,0.05356,0.01038,0.01632,0.03386,0.00314,0.04584,0.15221,0.5071,0.04955,0.02485,0.00606,0.00757,0.12856,0.0103,0.11124,0.19627,0.2406,0.01107,0.00863,0.00244,0.0052,0.00407,0.05121,0.77964,0.21615,34.0,0.0,25.8,0.09774,0.12208,0.01517,0.01671,0.1011,0.12628,0.96671,138.0,5.0,169.15,169.15,0.16959,0.05196,0.01038,0.0298,0.15754,0.04745,0.00267,0.01632,0.5143,0.25772,0.29979,0.28763,0.25772,0.28763,0.01126,0.00878,0.00248,0.21987,138.0,0.76,1.07,1.07,0.7,0.94,0.91,0.88,1.035,1.035,0.85,0.97,0.955,0.3208,0.6792,R,0.16875,0.18176,0.06182,0.04966,0.01089,0.01013,0.03897,0.03145,0.14515,0.15555,0.04649,0.04554,0.00575,0.0019,0.00937,0.0196,0.51282,0.5044
602074,Yonathan Daza,COL,33,80.0,488.0,0,,floor,floor,1.0,0.0,,0.16982,0.06682,0.01038,0.01154,0.03383,0.00313,0.0458,0.15207,0.50661,0.04445,0.02517,0.00425,0.00448,0.12844,0.01029,0.11113,0.19608,0.24037,0.01371,0.01063,0.00308,0.00515,0.00401,0.05982,0.77507,0.22927,61.309634062499995,1.8531221875,,0.11774,0.09261,0.01518,0.01367,0.12451,0.09794,0.9456,115.0,2.0,222.79226749999998,222.79226749999998,0.16133,0.06548,0.01038,0.03518,0.16347,0.05106,0.00492,0.01154,0.49663,0.27903,0.3305,0.30647,0.27903,0.30647,0.01432,0.0111,0.00322,0.23933,115.0,1.08,1.15,1.23,2.14,0.96,0.9,1.04,1.075,1.115,1.57,0.98,0.95,0.26,0.74,R,0.15893,0.17365,0.0607,0.06897,0.00776,0.0113,0.03524,0.03334,0.15523,0.15096,0.04841,0.04488,0.00443,0.00268,0.01252,0.01119,0.51678,0.50304
692216,CJ Kayfus,CLE,25,25.0,163.0,300,,projected,unmodeled,,138.0,2025.0,0.25594,0.08198,0.01603,0.00639,0.03382,0.0033,0.05052,0.11587,0.43615,0.06244,0.03342,0.00804,0.0051,0.00707,0.00049,0.00676,0.00913,0.01194,0.0234,0.01832,0.00508,0.00785,0.00618,0.10942,0.78278,0.21388,22.312499999999996,2.8899999999999997,27.6,0.11762,0.1165,0.01735,0.01728,0.12526,0.12407,0.93896,114.0,3.0,120.95499999999998,120.95499999999998,0.26234,0.08198,0.01603,0.03263,0.11587,0.05153,0.00267,0.00639,0.43056,0.22633,0.30071,0.28316,0.22633,0.28316,0.0234,0.01832,0.00508,0.21388,114.0,0.93,1.0,1.04,0.62,1.0,1.05,0.965,1.0,1.02,0.81,1.0,1.025,0.21212,0.78788,L,0.24815,0.25804,0.07259,0.08451,0.0163,0.01596,0.03394,0.03378,0.12853,0.11247,0.04545,0.05188,0.00283,0.00343,0.00607,0.00648,0.44615,0.43346
621020,Dansby Swanson,CHC,33,486.0,3058.0,990,,projected,unmodeled,,645.0,2025.0,0.24734,0.08822,0.00475,0.00591,0.03379,0.00303,0.03769,0.12752,0.45175,0.0206,0.01153,0.00123,0.00137,0.00378,0.00025,0.00296,0.00542,0.00656,0.03153,0.0252,0.00633,0.0035,0.0029,0.14299,0.79919,0.22049,437.5451021875,61.74094531249999,28.3,0.14056,0.12663,0.00808,0.00773,0.12671,0.11416,1.10928,112.0,3.0,1885.1475099999998,1885.1475099999998,0.24858,0.0891,0.00475,0.03481,0.12625,0.03411,0.00335,0.00591,0.45315,0.22051,0.29236,0.26538,0.22051,0.26538,0.03147,0.02515,0.00632,0.2201,112.0,1.06,0.98,0.81,1.21,1.02,1.01,1.03,0.99,0.905,1.105,1.01,1.005,0.23545,0.76455,R,0.26038,0.24332,0.0835,0.08967,0.00447,0.00483,0.03775,0.03258,0.14019,0.12362,0.04057,0.03681,0.00388,0.00277,0.00706,0.00556,0.4222,0.46085
642137,Cody Thomas,OAK,32,46.0,78.0,150,,floor,floor,1.0,0.0,,0.26405,0.08278,0.00566,0.0035,0.0337,0.00253,0.03116,0.13692,0.43969,0.07976,0.04244,0.00595,0.00468,0.01087,0.00088,0.00817,0.01554,0.01811,0.01815,0.01415,0.004,0.00794,0.00621,0.08055,0.77964,0.22537,9.657115625,0.0,,0.10046,0.09696,0.01909,0.01879,0.10419,0.10056,0.9642,133.0,6.0,38.210857499999996,38.210857499999996,0.25217,0.08734,0.00566,0.0396,0.14172,0.03365,0.00211,0.0035,0.43425,0.24026,0.31008,0.29013,0.24026,0.29013,0.01891,0.01474,0.00417,0.23472,133.0,1.35,1.07,1.16,0.67,1.11,0.91,1.175,1.035,1.08,0.835,1.055,0.955,0.26,0.74,L,0.26322,0.26435,0.0809,0.08345,0.00357,0.0064,0.03785,0.03224,0.13344,0.13815,0.02504,0.03331,0.00199,0.00272,0.00217,0.00397,0.45183,0.43542
666971,Lourdes Gurriel Jr.,ARI,33,201.0,2385.0,1014,,projected,unmodeled,,546.0,2025.0,0.17102,0.05752,0.01091,0.00874,0.03366,0.00235,0.03877,0.15268,0.52434,0.02046,0.01077,0.00209,0.00187,0.00415,0.00021,0.00299,0.00631,0.00749,0.01465,0.01139,0.00326,0.00285,0.00225,0.06625,0.77729,0.22111,323.14115843749994,21.5939684375,26.1,0.10782,0.1318,0.00813,0.00888,0.09731,0.11894,1.10811,109.0,6.0,1432.7205440624996,1432.7205440624996,0.16247,0.05723,0.01091,0.03248,0.15497,0.04071,0.00361,0.00874,0.52887,0.25108,0.29992,0.2737,0.25108,0.2737,0.01478,0.01149,0.00329,0.22311,109.0,0.93,1.03,1.1,2.07,0.99,0.9,0.965,1.015,1.05,1.535,0.995,0.95,0.29,0.71,R,0.14883,0.18008,0.07003,0.05241,0.00604,0.0129,0.03103,0.03473,0.17867,0.14207,0.03635,0.03976,0.00188,0.00255,0.00414,0.01062,0.52303,0.52488
607043,Brandon Nimmo,TEX,34,655.0,3325.0,1130,,projected,unmodeled,,655.0,2026.0,0.21718,0.09379,0.01583,0.00633,0.03363,0.00553,0.0429,0.14155,0.44326,0.01874,0.01128,0.00214,0.00136,0.00348,0.00063,0.00282,0.00536,0.00639,0.01685,0.01335,0.0035,0.0026,0.00211,0.06709,0.79221,0.25117,534.3725440625,31.477439062499997,28.0,0.11435,0.1054,0.00644,0.00621,0.12118,0.1117,0.94359,140.0,5.0,2089.6068128125,2089.6068128125,0.21826,0.09098,0.01583,0.03245,0.13872,0.0414,0.00506,0.00633,0.45097,0.2454,0.32444,0.2911,0.2454,0.2911,0.01647,0.01305,0.00342,0.24552,140.0,0.93,0.96,0.93,0.83,0.94,1.01,0.965,0.98,0.965,0.915,0.97,1.005,0.29032,0.70968,L,0.2175,0.21704,0.06874,0.10404,0.02293,0.01292,0.0284,0.03576,0.16512,0.13191,0.04584,0.0417,0.00407,0.00613,0.00834,0.00551,0.43905,0.44499
660710,Rodolfo Durán,SD,29,91.0,91.0,300,,projected,unmodeled,,91.0,2026.0,0.24075,0.08129,0.01108,0.00323,0.03358,0.00186,0.04411,0.1303,0.4538,0.06829,0.03716,0.00798,0.00433,0.00703,0.00034,0.00663,0.01065,0.01304,0.01808,0.0141,0.00398,0.00778,0.00609,0.08121,0.77964,0.22267,11.049999999999999,0.0,27.5,0.11071,0.10711,0.01893,0.01866,0.10978,0.10621,1.00847,135.0,6.0,77.35,77.35,0.24195,0.08251,0.01108,0.03459,0.12835,0.04124,0.00158,0.00323,0.45547,0.22782,0.29935,0.27315,0.22782,0.27315,0.01802,0.01405,0.00397,0.22194,135.0,1.06,0.97,0.87,0.7,1.03,1.01,1.03,0.985,0.935,0.85,1.015,1.005,0.24399,0.75601,R,0.24238,0.24022,0.08524,0.08001,0.01253,0.01061,0.03368,0.03355,0.13473,0.12888,0.04538,0.04369,0.00117,0.00208,0.00196,0.00365,0.44293,0.45731
666211,Taylor Trammell,HOU,29,289.0,605.0,450,,projected,unmodeled,,289.0,2026.0,0.30031,0.10672,0.00861,0.00373,0.03357,0.00348,0.03871,0.10383,0.40105,0.04238,0.0243,0.00353,0.00233,0.00531,0.00047,0.00456,0.0064,0.00866,0.02582,0.01983,0.00599,0.00597,0.00465,0.11783,0.76807,0.21915,90.03518749999999,11.415622187499999,27.4,0.11175,0.09679,0.01262,0.01184,0.11159,0.09666,1.0014,117.0,6.0,424.3333715625,424.3333715625,0.31082,0.10725,0.00861,0.03575,0.10227,0.03794,0.00319,0.00373,0.39045,0.20347,0.295,0.26861,0.20347,0.26861,0.0257,0.01974,0.00596,0.21813,117.0,1.13,0.97,0.96,0.83,1.01,1.07,1.065,0.985,0.98,0.915,1.005,1.035,0.17722,0.82278,L,0.25105,0.31092,0.08682,0.111,0.01294,0.00767,0.02556,0.03529,0.11839,0.10069,0.03509,0.03949,0.00494,0.00317,0.00524,0.0034,0.45998,0.38836
622268,Donovan Walton,OAK,33,268.0,380.0,450,,projected,unmodeled,,268.0,2026.0,0.19132,0.08832,0.02151,0.0012,0.03351,0.00307,0.0507,0.1375,0.47287,0.04268,0.02621,0.00676,0.00161,0.00614,0.0005,0.00524,0.00854,0.01077,0.01863,0.01445,0.00417,0.00607,0.00474,0.07531,0.7759,0.24733,65.6391515625,4.25,26.4,0.12341,0.11215,0.01474,0.01414,0.128,0.11631,0.9642,133.0,3.0,277.76213937499995,277.76213937499995,0.18271,0.09318,0.02151,0.03937,0.14232,0.05475,0.00256,0.0012,0.4624,0.27033,0.35369,0.30155,0.27033,0.30155,0.01935,0.01502,0.00434,0.257,133.0,1.35,1.07,1.16,0.67,1.11,0.91,1.175,1.035,1.08,0.835,1.055,0.955,0.15936,0.84064,L,0.20011,0.18965,0.0791,0.09007,0.01306,0.02311,0.0348,0.03326,0.13895,0.13723,0.04198,0.05235,0.00297,0.00309,0.00167,0.00111,0.48737,0.47012
690984,Petey Halpin,CLE,25,195.0,203.0,300,,projected,unmodeled,,195.0,2026.0,0.197,0.06468,0.01023,0.00549,0.03348,0.00445,0.04246,0.14896,0.49326,0.05134,0.02703,0.00597,0.00438,0.008,0.00102,0.00615,0.0111,0.01399,0.04087,0.03197,0.0089,0.00934,0.0074,0.18259,0.78225,0.22386,35.699999999999996,10.2,28.5,0.1237,0.09078,0.0166,0.01451,0.13174,0.09668,0.93896,114.0,2.0,165.75,165.75,0.20193,0.06468,0.01023,0.03231,0.14896,0.04331,0.0036,0.00549,0.48951,0.24812,0.30308,0.28578,0.24812,0.28578,0.04087,0.03197,0.0089,0.22386,114.0,0.93,1.0,1.04,0.62,1.0,1.05,0.965,1.0,1.02,0.81,1.0,1.025,0.25062,0.74938,L,0.21581,0.19071,0.06966,0.06301,0.00859,0.01078,0.03445,0.03316,0.13167,0.15474,0.04281,0.04234,0.00366,0.00471,0.00741,0.00485,0.48594,0.49571
668804,Bryan Reynolds,PIT,32,699.0,3299.0,1070,,projected,unmodeled,,699.0,2026.0,0.23447,0.09682,0.01477,0.00519,0.03343,0.00689,0.04647,0.13959,0.42238,0.01922,0.01142,0.00207,0.00124,0.00382,0.0008,0.00312,0.00528,0.00655,0.01633,0.01288,0.00345,0.00256,0.00206,0.06501,0.78857,0.25118,537.3214543749999,29.855134374999995,28.2,0.12312,0.11591,0.00662,0.00645,0.13091,0.12325,0.9405,134.0,3.0,2098.1585618749996,2098.1585618749996,0.23329,0.09633,0.01477,0.03059,0.14169,0.05041,0.00592,0.00519,0.4218,0.2587,0.33972,0.31949,0.2587,0.31949,0.01643,0.01296,0.00347,0.25279,134.0,0.83,1.03,1.17,0.72,0.99,0.99,0.915,1.015,1.085,0.86,0.995,0.995,0.29443,0.70557,S,0.2343,0.23454,0.08697,0.10092,0.00719,0.01793,0.03327,0.0335,0.15671,0.13245,0.04552,0.04686,0.00219,0.00885,0.00409,0.00566,0.42976,0.41929
657557,Paul DeJong,WSH,33,208.0,1327.0,596,,projected,unmodeled,,208.0,2025.0,0.31025,0.05907,0.01414,0.00892,0.0334,0.00252,0.0479,0.11039,0.41341,0.03355,0.01455,0.00315,0.00251,0.00473,0.00029,0.00441,0.00679,0.00878,0.01519,0.01173,0.00346,0.00363,0.00284,0.08272,0.77201,0.18361,144.1513034375,11.741076562499998,26.5,0.10644,0.11135,0.01004,0.01024,0.10485,0.10969,1.01514,120.0,6.0,760.2489090624999,760.2489090624999,0.30094,0.05907,0.01414,0.03423,0.1126,0.04766,0.00242,0.00892,0.42001,0.21453,0.27012,0.27918,0.21453,0.27918,0.01537,0.01187,0.0035,0.18582,120.0,1.05,1.04,0.99,0.92,1.0,0.94,1.025,1.02,0.995,0.96,1.0,0.97,0.27416,0.72584,R,0.32578,0.30438,0.07298,0.05382,0.01125,0.01523,0.03196,0.03394,0.10402,0.1128,0.04975,0.0472,0.00324,0.00225,0.01052,0.00832,0.39051,0.42206
668663,Tres Barrera,STL,32,2.0,55.0,150,,floor,floor,1.0,0.0,,0.236,0.07509,0.00663,0.0041,0.03339,0.00319,0.05325,0.12521,0.46314,0.08093,0.04276,0.00696,0.00548,0.0112,0.00095,0.0114,0.01399,0.01895,0.01827,0.01424,0.00403,0.00796,0.00623,0.08827,0.77964,0.20693,4.437053124999999,0.0,,0.11187,0.11201,0.02126,0.02127,0.1102,0.11034,1.01514,120.0,5.0,23.516381562499998,23.516381562499998,0.22892,0.07509,0.00663,0.03423,0.12771,0.05299,0.00306,0.0041,0.46727,0.23845,0.29971,0.28226,0.23845,0.28226,0.01849,0.01441,0.00407,0.20944,120.0,1.05,1.04,0.99,0.92,1.0,0.94,1.025,1.02,0.995,0.96,1.0,0.97,0.26,0.74,R,0.23582,0.23606,0.07789,0.07411,0.00901,0.00579,0.02864,0.03507,0.13608,0.12139,0.04411,0.05647,0.00343,0.00311,0.00566,0.00355,0.45936,0.46447
680869,Zack Gelof,OAK,27,435.0,1383.0,616,,projected,unmodeled,,435.0,2026.0,0.29436,0.07417,0.01018,0.00516,0.03335,0.00298,0.03453,0.12107,0.42419,0.03013,0.01475,0.00262,0.00187,0.00475,0.00043,0.00378,0.00659,0.00817,0.04217,0.03336,0.00881,0.00527,0.00431,0.2053,0.79106,0.20542,197.9329125,43.8651,28.8,0.14158,0.11109,0.01013,0.00914,0.14684,0.11522,0.9642,133.0,2.0,935.2507499999999,935.2507499999999,0.28112,0.07825,0.01018,0.03918,0.12531,0.0373,0.00248,0.00516,0.42102,0.22537,0.2927,0.28167,0.22537,0.28167,0.04388,0.03471,0.00917,0.21374,133.0,1.35,1.07,1.16,0.67,1.11,0.91,1.175,1.035,1.08,0.835,1.055,0.955,0.24786,0.75214,R,0.29998,0.29252,0.08463,0.07072,0.00807,0.01088,0.02729,0.03534,0.11558,0.12288,0.03262,0.03516,0.00293,0.00299,0.00473,0.00531,0.42418,0.4242
592885,Christian Yelich,MIL,35,500.0,2762.0,795,,projected,unmodeled,,644.0,2025.0,0.24196,0.11079,0.00735,0.00336,0.03332,0.00409,0.04139,0.13745,0.42028,0.0214,0.01335,0.0016,0.00109,0.00434,0.00048,0.00357,0.00569,0.0072,0.03522,0.02822,0.007,0.00387,0.00322,0.1378,0.80129,0.25559,468.05778593749994,65.549460625,27.4,0.1498,0.12998,0.00873,0.00821,0.13354,0.11587,1.12178,158.0,3.0,1711.3735896874998,1711.3735896874998,0.25527,0.11411,0.00735,0.03382,0.1347,0.03891,0.00378,0.00336,0.40869,0.24133,0.33268,0.30267,0.24133,0.30267,0.0353,0.02829,0.00701,0.25617,158.0,1.03,0.96,0.88,0.85,1.06,1.11,1.015,0.98,0.94,0.925,1.03,1.055,0.29355,0.70645,L,0.24441,0.24095,0.08801,0.12026,0.00767,0.00722,0.02535,0.03663,0.14647,0.1337,0.03226,0.04519,0.00557,0.00347,0.00214,0.00387,0.44812,0.40872
662139,Daulton Varsho,HOU,30,526.0,2483.0,739,,projected,unmodeled,,526.0,2026.0,0.23882,0.07838,0.00737,0.00607,0.03332,0.00445,0.04632,0.12584,0.45942,0.0225,0.01208,0.00169,0.00153,0.0045,0.00062,0.00405,0.00646,0.0084,0.02757,0.02166,0.00591,0.00378,0.00306,0.13031,0.78563,0.21159,305.2959078125,40.782160624999996,27.4,0.12242,0.11285,0.0079,0.00763,0.12225,0.1127,1.0014,117.0,3.0,1523.9028012499998,1523.9028012499998,0.24718,0.07877,0.00737,0.03549,0.12395,0.04539,0.00407,0.00607,0.4517,0.23013,0.29505,0.27742,0.23013,0.27742,0.02738,0.02151,0.00587,0.21009,117.0,1.13,0.97,0.96,0.83,1.01,1.07,1.065,0.985,0.98,0.915,1.005,1.035,0.2298,0.7702,L,0.21444,0.24609,0.06799,0.08148,0.00996,0.0066,0.01868,0.03769,0.16414,0.11441,0.0506,0.04504,0.00315,0.00484,0.00584,0.00614,0.4652,0.4577
691016,Tyler Soderstrom,OAK,25,453.0,1428.0,763,,projected,unmodeled,,624.0,2025.0,0.22526,0.09772,0.00921,0.00368,0.03331,0.00373,0.05683,0.1273,0.44295,0.02633,0.01593,0.00246,0.00156,0.00421,0.00034,0.00453,0.00608,0.00798,0.01226,0.00952,0.00274,0.00304,0.00238,0.05234,0.77629,0.23423,245.20417499999996,10.497499999999999,27.1,0.11389,0.12488,0.00884,0.0092,0.11811,0.12952,0.9642,133.0,4.0,1038.7354874999999,1038.7354874999999,0.21513,0.1031,0.00921,0.03914,0.13175,0.06138,0.00312,0.00368,0.4335,0.26627,0.34769,0.31163,0.26627,0.31163,0.01277,0.00992,0.00286,0.24406,133.0,1.35,1.07,1.16,0.67,1.11,0.91,1.175,1.035,1.08,0.835,1.055,0.955,0.24497,0.75503,L,0.25799,0.21464,0.07341,0.10561,0.00919,0.00922,0.03407,0.03306,0.14091,0.12288,0.04075,0.06205,0.00392,0.00367,0.00308,0.00388,0.43668,0.44499
682619,Orelvis Martinez,TOR,25,3.0,3.0,300,,floor,floor,1.0,0.0,,0.22496,0.08313,0.01078,0.00666,0.03331,0.00249,0.04387,0.13402,0.46077,0.08801,0.04953,0.01127,0.00888,0.00718,0.00043,0.00606,0.01047,0.0131,0.0,0.0,0.0,3e-05,3e-05,0.0,0.7835,0.22794,0.0,0.0,,0.11514,0.10932,,,0.11598,0.11011,,,,,,0.22496,0.08313,0.01078,0.03331,0.13402,0.04387,0.00249,0.00666,0.46077,0.23759,0.30761,0.28134,0.23759,0.28134,0.0,0.0,0.0,0.22794,,1.0,1.0,1.0,1.0,1.0,1.0,1.0,1.0,1.0,1.0,1.0,1.0,0.25616,0.74384,R,0.22496,0.22496,0.08313,0.08313,0.01078,0.01078,0.03331,0.03331,0.13402,0.13402,0.04387,0.04387,0.00249,0.00249,0.00666,0.00666,0.46077,0.46077
666801,Rodolfo Castro,PHI,28,256.0,534.0,150,,floor,floor,1.0,0.0,,0.26264,0.08469,0.01286,0.00416,0.0333,0.00269,0.03846,0.12722,0.43398,0.04954,0.02668,0.00454,0.00259,0.01087,0.00083,0.00871,0.01495,0.01772,0.02251,0.01732,0.00518,0.00645,0.00501,0.10013,0.76964,0.22477,59.508712499999994,6.15967375,,0.10763,0.11112,0.01488,0.01509,0.1027,0.10603,1.04798,143.0,6.0,256.98367687499996,256.98367687499996,0.2679,0.08258,0.01286,0.03563,0.12849,0.03808,0.00274,0.00416,0.42758,0.22761,0.30037,0.28365,0.22761,0.28365,0.02242,0.01726,0.00516,0.22393,143.0,1.14,1.02,0.98,1.04,0.95,1.04,1.07,1.01,0.99,1.02,0.975,1.02,0.26,0.74,R,0.21273,0.28018,0.08149,0.08582,0.01283,0.01287,0.04678,0.02856,0.12649,0.12748,0.04405,0.0365,0.00356,0.00238,0.0045,0.00404,0.46757,0.42218
671155,Ivan Johnson,CIN,28,19.0,19.0,300,,floor,floor,1.0,19.0,2026.0,0.24319,0.09485,0.00904,0.00559,0.03329,0.00193,0.03508,0.1347,0.44233,0.08467,0.04923,0.00947,0.00745,0.00715,0.00025,0.00481,0.00971,0.01209,0.0,0.0,0.0,3e-05,3e-05,0.0,0.7835,0.23858,0.0,0.0,,0.11514,0.10932,,,0.11598,0.11011,,,,,,0.24319,0.09485,0.00904,0.03329,0.1347,0.03508,0.00193,0.00559,0.44233,0.23021,0.3089,0.27965,0.23021,0.27965,0.0,0.0,0.0,0.23858,,1.0,1.0,1.0,1.0,1.0,1.0,1.0,1.0,1.0,1.0,1.0,1.0,0.28311,0.71689,S,0.24319,0.24319,0.09485,0.09485,0.00904,0.00904,0.03329,0.03329,0.1347,0.1347,0.03508,0.03508,0.00193,0.00193,0.00559,0.00559,0.44233,0.44233
600869,Jeimer Candelario,LAA,33,20.0,1617.0,615,,projected,unmodeled,,91.0,2025.0,0.24074,0.07435,0.01585,0.00799,0.03327,0.00253,0.04507,0.11604,0.46416,0.02912,0.01521,0.00303,0.00216,0.00467,0.00025,0.004,0.00649,0.00842,0.0137,0.0106,0.0031,0.00346,0.00271,0.06644,0.7735,0.20624,170.3049003125,10.163136562499998,26.7,0.10804,0.11435,0.00933,0.00956,0.11244,0.11901,0.96083,113.0,5.0,857.9733559374997,857.9733559374997,0.24556,0.07807,0.01585,0.03543,0.11314,0.04462,0.00229,0.00799,0.45706,0.21766,0.28939,0.25935,0.21766,0.25935,0.01376,0.01064,0.00312,0.20706,113.0,1.13,0.95,0.98,0.81,1.1,1.04,1.065,0.975,0.99,0.905,1.05,1.02,0.29716,0.70284,S,0.2191,0.24989,0.08084,0.07161,0.01532,0.01607,0.03257,0.03356,0.126,0.11183,0.04316,0.04587,0.00146,0.00298,0.00822,0.00789,0.47331,0.4603
701350,Roman Anthony,BOS,23,242.0,545.0,473,,projected,unmodeled,,303.0,2025.0,0.26512,0.11821,0.01103,0.00248,0.03326,0.0031,0.04518,0.13259,0.38902,0.04099,0.02552,0.00417,0.00199,0.00528,0.00033,0.00469,0.00763,0.00913,0.0163,0.01274,0.00356,0.00484,0.00381,0.06226,0.78182,0.26184,120.74249999999999,5.3125,27.6,0.12628,0.09401,0.01349,0.01184,0.1231,0.09165,1.02577,111.0,2.0,424.61749999999995,424.61749999999995,0.26114,0.11703,0.01103,0.03109,0.13591,0.0497,0.00293,0.00248,0.38868,0.25261,0.34769,0.32663,0.25261,0.32663,0.01643,0.01285,0.00359,0.26397,111.0,0.87,1.05,1.2,0.89,0.98,0.97,0.935,1.025,1.1,0.945,0.99,0.985,0.31275,0.68725,L,0.28224,0.25733,0.08432,0.13364,0.00704,0.01285,0.03528,0.03233,0.15093,0.12424,0.03383,0.05035,0.00163,0.00377,0.00245,0.0025,0.40227,0.38299
641943,Joshua Palacios,CWS,31,145.0,536.0,300,,projected,unmodeled,,145.0,2025.0,0.22213,0.07274,0.01444,0.00252,0.03323,0.00506,0.03831,0.13622,0.47534,0.04355,0.02316,0.0048,0.00202,0.0072,0.00103,0.00498,0.01031,0.01281,0.0155,0.01215,0.00335,0.00517,0.00408,0.06939,0.78361,0.22341,70.37962812499998,3.6678615624999997,26.8,0.10292,0.10573,0.01275,0.0129,0.11281,0.11589,0.91233,145.0,5.0,312.21546031249994,312.21546031249994,0.2199,0.07383,0.01444,0.0329,0.13554,0.03735,0.00428,0.00252,0.47923,0.23105,0.29834,0.26991,0.23105,0.26991,0.01553,0.01217,0.00336,0.22382,145.0,0.98,0.99,0.95,0.69,1.03,0.98,0.99,0.995,0.975,0.845,1.015,0.99,0.19385,0.80615,L,0.25699,0.21374,0.07576,0.07202,0.01024,0.01545,0.03671,0.0324,0.13986,0.13535,0.03919,0.03809,0.00466,0.00516,0.00304,0.0024,0.43354,0.4854
682119,Levi Jordan,CIN,31,11.0,11.0,150,,floor,floor,1.0,0.0,,0.22611,0.07931,0.00984,0.01707,0.03317,0.00164,0.03776,0.13873,0.45638,0.08612,0.04735,0.01029,0.0135,0.01022,0.00037,0.00732,0.01519,0.0182,0.0,0.0,0.0,3e-05,3e-05,0.0,0.7835,0.22787,0.0,0.0,,0.11514,0.10932,,,0.11598,0.11011,,,,,,0.22611,0.07931,0.00984,0.03317,0.13873,0.03776,0.00164,0.01707,0.45638,0.23641,0.30044,0.28073,0.23641,0.28073,0.0,0.0,0.0,0.22787,,1.0,1.0,1.0,1.0,1.0,1.0,1.0,1.0,1.0,1.0,1.0,1.0,0.27488,0.72512,R,0.22611,0.22611,0.07931,0.07931,0.00984,0.00984,0.03317,0.03317,0.13873,0.13873,0.03776,0.03776,0.00164,0.00164,0.01707,0.01707,0.45638,0.45638
683090,Matthew Lugo,KC,26,15.0,85.0,150,,projected,unmodeled,,70.0,2025.0,0.27391,0.05704,0.01149,0.00335,0.03309,0.00359,0.03996,0.12557,0.45199,0.07422,0.03286,0.00827,0.00449,0.00898,0.00071,0.00707,0.01133,0.01453,0.01863,0.01452,0.0041,0.00756,0.00592,0.09597,0.77964,0.1941,7.225,0.0,29.4,0.11102,0.10742,0.01881,0.01855,0.122,0.11805,0.90997,108.0,3.0,50.574999999999996,50.574999999999996,0.28213,0.05676,0.01149,0.03309,0.12557,0.03796,0.00332,0.00335,0.44633,0.21537,0.26819,0.27211,0.21537,0.27211,0.0186,0.0145,0.0041,0.19381,108.0,1.0,1.0,0.9,0.85,0.99,1.06,1.0,1.0,0.95,0.925,0.995,1.03,0.27018,0.72982,R,0.27993,0.27168,0.05029,0.05954,0.01102,0.01166,0.03171,0.0336,0.11975,0.12773,0.03998,0.03996,0.00289,0.00385,0.00203,0.00384,0.4624,0.44814
502110,J.D. Martinez,NYM,39,495.0,1570.0,305,,floor,floor,1.0,0.0,,0.27328,0.08642,0.00842,0.01003,0.03307,0.00132,0.03833,0.13531,0.41381,0.03128,0.01679,0.00225,0.00245,0.00596,0.00019,0.00487,0.01013,0.01153,0.0039,0.00304,0.00086,0.00195,0.00153,0.01694,0.78021,0.23016,182.19092843749996,0.5220062499999999,25.8,0.10898,0.13356,0.00992,0.01083,0.10595,0.12984,1.02866,121.0,5.0,818.4812349999999,818.4812349999999,0.27738,0.08945,0.00842,0.03324,0.13261,0.03699,0.00118,0.01003,0.4107,0.22869,0.30188,0.29369,0.22869,0.29369,0.00391,0.00305,0.00086,0.23048,121.0,1.01,0.96,0.93,0.79,1.07,1.03,1.005,0.98,0.965,0.895,1.035,1.015,0.27338,0.72662,R,0.2629,0.27719,0.10589,0.0791,0.00853,0.00838,0.03465,0.03248,0.13469,0.13555,0.04117,0.03727,0.00131,0.00132,0.00899,0.01043,0.40189,0.41829
802139,JJ Wetherholt,STL,24,619.0,619.0,192,,projected,unmodeled,,619.0,2026.0,0.17679,0.1004,0.02417,0.00365,0.03307,0.00353,0.04084,0.13459,0.48295,0.03243,0.02175,0.0058,0.00228,0.00871,0.00059,0.00636,0.01373,0.01608,0.02338,0.01844,0.00494,0.00523,0.00418,0.09021,0.78885,0.25916,151.29999999999998,12.75,27.6,0.13297,0.0883,0.01236,0.01034,0.13755,0.09134,0.96671,138.0,1.0,526.15,526.15,0.16883,0.09739,0.02417,0.0291,0.1393,0.04227,0.003,0.00365,0.49228,0.24426,0.33523,0.27269,0.24426,0.27269,0.02353,0.01856,0.00497,0.26086,138.0,0.76,1.07,1.07,0.7,0.94,0.91,0.88,1.035,1.035,0.85,0.97,0.955,0.33211,0.66789,L,0.17814,0.17612,0.0933,0.10393,0.01513,0.02867,0.03272,0.03324,0.13001,0.13687,0.04273,0.03989,0.00398,0.00331,0.00548,0.00274,0.49851,0.47522
675448,Blake Hunt,SD,28,3.0,3.0,150,,floor,floor,1.0,3.0,2026.0,0.24229,0.08256,0.01078,0.00666,0.03306,0.00138,0.02749,0.1461,0.44967,0.09,0.04921,0.01127,0.00888,0.00937,0.00027,0.00549,0.0146,0.01671,0.0,0.0,0.0,3e-05,3e-05,0.0,0.7835,0.23944,0.0,0.0,,0.11514,0.10932,,,0.11598,0.11011,,,,,,0.24229,0.08256,0.01078,0.03306,0.1461,0.02749,0.00138,0.00666,0.44967,0.23115,0.30138,0.28011,0.23115,0.28011,0.0,0.0,0.0,0.23944,,1.0,1.0,1.0,1.0,1.0,1.0,1.0,1.0,1.0,1.0,1.0,1.0,0.26601,0.73399,R,0.24229,0.24229,0.08256,0.08256,0.01078,0.01078,0.03306,0.03306,0.1461,0.1461,0.02749,0.02749,0.00138,0.00138,0.00666,0.00666,0.44967,0.44967
641355,Cody Bellinger,NYY,31,562.0,2893.0,1178,,projected,unmodeled,,656.0,2025.0,0.1703,0.08535,0.00434,0.0133,0.03304,0.00495,0.04037,0.14117,0.50718,0.01817,0.0115,0.00121,0.0021,0.00361,0.00047,0.00275,0.0058,0.00693,0.02791,0.02172,0.00619,0.00339,0.00274,0.12089,0.77832,0.23085,442.6059278125,54.00802781249999,27.3,0.13748,0.14201,0.0081,0.00822,0.12393,0.12801,1.10936,147.0,4.0,1835.370521875,1835.370521875,0.17371,0.09132,0.00434,0.03602,0.13481,0.03936,0.00431,0.0133,0.50283,0.24073,0.31016,0.26197,0.24073,0.26197,0.02786,0.02169,0.00618,0.23047,147.0,1.18,0.91,0.95,0.74,1.14,1.04,1.09,0.955,0.975,0.87,1.07,1.02,0.29945,0.70055,L,0.16217,0.17378,0.07158,0.09123,0.0052,0.00397,0.02908,0.03474,0.16029,0.13299,0.04532,0.03825,0.00705,0.00405,0.01576,0.01225,0.50355,0.50873
664670,Alejo Lopez,CIN,31,2.0,158.0,0,,floor,floor,1.0,0.0,,0.18875,0.07318,0.01216,0.00232,0.03302,0.00306,0.04469,0.14841,0.49441,0.06379,0.03614,0.00709,0.00311,0.12534,0.01004,0.10846,0.19136,0.23458,0.02241,0.01747,0.00494,0.00831,0.00651,0.09587,0.77938,0.23375,18.635623125,1.7748212499999998,,0.1097,0.09769,0.01862,0.0177,0.11417,0.10167,0.96083,113.0,6.0,69.21802874999999,69.21802874999999,0.19252,0.07684,0.01216,0.03516,0.1447,0.04425,0.00277,0.00232,0.48928,0.24967,0.31587,0.28152,0.24967,0.28152,0.0224,0.01746,0.00494,0.2337,113.0,1.13,0.95,0.98,0.81,1.1,1.04,1.065,0.975,0.99,0.905,1.05,1.02,0.26,0.74,S,0.19046,0.18814,0.07683,0.07189,0.01496,0.01118,0.03321,0.03295,0.14386,0.15,0.04748,0.04372,0.00268,0.00319,0.00241,0.00229,0.48812,0.49662
694197,Angel Genao,CLE,23,139.0,139.0,0,,projected,unmodeled,,139.0,2026.0,0.18403,0.08167,0.00865,0.00253,0.03299,0.00306,0.04467,0.14831,0.49409,0.05581,0.03357,0.00624,0.00338,0.12526,0.01003,0.10839,0.19124,0.23443,0.01884,0.01471,0.00413,0.00728,0.00571,0.07896,0.78057,0.23863,28.05,0.85,28.3,0.10997,0.08287,0.01693,0.01493,0.11712,0.08826,0.93896,114.0,6.0,118.14999999999999,118.14999999999999,0.18863,0.08167,0.00865,0.03184,0.14831,0.04556,0.00247,0.00253,0.49034,0.25154,0.31851,0.28593,0.25154,0.28593,0.01884,0.01471,0.00413,0.23863,114.0,0.93,1.0,1.04,0.62,1.0,1.05,0.965,1.0,1.02,0.81,1.0,1.025,0.28319,0.71681,S,0.19541,0.17954,0.07913,0.08267,0.01071,0.00784,0.03597,0.03182,0.14139,0.15104,0.04941,0.04279,0.00319,0.003,0.00266,0.00247,0.48213,0.49882
543333,Eric Hosmer,CHC,37,100.0,519.0,0,,floor,floor,1.0,0.0,,0.18853,0.08286,0.00316,0.00259,0.03298,0.00305,0.04465,0.14826,0.49391,0.04524,0.02715,0.00229,0.00208,0.12522,0.01003,0.10835,0.19117,0.23434,0.01004,0.00783,0.00221,0.00448,0.00351,0.04285,0.77964,0.23428,62.14484406249999,0.0,,0.10853,0.12083,0.01574,0.01651,0.09784,0.10893,1.10928,112.0,6.0,238.11315093749994,238.11315093749994,0.18947,0.08369,0.00316,0.03397,0.14677,0.04041,0.00337,0.00259,0.49656,0.24658,0.31138,0.27733,0.24658,0.27733,0.01001,0.0078,0.00221,0.23362,112.0,1.06,0.98,0.81,1.21,1.02,1.01,1.03,0.99,0.905,1.105,1.01,1.005,0.26,0.74,L,0.2006,0.18428,0.07435,0.08585,0.0035,0.00304,0.03353,0.03279,0.16163,0.14356,0.04416,0.04482,0.0035,0.0029,0.00274,0.00254,0.47598,0.50022
502671,Paul Goldschmidt,NYY,39,380.0,2906.0,981,,projected,unmodeled,,534.0,2025.0,0.22633,0.09067,0.00599,0.00487,0.03298,0.00134,0.04642,0.14857,0.44283,0.02065,0.01206,0.00141,0.00127,0.00385,0.00012,0.00355,0.00608,0.00725,0.01153,0.00915,0.00238,0.00235,0.00189,0.04702,0.79336,0.24523,438.57389437499995,21.832393437500002,25.5,0.13759,0.12745,0.00826,0.00799,0.12403,0.11488,1.10936,147.0,3.0,1757.9232021874996,1757.9232021874996,0.23085,0.09702,0.00599,0.03595,0.14188,0.04526,0.00117,0.00487,0.43701,0.25138,0.32727,0.30114,0.25138,0.30114,0.01152,0.00914,0.00238,0.24489,147.0,1.18,0.91,0.95,0.74,1.14,1.04,1.09,0.955,0.975,0.87,1.07,1.02,0.3224,0.6776,R,0.18112,0.24783,0.1101,0.08143,0.00843,0.00483,0.03945,0.0299,0.1567,0.14469,0.05399,0.04282,0.00167,0.00119,0.00447,0.00507,0.44407,0.44224
687952,Christian Encarnacion-Strand,BAL,27,213.0,714.0,300,,projected,unmodeled,,213.0,2026.0,0.25746,0.05117,0.01624,0.00825,0.03295,0.00145,0.05383,0.11357,0.46508,0.03857,0.01655,0.00448,0.00321,0.00664,0.00018,0.0067,0.0093,0.01245,0.01092,0.00844,0.00248,0.00356,0.00277,0.06035,0.77292,0.18098,96.61174374999999,4.1890125,26.8,0.11386,0.1452,0.01222,0.01356,0.11301,0.14411,1.00754,110.0,4.0,481.37338124999997,481.37338124999997,0.25746,0.04989,0.01624,0.03443,0.11471,0.05356,0.00151,0.00825,0.46395,0.22061,0.27034,0.2679,0.22061,0.2679,0.01091,0.00843,0.00248,0.18084,110.0,1.09,1.02,0.99,1.08,0.95,1.0,1.045,1.01,0.995,1.04,0.975,1.0,0.30015,0.69985,R,0.27799,0.24865,0.07215,0.04217,0.01036,0.01876,0.03042,0.03403,0.11052,0.11488,0.047,0.05676,0.0017,0.00134,0.00495,0.00967,0.44491,0.47373
672515,Gabriel Moreno,ARI,27,549.0,1662.0,643,,projected,unmodeled,,549.0,2026.0,0.16439,0.09979,0.00683,0.01295,0.03292,0.00365,0.05094,0.1523,0.47623,0.02242,0.01543,0.00197,0.00271,0.00484,0.0004,0.00455,0.00778,0.00928,0.01465,0.01125,0.0034,0.00308,0.0024,0.0566,0.76803,0.25892,326.71356499999996,18.02255,26.2,0.12702,0.14047,0.00966,0.01009,0.11462,0.12677,1.10811,109.0,4.0,1136.2132378124998,1136.2132378124998,0.15617,0.09929,0.00683,0.03177,0.15458,0.05349,0.0056,0.01295,0.47932,0.27861,0.35156,0.30833,0.27861,0.30833,0.01476,0.01133,0.00342,0.2607,109.0,0.93,1.03,1.1,2.07,0.99,0.9,0.965,1.015,1.05,1.535,0.995,0.95,0.28176,0.71824,R,0.16624,0.16367,0.08767,0.10454,0.00409,0.0079,0.02952,0.03426,0.14875,0.15369,0.06026,0.04729,0.00257,0.00407,0.0182,0.01089,0.48269,0.4737
606132,Raimel Tapia,TB,33,169.0,602.0,0,,floor,floor,1.0,0.0,,0.20801,0.06426,0.00278,0.00374,0.03291,0.00305,0.04455,0.14792,0.49279,0.04427,0.02277,0.00201,0.00234,0.12493,0.01001,0.1081,0.19073,0.23381,0.02882,0.02253,0.00629,0.00681,0.00539,0.13409,0.78167,0.21495,65.64228593749999,10.701128124999997,,0.10989,0.09828,0.01395,0.01328,0.11448,0.10238,0.95991,139.0,6.0,280.34345656249997,280.34345656249997,0.21113,0.06104,0.00278,0.03373,0.1457,0.04388,0.00311,0.00374,0.49488,0.24282,0.29024,0.28024,0.24282,0.28024,0.02809,0.02196,0.00613,0.20952,139.0,1.05,0.97,0.97,1.04,0.9,1.03,1.025,0.985,0.985,1.02,0.95,1.015,0.26,0.74,L,0.26111,0.18936,0.07056,0.06204,0.00404,0.00233,0.03481,0.03224,0.13668,0.15186,0.0446,0.04453,0.00221,0.00334,0.00467,0.00342,0.4413,0.51088
691277,Deyvison De Los Santos,MIA,24,43.0,43.0,150,,projected,unmodeled,,43.0,2026.0,0.23176,0.062,0.01541,0.0045,0.03288,0.00733,0.03847,0.13855,0.46911,0.07681,0.03737,0.01106,0.00601,0.00952,0.00251,0.00783,0.01427,0.01769,0.02053,0.01601,0.00452,0.0086,0.00673,0.09508,0.77964,0.21596,4.25,0.0,28.3,0.09926,0.09174,0.019,0.01834,0.10346,0.09562,0.9594,146.0,7.0,36.55,36.55,0.22712,0.06262,0.01541,0.03074,0.13924,0.03905,0.0088,0.0045,0.47253,0.23742,0.29585,0.28363,0.23742,0.28363,0.02066,0.01611,0.00455,0.21727,146.0,0.87,1.01,1.03,1.4,1.02,0.96,0.935,1.005,1.015,1.2,1.01,0.98,0.30041,0.69959,R,0.2281,0.23333,0.06189,0.06205,0.01274,0.01655,0.03179,0.03334,0.1409,0.13754,0.04264,0.03668,0.00725,0.00736,0.00443,0.00452,0.47025,0.46862
694212,Samuel Basallo,BAL,22,399.0,517.0,300,,projected,unmodeled,,399.0,2026.0,0.25566,0.07628,0.01322,0.00595,0.03282,0.00142,0.03987,0.13641,0.43836,0.04052,0.02099,0.00467,0.00315,0.00681,0.00022,0.00599,0.01034,0.01276,0.00537,0.00419,0.00118,0.00295,0.0023,0.02377,0.77964,0.22591,86.2325,0.0,24.7,0.10563,0.12953,0.01235,0.0135,0.10484,0.12856,1.00754,110.0,5.0,424.405,424.405,0.25566,0.07437,0.01322,0.0343,0.13777,0.03967,0.00148,0.00595,0.43757,0.23523,0.30082,0.29023,0.23523,0.29023,0.00536,0.00418,0.00118,0.22537,110.0,1.09,1.02,0.99,1.08,0.95,1.0,1.045,1.01,0.995,1.04,0.975,1.0,0.24547,0.75453,L,0.2943,0.2431,0.0729,0.07738,0.01334,0.01319,0.02344,0.03588,0.15029,0.1319,0.03329,0.04201,0.00133,0.00145,0.00467,0.00637,0.40645,0.44874
543281,Josh Harrison,PHI,39,114.0,539.0,0,,floor,floor,1.0,0.0,,0.18455,0.05559,0.03376,0.00736,0.0328,0.00304,0.0444,0.14741,0.49111,0.04423,0.02224,0.00725,0.00343,0.12451,0.00997,0.10773,0.19008,0.23301,0.0132,0.01028,0.00292,0.00518,0.00405,0.05574,0.77889,0.23676,60.08291937499999,1.3311159375,,0.11688,0.09271,0.01558,0.01406,0.11153,0.08847,1.04798,143.0,6.0,248.08347031249997,248.08347031249997,0.18824,0.0542,0.03376,0.03509,0.14889,0.04395,0.0031,0.00736,0.48542,0.25537,0.31898,0.28757,0.25537,0.28757,0.0132,0.01028,0.00292,0.23684,143.0,1.14,1.02,0.98,1.04,0.95,1.04,1.07,1.01,0.99,1.02,0.975,1.02,0.26,0.74,R,0.20518,0.1773,0.05974,0.05413,0.03132,0.03461,0.02947,0.03396,0.1474,0.14742,0.04115,0.04554,0.00337,0.00292,0.00699,0.00748,0.47538,0.49663
572041,AJ Pollock,SF,39,144.0,671.0,0,,floor,floor,1.0,0.0,,0.20167,0.0669,0.00385,0.00873,0.0328,0.00304,0.0444,0.14743,0.49117,0.0422,0.02237,0.00226,0.00339,0.12452,0.00998,0.10775,0.19011,0.23304,0.01388,0.01079,0.00309,0.00504,0.00394,0.06363,0.77737,0.21819,61.62283781249999,2.2968274999999996,,0.11197,0.1059,0.01362,0.01329,0.11724,0.11088,0.95503,137.0,5.0,309.00159968749995,309.00159968749995,0.19764,0.06523,0.00385,0.02936,0.14891,0.04529,0.00367,0.00873,0.49732,0.2464,0.29631,0.28463,0.2464,0.28463,0.01387,0.01078,0.00309,0.21799,137.0,0.79,1.02,1.04,1.42,0.95,0.96,0.895,1.01,1.02,1.21,0.975,0.98,0.26,0.74,R,0.19902,0.2026,0.0634,0.06813,0.00446,0.00364,0.04528,0.02841,0.14159,0.14949,0.04335,0.04477,0.00289,0.00309,0.0085,0.0088,0.49151,0.49106
650907,René Pinto,TB,30,49.0,237.0,150,,floor,floor,1.0,0.0,,0.30049,0.05797,0.00913,0.0049,0.03278,0.00174,0.04846,0.11354,0.43098,0.06549,0.02842,0.00533,0.00392,0.00849,0.00026,0.00896,0.01216,0.01564,0.01204,0.00939,0.00265,0.00531,0.00415,0.06665,0.77964,0.18065,22.100823437499997,0.0,,0.10168,0.1159,0.01647,0.01744,0.10592,0.12074,0.95991,139.0,5.0,121.73032218749998,121.73032218749998,0.305,0.05507,0.00913,0.0336,0.11184,0.04773,0.00178,0.0049,0.43095,0.20942,0.25915,0.27241,0.20942,0.27241,0.01173,0.00915,0.00259,0.17604,139.0,1.05,0.97,0.97,1.04,0.9,1.03,1.025,0.985,0.985,1.02,0.95,1.015,0.30924,0.69076,R,0.30065,0.30042,0.0653,0.05469,0.00827,0.00952,0.02697,0.03538,0.1148,0.11298,0.05191,0.04691,0.00186,0.00169,0.00461,0.00503,0.42564,0.43337
680737,Michael Helman,TEX,31,35.0,155.0,450,,projected,unmodeled,,110.0,2025.0,0.20621,0.06674,0.01657,0.00661,0.03269,0.00157,0.03827,0.13587,0.49547,0.05864,0.03079,0.00831,0.00527,0.0058,0.00019,0.00414,0.00751,0.00964,0.02688,0.02104,0.00584,0.00862,0.00679,0.12264,0.78278,0.21919,19.549999999999997,2.8899999999999997,29.4,0.11944,0.12106,0.01784,0.01795,0.12658,0.1283,0.94359,140.0,4.0,109.225,109.225,0.20724,0.06474,0.01657,0.03154,0.13315,0.03693,0.00143,0.00661,0.50177,0.22264,0.28438,0.25475,0.22264,0.25475,0.0263,0.02059,0.00571,0.21447,140.0,0.93,0.96,0.93,0.83,0.94,1.01,0.965,0.98,0.965,0.915,0.97,1.005,0.36056,0.63944,R,0.21651,0.2004,0.06208,0.06937,0.01854,0.01547,0.03443,0.0317,0.12876,0.13989,0.03815,0.03834,0.00125,0.00174,0.00658,0.00662,0.4937,0.49646
672779,Tucupita Marcano,PIT,27,220.0,397.0,0,,floor,floor,1.0,0.0,,0.20482,0.06178,0.01026,0.00745,0.03266,0.00302,0.04421,0.14679,0.48902,0.05012,0.02545,0.00461,0.00393,0.12398,0.00993,0.10727,0.18928,0.23202,0.02448,0.01904,0.00544,0.00737,0.00578,0.11185,0.77774,0.21882,37.53224937499999,4.9851596874999995,,0.10044,0.09455,0.01465,0.01426,0.1068,0.10053,0.9405,134.0,6.0,193.37721531249997,193.37721531249997,0.2038,0.06147,0.01026,0.02988,0.14899,0.04796,0.0026,0.00745,0.48759,0.24916,0.30116,0.29041,0.24916,0.29041,0.02469,0.0192,0.00549,0.22072,134.0,0.83,1.03,1.17,0.72,0.99,0.99,0.915,1.015,1.085,0.86,0.995,0.995,0.26,0.74,L,0.20961,0.20314,0.06346,0.06118,0.01419,0.00888,0.03539,0.0317,0.15835,0.14272,0.04066,0.04545,0.00196,0.0034,0.00624,0.00787,0.47014,0.49565
640457,Austin Meadows,DET,32,21.0,168.0,0,,floor,floor,1.0,0.0,,0.17825,0.08835,0.01571,0.00223,0.03265,0.00302,0.04419,0.14674,0.48886,0.06133,0.03871,0.00788,0.00299,0.12394,0.00993,0.10724,0.18922,0.23195,0.01906,0.01482,0.00423,0.008,0.00624,0.07598,0.77791,0.25079,19.0793284375,0.44370531249999995,,0.1082,0.10863,0.01912,0.01915,0.10778,0.10821,1.00391,116.0,6.0,65.2246809375,65.2246809375,0.17647,0.08791,0.01571,0.03281,0.14601,0.04287,0.00378,0.00223,0.49223,0.25215,0.32907,0.28129,0.25215,0.28129,0.01897,0.01475,0.00421,0.24962,116.0,1.01,0.99,0.94,1.5,0.99,0.98,1.005,0.995,0.97,1.25,0.995,0.99,0.26,0.74,L,0.20826,0.16771,0.08114,0.09088,0.0151,0.01592,0.03462,0.03195,0.14882,0.14601,0.04391,0.04429,0.0023,0.00328,0.00231,0.0022,0.46353,0.49776
650490,Yandy Díaz,TB,35,686.0,3116.0,1188,,projected,unmodeled,,686.0,2026.0,0.14607,0.09376,0.01092,0.00581,0.03265,0.00138,0.03695,0.17565,0.49682,0.01641,0.01153,0.00184,0.00134,0.0035,9e-05,0.00282,0.00594,0.00677,0.00494,0.00382,0.00112,0.00147,0.00114,0.01763,0.77325,0.28033,581.0257981249999,9.474238125,26.0,0.12019,0.11506,0.00678,0.00665,0.12521,0.11987,0.95991,139.0,3.0,1995.6104393749997,1995.6104393749997,0.14826,0.08908,0.01092,0.03346,0.17301,0.0364,0.0014,0.00581,0.50166,0.27318,0.34427,0.29589,0.27318,0.29589,0.00481,0.00372,0.00109,0.27301,139.0,1.05,0.97,0.97,1.04,0.9,1.03,1.025,0.985,0.985,1.02,0.95,1.015,0.26599,0.73401,R,0.11935,0.15575,0.09931,0.09176,0.00812,0.01193,0.04467,0.02829,0.1529,0.18389,0.04285,0.03481,0.00124,0.00143,0.00756,0.00517,0.52402,0.48697
687478,Cam Devanney,PIT,30,38.0,38.0,150,,projected,unmodeled,,38.0,2025.0,0.29398,0.07776,0.00759,0.00469,0.03264,0.00154,0.04178,0.12047,0.41955,0.08583,0.04295,0.00795,0.00626,0.01051,0.00036,0.00896,0.01349,0.01764,0.02094,0.01627,0.00467,0.00844,0.00659,0.10173,0.77683,0.20582,4.334999999999999,0.7224999999999999,,0.10132,0.09722,0.01933,0.01899,0.10773,0.10337,0.9405,134.0,6.0,27.455,27.455,0.29251,0.07737,0.00759,0.02986,0.12227,0.04534,0.00133,0.00469,0.41904,0.21838,0.28376,0.28732,0.21838,0.28732,0.02108,0.01638,0.0047,0.20723,134.0,0.83,1.03,1.17,0.72,0.99,0.99,0.915,1.015,1.085,0.86,0.995,0.995,0.28151,0.71849,R,0.32104,0.28337,0.07574,0.07856,0.00585,0.00826,0.03585,0.03138,0.11147,0.12399,0.04115,0.04203,0.00079,0.00184,0.00359,0.00512,0.40451,0.42545
571745,Mitch Haniger,SEA,36,423.0,899.0,257,,floor,floor,1.0,0.0,,0.27584,0.08445,0.00602,0.00465,0.03262,0.00117,0.0346,0.12853,0.43211,0.03917,0.02075,0.00247,0.00217,0.00673,0.00016,0.0054,0.01098,0.01289,0.00659,0.00514,0.00145,0.00299,0.00234,0.03009,0.78021,0.21901,106.26358406249999,0.5220062499999999,26.2,0.11339,0.11653,0.0119,0.01204,0.11647,0.11969,0.97362,136.0,5.0,488.9095184374999,488.9095184374999,0.29791,0.08276,0.00602,0.03229,0.12275,0.03201,0.00082,0.00465,0.42078,0.20723,0.27665,0.26992,0.20723,0.26992,0.00637,0.00497,0.0014,0.21153,136.0,0.98,0.91,0.85,0.4,0.96,1.16,0.99,0.955,0.925,0.7,0.98,1.08,0.31621,0.68379,R,0.26352,0.28154,0.08112,0.086,0.00562,0.0062,0.0279,0.0348,0.13778,0.12426,0.03119,0.03618,0.00158,0.00098,0.00451,0.00472,0.44678,0.42532
600303,Tommy La Stella,SEA,38,24.0,219.0,0,,floor,floor,1.0,0.0,,0.192,0.07492,0.00634,0.01188,0.03262,0.00302,0.04416,0.14662,0.48845,0.05938,0.03379,0.00458,0.00626,0.12383,0.00992,0.10715,0.18905,0.23175,0.01627,0.01268,0.00359,0.00715,0.0056,0.0714,0.77964,0.22787,17.304507187499997,0.0,,0.10306,0.09546,0.01751,0.01692,0.10792,0.09996,0.95503,137.0,6.0,86.5225359375,86.5225359375,0.18816,0.07305,0.00634,0.02919,0.14808,0.04504,0.00365,0.01188,0.4946,0.24866,0.30535,0.28461,0.24866,0.28461,0.01624,0.01266,0.00358,0.22747,137.0,0.79,1.02,1.04,1.42,0.95,0.96,0.895,1.01,1.02,1.21,0.975,0.98,0.26,0.74,L,0.19677,0.19032,0.08043,0.07299,0.00663,0.00623,0.03591,0.03146,0.1494,0.14564,0.04051,0.04544,0.00331,0.00292,0.00991,0.01258,0.47713,0.49243
672701,José Devers,MIA,27,4.0,4.0,150,,floor,floor,1.0,0.0,,0.22361,0.08263,0.01066,0.00658,0.03261,0.00216,0.048,0.13187,0.46187,0.08756,0.04925,0.01114,0.00877,0.01071,0.00054,0.00984,0.01472,0.01842,0.0,0.0,0.0,3e-05,2e-05,0.0,0.7835,0.22516,0.0,0.0,,0.11514,0.10932,,,0.11598,0.11011,,,,,,0.22361,0.08263,0.01066,0.03261,0.13187,0.048,0.00216,0.00658,0.46187,0.23846,0.30793,0.2827,0.23846,0.2827,0.0,0.0,0.0,0.22516,,1.0,1.0,1.0,1.0,1.0,1.0,1.0,1.0,1.0,1.0,1.0,1.0,0.2598,0.7402,L,0.22361,0.22361,0.08263,0.08263,0.01066,0.01066,0.03261,0.03261,0.13187,0.13187,0.048,0.048,0.00216,0.00216,0.00658,0.00658,0.46187,0.46187
669134,Luis Campusano,SD,28,248.0,798.0,539,,projected,unmodeled,,248.0,2026.0,0.18553,0.08722,0.00899,0.00405,0.03259,0.00064,0.03468,0.15432,0.49198,0.03302,0.0204,0.00318,0.00214,0.00543,9e-05,0.00399,0.00862,0.01013,0.00472,0.00368,0.00104,0.00252,0.00197,0.01884,0.77964,0.25053,132.46193343749997,0.0,25.5,0.11259,0.12349,0.01178,0.01226,0.11165,0.12246,1.00847,135.0,5.0,526.945228125,526.945228125,0.18646,0.08853,0.00899,0.03357,0.15201,0.03243,0.00055,0.00405,0.49343,0.24325,0.31607,0.27267,0.24325,0.27267,0.0047,0.00366,0.00104,0.24953,135.0,1.06,0.97,0.87,0.7,1.03,1.01,1.03,0.985,0.935,0.85,1.015,1.005,0.25452,0.74548,R,0.18728,0.18493,0.08895,0.08663,0.00922,0.00892,0.03726,0.03099,0.14998,0.1558,0.03026,0.03619,0.00082,0.00058,0.00484,0.00378,0.49139,0.49218
647304,Josh Naylor,SEA,30,650.0,2880.0,1224,,projected,unmodeled,,650.0,2026.0,0.14558,0.07721,0.00875,0.00796,0.03255,0.00079,0.03952,0.16269,0.52496,0.01696,0.01093,0.00171,0.00163,0.00365,7e-05,0.00293,0.00607,0.00717,0.03306,0.02618,0.00688,0.00371,0.00305,0.13297,0.79192,0.24865,468.07508343749987,71.0750184375,24.3,0.11146,0.1403,0.00683,0.00754,0.11448,0.1441,0.97362,136.0,4.0,1856.9894643749997,1856.9894643749997,0.15722,0.07567,0.00875,0.03222,0.15537,0.03656,0.00055,0.00796,0.52571,0.24757,0.30911,0.268,0.24757,0.268,0.03188,0.02525,0.00663,0.23978,136.0,0.98,0.91,0.85,0.4,0.96,1.16,0.99,0.955,0.925,0.7,0.98,1.08,0.30714,0.69286,L,0.17152,0.13408,0.0648,0.08271,0.01169,0.00745,0.02571,0.03558,0.16532,0.16152,0.03912,0.0397,0.00129,0.00056,0.00525,0.00916,0.51531,0.52924
688363,Graham Pauley,MIA,26,154.0,370.0,450,,projected,unmodeled,,184.0,2025.0,0.232,0.07937,0.00421,0.00567,0.03255,0.00254,0.04008,0.11891,0.48466,0.04585,0.02499,0.00305,0.00354,0.00532,0.00028,0.00412,0.00806,0.0101,0.01494,0.01164,0.0033,0.0052,0.00407,0.07378,0.77887,0.2025,53.54575,3.1449999999999996,26.4,0.10332,0.10943,0.01353,0.01387,0.1077,0.11406,0.9594,146.0,5.0,283.49199999999996,283.49199999999996,0.22736,0.08017,0.00421,0.03044,0.11951,0.04069,0.00305,0.00567,0.48891,0.21285,0.27806,0.25031,0.21285,0.25031,0.01504,0.01172,0.00333,0.20388,146.0,0.87,1.01,1.03,1.4,1.02,0.96,0.935,1.005,1.015,1.2,1.01,0.98,0.15439,0.84561,L,0.20328,0.23724,0.09669,0.07621,0.00538,0.004,0.02977,0.03306,0.13114,0.11668,0.04015,0.04007,0.00204,0.00263,0.00559,0.00569,0.48595,0.48442
800543,Josue De Paula,LAD,22,42.0,42.0,150,,projected,unmodeled,,42.0,2026.0,0.19563,0.13129,0.00734,0.00453,0.03254,0.00201,0.03816,0.13688,0.45161,0.07243,0.05249,0.00769,0.00606,0.01019,0.0004,0.00752,0.01395,0.01697,0.02832,0.02201,0.00631,0.01049,0.0082,0.10278,0.77728,0.27551,13.6,1.7,27.1,0.14022,0.13543,0.02438,0.02402,0.12305,0.11885,1.13954,119.0,3.0,35.699999999999996,35.699999999999996,0.19758,0.1326,0.00734,0.03629,0.13278,0.03721,0.00164,0.00453,0.45002,0.24303,0.34786,0.27609,0.24303,0.27609,0.02803,0.02179,0.00624,0.27272,119.0,1.23,0.94,0.95,0.64,1.02,1.02,1.115,0.97,0.975,0.82,1.01,1.01,0.2686,0.7314,L,0.18363,0.20003,0.14734,0.1254,0.0056,0.00797,0.03346,0.03221,0.13654,0.13701,0.03396,0.03971,0.00129,0.00227,0.00342,0.00494,0.45476,0.45046
672359,Tirso Ornelas,SD,27,16.0,16.0,150,,floor,floor,1.0,16.0,2025.0,0.21281,0.08884,0.00932,0.00576,0.03254,0.00413,0.0469,0.13245,0.46725,0.08242,0.04877,0.00976,0.00768,0.00932,0.00133,0.00828,0.015,0.01853,0.0,0.0,0.0,3e-05,3e-05,0.0,0.7835,0.23062,0.0,0.0,,0.11514,0.10932,,,0.11598,0.11011,,,,,,0.21281,0.08884,0.00932,0.03254,0.13245,0.0469,0.00413,0.00576,0.46725,0.24107,0.31418,0.28196,0.24107,0.28196,0.0,0.0,0.0,0.23062,,1.0,1.0,1.0,1.0,1.0,1.0,1.0,1.0,1.0,1.0,1.0,1.0,0.24074,0.75926,L,0.21281,0.21281,0.08884,0.08884,0.00932,0.00932,0.03254,0.03254,0.13245,0.13245,0.0469,0.0469,0.00413,0.00413,0.00576,0.00576,0.46725,0.46725
663630,Ryan McKenna,SF,30,15.0,326.0,150,,floor,floor,1.0,0.0,,0.27375,0.0723,0.01452,0.00875,0.03253,0.00335,0.05498,0.10996,0.42986,0.05903,0.02919,0.00593,0.00462,0.01038,0.00086,0.01072,0.01314,0.01781,0.02034,0.0159,0.00444,0.00651,0.00513,0.10337,0.78172,0.19677,34.609014374999994,3.9411471874999995,,0.13065,0.10498,0.01812,0.01648,0.12968,0.10419,1.00754,110.0,2.0,148.87618249999997,148.87618249999997,0.27375,0.07049,0.01452,0.03399,0.11105,0.05471,0.00349,0.00875,0.42925,0.22427,0.28825,0.28279,0.22427,0.28279,0.02027,0.01584,0.00442,0.19606,110.0,1.09,1.02,0.99,1.08,0.95,1.0,1.045,1.01,0.995,1.04,0.975,1.0,0.29767,0.70233,R,0.24297,0.2868,0.06993,0.0733,0.01317,0.01509,0.03471,0.03161,0.11004,0.10992,0.05936,0.05312,0.00333,0.00337,0.00977,0.00832,0.45673,0.41848
678218,Brandon Valenzuela,TOR,26,271.0,271.0,300,,projected,unmodeled,,271.0,2026.0,0.24503,0.10025,0.0054,0.00442,0.03251,0.00176,0.04198,0.13151,0.43714,0.05033,0.02992,0.00391,0.00354,0.00745,0.0003,0.00619,0.01041,0.0129,0.01288,0.01007,0.00281,0.00522,0.00409,0.05431,0.7815,0.23715,56.1,1.7,25.6,0.11638,0.10331,0.01526,0.01449,0.11903,0.10567,0.97775,141.0,5.0,230.35,230.35,0.24258,0.10025,0.0054,0.03332,0.13151,0.04282,0.00148,0.00442,0.43822,0.23499,0.31477,0.28632,0.23499,0.28632,0.01288,0.01007,0.00281,0.23715,141.0,1.05,1.0,1.04,0.68,1.0,0.98,1.025,1.0,1.02,0.84,1.0,0.99,0.27813,0.72187,S,0.23342,0.24951,0.10419,0.09873,0.00719,0.00471,0.03286,0.03237,0.12493,0.13404,0.04192,0.042,0.00195,0.00169,0.00594,0.00384,0.4476,0.43311
689200,Jacob Melton,HOU,26,78.0,78.0,300,,projected,unmodeled,,78.0,2025.0,0.27661,0.08187,0.01199,0.0035,0.03247,0.00506,0.03564,0.12591,0.42693,0.07609,0.0397,0.00863,0.00468,0.007,0.0008,0.00576,0.00839,0.01107,0.0421,0.03282,0.00928,0.01096,0.00863,0.19156,0.77958,0.21978,12.282499999999999,6.5024999999999995,29.0,0.11298,0.10911,0.01979,0.01949,0.11282,0.10896,1.0014,117.0,5.0,56.355,56.355,0.28629,0.08228,0.01199,0.03459,0.12402,0.03493,0.00463,0.0035,0.41777,0.21965,0.29245,0.28139,0.21965,0.28139,0.04182,0.0326,0.00922,0.2183,117.0,1.13,0.97,0.96,0.83,1.01,1.07,1.065,0.985,0.98,0.915,1.005,1.035,0.24101,0.75899,L,0.27976,0.27561,0.08065,0.08226,0.01207,0.01197,0.03912,0.03036,0.11682,0.1288,0.03463,0.03596,0.00535,0.00497,0.0022,0.00391,0.42942,0.42615
672356,Gabriel Arias,CHC,27,149.0,1183.0,588,,projected,unmodeled,,471.0,2025.0,0.3317,0.065,0.00863,0.00598,0.03241,0.00191,0.03847,0.11902,0.39689,0.03393,0.01512,0.0026,0.00217,0.00464,0.00022,0.00389,0.00625,0.00787,0.02355,0.01818,0.00537,0.00441,0.00347,0.12225,0.77195,0.19264,155.03901718749998,20.466624062499996,26.8,0.11855,0.11791,0.011,0.01097,0.10687,0.1063,1.10928,112.0,6.0,771.2049840624999,771.2049840624999,0.33336,0.06565,0.00863,0.03338,0.11783,0.03482,0.00211,0.00598,0.39825,0.20456,0.26242,0.27985,0.20456,0.27985,0.02349,0.01813,0.00536,0.1921,112.0,1.06,0.98,0.81,1.21,1.02,1.01,1.03,0.99,0.905,1.105,1.01,1.005,0.30989,0.69011,R,0.37134,0.3139,0.06383,0.06552,0.00579,0.0099,0.02861,0.03411,0.10086,0.12718,0.0362,0.03949,0.00294,0.00145,0.00478,0.00652,0.38565,0.40193
668751,Cal Mitchell,PIT,28,5.0,237.0,150,,floor,floor,1.0,0.0,,0.22326,0.08258,0.00282,0.0049,0.03238,0.00325,0.04482,0.13716,0.46882,0.06178,0.03476,0.00298,0.00392,0.01025,0.00088,0.00911,0.01494,0.01816,0.02029,0.01581,0.00448,0.00754,0.00591,0.09116,0.77938,0.22257,22.185265624999996,1.7748212499999998,,0.10726,0.09772,0.01718,0.01649,0.11405,0.1039,0.9405,134.0,6.0,102.93963249999999,102.93963249999999,0.22214,0.08217,0.00282,0.02963,0.13922,0.04863,0.0028,0.0049,0.46769,0.24203,0.30527,0.28959,0.24203,0.28959,0.02044,0.01593,0.00451,0.22421,134.0,0.83,1.03,1.17,0.72,0.99,0.99,0.915,1.015,1.085,0.86,0.995,0.995,0.26,0.74,L,0.23439,0.21935,0.07246,0.08614,0.00306,0.00274,0.03501,0.03146,0.1377,0.13697,0.04777,0.04378,0.00345,0.00318,0.00584,0.00457,0.46031,0.47181
680777,Ryan Jeffers,MIN,30,369.0,1869.0,804,,projected,unmodeled,,464.0,2025.0,0.21151,0.09952,0.0179,0.00593,0.03236,0.00167,0.03888,0.13783,0.4544,0.02396,0.01495,0.003,0.00174,0.00426,0.00033,0.00335,0.00656,0.00794,0.00746,0.00581,0.00165,0.00229,0.00179,0.02924,0.77829,0.25526,302.8751290624999,6.747406249999999,26.3,0.11856,0.12488,0.00859,0.00879,0.11862,0.12495,0.99946,142.0,4.0,1214.0446724999997,1214.0446724999997,0.20833,0.09853,0.0179,0.03139,0.1399,0.0416,0.00162,0.00593,0.45479,0.24442,0.33095,0.28707,0.24442,0.28707,0.00749,0.00583,0.00166,0.25633,142.0,0.94,1.03,1.14,0.95,0.98,0.97,0.97,1.015,1.07,0.975,0.99,0.985,0.31909,0.68091,R,0.19689,0.21835,0.12883,0.08579,0.01733,0.01817,0.0327,0.0322,0.15197,0.13121,0.03542,0.0405,0.00192,0.00155,0.00541,0.00617,0.42953,0.46606
649557,Aledmys Díaz,HOU,36,34.0,705.0,150,,floor,floor,1.0,0.0,,0.19256,0.05822,0.01261,0.00835,0.03232,0.00199,0.04008,0.1547,0.49917,0.03973,0.02009,0.00398,0.00325,0.00965,0.00039,0.00819,0.01606,0.01895,0.01234,0.00962,0.00273,0.00468,0.00366,0.05473,0.77898,0.22553,70.1346103125,1.4094168749999998,27.6,0.10295,0.10113,0.01302,0.01292,0.10281,0.10099,1.0014,117.0,6.0,345.54203718749994,345.54203718749994,0.1993,0.05852,0.01261,0.03442,0.15238,0.03928,0.00182,0.00835,0.49333,0.24758,0.29902,0.28171,0.24758,0.28171,0.01223,0.00953,0.0027,0.2235,117.0,1.13,0.97,0.96,0.83,1.01,1.07,1.065,0.985,0.98,0.915,1.005,1.035,0.26068,0.73932,R,0.18523,0.19514,0.07377,0.05274,0.00894,0.0139,0.03432,0.03162,0.16018,0.15277,0.04163,0.03953,0.00185,0.00205,0.00974,0.00786,0.48434,0.5044
680837,Ryan Fitzgerald,MIN,33,53.0,53.0,150,,projected,unmodeled,,53.0,2025.0,0.20302,0.09779,0.00673,0.00416,0.03232,0.00684,0.04492,0.13366,0.47056,0.07276,0.04573,0.00706,0.00556,0.01021,0.00239,0.00944,0.01471,0.01879,0.02411,0.01881,0.00529,0.00938,0.00735,0.10122,0.78043,0.23818,8.669999999999998,0.7224999999999999,28.4,0.13123,0.12385,0.02187,0.02133,0.1313,0.12392,0.99946,142.0,3.0,38.2925,38.2925,0.19998,0.09681,0.00673,0.03135,0.13567,0.04806,0.00667,0.00416,0.47057,0.24852,0.32529,0.28806,0.24852,0.28806,0.02421,0.0189,0.00532,0.23921,142.0,0.94,1.03,1.14,0.95,0.98,0.97,0.97,1.015,1.07,0.975,0.99,0.985,0.28458,0.71542,L,0.19811,0.20498,0.09137,0.10034,0.00668,0.00675,0.03235,0.03231,0.12839,0.13576,0.04672,0.0442,0.00685,0.00683,0.00416,0.00416,0.48538,0.46466
682626,Francisco Alvarez,NYM,25,420.0,1476.0,584,,projected,unmodeled,,420.0,2026.0,0.27116,0.08973,0.01086,0.00357,0.03232,0.00101,0.03569,0.12924,0.42642,0.02859,0.01564,0.00263,0.00151,0.00476,0.00012,0.00376,0.00698,0.00836,0.00392,0.00306,0.00087,0.00179,0.0014,0.01707,0.77908,0.22983,226.80326874999997,2.2722624999999996,25.3,0.11158,0.12414,0.00928,0.00972,0.10847,0.12068,1.02866,121.0,5.0,987.9718937499999,987.9718937499999,0.27523,0.09287,0.01086,0.03248,0.12665,0.03444,0.00091,0.00357,0.42299,0.21786,0.29821,0.27692,0.21786,0.27692,0.00393,0.00306,0.00087,0.23039,121.0,1.01,0.96,0.93,0.79,1.07,1.03,1.005,0.98,0.965,0.895,1.035,1.015,0.25827,0.74173,R,0.25435,0.27701,0.11306,0.08161,0.00766,0.01197,0.02923,0.0334,0.12133,0.13199,0.03487,0.03597,0.00121,0.00094,0.00338,0.00363,0.43491,0.42346
664068,Scott Kingery,CHC,33,4.0,33.0,450,,projected,unmodeled,,29.0,2025.0,0.24321,0.0797,0.00792,0.00489,0.0323,0.0024,0.03585,0.13925,0.45447,0.08183,0.04398,0.0083,0.00654,0.00557,0.00035,0.00396,0.00821,0.00995,0.02792,0.02171,0.00621,0.01018,0.00796,0.12308,0.77763,0.22687,3.6125,1.4449999999999998,28.3,0.10679,0.09316,0.0197,0.01856,0.11736,0.10237,0.90997,108.0,5.0,20.952499999999997,20.952499999999997,0.25051,0.0793,0.00792,0.0323,0.13925,0.03406,0.00222,0.00489,0.44955,0.22891,0.29505,0.28081,0.22891,0.28081,0.02787,0.02168,0.0062,0.22647,108.0,1.0,1.0,0.9,0.85,0.99,1.06,1.0,1.0,0.95,0.925,0.995,1.03,0.28326,0.71674,R,0.24321,0.24321,0.0797,0.0797,0.00792,0.00792,0.0323,0.0323,0.13925,0.13925,0.03585,0.03585,0.0024,0.0024,0.00489,0.00489,0.45447,0.45447
596146,Max Kepler,ARI,34,145.0,1955.0,633,,projected,unmodeled,,474.0,2025.0,0.19798,0.08794,0.00929,0.00863,0.03228,0.00594,0.04974,0.12923,0.47898,0.02383,0.01442,0.00213,0.00205,0.00485,0.00095,0.00449,0.00717,0.00935,0.00799,0.00623,0.00176,0.00235,0.00185,0.03529,0.77926,0.22645,266.396874375,6.044164062499998,27.2,0.12741,0.11919,0.00957,0.00929,0.11498,0.10756,1.10811,109.0,5.0,1164.9485131249999,1164.9485131249999,0.18808,0.0875,0.00929,0.03115,0.13117,0.05222,0.00912,0.00863,0.48284,0.25002,0.32045,0.28506,0.25002,0.28506,0.00804,0.00627,0.00178,0.22795,109.0,0.93,1.03,1.1,2.07,0.99,0.9,0.965,1.015,1.05,1.535,0.995,0.95,0.18227,0.81773,L,0.20624,0.19614,0.07758,0.09025,0.0105,0.00902,0.02785,0.03327,0.14178,0.12643,0.05195,0.04924,0.00772,0.00555,0.00868,0.00861,0.4677,0.48149
660634,Yonny Hernández,LAD,29,27.0,55.0,150,,floor,floor,1.0,0.0,,0.22327,0.08218,0.01404,0.0115,0.03224,0.0027,0.03184,0.14527,0.45697,0.07875,0.04421,0.01009,0.00914,0.00992,0.00077,0.0064,0.01515,0.01801,0.02528,0.01973,0.00555,0.01002,0.00786,0.10467,0.78061,0.24149,4.384852499999999,0.8874106249999999,,0.13402,0.12246,0.02439,0.02345,0.11761,0.10747,1.13954,119.0,5.0,26.517917499999996,26.517917499999996,0.2255,0.08301,0.01404,0.03594,0.14091,0.03104,0.00221,0.0115,0.45585,0.23569,0.30715,0.27645,0.23569,0.27645,0.02491,0.01944,0.00546,0.23795,119.0,1.23,0.94,0.95,0.64,1.02,1.02,1.115,0.97,0.975,0.82,1.01,1.01,0.26,0.74,S,0.23175,0.22029,0.07988,0.08299,0.01676,0.01308,0.03434,0.0315,0.14969,0.14371,0.02607,0.03386,0.00215,0.00289,0.0165,0.00975,0.44285,0.46193
683002,Gunnar Henderson,BAL,26,702.0,2826.0,1132,,projected,unmodeled,,702.0,2026.0,0.22572,0.09762,0.0096,0.00501,0.03217,0.00593,0.04821,0.14558,0.43015,0.01992,0.01204,0.00181,0.00131,0.00357,0.0005,0.00321,0.00533,0.00653,0.03408,0.02672,0.00736,0.00382,0.00312,0.13482,0.78396,0.2528,461.31770562500003,61.064116874999996,28.2,0.13659,0.10846,0.00754,0.00683,0.13557,0.10765,1.00754,110.0,2.0,1891.8603637499996,1891.8603637499996,0.22572,0.09518,0.0096,0.03362,0.14703,0.04797,0.00617,0.00501,0.42969,0.26375,0.33957,0.31888,0.26375,0.31888,0.03395,0.02662,0.00733,0.25181,110.0,1.09,1.02,0.99,1.08,0.95,1.0,1.045,1.01,0.995,1.04,0.975,1.0,0.30942,0.69058,L,0.23882,0.21986,0.08963,0.1012,0.01035,0.00926,0.02397,0.03585,0.13955,0.14828,0.04182,0.05108,0.00702,0.00544,0.00545,0.00481,0.44338,0.42423
598265,Jackie Bradley Jr.,KC,37,113.0,483.0,0,,floor,floor,1.0,0.0,,0.22156,0.06723,0.00514,0.00098,0.03217,0.00298,0.04355,0.14461,0.48177,0.04914,0.02522,0.00301,0.00132,0.12214,0.00978,0.10568,0.18647,0.22858,0.01749,0.01357,0.00393,0.00633,0.00494,0.08063,0.77548,0.21698,37.114644375,2.2185265624999997,,0.09351,0.09324,0.01382,0.0138,0.0976,0.09732,0.95808,118.0,7.0,223.15767187499998,223.15767187499998,0.20938,0.06723,0.00514,0.0304,0.14606,0.04747,0.00395,0.00098,0.48939,0.24592,0.30025,0.2875,0.24592,0.2875,0.01761,0.01366,0.00395,0.21843,118.0,0.89,1.02,1.18,1.65,1.0,0.89,0.945,1.01,1.09,1.325,1.0,0.945,0.26,0.74,L,0.22922,0.21887,0.07965,0.06286,0.00503,0.00518,0.03862,0.0299,0.14442,0.14468,0.04112,0.04441,0.00288,0.00301,0.00114,0.00093,0.45791,0.49016
682617,Marco Luciano,SF,25,81.0,126.0,150,,floor,floor,1.0,0.0,,0.27919,0.08468,0.00434,0.00268,0.03214,0.00301,0.04031,0.12448,0.42917,0.0725,0.0383,0.00457,0.0036,0.00941,0.00095,0.00777,0.01362,0.01703,0.01991,0.01548,0.00442,0.00767,0.006,0.09324,0.77783,0.2135,15.475949999999997,1.1361312499999998,27.5,0.11267,0.08568,0.01864,0.01651,0.11797,0.08971,0.95503,137.0,2.0,73.23440624999999,73.23440624999999,0.27361,0.08256,0.00434,0.02876,0.12573,0.04112,0.00364,0.00268,0.43756,0.21885,0.28615,0.28038,0.21885,0.28038,0.01983,0.01542,0.0044,0.21263,137.0,0.79,1.02,1.04,1.42,0.95,0.96,0.895,1.01,1.02,1.21,0.975,0.98,0.27402,0.72598,R,0.23917,0.2943,0.08374,0.08503,0.00454,0.00427,0.03442,0.03127,0.13185,0.1217,0.04428,0.03881,0.00251,0.00319,0.0028,0.00264,0.45669,0.41878
669699,Braden Shewmake,MIL,29,91.0,162.0,450,,projected,unmodeled,,91.0,2026.0,0.19294,0.04887,0.0037,0.01881,0.03211,0.00583,0.05286,0.13187,0.51301,0.05651,0.02628,0.00389,0.00872,0.00546,0.00069,0.00523,0.00842,0.01092,0.02671,0.02087,0.00584,0.00791,0.00623,0.14481,0.78152,0.18444,17.28475,4.534749999999999,28.2,0.12665,0.11794,0.01989,0.01928,0.1129,0.10513,1.12178,158.0,6.0,118.49637499999999,118.49637499999999,0.20355,0.05034,0.0037,0.03259,0.12923,0.04969,0.00539,0.01881,0.50669,0.23395,0.27094,0.26673,0.23395,0.26673,0.02654,0.02074,0.0058,0.18327,158.0,1.03,0.96,0.88,0.85,1.06,1.11,1.015,0.98,0.94,0.925,1.03,1.055,0.20391,0.79609,L,0.19293,0.19294,0.04373,0.05019,0.00184,0.00418,0.03311,0.03185,0.12861,0.13271,0.05959,0.05113,0.00938,0.00492,0.02749,0.01659,0.50334,0.51548
570731,Jonathan Schoop,DET,35,151.0,661.0,0,,floor,floor,1.0,0.0,,0.21991,0.05846,0.00931,0.00884,0.0321,0.00297,0.04345,0.14428,0.48068,0.04377,0.02111,0.00352,0.00344,0.12186,0.00976,0.10544,0.18605,0.22806,0.014,0.01095,0.00305,0.00511,0.00401,0.06604,0.78206,0.21205,56.3505746875,2.2185265624999997,,0.11726,0.09492,0.01435,0.01307,0.11681,0.09455,1.00391,116.0,6.0,305.11265312499995,305.11265312499995,0.21771,0.05817,0.00931,0.03226,0.14356,0.04215,0.00372,0.00884,0.48429,0.24,0.28916,0.28117,0.24,0.28117,0.01394,0.0109,0.00304,0.21103,116.0,1.01,0.99,0.94,1.5,0.99,0.98,1.005,0.995,0.97,1.25,0.995,0.99,0.26,0.74,R,0.22025,0.21979,0.07168,0.05381,0.00835,0.00964,0.03076,0.03257,0.15302,0.14121,0.04351,0.04343,0.00288,0.00301,0.01393,0.00706,0.45562,0.48948
693049,Oscar Colás,CWS,28,38.0,301.0,150,,floor,floor,1.0,0.0,,0.25132,0.06594,0.01022,0.0067,0.0321,0.00208,0.03069,0.14573,0.4552,0.05715,0.02784,0.00515,0.00417,0.01018,0.00079,0.00621,0.01466,0.01807,0.0229,0.01771,0.00518,0.00727,0.00566,0.10318,0.77357,0.2219,36.26408125,4.268168749999999,26.6,0.11121,0.09522,0.01572,0.01469,0.12189,0.10437,0.91233,145.0,2.0,160.62439374999997,160.62439374999997,0.24881,0.06693,0.01022,0.03178,0.145,0.02993,0.00176,0.0067,0.45887,0.22755,0.28563,0.27801,0.22755,0.27801,0.02292,0.01773,0.00519,0.22216,145.0,0.98,0.99,0.95,0.69,1.03,0.98,0.99,0.995,0.975,0.845,1.015,0.99,0.23529,0.76471,L,0.24266,0.25398,0.06964,0.06481,0.01073,0.01007,0.03403,0.03151,0.13696,0.14843,0.03472,0.02945,0.00232,0.00201,0.00764,0.00641,0.46129,0.45333
593871,Jorge Polanco,NYM,33,145.0,1926.0,876,,projected,unmodeled,,524.0,2025.0,0.22455,0.09626,0.00593,0.00725,0.03208,0.00311,0.05017,0.12345,0.45719,0.02494,0.01501,0.00171,0.00189,0.00399,0.00031,0.00391,0.00583,0.00742,0.01302,0.01007,0.00296,0.00295,0.00231,0.05772,0.77296,0.22564,267.30556687499995,14.937506874999999,26.1,0.10844,0.11961,0.00855,0.00892,0.10542,0.11627,1.02866,121.0,5.0,1166.3616328125,1166.3616328125,0.22792,0.09963,0.00593,0.03224,0.12098,0.04842,0.00279,0.00725,0.45484,0.23042,0.30998,0.2746,0.23042,0.2746,0.01308,0.01011,0.00297,0.22654,121.0,1.01,0.96,0.93,0.79,1.07,1.03,1.005,0.98,0.965,0.895,1.035,1.015,0.24514,0.75486,S,0.2058,0.23064,0.06442,0.1066,0.0055,0.00607,0.0257,0.03415,0.15074,0.11459,0.05229,0.04949,0.00446,0.00267,0.00704,0.00732,0.48406,0.44846
668853,Austin Shenton,TB,29,50.0,50.0,300,,floor,floor,1.0,0.0,,0.23636,0.10236,0.00688,0.00425,0.03205,0.00135,0.03628,0.1326,0.44785,0.07904,0.04801,0.00722,0.00569,0.00679,0.00023,0.00461,0.0098,0.01195,0.0183,0.01427,0.00403,0.00849,0.00664,0.07567,0.77964,0.24184,6.755374999999999,0.0,25.2,0.10727,0.10315,0.01991,0.01957,0.11175,0.10746,0.95991,139.0,5.0,30.706249999999997,30.706249999999997,0.23991,0.09724,0.00688,0.03286,0.13061,0.03574,0.00138,0.00425,0.45113,0.22496,0.30471,0.27102,0.22496,0.27102,0.01776,0.01385,0.00391,0.23474,139.0,1.05,0.97,0.97,1.04,0.9,1.03,1.025,0.985,0.985,1.02,0.95,1.015,0.212,0.788,L,0.23914,0.23562,0.10601,0.10138,0.00496,0.0074,0.03414,0.03149,0.13385,0.13226,0.0289,0.03827,0.0006,0.00155,0.00302,0.00459,0.44938,0.44744
663584,Hayden Senger,NYM,30,17.0,95.0,450,,projected,unmodeled,,78.0,2025.0,0.2435,0.06226,0.01083,0.00887,0.03203,0.00187,0.0327,0.14009,0.46784,0.06985,0.03348,0.0078,0.00707,0.00545,0.00024,0.00384,0.00764,0.0096,0.01621,0.01264,0.00357,0.0072,0.00564,0.07606,0.77964,0.21318,11.559999999999999,0.0,26.6,0.11655,0.10167,0.02036,0.01917,0.11331,0.09884,1.02866,121.0,6.0,56.355,56.355,0.24716,0.06444,0.01083,0.03219,0.13729,0.03155,0.00168,0.00887,0.46599,0.22133,0.27798,0.2679,0.22133,0.2679,0.01617,0.0126,0.00356,0.21256,121.0,1.01,0.96,0.93,0.79,1.07,1.03,1.005,0.98,0.965,0.895,1.035,1.015,0.24068,0.75932,R,0.25738,0.2391,0.05278,0.06526,0.01161,0.01058,0.03797,0.03015,0.13574,0.14147,0.02832,0.03408,0.00116,0.0021,0.01142,0.00807,0.46363,0.46918
686531,Andre Lipcius,DET,29,38.0,38.0,150,,floor,floor,1.0,0.0,,0.22091,0.08372,0.00759,0.00469,0.03202,0.0019,0.03951,0.14258,0.46709,0.08061,0.04581,0.00795,0.00626,0.01015,0.00047,0.00802,0.01516,0.01854,0.02016,0.01572,0.00444,0.00879,0.00688,0.0862,0.77964,0.23389,5.742068749999999,0.0,,0.11591,0.11408,0.02164,0.02149,0.11546,0.11364,1.00391,116.0,5.0,19.836237499999996,19.836237499999996,0.2187,0.0833,0.00759,0.03218,0.14187,0.03833,0.00237,0.00469,0.47098,0.23745,0.30564,0.27936,0.23745,0.27936,0.02006,0.01564,0.00442,0.23275,116.0,1.01,0.99,0.94,1.5,0.99,0.98,1.005,0.995,0.97,1.25,0.995,0.99,0.26,0.74,R,0.21935,0.22145,0.08603,0.0829,0.00578,0.00822,0.03253,0.03184,0.14305,0.14242,0.0375,0.04022,0.00114,0.00216,0.00355,0.00509,0.47107,0.46569
664314,Estevan Florial,CLE,29,111.0,217.0,150,,floor,floor,1.0,0.0,,0.28848,0.09153,0.01648,0.00523,0.03193,0.00623,0.05402,0.09258,0.41353,0.06486,0.03514,0.00738,0.00418,0.0093,0.00161,0.00872,0.01009,0.015,0.02635,0.02059,0.00576,0.00787,0.0062,0.13136,0.78127,0.20059,24.078305937499998,4.2958043749999995,28.7,0.10183,0.10067,0.0163,0.01622,0.10845,0.10721,0.93896,114.0,6.0,120.76000468749999,120.76000468749999,0.29569,0.09153,0.01648,0.03081,0.09258,0.0551,0.00504,0.00523,0.40754,0.20697,0.29154,0.27258,0.20697,0.27258,0.02635,0.02059,0.00576,0.20059,114.0,0.93,1.0,1.04,0.62,1.0,1.05,0.965,1.0,1.02,0.81,1.0,1.025,0.21222,0.78778,L,0.28987,0.2881,0.09128,0.0916,0.02063,0.01537,0.03702,0.03056,0.07528,0.09724,0.06952,0.04984,0.00645,0.00616,0.00436,0.00546,0.4056,0.41567
666969,Adolis García,PHI,34,259.0,2732.0,950,,projected,unmodeled,,547.0,2025.0,0.27343,0.07284,0.00992,0.01015,0.03191,0.00185,0.04342,0.12294,0.43354,0.02281,0.01132,0.00187,0.00189,0.00363,0.00015,0.00334,0.00545,0.00671,0.02579,0.02016,0.00563,0.0035,0.00282,0.12538,0.78157,0.2057,328.77888968749994,43.63342718749999,26.5,0.12361,0.13969,0.00791,0.00833,0.11795,0.13329,1.04798,143.0,4.0,1627.9774653125,1627.9774653125,0.2789,0.07102,0.00992,0.03414,0.12417,0.04299,0.00189,0.01015,0.42682,0.22355,0.28412,0.2837,0.22355,0.2837,0.02572,0.0201,0.00562,0.20511,143.0,1.14,1.02,0.98,1.04,0.95,1.04,1.07,1.01,0.99,1.02,0.975,1.02,0.25989,0.74011,R,0.26759,0.27548,0.09202,0.0661,0.00657,0.0111,0.03281,0.03159,0.11854,0.12449,0.04551,0.04269,0.00173,0.00189,0.00905,0.01054,0.42618,0.43612
664056,Harrison Bader,SF,33,111.0,1706.0,796,,projected,unmodeled,,501.0,2025.0,0.23278,0.0599,0.01506,0.00927,0.03191,0.00283,0.04926,0.13521,0.46379,0.02659,0.01271,0.00288,0.00227,0.00436,0.00036,0.00439,0.00617,0.00785,0.04057,0.0313,0.00927,0.00493,0.00395,0.19305,0.77155,0.21016,233.62427437499997,49.23837499999999,27.5,0.10949,0.10146,0.00863,0.00835,0.11464,0.10624,0.95503,137.0,5.0,1043.1450378124998,1043.1450378124998,0.22813,0.0584,0.01506,0.02856,0.13656,0.05024,0.00342,0.00927,0.47036,0.23852,0.29224,0.28796,0.23852,0.28796,0.04054,0.03128,0.00926,0.21002,137.0,0.79,1.02,1.04,1.42,0.95,0.96,0.895,1.01,1.02,1.21,0.975,0.98,0.30905,0.69095,R,0.24398,0.22778,0.07262,0.05421,0.01354,0.01574,0.03566,0.03024,0.12021,0.14192,0.05196,0.04804,0.00363,0.00247,0.01198,0.00806,0.44642,0.47156
656024,Carlos Pérez,CWS,30,53.0,71.0,0,,floor,floor,1.0,0.0,,0.21323,0.0778,0.00593,0.00366,0.03191,0.00295,0.0432,0.14344,0.47787,0.0748,0.04164,0.00623,0.0049,0.12115,0.0097,0.10483,0.18496,0.22673,0.01996,0.01556,0.0044,0.0087,0.0068,0.08785,0.77964,0.22717,4.698056249999999,0.0,,0.10681,0.09796,0.01944,0.01872,0.11708,0.10738,0.91233,145.0,5.0,27.666331249999995,27.666331249999995,0.2111,0.07897,0.00593,0.03159,0.14272,0.04212,0.0025,0.00366,0.48141,0.2402,0.30383,0.28013,0.2402,0.28013,0.02,0.01559,0.00441,0.22762,145.0,0.98,0.99,0.95,0.69,1.03,0.98,0.99,0.995,0.975,0.845,1.015,0.99,0.26,0.74,R,0.20167,0.2173,0.0777,0.07784,0.00374,0.00669,0.03496,0.03084,0.15119,0.14072,0.04088,0.04401,0.00257,0.00309,0.00229,0.00414,0.485,0.47536
677592,Everson Pereira,STL,26,111.0,287.0,300,,projected,unmodeled,,111.0,2026.0,0.31529,0.07578,0.02151,0.00696,0.03186,0.00199,0.038,0.11286,0.39575,0.05698,0.02763,0.00756,0.00433,0.00649,0.00027,0.00516,0.00873,0.01107,0.02203,0.01728,0.00475,0.00678,0.00535,0.10483,0.78437,0.21016,40.232625,4.383024999999999,27.6,0.0983,0.1074,0.01459,0.01517,0.10169,0.1111,0.96671,138.0,6.0,200.85914375,200.85914375,0.3011,0.07351,0.02151,0.02804,0.11681,0.03933,0.00169,0.00696,0.41105,0.20698,0.2809,0.27745,0.20698,0.27745,0.02221,0.01742,0.00479,0.21183,138.0,0.76,1.07,1.07,0.7,0.94,0.91,0.88,1.035,1.035,0.85,0.97,0.955,0.34375,0.65625,R,0.33327,0.30587,0.07913,0.07403,0.01855,0.02307,0.03614,0.02962,0.12222,0.10796,0.03728,0.03838,0.00208,0.00195,0.00537,0.00779,0.36596,0.41135
672478,Jordan Diaz,OAK,26,293.0,344.0,0,,floor,floor,1.0,0.0,,0.22288,0.06614,0.00919,0.00366,0.03185,0.00295,0.04312,0.14318,0.47702,0.05333,0.02711,0.00463,0.00293,0.12093,0.00969,0.10464,0.18463,0.22632,0.01335,0.01038,0.00297,0.00561,0.00438,0.06112,0.77761,0.21851,37.166844999999995,0.5220062499999999,,0.09905,0.10571,0.0151,0.01554,0.10272,0.10964,0.9642,133.0,6.0,175.57680218749996,175.57680218749996,0.21285,0.06978,0.00919,0.03743,0.1482,0.04657,0.00246,0.00366,0.46986,0.2558,0.31363,0.29566,0.2558,0.29566,0.01388,0.0108,0.00309,0.22716,133.0,1.35,1.07,1.16,0.67,1.11,0.91,1.175,1.035,1.08,0.835,1.055,0.955,0.26,0.74,R,0.22156,0.22334,0.06389,0.06693,0.00891,0.00928,0.02916,0.0328,0.14165,0.14372,0.04699,0.04176,0.00309,0.0029,0.0034,0.00376,0.48134,0.4755
679822,Justin Foscue,TEX,28,247.0,300.0,450,,projected,unmodeled,,247.0,2026.0,0.25684,0.0703,0.01288,0.00409,0.03185,0.00147,0.04672,0.12617,0.44968,0.05014,0.02498,0.00578,0.00327,0.00534,0.00018,0.00489,0.00799,0.01003,0.01066,0.00831,0.00235,0.0046,0.0036,0.05091,0.77964,0.20935,50.29237499999999,0.0,27.6,0.10661,0.11754,0.01429,0.01491,0.11298,0.12457,0.94359,140.0,5.0,236.9715,236.9715,0.25813,0.06819,0.01288,0.03074,0.12365,0.04508,0.00135,0.00409,0.4559,0.21951,0.28188,0.2717,0.21951,0.2717,0.01042,0.00813,0.0023,0.20472,140.0,0.93,0.96,0.93,0.83,0.94,1.01,0.965,0.98,0.965,0.915,0.97,1.005,0.482,0.518,R,0.24179,0.27084,0.07924,0.06197,0.01418,0.01168,0.03538,0.02857,0.13717,0.11594,0.05569,0.03837,0.00169,0.00127,0.00329,0.00483,0.43158,0.46652
671117,Darren Baker,WSH,28,14.0,14.0,300,,floor,floor,1.0,0.0,,0.22228,0.07796,0.00952,0.00588,0.03179,0.0024,0.05582,0.1278,0.46654,0.08486,0.04658,0.00996,0.00785,0.00774,0.00036,0.00767,0.00996,0.01327,0.0,0.0,0.0,3e-05,2e-05,0.0,0.7835,0.21528,0.0,0.0,,0.11514,0.10932,,,0.11598,0.11011,,,,,,0.22228,0.07796,0.00952,0.03179,0.1278,0.05582,0.0024,0.00588,0.46654,0.24025,0.3053,0.28506,0.24025,0.28506,0.0,0.0,0.0,0.21528,,1.0,1.0,1.0,1.0,1.0,1.0,1.0,1.0,1.0,1.0,1.0,1.0,0.24299,0.75701,L,0.22228,0.22228,0.07796,0.07796,0.00952,0.00952,0.03179,0.03179,0.1278,0.1278,0.05582,0.05582,0.0024,0.0024,0.00588,0.00588,0.46654,0.46654
677941,Jordyn Adams,BAL,27,5.0,83.0,300,,floor,floor,1.0,5.0,2025.0,0.26695,0.06973,0.00549,0.00953,0.03179,0.00448,0.03218,0.13632,0.44353,0.07739,0.03793,0.00577,0.00759,0.00688,0.00109,0.00457,0.00996,0.012,0.03022,0.0235,0.00672,0.00966,0.00756,0.14285,0.77753,0.21154,8.751281249999998,2.7942687499999996,29.7,0.1002,0.09651,0.01823,0.01793,0.11011,0.10606,0.90997,108.0,6.0,44.217,44.217,0.27496,0.06938,0.00549,0.03179,0.13632,0.03057,0.00415,0.00953,0.43782,0.22152,0.27769,0.28091,0.22152,0.28091,0.03017,0.02346,0.00671,0.21119,108.0,1.0,1.0,0.9,0.85,0.99,1.06,1.0,1.0,0.95,0.925,0.995,1.03,0.26749,0.73251,R,0.27824,0.26283,0.06479,0.07154,0.00336,0.00627,0.03361,0.03112,0.12888,0.13904,0.02806,0.03368,0.00536,0.00416,0.01248,0.00845,0.44522,0.44292
678662,Ezequiel Tovar,COL,25,506.0,2241.0,915,,projected,unmodeled,,506.0,2026.0,0.26423,0.04847,0.00512,0.00886,0.03178,0.00436,0.04756,0.14454,0.44508,0.02363,0.0098,0.00148,0.00194,0.00392,0.00042,0.00354,0.0064,0.00758,0.02065,0.01588,0.00477,0.0033,0.0026,0.10422,0.7691,0.19813,286.04968718749996,28.537474999999993,28.0,0.11605,0.10041,0.00758,0.00712,0.12272,0.10619,0.9456,115.0,2.0,1475.2554046874998,1475.2554046874998,0.25101,0.0475,0.00512,0.03305,0.15538,0.05303,0.00685,0.00886,0.4392,0.26457,0.30093,0.32891,0.26457,0.32891,0.02168,0.01667,0.00501,0.20801,115.0,1.08,1.15,1.23,2.14,0.96,0.9,1.04,1.075,1.115,1.57,0.98,0.95,0.29034,0.70966,R,0.28778,0.25459,0.06616,0.04123,0.00504,0.00516,0.03328,0.03117,0.1384,0.14705,0.04586,0.04825,0.00297,0.00493,0.00707,0.00959,0.41345,0.45803
678225,Jihwan Bae,MIL,27,4.0,518.0,300,,projected,unmodeled,,25.0,2025.0,0.24935,0.08474,0.00986,0.00594,0.03178,0.00428,0.03889,0.12593,0.44922,0.04713,0.02582,0.00404,0.00314,0.00653,0.00075,0.00528,0.00843,0.01109,0.06249,0.04853,0.01396,0.0092,0.00735,0.28336,0.77664,0.22053,66.65026374999998,27.0828221875,29.0,0.13279,0.09395,0.01498,0.0129,0.14119,0.0999,0.9405,134.0,2.0,277.8880403124999,277.8880403124999,0.2481,0.08432,0.00986,0.02908,0.12782,0.04219,0.00368,0.00594,0.449,0.22534,0.29695,0.27894,0.22534,0.27894,0.06291,0.04886,0.01405,0.222,134.0,0.83,1.03,1.17,0.72,0.99,0.99,0.915,1.015,1.085,0.86,0.995,0.995,0.20968,0.79032,L,0.25394,0.24813,0.07131,0.0883,0.00942,0.00997,0.03844,0.03001,0.14425,0.12107,0.03632,0.03957,0.00356,0.00447,0.00638,0.00582,0.43637,0.45264
686797,Brooks Lee,MIN,26,631.0,1343.0,749,,projected,unmodeled,,631.0,2026.0,0.16985,0.06108,0.00625,0.00742,0.03175,0.00201,0.03821,0.15174,0.53169,0.02375,0.0129,0.00209,0.00227,0.00462,0.00028,0.00369,0.00736,0.00887,0.01559,0.01205,0.00354,0.00339,0.00266,0.07119,0.77271,0.21907,225.65587499999998,15.782374999999998,26.3,0.10348,0.12747,0.00868,0.0095,0.10353,0.12754,0.99946,142.0,5.0,1030.720625,1030.720625,0.1673,0.06047,0.00625,0.0308,0.15401,0.04089,0.00196,0.00742,0.5309,0.24589,0.29439,0.2705,0.24589,0.2705,0.01571,0.01214,0.00357,0.22074,142.0,0.94,1.03,1.14,0.95,0.98,0.97,0.97,1.015,1.07,0.975,0.99,0.985,0.31692,0.68308,S,0.2184,0.14732,0.05478,0.06401,0.01082,0.00413,0.0228,0.03591,0.15972,0.14803,0.03857,0.03805,0.0011,0.00243,0.00696,0.00763,0.48685,0.55249
807726,John Peck,DET,24,80.0,80.0,150,,projected,unmodeled,,80.0,2026.0,0.21367,0.09593,0.01809,0.00971,0.03169,0.00134,0.034,0.14296,0.45261,0.06727,0.04114,0.0105,0.00773,0.01069,0.00029,0.00812,0.01548,0.01868,0.03829,0.0299,0.00839,0.01111,0.00875,0.14899,0.78098,0.25698,17.849999999999998,5.1,27.6,0.09803,0.10711,0.0182,0.01893,0.09765,0.10669,1.00391,116.0,6.0,68.0,68.0,0.21153,0.09545,0.01809,0.03184,0.14224,0.03298,0.00168,0.00971,0.45647,0.23809,0.32229,0.2793,0.23809,0.2793,0.03811,0.02976,0.00835,0.25579,116.0,1.01,0.99,0.94,1.5,0.99,0.98,1.005,0.995,0.97,1.25,0.995,0.99,0.27857,0.72143,R,0.23284,0.20627,0.08684,0.09944,0.01361,0.01982,0.03285,0.03124,0.15571,0.13804,0.03481,0.03369,0.00137,0.00133,0.00815,0.01031,0.43381,0.45987
668227,Randy Arozarena,SEA,32,670.0,3326.0,1045,,projected,unmodeled,,709.0,2025.0,0.24373,0.09945,0.0308,0.00603,0.03162,0.00246,0.04628,0.12501,0.41462,0.01944,0.01153,0.00296,0.00133,0.00362,0.00024,0.00344,0.00491,0.00617,0.04849,0.03726,0.01124,0.00406,0.00333,0.18998,0.7683,0.25526,557.3926371875,110.28348374999999,27.1,0.13476,0.11195,0.007,0.00647,0.13842,0.11498,0.97362,136.0,3.0,2107.2875140624997,2107.2875140624997,0.26323,0.09746,0.0308,0.0313,0.11939,0.04281,0.00172,0.00603,0.40726,0.22551,0.32348,0.28699,0.22551,0.28699,0.04705,0.03615,0.0109,0.24764,136.0,0.98,0.91,0.85,0.4,0.96,1.16,0.99,0.955,0.925,0.7,0.98,1.08,0.28469,0.71531,R,0.22748,0.2502,0.09605,0.1008,0.01747,0.0361,0.03997,0.0283,0.12786,0.12388,0.04845,0.04542,0.0024,0.00249,0.00672,0.00576,0.43359,0.40707
677951,Bobby Witt Jr.,KC,27,632.0,3354.0,1282,,projected,unmodeled,,687.0,2025.0,0.17788,0.07687,0.00871,0.00948,0.03162,0.0088,0.06346,0.1583,0.46487,0.0173,0.01026,0.00159,0.00165,0.00329,0.00079,0.00369,0.00565,0.00681,0.07226,0.05686,0.01539,0.00466,0.00399,0.29628,0.78696,0.24388,520.0009353124999,155.2403715625,30.1,0.1478,0.12434,0.0072,0.0067,0.15427,0.12978,0.95808,118.0,3.0,2111.6662199999996,2111.6662199999996,0.1681,0.07687,0.00871,0.02988,0.15988,0.06918,0.01166,0.00948,0.46624,0.29902,0.35618,0.34049,0.29902,0.34049,0.07272,0.05723,0.01549,0.24546,118.0,0.89,1.02,1.18,1.65,1.0,0.89,0.945,1.01,1.09,1.325,1.0,0.945,0.2298,0.7702,R,0.17907,0.17753,0.08013,0.0759,0.0067,0.0093,0.02525,0.03353,0.16286,0.15694,0.06549,0.06286,0.00845,0.0089,0.00792,0.00995,0.46415,0.46509
571912,Luke Maile,KC,36,48.0,661.0,300,,projected,unmodeled,,54.0,2025.0,0.27089,0.08654,0.0174,0.00614,0.03161,0.00068,0.02982,0.12715,0.42976,0.04362,0.02349,0.0048,0.00287,0.00657,0.0001,0.00452,0.00943,0.01158,0.01166,0.0091,0.00255,0.00436,0.00342,0.05044,0.78088,0.2311,84.36371656249999,3.5167687499999998,24.7,0.08754,0.09561,0.01157,0.01203,0.09138,0.0998,0.95808,118.0,7.0,369.67278812499995,369.67278812499995,0.25599,0.08654,0.0174,0.02987,0.12843,0.0325,0.00091,0.00614,0.44222,0.21542,0.29565,0.26792,0.21542,0.26792,0.01172,0.00915,0.00257,0.23237,118.0,0.89,1.02,1.18,1.65,1.0,0.89,0.945,1.01,1.09,1.325,1.0,0.945,0.32675,0.67325,R,0.25146,0.28032,0.08536,0.08711,0.00935,0.02131,0.03635,0.0293,0.13124,0.12517,0.03274,0.0284,0.00077,0.00064,0.00951,0.00451,0.44323,0.42322
518586,Charlie Culberson,ATL,38,1.0,125.0,0,,floor,floor,1.0,0.0,,0.23178,0.06869,0.00437,0.0027,0.0316,0.00293,0.04277,0.14202,0.47315,0.07197,0.03672,0.00459,0.00361,0.11995,0.00961,0.10379,0.18313,0.22449,0.02455,0.01904,0.00551,0.00872,0.0068,0.11414,0.77548,0.21508,11.536338124999999,2.2185265624999997,,0.11797,0.10303,0.01954,0.01843,0.12503,0.10919,0.94359,140.0,2.0,55.01945874999999,55.01945874999999,0.23294,0.06663,0.00437,0.03049,0.13918,0.04128,0.00268,0.0027,0.47974,0.23062,0.28462,0.27627,0.23062,0.27627,0.02399,0.0186,0.00539,0.21018,140.0,0.93,0.96,0.93,0.83,0.94,1.01,0.965,0.98,0.965,0.915,0.97,1.005,0.26,0.74,R,0.22922,0.23268,0.06138,0.07126,0.00405,0.00448,0.02567,0.03368,0.15055,0.13902,0.04772,0.04103,0.00281,0.00297,0.00256,0.00274,0.47603,0.47213
699013,Esmerlyn Valdez,PIT,23,287.0,287.0,300,,projected,unmodeled,,287.0,2026.0,0.33172,0.12841,0.00516,0.00968,0.03157,0.00418,0.03172,0.09976,0.35779,0.054,0.03266,0.00374,0.0051,0.00645,0.00072,0.00525,0.00822,0.01013,0.01362,0.01057,0.00305,0.00529,0.00413,0.05838,0.77634,0.23333,56.949999999999996,0.85,28.1,0.11819,0.12802,0.0148,0.01531,0.12567,0.13612,0.9405,134.0,4.0,243.95,243.95,0.33007,0.12777,0.00516,0.02889,0.10126,0.03442,0.00359,0.00968,0.35917,0.19612,0.30108,0.2794,0.19612,0.2794,0.01367,0.01061,0.00306,0.23419,134.0,0.83,1.03,1.17,0.72,0.99,0.99,0.915,1.015,1.085,0.86,0.995,0.995,0.3347,0.6653,R,0.29882,0.34828,0.14608,0.11952,0.00472,0.00539,0.03618,0.02925,0.08908,0.10514,0.03494,0.0301,0.00552,0.0035,0.00642,0.01132,0.37824,0.34751
542194,Christian Bethancourt,CHC,35,147.0,812.0,450,,floor,floor,1.0,0.0,,0.24916,0.04625,0.00437,0.00398,0.03153,0.00195,0.03922,0.14304,0.48051,0.04068,0.01682,0.00221,0.00211,0.00544,0.00026,0.00461,0.00835,0.01021,0.01594,0.01248,0.00346,0.0048,0.00378,0.08233,0.78288,0.19365,73.163781875,5.026613124999999,27.5,0.13531,0.12045,0.01468,0.01396,0.12198,0.10858,1.10928,112.0,5.0,411.3363190624999,411.3363190624999,0.2504,0.04671,0.00437,0.03248,0.14161,0.03549,0.00215,0.00398,0.48281,0.22407,0.26281,0.27075,0.22407,0.27075,0.01586,0.01242,0.00344,0.19268,112.0,1.06,0.98,0.81,1.21,1.02,1.01,1.03,0.99,0.905,1.105,1.01,1.005,0.29683,0.70317,R,0.24378,0.25143,0.05847,0.04108,0.00549,0.00389,0.03197,0.03135,0.13959,0.14449,0.04018,0.03881,0.00224,0.00183,0.00425,0.00387,0.47401,0.48325
805805,Walker Jenkins,MIN,22,93.0,93.0,0,,projected,unmodeled,,93.0,2026.0,0.21472,0.08052,0.01095,0.0032,0.03151,0.00292,0.04266,0.14164,0.47188,0.06527,0.03682,0.00789,0.00428,0.11963,0.00958,0.10351,0.18264,0.22389,0.02317,0.01801,0.00516,0.00847,0.00662,0.09938,0.77728,0.23311,17.849999999999998,1.7,27.7,0.12643,0.11092,0.01989,0.01879,0.1265,0.11098,0.99946,142.0,3.0,79.05,79.05,0.2115,0.07971,0.01095,0.03057,0.14377,0.04564,0.00284,0.0032,0.47181,0.2459,0.31349,0.28951,0.2459,0.28951,0.0233,0.01811,0.00519,0.23443,142.0,0.94,1.03,1.14,0.95,0.98,0.97,0.97,1.015,1.07,0.975,0.99,0.985,0.2628,0.7372,L,0.23508,0.20747,0.07551,0.0823,0.01353,0.01003,0.02433,0.03407,0.14125,0.14178,0.04294,0.04256,0.00303,0.00288,0.00334,0.00314,0.46098,0.47576
408234,Miguel Cabrera,DET,44,370.0,803.0,0,,floor,floor,1.0,0.0,,0.2179,0.0764,0.00668,0.00969,0.03145,0.00291,0.04258,0.14138,0.47101,0.03986,0.02183,0.00274,0.00329,0.11941,0.00957,0.10332,0.18231,0.22348,0.00778,0.00607,0.00171,0.00333,0.00261,0.03465,0.78013,0.22445,101.50411531249998,0.44370531249999995,,0.08547,0.11401,0.01158,0.01317,0.08514,0.11356,1.00391,116.0,7.0,385.2667128124999,385.2667128124999,0.21572,0.07601,0.00668,0.03161,0.14068,0.0413,0.00364,0.00969,0.47467,0.23934,0.29992,0.28111,0.23934,0.28111,0.00774,0.00604,0.0017,0.22337,116.0,1.01,0.99,0.94,1.5,0.99,0.98,1.005,0.995,0.97,1.25,0.995,0.99,0.26,0.74,R,0.22117,0.21675,0.09478,0.06994,0.00692,0.00659,0.03174,0.03135,0.14268,0.14093,0.04291,0.04246,0.00348,0.00271,0.01034,0.00946,0.44598,0.47981
656821,Kevin Padlo,LAA,30,8.0,42.0,0,,floor,floor,1.0,0.0,,0.22416,0.07471,0.00734,0.00453,0.03145,0.00291,0.04257,0.14137,0.47096,0.08122,0.04359,0.00769,0.00606,0.1194,0.00956,0.10331,0.18229,0.22345,0.02073,0.01617,0.00457,0.00901,0.00705,0.09281,0.77964,0.22341,1.7748212499999998,0.0,,0.10324,0.10574,0.02005,0.02026,0.10977,0.11243,0.9405,134.0,5.0,15.085980624999998,15.085980624999998,0.22304,0.07434,0.00734,0.02878,0.14349,0.04619,0.0025,0.00453,0.4698,0.24181,0.30263,0.29032,0.24181,0.29032,0.0209,0.01629,0.0046,0.22516,134.0,0.83,1.03,1.17,0.72,0.99,0.99,0.915,1.015,1.085,0.86,0.995,0.995,0.26,0.74,R,0.22416,0.22416,0.07471,0.07471,0.00734,0.00734,0.03145,0.03145,0.14137,0.14137,0.04257,0.04257,0.00291,0.00291,0.00453,0.00453,0.47096,0.47096
622666,Johan Camargo,SF,33,20.0,186.0,0,,floor,floor,1.0,0.0,,0.22163,0.08016,0.00712,0.00208,0.03144,0.00291,0.04256,0.14131,0.47079,0.06511,0.03624,0.00515,0.00279,0.11935,0.00956,0.10327,0.18222,0.22337,0.0159,0.0124,0.0035,0.007,0.00548,0.06956,0.77964,0.22859,19.0793284375,0.0,,0.10304,0.1103,0.01886,0.01944,0.09833,0.10525,1.04798,143.0,6.0,73.655081875,73.655081875,0.22607,0.07815,0.00712,0.03364,0.14273,0.04213,0.00297,0.00208,0.46511,0.24267,0.30675,0.28767,0.24267,0.28767,0.01586,0.01237,0.00349,0.228,143.0,1.14,1.02,0.98,1.04,0.95,1.04,1.07,1.01,0.99,1.02,0.975,1.02,0.26,0.74,S,0.23514,0.21689,0.08092,0.07989,0.00705,0.00715,0.03279,0.03096,0.13148,0.14477,0.04314,0.04235,0.00291,0.00291,0.00208,0.00208,0.46449,0.473
608348,Carson Kelly,CHC,32,425.0,1664.0,693,,projected,unmodeled,,425.0,2026.0,0.18915,0.09259,0.01083,0.00605,0.03139,0.00152,0.03485,0.14329,0.49033,0.02411,0.01519,0.00248,0.00186,0.00453,0.00014,0.00315,0.00711,0.00845,0.00502,0.00391,0.00111,0.00192,0.0015,0.02036,0.77948,0.24672,279.1164921875,3.7044168749999997,25.9,0.12194,0.1237,0.00965,0.00971,0.10993,0.11152,1.10928,112.0,5.0,1093.5382493749999,1093.5382493749999,0.19009,0.09351,0.01083,0.03233,0.14186,0.03154,0.00168,0.00605,0.4921,0.23315,0.31176,0.26242,0.23315,0.26242,0.00501,0.00391,0.00111,0.24621,112.0,1.06,0.98,0.81,1.21,1.02,1.01,1.03,0.99,0.905,1.105,1.01,1.005,0.26711,0.73289,R,0.19504,0.187,0.10346,0.08863,0.00626,0.0125,0.03715,0.02929,0.14364,0.14317,0.04244,0.03208,0.00211,0.00131,0.00539,0.00629,0.46452,0.49973
572138,Jon Singleton,HOU,35,9.0,519.0,400,,floor,floor,1.0,9.0,2025.0,0.25167,0.10759,0.00149,0.0076,0.03136,0.00182,0.04204,0.12885,0.42757,0.04559,0.02771,0.00158,0.00355,0.00571,0.00026,0.0046,0.00874,0.01059,0.00782,0.0061,0.00172,0.00379,0.00296,0.03286,0.77964,0.23794,75.26101874999999,0.0,25.9,0.11098,0.10528,0.01401,0.01369,0.11083,0.10513,1.0014,117.0,6.0,303.53128124999995,303.53128124999995,0.26048,0.10813,0.00149,0.0334,0.12692,0.0412,0.00167,0.0076,0.41911,0.23017,0.31281,0.28831,0.23017,0.28831,0.00777,0.00606,0.00171,0.23654,117.0,1.13,0.97,0.96,0.83,1.01,1.07,1.065,0.985,0.98,0.915,1.005,1.035,0.2215,0.7785,L,0.27217,0.24584,0.08882,0.11293,0.00194,0.00137,0.03254,0.03103,0.12437,0.13013,0.04231,0.04197,0.00177,0.00183,0.00589,0.00809,0.43018,0.42682
678545,Osleivis Basabe,SF,26,143.0,237.0,0,,projected,unmodeled,,143.0,2026.0,0.2217,0.07113,0.01544,0.0049,0.03134,0.0029,0.04242,0.14087,0.4693,0.05371,0.02829,0.00691,0.00392,0.11898,0.00953,0.10295,0.18164,0.22266,0.02366,0.01829,0.00537,0.00749,0.00583,0.10405,0.77298,0.22744,35.940124999999995,3.92200625,27.5,0.10928,0.10322,0.01579,0.0154,0.11443,0.10808,0.95503,137.0,5.0,170.6185875,170.6185875,0.21727,0.06935,0.01544,0.02805,0.14228,0.04327,0.00351,0.0049,0.47593,0.2385,0.3019,0.2843,0.2385,0.2843,0.02363,0.01826,0.00536,0.22707,137.0,0.79,1.02,1.04,1.42,0.95,0.96,0.895,1.01,1.02,1.21,0.975,0.98,0.32653,0.67347,R,0.21861,0.2232,0.08268,0.06553,0.01928,0.01358,0.02574,0.03406,0.13441,0.144,0.042,0.04263,0.00299,0.00286,0.00422,0.00523,0.47007,0.46892
605421,Michael Pérez,NYM,34,8.0,140.0,0,,floor,floor,1.0,0.0,,0.22745,0.07929,0.00407,0.00251,0.03133,0.0029,0.04242,0.14084,0.46919,0.06989,0.03835,0.00428,0.00337,0.11895,0.00953,0.10292,0.1816,0.22261,0.01969,0.01536,0.00433,0.00821,0.00643,0.08783,0.78013,0.22419,9.761516874999998,0.44370531249999995,,0.10979,0.1122,0.01975,0.01994,0.10673,0.10907,1.02866,121.0,6.0,58.569101249999996,58.569101249999996,0.23087,0.08206,0.00407,0.03149,0.13802,0.04093,0.0026,0.00251,0.46746,0.23376,0.29916,0.27973,0.23376,0.27973,0.01969,0.01536,0.00433,0.22415,121.0,1.01,0.96,0.93,0.79,1.07,1.03,1.005,0.98,0.965,0.895,1.035,1.015,0.26,0.74,L,0.23511,0.22476,0.07916,0.07933,0.00425,0.004,0.03088,0.03149,0.14304,0.14006,0.04648,0.04099,0.003,0.00287,0.00262,0.00248,0.45546,0.47402
683734,Andrew Vaughn,MIL,29,331.0,2567.0,960,,projected,unmodeled,,447.0,2025.0,0.1914,0.07053,0.01356,0.00776,0.03131,0.00176,0.04364,0.15461,0.48544,0.02059,0.01141,0.00225,0.00171,0.00379,0.00015,0.00342,0.00642,0.00748,0.00196,0.00153,0.00043,0.00105,0.00082,0.00821,0.78099,0.2387,374.46522624999994,1.2282499999999998,25.8,0.119,0.15347,0.00825,0.00921,0.10608,0.13681,1.12178,158.0,4.0,1551.7411671874997,1551.7411671874997,0.20193,0.07265,0.01356,0.03178,0.15151,0.04102,0.00162,0.00776,0.47817,0.24937,0.31214,0.28879,0.24937,0.28879,0.00195,0.00153,0.00043,0.23772,158.0,1.03,0.96,0.88,0.85,1.06,1.11,1.015,0.98,0.94,0.925,1.03,1.055,0.29618,0.70382,R,0.15561,0.20646,0.08436,0.06471,0.00848,0.0157,0.0256,0.03371,0.16703,0.14938,0.05105,0.04052,0.00216,0.00159,0.00471,0.00905,0.50099,0.47889
657247,Brian O'Keefe,SEA,33,21.0,25.0,300,,floor,floor,1.0,0.0,,0.23806,0.08829,0.00852,0.00527,0.0313,0.0024,0.04011,0.13529,0.45076,0.08532,0.04838,0.00893,0.00703,0.00719,0.00059,0.00552,0.01016,0.01248,0.0,0.0,0.0,3e-05,3e-05,0.0,0.7835,0.23211,0.0,0.0,,0.11514,0.10932,,,0.11598,0.11011,,,,,,0.23806,0.08829,0.00852,0.0313,0.13529,0.04011,0.0024,0.00527,0.45076,0.23287,0.30592,0.28287,0.23287,0.28287,0.0,0.0,0.0,0.23211,,1.0,1.0,1.0,1.0,1.0,1.0,1.0,1.0,1.0,1.0,1.0,1.0,0.26,0.74,R,0.23806,0.23806,0.08829,0.08829,0.00852,0.00852,0.0313,0.0313,0.13529,0.13529,0.04011,0.04011,0.0024,0.0024,0.00527,0.00527,0.45076,0.45076
668939,Adley Rutschman,BOS,29,410.0,2570.0,907,,projected,unmodeled,,410.0,2026.0,0.1648,0.1095,0.00449,0.00851,0.03126,0.00293,0.04739,0.14659,0.48453,0.0193,0.01383,0.0013,0.00178,0.0039,0.00025,0.00387,0.00641,0.00761,0.00508,0.00394,0.00114,0.0017,0.00133,0.01949,0.77556,0.26058,397.2503740625,4.804964999999999,26.6,0.11692,0.1161,0.00775,0.00772,0.11398,0.11318,1.02577,111.0,5.0,1571.1840406249999,1571.1840406249999,0.16233,0.10841,0.00449,0.02923,0.15025,0.05213,0.00276,0.00851,0.48188,0.26676,0.34727,0.2986,0.26676,0.2986,0.00513,0.00398,0.00115,0.26315,111.0,0.87,1.05,1.2,0.89,0.98,0.97,0.935,1.025,1.1,0.945,0.99,0.985,0.30192,0.69808,S,0.15286,0.16997,0.10913,0.10966,0.00372,0.00482,0.02876,0.03234,0.16429,0.13893,0.04546,0.04823,0.0026,0.00307,0.00669,0.0093,0.4865,0.48368
703520,Brett Bateman,TOR,25,181.0,181.0,0,,projected,unmodeled,,181.0,2026.0,0.20503,0.09362,0.01109,0.00595,0.03122,0.00289,0.04227,0.14035,0.46757,0.0539,0.03311,0.00647,0.00475,0.11854,0.0095,0.10257,0.18097,0.22184,0.01976,0.01546,0.0043,0.00658,0.00518,0.08062,0.78241,0.24506,52.699999999999996,2.55,28.8,0.13891,0.09145,0.01815,0.01513,0.14207,0.09353,0.97775,141.0,1.0,153.85,153.85,0.20298,0.09362,0.01109,0.032,0.14035,0.04311,0.00243,0.00595,0.46846,0.24501,0.32261,0.28409,0.24501,0.28409,0.01976,0.01546,0.0043,0.24506,141.0,1.05,1.0,1.04,0.68,1.0,0.98,1.025,1.0,1.02,0.84,1.0,0.99,0.30184,0.69816,L,0.20709,0.20414,0.07461,0.10185,0.01182,0.01078,0.02857,0.03237,0.13312,0.14347,0.04183,0.04246,0.00387,0.00247,0.00748,0.00529,0.49162,0.45718
543939,Kolten Wong,LAD,36,250.0,747.0,0,,floor,floor,1.0,0.0,,0.19735,0.08486,0.02406,0.01034,0.03118,0.00289,0.04221,0.14016,0.46695,0.03986,0.02376,0.00532,0.00352,0.11838,0.00948,0.10243,0.18073,0.22155,0.03284,0.02547,0.00737,0.00729,0.00573,0.13184,0.77549,0.24908,83.65150156249999,12.815253437499997,,0.12819,0.11211,0.01534,0.01446,0.11249,0.09838,1.13954,119.0,6.0,351.0231028124999,351.0231028124999,0.19932,0.08571,0.02406,0.03477,0.13596,0.04116,0.00237,0.01034,0.46632,0.2435,0.32401,0.27792,0.2435,0.27792,0.0324,0.02512,0.00727,0.24572,119.0,1.23,0.94,0.95,0.64,1.02,1.02,1.115,0.97,0.975,0.82,1.01,1.01,0.26,0.74,L,0.21105,0.19254,0.08663,0.08423,0.01818,0.02612,0.02959,0.03174,0.13878,0.14065,0.03616,0.04434,0.00222,0.00312,0.00716,0.01146,0.47024,0.46579
701785,Kaelen Culpepper,MIN,24,128.0,128.0,0,,projected,unmodeled,,128.0,2026.0,0.22077,0.06497,0.02353,0.00747,0.03118,0.00289,0.0422,0.14013,0.46686,0.06105,0.03089,0.01049,0.00595,0.11836,0.00948,0.10241,0.1807,0.22151,0.0173,0.01351,0.0038,0.00681,0.00534,0.07568,0.78057,0.22864,28.9,0.85,27.8,0.11695,0.10294,0.01828,0.01729,0.11702,0.10299,0.99946,142.0,5.0,108.8,108.8,0.21746,0.06432,0.02353,0.03024,0.14224,0.04516,0.00281,0.00747,0.46677,0.24368,0.30831,0.28952,0.24368,0.28952,0.01741,0.01359,0.00382,0.23009,142.0,0.94,1.03,1.14,0.95,0.98,0.97,0.97,1.015,1.07,0.975,0.99,0.985,0.30793,0.69207,R,0.2312,0.21613,0.06031,0.06705,0.02428,0.0232,0.02992,0.03173,0.13865,0.1408,0.04673,0.04019,0.00295,0.00286,0.00913,0.00673,0.45684,0.47131
691907,Tsung-Che Cheng,BOS,25,44.0,51.0,150,,projected,unmodeled,,44.0,2026.0,0.25526,0.0833,0.00683,0.01186,0.03116,0.00158,0.04424,0.12685,0.43893,0.0777,0.04192,0.00717,0.00942,0.0099,0.00027,0.00872,0.01344,0.01661,0.02529,0.01955,0.00574,0.00891,0.00693,0.11656,0.77307,0.21698,11.049999999999999,1.7,29.0,0.1291,0.11708,0.02208,0.02117,0.12586,0.11414,1.02577,111.0,3.0,37.4,37.4,0.25143,0.08246,0.00683,0.02913,0.13002,0.04866,0.00149,0.01186,0.43811,0.23286,0.2986,0.29141,0.23286,0.29141,0.02556,0.01976,0.0058,0.21932,111.0,0.87,1.05,1.2,0.89,0.98,0.97,0.935,1.025,1.1,0.945,0.99,0.985,0.23108,0.76892,L,0.27502,0.24932,0.07984,0.08434,0.00497,0.00739,0.03516,0.02995,0.1109,0.13164,0.04693,0.04343,0.00082,0.0018,0.0153,0.01082,0.43106,0.44129
621493,Taylor Ward,SEA,33,607.0,2906.0,1040,,projected,unmodeled,,663.0,2025.0,0.23111,0.11825,0.01001,0.00956,0.03114,0.00247,0.04408,0.13171,0.42166,0.02022,0.01319,0.00182,0.00178,0.00339,0.00021,0.00307,0.0055,0.00656,0.01424,0.01086,0.00338,0.00255,0.00199,0.05479,0.76247,0.25997,486.27530999999993,23.235429999999997,27.5,0.12919,0.11558,0.00727,0.00693,0.13269,0.11871,0.97362,136.0,3.0,1865.8827274999999,1865.8827274999999,0.2496,0.11589,0.01001,0.03083,0.12578,0.04077,0.00173,0.00956,0.41582,0.23032,0.32502,0.28811,0.23032,0.28811,0.01379,0.01051,0.00328,0.25168,136.0,0.98,0.91,0.85,0.4,0.96,1.16,0.99,0.955,0.925,0.7,0.98,1.08,0.23066,0.76934,R,0.21429,0.23616,0.12031,0.11764,0.00624,0.01114,0.02922,0.03172,0.14337,0.12821,0.05025,0.04223,0.00361,0.00213,0.01154,0.00897,0.42118,0.4218
691777,Max Muncy,OAK,24,284.0,504.0,300,,projected,unmodeled,,284.0,2026.0,0.29734,0.06704,0.01352,0.0078,0.03112,0.00177,0.04728,0.11948,0.41465,0.04346,0.02024,0.00477,0.00364,0.0067,0.00027,0.00662,0.00915,0.0118,0.01637,0.01267,0.0037,0.00474,0.0037,0.08185,0.77396,0.20004,84.0225,5.695,27.7,0.10126,0.10509,0.01206,0.01226,0.10502,0.109,0.9642,133.0,6.0,400.35,400.35,0.28396,0.07072,0.01352,0.03657,0.12366,0.05106,0.00148,0.0078,0.41122,0.23434,0.29702,0.29996,0.23434,0.29996,0.01702,0.01317,0.00385,0.2079,133.0,1.35,1.07,1.16,0.67,1.11,0.91,1.175,1.035,1.08,0.835,1.055,0.955,0.28551,0.71449,R,0.27963,0.30442,0.09707,0.05503,0.01031,0.0148,0.0236,0.03413,0.11616,0.12081,0.04825,0.04689,0.00303,0.00127,0.00518,0.00884,0.41677,0.4138
664057,Andrew Stevenson,MIN,33,40.0,40.0,0,,floor,floor,1.0,0.0,,0.219,0.07868,0.01579,0.00461,0.03112,0.00288,0.04212,0.13986,0.46595,0.08001,0.04434,0.01133,0.00616,0.11813,0.00946,0.10221,0.18034,0.22107,0.03177,0.02478,0.00699,0.01085,0.00851,0.13557,0.7799,0.23433,4.698056249999999,2.6100312499999996,,0.11591,0.10462,0.02153,0.02059,0.11598,0.10468,0.99946,142.0,5.0,20.880249999999997,20.880249999999997,0.21571,0.07789,0.01579,0.03018,0.14196,0.04507,0.00281,0.00461,0.46598,0.244,0.3137,0.28947,0.244,0.28947,0.03195,0.02491,0.00703,0.23564,142.0,0.94,1.03,1.14,0.95,0.98,0.97,0.97,1.015,1.07,0.975,0.99,0.985,0.26,0.74,L,0.21787,0.21939,0.07627,0.07952,0.01887,0.01471,0.03325,0.03037,0.13831,0.14041,0.04229,0.04206,0.00245,0.00303,0.00347,0.00501,0.46722,0.4655
687462,Spencer Horwitz,PIT,29,451.0,1287.0,730,,projected,unmodeled,,451.0,2026.0,0.17965,0.10994,0.01309,0.00772,0.03111,0.00121,0.03885,0.13851,0.47992,0.02535,0.01759,0.00307,0.00237,0.00464,0.00011,0.00345,0.00708,0.00847,0.00239,0.00186,0.00053,0.00141,0.0011,0.00912,0.77778,0.26154,259.2772,1.5724999999999998,24.7,0.11702,0.11354,0.00921,0.00909,0.12442,0.12073,0.9405,134.0,3.0,937.2474,937.2474,0.17875,0.10939,0.01309,0.02846,0.14058,0.04216,0.00104,0.00772,0.4788,0.24402,0.33473,0.27737,0.24402,0.27737,0.0024,0.00187,0.00053,0.26307,134.0,0.83,1.03,1.17,0.72,0.99,0.99,0.915,1.015,1.085,0.86,0.995,0.995,0.18988,0.81012,L,0.2025,0.17429,0.10365,0.11142,0.01471,0.01271,0.02275,0.03307,0.13581,0.13914,0.02924,0.04111,0.00148,0.00115,0.00769,0.00773,0.48216,0.47939
572191,Michael A. Taylor,CWS,36,325.0,1469.0,372,,projected,unmodeled,,325.0,2025.0,0.30574,0.07394,0.00445,0.00681,0.03108,0.00277,0.04247,0.11114,0.4216,0.03224,0.01559,0.00169,0.00209,0.00558,0.0003,0.00496,0.00786,0.01008,0.02777,0.02184,0.00593,0.00457,0.00367,0.14653,0.78635,0.18953,165.44708124999997,25.901444374999997,27.8,0.10765,0.09877,0.0092,0.00886,0.118,0.10826,0.91233,145.0,5.0,823.9180475,823.9180475,0.30268,0.07504,0.00445,0.03077,0.11058,0.04141,0.00234,0.00681,0.42591,0.20259,0.2646,0.26598,0.20259,0.26598,0.02785,0.0219,0.00595,0.19008,145.0,0.98,0.99,0.95,0.69,1.03,0.98,0.99,0.995,0.975,0.845,1.015,0.99,0.35879,0.64121,R,0.30773,0.30463,0.06855,0.07695,0.00416,0.00462,0.03883,0.02674,0.10058,0.11705,0.05302,0.03657,0.00407,0.00203,0.00787,0.00622,0.41518,0.4252
592696,Eddie Rosario,ATL,35,8.0,1113.0,377,,floor,floor,1.0,8.0,2025.0,0.23867,0.06309,0.00159,0.00801,0.03107,0.00319,0.0431,0.11815,0.49314,0.0345,0.01675,0.00115,0.00258,0.00597,0.00039,0.00469,0.00845,0.01071,0.01868,0.01454,0.00414,0.0044,0.00347,0.10219,0.77845,0.18282,108.22110749999997,11.126409687499999,27.3,0.10393,0.10804,0.01094,0.01112,0.10319,0.10727,1.00717,144.0,6.0,585.0615343749998,585.0615343749998,0.24106,0.06214,0.00159,0.03107,0.1211,0.04202,0.00291,0.00801,0.4901,0.21234,0.26084,0.25306,0.21234,0.25306,0.01889,0.0147,0.00418,0.18483,144.0,1.0,1.05,0.95,0.83,0.97,1.02,1.0,1.025,0.975,0.915,0.985,1.01,0.16319,0.83681,L,0.22169,0.24199,0.08349,0.05911,0.00315,0.00128,0.02628,0.032,0.12936,0.11596,0.03566,0.04455,0.00365,0.0031,0.0075,0.00811,0.48922,0.49391
666164,Blake Rutherford,WSH,30,36.0,36.0,0,,floor,floor,1.0,0.0,,0.23164,0.07566,0.00772,0.00477,0.03104,0.00287,0.04202,0.13951,0.46478,0.08233,0.04393,0.00809,0.00637,0.11783,0.00944,0.10196,0.17989,0.22052,0.01996,0.01556,0.0044,0.00869,0.0068,0.08956,0.77964,0.22289,3.654043749999999,0.0,,0.11989,0.11012,0.02215,0.02134,0.11811,0.10848,1.01514,120.0,5.0,18.792224999999995,18.792224999999995,0.22469,0.07566,0.00772,0.03181,0.1423,0.04181,0.00276,0.00477,0.46849,0.23982,0.30206,0.28514,0.23982,0.28514,0.02021,0.01576,0.00445,0.22568,120.0,1.05,1.04,0.99,0.92,1.0,0.94,1.025,1.02,0.995,0.96,1.0,0.97,0.26,0.74,L,0.23254,0.23132,0.07316,0.07654,0.00601,0.00832,0.03304,0.03033,0.13921,0.13962,0.04331,0.04156,0.00244,0.00303,0.00368,0.00515,0.4666,0.46414
542583,Jesús Aguilar,OAK,37,115.0,622.0,0,,floor,floor,1.0,0.0,,0.2371,0.06511,0.0084,0.00933,0.03103,0.00287,0.04201,0.13948,0.46467,0.0461,0.02277,0.00344,0.00363,0.11781,0.00944,0.10193,0.17985,0.22047,0.01016,0.00792,0.00223,0.00433,0.00339,0.04768,0.78013,0.21299,60.08291937499999,0.44370531249999995,,0.09297,0.10323,0.01292,0.01354,0.09642,0.10706,0.9642,133.0,6.0,284.9893121875,284.9893121875,0.22643,0.06869,0.0084,0.03646,0.14436,0.04537,0.0024,0.00933,0.45856,0.25021,0.30567,0.29527,0.25021,0.29527,0.01056,0.00824,0.00232,0.22145,133.0,1.35,1.07,1.16,0.67,1.11,0.91,1.175,1.035,1.08,0.835,1.055,0.955,0.26,0.74,R,0.23491,0.23786,0.07712,0.06089,0.00935,0.00806,0.03201,0.03069,0.14052,0.13911,0.03866,0.04318,0.00323,0.00275,0.00933,0.00934,0.45487,0.46812
694359,Niko Kavadas,LAA,28,23.0,129.0,300,,floor,floor,1.0,23.0,2025.0,0.30102,0.09569,0.01385,0.00265,0.03103,0.00203,0.03291,0.11836,0.40244,0.07238,0.03951,0.00807,0.00354,0.00615,0.0004,0.00494,0.00996,0.01174,0.01794,0.014,0.00394,0.00763,0.00598,0.07871,0.78032,0.22791,14.738999999999997,0.6141249999999999,26.0,0.10703,0.09655,0.01801,0.01721,0.11762,0.1061,0.90997,108.0,5.0,65.09724999999999,65.09724999999999,0.31006,0.09522,0.01385,0.03103,0.11836,0.03127,0.00188,0.00265,0.39569,0.2055,0.29161,0.27688,0.2055,0.27688,0.0179,0.01397,0.00393,0.22743,108.0,1.0,1.0,0.9,0.85,0.99,1.06,1.0,1.0,0.95,0.925,0.995,1.03,0.20061,0.79939,L,0.31251,0.29814,0.10291,0.09388,0.01469,0.01364,0.03105,0.03103,0.1077,0.12104,0.02865,0.03399,0.00135,0.0022,0.0013,0.00298,0.39984,0.40309
543482,Drew Maggi,PIT,38,6.0,6.0,0,,floor,floor,1.0,0.0,,0.22125,0.08209,0.01041,0.00643,0.03102,0.00287,0.04199,0.13943,0.46451,0.08694,0.04894,0.01088,0.00857,0.11776,0.00943,0.10189,0.17979,0.22039,0.0,0.0,0.0,3e-05,3e-05,0.0,0.7835,0.23193,0.0,0.0,,0.11514,0.10932,,,0.11598,0.11011,,,,,,0.22125,0.08209,0.01041,0.03102,0.13943,0.04199,0.00287,0.00643,0.46451,0.23895,0.30781,0.28405,0.23895,0.28405,0.0,0.0,0.0,0.23193,,1.0,1.0,1.0,1.0,1.0,1.0,1.0,1.0,1.0,1.0,1.0,1.0,0.26,0.74,R,0.22125,0.22125,0.08209,0.08209,0.01041,0.01041,0.03102,0.03102,0.13943,0.13943,0.04199,0.04199,0.00287,0.00287,0.00643,0.00643,0.46451,0.46451
641796,Tim Locastro,NYM,34,67.0,113.0,150,,floor,floor,1.0,0.0,,0.23739,0.07028,0.04091,0.00287,0.031,0.00233,0.05298,0.119,0.44325,0.0726,0.03713,0.01422,0.00384,0.0083,0.00038,0.00886,0.01054,0.01523,0.04563,0.03575,0.00988,0.01161,0.00919,0.19823,0.7834,0.23018,12.423748749999998,7.5690906249999985,,0.14358,0.10383,0.02231,0.01939,0.13958,0.10094,1.02866,121.0,2.0,55.38486312499999,55.38486312499999,0.24095,0.07273,0.04091,0.03115,0.11662,0.05113,0.00208,0.00287,0.44156,0.22749,0.31463,0.27778,0.22749,0.27778,0.04564,0.03576,0.00989,0.23026,121.0,1.01,0.96,0.93,0.79,1.07,1.03,1.005,0.98,0.965,0.895,1.035,1.015,0.26,0.74,R,0.26601,0.22733,0.07026,0.07028,0.0504,0.03757,0.03049,0.03117,0.11678,0.11978,0.05418,0.05257,0.00226,0.00235,0.00276,0.0029,0.40685,0.45605
656514,Adam Haseley,CWS,31,39.0,64.0,0,,floor,floor,1.0,0.0,,0.22502,0.08645,0.00622,0.00384,0.03096,0.00287,0.04191,0.13916,0.46359,0.07747,0.04438,0.00653,0.00514,0.11753,0.00941,0.1017,0.17943,0.21996,0.0212,0.01654,0.00466,0.00876,0.00686,0.09146,0.78021,0.23182,8.247698749999998,0.5220062499999999,,0.11454,0.0975,0.01987,0.01853,0.12555,0.10687,0.91233,145.0,2.0,31.450876562499992,31.450876562499992,0.22276,0.08774,0.00622,0.03065,0.13846,0.04086,0.00242,0.00384,0.46705,0.23541,0.30635,0.28013,0.23541,0.28013,0.02126,0.01658,0.00467,0.23242,145.0,0.98,0.99,0.95,0.69,1.03,0.98,0.99,0.995,0.975,0.845,1.015,0.99,0.26,0.74,L,0.2217,0.22618,0.08961,0.08533,0.00416,0.00694,0.03396,0.0299,0.13429,0.14087,0.04282,0.04159,0.00246,0.00301,0.00254,0.0043,0.46847,0.46188
500871,Eduardo Escobar,LAA,38,309.0,851.0,0,,floor,floor,1.0,0.0,,0.23964,0.07097,0.00204,0.00919,0.03094,0.00287,0.04189,0.13909,0.46338,0.04053,0.02075,0.00148,0.00313,0.11748,0.00941,0.10165,0.17935,0.21985,0.01155,0.00896,0.0026,0.00417,0.00325,0.05447,0.77535,0.21209,83.25999687499998,2.4534293749999994,,0.09624,0.10057,0.01141,0.01163,0.10576,0.11052,0.90997,108.0,6.0,401.7882106249999,401.7882106249999,0.24683,0.07061,0.00204,0.03094,0.13909,0.03979,0.00265,0.00919,0.45885,0.23142,0.28513,0.28348,0.23142,0.28348,0.01153,0.00894,0.00259,0.21174,108.0,1.0,1.0,0.9,0.85,0.99,1.06,1.0,1.0,0.95,0.925,0.995,1.03,0.26,0.74,S,0.23083,0.24274,0.06378,0.07349,0.00259,0.00184,0.03841,0.02832,0.14758,0.13611,0.04607,0.04042,0.00296,0.00283,0.00921,0.00918,0.45856,0.46507
686681,Michael Massey,KC,29,452.0,1740.0,680,,projected,unmodeled,,452.0,2026.0,0.18183,0.04762,0.00928,0.01074,0.03094,0.00439,0.04024,0.14046,0.5345,0.0234,0.011,0.00225,0.00242,0.00462,0.0006,0.00354,0.00766,0.00928,0.01039,0.00813,0.00226,0.00259,0.00205,0.05266,0.78259,0.19735,238.8391890625,10.838790937499997,26.7,0.10241,0.10809,0.00812,0.00831,0.10689,0.11282,0.95808,118.0,5.0,1129.684711875,1129.684711875,0.17183,0.04762,0.00928,0.02924,0.14186,0.04386,0.00582,0.01074,0.53975,0.2368,0.27768,0.26193,0.2368,0.26193,0.01047,0.00819,0.00228,0.19876,118.0,0.89,1.02,1.18,1.65,1.0,0.89,0.945,1.01,1.09,1.325,1.0,0.945,0.20856,0.79144,L,0.21819,0.17225,0.0479,0.04754,0.01358,0.00815,0.02547,0.03238,0.14075,0.14038,0.04183,0.03983,0.0082,0.00339,0.00859,0.01131,0.4955,0.54477
671218,Heliot Ramos,NYY,27,442.0,1737.0,960,,projected,unmodeled,,695.0,2025.0,0.25079,0.07336,0.0137,0.00691,0.03093,0.00263,0.04506,0.1393,0.43732,0.02521,0.01291,0.00273,0.00194,0.00371,0.00033,0.00345,0.00571,0.00694,0.01382,0.01072,0.0031,0.00293,0.00231,0.06107,0.77557,0.22636,292.57393125,15.773875,27.2,0.12681,0.12305,0.00934,0.00922,0.11431,0.11092,1.10936,147.0,5.0,1227.274625,1227.274625,0.2558,0.07849,0.0137,0.03372,0.13303,0.04393,0.00229,0.00691,0.43212,0.2364,0.30517,0.2932,0.2364,0.2932,0.01376,0.01067,0.00309,0.22523,147.0,1.18,0.91,0.95,0.74,1.14,1.04,1.09,0.955,0.975,0.87,1.07,1.02,0.25822,0.74178,R,0.2505,0.25088,0.09314,0.06648,0.00936,0.01521,0.03559,0.02931,0.13056,0.14234,0.0642,0.03839,0.00309,0.00247,0.00643,0.00708,0.40714,0.44783
805346,Ben Ross,MIN,26,21.0,21.0,150,,floor,floor,1.0,21.0,2026.0,0.26853,0.07184,0.00886,0.00548,0.03089,0.00314,0.06,0.11075,0.44052,0.08684,0.04307,0.00928,0.00731,0.01087,0.00096,0.01192,0.01406,0.01834,0.0,0.0,0.0,3e-05,2e-05,0.0,0.7835,0.19145,0.0,0.0,,0.11514,0.10932,,,0.11598,0.11011,,,,,,0.26853,0.07184,0.00886,0.03089,0.11075,0.06,0.00314,0.00548,0.44052,0.22408,0.28547,0.28301,0.22408,0.28301,0.0,0.0,0.0,0.19145,,1.0,1.0,1.0,1.0,1.0,1.0,1.0,1.0,1.0,1.0,1.0,1.0,0.26697,0.73303,R,0.26853,0.26853,0.07184,0.07184,0.00886,0.00886,0.03089,0.03089,0.11075,0.11075,0.06,0.06,0.00314,0.00314,0.00548,0.00548,0.44052,0.44052
681190,Randy Vásquez,SD,28,1.0,1.0,0,,floor,floor,1.0,1.0,2026.0,0.22109,0.08395,0.01105,0.00683,0.03089,0.00286,0.04182,0.13887,0.46264,0.08789,0.05,0.01154,0.00909,0.11729,0.0094,0.10149,0.17907,0.2195,0.0,0.0,0.0,3e-05,3e-05,0.0,0.7835,0.23387,0.0,0.0,,0.11514,0.10932,,,0.11598,0.11011,,,,,,0.22109,0.08395,0.01105,0.03089,0.13887,0.04182,0.00286,0.00683,0.46264,0.23876,0.30945,0.28405,0.23876,0.28405,0.0,0.0,0.0,0.23387,,1.0,1.0,1.0,1.0,1.0,1.0,1.0,1.0,1.0,1.0,1.0,1.0,0.25871,0.74129,R,0.22109,0.22109,0.08395,0.08395,0.01105,0.01105,0.03089,0.03089,0.13887,0.13887,0.04182,0.04182,0.00286,0.00286,0.00683,0.00683,0.46264,0.46264
571945,Miles Mikolas,WSH,38,1.0,1.0,0,,floor,floor,1.0,1.0,2026.0,0.22109,0.08395,0.01105,0.00683,0.03089,0.00286,0.04182,0.13887,0.46264,0.08789,0.05,0.01154,0.00909,0.11729,0.0094,0.10149,0.17907,0.2195,0.0,0.0,0.0,3e-05,3e-05,0.0,0.7835,0.23387,0.0,0.0,,0.11514,0.10932,,,0.11598,0.11011,,,,,,0.22109,0.08395,0.01105,0.03089,0.13887,0.04182,0.00286,0.00683,0.46264,0.23876,0.30945,0.28405,0.23876,0.28405,0.0,0.0,0.0,0.23387,,1.0,1.0,1.0,1.0,1.0,1.0,1.0,1.0,1.0,1.0,1.0,1.0,0.25871,0.74129,R,0.22109,0.22109,0.08395,0.08395,0.01105,0.01105,0.03089,0.03089,0.13887,0.13887,0.04182,0.04182,0.00286,0.00286,0.00683,0.00683,0.46264,0.46264
682989,Victor Mederos,ATL,26,1.0,1.0,0,,floor,floor,1.0,1.0,2026.0,0.22109,0.08395,0.01105,0.00683,0.03089,0.00286,0.04182,0.13887,0.46264,0.08789,0.05,0.01154,0.00909,0.11729,0.0094,0.10149,0.17907,0.2195,0.0,0.0,0.0,3e-05,3e-05,0.0,0.7835,0.23387,0.0,0.0,,0.11514,0.10932,,,0.11598,0.11011,,,,,,0.22109,0.08395,0.01105,0.03089,0.13887,0.04182,0.00286,0.00683,0.46264,0.23876,0.30945,0.28405,0.23876,0.28405,0.0,0.0,0.0,0.23387,,1.0,1.0,1.0,1.0,1.0,1.0,1.0,1.0,1.0,1.0,1.0,1.0,0.25871,0.74129,R,0.22109,0.22109,0.08395,0.08395,0.01105,0.01105,0.03089,0.03089,0.13887,0.13887,0.04182,0.04182,0.00286,0.00286,0.00683,0.00683,0.46264,0.46264
671056,Iván Herrera,STL,27,717.0,1494.0,681,,projected,unmodeled,,717.0,2026.0,0.1972,0.10017,0.03233,0.00798,0.03088,0.00131,0.03524,0.14926,0.44564,0.02415,0.01551,0.00446,0.00224,0.00459,0.00015,0.00326,0.00704,0.00834,0.01495,0.01182,0.00313,0.00324,0.00259,0.05306,0.79034,0.28176,330.46385,17.095625,26.1,0.12888,0.11101,0.00905,0.00849,0.13332,0.11483,0.96671,138.0,3.0,1118.0466499999998,1118.0466499999998,0.18833,0.09716,0.03233,0.02717,0.15448,0.03647,0.00112,0.00798,0.45496,0.25418,0.34874,0.29684,0.25418,0.29684,0.01507,0.01191,0.00316,0.28398,138.0,0.76,1.07,1.07,0.7,0.94,0.91,0.88,1.035,1.035,0.85,0.97,0.955,0.29484,0.70516,R,0.17762,0.20539,0.13518,0.08553,0.02512,0.03535,0.03926,0.02738,0.14424,0.15135,0.0339,0.03579,0.00117,0.00137,0.00713,0.00833,0.43638,0.44951
444489,Manny Piña,OAK,40,12.0,29.0,0,,floor,floor,1.0,0.0,,0.21357,0.07829,0.01739,0.01425,0.03087,0.00286,0.04179,0.13875,0.46224,0.08171,0.04559,0.01246,0.0113,0.11719,0.00939,0.1014,0.17891,0.21931,0.0,0.0,0.0,3e-05,3e-05,0.0,0.7835,0.23442,0.0,0.0,,0.11514,0.10932,,,0.11598,0.11011,,,,,,0.21357,0.07829,0.01739,0.03087,0.13875,0.04179,0.00286,0.01425,0.46224,0.24072,0.30994,0.28405,0.24072,0.28405,0.0,0.0,0.0,0.23442,,1.0,1.0,1.0,1.0,1.0,1.0,1.0,1.0,1.0,1.0,1.0,1.0,0.26,0.74,R,0.21357,0.21357,0.07829,0.07829,0.01739,0.01739,0.03087,0.03087,0.13875,0.13875,0.04179,0.04179,0.00286,0.00286,0.01425,0.01425,0.46224,0.46224
682177,Daniel Schneemann,CLE,30,286.0,929.0,567,,projected,unmodeled,,422.0,2025.0,0.28227,0.09145,0.00386,0.00451,0.03086,0.00467,0.03832,0.12357,0.42048,0.0342,0.01864,0.00195,0.00211,0.00473,0.00061,0.0037,0.00698,0.00841,0.02766,0.02146,0.0062,0.00519,0.0041,0.12636,0.77589,0.21889,146.13625,19.390624999999996,27.6,0.10647,0.10265,0.01001,0.00986,0.11339,0.10932,0.93896,114.0,5.0,683.716625,683.716625,0.28932,0.09145,0.00386,0.02978,0.12357,0.03908,0.00378,0.00451,0.41463,0.21798,0.29153,0.28644,0.21798,0.28644,0.02766,0.02146,0.0062,0.21889,114.0,0.93,1.0,1.04,0.62,1.0,1.05,0.965,1.0,1.02,0.81,1.0,1.025,0.19221,0.80779,L,0.28143,0.28247,0.10367,0.08855,0.00571,0.00342,0.03146,0.03072,0.13921,0.11985,0.03589,0.0389,0.00573,0.00442,0.00575,0.00422,0.39115,0.42747
676882,Chandler Seagle,SD,31,1.0,1.0,0,,floor,floor,1.0,0.0,,0.22181,0.08422,0.01105,0.00683,0.03085,0.00286,0.04176,0.13866,0.46196,0.08814,0.05016,0.01154,0.00909,0.11712,0.00938,0.10134,0.1788,0.21918,0.0,0.0,0.0,3e-05,3e-05,0.0,0.7835,0.23394,0.0,0.0,,0.11514,0.10932,,,0.11598,0.11011,,,,,,0.22181,0.08422,0.01105,0.03085,0.13866,0.04176,0.00286,0.00683,0.46196,0.23848,0.3094,0.28405,0.23848,0.28405,0.0,0.0,0.0,0.23394,,1.0,1.0,1.0,1.0,1.0,1.0,1.0,1.0,1.0,1.0,1.0,1.0,0.26,0.74,R,0.22181,0.22181,0.08422,0.08422,0.01105,0.01105,0.03085,0.03085,0.13866,0.13866,0.04176,0.04176,0.00286,0.00286,0.00683,0.00683,0.46196,0.46196
578570,Juniel Querecuto,STL,34,21.0,21.0,0,,floor,floor,1.0,0.0,,0.22916,0.081,0.00886,0.00548,0.03082,0.00285,0.04172,0.13854,0.46155,0.08487,0.0469,0.00928,0.00731,0.11701,0.00937,0.10125,0.17864,0.21899,0.0,0.0,0.0,3e-05,3e-05,0.0,0.7835,0.22841,0.0,0.0,,0.11514,0.10932,,,0.11598,0.11011,,,,,,0.22916,0.081,0.00886,0.03082,0.13854,0.04172,0.00285,0.00548,0.46155,0.23649,0.30381,0.28405,0.23649,0.28405,0.0,0.0,0.0,0.22841,,1.0,1.0,1.0,1.0,1.0,1.0,1.0,1.0,1.0,1.0,1.0,1.0,0.26,0.74,S,0.22916,0.22916,0.081,0.081,0.00886,0.00886,0.03082,0.03082,0.13854,0.13854,0.04172,0.04172,0.00285,0.00285,0.00548,0.00548,0.46155,0.46155
686490,Cam Eden,TOR,29,6.0,6.0,0,,floor,floor,1.0,0.0,,0.22632,0.08209,0.01041,0.00643,0.03079,0.00285,0.04168,0.13839,0.46105,0.08764,0.04894,0.01088,0.00857,0.11689,0.00936,0.10114,0.17845,0.21875,0.0,0.0,0.0,3e-05,3e-05,0.0,0.7835,0.23089,0.0,0.0,,0.11514,0.10932,,,0.11598,0.11011,,,,,,0.22632,0.08209,0.01041,0.03079,0.13839,0.04168,0.00285,0.00643,0.46105,0.23717,0.30621,0.28405,0.23717,0.28405,0.0,0.0,0.0,0.23089,,1.0,1.0,1.0,1.0,1.0,1.0,1.0,1.0,1.0,1.0,1.0,1.0,0.26,0.74,R,0.22632,0.22632,0.08209,0.08209,0.01041,0.01041,0.03079,0.03079,0.13839,0.13839,0.04168,0.04168,0.00285,0.00285,0.00643,0.00643,0.46105,0.46105
683146,Brett Baty,NYM,27,473.0,1507.0,592,,projected,unmodeled,,473.0,2026.0,0.25666,0.08376,0.00624,0.00602,0.03077,0.00273,0.03976,0.13393,0.44014,0.02751,0.01485,0.00198,0.00194,0.00476,0.00036,0.004,0.00727,0.00883,0.0125,0.00985,0.00265,0.003,0.00239,0.05582,0.78803,0.22392,244.45079875,11.9240125,26.8,0.11512,0.11244,0.00921,0.00911,0.11191,0.10931,1.02866,121.0,5.0,1040.881429375,1040.881429375,0.26051,0.08669,0.00624,0.03092,0.13125,0.03837,0.00244,0.00602,0.43756,0.22528,0.29591,0.28225,0.22528,0.28225,0.01251,0.00986,0.00265,0.22418,121.0,1.01,0.96,0.93,0.79,1.07,1.03,1.005,0.98,0.965,0.895,1.035,1.015,0.20611,0.79389,L,0.26644,0.25412,0.07481,0.08608,0.01056,0.00511,0.02266,0.03287,0.12668,0.13581,0.04091,0.03947,0.00232,0.00284,0.00372,0.00662,0.4519,0.43708
682183,Drew Avans,MIL,31,18.0,18.0,150,,floor,floor,1.0,18.0,2025.0,0.23567,0.07492,0.00913,0.01585,0.03075,0.00282,0.04389,0.13178,0.45519,0.08492,0.04484,0.00956,0.01255,0.00936,0.00059,0.00841,0.01341,0.01717,0.0,0.0,0.0,3e-05,2e-05,0.0,0.7835,0.21584,0.0,0.0,,0.11514,0.10932,,,0.11598,0.11011,,,,,,0.23567,0.07492,0.00913,0.03075,0.13178,0.04389,0.00282,0.01585,0.45519,0.23247,0.2933,0.28168,0.23247,0.28168,0.0,0.0,0.0,0.21584,,1.0,1.0,1.0,1.0,1.0,1.0,1.0,1.0,1.0,1.0,1.0,1.0,0.25229,0.74771,L,0.23567,0.23567,0.07492,0.07492,0.00913,0.00913,0.03075,0.03075,0.13178,0.13178,0.04389,0.04389,0.00282,0.00282,0.01585,0.01585,0.45519,0.45519
696135,Kahlil Watson,CLE,24,91.0,91.0,150,,projected,unmodeled,,91.0,2026.0,0.27909,0.06212,0.00523,0.00323,0.03075,0.00274,0.04394,0.12893,0.44396,0.07164,0.03282,0.0055,0.00433,0.0102,0.00075,0.00946,0.01555,0.01792,0.0418,0.03279,0.00901,0.01001,0.00794,0.21294,0.78455,0.19628,14.45,8.5,28.3,0.09842,0.11047,0.01727,0.01817,0.10482,0.11765,0.93896,114.0,5.0,77.35,77.35,0.28607,0.06212,0.00523,0.02967,0.12893,0.04482,0.00222,0.00323,0.4377,0.22126,0.273,0.28676,0.22126,0.28676,0.0418,0.03279,0.00901,0.19628,114.0,0.93,1.0,1.04,0.62,1.0,1.05,0.965,1.0,1.02,0.81,1.0,1.025,0.23711,0.76289,L,0.28003,0.2788,0.05557,0.06415,0.00327,0.00584,0.03411,0.0297,0.11681,0.1327,0.04176,0.04462,0.00238,0.00285,0.00195,0.00363,0.4641,0.4377
682657,Angel Martínez,CLE,25,416.0,1069.0,674,,projected,unmodeled,,484.0,2025.0,0.21981,0.04999,0.01209,0.00657,0.03072,0.00303,0.04263,0.14022,0.49492,0.02925,0.0131,0.00322,0.00238,0.00481,0.00038,0.00411,0.00728,0.00879,0.02658,0.02074,0.00584,0.00477,0.00379,0.1314,0.7803,0.20231,155.5075,21.5815,27.6,0.11501,0.11396,0.0097,0.00966,0.12249,0.12137,0.93896,114.0,4.0,807.0771249999999,807.0771249999999,0.22531,0.04999,0.01209,0.02965,0.14022,0.04348,0.00246,0.00657,0.49022,0.23172,0.2779,0.27523,0.23172,0.27523,0.02658,0.02074,0.00584,0.20231,114.0,0.93,1.0,1.04,0.62,1.0,1.05,0.965,1.0,1.02,0.81,1.0,1.025,0.32861,0.67139,S,0.19173,0.23356,0.06255,0.04384,0.01217,0.01206,0.03239,0.02991,0.16248,0.12933,0.04417,0.04188,0.00271,0.00319,0.00876,0.0055,0.48303,0.50074
806367,Turner Hill,SF,28,124.0,124.0,0,,projected,unmodeled,,124.0,2026.0,0.19545,0.09502,0.01419,0.02232,0.03071,0.00284,0.04157,0.13803,0.45986,0.05885,0.03705,0.00826,0.01032,0.11658,0.00934,0.10088,0.17799,0.21819,0.02582,0.02009,0.00573,0.0087,0.00681,0.10442,0.77822,0.24724,25.5,2.55,28.4,0.11133,0.11688,0.01754,0.01791,0.11657,0.12239,0.95503,137.0,5.0,105.39999999999999,105.39999999999999,0.19155,0.09264,0.01419,0.02748,0.13941,0.0424,0.00344,0.02232,0.46656,0.24429,0.31957,0.28422,0.24429,0.28422,0.02571,0.02001,0.0057,0.24625,137.0,0.79,1.02,1.04,1.42,0.95,0.96,0.895,1.01,1.02,1.21,0.975,0.98,0.29321,0.70679,L,0.20634,0.19094,0.08366,0.09973,0.01479,0.01394,0.02959,0.03117,0.13563,0.13903,0.04019,0.04214,0.00293,0.00281,0.02324,0.02194,0.46365,0.45829
425794,Adam Wainwright,STL,45,2.0,2.0,0,,floor,floor,1.0,0.0,,0.22583,0.08379,0.01092,0.00674,0.0307,0.00284,0.04155,0.13797,0.45966,0.08848,0.04991,0.0114,0.00898,0.11653,0.00934,0.10083,0.17791,0.21809,0.0,0.0,0.0,3e-05,3e-05,0.0,0.7835,0.23268,0.0,0.0,,0.11514,0.10932,,,0.11598,0.11011,,,,,,0.22583,0.08379,0.01092,0.0307,0.13797,0.04155,0.00284,0.00674,0.45966,0.23712,0.30777,0.28405,0.23712,0.28405,0.0,0.0,0.0,0.23268,,1.0,1.0,1.0,1.0,1.0,1.0,1.0,1.0,1.0,1.0,1.0,1.0,0.26,0.74,R,0.22583,0.22583,0.08379,0.08379,0.01092,0.01092,0.0307,0.0307,0.13797,0.13797,0.04155,0.04155,0.00284,0.00284,0.00674,0.00674,0.45966,0.45966
642201,Eli White,BOS,33,204.0,651.0,487,,projected,unmodeled,,271.0,2025.0,0.25251,0.05812,0.00943,0.00486,0.03069,0.00616,0.03939,0.1561,0.44274,0.0392,0.01797,0.00357,0.00257,0.00575,0.0011,0.00465,0.00846,0.00988,0.04452,0.03512,0.0094,0.00747,0.00602,0.19904,0.78894,0.22366,92.85541843749999,21.272169062499998,30.3,0.14471,0.12779,0.01404,0.01332,0.14107,0.12458,1.02577,111.0,3.0,446.90427156249996,446.90427156249996,0.24872,0.05754,0.00943,0.02869,0.16001,0.04332,0.00583,0.00486,0.4416,0.25625,0.30482,0.3214,0.25625,0.3214,0.04518,0.03564,0.00954,0.22698,111.0,0.87,1.05,1.2,0.89,0.98,0.97,0.935,1.025,1.1,0.945,0.99,0.985,0.38494,0.61506,R,0.26283,0.24604,0.0734,0.04856,0.00783,0.01043,0.03362,0.02885,0.15106,0.15926,0.03855,0.03991,0.00495,0.00692,0.00482,0.00489,0.42293,0.45514
683227,Cody Freeman,TEX,26,97.0,218.0,300,,projected,unmodeled,,121.0,2025.0,0.18073,0.06995,0.00636,0.00521,0.03069,0.00125,0.04621,0.15772,0.50188,0.04982,0.02811,0.0046,0.00416,0.00741,0.0002,0.00618,0.01192,0.0141,0.02061,0.01598,0.00463,0.00698,0.00544,0.08805,0.77531,0.23403,40.28999999999999,3.1449999999999996,27.0,0.10418,0.10086,0.01538,0.01516,0.11041,0.10689,0.94359,140.0,6.0,169.8725,169.8725,0.18163,0.06786,0.00636,0.02961,0.15457,0.04459,0.00114,0.00521,0.50903,0.24975,0.30413,0.28238,0.24975,0.28238,0.02014,0.01562,0.00453,0.22878,140.0,0.93,0.96,0.93,0.83,0.94,1.01,0.965,0.98,0.965,0.915,0.97,1.005,0.35646,0.64354,R,0.18183,0.18012,0.06757,0.07128,0.00735,0.00581,0.03532,0.02812,0.15401,0.15978,0.04651,0.04604,0.00158,0.00106,0.00607,0.00474,0.49975,0.50306
666906,Jake Alu,WSH,30,175.0,175.0,0,,floor,floor,1.0,0.0,,0.2311,0.07152,0.01527,0.01001,0.03067,0.00284,0.04151,0.13784,0.45923,0.06482,0.03373,0.00767,0.00622,0.11642,0.00933,0.10074,0.17774,0.21788,0.02444,0.01907,0.00536,0.00819,0.00643,0.10878,0.78047,0.22464,22.968274999999995,3.132037499999999,,0.10946,0.1099,0.01845,0.01848,0.10783,0.10826,1.01514,120.0,6.0,91.35109374999998,91.35109374999998,0.22416,0.07152,0.01527,0.03143,0.1406,0.04131,0.00273,0.01001,0.46296,0.23923,0.30287,0.28511,0.23923,0.28511,0.02474,0.01931,0.00543,0.2274,120.0,1.05,1.04,0.99,0.92,1.0,0.94,1.025,1.02,0.995,0.96,1.0,0.97,0.26,0.74,L,0.23863,0.22845,0.07831,0.06914,0.01281,0.01614,0.03591,0.02882,0.13323,0.13946,0.04585,0.03999,0.00254,0.00294,0.00864,0.01049,0.44407,0.46455
673237,Yainer Diaz,HOU,28,361.0,1933.0,1097,,projected,unmodeled,,567.0,2025.0,0.17504,0.03867,0.00641,0.00971,0.03066,0.00181,0.04458,0.16661,0.5265,0.02162,0.00934,0.00178,0.00219,0.00375,0.00015,0.00343,0.0063,0.00746,0.00476,0.00368,0.00108,0.00172,0.00133,0.0225,0.7725,0.21169,283.81106874999995,4.37325,26.0,0.10944,0.1282,0.00808,0.00866,0.10928,0.12802,1.0014,117.0,5.0,1293.4472312499997,1293.4472312499997,0.18117,0.03886,0.00641,0.03266,0.16412,0.04369,0.00166,0.00971,0.52173,0.2562,0.28738,0.28646,0.2562,0.28646,0.00471,0.00364,0.00107,0.20939,117.0,1.13,0.97,0.96,0.83,1.01,1.07,1.065,0.985,0.98,0.915,1.005,1.035,0.25072,0.74928,R,0.20186,0.16607,0.05252,0.03404,0.0063,0.00644,0.02789,0.03159,0.16071,0.16859,0.04559,0.04424,0.00123,0.002,0.00928,0.00986,0.49462,0.53717
670128,Taylor Kohlwey,SD,32,13.0,13.0,0,,floor,floor,1.0,0.0,,0.23324,0.07928,0.00962,0.00595,0.03066,0.00284,0.0415,0.13781,0.4591,0.08705,0.04734,0.01007,0.00793,0.11639,0.00932,0.10071,0.1777,0.21783,0.0,0.0,0.0,3e-05,3e-05,0.0,0.7835,0.22671,0.0,0.0,,0.11514,0.10932,,,0.11598,0.11011,,,,,,0.23324,0.07928,0.00962,0.03066,0.13781,0.0415,0.00284,0.00595,0.4591,0.23511,0.30171,0.28405,0.23511,0.28405,0.0,0.0,0.0,0.22671,,1.0,1.0,1.0,1.0,1.0,1.0,1.0,1.0,1.0,1.0,1.0,1.0,0.26,0.74,L,0.23324,0.23324,0.07928,0.07928,0.00962,0.00962,0.03066,0.03066,0.13781,0.13781,0.0415,0.0415,0.00284,0.00284,0.00595,0.00595,0.4591,0.4591
682877,Juan Brito,CIN,25,115.0,115.0,150,,projected,unmodeled,,115.0,2026.0,0.22451,0.0729,0.00972,0.00796,0.03065,0.00423,0.05058,0.12883,0.47062,0.06311,0.03347,0.00701,0.00635,0.00919,0.00102,0.00841,0.01317,0.01754,0.01721,0.01343,0.00378,0.00685,0.00537,0.08137,0.78057,0.21145,21.25,0.85,27.4,0.11506,0.11485,0.01808,0.01806,0.11975,0.11953,0.96083,113.0,5.0,97.75,97.75,0.229,0.07655,0.00972,0.03265,0.12561,0.05007,0.00382,0.00796,0.46462,0.23422,0.29841,0.27867,0.23422,0.27867,0.01724,0.01346,0.00378,0.21187,113.0,1.13,0.95,0.98,0.81,1.1,1.04,1.065,0.975,0.99,0.905,1.05,1.02,0.30476,0.69524,S,0.233,0.22079,0.07019,0.07409,0.00843,0.01028,0.0343,0.02906,0.14555,0.1215,0.05777,0.04742,0.0043,0.00419,0.00972,0.0072,0.43673,0.48548
608324,Alex Bregman,CHC,33,702.0,3211.0,1111,,projected,unmodeled,,702.0,2026.0,0.1382,0.10582,0.01395,0.00746,0.03064,0.00141,0.04658,0.15509,0.50085,0.01597,0.01212,0.00204,0.0015,0.00364,0.00011,0.0033,0.0061,0.00724,0.00629,0.00487,0.00142,0.00171,0.00134,0.02288,0.77379,0.27485,527.6322884374999,10.720640937499999,26.2,0.13366,0.13051,0.00768,0.0076,0.1205,0.11765,1.10928,112.0,5.0,2012.69596,2012.69596,0.13889,0.10688,0.01395,0.03156,0.15354,0.04216,0.00156,0.00746,0.50401,0.26249,0.34964,0.28128,0.26249,0.28128,0.00628,0.00486,0.00142,0.27436,112.0,1.06,0.98,0.81,1.21,1.02,1.01,1.03,0.99,0.905,1.105,1.01,1.005,0.26834,0.73166,R,0.12375,0.14349,0.12353,0.09932,0.01184,0.01472,0.02617,0.03228,0.15618,0.15469,0.03958,0.04915,0.00134,0.00144,0.00743,0.00747,0.51018,0.49743
608385,Jesse Winker,NYM,33,81.0,1333.0,503,,projected,unmodeled,,81.0,2025.0,0.21432,0.12806,0.01337,0.00676,0.03064,0.00179,0.0437,0.12388,0.43748,0.03055,0.02118,0.00305,0.00218,0.00501,0.0003,0.00478,0.0075,0.00944,0.01589,0.0124,0.00349,0.00397,0.00313,0.0599,0.7803,0.26531,201.6341259375,11.776749999999998,25.8,0.10807,0.1105,0.01042,0.01052,0.10506,0.10743,1.02866,121.0,6.0,716.0400371874999,716.0400371874999,0.21753,0.13254,0.01337,0.0308,0.1214,0.04217,0.0016,0.00676,0.43383,0.23128,0.34188,0.27575,0.23128,0.27575,0.01601,0.01249,0.00352,0.26731,121.0,1.01,0.96,0.93,0.79,1.07,1.03,1.005,0.98,0.965,0.895,1.035,1.015,0.20406,0.79594,L,0.22582,0.21137,0.10804,0.13319,0.01369,0.01329,0.03429,0.02971,0.12575,0.1234,0.04967,0.04217,0.00209,0.00171,0.00593,0.00697,0.43473,0.43819
672284,Jarred Kelenic,TEX,27,83.0,1194.0,584,,projected,unmodeled,,83.0,2026.0,0.30721,0.08692,0.00306,0.00514,0.03064,0.00381,0.04228,0.11933,0.40161,0.0349,0.01814,0.00155,0.002,0.00452,0.00044,0.00409,0.00658,0.00811,0.02594,0.01999,0.00595,0.0049,0.00385,0.12392,0.77063,0.20931,147.74778093749998,19.601674687499997,27.1,0.10088,0.09568,0.00977,0.00954,0.10692,0.1014,0.94359,140.0,6.0,690.7198865624999,690.7198865624999,0.30874,0.08432,0.00306,0.02957,0.11694,0.0408,0.00349,0.00514,0.40794,0.21025,0.27817,0.28328,0.21025,0.28328,0.02532,0.01951,0.00581,0.20431,140.0,0.93,0.96,0.93,0.83,0.94,1.01,0.965,0.98,0.965,0.915,0.97,1.005,0.17566,0.82434,L,0.27942,0.31313,0.07288,0.08992,0.00459,0.00273,0.02859,0.03108,0.13033,0.11698,0.03855,0.04308,0.00379,0.00382,0.00565,0.00504,0.4362,0.39423
624512,Reese McGuire,CWS,32,34.0,812.0,450,,projected,unmodeled,,140.0,2025.0,0.22639,0.05773,0.00997,0.01071,0.03063,0.00248,0.03369,0.13702,0.49137,0.03774,0.01791,0.00332,0.00344,0.00542,0.0007,0.00386,0.00833,0.01025,0.01061,0.00829,0.00232,0.00369,0.0029,0.05181,0.78124,0.20472,101.05768999999998,3.8520990624999993,25.9,0.08264,0.09529,0.01022,0.01089,0.09058,0.10445,0.91233,145.0,7.0,456.1902931249999,456.1902931249999,0.22413,0.05859,0.00997,0.03033,0.13634,0.03284,0.0021,0.01071,0.49499,0.21897,0.27017,0.25708,0.21897,0.25708,0.01062,0.00829,0.00232,0.2049,145.0,0.98,0.99,0.95,0.69,1.03,0.98,0.99,0.995,0.975,0.845,1.015,0.99,0.17293,0.82707,L,0.23862,0.22384,0.06277,0.05667,0.0132,0.0093,0.03285,0.03017,0.13967,0.13647,0.03563,0.03328,0.0026,0.00246,0.00897,0.01107,0.46571,0.49674
622250,Josh Sborz,TEX,33,1.0,1.0,0,,floor,floor,1.0,0.0,,0.227,0.08422,0.01105,0.00683,0.03061,0.00283,0.04144,0.1376,0.45841,0.08887,0.05016,0.01154,0.00909,0.11622,0.00931,0.10056,0.17743,0.2175,0.0,0.0,0.0,3e-05,3e-05,0.0,0.7835,0.23287,0.0,0.0,,0.11514,0.10932,,,0.11598,0.11011,,,,,,0.227,0.08422,0.01105,0.03061,0.1376,0.04144,0.00283,0.00683,0.45841,0.23665,0.30776,0.28405,0.23665,0.28405,0.0,0.0,0.0,0.23287,,1.0,1.0,1.0,1.0,1.0,1.0,1.0,1.0,1.0,1.0,1.0,1.0,0.26,0.74,R,0.227,0.227,0.08422,0.08422,0.01105,0.01105,0.03061,0.03061,0.1376,0.1376,0.04144,0.04144,0.00283,0.00283,0.00683,0.00683,0.45841,0.45841
605242,Michael Fulmer,CHC,34,1.0,1.0,0,,floor,floor,1.0,0.0,,0.227,0.08422,0.01105,0.00683,0.03061,0.00283,0.04144,0.1376,0.45841,0.08887,0.05016,0.01154,0.00909,0.11622,0.00931,0.10056,0.17743,0.2175,0.0,0.0,0.0,3e-05,3e-05,0.0,0.7835,0.23287,0.0,0.0,,0.11514,0.10932,,,0.11598,0.11011,,,,,,0.227,0.08422,0.01105,0.03061,0.1376,0.04144,0.00283,0.00683,0.45841,0.23665,0.30776,0.28405,0.23665,0.28405,0.0,0.0,0.0,0.23287,,1.0,1.0,1.0,1.0,1.0,1.0,1.0,1.0,1.0,1.0,1.0,1.0,0.26,0.74,R,0.227,0.227,0.08422,0.08422,0.01105,0.01105,0.03061,0.03061,0.1376,0.1376,0.04144,0.04144,0.00283,0.00283,0.00683,0.00683,0.45841,0.45841
543518,Scott McGough,ARI,37,1.0,1.0,0,,floor,floor,1.0,0.0,,0.22771,0.08415,0.01105,0.00683,0.03058,0.00283,0.0414,0.13747,0.45798,0.08893,0.05011,0.01154,0.00909,0.11611,0.0093,0.10046,0.17726,0.21729,0.0,0.0,0.0,3e-05,3e-05,0.0,0.7835,0.23267,0.0,0.0,,0.11514,0.10932,,,0.11598,0.11011,,,,,,0.22771,0.08415,0.01105,0.03058,0.13747,0.0414,0.00283,0.00683,0.45798,0.23641,0.30748,0.28405,0.23641,0.28405,0.0,0.0,0.0,0.23267,,1.0,1.0,1.0,1.0,1.0,1.0,1.0,1.0,1.0,1.0,1.0,1.0,0.26368,0.73632,R,0.22771,0.22771,0.08415,0.08415,0.01105,0.01105,0.03058,0.03058,0.13747,0.13747,0.0414,0.0414,0.00283,0.00283,0.00683,0.00683,0.45798,0.45798
683770,Will Robertson,CWS,29,75.0,75.0,450,,projected,unmodeled,,75.0,2025.0,0.27112,0.06428,0.01868,0.01002,0.03058,0.00355,0.04522,0.12014,0.43641,0.07615,0.03576,0.01084,0.00797,0.00563,0.00053,0.00471,0.00783,0.0099,0.01755,0.01368,0.00387,0.00745,0.00583,0.0864,0.77964,0.2031,8.669999999999998,0.0,27.9,0.09052,0.10718,0.01711,0.01843,0.09921,0.11747,0.91233,145.0,6.0,54.18749999999999,54.18749999999999,0.26841,0.06524,0.01868,0.03027,0.11954,0.04409,0.003,0.01002,0.44074,0.21732,0.28083,0.27435,0.21732,0.27435,0.01758,0.01371,0.00387,0.20346,145.0,0.98,0.99,0.95,0.69,1.03,0.98,0.99,0.995,0.975,0.845,1.015,0.99,0.22545,0.77455,L,0.27214,0.27083,0.05888,0.06585,0.02325,0.01735,0.03554,0.02913,0.1115,0.12266,0.05067,0.04363,0.0037,0.00351,0.01418,0.00881,0.43014,0.43823
621458,Edwin Rios,CIN,33,10.0,136.0,300,,floor,floor,1.0,0.0,,0.29797,0.08444,0.0134,0.00256,0.03058,0.00237,0.03451,0.12268,0.41149,0.0758,0.03923,0.00781,0.00343,0.00614,0.00044,0.00436,0.00906,0.01098,0.0188,0.01463,0.00418,0.00785,0.00613,0.08526,0.77791,0.22052,11.562438437499997,0.44370531249999995,,0.12614,0.12764,0.0219,0.02201,0.11371,0.11507,1.10928,112.0,5.0,58.56910124999999,58.56910124999999,0.29946,0.08529,0.0134,0.0315,0.12145,0.03123,0.00262,0.00256,0.4125,0.20784,0.28549,0.27351,0.20784,0.27351,0.01877,0.0146,0.00417,0.22014,112.0,1.06,0.98,0.81,1.21,1.02,1.01,1.03,0.99,0.905,1.105,1.01,1.005,0.25238,0.74762,L,0.30313,0.29623,0.08277,0.08501,0.01423,0.01312,0.02736,0.03167,0.11521,0.1252,0.03142,0.03555,0.00181,0.00256,0.00125,0.003,0.42282,0.40767
622491,Luis Castillo,SEA,34,1.0,1.0,0,,floor,floor,1.0,0.0,,0.22771,0.08415,0.01105,0.00683,0.03058,0.00283,0.0414,0.13747,0.45798,0.08893,0.05011,0.01154,0.00909,0.11611,0.0093,0.10046,0.17726,0.21729,0.0,0.0,0.0,3e-05,3e-05,0.0,0.7835,0.23267,0.0,0.0,,0.11514,0.10932,,,0.11598,0.11011,,,,,,0.22771,0.08415,0.01105,0.03058,0.13747,0.0414,0.00283,0.00683,0.45798,0.23641,0.30748,0.28405,0.23641,0.28405,0.0,0.0,0.0,0.23267,,1.0,1.0,1.0,1.0,1.0,1.0,1.0,1.0,1.0,1.0,1.0,1.0,0.25871,0.74129,R,0.22771,0.22771,0.08415,0.08415,0.01105,0.01105,0.03058,0.03058,0.13747,0.13747,0.0414,0.0414,0.00283,0.00283,0.00683,0.00683,0.45798,0.45798
676896,Chris Roller,MIL,30,1.0,1.0,0,,floor,floor,1.0,0.0,,0.22771,0.08415,0.01105,0.00683,0.03058,0.00283,0.0414,0.13747,0.45798,0.08893,0.05011,0.01154,0.00909,0.11611,0.0093,0.10046,0.17726,0.21729,0.0,0.0,0.0,3e-05,3e-05,0.0,0.7835,0.23267,0.0,0.0,,0.11514,0.10932,,,0.11598,0.11011,,,,,,0.22771,0.08415,0.01105,0.03058,0.13747,0.0414,0.00283,0.00683,0.45798,0.23641,0.30748,0.28405,0.23641,0.28405,0.0,0.0,0.0,0.23267,,1.0,1.0,1.0,1.0,1.0,1.0,1.0,1.0,1.0,1.0,1.0,1.0,0.25871,0.74129,R,0.22771,0.22771,0.08415,0.08415,0.01105,0.01105,0.03058,0.03058,0.13747,0.13747,0.0414,0.0414,0.00283,0.00283,0.00683,0.00683,0.45798,0.45798
829272,Shinnosuke Ogasawara,WSH,29,1.0,1.0,0,,floor,floor,1.0,1.0,2025.0,0.22854,0.08406,0.01105,0.00683,0.03055,0.00283,0.04136,0.13732,0.45748,0.08899,0.05006,0.01154,0.00909,0.11598,0.00929,0.10035,0.17707,0.21705,0.0,0.0,0.0,3e-05,3e-05,0.0,0.7835,0.23242,0.0,0.0,,0.11514,0.10932,,,0.11598,0.11011,,,,,,0.22854,0.08406,0.01105,0.03055,0.13732,0.04136,0.00283,0.00683,0.45748,0.23612,0.30716,0.28405,0.23612,0.28405,0.0,0.0,0.0,0.23242,,1.0,1.0,1.0,1.0,1.0,1.0,1.0,1.0,1.0,1.0,1.0,1.0,0.26368,0.73632,L,0.22854,0.22854,0.08406,0.08406,0.01105,0.01105,0.03055,0.03055,0.13732,0.13732,0.04136,0.04136,0.00283,0.00283,0.00683,0.00683,0.45748,0.45748
683004,Jack Leiter,TEX,27,1.0,1.0,0,,floor,floor,1.0,1.0,2025.0,0.22854,0.08406,0.01105,0.00683,0.03055,0.00283,0.04136,0.13732,0.45748,0.08899,0.05006,0.01154,0.00909,0.11598,0.00929,0.10035,0.17707,0.21705,0.0,0.0,0.0,3e-05,3e-05,0.0,0.7835,0.23242,0.0,0.0,,0.11514,0.10932,,,0.11598,0.11011,,,,,,0.22854,0.08406,0.01105,0.03055,0.13732,0.04136,0.00283,0.00683,0.45748,0.23612,0.30716,0.28405,0.23612,0.28405,0.0,0.0,0.0,0.23242,,1.0,1.0,1.0,1.0,1.0,1.0,1.0,1.0,1.0,1.0,1.0,1.0,0.25871,0.74129,R,0.22854,0.22854,0.08406,0.08406,0.01105,0.01105,0.03055,0.03055,0.13732,0.13732,0.04136,0.04136,0.00283,0.00283,0.00683,0.00683,0.45748,0.45748
607067,Colin Rea,CHC,36,1.0,1.0,0,,floor,floor,1.0,1.0,2025.0,0.22854,0.08406,0.01105,0.00683,0.03055,0.00283,0.04136,0.13732,0.45748,0.08899,0.05006,0.01154,0.00909,0.11598,0.00929,0.10035,0.17707,0.21705,0.0,0.0,0.0,3e-05,3e-05,0.0,0.7835,0.23242,0.0,0.0,,0.11514,0.10932,,,0.11598,0.11011,,,,,,0.22854,0.08406,0.01105,0.03055,0.13732,0.04136,0.00283,0.00683,0.45748,0.23612,0.30716,0.28405,0.23612,0.28405,0.0,0.0,0.0,0.23242,,1.0,1.0,1.0,1.0,1.0,1.0,1.0,1.0,1.0,1.0,1.0,1.0,0.25871,0.74129,R,0.22854,0.22854,0.08406,0.08406,0.01105,0.01105,0.03055,0.03055,0.13732,0.13732,0.04136,0.04136,0.00283,0.00283,0.00683,0.00683,0.45748,0.45748
607461,Matt Beaty,KC,34,72.0,119.0,0,,floor,floor,1.0,0.0,,0.20926,0.0788,0.03967,0.00278,0.03055,0.00283,0.04135,0.13731,0.45745,0.06874,0.03876,0.0138,0.00372,0.11597,0.00929,0.10035,0.17706,0.21704,0.01932,0.01506,0.00426,0.00847,0.00663,0.07553,0.77964,0.25579,13.624363124999997,0.0,,0.11437,0.09404,0.01932,0.01773,0.11937,0.09815,0.95808,118.0,2.0,58.43859968749999,58.43859968749999,0.19775,0.0788,0.03967,0.02887,0.13868,0.04507,0.00375,0.00278,0.46462,0.24623,0.33485,0.28753,0.24623,0.28753,0.01942,0.01514,0.00428,0.25716,118.0,0.89,1.02,1.18,1.65,1.0,0.89,0.945,1.01,1.09,1.325,1.0,0.945,0.26,0.74,L,0.21149,0.20847,0.07648,0.07962,0.06664,0.0302,0.03593,0.02866,0.13866,0.13683,0.03997,0.04184,0.0025,0.00294,0.00147,0.00324,0.42687,0.46819
623507,Josh Lester,BAL,32,23.0,28.0,0,,floor,floor,1.0,0.0,,0.23884,0.07869,0.00829,0.00512,0.03053,0.00283,0.04133,0.13722,0.45716,0.08486,0.04562,0.00868,0.00684,0.1159,0.00928,0.10028,0.17694,0.2169,0.0,0.0,0.0,3e-05,2e-05,0.0,0.7835,0.2242,0.0,0.0,,0.11514,0.10932,,,0.11598,0.11011,,,,,,0.23884,0.07869,0.00829,0.03053,0.13722,0.04133,0.00283,0.00512,0.45716,0.2334,0.29888,0.28405,0.2334,0.28405,0.0,0.0,0.0,0.2242,,1.0,1.0,1.0,1.0,1.0,1.0,1.0,1.0,1.0,1.0,1.0,1.0,0.26,0.74,L,0.24247,0.23757,0.07615,0.07958,0.00672,0.00884,0.03144,0.03021,0.13234,0.13894,0.04148,0.04127,0.00234,0.003,0.00414,0.00547,0.46294,0.45512
596103,Austin Slater,TB,34,74.0,978.0,450,,projected,unmodeled,,160.0,2025.0,0.27779,0.10193,0.01313,0.00714,0.03052,0.00263,0.03471,0.12297,0.40918,0.03706,0.02131,0.0035,0.00259,0.00516,0.0003,0.00388,0.00728,0.00867,0.02471,0.01934,0.00538,0.00514,0.00408,0.10382,0.78243,0.23803,149.9016171875,15.049319062499999,27.9,0.11409,0.08744,0.01126,0.01001,0.11886,0.09109,0.95991,139.0,2.0,560.9540203124999,560.9540203124999,0.28196,0.09683,0.01313,0.03128,0.12112,0.03419,0.00268,0.00714,0.41166,0.21439,0.29925,0.27736,0.21439,0.27736,0.02399,0.01877,0.00522,0.23109,139.0,1.05,0.97,0.97,1.04,0.9,1.03,1.025,0.985,0.985,1.02,0.95,1.015,0.54489,0.45511,R,0.26753,0.29007,0.1042,0.09921,0.01537,0.01045,0.03182,0.02896,0.12268,0.12331,0.03371,0.03591,0.00308,0.0021,0.00763,0.00655,0.41397,0.40343
660620,Jonathan Araúz,NYM,28,66.0,107.0,0,,floor,floor,1.0,0.0,,0.24251,0.07547,0.00479,0.0083,0.03052,0.00283,0.04132,0.1372,0.45707,0.07379,0.03871,0.00503,0.00662,0.11588,0.00928,0.10026,0.17691,0.21686,0.01819,0.01418,0.00401,0.00794,0.00622,0.08366,0.77964,0.21745,7.438589062499998,0.0,,0.10836,0.12135,0.01987,0.02088,0.10534,0.11797,1.02866,121.0,5.0,52.64433031249999,52.64433031249999,0.24614,0.07811,0.00479,0.03068,0.13445,0.03987,0.00253,0.0083,0.45513,0.22836,0.29043,0.27984,0.22836,0.27984,0.01818,0.01418,0.00401,0.21735,121.0,1.01,0.96,0.93,0.79,1.07,1.03,1.005,0.98,0.965,0.895,1.035,1.015,0.26,0.74,S,0.2521,0.23913,0.07946,0.07407,0.00492,0.00474,0.02582,0.03217,0.14318,0.13509,0.04458,0.04017,0.00289,0.0028,0.00764,0.00854,0.4394,0.46328
669200,Mason McCoy,SD,32,26.0,84.0,450,,projected,unmodeled,,26.0,2025.0,0.25626,0.08881,0.01156,0.00337,0.0305,0.0043,0.04653,0.11982,0.43885,0.07475,0.04146,0.00832,0.00451,0.00522,0.00067,0.00499,0.00698,0.0096,0.02646,0.02068,0.00577,0.00907,0.00713,0.12015,0.78189,0.22018,12.318624999999997,2.059125,29.0,0.12455,0.09969,0.02083,0.01889,0.1235,0.09885,1.00847,135.0,2.0,53.79012499999999,53.79012499999999,0.25754,0.09014,0.01156,0.03142,0.11802,0.0435,0.00366,0.00337,0.44079,0.21968,0.2983,0.27259,0.21968,0.27259,0.0264,0.02064,0.00576,0.21972,135.0,1.06,0.97,0.87,0.7,1.03,1.01,1.03,0.985,0.935,0.85,1.015,1.005,0.24382,0.75618,R,0.25676,0.2561,0.09386,0.08718,0.01123,0.01166,0.03482,0.02911,0.10763,0.12375,0.04935,0.04562,0.00511,0.00404,0.00204,0.0038,0.43919,0.43874
467793,Carlos Santana,ARI,41,26.0,2219.0,914,,projected,unmodeled,,474.0,2025.0,0.18081,0.11118,0.00517,0.00546,0.03049,0.00148,0.03495,0.13141,0.49905,0.02206,0.01534,0.0015,0.00154,0.00387,0.00017,0.00289,0.00604,0.00743,0.00892,0.00705,0.00187,0.00243,0.00194,0.03598,0.79078,0.24776,309.45887843749995,10.646037499999998,25.6,0.1191,0.12962,0.00893,0.00927,0.10748,0.11698,1.10811,109.0,5.0,1276.9920068749998,1276.9920068749998,0.17177,0.11062,0.00517,0.02942,0.13338,0.0367,0.00227,0.00546,0.5052,0.22961,0.31757,0.25437,0.22961,0.25437,0.00897,0.00709,0.00188,0.24918,109.0,0.93,1.03,1.1,2.07,0.99,0.9,0.965,1.015,1.05,1.535,0.995,0.95,0.28362,0.71638,S,0.16371,0.18758,0.11149,0.11105,0.00528,0.00513,0.03511,0.02866,0.15139,0.1235,0.0355,0.03473,0.00175,0.00137,0.00593,0.00527,0.48983,0.5027
666397,Edouard Julien,COL,28,276.0,1193.0,468,,projected,unmodeled,,276.0,2026.0,0.29022,0.12596,0.0062,0.00358,0.03047,0.00306,0.0416,0.12642,0.37249,0.03249,0.02022,0.0022,0.00167,0.00476,0.00037,0.00437,0.00739,0.00869,0.01862,0.01438,0.00424,0.00416,0.00325,0.07203,0.77224,0.25859,208.73513749999998,14.218268749999998,26.7,0.11091,0.07619,0.00971,0.00821,0.11729,0.08057,0.9456,115.0,1.0,782.7101749999999,782.7101749999999,0.27571,0.12344,0.0062,0.03169,0.13591,0.04638,0.0048,0.00358,0.37229,0.25241,0.34842,0.33446,0.25241,0.33446,0.01913,0.01477,0.00436,0.26555,115.0,1.08,1.15,1.23,2.14,0.96,0.9,1.04,1.075,1.115,1.57,0.98,0.95,0.15838,0.84162,L,0.29238,0.28981,0.0912,0.1325,0.01152,0.0052,0.02866,0.03082,0.12948,0.12585,0.04584,0.0408,0.00334,0.003,0.00405,0.00349,0.39353,0.36853
699302,Héctor Rodríguez,CIN,23,152.0,152.0,300,,projected,unmodeled,,152.0,2026.0,0.24191,0.0629,0.00817,0.00238,0.03046,0.00347,0.04535,0.13768,0.46768,0.06017,0.02904,0.0059,0.00319,0.00678,0.00056,0.00616,0.01006,0.01245,0.01944,0.01503,0.00441,0.00702,0.00546,0.09314,0.77307,0.20875,24.65,1.7,28.2,0.11218,0.11199,0.01701,0.01699,0.11675,0.11656,0.96083,113.0,5.0,129.2,129.2,0.24675,0.06604,0.00817,0.03244,0.13424,0.04489,0.00314,0.00238,0.46195,0.23252,0.28892,0.28293,0.23252,0.28293,0.01942,0.01501,0.00441,0.20845,113.0,1.13,0.95,0.98,0.81,1.1,1.04,1.065,0.975,0.99,0.905,1.05,1.02,0.2642,0.7358,L,0.27324,0.23067,0.05784,0.06471,0.00758,0.00838,0.02592,0.03209,0.14155,0.13629,0.04382,0.04589,0.00223,0.00391,0.00257,0.00232,0.44526,0.47574
543068,C.J. Cron,LAA,37,278.0,910.0,0,,floor,floor,1.0,0.0,,0.24545,0.0693,0.00999,0.00763,0.03046,0.00282,0.04124,0.13693,0.45618,0.03993,0.02006,0.00316,0.00276,0.11565,0.00926,0.10007,0.17656,0.21644,0.00732,0.00571,0.00161,0.00328,0.00257,0.03385,0.77964,0.21622,91.95140093749998,0.0,,0.11423,0.12678,0.01205,0.0126,0.12554,0.13933,0.90997,108.0,4.0,425.53949499999993,425.53949499999993,0.25282,0.06895,0.00999,0.03046,0.13693,0.03918,0.00261,0.00763,0.45143,0.229,0.28812,0.28361,0.229,0.28361,0.00731,0.0057,0.00161,0.21588,108.0,1.0,1.0,0.9,0.85,0.99,1.06,1.0,1.0,0.95,0.925,0.995,1.03,0.26,0.74,R,0.25603,0.24173,0.08095,0.06521,0.00801,0.01069,0.02788,0.03137,0.12633,0.14065,0.03872,0.04212,0.00377,0.00249,0.00727,0.00775,0.45104,0.45798
693306,Aaron Sabato,MIN,28,6.0,6.0,0,,floor,floor,1.0,6.0,2026.0,0.23641,0.08055,0.01041,0.00643,0.0304,0.00281,0.04115,0.13664,0.4552,0.08815,0.04807,0.01088,0.00857,0.1154,0.00924,0.09985,0.17619,0.21597,0.0,0.0,0.0,3e-05,3e-05,0.0,0.7835,0.2276,0.0,0.0,,0.11514,0.10932,,,0.11598,0.11011,,,,,,0.23641,0.08055,0.01041,0.0304,0.13664,0.04115,0.00281,0.00643,0.4552,0.23377,0.30196,0.28405,0.23377,0.28405,0.0,0.0,0.0,0.2276,,1.0,1.0,1.0,1.0,1.0,1.0,1.0,1.0,1.0,1.0,1.0,1.0,0.26699,0.73301,R,0.23641,0.23641,0.08055,0.08055,0.01041,0.01041,0.0304,0.0304,0.13664,0.13664,0.04115,0.04115,0.00281,0.00281,0.00643,0.00643,0.4552,0.4552
678894,Liover Peguero,PIT,26,88.0,315.0,450,,projected,unmodeled,,88.0,2025.0,0.27615,0.06717,0.00986,0.00393,0.0304,0.00219,0.02963,0.13477,0.4459,0.05656,0.02696,0.00497,0.00314,0.00541,0.00038,0.00358,0.00715,0.0089,0.03082,0.0241,0.00671,0.00795,0.00628,0.1455,0.78212,0.2118,38.261793749999995,7.066049999999999,29.2,0.10914,0.11149,0.01556,0.0157,0.11605,0.11855,0.9405,134.0,5.0,174.76733124999996,174.76733124999996,0.27477,0.06683,0.00986,0.02782,0.13679,0.03215,0.00188,0.00393,0.44596,0.21606,0.27534,0.27696,0.21606,0.27696,0.03106,0.02429,0.00677,0.21349,134.0,0.83,1.03,1.17,0.72,0.99,0.99,0.915,1.015,1.085,0.86,0.995,0.995,0.28859,0.71141,R,0.2632,0.28141,0.07795,0.06279,0.01155,0.00918,0.02771,0.03149,0.14342,0.13126,0.03369,0.02799,0.00273,0.00197,0.0037,0.00402,0.43605,0.44989
595956,Cam Gallagher,CLE,34,149.0,196.0,0,,floor,floor,1.0,0.0,,0.26218,0.05984,0.00687,0.00563,0.03037,0.00281,0.04111,0.13649,0.45472,0.06638,0.03047,0.00496,0.00449,0.11528,0.00923,0.09975,0.176,0.21575,0.01575,0.01228,0.00347,0.0069,0.0054,0.07753,0.77964,0.20319,11.980043437499997,0.0,,0.08687,0.09166,0.01574,0.01613,0.09252,0.09762,0.93896,114.0,7.0,98.63308093749998,98.63308093749998,0.26873,0.05984,0.00687,0.0293,0.13649,0.04193,0.00228,0.00563,0.44894,0.22637,0.2767,0.28699,0.22637,0.28699,0.01575,0.01228,0.00347,0.20319,114.0,0.93,1.0,1.04,0.62,1.0,1.05,0.965,1.0,1.02,0.81,1.0,1.025,0.26,0.74,R,0.2248,0.27531,0.06168,0.05919,0.00647,0.00701,0.03255,0.0296,0.14131,0.1348,0.04319,0.04038,0.00292,0.00278,0.00517,0.00579,0.48193,0.44516
687066,Eric Yang,CIN,29,1.0,1.0,150,,floor,floor,1.0,0.0,,0.22771,0.08415,0.01105,0.00683,0.03036,0.002,0.0216,0.1584,0.45791,0.08893,0.05011,0.01154,0.00909,0.00923,0.00055,0.00406,0.01529,0.01673,0.0,0.0,0.0,4e-05,3e-05,0.0,0.7835,0.2536,0.0,0.0,,0.11514,0.10932,,,0.11598,0.11011,,,,,,0.22771,0.08415,0.01105,0.03036,0.1584,0.0216,0.002,0.00683,0.45791,0.23649,0.30756,0.28442,0.23649,0.28442,0.0,0.0,0.0,0.2536,,1.0,1.0,1.0,1.0,1.0,1.0,1.0,1.0,1.0,1.0,1.0,1.0,0.25871,0.74129,R,0.22771,0.22771,0.08415,0.08415,0.01105,0.01105,0.03036,0.03036,0.1584,0.1584,0.0216,0.0216,0.002,0.002,0.00683,0.00683,0.45791,0.45791
669432,Trevor Rogers,BAL,29,2.0,2.0,0,,floor,floor,1.0,2.0,2025.0,0.23403,0.08346,0.01092,0.00674,0.03034,0.00281,0.04107,0.13636,0.45428,0.08941,0.04972,0.0114,0.00898,0.11517,0.00923,0.09965,0.17583,0.21554,0.0,0.0,0.0,3e-05,3e-05,0.0,0.7835,0.23073,0.0,0.0,,0.11514,0.10932,,,0.11598,0.11011,,,,,,0.23403,0.08346,0.01092,0.03034,0.13636,0.04107,0.00281,0.00674,0.45428,0.23426,0.30494,0.28405,0.23426,0.28405,0.0,0.0,0.0,0.23073,,1.0,1.0,1.0,1.0,1.0,1.0,1.0,1.0,1.0,1.0,1.0,1.0,0.26733,0.73267,L,0.23403,0.23403,0.08346,0.08346,0.01092,0.01092,0.03034,0.03034,0.13636,0.13636,0.04107,0.04107,0.00281,0.00281,0.00674,0.00674,0.45428,0.45428
680418,Tyler Cropley,KC,31,7.0,7.0,0,,floor,floor,1.0,0.0,,0.22518,0.08168,0.01029,0.01785,0.03034,0.00281,0.04108,0.13639,0.45439,0.08727,0.04871,0.01076,0.01411,0.1152,0.00923,0.09968,0.17587,0.21559,0.0,0.0,0.0,3e-05,3e-05,0.0,0.7835,0.22836,0.0,0.0,,0.11514,0.10932,,,0.11598,0.11011,,,,,,0.22518,0.08168,0.01029,0.03034,0.13639,0.04108,0.00281,0.01785,0.45439,0.2366,0.30259,0.28405,0.2366,0.28405,0.0,0.0,0.0,0.22836,,1.0,1.0,1.0,1.0,1.0,1.0,1.0,1.0,1.0,1.0,1.0,1.0,0.26,0.74,R,0.22518,0.22518,0.08168,0.08168,0.01029,0.01029,0.03034,0.03034,0.13639,0.13639,0.04108,0.04108,0.00281,0.00281,0.01785,0.01785,0.45439,0.45439
656371,Isan Díaz,DET,31,26.0,26.0,0,,floor,floor,1.0,0.0,,0.23769,0.08374,0.00844,0.00522,0.03034,0.00281,0.04107,0.13637,0.45432,0.08496,0.04706,0.00885,0.00696,0.11518,0.00923,0.09966,0.17585,0.21556,0.0213,0.0166,0.00469,0.00925,0.00724,0.09319,0.77964,0.22855,1.5660187499999996,0.0,,0.11098,0.1091,0.02154,0.02138,0.11055,0.10868,1.00391,116.0,5.0,13.572162499999997,13.572162499999997,0.23531,0.08332,0.00844,0.03049,0.13569,0.03984,0.00351,0.00522,0.45818,0.23203,0.30129,0.28097,0.23203,0.28097,0.0212,0.01652,0.00467,0.22745,116.0,1.01,0.99,0.94,1.5,0.99,0.98,1.005,0.995,0.97,1.25,0.995,0.99,0.26,0.74,L,0.23939,0.23709,0.08306,0.08398,0.00698,0.00896,0.03127,0.03001,0.13692,0.13618,0.04118,0.04103,0.00232,0.00298,0.00429,0.00554,0.45459,0.45423
596059,Rougned Odor,SD,33,157.0,629.0,0,,floor,floor,1.0,0.0,,0.22989,0.08058,0.01819,0.00642,0.03034,0.00281,0.04107,0.13637,0.45433,0.04524,0.02491,0.00502,0.003,0.11518,0.00923,0.09966,0.17585,0.21556,0.02028,0.01582,0.00446,0.0063,0.00495,0.08623,0.77995,0.23514,59.90021718749999,4.671955937499999,,0.11676,0.11528,0.01456,0.01448,0.11578,0.11432,1.00847,135.0,5.0,291.38388875,291.38388875,0.23104,0.08179,0.01819,0.03125,0.13433,0.0384,0.00239,0.00642,0.45619,0.23094,0.30635,0.27739,0.23094,0.27739,0.02021,0.01576,0.00445,0.23431,135.0,1.06,0.97,0.87,0.7,1.03,1.01,1.03,0.985,0.935,0.85,1.015,1.005,0.26,0.74,L,0.24039,0.2262,0.07762,0.08162,0.02191,0.01688,0.02883,0.03087,0.15256,0.13069,0.03659,0.04265,0.00307,0.00272,0.00575,0.00666,0.43329,0.46172
700652,Kenny Piper,TB,28,11.0,11.0,0,,floor,floor,1.0,11.0,2026.0,0.22722,0.09297,0.00984,0.00608,0.03029,0.0028,0.04101,0.13616,0.45363,0.08523,0.05028,0.01029,0.0081,0.115,0.00921,0.09951,0.17558,0.21523,0.0,0.0,0.0,3e-05,3e-05,0.0,0.7835,0.23897,0.0,0.0,,0.11514,0.10932,,,0.11598,0.11011,,,,,,0.22722,0.09297,0.00984,0.03029,0.13616,0.04101,0.0028,0.00608,0.45363,0.23596,0.31307,0.28405,0.23596,0.28405,0.0,0.0,0.0,0.23897,,1.0,1.0,1.0,1.0,1.0,1.0,1.0,1.0,1.0,1.0,1.0,1.0,0.2654,0.7346,R,0.22722,0.22722,0.09297,0.09297,0.00984,0.00984,0.03029,0.03029,0.13616,0.13616,0.04101,0.04101,0.0028,0.0028,0.00608,0.00608,0.45363,0.45363
669742,Darick Hall,PHI,31,56.0,198.0,0,,floor,floor,1.0,0.0,,0.26642,0.06101,0.00682,0.00199,0.03029,0.0028,0.041,0.13614,0.45354,0.06782,0.03126,0.00493,0.00267,0.11498,0.00921,0.09949,0.17554,0.21519,0.0152,0.01185,0.00335,0.00667,0.00522,0.07455,0.77964,0.20396,14.459573124999997,0.0,,0.11627,0.11004,0.01925,0.01879,0.11094,0.105,1.04798,143.0,6.0,92.23850437499999,92.23850437499999,0.27175,0.05949,0.00682,0.03241,0.1375,0.04059,0.00286,0.00199,0.44661,0.22899,0.27966,0.28834,0.22899,0.28834,0.01519,0.01184,0.00335,0.2038,143.0,1.14,1.02,0.98,1.04,0.95,1.04,1.07,1.01,0.99,1.02,0.975,1.02,0.26,0.74,L,0.27526,0.26331,0.05687,0.06247,0.00504,0.00744,0.02642,0.03165,0.13644,0.13603,0.0387,0.04181,0.00216,0.00303,0.00082,0.0024,0.45829,0.45187
806146,George Lombard Jr.,NYY,22,166.0,166.0,0,,projected,unmodeled,,166.0,2026.0,0.2476,0.07037,0.0077,0.01038,0.03029,0.00281,0.04101,0.13617,0.45366,0.05913,0.02983,0.00556,0.00645,0.11501,0.00921,0.09952,0.17559,0.21524,0.02222,0.01729,0.00493,0.00732,0.00573,0.10373,0.77822,0.21425,29.75,2.55,29.3,0.13886,0.13294,0.01988,0.01951,0.12517,0.11984,1.10936,147.0,3.0,141.1,141.1,0.25255,0.0753,0.0077,0.03302,0.13005,0.03999,0.00244,0.01038,0.44858,0.22666,0.28849,0.27771,0.22666,0.27771,0.0221,0.0172,0.0049,0.21305,147.0,1.18,0.91,0.95,0.74,1.14,1.04,1.09,0.955,0.975,0.87,1.07,1.02,0.22404,0.77596,R,0.23722,0.2506,0.08231,0.06692,0.00758,0.00774,0.03067,0.03019,0.13601,0.13622,0.04212,0.04069,0.00411,0.00243,0.01185,0.00995,0.44812,0.45526
641531,Hunter Dozier,KC,35,91.0,591.0,0,,floor,floor,1.0,0.0,,0.25151,0.07507,0.0058,0.0038,0.03029,0.0028,0.041,0.13614,0.45357,0.04802,0.02483,0.00293,0.00237,0.11499,0.00921,0.0995,0.17555,0.2152,0.01841,0.01432,0.0041,0.00589,0.00461,0.08485,0.7776,0.21702,55.54146499999999,4.1499496874999995,,0.10771,0.09704,0.01397,0.01334,0.11242,0.10129,0.95808,118.0,6.0,269.35522499999996,269.35522499999996,0.23768,0.07507,0.0058,0.02862,0.13751,0.04469,0.00372,0.0038,0.4631,0.23439,0.29541,0.28646,0.23439,0.28646,0.01853,0.01441,0.00412,0.21838,118.0,0.89,1.02,1.18,1.65,1.0,0.89,0.945,1.01,1.09,1.325,1.0,0.945,0.26,0.74,R,0.2467,0.2532,0.09247,0.06896,0.0074,0.00524,0.03118,0.02997,0.13721,0.13577,0.04262,0.04043,0.00346,0.00258,0.00352,0.00391,0.43544,0.45993
682818,Yohendrick Piñango,TOR,25,180.0,180.0,150,,projected,unmodeled,,180.0,2026.0,0.23595,0.07042,0.00344,0.00213,0.03027,0.00378,0.0463,0.14621,0.4615,0.05678,0.02913,0.00363,0.00285,0.01064,0.0009,0.00984,0.01616,0.01954,0.01256,0.00979,0.00277,0.00551,0.00432,0.05707,0.77964,0.22007,35.699999999999996,0.0,27.2,0.09705,0.1154,0.01556,0.01679,0.09925,0.11803,0.97775,141.0,6.0,153.0,153.0,0.23359,0.07042,0.00344,0.03102,0.14621,0.04722,0.00318,0.00213,0.46278,0.24635,0.3015,0.29817,0.24635,0.29817,0.01256,0.00979,0.00277,0.22007,141.0,1.05,1.0,1.04,0.68,1.0,0.98,1.025,1.0,1.02,0.84,1.0,0.99,0.22105,0.77895,L,0.27428,0.22508,0.06425,0.07217,0.00408,0.00326,0.03041,0.03023,0.12155,0.15321,0.05311,0.04436,0.00426,0.00365,0.00245,0.00204,0.44561,0.46601
624641,Edmundo Sosa,PHI,31,250.0,1275.0,543,,projected,unmodeled,,261.0,2025.0,0.23071,0.03957,0.02428,0.00705,0.03026,0.00411,0.05246,0.14658,0.46498,0.0297,0.0117,0.00418,0.00227,0.00514,0.0007,0.00534,0.00804,0.00993,0.0221,0.0173,0.0048,0.0044,0.0035,0.10504,0.78288,0.21043,165.46331093749998,15.995974687499999,28.7,0.12411,0.1322,0.01065,0.01095,0.11843,0.12615,1.04798,143.0,4.0,810.2486343749999,810.2486343749999,0.23532,0.03858,0.02428,0.03237,0.14805,0.05193,0.0042,0.00705,0.45822,0.25433,0.29941,0.30824,0.25433,0.30824,0.02215,0.01734,0.00481,0.21091,143.0,1.14,1.02,0.98,1.04,0.95,1.04,1.07,1.01,0.99,1.02,0.975,1.02,0.4335,0.5665,R,0.23334,0.22869,0.04724,0.0337,0.0275,0.02181,0.03566,0.02612,0.15589,0.13946,0.05456,0.05085,0.00482,0.00357,0.00719,0.00695,0.4338,0.48884
685744,Kenedy Corona,HOU,27,4.0,4.0,300,,floor,floor,1.0,4.0,2025.0,0.22372,0.09633,0.01066,0.00658,0.03023,0.00295,0.04223,0.13469,0.45262,0.08739,0.05267,0.01114,0.00877,0.00711,0.00075,0.006,0.00997,0.01228,0.0,0.0,0.0,3e-05,3e-05,0.0,0.7835,0.24168,0.0,0.0,,0.11514,0.10932,,,0.11598,0.11011,,,,,,0.22372,0.09633,0.01066,0.03023,0.13469,0.04223,0.00295,0.00658,0.45262,0.23701,0.31708,0.28438,0.23701,0.28438,0.0,0.0,0.0,0.24168,,1.0,1.0,1.0,1.0,1.0,1.0,1.0,1.0,1.0,1.0,1.0,1.0,0.2598,0.7402,R,0.22372,0.22372,0.09633,0.09633,0.01066,0.01066,0.03023,0.03023,0.13469,0.13469,0.04223,0.04223,0.00295,0.00295,0.00658,0.00658,0.45262,0.45262
641553,Adam Engel,SD,35,6.0,266.0,0,,floor,floor,1.0,0.0,,0.26116,0.06109,0.01415,0.0016,0.03021,0.0028,0.04089,0.13578,0.45234,0.06321,0.02934,0.00634,0.00214,0.11468,0.00919,0.09923,0.17508,0.21462,0.03396,0.02645,0.00752,0.00902,0.00709,0.16096,0.77862,0.21101,23.960086875,7.099284999999999,,0.10985,0.08751,0.01672,0.01513,0.12041,0.09592,0.91233,145.0,2.0,115.36338124999999,115.36338124999999,0.25855,0.062,0.01415,0.0299,0.1351,0.03987,0.00236,0.0016,0.45647,0.2247,0.28338,0.27979,0.2247,0.27979,0.034,0.02647,0.00753,0.21125,145.0,0.98,0.99,0.95,0.69,1.03,0.98,0.99,0.995,0.975,0.845,1.015,0.99,0.26,0.74,R,0.25326,0.26393,0.07014,0.0579,0.013,0.01455,0.03332,0.02911,0.12137,0.14084,0.04128,0.04076,0.0025,0.0029,0.0017,0.00156,0.46343,0.44844
676625,Rylan Bannon,HOU,31,6.0,21.0,0,,floor,floor,1.0,0.0,,0.23756,0.07711,0.01876,0.00548,0.03016,0.00279,0.04083,0.13559,0.45171,0.08639,0.0461,0.01343,0.00731,0.11452,0.00917,0.09909,0.17483,0.21432,0.0,0.0,0.0,3e-05,3e-05,0.0,0.7835,0.23147,0.0,0.0,,0.11514,0.10932,,,0.11598,0.11011,,,,,,0.23756,0.07711,0.01876,0.03016,0.13559,0.04083,0.00279,0.00548,0.45171,0.23299,0.30526,0.28405,0.23299,0.28405,0.0,0.0,0.0,0.23147,,1.0,1.0,1.0,1.0,1.0,1.0,1.0,1.0,1.0,1.0,1.0,1.0,0.26,0.74,R,0.23756,0.23756,0.07711,0.07711,0.01876,0.01876,0.03016,0.03016,0.13559,0.13559,0.04083,0.04083,0.00279,0.00279,0.00548,0.00548,0.45171,0.45171
669384,Raynel Delgado,HOU,27,41.0,41.0,150,,projected,unmodeled,,41.0,2026.0,0.20947,0.08169,0.0074,0.00457,0.03016,0.00307,0.04022,0.14738,0.47604,0.07454,0.04271,0.00776,0.00611,0.00928,0.00057,0.00651,0.01523,0.01732,0.01966,0.01533,0.00433,0.00854,0.00668,0.08314,0.77964,0.23647,8.5,0.0,27.2,0.11501,0.11079,0.02083,0.0205,0.11485,0.11063,1.0014,117.0,5.0,34.85,34.85,0.2168,0.0821,0.0074,0.03212,0.14516,0.03941,0.00281,0.00457,0.46962,0.24231,0.30901,0.28522,0.24231,0.28522,0.01951,0.01521,0.0043,0.23466,117.0,1.13,0.97,0.96,0.83,1.01,1.07,1.065,0.985,0.98,0.915,1.005,1.035,0.25726,0.74274,L,0.2089,0.20966,0.08539,0.08041,0.00569,0.00799,0.03242,0.02938,0.14722,0.14743,0.03908,0.04061,0.00278,0.00317,0.00347,0.00495,0.47505,0.47639
815589,Bo Davidson,SF,24,22.0,22.0,0,,floor,floor,1.0,22.0,2026.0,0.23796,0.07849,0.00877,0.01523,0.03009,0.00279,0.04074,0.13527,0.45066,0.08314,0.04469,0.00919,0.01207,0.11425,0.00915,0.09886,0.17443,0.21382,0.0,0.0,0.0,3e-05,2e-05,0.0,0.7835,0.22253,0.0,0.0,,0.11514,0.10932,,,0.11598,0.11011,,,,,,0.23796,0.07849,0.00877,0.03009,0.13527,0.04074,0.00279,0.01523,0.45066,0.23274,0.29615,0.28405,0.23274,0.28405,0.0,0.0,0.0,0.22253,,1.0,1.0,1.0,1.0,1.0,1.0,1.0,1.0,1.0,1.0,1.0,1.0,0.28829,0.71171,L,0.23796,0.23796,0.07849,0.07849,0.00877,0.00877,0.03009,0.03009,0.13527,0.13527,0.04074,0.04074,0.00279,0.00279,0.01523,0.01523,0.45066,0.45066
676761,Irving Lopez,STL,32,12.0,12.0,0,,floor,floor,1.0,0.0,,0.23438,0.07967,0.00973,0.01688,0.03008,0.00279,0.04073,0.13523,0.45051,0.08741,0.04756,0.01018,0.01336,0.11421,0.00915,0.09883,0.17437,0.21375,0.0,0.0,0.0,3e-05,2e-05,0.0,0.7835,0.22463,0.0,0.0,,0.11514,0.10932,,,0.11598,0.11011,,,,,,0.23438,0.07967,0.00973,0.03008,0.13523,0.04073,0.00279,0.01688,0.45051,0.23366,0.29822,0.28405,0.23366,0.28405,0.0,0.0,0.0,0.22463,,1.0,1.0,1.0,1.0,1.0,1.0,1.0,1.0,1.0,1.0,1.0,1.0,0.26,0.74,L,0.23438,0.23438,0.07967,0.07967,0.00973,0.00973,0.03008,0.03008,0.13523,0.13523,0.04073,0.04073,0.00279,0.00279,0.01688,0.01688,0.45051,0.45051
592656,Henry Ramos,CIN,35,86.0,86.0,0,,floor,floor,1.0,0.0,,0.22954,0.09806,0.01142,0.00333,0.03001,0.00278,0.04062,0.13488,0.44936,0.07431,0.04474,0.00822,0.00446,0.11392,0.00913,0.09857,0.17393,0.2132,0.02449,0.01907,0.00542,0.0092,0.0072,0.10022,0.77876,0.24436,13.572162499999997,1.5660187499999996,,0.11024,0.09853,0.01957,0.01863,0.11473,0.10254,0.96083,113.0,6.0,44.89253749999999,44.89253749999999,0.23413,0.10296,0.01142,0.03196,0.13151,0.04022,0.00251,0.00333,0.44196,0.23371,0.32058,0.28277,0.23371,0.28277,0.02464,0.01919,0.00545,0.24589,113.0,1.13,0.95,0.98,0.81,1.1,1.04,1.065,0.975,0.99,0.905,1.05,1.02,0.26,0.74,S,0.23863,0.22635,0.08374,0.10309,0.01285,0.01091,0.03064,0.02979,0.13832,0.13368,0.04188,0.04018,0.00233,0.00294,0.00338,0.00331,0.44823,0.44976
665120,Jared Walsh,TEX,33,60.0,630.0,150,,floor,floor,1.0,0.0,,0.30066,0.07644,0.0083,0.00078,0.03,0.00217,0.03129,0.13209,0.41827,0.04884,0.02409,0.0034,0.00105,0.00993,0.00082,0.00701,0.01446,0.0173,0.01207,0.00941,0.00267,0.0048,0.00376,0.05569,0.77889,0.21683,57.302468437499996,1.3311159375,26.7,0.10387,0.10338,0.01322,0.0132,0.11008,0.10956,0.94359,140.0,5.0,298.842436875,298.842436875,0.30216,0.07415,0.0083,0.02895,0.12945,0.03019,0.00199,0.00078,0.42403,0.20788,0.27303,0.27598,0.20788,0.27598,0.0118,0.00919,0.00261,0.2119,140.0,0.93,0.96,0.93,0.83,0.94,1.01,0.965,0.98,0.965,0.915,0.97,1.005,0.21923,0.78077,L,0.25392,0.31378,0.08072,0.07524,0.00849,0.00825,0.0258,0.03118,0.13746,0.13058,0.03428,0.03045,0.00262,0.00205,0.00097,0.00073,0.45576,0.40774
543543,Brad Miller,TEX,37,67.0,308.0,0,,floor,floor,1.0,0.0,,0.2443,0.08959,0.00231,0.00658,0.02999,0.00278,0.0406,0.13479,0.44907,0.05876,0.03325,0.00243,0.0041,0.11385,0.00912,0.09851,0.17381,0.21306,0.02033,0.01582,0.00451,0.0071,0.00555,0.08967,0.77816,0.22669,33.2778984375,2.662231875,,0.09898,0.10822,0.01564,0.01626,0.10489,0.11469,0.94359,140.0,5.0,141.9073990625,141.9073990625,0.24552,0.0869,0.00231,0.02894,0.1321,0.03917,0.00254,0.00658,0.45594,0.22423,0.29196,0.276,0.22423,0.276,0.01984,0.01544,0.0044,0.22131,140.0,0.93,0.96,0.93,0.83,0.94,1.01,0.965,0.98,0.965,0.915,0.97,1.005,0.26,0.74,L,0.25032,0.24218,0.08325,0.09182,0.00284,0.00212,0.03148,0.02946,0.13535,0.1346,0.04437,0.03927,0.0032,0.00263,0.0063,0.00668,0.44289,0.45124
443558,Nelson Cruz,SD,46,152.0,659.0,0,,floor,floor,1.0,0.0,,0.24514,0.08246,0.00933,0.00616,0.02997,0.00278,0.04058,0.13473,0.44885,0.0455,0.02477,0.00353,0.00288,0.11379,0.00912,0.09846,0.17373,0.21296,0.01284,0.01004,0.0028,0.00468,0.00368,0.05669,0.78214,0.22652,75.27330124999999,2.2968274999999996,,0.10761,0.13445,0.01386,0.01527,0.1067,0.13332,1.00847,135.0,5.0,304.30354343749997,304.30354343749997,0.24636,0.0837,0.00933,0.03087,0.13271,0.03794,0.00236,0.00616,0.45057,0.22633,0.29691,0.27744,0.22633,0.27744,0.0128,0.01001,0.00279,0.22574,135.0,1.06,0.97,0.87,0.7,1.03,1.01,1.03,0.985,0.935,0.85,1.015,1.005,0.26,0.74,R,0.22627,0.25176,0.08426,0.08183,0.01295,0.00806,0.03418,0.0285,0.13465,0.13476,0.04127,0.04033,0.00242,0.0029,0.00788,0.00556,0.45613,0.4463
621043,Carlos Correa,HOU,32,141.0,2262.0,850,,projected,unmodeled,,584.0,2025.0,0.19946,0.09688,0.00508,0.00579,0.02995,0.00195,0.04972,0.16424,0.44694,0.02246,0.01415,0.00147,0.00157,0.00412,0.00016,0.00393,0.00666,0.00783,0.00429,0.00334,0.00095,0.00167,0.00131,0.01611,0.77885,0.2662,353.6582728125,1.2937053125,27.2,0.11989,0.11,0.00831,0.008,0.11972,0.10985,1.0014,117.0,5.0,1331.7236343749996,1331.7236343749996,0.20644,0.09737,0.00508,0.0319,0.16177,0.04872,0.00179,0.00579,0.44115,0.27382,0.34663,0.32488,0.27382,0.32488,0.00426,0.00332,0.00094,0.26422,117.0,1.13,0.97,0.96,0.83,1.01,1.07,1.065,0.985,0.98,0.915,1.005,1.035,0.25464,0.74536,R,0.17337,0.20837,0.11642,0.09021,0.00537,0.00498,0.03876,0.02694,0.15206,0.1684,0.05102,0.04927,0.00255,0.00175,0.00753,0.00519,0.45292,0.44489
668974,Maverick Handley,BAL,29,1.0,48.0,300,,projected,unmodeled,,47.0,2025.0,0.26817,0.07352,0.0148,0.01213,0.02994,0.00136,0.03405,0.13324,0.43279,0.08116,0.0407,0.01063,0.00964,0.00647,0.00018,0.00523,0.00875,0.01101,0.01971,0.01536,0.00434,0.00856,0.0067,0.08894,0.77964,0.22156,4.334999999999999,0.0,27.1,0.1083,0.10735,0.0204,0.02032,0.10749,0.10654,1.00754,110.0,6.0,33.957499999999996,33.957499999999996,0.26817,0.07168,0.0148,0.03129,0.13457,0.03388,0.00141,0.01213,0.43206,0.22315,0.28763,0.28219,0.22315,0.28219,0.01966,0.01533,0.00433,0.22106,110.0,1.09,1.02,0.99,1.08,0.95,1.0,1.045,1.01,0.995,1.04,0.975,1.0,0.2379,0.7621,R,0.27682,0.26547,0.07233,0.07389,0.01927,0.01341,0.03233,0.02919,0.13332,0.13321,0.03073,0.03509,0.00062,0.00159,0.01881,0.01005,0.41579,0.43809
672724,Oswald Peraza,LAA,27,370.0,894.0,467,,projected,unmodeled,,370.0,2026.0,0.27976,0.06135,0.02043,0.00262,0.02992,0.00357,0.0304,0.13882,0.43312,0.03515,0.016,0.00453,0.00164,0.0051,0.00096,0.00374,0.00812,0.0095,0.03484,0.02744,0.0074,0.00591,0.00475,0.15794,0.78767,0.2206,135.0626571875,22.943954374999997,28.6,0.0931,0.07723,0.00957,0.0088,0.10231,0.08487,0.90997,108.0,7.0,630.9568965625,630.9568965625,0.28815,0.06105,0.02043,0.02992,0.13882,0.02888,0.00331,0.00262,0.42683,0.21937,0.2824,0.28604,0.21937,0.28604,0.03479,0.02741,0.00739,0.22029,108.0,1.0,1.0,0.9,0.85,0.99,1.06,1.0,1.0,0.95,0.925,0.995,1.03,0.32979,0.67021,R,0.28261,0.27836,0.07048,0.05686,0.01573,0.02274,0.03381,0.02801,0.12325,0.14648,0.03426,0.0285,0.00423,0.00325,0.00235,0.00275,0.43329,0.43304
691181,Emmanuel Rodriguez,MIN,24,48.0,48.0,0,,projected,unmodeled,,48.0,2026.0,0.25495,0.07824,0.00699,0.00432,0.02991,0.00277,0.04049,0.13444,0.44789,0.07813,0.04098,0.00734,0.00577,0.11355,0.0091,0.09825,0.17336,0.21251,0.02364,0.01836,0.00529,0.00917,0.00715,0.10764,0.77634,0.21967,5.1,0.85,28.0,0.10839,0.11121,0.02003,0.02025,0.10845,0.11127,0.99946,142.0,5.0,40.8,40.8,0.25112,0.07746,0.00699,0.02901,0.13646,0.04332,0.0027,0.00432,0.44861,0.2321,0.29594,0.28915,0.2321,0.28915,0.02378,0.01846,0.00532,0.22091,142.0,0.94,1.03,1.14,0.95,0.98,0.97,0.97,1.015,1.07,0.975,0.99,0.985,0.27016,0.72984,L,0.24632,0.25814,0.0763,0.07896,0.00519,0.00766,0.02684,0.03104,0.13657,0.13365,0.04162,0.04007,0.00171,0.00316,0.00316,0.00475,0.4623,0.44256
680716,Jonathan Ornelas,MIL,27,22.0,80.0,300,,floor,floor,1.0,22.0,2026.0,0.28374,0.07285,0.01184,0.00346,0.0299,0.00107,0.03565,0.13433,0.42716,0.0771,0.03784,0.00853,0.00463,0.00716,0.00019,0.00593,0.00892,0.01099,0.01949,0.0152,0.0043,0.00842,0.00659,0.08901,0.77964,0.21902,4.912999999999999,0.0,27.3,0.1019,0.10311,0.01954,0.01964,0.10799,0.10928,0.94359,140.0,6.0,24.564999999999998,24.564999999999998,0.28516,0.07066,0.01184,0.02885,0.13164,0.0344,0.00098,0.00346,0.433,0.21429,0.27838,0.27836,0.21429,0.27836,0.01906,0.01486,0.0042,0.21415,140.0,0.93,0.96,0.93,0.83,0.94,1.01,0.965,0.98,0.965,0.915,0.97,1.005,0.31985,0.68015,R,0.32508,0.26431,0.06792,0.07516,0.01264,0.01147,0.03071,0.02952,0.12702,0.13777,0.03152,0.03759,0.00041,0.00138,0.00211,0.00409,0.40258,0.43872
695720,Tommy White,OAK,24,195.0,195.0,150,,projected,unmodeled,,195.0,2026.0,0.19585,0.04785,0.00325,0.00565,0.02986,0.00219,0.03251,0.17239,0.51044,0.05178,0.02371,0.00343,0.00451,0.01054,0.00066,0.00713,0.01701,0.01937,0.01399,0.01086,0.00313,0.00576,0.00449,0.06258,0.77634,0.2235,38.25,0.85,26.7,0.10646,0.0829,0.0158,0.01413,0.11041,0.08598,0.9642,133.0,7.0,165.75,165.75,0.18703,0.05048,0.00325,0.03508,0.17843,0.03511,0.00183,0.00565,0.50313,0.26627,0.30419,0.29975,0.26627,0.29975,0.01453,0.01128,0.00325,0.23216,133.0,1.35,1.07,1.16,0.67,1.11,0.91,1.175,1.035,1.08,0.835,1.055,0.955,0.30633,0.69367,R,0.21727,0.18639,0.05279,0.04567,0.00345,0.00317,0.02541,0.03182,0.19529,0.16228,0.02957,0.03381,0.00229,0.00215,0.00494,0.00596,0.46899,0.52875
571980,Tyler Naquin,CWS,36,8.0,342.0,0,,floor,floor,1.0,0.0,,0.26633,0.06695,0.0116,0.00131,0.02983,0.00276,0.04038,0.13409,0.44673,0.05919,0.02849,0.00521,0.00176,0.11326,0.00907,0.098,0.17291,0.21196,0.02072,0.01613,0.0046,0.0072,0.00564,0.09746,0.77816,0.21264,26.622318749999998,2.662231875,,0.12513,0.12102,0.01802,0.01776,0.12164,0.11765,1.02866,121.0,3.0,148.197574375,148.197574375,0.27033,0.06929,0.0116,0.02998,0.13141,0.03897,0.00247,0.00131,0.44463,0.221,0.28373,0.27993,0.221,0.27993,0.02069,0.0161,0.00459,0.21231,121.0,1.01,0.96,0.93,0.79,1.07,1.03,1.005,0.98,0.965,0.895,1.035,1.015,0.26,0.74,L,0.22769,0.27991,0.06466,0.06776,0.01161,0.0116,0.02827,0.03038,0.13912,0.13233,0.03823,0.04114,0.00182,0.00309,0.00148,0.00125,0.48711,0.43255
656403,Drew Ellis,PHI,31,29.0,46.0,0,,floor,floor,1.0,0.0,,0.23685,0.09816,0.0071,0.00439,0.02982,0.00276,0.04037,0.13403,0.44653,0.08164,0.04864,0.00745,0.00587,0.1132,0.00907,0.09795,0.17283,0.21186,0.02331,0.01812,0.00518,0.00959,0.00749,0.09739,0.77761,0.23929,4.698056249999999,0.5220062499999999,,0.12456,0.11974,0.02312,0.02273,0.11886,0.11426,1.04798,143.0,5.0,15.138181249999997,15.138181249999997,0.24158,0.0957,0.0071,0.03191,0.13537,0.03996,0.00282,0.00439,0.44117,0.23528,0.31286,0.28766,0.23528,0.28766,0.0232,0.01804,0.00516,0.23818,143.0,1.14,1.02,0.98,1.04,0.95,1.04,1.07,1.01,0.99,1.02,0.975,1.02,0.26,0.74,R,0.23685,0.23685,0.09816,0.09816,0.0071,0.0071,0.02982,0.02982,0.13403,0.13403,0.04037,0.04037,0.00276,0.00276,0.00439,0.00439,0.44653,0.44653
656811,Ryan O'Hearn,PIT,33,451.0,2002.0,908,,projected,unmodeled,,544.0,2025.0,0.19907,0.08338,0.01052,0.00699,0.02981,0.00328,0.04262,0.15543,0.4689,0.02241,0.01321,0.00224,0.00183,0.00382,0.0003,0.00338,0.00665,0.00778,0.0085,0.00663,0.00186,0.00227,0.00179,0.03408,0.78058,0.24932,347.248236875,9.328537499999998,26.7,0.1122,0.12245,0.00778,0.00807,0.1193,0.13019,0.9405,134.0,4.0,1336.2033203124997,1336.2033203124997,0.19808,0.08296,0.01052,0.02727,0.15776,0.04624,0.00282,0.00699,0.46736,0.26025,0.32758,0.30678,0.26025,0.30678,0.00856,0.00668,0.00188,0.25124,134.0,0.83,1.03,1.17,0.72,0.99,0.99,0.915,1.015,1.085,0.86,0.995,0.995,0.20426,0.79574,L,0.22915,0.19135,0.07168,0.08638,0.01289,0.00991,0.02562,0.03088,0.13516,0.16063,0.04659,0.0416,0.00466,0.00293,0.00546,0.00738,0.46879,0.46893
806198,Cooper Pratt,MIL,22,266.0,266.0,300,,projected,unmodeled,,266.0,2026.0,0.19349,0.09373,0.00837,0.02183,0.02981,0.00322,0.03976,0.14368,0.46612,0.04653,0.02922,0.00489,0.00784,0.00683,0.00065,0.00559,0.01091,0.01285,0.05129,0.04036,0.01093,0.00919,0.00737,0.2087,0.78682,0.24578,68.0,18.7,28.9,0.12659,0.12593,0.01719,0.01716,0.11285,0.11226,1.12178,158.0,5.0,226.1,226.1,0.20413,0.09654,0.00837,0.03025,0.14081,0.03737,0.00298,0.02183,0.45772,0.2421,0.31632,0.28356,0.2421,0.28356,0.05128,0.04035,0.01093,0.24572,158.0,1.03,0.96,0.88,0.85,1.06,1.11,1.015,0.98,0.94,0.925,1.03,1.055,0.2618,0.7382,R,0.2161,0.18547,0.08671,0.09622,0.00985,0.00784,0.03408,0.02829,0.12434,0.15054,0.03703,0.04073,0.00362,0.00307,0.02264,0.02154,0.46563,0.46629
519058,Mike Moustakas,LAA,38,386.0,671.0,0,,floor,floor,1.0,0.0,,0.24574,0.07272,0.01318,0.01538,0.02979,0.00276,0.04033,0.13392,0.44617,0.04427,0.02273,0.00416,0.00449,0.11311,0.00906,0.09787,0.17269,0.21169,0.01011,0.00789,0.00222,0.00414,0.00325,0.04601,0.78061,0.21982,73.73338281249998,0.8874106249999999,,0.10441,0.10316,0.01262,0.01256,0.11474,0.11336,0.90997,108.0,5.0,327.95042656249996,327.95042656249996,0.25311,0.07236,0.01318,0.02979,0.13392,0.03832,0.00255,0.01538,0.44138,0.22755,0.29012,0.28367,0.22755,0.28367,0.0101,0.00788,0.00222,0.21946,108.0,1.0,1.0,0.9,0.85,0.99,1.06,1.0,1.0,0.95,0.925,0.995,1.03,0.26,0.74,L,0.23973,0.24785,0.07072,0.07343,0.01448,0.01272,0.0233,0.03208,0.13905,0.13212,0.04023,0.04037,0.00335,0.00255,0.01011,0.01724,0.45905,0.44164
686780,Pedro Pagés,STL,28,211.0,818.0,561,,projected,unmodeled,,389.0,2025.0,0.26333,0.06061,0.00656,0.00841,0.02979,0.001,0.02859,0.14874,0.45297,0.03555,0.0164,0.00269,0.00305,0.00514,0.00014,0.00351,0.00794,0.00924,0.00781,0.00611,0.0017,0.00303,0.00238,0.03616,0.78282,0.21591,127.11962499999998,2.92825,25.5,0.09332,0.1028,0.01013,0.01057,0.09653,0.10634,0.96671,138.0,6.0,594.28175,594.28175,0.25148,0.05879,0.00656,0.02622,0.15394,0.02959,0.00085,0.00841,0.46416,0.22737,0.27595,0.2843,0.22737,0.2843,0.00793,0.00621,0.00172,0.2193,138.0,0.76,1.07,1.07,0.7,0.94,0.91,0.88,1.035,1.035,0.85,0.97,0.955,0.33595,0.66405,R,0.27603,0.2569,0.06506,0.05835,0.00567,0.00701,0.01973,0.03489,0.15657,0.14478,0.03195,0.02689,0.00151,0.00074,0.00867,0.00828,0.43481,0.46216
672386,Alejandro Kirk,TOR,28,313.0,2168.0,914,,projected,unmodeled,,506.0,2025.0,0.1244,0.09977,0.00618,0.01092,0.02978,0.00073,0.04657,0.15863,0.52302,0.01857,0.01435,0.00165,0.00219,0.00369,7e-05,0.00344,0.00663,0.00778,0.0,0.0,0.0,1e-05,1e-05,0.0,0.78136,0.26458,377.31897375,1.5724999999999998,23.9,0.08565,0.12523,0.00707,0.00836,0.08759,0.12808,0.97775,141.0,6.0,1329.0184615624999,1329.0184615624999,0.12316,0.09977,0.00618,0.03053,0.15863,0.0475,0.00062,0.01092,0.5227,0.26867,0.34322,0.28343,0.26867,0.28343,0.0,0.0,0.0,0.26458,141.0,1.05,1.0,1.04,0.68,1.0,0.98,1.025,1.0,1.02,0.84,1.0,0.99,0.27829,0.72171,R,0.16116,0.11022,0.09826,0.10035,0.00484,0.0067,0.0287,0.0302,0.14992,0.16199,0.05641,0.04277,0.00122,0.00055,0.00791,0.01208,0.49157,0.53514
663967,César Salazar,HOU,31,22.0,89.0,450,,floor,floor,1.0,22.0,2026.0,0.20715,0.08892,0.02896,0.01511,0.02978,0.00304,0.03163,0.14196,0.45346,0.06818,0.04076,0.01286,0.00936,0.00553,0.00054,0.00386,0.00815,0.00969,0.02224,0.01734,0.0049,0.0097,0.00759,0.08559,0.77964,0.25984,6.141249999999999,0.0,,0.12102,0.12453,0.02202,0.0223,0.12085,0.12436,1.0014,117.0,4.0,19.651999999999997,19.651999999999997,0.2144,0.08936,0.02896,0.03171,0.13983,0.031,0.00278,0.01511,0.44685,0.23694,0.32365,0.27981,0.23694,0.27981,0.0221,0.01723,0.00487,0.25815,117.0,1.13,0.97,0.96,0.83,1.01,1.07,1.065,0.985,0.98,0.915,1.005,1.035,0.26667,0.73333,L,0.20861,0.20662,0.09216,0.08774,0.0492,0.02161,0.0305,0.02952,0.14101,0.1423,0.02435,0.03428,0.00269,0.00317,0.02053,0.01314,0.43096,0.46164
692585,Yanquiel Fernández,COL,24,147.0,147.0,300,,projected,unmodeled,,147.0,2025.0,0.26229,0.06909,0.00394,0.00684,0.02973,0.00218,0.03865,0.13943,0.44785,0.06516,0.03198,0.00415,0.00546,0.00657,0.00036,0.00455,0.00996,0.01169,0.01265,0.00986,0.00279,0.00594,0.00464,0.05954,0.77964,0.21246,21.674999999999997,0.0,25.5,0.10791,0.09947,0.01718,0.01658,0.11412,0.10519,0.9456,115.0,5.0,106.20749999999998,106.20749999999998,0.24918,0.06771,0.00394,0.03092,0.14989,0.04309,0.00342,0.00684,0.44501,0.24669,0.29897,0.3062,0.24669,0.3062,0.01319,0.01028,0.00291,0.22154,115.0,1.08,1.15,1.23,2.14,0.96,0.9,1.04,1.075,1.115,1.57,0.98,0.95,0.17579,0.82421,L,0.26115,0.26253,0.06521,0.06991,0.00202,0.00435,0.02928,0.02983,0.13683,0.13999,0.03817,0.03875,0.00162,0.0023,0.0067,0.00687,0.459,0.44547
543510,James McCann,ARI,37,166.0,953.0,461,,projected,unmodeled,,166.0,2026.0,0.2426,0.05381,0.01636,0.01022,0.02973,0.00146,0.04059,0.14332,0.46193,0.03481,0.0156,0.00394,0.00313,0.00556,0.00017,0.00416,0.00834,0.01005,0.00891,0.00696,0.00195,0.00323,0.00254,0.04172,0.78144,0.21348,124.24896249999999,4.0332659374999995,25.2,0.11891,0.13279,0.01223,0.01284,0.10731,0.11984,1.10811,109.0,5.0,585.8947521875,585.8947521875,0.23047,0.05354,0.01636,0.02868,0.14547,0.04262,0.00224,0.01022,0.47041,0.23808,0.28891,0.28805,0.23808,0.28805,0.00899,0.00702,0.00196,0.21537,109.0,0.93,1.03,1.1,2.07,0.99,0.9,0.965,1.015,1.05,1.535,0.995,0.95,0.33288,0.66712,R,0.21891,0.25441,0.05391,0.05376,0.01385,0.01761,0.02491,0.03213,0.12935,0.15029,0.04211,0.03983,0.0016,0.00139,0.00813,0.01126,0.50723,0.43933
801501,Nate Furman,SF,25,39.0,39.0,150,,projected,unmodeled,,39.0,2026.0,0.23129,0.0955,0.00752,0.00465,0.02971,0.00374,0.0519,0.12402,0.45167,0.07773,0.04612,0.00789,0.00621,0.00864,0.00073,0.00794,0.01234,0.01617,0.02108,0.01644,0.00465,0.00868,0.00679,0.09285,0.77964,0.22704,7.6499999999999995,0.0,28.9,0.10427,0.10399,0.01951,0.01948,0.10918,0.10889,0.95503,137.0,6.0,33.15,33.15,0.22667,0.09312,0.00752,0.02659,0.12526,0.05293,0.00452,0.00465,0.45874,0.23394,0.30994,0.28484,0.23394,0.28484,0.02097,0.01635,0.00462,0.22589,137.0,0.79,1.02,1.04,1.42,0.95,0.96,0.895,1.01,1.02,1.21,0.975,0.98,0.22176,0.77824,L,0.23005,0.23165,0.09744,0.09495,0.00589,0.00799,0.03231,0.02897,0.11502,0.12658,0.06496,0.04817,0.00396,0.00367,0.00358,0.00495,0.4468,0.45306
501659,Abraham Almonte,NYM,38,16.0,53.0,0,,floor,floor,1.0,0.0,,0.25485,0.0756,0.01425,0.00416,0.02971,0.00275,0.04022,0.13355,0.44492,0.08298,0.04285,0.01024,0.00556,0.1128,0.00904,0.0976,0.17221,0.2111,0.0219,0.01708,0.00481,0.00908,0.00711,0.09802,0.78013,0.22339,3.5496424999999996,0.44370531249999995,,0.12581,0.11118,0.02287,0.02168,0.12264,0.10839,1.02577,111.0,2.0,16.4170965625,16.4170965625,0.25102,0.07484,0.01425,0.02778,0.13689,0.04424,0.0026,0.00416,0.44422,0.23326,0.3006,0.29259,0.23326,0.29259,0.02215,0.01728,0.00487,0.22598,111.0,0.87,1.05,1.2,0.89,0.98,0.97,0.935,1.025,1.1,0.945,0.99,0.985,0.26,0.74,S,0.27107,0.24915,0.07237,0.07673,0.01595,0.01365,0.02881,0.03003,0.12586,0.13625,0.03791,0.04103,0.00224,0.00293,0.00286,0.00461,0.44293,0.44562
514888,Jose Altuve,HOU,37,573.0,2923.0,1151,,projected,unmodeled,,654.0,2025.0,0.17685,0.08374,0.00996,0.00418,0.02963,0.00153,0.04457,0.14746,0.50208,0.01833,0.01133,0.00181,0.00118,0.00363,0.00016,0.00334,0.00568,0.00695,0.02706,0.02092,0.00614,0.00329,0.00264,0.1122,0.77308,0.24116,484.25704343749993,53.80212593749999,27.5,0.13474,0.10164,0.00753,0.00666,0.13455,0.10149,1.0014,117.0,2.0,1860.4188212499998,1860.4188212499998,0.18304,0.08416,0.00996,0.03156,0.14525,0.04368,0.0014,0.00418,0.49678,0.24608,0.316,0.277,0.24608,0.277,0.02686,0.02076,0.00609,0.23936,117.0,1.13,0.97,0.96,0.83,1.01,1.07,1.065,0.985,0.98,0.915,1.005,1.035,0.22949,0.77051,R,0.18482,0.17447,0.09162,0.0814,0.01429,0.00866,0.03054,0.02936,0.15095,0.14642,0.05299,0.04206,0.00153,0.00154,0.00311,0.0045,0.47016,0.51159
571740,Billy Hamilton,CWS,36,2.0,25.0,0,,floor,floor,1.0,0.0,,0.25297,0.08408,0.00852,0.00527,0.02962,0.00274,0.0401,0.13314,0.44356,0.08767,0.04764,0.00893,0.00703,0.11245,0.00901,0.0973,0.17168,0.21045,0.0,0.0,0.0,3e-05,3e-05,0.0,0.7835,0.22574,0.0,0.0,,0.11514,0.10932,,,0.11598,0.11011,,,,,,0.25297,0.08408,0.00852,0.02962,0.13314,0.0401,0.00274,0.00527,0.44356,0.22791,0.2982,0.28405,0.22791,0.28405,0.0,0.0,0.0,0.22574,,1.0,1.0,1.0,1.0,1.0,1.0,1.0,1.0,1.0,1.0,1.0,1.0,0.26,0.74,S,0.25297,0.25297,0.08408,0.08408,0.00852,0.00852,0.02962,0.02962,0.13314,0.13314,0.0401,0.0401,0.00274,0.00274,0.00527,0.00527,0.44356,0.44356
656180,Riley Adams,WSH,31,286.0,729.0,305,,projected,unmodeled,,286.0,2025.0,0.31088,0.07193,0.01347,0.00439,0.02962,0.00116,0.03783,0.13426,0.39646,0.04246,0.02017,0.00405,0.00232,0.0061,0.00015,0.0052,0.0095,0.01112,0.00997,0.00777,0.0022,0.00388,0.00304,0.04539,0.77939,0.21966,88.97741031249998,1.7803303124999998,26.6,0.10158,0.10015,0.01206,0.01199,0.10007,0.09866,1.01514,120.0,7.0,437.72256093749996,437.72256093749996,0.30155,0.07193,0.01347,0.03036,0.13695,0.03764,0.00111,0.00439,0.40259,0.22639,0.29146,0.30383,0.22639,0.30383,0.01009,0.00787,0.00223,0.22235,120.0,1.05,1.04,0.99,0.92,1.0,0.94,1.025,1.02,0.995,0.96,1.0,0.97,0.33117,0.66883,R,0.29595,0.31827,0.07711,0.06936,0.01586,0.01228,0.02826,0.0303,0.13211,0.13533,0.03802,0.03773,0.00112,0.00118,0.00339,0.00489,0.40818,0.39065
682515,Logan Porter,LAA,31,6.0,53.0,150,,floor,floor,1.0,9.0,2025.0,0.23725,0.1027,0.02177,0.00416,0.02962,0.00266,0.04416,0.12436,0.43333,0.07892,0.04794,0.01261,0.00556,0.00894,0.00066,0.00787,0.01299,0.01597,0.02165,0.01688,0.00477,0.00944,0.00739,0.08702,0.77964,0.24882,5.220062499999999,0.0,,0.11296,0.10613,0.02084,0.02028,0.1179,0.11077,0.95808,118.0,5.0,19.836237499999996,19.836237499999996,0.2242,0.1027,0.02177,0.02799,0.1256,0.04813,0.00353,0.00416,0.44192,0.23555,0.32972,0.28628,0.23555,0.28628,0.02176,0.01697,0.0048,0.25007,118.0,0.89,1.02,1.18,1.65,1.0,0.89,0.945,1.01,1.09,1.325,1.0,0.945,0.26512,0.73488,R,0.23842,0.23683,0.11592,0.09793,0.03178,0.01815,0.02846,0.03004,0.11285,0.12851,0.0469,0.04317,0.00212,0.00286,0.00287,0.00462,0.42069,0.43789
553882,Omar Narváez,CWS,35,10.0,521.0,300,,floor,floor,1.0,10.0,2025.0,0.19536,0.0894,0.00648,0.00924,0.0296,0.00125,0.03691,0.13491,0.49684,0.04462,0.02734,0.00327,0.0039,0.00593,0.0002,0.00423,0.00938,0.01162,0.00605,0.00472,0.00133,0.0036,0.00281,0.02621,0.77964,0.23079,55.11925406249999,0.0,23.1,0.09451,0.08927,0.01401,0.01365,0.09188,0.08678,1.02866,121.0,8.0,249.92431,249.92431,0.19829,0.09253,0.00648,0.02975,0.13222,0.03561,0.00112,0.00924,0.49476,0.22282,0.29771,0.25456,0.22282,0.25456,0.00606,0.00473,0.00134,0.23123,121.0,1.01,0.96,0.93,0.79,1.07,1.03,1.005,0.98,0.965,0.895,1.035,1.015,0.22222,0.77778,L,0.2197,0.18841,0.09294,0.08839,0.00814,0.00601,0.03369,0.02844,0.14691,0.13149,0.0384,0.03648,0.00132,0.00123,0.00785,0.00964,0.45104,0.50993
687282,Gabriel Rincones Jr.,PHI,26,89.0,89.0,0,,projected,unmodeled,,89.0,2026.0,0.26727,0.05788,0.01713,0.00919,0.02959,0.00274,0.04006,0.13301,0.44313,0.07102,0.0319,0.00995,0.00732,0.11234,0.009,0.09721,0.17151,0.21025,0.01692,0.01319,0.00373,0.00733,0.00573,0.08132,0.77964,0.20802,10.2,0.0,27.3,0.11279,0.10903,0.01956,0.01927,0.10763,0.10404,1.04798,143.0,6.0,75.64999999999999,75.64999999999999,0.27262,0.05643,0.01713,0.03166,0.13434,0.03966,0.00279,0.00919,0.43617,0.22726,0.28202,0.28842,0.22726,0.28842,0.01691,0.01318,0.00373,0.2079,143.0,1.14,1.02,0.98,1.04,0.95,1.04,1.07,1.01,0.99,1.02,0.975,1.02,0.19723,0.80277,L,0.26586,0.26762,0.0526,0.05917,0.02041,0.01633,0.03002,0.02949,0.1387,0.13161,0.03741,0.04071,0.00239,0.00282,0.01056,0.00885,0.44204,0.44339
676566,Shawn Ross,PIT,27,5.0,5.0,300,,floor,floor,1.0,5.0,2026.0,0.23018,0.08121,0.01053,0.00651,0.02958,0.00232,0.05108,0.13008,0.45851,0.08769,0.04844,0.01101,0.00867,0.0072,0.00046,0.00744,0.00986,0.01273,0.0,0.0,0.0,3e-05,2e-05,0.0,0.7835,0.22183,0.0,0.0,,0.11514,0.10932,,,0.11598,0.11011,,,,,,0.23018,0.08121,0.01053,0.02958,0.13008,0.05108,0.00232,0.00651,0.45851,0.23628,0.3048,0.2858,0.23628,0.2858,0.0,0.0,0.0,0.22183,,1.0,1.0,1.0,1.0,1.0,1.0,1.0,1.0,1.0,1.0,1.0,1.0,0.25366,0.74634,R,0.23018,0.23018,0.08121,0.08121,0.01053,0.01053,0.02958,0.02958,0.13008,0.13008,0.05108,0.05108,0.00232,0.00232,0.00651,0.00651,0.45851,0.45851
664247,Kyle Garlick,MIN,35,30.0,192.0,0,,floor,floor,1.0,0.0,,0.26307,0.06964,0.01432,0.00571,0.02953,0.00273,0.03998,0.13275,0.44226,0.06839,0.03365,0.00719,0.00456,0.11212,0.00898,0.09702,0.17118,0.20984,0.0155,0.01209,0.00342,0.00681,0.00533,0.07153,0.77964,0.21671,17.174005624999996,0.0,,0.12092,0.11328,0.01922,0.01868,0.12098,0.11334,0.99946,142.0,5.0,87.54044812499998,87.54044812499998,0.25912,0.06894,0.01432,0.02865,0.13474,0.04278,0.00267,0.00571,0.44307,0.22923,0.2921,0.28911,0.22923,0.28911,0.01559,0.01216,0.00344,0.218,142.0,0.94,1.03,1.14,0.95,0.98,0.97,0.97,1.015,1.07,0.975,0.99,0.985,0.26,0.74,R,0.28525,0.25528,0.06782,0.07028,0.01731,0.01327,0.03259,0.02846,0.13121,0.13329,0.03869,0.04043,0.00266,0.00276,0.00614,0.00556,0.41833,0.45067
695491,Joshua Báez,STL,24,108.0,108.0,0,,projected,unmodeled,,108.0,2026.0,0.26249,0.06187,0.02072,0.00826,0.02951,0.00273,0.03994,0.13263,0.44185,0.06758,0.0315,0.01036,0.00658,0.11202,0.00897,0.09693,0.17102,0.20964,0.02726,0.02121,0.00604,0.00898,0.00703,0.12665,0.77822,0.21521,13.6,2.55,29.2,0.12932,0.12604,0.01926,0.01906,0.13378,0.13038,0.96671,138.0,3.0,91.8,91.8,0.25068,0.06001,0.02072,0.02597,0.13727,0.04134,0.00232,0.00826,0.45343,0.22711,0.28763,0.28522,0.22711,0.28522,0.02761,0.02149,0.00612,0.218,138.0,0.76,1.07,1.07,0.7,0.94,0.91,0.88,1.035,1.035,0.85,0.97,0.955,0.30844,0.69156,R,0.27339,0.25763,0.06061,0.06243,0.02384,0.01933,0.03653,0.02637,0.13414,0.13196,0.04055,0.03967,0.00277,0.00272,0.00692,0.00886,0.42125,0.45104
664029,Mark Mathias,SF,32,72.0,163.0,0,,floor,floor,1.0,0.0,,0.24408,0.09935,0.00368,0.00639,0.0295,0.00273,0.03993,0.13259,0.44174,0.06849,0.0406,0.00388,0.0051,0.11199,0.00897,0.0969,0.17097,0.20959,0.02579,0.02019,0.0056,0.00877,0.00691,0.10947,0.78279,0.23562,20.358243749999996,2.8971346874999995,,0.11251,0.11958,0.01847,0.01896,0.11781,0.12521,0.95503,137.0,4.0,77.96163343749998,77.96163343749998,0.2392,0.09686,0.00368,0.0264,0.13392,0.04073,0.0033,0.00639,0.4495,0.22883,0.3049,0.28362,0.22883,0.28362,0.02567,0.02009,0.00558,0.23447,137.0,0.79,1.02,1.04,1.42,0.95,0.96,0.895,1.01,1.02,1.21,0.975,0.98,0.26,0.74,R,0.25955,0.23865,0.10789,0.09634,0.00337,0.00379,0.02878,0.02975,0.13071,0.13326,0.04145,0.0394,0.0026,0.00278,0.00672,0.00628,0.41893,0.44975
656495,Dalton Guthrie,PHI,31,28.0,56.0,0,,floor,floor,1.0,0.0,,0.22872,0.09993,0.02129,0.00407,0.02948,0.00273,0.0399,0.13249,0.4414,0.07926,0.04818,0.01233,0.00544,0.1119,0.00896,0.09683,0.17084,0.20943,0.02241,0.01748,0.00493,0.00934,0.00732,0.08833,0.78013,0.25371,9.422212812499998,0.44370531249999995,,0.12374,0.11392,0.02244,0.02165,0.11808,0.10871,1.04798,143.0,5.0,27.039923749999993,27.039923749999993,0.23329,0.09743,0.02129,0.03154,0.13382,0.0395,0.00278,0.00407,0.43628,0.23671,0.32636,0.28757,0.23671,0.28757,0.02231,0.0174,0.0049,0.25253,143.0,1.14,1.02,0.98,1.04,0.95,1.04,1.07,1.01,0.99,1.02,0.975,1.02,0.26,0.74,R,0.22872,0.22872,0.09993,0.09993,0.02129,0.02129,0.02948,0.02948,0.13249,0.13249,0.0399,0.0399,0.00273,0.00273,0.00407,0.00407,0.4414,0.4414
669194,Ryne Nelson,ARI,29,1.0,1.0,150,,floor,floor,1.0,1.0,2025.0,0.22137,0.08406,0.01105,0.00683,0.02947,0.00221,0.0428,0.14004,0.46219,0.08799,0.05006,0.01154,0.00909,0.00979,0.00052,0.00898,0.01388,0.01719,0.0,0.0,0.0,3e-05,3e-05,0.0,0.7835,0.23514,0.0,0.0,,0.11514,0.10932,,,0.11598,0.11011,,,,,,0.22137,0.08406,0.01105,0.02947,0.14004,0.0428,0.00221,0.00683,0.46219,0.23886,0.30962,0.2859,0.23886,0.2859,0.0,0.0,0.0,0.23514,,1.0,1.0,1.0,1.0,1.0,1.0,1.0,1.0,1.0,1.0,1.0,1.0,0.25871,0.74129,R,0.22137,0.22137,0.08406,0.08406,0.01105,0.01105,0.02947,0.02947,0.14004,0.14004,0.0428,0.0428,0.00221,0.00221,0.00683,0.00683,0.46219,0.46219
666135,Alex Kirilloff,MIN,29,178.0,653.0,150,,floor,floor,1.0,0.0,,0.24468,0.07755,0.01759,0.01167,0.02947,0.00654,0.05106,0.11639,0.44506,0.04334,0.02296,0.00485,0.00396,0.00838,0.00125,0.009,0.01352,0.01724,0.00849,0.00662,0.00187,0.00365,0.00286,0.04012,0.78021,0.21153,79.55221718749999,0.5220062499999999,26.8,0.10845,0.11783,0.01332,0.01381,0.10851,0.1179,0.99946,142.0,5.0,345.05227249999996,345.05227249999996,0.24101,0.07677,0.01759,0.02859,0.11813,0.05463,0.00638,0.01167,0.44523,0.23237,0.30209,0.28692,0.23237,0.28692,0.00853,0.00665,0.00187,0.2125,142.0,0.94,1.03,1.14,0.95,0.98,0.97,0.97,1.015,1.07,0.975,0.99,0.985,0.15873,0.84127,L,0.23865,0.24581,0.0811,0.07688,0.02824,0.01558,0.02768,0.02981,0.11079,0.11744,0.04285,0.05261,0.00441,0.00695,0.01026,0.01193,0.45601,0.44299
687749,Jase Bowen,SD,26,103.0,103.0,150,,projected,unmodeled,,103.0,2026.0,0.3047,0.05874,0.01582,0.00302,0.02946,0.005,0.02259,0.13868,0.42199,0.07149,0.03109,0.0092,0.00405,0.00964,0.00141,0.00566,0.01403,0.01631,0.03982,0.03114,0.00869,0.01056,0.00834,0.18675,0.78188,0.21323,11.9,5.95,29.6,0.12477,0.10031,0.01958,0.0178,0.12372,0.09947,1.00847,135.0,2.0,87.55,87.55,0.30622,0.05962,0.01582,0.03035,0.1366,0.02112,0.00425,0.00302,0.423,0.20869,0.26775,0.27688,0.20869,0.27688,0.0396,0.03096,0.00864,0.21203,135.0,1.06,0.97,0.87,0.7,1.03,1.01,1.03,0.985,0.935,0.85,1.015,1.005,0.33993,0.66007,R,0.29331,0.31056,0.06103,0.05756,0.01155,0.01802,0.03359,0.02734,0.13833,0.13885,0.02488,0.02141,0.00628,0.00434,0.00298,0.00304,0.42805,0.41887
701358,Cam Smith,HOU,24,568.0,1061.0,464,,projected,unmodeled,,568.0,2026.0,0.26313,0.08193,0.01305,0.0075,0.02945,0.00536,0.043,0.13331,0.42327,0.03057,0.01621,0.00336,0.00255,0.00508,0.0012,0.00463,0.00789,0.00954,0.02512,0.01977,0.00535,0.00467,0.00374,0.11004,0.78712,0.2283,184.3225,18.4025,29.2,0.11727,0.10447,0.00999,0.0095,0.1171,0.10433,1.0014,117.0,5.0,838.9925,838.9925,0.27234,0.08234,0.01305,0.03136,0.13131,0.04214,0.0049,0.0075,0.41505,0.23377,0.30511,0.30056,0.23377,0.30056,0.02495,0.01964,0.00531,0.22671,117.0,1.13,0.97,0.96,0.83,1.01,1.07,1.065,0.985,0.98,0.915,1.005,1.035,0.26646,0.73354,R,0.25116,0.26748,0.09461,0.07733,0.01471,0.01245,0.03552,0.02724,0.12478,0.13641,0.04606,0.04189,0.00526,0.00539,0.01011,0.00655,0.41779,0.42526
543305,Aaron Hicks,LAA,37,63.0,828.0,150,,floor,floor,1.0,0.0,,0.24038,0.12254,0.00539,0.00391,0.02944,0.00297,0.03502,0.13231,0.42804,0.04054,0.02649,0.00243,0.00207,0.00922,0.00094,0.0066,0.01298,0.01589,0.02179,0.01705,0.00474,0.00563,0.00445,0.08373,0.78266,0.26024,113.68989062499999,8.9002065625,27.0,0.10514,0.0887,0.01185,0.011,0.11555,0.09748,0.90997,108.0,6.0,402.55433156249995,402.55433156249995,0.24759,0.12193,0.00539,0.02944,0.13231,0.03327,0.00275,0.00391,0.42342,0.22763,0.32508,0.28445,0.22763,0.28445,0.02174,0.01701,0.00472,0.25963,108.0,1.0,1.0,0.9,0.85,0.99,1.06,1.0,1.0,0.95,0.925,0.995,1.03,0.26236,0.73764,S,0.2426,0.23959,0.10443,0.12899,0.00708,0.00479,0.03434,0.02769,0.14805,0.12671,0.04081,0.03296,0.00239,0.00318,0.00446,0.00372,0.41585,0.43238
695508,Cam Cauley,TEX,24,65.0,65.0,150,,projected,unmodeled,,65.0,2026.0,0.22574,0.08191,0.01307,0.00381,0.02935,0.00406,0.04087,0.14,0.46118,0.07137,0.03985,0.0094,0.0051,0.01005,0.00103,0.00869,0.01543,0.01803,0.02588,0.0202,0.00568,0.00941,0.00739,0.11013,0.78057,0.23498,11.049999999999999,0.85,30.5,0.12117,0.08701,0.01976,0.01709,0.12842,0.09221,0.94359,140.0,2.0,55.25,55.25,0.22687,0.07945,0.01307,0.02833,0.1372,0.03944,0.00372,0.00381,0.46811,0.23093,0.30121,0.27813,0.23093,0.27813,0.0253,0.01975,0.00555,0.22972,140.0,0.93,0.96,0.93,0.83,0.94,1.01,0.965,0.98,0.965,0.915,0.97,1.005,0.33585,0.66415,R,0.24869,0.21414,0.07619,0.0848,0.01457,0.01231,0.03033,0.02886,0.13621,0.14192,0.03616,0.04326,0.00506,0.00356,0.00371,0.00387,0.44908,0.4673
687799,Cade Marlowe,SEA,30,9.0,109.0,300,,floor,floor,1.0,0.0,,0.25447,0.09728,0.00474,0.00293,0.02931,0.00256,0.04053,0.13078,0.43741,0.07377,0.04272,0.00498,0.00392,0.00614,0.00048,0.00588,0.00958,0.0117,0.02931,0.0228,0.00651,0.00973,0.00761,0.12589,0.7779,0.2328,13.050156249999997,3.132037499999999,,0.11898,0.10919,0.02008,0.01935,0.1222,0.11215,0.97362,136.0,3.0,52.20062499999999,52.20062499999999,0.27483,0.09534,0.00474,0.02901,0.12489,0.03749,0.00179,0.00293,0.42899,0.21537,0.29326,0.27678,0.21537,0.27678,0.02832,0.02203,0.00629,0.22497,136.0,0.98,0.91,0.85,0.4,0.96,1.16,0.99,0.955,0.925,0.7,0.98,1.08,0.25837,0.74163,L,0.24449,0.25795,0.08375,0.102,0.00486,0.00469,0.02906,0.02939,0.13233,0.13024,0.04246,0.03985,0.00358,0.00221,0.00301,0.0029,0.45647,0.43077
669261,Jack Suwinski,PIT,28,178.0,1361.0,482,,projected,unmodeled,,178.0,2025.0,0.29953,0.11837,0.01103,0.00594,0.0293,0.00386,0.03316,0.10474,0.39407,0.03357,0.02015,0.00275,0.00202,0.00456,0.00053,0.00359,0.00648,0.00825,0.03027,0.02383,0.00644,0.00532,0.00427,0.12928,0.78715,0.23414,168.1359553125,22.413575625,27.9,0.1148,0.10994,0.01003,0.00984,0.12206,0.11689,0.9405,134.0,3.0,742.5273387499999,742.5273387499999,0.29803,0.11778,0.01103,0.02681,0.10631,0.03598,0.00332,0.00594,0.3948,0.19928,0.30123,0.26945,0.19928,0.26945,0.0304,0.02393,0.00647,0.23512,134.0,0.83,1.03,1.17,0.72,0.99,0.99,0.915,1.015,1.085,0.86,0.995,0.995,0.14809,0.85191,L,0.33771,0.29289,0.09064,0.12319,0.01165,0.01092,0.02175,0.03061,0.12344,0.10149,0.03247,0.03329,0.00591,0.0035,0.00555,0.006,0.37088,0.3981
675915,David Bañuelos,BAL,30,2.0,3.0,300,,floor,floor,1.0,2.0,2025.0,0.22555,0.08295,0.02283,0.00666,0.02929,0.0015,0.03525,0.1429,0.45307,0.088,0.04943,0.0163,0.00888,0.00633,0.00017,0.00478,0.00967,0.01205,0.0,0.0,0.0,4e-05,3e-05,0.0,0.7835,0.24868,0.0,0.0,,0.11514,0.10932,,,0.11598,0.11011,,,,,,0.22555,0.08295,0.02283,0.02929,0.1429,0.03525,0.0015,0.00666,0.45307,0.23541,0.31472,0.28393,0.23541,0.28393,0.0,0.0,0.0,0.24868,,1.0,1.0,1.0,1.0,1.0,1.0,1.0,1.0,1.0,1.0,1.0,1.0,0.26108,0.73892,R,0.22555,0.22555,0.08295,0.08295,0.02283,0.02283,0.02929,0.02929,0.1429,0.1429,0.03525,0.03525,0.0015,0.0015,0.00666,0.00666,0.45307,0.45307
641786,Kyle Lewis,ARI,31,54.0,116.0,0,,floor,floor,1.0,0.0,,0.26776,0.07868,0.00967,0.00282,0.02925,0.00271,0.0396,0.13148,0.43803,0.07548,0.03907,0.00697,0.00378,0.11105,0.0089,0.09609,0.16954,0.20783,0.01789,0.01395,0.00394,0.00782,0.00612,0.08137,0.77964,0.21983,9.056808437499999,0.0,,0.11846,0.11223,0.02141,0.02091,0.1069,0.10128,1.10811,109.0,6.0,55.698066874999995,55.698066874999995,0.25437,0.07829,0.00967,0.02823,0.13345,0.04158,0.00416,0.00282,0.44744,0.22813,0.29538,0.28596,0.22813,0.28596,0.01802,0.01405,0.00397,0.22141,109.0,0.93,1.03,1.1,2.07,0.99,0.9,0.965,1.015,1.05,1.535,0.995,0.95,0.26,0.74,R,0.25991,0.27051,0.07368,0.08044,0.00893,0.00993,0.0276,0.02983,0.14413,0.12704,0.04207,0.03873,0.00275,0.00269,0.00287,0.00281,0.43806,0.43802
671083,Buddy Kennedy,SF,28,49.0,230.0,450,,projected,unmodeled,,49.0,2026.0,0.24607,0.09367,0.01579,0.01146,0.02922,0.00299,0.04862,0.11907,0.43309,0.05944,0.03423,0.00707,0.00604,0.00529,0.00047,0.00525,0.00758,0.00994,0.01762,0.01375,0.00387,0.00686,0.00538,0.07709,0.78032,0.22853,29.012316874999996,0.6141249999999999,28.7,0.09942,0.09422,0.01587,0.0155,0.1041,0.09866,0.95503,137.0,6.0,137.583730625,137.583730625,0.24115,0.09133,0.01579,0.02616,0.12026,0.04959,0.00362,0.01146,0.44063,0.22649,0.30675,0.28248,0.22649,0.28248,0.01753,0.01368,0.00385,0.22738,137.0,0.79,1.02,1.04,1.42,0.95,0.96,0.895,1.01,1.02,1.21,0.975,0.98,0.37785,0.62215,R,0.26746,0.23308,0.10164,0.08884,0.01157,0.01836,0.02716,0.03048,0.11257,0.12301,0.04905,0.04836,0.00285,0.00308,0.00893,0.013,0.41878,0.44179
694362,Blake Dunn,CIN,28,155.0,259.0,450,,projected,unmodeled,,155.0,2026.0,0.24746,0.07893,0.03214,0.00458,0.02919,0.00526,0.03533,0.13679,0.43032,0.05267,0.02801,0.00956,0.00366,0.00549,0.00116,0.00456,0.00757,0.00947,0.0393,0.03045,0.00885,0.00888,0.00697,0.15855,0.7749,0.24786,53.943124999999995,10.323249999999998,29.6,0.12949,0.08286,0.01633,0.01342,0.13477,0.08624,0.96083,113.0,1.0,203.74712499999998,203.74712499999998,0.25241,0.08288,0.03214,0.03109,0.13337,0.03497,0.00476,0.00458,0.4238,0.23193,0.31921,0.29,0.23193,0.29,0.03938,0.03052,0.00886,0.24838,113.0,1.13,0.95,0.98,0.81,1.1,1.04,1.065,0.975,0.99,0.905,1.05,1.02,0.32026,0.67974,R,0.27243,0.23569,0.08781,0.07474,0.03207,0.03217,0.02606,0.03067,0.1335,0.13834,0.03819,0.03397,0.00429,0.00572,0.0041,0.00481,0.40154,0.44389
518792,Jason Heyward,SD,37,95.0,881.0,328,,projected,unmodeled,,95.0,2025.0,0.19784,0.08283,0.01134,0.00994,0.02916,0.00397,0.03306,0.14358,0.48827,0.03486,0.02053,0.00341,0.0032,0.00685,0.0008,0.00435,0.00996,0.01242,0.01731,0.01347,0.00385,0.00496,0.00389,0.07282,0.77783,0.23775,104.97699218749999,6.3248553124999995,27.2,0.11796,0.10971,0.01233,0.01195,0.11697,0.10878,1.00847,135.0,5.0,490.8776084375,490.8776084375,0.19883,0.08407,0.01134,0.03004,0.14143,0.03091,0.00338,0.00994,0.49006,0.22998,0.30116,0.26393,0.22998,0.26393,0.01725,0.01341,0.00383,0.23684,135.0,1.06,0.97,0.87,0.7,1.03,1.01,1.03,0.985,0.935,0.85,1.015,1.005,0.15552,0.84448,L,0.25484,0.18735,0.0712,0.08497,0.00955,0.01167,0.02913,0.02917,0.15922,0.1407,0.0301,0.0336,0.00365,0.00403,0.00661,0.01055,0.43571,0.49795
608703,Matt Reynolds,CIN,36,5.0,277.0,0,,floor,floor,1.0,0.0,,0.26185,0.08958,0.00531,0.00435,0.02915,0.0027,0.03946,0.13104,0.43655,0.06258,0.0346,0.00384,0.00348,0.11068,0.00887,0.09576,0.16897,0.20713,0.01926,0.01506,0.0042,0.00695,0.00546,0.08525,0.78206,0.22592,32.3904878125,2.2185265624999997,,0.11487,0.10051,0.01741,0.01642,0.11955,0.10461,0.96083,113.0,5.0,120.68784499999998,120.68784499999998,0.26709,0.09406,0.00531,0.03105,0.12776,0.03907,0.00244,0.00435,0.42887,0.2235,0.29969,0.283,0.2235,0.283,0.01936,0.01514,0.00422,0.22713,113.0,1.13,0.95,0.98,0.81,1.1,1.04,1.065,0.975,0.99,0.905,1.05,1.02,0.26,0.74,R,0.25486,0.26431,0.10393,0.08454,0.00515,0.00536,0.03042,0.02871,0.12044,0.13476,0.04206,0.03855,0.00241,0.0028,0.00412,0.00443,0.43662,0.43653
666703,Eguy Rosario,SD,27,57.0,100.0,300,,floor,floor,1.0,0.0,,0.26583,0.06791,0.01053,0.00307,0.02914,0.00182,0.04612,0.12601,0.44957,0.075,0.03636,0.00759,0.00411,0.00646,0.0003,0.00582,0.00984,0.01247,0.01772,0.01381,0.0039,0.00759,0.00594,0.08667,0.77964,0.20444,7.430912499999999,0.0,27.6,0.11737,0.11573,0.02028,0.02016,0.11639,0.11476,1.00847,135.0,5.0,54.319356249999984,54.319356249999984,0.26716,0.06893,0.01053,0.03001,0.12412,0.04312,0.00155,0.00307,0.45151,0.21669,0.27826,0.27211,0.21669,0.27211,0.01764,0.01376,0.00389,0.20357,135.0,1.06,0.97,0.87,0.7,1.03,1.01,1.03,0.985,0.935,0.85,1.015,1.005,0.34241,0.65759,R,0.27992,0.25849,0.06327,0.07032,0.00925,0.01119,0.034,0.02661,0.12405,0.12703,0.05527,0.04136,0.00182,0.00183,0.00305,0.00308,0.42936,0.4601
680776,Jarren Duran,BOS,30,608.0,2624.0,1151,,projected,unmodeled,,696.0,2025.0,0.24629,0.07454,0.0118,0.00612,0.02914,0.00747,0.0476,0.13796,0.43908,0.02126,0.01103,0.00208,0.0015,0.00336,0.0007,0.00304,0.00519,0.00644,0.0488,0.03895,0.00985,0.00444,0.00373,0.21759,0.79808,0.2243,383.70733468749995,85.22592999999999,29.0,0.12419,0.11051,0.00756,0.00719,0.12107,0.10773,1.02577,111.0,5.0,1758.9544221874999,1758.9544221874999,0.2426,0.0738,0.0118,0.02724,0.14141,0.05236,0.00706,0.00612,0.43762,0.2511,0.31366,0.31456,0.2511,0.31456,0.04939,0.03942,0.00997,0.227,111.0,0.87,1.05,1.2,0.89,0.98,0.97,0.935,1.025,1.1,0.945,0.99,0.985,0.28227,0.71773,L,0.25363,0.2434,0.06918,0.07665,0.01083,0.01217,0.02047,0.03254,0.15859,0.12985,0.03211,0.05369,0.00444,0.00866,0.00636,0.00603,0.4444,0.43699
602104,Ramón Urías,STL,33,100.0,1633.0,648,,projected,unmodeled,,391.0,2025.0,0.21879,0.07303,0.01453,0.01025,0.02914,0.00244,0.04673,0.1233,0.48178,0.02705,0.01449,0.00289,0.00243,0.00423,0.00039,0.00424,0.0067,0.00842,0.00877,0.00682,0.00195,0.00255,0.002,0.0416,0.77726,0.21086,221.88124281249998,6.777480312499999,26.8,0.10611,0.10692,0.00889,0.00892,0.10976,0.1106,0.96671,138.0,5.0,956.5124640624999,956.5124640624999,0.20895,0.07084,0.01453,0.02564,0.12762,0.04837,0.00208,0.01025,0.49173,0.22524,0.28907,0.26585,0.22524,0.26585,0.00886,0.00689,0.00197,0.21299,138.0,0.76,1.07,1.07,0.7,0.94,0.91,0.88,1.035,1.035,0.85,0.97,0.955,0.29536,0.70464,R,0.22424,0.21651,0.07603,0.07177,0.01392,0.01479,0.03403,0.02709,0.1211,0.12423,0.05331,0.04398,0.00199,0.00263,0.00576,0.01213,0.46963,0.48688
665782,Luis De Los Santos,TOR,29,31.0,31.0,150,,floor,floor,1.0,0.0,,0.2389,0.08144,0.00806,0.00498,0.02913,0.00135,0.03799,0.14018,0.45796,0.08313,0.04539,0.00845,0.00665,0.00929,0.00023,0.00753,0.01419,0.01733,0.02091,0.0163,0.00461,0.00907,0.0071,0.09104,0.77964,0.22968,3.0706249999999997,0.0,27.1,0.11121,0.10388,0.02098,0.02036,0.11374,0.10624,0.97775,141.0,5.0,19.037874999999996,19.037874999999996,0.23651,0.08144,0.00806,0.02986,0.14018,0.03875,0.00114,0.00498,0.45907,0.23184,0.29944,0.28173,0.23184,0.28173,0.02091,0.0163,0.00461,0.22968,141.0,1.05,1.0,1.04,0.68,1.0,0.98,1.025,1.0,1.02,0.84,1.0,0.99,0.28571,0.71429,R,0.2389,0.2389,0.08144,0.08144,0.00806,0.00806,0.02913,0.02913,0.14018,0.14018,0.03799,0.03799,0.00135,0.00135,0.00498,0.00498,0.45796,0.45796
594777,Kole Calhoun,CLE,39,174.0,598.0,0,,floor,floor,1.0,0.0,,0.26904,0.07186,0.01312,0.00819,0.0291,0.00269,0.0394,0.13081,0.43579,0.04845,0.02402,0.00437,0.00346,0.11048,0.00885,0.0956,0.16867,0.20677,0.01548,0.01201,0.00347,0.00543,0.00424,0.07174,0.77567,0.21579,55.17606062499999,2.7405328124999997,,0.09783,0.11507,0.01311,0.01407,0.10419,0.12255,0.93896,114.0,5.0,278.96013999999997,278.96013999999997,0.27576,0.07186,0.01312,0.02808,0.13081,0.04018,0.00218,0.00819,0.42981,0.22194,0.28624,0.2872,0.22194,0.2872,0.01548,0.01201,0.00347,0.21579,114.0,0.93,1.0,1.04,0.62,1.0,1.05,0.965,1.0,1.02,0.81,1.0,1.025,0.26,0.74,L,0.23775,0.28003,0.06937,0.07273,0.01681,0.01182,0.03271,0.02783,0.13309,0.13001,0.04174,0.03857,0.00271,0.00269,0.00621,0.00888,0.45959,0.42743
663624,Ryan Mountcastle,BAL,30,15.0,1958.0,759,,projected,unmodeled,,357.0,2025.0,0.24131,0.06273,0.00633,0.01303,0.02909,0.00207,0.05291,0.15797,0.43456,0.0263,0.01269,0.00176,0.00251,0.00384,0.00017,0.00439,0.00691,0.00789,0.01084,0.0085,0.00234,0.00283,0.00224,0.04775,0.7838,0.22703,243.20930468749998,8.316426562499998,27.6,0.10905,0.12255,0.00873,0.00919,0.10823,0.12163,1.00754,110.0,5.0,1084.8533478124998,1084.8533478124998,0.24131,0.06116,0.00633,0.0304,0.15955,0.05264,0.00215,0.01303,0.43342,0.26618,0.31224,0.3309,0.26618,0.3309,0.01084,0.0085,0.00234,0.22704,110.0,1.09,1.02,0.99,1.08,0.95,1.0,1.045,1.01,0.995,1.04,0.975,1.0,0.26784,0.73216,R,0.21666,0.25033,0.07148,0.05953,0.00647,0.00627,0.03291,0.0277,0.17211,0.1528,0.05213,0.05319,0.0016,0.00224,0.00813,0.01482,0.43851,0.43311
640449,Clint Frazier,CWS,32,76.0,121.0,0,,floor,floor,1.0,0.0,,0.24545,0.10519,0.00943,0.00275,0.02907,0.00269,0.03936,0.13068,0.43537,0.07245,0.04397,0.0068,0.00369,0.11038,0.00884,0.0955,0.16851,0.20657,0.03081,0.02398,0.00683,0.00995,0.0078,0.12559,0.77838,0.2453,16.730300312499995,3.5757428124999993,,0.11095,0.08755,0.0185,0.01668,0.12161,0.09596,0.91233,145.0,2.0,59.63921406249999,59.63921406249999,0.24299,0.10677,0.00943,0.02878,0.13003,0.03837,0.00227,0.00275,0.4386,0.22639,0.31566,0.28013,0.22639,0.28013,0.03092,0.02407,0.00685,0.24623,145.0,0.98,0.99,0.95,0.69,1.03,0.98,0.99,0.995,0.975,0.845,1.015,0.99,0.26,0.74,R,0.24973,0.24394,0.10007,0.10699,0.00958,0.00938,0.02604,0.03014,0.13209,0.13019,0.0421,0.03839,0.0031,0.00255,0.00261,0.0028,0.43469,0.43562
682622,Noelvi Marte,CIN,25,201.0,926.0,558,,projected,unmodeled,,360.0,2025.0,0.25144,0.0514,0.00785,0.00453,0.02906,0.00325,0.04116,0.14547,0.46583,0.03384,0.01466,0.00278,0.00212,0.00497,0.0004,0.0043,0.00787,0.0094,0.04026,0.03131,0.00895,0.00608,0.00485,0.19667,0.77765,0.20472,129.37159375,28.588049999999996,29.1,0.10979,0.10514,0.01052,0.01033,0.11426,0.10942,0.96083,113.0,5.0,643.77501875,643.77501875,0.25647,0.05397,0.00785,0.03095,0.14183,0.04075,0.00295,0.00453,0.4607,0.23186,0.2783,0.28709,0.23186,0.28709,0.04005,0.03115,0.00891,0.20365,113.0,1.13,0.95,0.98,0.81,1.1,1.04,1.065,0.975,0.99,0.905,1.05,1.02,0.25324,0.74676,R,0.27851,0.24227,0.06776,0.04585,0.00585,0.00853,0.02542,0.0303,0.15258,0.14306,0.03156,0.04442,0.00277,0.00342,0.00477,0.00444,0.43079,0.47772
678554,Curtis Mead,BOS,26,329.0,817.0,479,,projected,unmodeled,,329.0,2026.0,0.21552,0.08548,0.01995,0.00285,0.02905,0.00209,0.0526,0.13581,0.45666,0.03307,0.01914,0.00467,0.00178,0.00515,0.00027,0.00541,0.00853,0.01035,0.0208,0.01625,0.00455,0.0048,0.00379,0.08622,0.78106,0.24124,149.12878124999997,12.363249999999999,27.0,0.12971,0.1132,0.01206,0.01137,0.12645,0.11036,1.02577,111.0,2.0,599.479075,599.479075,0.21228,0.08463,0.01995,0.02716,0.13921,0.05786,0.00197,0.00285,0.45409,0.25342,0.33078,0.30474,0.25342,0.30474,0.02102,0.01642,0.0046,0.24378,111.0,0.87,1.05,1.2,0.89,0.98,0.97,0.935,1.025,1.1,0.945,0.99,0.985,0.39892,0.60108,R,0.19845,0.22685,0.09352,0.08015,0.0203,0.01972,0.02632,0.03086,0.14099,0.13237,0.05714,0.04958,0.0025,0.00182,0.00307,0.0027,0.45772,0.45595
600301,Taylor Motter,STL,37,82.0,88.0,0,,floor,floor,1.0,0.0,,0.27367,0.07614,0.01128,0.00329,0.029,0.00269,0.03926,0.13036,0.4343,0.07863,0.03982,0.00812,0.00441,0.11011,0.00882,0.09527,0.1681,0.20606,0.01793,0.01398,0.00395,0.00784,0.00613,0.08235,0.77964,0.21779,8.352099999999998,0.0,,0.10049,0.09438,0.01893,0.01841,0.10395,0.09763,0.96671,138.0,6.0,42.804512499999994,42.804512499999994,0.26135,0.07386,0.01128,0.02552,0.13493,0.04064,0.00228,0.00329,0.44685,0.22309,0.2885,0.28469,0.22309,0.28469,0.01812,0.01413,0.00399,0.22006,138.0,0.76,1.07,1.07,0.7,0.94,0.91,0.88,1.035,1.035,0.85,0.97,0.955,0.26,0.74,R,0.2828,0.27046,0.07744,0.07569,0.01252,0.01084,0.02901,0.029,0.1276,0.13133,0.04218,0.03823,0.0027,0.00268,0.0033,0.00329,0.42245,0.43847
694410,LuJames Groover,ARI,25,54.0,54.0,300,,projected,unmodeled,,54.0,2026.0,0.21691,0.08716,0.01414,0.00413,0.02899,0.00447,0.03853,0.14126,0.46441,0.07258,0.04228,0.01016,0.00552,0.00616,0.00075,0.0052,0.00953,0.012,0.0194,0.01512,0.00427,0.00854,0.00668,0.07996,0.77964,0.24256,9.35,0.0,26.8,0.12145,0.11698,0.02207,0.02171,0.1096,0.10557,1.10811,109.0,6.0,45.9,45.9,0.20606,0.08672,0.01414,0.02798,0.14338,0.04045,0.00687,0.00413,0.47027,0.24433,0.31954,0.28852,0.24433,0.28852,0.01953,0.01523,0.0043,0.24425,109.0,0.93,1.03,1.1,2.07,0.99,0.9,0.965,1.015,1.05,1.535,0.995,0.95,0.2874,0.7126,R,0.22521,0.21356,0.07988,0.09009,0.01649,0.01319,0.03173,0.02789,0.13953,0.14196,0.04008,0.0379,0.00448,0.00447,0.00413,0.00413,0.45845,0.46682
596115,Trevor Story,BOS,34,266.0,1590.0,743,,projected,unmodeled,,654.0,2025.0,0.28894,0.05972,0.00892,0.00452,0.02898,0.00195,0.04259,0.14685,0.41753,0.02872,0.01278,0.0023,0.00164,0.00403,0.0002,0.00358,0.00659,0.00768,0.04099,0.03294,0.00805,0.00515,0.00427,0.19022,0.80362,0.21549,219.882898125,45.45137531249999,27.8,0.1156,0.12766,0.00926,0.00967,0.1127,0.12445,1.02577,111.0,5.0,1027.1166037499997,1027.1166037499997,0.2846,0.05912,0.00892,0.02709,0.15053,0.04684,0.00184,0.00452,0.41652,0.24402,0.29435,0.32354,0.24402,0.32354,0.04157,0.03341,0.00816,0.21857,111.0,0.87,1.05,1.2,0.89,0.98,0.97,0.935,1.025,1.1,0.945,0.99,0.985,0.25938,0.74062,R,0.28458,0.29046,0.06619,0.05745,0.0115,0.00802,0.03035,0.0285,0.14962,0.14589,0.03741,0.0444,0.00274,0.00168,0.0046,0.0045,0.41301,0.41912
641505,Jonathan Davis,MIA,35,104.0,195.0,0,,floor,floor,1.0,0.0,,0.25156,0.09417,0.01053,0.00928,0.02895,0.00268,0.03919,0.13012,0.43351,0.06615,0.0379,0.00614,0.00577,0.1099,0.0088,0.0951,0.16779,0.20568,0.03072,0.0239,0.00682,0.00909,0.00713,0.13081,0.77788,0.23482,25.839309374999996,5.115661249999999,,0.1313,0.09826,0.01921,0.01695,0.13685,0.10242,0.9594,146.0,2.0,94.66583343749998,94.66583343749998,0.24653,0.09511,0.01053,0.02707,0.13078,0.03978,0.00322,0.00928,0.43771,0.22691,0.30648,0.28418,0.22691,0.28418,0.03093,0.02406,0.00687,0.23642,146.0,0.87,1.01,1.03,1.4,1.02,0.96,0.935,1.005,1.015,1.2,1.01,0.98,0.26,0.74,R,0.24168,0.25504,0.10009,0.09209,0.0106,0.0105,0.03041,0.02844,0.1301,0.13013,0.0433,0.03774,0.00289,0.00261,0.00803,0.00972,0.4329,0.43372
683748,Victor Mesa Jr.,TB,25,262.0,300.0,300,,projected,unmodeled,,262.0,2026.0,0.20265,0.09033,0.00499,0.00409,0.02894,0.00297,0.02902,0.15481,0.4822,0.04569,0.02774,0.00361,0.00327,0.0066,0.00041,0.00453,0.01077,0.01234,0.03827,0.02966,0.00861,0.00871,0.00684,0.15299,0.77507,0.25012,56.78,11.049999999999999,27.9,0.12745,0.11841,0.01535,0.01488,0.13277,0.12336,0.95991,139.0,3.0,250.15499999999997,250.15499999999997,0.20569,0.08581,0.00499,0.02967,0.15249,0.02858,0.00303,0.00409,0.48565,0.23618,0.30457,0.27488,0.23618,0.27488,0.03722,0.02885,0.00837,0.24329,139.0,1.05,0.97,0.97,1.04,0.9,1.03,1.025,0.985,0.985,1.02,0.95,1.015,0.26,0.74,L,0.18348,0.20939,0.08264,0.09303,0.00516,0.00493,0.02187,0.03143,0.19037,0.14232,0.03224,0.02789,0.00173,0.00341,0.00397,0.00413,0.47855,0.48349
701162,Ben Malgeri,DET,27,140.0,140.0,0,,projected,unmodeled,,140.0,2026.0,0.24154,0.10464,0.01316,0.00706,0.02891,0.00268,0.03914,0.12995,0.43293,0.06152,0.03745,0.00767,0.00563,0.10976,0.00879,0.09497,0.16757,0.20541,0.02933,0.023,0.00633,0.00878,0.00694,0.1184,0.78423,0.24775,33.15,4.25,28.9,0.12265,0.1249,0.01841,0.01855,0.12217,0.12442,1.00391,116.0,4.0,119.0,119.0,0.23912,0.10412,0.01316,0.02905,0.1293,0.03796,0.00335,0.00706,0.43688,0.22802,0.31694,0.28084,0.22802,0.28084,0.0292,0.0229,0.0063,0.24658,116.0,1.01,0.99,0.94,1.5,0.99,0.98,1.005,0.995,0.97,1.25,0.995,0.99,0.40294,0.59706,R,0.24473,0.23938,0.10475,0.10457,0.01236,0.0137,0.02155,0.03388,0.12717,0.13183,0.04474,0.03535,0.00258,0.00274,0.00789,0.0065,0.43424,0.43205
690924,Braxton Fulford,COL,28,85.0,205.0,300,,projected,unmodeled,,120.0,2025.0,0.29815,0.07849,0.01367,0.01948,0.0289,0.00494,0.03448,0.11984,0.40205,0.06047,0.03026,0.00687,0.00817,0.00644,0.00098,0.00465,0.00934,0.01151,0.02484,0.01947,0.00536,0.00754,0.00595,0.11715,0.78409,0.21199,31.789999999999996,4.1225,28.6,0.1134,0.11147,0.01621,0.01609,0.11993,0.11788,0.9456,115.0,5.0,158.95,158.95,0.28324,0.07692,0.01367,0.03006,0.12883,0.03845,0.00776,0.01948,0.4016,0.23046,0.29567,0.30354,0.23046,0.30354,0.0257,0.02015,0.00555,0.21941,115.0,1.08,1.15,1.23,2.14,0.96,0.9,1.04,1.075,1.115,1.57,0.98,0.95,0.38272,0.61728,R,0.30687,0.29274,0.07529,0.08047,0.01221,0.01457,0.02383,0.03205,0.11876,0.12051,0.04013,0.03098,0.00672,0.00384,0.01738,0.02079,0.39882,0.40405
547379,Roberto Pérez,SF,38,17.0,86.0,0,,floor,floor,1.0,0.0,,0.26182,0.09681,0.00539,0.00333,0.02887,0.00267,0.03908,0.12975,0.43228,0.07917,0.04533,0.00567,0.00446,0.10959,0.00878,0.09483,0.16731,0.2051,0.01908,0.01487,0.0042,0.00834,0.00652,0.08224,0.77964,0.23195,8.430400937499998,0.0,,0.11328,0.10925,0.02016,0.01984,0.12045,0.11616,0.9405,134.0,5.0,30.615666562499996,30.615666562499996,0.26051,0.09632,0.00539,0.02641,0.1317,0.0424,0.0023,0.00333,0.43163,0.22662,0.30453,0.29012,0.22662,0.29012,0.0192,0.01497,0.00423,0.23342,134.0,0.83,1.03,1.17,0.72,0.99,0.99,0.915,1.015,1.085,0.86,0.995,0.995,0.26,0.74,R,0.24419,0.26801,0.0939,0.09783,0.00535,0.00541,0.02877,0.0289,0.1303,0.12956,0.04068,0.03851,0.00268,0.00267,0.00333,0.00333,0.45081,0.42577
641555,J.C. Escarra,NYY,32,92.0,190.0,450,,projected,unmodeled,,98.0,2025.0,0.19161,0.0864,0.00702,0.01316,0.02885,0.00118,0.04659,0.14239,0.4828,0.05305,0.03224,0.00507,0.00692,0.00554,0.00018,0.00544,0.0089,0.01102,0.01545,0.01206,0.00339,0.00655,0.00513,0.06554,0.78043,0.23581,29.494999999999997,0.7224999999999999,26.2,0.10589,0.1118,0.01745,0.01788,0.09545,0.10078,1.10936,147.0,7.0,149.005,149.005,0.19544,0.09245,0.00702,0.03144,0.13599,0.04542,0.00103,0.01316,0.47805,0.24103,0.31335,0.27622,0.24103,0.27622,0.01543,0.01204,0.00339,0.23545,147.0,1.18,0.91,0.95,0.74,1.14,1.04,1.09,0.955,0.975,0.87,1.07,1.02,0.22564,0.77436,L,0.19786,0.18979,0.07933,0.08846,0.00727,0.00695,0.03171,0.02801,0.16705,0.13521,0.04927,0.04581,0.001,0.00123,0.01368,0.01301,0.45283,0.49153
675986,Canaan Smith-Njigba,PIT,28,37.0,44.0,0,,floor,floor,1.0,0.0,,0.25036,0.08984,0.01528,0.01252,0.02884,0.00267,0.03904,0.12962,0.43183,0.08328,0.04679,0.01097,0.00995,0.10948,0.00877,0.09473,0.16714,0.20489,0.02354,0.01836,0.00517,0.00967,0.00758,0.10026,0.78021,0.23474,3.132037499999999,0.5220062499999999,,0.10851,0.1091,0.02029,0.02034,0.11537,0.116,0.9405,134.0,5.0,19.314231249999995,19.314231249999995,0.2491,0.08939,0.01528,0.02639,0.13157,0.04236,0.0023,0.01252,0.4311,0.2295,0.30728,0.29016,0.2295,0.29016,0.02369,0.01848,0.00521,0.23624,134.0,0.83,1.03,1.17,0.72,0.99,0.99,0.915,1.015,1.085,0.86,0.995,0.995,0.26,0.74,L,0.25277,0.24951,0.09103,0.08942,0.01968,0.01374,0.02915,0.02873,0.12591,0.13093,0.03703,0.03974,0.00175,0.00299,0.01722,0.01087,0.42546,0.43407
644374,Yu Chang,BOS,31,112.0,302.0,0,,floor,floor,1.0,0.0,,0.27278,0.07057,0.01805,0.00668,0.02883,0.00267,0.03903,0.1296,0.43178,0.0608,0.02976,0.0068,0.00416,0.10946,0.00877,0.09472,0.16712,0.20486,0.02072,0.01617,0.00455,0.00728,0.00571,0.09495,0.7802,0.21822,27.274826562499996,2.5317303124999997,,0.11263,0.11373,0.01732,0.0174,0.1098,0.11087,1.02577,111.0,5.0,142.768709375,142.768709375,0.26869,0.06986,0.01805,0.02696,0.13284,0.04294,0.00252,0.00668,0.43145,0.22671,0.29317,0.29242,0.22671,0.29242,0.02096,0.01635,0.00461,0.22076,111.0,0.87,1.05,1.2,0.89,0.98,0.97,0.935,1.025,1.1,0.945,0.99,0.985,0.26,0.74,R,0.27305,0.27269,0.06915,0.07107,0.01659,0.01856,0.02629,0.02973,0.13661,0.12714,0.03924,0.03896,0.00277,0.00263,0.007,0.00657,0.4293,0.43265
805808,Kevin McGonigle,DET,22,707.0,707.0,360,,projected,unmodeled,,707.0,2026.0,0.15307,0.12728,0.00495,0.00579,0.02881,0.00939,0.04799,0.13942,0.48331,0.02893,0.02279,0.0025,0.0027,0.00613,0.00129,0.00556,0.01039,0.01286,0.02311,0.01797,0.00514,0.00497,0.00392,0.08508,0.77775,0.27165,182.75,13.6,28.2,0.13335,0.10537,0.01204,0.01087,0.13284,0.10496,1.00391,116.0,2.0,600.9499999999999,600.9499999999999,0.15154,0.12664,0.00495,0.02895,0.13872,0.04655,0.01174,0.00579,0.48513,0.26194,0.35755,0.28881,0.26194,0.28881,0.023,0.01789,0.00511,0.27031,116.0,1.01,0.99,0.94,1.5,0.99,0.98,1.005,0.995,0.97,1.25,0.995,0.99,0.28556,0.71444,L,0.19775,0.13522,0.10163,0.13753,0.00571,0.00465,0.02302,0.03112,0.13436,0.14144,0.04863,0.04773,0.00461,0.0113,0.00731,0.00518,0.47698,0.48584
641511,Jason Delay,PIT,32,19.0,373.0,150,,floor,floor,1.0,0.0,,0.23802,0.07626,0.01301,0.00343,0.02879,0.00193,0.04495,0.13415,0.45946,0.05381,0.02855,0.00532,0.00274,0.00892,0.00043,0.00827,0.01337,0.01716,0.01406,0.01092,0.00315,0.00571,0.00445,0.06295,0.7762,0.22342,40.42938406249999,0.8874106249999999,,0.11069,0.09742,0.01572,0.01486,0.11769,0.10358,0.9405,134.0,5.0,171.71395593749997,171.71395593749997,0.23683,0.07588,0.01301,0.02634,0.13617,0.04877,0.00166,0.00343,0.45792,0.23459,0.30183,0.28952,0.23459,0.28952,0.01417,0.011,0.00317,0.22506,134.0,0.83,1.03,1.17,0.72,0.99,0.99,0.915,1.015,1.085,0.86,0.995,0.995,0.26484,0.73516,R,0.23334,0.2397,0.07944,0.07511,0.01072,0.01384,0.03002,0.02834,0.13901,0.1324,0.04751,0.04402,0.00165,0.00203,0.00312,0.00354,0.45518,0.461
693409,César Prieto,STL,28,39.0,45.0,300,,projected,unmodeled,,39.0,2026.0,0.21936,0.06776,0.00716,0.00442,0.02877,0.00175,0.0394,0.1518,0.47956,0.07507,0.03881,0.00751,0.00591,0.0071,0.00028,0.00613,0.01116,0.01345,0.02395,0.01869,0.00525,0.00961,0.00754,0.10562,0.78057,0.22672,2.55,0.85,26.6,0.105,0.09379,0.0197,0.01874,0.10862,0.09702,0.96671,138.0,6.0,33.15,33.15,0.20949,0.06573,0.00716,0.02532,0.15711,0.04078,0.00149,0.00442,0.48849,0.24353,0.29759,0.28986,0.24353,0.28986,0.02429,0.01896,0.00533,0.23,138.0,0.76,1.07,1.07,0.7,0.94,0.91,0.88,1.035,1.035,0.85,0.97,0.955,0.22857,0.77143,L,0.23702,0.21413,0.0623,0.06938,0.00536,0.00769,0.03026,0.02833,0.17013,0.14637,0.03988,0.03926,0.00071,0.00206,0.00326,0.00477,0.45107,0.488
669023,Jeter Downs,WSH,28,9.0,50.0,0,,floor,floor,1.0,0.0,,0.2615,0.08949,0.00688,0.01195,0.02875,0.00266,0.03892,0.12925,0.43058,0.08432,0.04662,0.00722,0.00949,0.10916,0.00874,0.09445,0.16666,0.20429,0.02076,0.01619,0.00458,0.00903,0.00706,0.09202,0.77964,0.22563,2.2185265624999997,0.0,,0.11887,0.11422,0.02223,0.02184,0.11589,0.11135,1.02577,111.0,5.0,18.191917812499998,18.191917812499998,0.25758,0.0886,0.00688,0.02688,0.13248,0.04282,0.00252,0.01195,0.43029,0.22933,0.30018,0.2924,0.22933,0.2924,0.02098,0.01635,0.00462,0.22796,111.0,0.87,1.05,1.2,0.89,0.98,0.97,0.935,1.025,1.1,0.945,0.99,0.985,0.26,0.74,R,0.26584,0.25998,0.09825,0.08642,0.00482,0.00761,0.02695,0.02939,0.12307,0.13141,0.03646,0.03979,0.00211,0.00286,0.0176,0.00996,0.4249,0.43258
641525,Brandon Dixon,SD,35,86.0,100.0,0,,floor,floor,1.0,0.0,,0.26933,0.05948,0.02719,0.01418,0.02874,0.00266,0.0389,0.12917,0.43033,0.07676,0.03484,0.01209,0.00879,0.1091,0.00874,0.0944,0.16656,0.20418,0.01988,0.01551,0.00437,0.00821,0.00643,0.09212,0.78021,0.21585,7.830093749999999,0.5220062499999999,,0.1186,0.11239,0.02076,0.02028,0.1176,0.11144,1.00847,135.0,5.0,44.89253749999999,44.89253749999999,0.27068,0.06038,0.02719,0.0296,0.12723,0.03637,0.00226,0.01418,0.4321,0.21761,0.28304,0.27739,0.21761,0.27739,0.01979,0.01544,0.00435,0.2148,135.0,1.06,0.97,0.87,0.7,1.03,1.01,1.03,0.985,0.935,0.85,1.015,1.005,0.26,0.74,R,0.27477,0.26742,0.06122,0.05887,0.02215,0.02897,0.02784,0.02905,0.12831,0.12948,0.03756,0.03937,0.00263,0.00267,0.01761,0.01298,0.42792,0.43118
686894,Joey Wiemer,WSH,28,83.0,582.0,450,,projected,unmodeled,,83.0,2026.0,0.29079,0.09001,0.01344,0.00688,0.02872,0.003,0.03503,0.12531,0.40683,0.04575,0.02454,0.00447,0.00321,0.00519,0.00057,0.00436,0.00744,0.00903,0.02876,0.02235,0.00641,0.00674,0.0053,0.12572,0.77717,0.22876,76.603275,9.908343749999998,28.9,0.12602,0.11711,0.01433,0.01388,0.12414,0.11536,1.01514,120.0,3.0,345.8405625,345.8405625,0.28206,0.09001,0.01344,0.02944,0.12782,0.03486,0.00288,0.00688,0.41262,0.21917,0.29844,0.28634,0.21917,0.28634,0.02907,0.0226,0.00648,0.23127,120.0,1.05,1.04,0.99,0.92,1.0,0.94,1.025,1.02,0.995,0.96,1.0,0.97,0.39516,0.60484,R,0.28867,0.29216,0.07994,0.0966,0.01182,0.01449,0.03803,0.02264,0.12783,0.12367,0.04169,0.03069,0.00391,0.0024,0.00784,0.00625,0.40028,0.4111
680574,Matt McLain,CIN,27,496.0,1476.0,515,,projected,unmodeled,,577.0,2025.0,0.27953,0.09156,0.01214,0.00421,0.02871,0.00316,0.03653,0.12351,0.42064,0.02816,0.01541,0.00278,0.00164,0.00456,0.00043,0.00421,0.00757,0.00892,0.04091,0.0323,0.00861,0.00514,0.00419,0.18003,0.78949,0.22722,239.00013124999998,44.76811875,28.7,0.12598,0.09306,0.00918,0.00804,0.13112,0.09685,0.96083,113.0,2.0,1048.8510187499999,1048.8510187499999,0.28512,0.09614,0.01214,0.03057,0.12043,0.03617,0.00286,0.00421,0.41236,0.21411,0.29831,0.27886,0.21411,0.27886,0.04117,0.03251,0.00867,0.22871,113.0,1.13,0.95,0.98,0.81,1.1,1.04,1.065,0.975,0.99,0.905,1.05,1.02,0.24273,0.75727,R,0.2475,0.28979,0.10623,0.08686,0.00993,0.01285,0.03449,0.02685,0.13967,0.11833,0.03718,0.03633,0.00225,0.00345,0.00308,0.00457,0.41967,0.42096
677943,Will Banfield,CIN,27,21.0,31.0,300,,floor,floor,1.0,21.0,2026.0,0.2605,0.06769,0.00806,0.01399,0.02865,0.00242,0.03764,0.13768,0.44338,0.08348,0.04067,0.00845,0.0111,0.00678,0.00059,0.00554,0.01059,0.01279,0.0,0.0,0.0,3e-05,2e-05,0.0,0.7835,0.21343,0.0,0.0,,0.11514,0.10932,,,0.11598,0.11011,,,,,,0.2605,0.06769,0.00806,0.02865,0.13768,0.03764,0.00242,0.01399,0.44338,0.22673,0.28213,0.28615,0.22673,0.28615,0.0,0.0,0.0,0.21343,,1.0,1.0,1.0,1.0,1.0,1.0,1.0,1.0,1.0,1.0,1.0,1.0,0.25541,0.74459,R,0.2605,0.2605,0.06769,0.06769,0.00806,0.00806,0.02865,0.02865,0.13768,0.13768,0.03764,0.03764,0.00242,0.00242,0.01399,0.01399,0.44338,0.44338
701852,Drew Cavanaugh,SF,25,166.0,166.0,0,,projected,unmodeled,,166.0,2026.0,0.26875,0.09857,0.00364,0.00225,0.0286,0.00265,0.03872,0.12855,0.42827,0.06073,0.03476,0.00383,0.00301,0.10858,0.0087,0.09395,0.16576,0.2032,0.0141,0.011,0.00309,0.00588,0.00461,0.06108,0.78057,0.23076,38.25,0.85,26.4,0.08935,0.09432,0.01506,0.01543,0.09355,0.09876,0.95503,137.0,7.0,141.1,141.1,0.26338,0.09611,0.00364,0.0256,0.12984,0.03949,0.0032,0.00225,0.4365,0.22063,0.29788,0.28329,0.22063,0.28329,0.01402,0.01095,0.00308,0.22959,137.0,0.79,1.02,1.04,1.42,0.95,0.96,0.895,1.01,1.02,1.21,0.975,0.98,0.19399,0.80601,L,0.2778,0.26658,0.10094,0.09801,0.00186,0.00407,0.03555,0.02693,0.11177,0.13259,0.04095,0.03818,0.00176,0.00286,0.00107,0.00253,0.42831,0.42826
669236,Jeremiah Jackson,BAL,27,293.0,476.0,300,,projected,unmodeled,,293.0,2026.0,0.24326,0.05177,0.0088,0.00639,0.02858,0.00197,0.04117,0.14857,0.46949,0.0416,0.01829,0.00396,0.00338,0.00636,0.0003,0.00598,0.01055,0.01238,0.01643,0.01264,0.00379,0.00504,0.00391,0.07856,0.7695,0.20914,74.41749999999999,4.845,27.2,0.11051,0.13382,0.01306,0.01418,0.10969,0.13281,1.00754,110.0,4.0,381.2674999999999,381.2674999999999,0.24326,0.05047,0.0088,0.02987,0.15006,0.04097,0.00205,0.00639,0.46814,0.23861,0.28222,0.292,0.23861,0.292,0.01645,0.01266,0.00379,0.20934,110.0,1.09,1.02,0.99,1.08,0.95,1.0,1.045,1.01,0.995,1.04,0.975,1.0,0.29734,0.70266,R,0.26826,0.23268,0.06058,0.04804,0.00859,0.00889,0.02326,0.03083,0.15143,0.14736,0.04262,0.04056,0.00225,0.00185,0.00645,0.00636,0.43656,0.48342
571771,Enrique Hernández,LAD,35,96.0,1655.0,692,,projected,unmodeled,,256.0,2025.0,0.21366,0.07227,0.00397,0.01069,0.02853,0.00222,0.04155,0.14185,0.48526,0.02689,0.01446,0.00151,0.00247,0.00438,0.00027,0.00381,0.00716,0.00855,0.00689,0.00535,0.00154,0.00243,0.00189,0.03159,0.7765,0.21809,197.20481843749997,3.4974418749999994,26.6,0.11805,0.11963,0.01023,0.01029,0.1036,0.10498,1.13954,119.0,6.0,951.459835625,951.459835625,0.21579,0.07299,0.00397,0.03181,0.13759,0.04051,0.00182,0.01069,0.48482,0.23208,0.2887,0.27067,0.23208,0.27067,0.00678,0.00526,0.00151,0.21456,119.0,1.23,0.94,0.95,0.64,1.02,1.02,1.115,0.97,0.975,0.82,1.01,1.01,0.37989,0.62011,R,0.20676,0.21788,0.08282,0.0658,0.00427,0.00379,0.03533,0.02436,0.13754,0.14449,0.03635,0.04474,0.00259,0.00199,0.01239,0.00965,0.48196,0.48728
664058,David Fletcher,ATL,33,9.0,334.0,150,,floor,floor,1.0,0.0,,0.13488,0.05917,0.00941,0.00375,0.02852,0.00213,0.06132,0.15925,0.54157,0.04529,0.02663,0.00474,0.003,0.01102,0.00043,0.01232,0.01766,0.02187,0.01373,0.01071,0.00302,0.00581,0.00455,0.06027,0.78013,0.22783,37.08854406249999,0.44370531249999995,,0.0962,0.09663,0.01492,0.01495,0.10572,0.10619,0.90997,108.0,6.0,151.79941749999998,151.79941749999998,0.13893,0.05888,0.00941,0.02852,0.15925,0.05826,0.00197,0.00375,0.54105,0.26724,0.31628,0.28858,0.26724,0.28858,0.01371,0.0107,0.00302,0.22753,108.0,1.0,1.0,0.9,0.85,0.99,1.06,1.0,1.0,0.95,0.925,0.995,1.03,0.27751,0.72249,R,0.14397,0.13139,0.06353,0.0575,0.00936,0.00943,0.03159,0.02734,0.15699,0.16011,0.0579,0.06264,0.00192,0.00221,0.00399,0.00366,0.53074,0.54573
694374,Tim Tawa,ARI,28,351.0,576.0,450,,projected,unmodeled,,351.0,2026.0,0.24948,0.08177,0.00289,0.01151,0.02848,0.00222,0.03047,0.14269,0.45049,0.03886,0.02095,0.00209,0.00416,0.00531,0.0003,0.00394,0.00835,0.00963,0.03467,0.02687,0.0078,0.0067,0.00529,0.15251,0.77502,0.22735,98.685,17.424999999999997,27.6,0.12898,0.11658,0.01382,0.01323,0.1164,0.10521,1.10811,109.0,5.0,460.9124999999999,460.9124999999999,0.23701,0.08136,0.00289,0.02748,0.14483,0.03199,0.00341,0.01151,0.45951,0.22972,0.29197,0.28173,0.22972,0.28173,0.03494,0.02708,0.00786,0.22908,109.0,0.93,1.03,1.1,2.07,0.99,0.9,0.965,1.015,1.05,1.535,0.995,0.95,0.28995,0.71005,R,0.25898,0.2456,0.07943,0.08273,0.00315,0.00278,0.01959,0.03211,0.157,0.13685,0.03653,0.028,0.00201,0.00231,0.01245,0.01113,0.43087,0.45849
686554,Oliver Dunn,TB,29,12.0,157.0,450,,projected,unmodeled,,41.0,2025.0,0.2816,0.07092,0.01222,0.00655,0.02846,0.00517,0.03051,0.13355,0.43101,0.06703,0.03257,0.00712,0.00523,0.00541,0.00079,0.00397,0.00749,0.00932,0.02399,0.01877,0.00522,0.00818,0.00644,0.1107,0.78243,0.21669,19.073999999999998,2.564875,27.8,0.12377,0.11632,0.02052,0.01996,0.11033,0.10369,1.12178,158.0,6.0,93.49149999999999,93.49149999999999,0.29708,0.07305,0.01222,0.02889,0.13088,0.02868,0.00479,0.00655,0.41786,0.21277,0.2785,0.28228,0.21277,0.28228,0.02393,0.01872,0.00521,0.21615,158.0,1.03,0.96,0.88,0.85,1.06,1.11,1.015,0.98,0.94,0.925,1.03,1.055,0.19328,0.80672,L,0.28339,0.28117,0.06706,0.07185,0.01388,0.01182,0.03271,0.02744,0.12718,0.13508,0.0243,0.032,0.00511,0.00519,0.00605,0.00667,0.44033,0.42878
814430,Brett Callahan,DET,25,80.0,80.0,0,,projected,unmodeled,,80.0,2026.0,0.26932,0.08581,0.01184,0.00971,0.02844,0.00263,0.0385,0.12784,0.4259,0.0728,0.03913,0.00853,0.00773,0.10797,0.00865,0.09343,0.16484,0.20207,0.02088,0.0163,0.00458,0.00809,0.00634,0.0926,0.78057,0.2255,15.299999999999999,0.85,28.2,0.10123,0.11031,0.01847,0.01918,0.10084,0.10988,1.00391,116.0,6.0,68.0,68.0,0.26663,0.08538,0.01184,0.02858,0.1272,0.03735,0.00329,0.00971,0.43001,0.21994,0.29365,0.28074,0.21994,0.28074,0.02078,0.01622,0.00456,0.22443,116.0,1.01,0.99,0.94,1.5,0.99,0.98,1.005,0.995,0.97,1.25,0.995,0.99,0.18929,0.81071,L,0.26814,0.2696,0.08569,0.08584,0.01442,0.01124,0.03025,0.02802,0.12027,0.12961,0.03602,0.03908,0.00159,0.00288,0.01158,0.00927,0.43205,0.42446
699625,Jimmy Crooks,STL,25,149.0,195.0,300,,projected,unmodeled,,149.0,2026.0,0.29005,0.06201,0.02507,0.00565,0.02842,0.00188,0.03289,0.13218,0.42184,0.05987,0.02709,0.00941,0.00451,0.00639,0.00028,0.00485,0.00977,0.0118,0.01365,0.01064,0.00301,0.00605,0.00474,0.06226,0.77964,0.21926,26.5625,0.0,26.9,0.09253,0.09502,0.01499,0.01517,0.09572,0.09829,0.96671,138.0,7.0,159.885,159.885,0.277,0.06015,0.02507,0.02501,0.13681,0.03404,0.0016,0.00565,0.43467,0.2172,0.28268,0.28404,0.2172,0.28404,0.01382,0.01078,0.00305,0.22203,138.0,0.76,1.07,1.07,0.7,0.94,0.91,0.88,1.035,1.035,0.85,0.97,0.955,0.20506,0.79494,L,0.25055,0.30024,0.07044,0.05984,0.02549,0.02497,0.03027,0.02795,0.13994,0.13018,0.03927,0.03124,0.00168,0.00193,0.00547,0.00569,0.4369,0.41796
571976,Wil Myers,CIN,36,141.0,427.0,0,,floor,floor,1.0,0.0,,0.28456,0.08003,0.00374,0.00898,0.02841,0.00263,0.03846,0.12771,0.42548,0.05536,0.02834,0.00271,0.00419,0.10787,0.00864,0.09333,0.16468,0.20187,0.017,0.01322,0.00377,0.00587,0.0046,0.08037,0.77803,0.21148,45.832148749999995,2.8971346874999995,,0.10018,0.11157,0.01467,0.01538,0.10427,0.11612,0.96083,113.0,5.0,200.50260062499996,200.50260062499996,0.29025,0.08403,0.00374,0.03026,0.12452,0.03808,0.00238,0.00898,0.41776,0.21615,0.283,0.28311,0.21615,0.28311,0.01706,0.01327,0.00379,0.21229,113.0,1.13,0.95,0.98,0.81,1.1,1.04,1.065,0.975,0.99,0.905,1.05,1.02,0.26,0.74,R,0.2809,0.28585,0.07274,0.08259,0.0038,0.00372,0.03793,0.02507,0.12562,0.12845,0.03677,0.03906,0.00284,0.00256,0.01003,0.00861,0.42936,0.42411
650619,Meibrys Viloria,CLE,30,4.0,79.0,0,,floor,floor,1.0,0.0,,0.25977,0.10246,0.00563,0.00977,0.0284,0.00263,0.03844,0.12765,0.42526,0.08017,0.04719,0.00591,0.00777,0.10781,0.00864,0.09329,0.1646,0.20177,0.01953,0.01523,0.0043,0.00853,0.00668,0.08287,0.77964,0.23573,7.986695624999999,0.0,,0.11312,0.1003,0.02007,0.01904,0.11988,0.1063,0.94359,140.0,5.0,33.2778984375,33.2778984375,0.26107,0.09938,0.00563,0.0274,0.1251,0.0371,0.00241,0.00977,0.43215,0.2169,0.29701,0.27583,0.2169,0.27583,0.01907,0.01487,0.0042,0.23011,140.0,0.93,0.96,0.93,0.83,0.94,1.01,0.965,0.98,0.965,0.915,0.97,1.005,0.26,0.74,L,0.25643,0.26094,0.11214,0.09905,0.00349,0.00638,0.02805,0.02852,0.12126,0.12989,0.03723,0.03887,0.00212,0.00281,0.01179,0.00906,0.42748,0.42448
682848,Endy Rodríguez,PIT,27,159.0,420.0,300,,projected,unmodeled,,159.0,2026.0,0.24251,0.1058,0.00179,0.00311,0.02839,0.00361,0.04402,0.12062,0.45016,0.04659,0.02846,0.00189,0.00249,0.00566,0.00044,0.00506,0.00959,0.01169,0.02177,0.01696,0.00481,0.00611,0.0048,0.09538,0.77915,0.22821,70.3372875,6.6725,27.0,0.11569,0.09317,0.01406,0.01279,0.12301,0.09906,0.9405,134.0,2.0,282.821775,282.821775,0.2413,0.10527,0.00179,0.02597,0.12243,0.04776,0.0031,0.00311,0.44926,0.22394,0.30633,0.27836,0.22394,0.27836,0.02189,0.01705,0.00483,0.22949,134.0,0.83,1.03,1.17,0.72,0.99,0.99,0.915,1.015,1.085,0.86,0.995,0.995,0.22115,0.77885,S,0.25944,0.23771,0.10167,0.10697,0.00231,0.00164,0.02532,0.02926,0.11782,0.12141,0.03734,0.04592,0.00307,0.00376,0.0034,0.00302,0.44964,0.4503
665487,Fernando Tatis Jr.,SD,28,704.0,2468.0,1004,,projected,unmodeled,,704.0,2026.0,0.19941,0.09704,0.00938,0.00493,0.02839,0.00388,0.04247,0.16082,0.45369,0.02004,0.01264,0.00191,0.00139,0.00358,0.00047,0.00332,0.00586,0.00687,0.0573,0.04495,0.01235,0.00491,0.00409,0.21443,0.7844,0.26723,448.4881562499999,97.35145624999998,28.9,0.14452,0.11416,0.00811,0.00733,0.1433,0.1132,1.00847,135.0,2.0,1698.1082187499997,1698.1082187499997,0.20041,0.09849,0.00938,0.02924,0.1584,0.03971,0.0033,0.00493,0.45614,0.25998,0.33853,0.3063,0.25998,0.3063,0.0571,0.04479,0.01231,0.26628,135.0,1.06,0.97,0.87,0.7,1.03,1.01,1.03,0.985,0.935,0.85,1.015,1.005,0.25381,0.74619,R,0.20161,0.19866,0.13213,0.0851,0.00641,0.01039,0.02734,0.02875,0.1506,0.16429,0.03982,0.04337,0.00446,0.00368,0.00412,0.0052,0.43349,0.46056
572008,Chris Owings,PIT,35,25.0,93.0,0,,floor,floor,1.0,0.0,,0.27377,0.09009,0.01095,0.0032,0.02838,0.00263,0.03842,0.12757,0.42499,0.07925,0.04332,0.00789,0.00428,0.10775,0.00863,0.09323,0.16449,0.20164,0.02043,0.01594,0.00449,0.00851,0.00666,0.08935,0.78013,0.22862,8.7436046875,0.44370531249999995,,0.1019,0.08747,0.01874,0.01751,0.10834,0.093,0.9405,134.0,6.0,43.222117499999996,43.222117499999996,0.2724,0.08964,0.01095,0.02597,0.12948,0.04168,0.00226,0.0032,0.42441,0.22249,0.29999,0.29009,0.22249,0.29009,0.02056,0.01604,0.00452,0.23008,134.0,0.83,1.03,1.17,0.72,0.99,0.99,0.915,1.015,1.085,0.86,0.995,0.995,0.26,0.74,R,0.28918,0.26835,0.09669,0.08777,0.0116,0.01073,0.02706,0.02884,0.13124,0.12628,0.04082,0.03757,0.00259,0.00264,0.00313,0.00322,0.39768,0.43459
828599,Lucas Spence,HOU,24,63.0,63.0,0,,projected,unmodeled,,63.0,2026.0,0.26699,0.09389,0.01325,0.00387,0.02838,0.00263,0.03842,0.12757,0.425,0.07594,0.04262,0.00953,0.00517,0.10775,0.00863,0.09323,0.1645,0.20165,0.02642,0.02042,0.006,0.00949,0.00738,0.11256,0.77307,0.23471,11.049999999999999,1.7,28.2,0.12313,0.12918,0.02065,0.02108,0.12296,0.129,1.0014,117.0,4.0,53.55,53.55,0.27634,0.09436,0.01325,0.03023,0.12566,0.03765,0.0024,0.00387,0.41625,0.22052,0.30355,0.28475,0.22052,0.28475,0.02626,0.0203,0.00596,0.23327,117.0,1.13,0.97,0.96,0.83,1.01,1.07,1.065,0.985,0.98,0.915,1.005,1.035,0.26996,0.73004,L,0.27115,0.26545,0.09303,0.0942,0.01377,0.01306,0.02168,0.03086,0.12844,0.12725,0.03701,0.03894,0.00215,0.00281,0.00263,0.00432,0.43013,0.42311
805249,Otto Kemp,PHI,27,27.0,245.0,300,,projected,unmodeled,,218.0,2025.0,0.28241,0.06413,0.02737,0.00786,0.02838,0.00385,0.043,0.11652,0.42648,0.05718,0.02649,0.00904,0.00489,0.00552,0.00058,0.00545,0.0093,0.01137,0.02097,0.01627,0.00471,0.00673,0.00526,0.10082,0.77566,0.20802,36.635,2.8899999999999997,29.4,0.11295,0.11391,0.01666,0.01672,0.10778,0.1087,1.04798,143.0,6.0,180.45499999999998,180.45499999999998,0.28806,0.06253,0.02737,0.03037,0.11769,0.04257,0.00393,0.00786,0.41963,0.21563,0.28445,0.28122,0.21563,0.28122,0.02093,0.01623,0.0047,0.20758,143.0,1.14,1.02,0.98,1.04,0.95,1.04,1.07,1.01,0.99,1.02,0.975,1.02,0.33258,0.66742,R,0.29959,0.27385,0.07572,0.05836,0.0247,0.0287,0.02984,0.02766,0.11396,0.1178,0.03985,0.04457,0.00395,0.0038,0.00602,0.00877,0.40637,0.43649
641680,Jonah Heim,OAK,32,390.0,2265.0,842,,projected,unmodeled,,433.0,2025.0,0.192,0.07271,0.00422,0.00621,0.02832,0.00067,0.03839,0.14554,0.51195,0.02158,0.01211,0.00134,0.00162,0.00389,6e-05,0.00352,0.00683,0.00813,0.00447,0.0035,0.00097,0.00169,0.00133,0.02009,0.78237,0.22247,292.47924656249995,5.327173124999999,25.1,0.09634,0.11643,0.00721,0.00784,0.09992,0.12075,0.9642,133.0,5.0,1407.070396875,1407.070396875,0.18336,0.07671,0.00422,0.03327,0.15063,0.04146,0.00056,0.00621,0.50358,0.24748,0.30685,0.2767,0.24748,0.2767,0.00465,0.00364,0.00101,0.23156,133.0,1.35,1.07,1.16,0.67,1.11,0.91,1.175,1.035,1.08,0.835,1.055,0.955,0.30383,0.69617,S,0.18706,0.19416,0.07659,0.07102,0.0035,0.00453,0.03593,0.02499,0.15641,0.1408,0.04131,0.03711,0.00116,0.00045,0.00819,0.00534,0.48986,0.5216
446334,Evan Longoria,ARI,41,237.0,535.0,0,,floor,floor,1.0,0.0,,0.27317,0.09117,0.00471,0.01066,0.0283,0.00262,0.03831,0.12722,0.42384,0.05024,0.02763,0.00276,0.00414,0.10745,0.00861,0.09297,0.16405,0.20109,0.01013,0.0079,0.00223,0.00452,0.00353,0.04541,0.77964,0.2231,55.82856843749999,0.0,,0.12157,0.13447,0.01622,0.01695,0.10971,0.12135,1.10811,109.0,5.0,255.93966437499995,255.93966437499995,0.25951,0.09072,0.00471,0.02731,0.12913,0.04023,0.00402,0.01066,0.43372,0.22451,0.29612,0.28559,0.22451,0.28559,0.0102,0.00795,0.00225,0.22456,109.0,0.93,1.03,1.1,2.07,0.99,0.9,0.965,1.015,1.05,1.535,0.995,0.95,0.26,0.74,R,0.25388,0.27994,0.08601,0.09299,0.00397,0.00497,0.02663,0.02889,0.1393,0.12298,0.0406,0.03751,0.00265,0.00261,0.0107,0.01064,0.43627,0.41947
518626,Josh Donaldson,MIL,41,189.0,735.0,0,,floor,floor,1.0,0.0,,0.2587,0.09959,0.01091,0.01049,0.0283,0.00262,0.03832,0.12722,0.42384,0.04436,0.02582,0.00364,0.00357,0.10745,0.00861,0.09298,0.16405,0.2011,0.01297,0.01008,0.00289,0.00492,0.00384,0.05456,0.77718,0.23773,70.60134531249999,1.7748212499999998,,0.11566,0.12487,0.01467,0.01517,0.1031,0.11132,1.12178,158.0,6.0,340.92228187499995,340.92228187499995,0.27293,0.10258,0.01091,0.02873,0.12468,0.03602,0.00242,0.01049,0.41124,0.219,0.30534,0.284,0.219,0.284,0.01299,0.0101,0.0029,0.23817,158.0,1.03,0.96,0.88,0.85,1.06,1.11,1.015,0.98,0.94,0.925,1.03,1.055,0.26,0.74,R,0.22188,0.27163,0.09702,0.10049,0.00953,0.0114,0.03223,0.02692,0.13194,0.12556,0.04184,0.03708,0.00314,0.00244,0.00812,0.01133,0.4543,0.41314
677060,Chad Stevens,COL,28,34.0,48.0,300,,projected,unmodeled,,34.0,2026.0,0.27626,0.09147,0.00699,0.01213,0.0283,0.00156,0.0384,0.12776,0.41712,0.08067,0.04427,0.00734,0.00964,0.0067,0.00028,0.00588,0.00989,0.01194,0.01973,0.01538,0.00435,0.0086,0.00673,0.08721,0.77964,0.22623,5.1,0.0,,0.10092,0.10361,0.0193,0.01952,0.10673,0.10957,0.9456,115.0,6.0,28.9,28.9,0.26244,0.08964,0.00699,0.02944,0.13735,0.04281,0.00245,0.01213,0.41674,0.23792,0.30868,0.30468,0.23792,0.30468,0.02041,0.01591,0.0045,0.23398,115.0,1.08,1.15,1.23,2.14,0.96,0.9,1.04,1.075,1.115,1.57,0.98,0.95,0.29435,0.70565,R,0.27626,0.27626,0.09147,0.09147,0.00699,0.00699,0.0283,0.0283,0.12776,0.12776,0.0384,0.0384,0.00156,0.00156,0.01213,0.01213,0.41712,0.41712
814154,Scott Bandura,SF,25,30.0,30.0,0,,projected,unmodeled,,30.0,2026.0,0.2928,0.07423,0.00814,0.00503,0.02828,0.00262,0.03828,0.12712,0.4235,0.0864,0.04237,0.00853,0.00671,0.10737,0.0086,0.0929,0.16392,0.20093,0.02473,0.01922,0.00551,0.00911,0.00712,0.11806,0.77728,0.20949,5.1,1.7,,0.1078,0.0997,0.02013,0.01945,0.11288,0.1044,0.95503,137.0,6.0,25.5,25.5,0.28694,0.07238,0.00814,0.02531,0.12839,0.03905,0.00317,0.00503,0.43159,0.21425,0.27643,0.28331,0.21425,0.28331,0.02466,0.01917,0.00549,0.20891,137.0,0.79,1.02,1.04,1.42,0.95,0.96,0.895,1.01,1.02,1.21,0.975,0.98,0.27826,0.72174,L,0.2928,0.2928,0.07423,0.07423,0.00814,0.00814,0.02828,0.02828,0.12712,0.12712,0.03828,0.03828,0.00262,0.00262,0.00503,0.00503,0.4235,0.4235
664238,Dylan Moore,PHI,34,15.0,1119.0,554,,projected,unmodeled,,243.0,2025.0,0.29626,0.1074,0.02744,0.00797,0.02824,0.00236,0.04416,0.09743,0.38875,0.03527,0.02036,0.00472,0.00257,0.0043,0.00031,0.00422,0.00612,0.00791,0.07067,0.05503,0.01565,0.00757,0.00617,0.30429,0.77862,0.23226,149.33189937499998,55.15176656249999,27.7,0.12506,0.09963,0.011,0.00997,0.13253,0.10559,0.94359,140.0,2.0,645.6725109375,645.6725109375,0.29774,0.10418,0.02744,0.02725,0.09548,0.04262,0.00216,0.00797,0.39517,0.19468,0.29912,0.26195,0.19468,0.26195,0.0691,0.0538,0.0153,0.22709,140.0,0.93,0.96,0.93,0.83,0.94,1.01,0.965,0.98,0.965,0.915,0.97,1.005,0.41379,0.58621,R,0.30168,0.29243,0.12434,0.09544,0.02112,0.0319,0.02903,0.02768,0.09908,0.09626,0.04425,0.0441,0.00215,0.00251,0.00967,0.00676,0.36868,0.40292
695734,Daylen Lile,WSH,24,655.0,1006.0,495,,projected,unmodeled,,655.0,2026.0,0.18752,0.06332,0.01003,0.00972,0.02821,0.0098,0.04486,0.15324,0.4933,0.02752,0.01461,0.00302,0.00298,0.00534,0.00146,0.0046,0.00934,0.01116,0.03617,0.02758,0.00859,0.0055,0.00431,0.15963,0.76244,0.22659,177.73499999999999,28.814999999999998,29.4,0.12371,0.12115,0.01045,0.01035,0.12187,0.11934,1.01514,120.0,3.0,810.3475,810.3475,0.18189,0.06332,0.01003,0.02892,0.15631,0.04464,0.0094,0.00972,0.49578,0.26094,0.31261,0.29789,0.26094,0.29789,0.03666,0.02795,0.00871,0.22966,120.0,1.05,1.04,0.99,0.92,1.0,0.94,1.025,1.02,0.995,0.96,1.0,0.97,0.25705,0.74295,L,0.22606,0.17418,0.05849,0.06498,0.01464,0.00844,0.01753,0.03191,0.16342,0.14972,0.03803,0.04722,0.00527,0.01136,0.01198,0.00894,0.46458,0.50324
458015,Joey Votto,CIN,43,242.0,618.0,0,,floor,floor,1.0,0.0,,0.2485,0.10704,0.02564,0.00079,0.0282,0.00261,0.03817,0.12676,0.42229,0.04636,0.02823,0.00598,0.00106,0.10706,0.00858,0.09263,0.16345,0.20036,0.01046,0.00816,0.00231,0.00468,0.00366,0.04032,0.77964,0.25943,69.16582812499999,0.0,,0.09995,0.11893,0.01321,0.01425,0.10402,0.12378,0.96083,113.0,5.0,293.1587099999999,293.1587099999999,0.25347,0.11239,0.02564,0.03003,0.12359,0.03779,0.00236,0.00079,0.41393,0.22501,0.33181,0.28345,0.22501,0.28345,0.01055,0.00822,0.00232,0.26162,113.0,1.13,0.95,0.98,0.81,1.1,1.04,1.065,0.975,0.99,0.905,1.05,1.02,0.26,0.74,L,0.26619,0.24228,0.11653,0.1037,0.03207,0.02338,0.02451,0.0295,0.13923,0.12237,0.03946,0.03772,0.00254,0.00264,0.00092,0.00075,0.37854,0.43766
516782,Starling Marte,KC,38,168.0,1713.0,689,,projected,unmodeled,,329.0,2025.0,0.21182,0.06171,0.02113,0.00477,0.0282,0.00133,0.04107,0.16604,0.46392,0.02609,0.01308,0.0034,0.00163,0.00435,0.00016,0.00387,0.0075,0.00863,0.03939,0.03079,0.0086,0.00513,0.00414,0.15825,0.78168,0.24888,263.11787187499993,46.93884343749999,25.6,0.11035,0.09612,0.00879,0.00828,0.11518,0.10033,0.95808,118.0,6.0,1009.8040640624998,1009.8040640624998,0.20017,0.06171,0.02113,0.02665,0.1677,0.04477,0.00177,0.00477,0.47133,0.26402,0.32373,0.3125,0.26402,0.3125,0.03965,0.03099,0.00866,0.25054,118.0,0.89,1.02,1.18,1.65,1.0,0.89,0.945,1.01,1.09,1.325,1.0,0.945,0.4105,0.5895,R,0.21834,0.20728,0.07253,0.05417,0.01572,0.02491,0.02794,0.02838,0.169,0.16399,0.04374,0.03922,0.00109,0.00151,0.00491,0.00468,0.44675,0.47587
641470,Zack Collins,CLE,32,6.0,114.0,0,,floor,floor,1.0,0.0,,0.27495,0.0894,0.00977,0.00801,0.02819,0.00261,0.03817,0.12672,0.42218,0.07727,0.04203,0.00704,0.00638,0.10703,0.00857,0.09261,0.16341,0.20031,0.01886,0.01471,0.00416,0.00824,0.00645,0.08351,0.77964,0.22589,7.542990312499999,0.0,,0.10735,0.10755,0.01899,0.01901,0.11414,0.11435,0.9405,134.0,5.0,47.92017375,47.92017375,0.27358,0.08895,0.00977,0.0258,0.12863,0.04141,0.00224,0.00801,0.42162,0.22174,0.29679,0.29008,0.22174,0.29008,0.01898,0.0148,0.00418,0.22734,134.0,0.83,1.03,1.17,0.72,0.99,0.99,0.915,1.015,1.085,0.86,0.995,0.995,0.26,0.74,L,0.28272,0.27222,0.09463,0.08756,0.00879,0.01011,0.02503,0.0293,0.12688,0.12667,0.0351,0.03924,0.00213,0.00278,0.00856,0.00781,0.41617,0.4243
668930,Brice Turang,MIL,27,680.0,2406.0,1106,,projected,unmodeled,,680.0,2026.0,0.22033,0.10361,0.00277,0.00505,0.02818,0.00535,0.04256,0.15616,0.43598,0.02097,0.01312,0.00105,0.00142,0.00325,0.00044,0.00291,0.00549,0.00644,0.05378,0.04281,0.01097,0.00475,0.00398,0.20485,0.79605,0.26255,448.47455625,93.57118750000001,28.5,0.13635,0.11973,0.00848,0.00801,0.12155,0.10673,1.12178,158.0,2.0,1668.1296749999997,1668.1296749999997,0.23245,0.10672,0.00277,0.0286,0.15304,0.04001,0.00495,0.00505,0.42641,0.25592,0.33609,0.3171,0.25592,0.3171,0.05378,0.04281,0.01097,0.26253,158.0,1.03,0.96,0.88,0.85,1.06,1.11,1.015,0.98,0.94,0.925,1.03,1.055,0.26599,0.73401,L,0.22594,0.2183,0.09007,0.10852,0.00462,0.0021,0.01924,0.03142,0.16473,0.15306,0.03458,0.04546,0.00423,0.00576,0.00441,0.00528,0.45219,0.4301
663536,Tristin English,ARI,30,23.0,23.0,150,,floor,floor,1.0,23.0,2025.0,0.24076,0.07879,0.00869,0.00537,0.02817,0.00258,0.03649,0.14301,0.45614,0.08421,0.04517,0.0091,0.00717,0.00879,0.0006,0.00681,0.01474,0.01719,0.0,0.0,0.0,3e-05,3e-05,0.0,0.7835,0.23049,0.0,0.0,,0.11514,0.10932,,,0.11598,0.11011,,,,,,0.24076,0.07879,0.00869,0.02817,0.14301,0.03649,0.00258,0.00537,0.45614,0.23177,0.29773,0.28529,0.23177,0.28529,0.0,0.0,0.0,0.23049,,1.0,1.0,1.0,1.0,1.0,1.0,1.0,1.0,1.0,1.0,1.0,1.0,0.25112,0.74888,R,0.24076,0.24076,0.07879,0.07879,0.00869,0.00869,0.02817,0.02817,0.14301,0.14301,0.03649,0.03649,0.00258,0.00258,0.00537,0.00537,0.45614,0.45614
643348,Caleb Hamilton,BOS,32,6.0,29.0,0,,floor,floor,1.0,0.0,,0.27456,0.09497,0.00821,0.00507,0.02816,0.00261,0.03812,0.12658,0.42171,0.08917,0.04986,0.0086,0.00677,0.10691,0.00856,0.09251,0.16322,0.20008,0.0,0.0,0.0,3e-05,3e-05,0.0,0.7835,0.22976,0.0,0.0,,0.11514,0.10932,,,0.11598,0.11011,,,,,,0.27456,0.09497,0.00821,0.02816,0.12658,0.03812,0.00261,0.00507,0.42171,0.2192,0.29865,0.28405,0.2192,0.28405,0.0,0.0,0.0,0.22976,,1.0,1.0,1.0,1.0,1.0,1.0,1.0,1.0,1.0,1.0,1.0,1.0,0.26,0.74,R,0.27456,0.27456,0.09497,0.09497,0.00821,0.00821,0.02816,0.02816,0.12658,0.12658,0.03812,0.03812,0.00261,0.00261,0.00507,0.00507,0.42171,0.42171
691019,Kyle Teel,CWS,25,144.0,441.0,180,,projected,unmodeled,,297.0,2025.0,0.27754,0.11751,0.01899,0.0049,0.02815,0.00416,0.04311,0.11484,0.3908,0.04556,0.02789,0.00597,0.00306,0.00767,0.00084,0.00716,0.01086,0.01382,0.01298,0.01011,0.00287,0.00453,0.00355,0.05164,0.77922,0.25134,100.47,2.8899999999999997,27.1,0.12043,0.1214,0.01333,0.01337,0.132,0.13306,0.91233,145.0,3.0,336.98249999999996,336.98249999999996,0.27476,0.11927,0.01899,0.02787,0.11427,0.04203,0.00351,0.0049,0.39439,0.21904,0.32595,0.28837,0.21904,0.28837,0.01304,0.01016,0.00288,0.25253,145.0,0.98,0.99,0.95,0.69,1.03,0.98,0.99,0.995,0.975,0.845,1.015,0.99,0.22309,0.77691,L,0.29875,0.27145,0.10753,0.12037,0.01647,0.01972,0.01918,0.03073,0.11044,0.1161,0.04709,0.04197,0.00512,0.00388,0.00445,0.00503,0.39097,0.39075
573262,Mike Yastrzemski,ATL,36,408.0,2379.0,832,,projected,unmodeled,,558.0,2025.0,0.2356,0.1066,0.0085,0.00632,0.02812,0.0045,0.0388,0.12504,0.44652,0.02265,0.01402,0.00185,0.0016,0.00358,0.00046,0.00302,0.00605,0.0073,0.0124,0.00962,0.00278,0.00269,0.00212,0.05163,0.77584,0.24014,340.727175,15.173381874999999,27.1,0.13184,0.10675,0.00827,0.00755,0.1309,0.10599,1.00717,144.0,2.0,1487.5221956249998,1487.5221956249998,0.23796,0.105,0.0085,0.02812,0.12817,0.03783,0.00412,0.00632,0.44398,0.22522,0.31174,0.27702,0.22522,0.27702,0.01248,0.00968,0.0028,0.24167,144.0,1.0,1.05,0.95,0.83,0.97,1.02,1.0,1.025,0.975,0.915,0.985,1.01,0.17744,0.82256,L,0.26928,0.22833,0.07486,0.11345,0.01777,0.0065,0.02071,0.02972,0.13204,0.12353,0.02835,0.04106,0.00497,0.0044,0.00563,0.00647,0.44641,0.44654
573131,Darin Ruf,MIL,40,57.0,445.0,0,,floor,floor,1.0,0.0,,0.25583,0.10801,0.01313,0.00677,0.02812,0.0026,0.03807,0.12639,0.42108,0.05341,0.03234,0.00496,0.00357,0.10675,0.00855,0.09237,0.16298,0.19979,0.01396,0.0109,0.00306,0.00568,0.00446,0.05639,0.78061,0.24754,50.94781,0.8874106249999999,,0.12827,0.11771,0.01781,0.01715,0.11435,0.10494,1.12178,158.0,5.0,201.9120175,201.9120175,0.2699,0.11125,0.01313,0.02854,0.12387,0.03578,0.00241,0.00677,0.40835,0.21937,0.31498,0.2841,0.21937,0.2841,0.014,0.01093,0.00307,0.24825,158.0,1.03,0.96,0.88,0.85,1.06,1.11,1.015,0.98,0.94,0.925,1.03,1.055,0.26,0.74,R,0.24672,0.25903,0.10878,0.10774,0.01448,0.01266,0.03468,0.02581,0.12644,0.12638,0.03971,0.03749,0.00254,0.00263,0.00595,0.00706,0.4207,0.42122
669003,Garrett Mitchell,MIL,28,531.0,974.0,450,,projected,unmodeled,,531.0,2026.0,0.30964,0.10595,0.00844,0.00337,0.02808,0.0087,0.05013,0.11117,0.37453,0.03448,0.01954,0.00282,0.00178,0.00482,0.00154,0.00512,0.00655,0.00882,0.04297,0.03287,0.0101,0.0058,0.00459,0.19052,0.76499,0.22556,183.2793375,36.37303,29.8,0.13759,0.11316,0.01218,0.01118,0.12266,0.10087,1.12178,158.0,2.0,713.5474174999999,713.5474174999999,0.32667,0.10913,0.00844,0.0285,0.10895,0.04712,0.00804,0.00337,0.35978,0.21911,0.31018,0.31326,0.21911,0.31326,0.04316,0.03301,0.01014,0.22651,158.0,1.03,0.96,0.88,0.85,1.06,1.11,1.015,0.98,0.94,0.925,1.03,1.055,0.23427,0.76573,L,0.27125,0.32139,0.0931,0.10988,0.0155,0.00628,0.02058,0.03037,0.11778,0.10915,0.03857,0.05367,0.00776,0.00898,0.00507,0.00285,0.4304,0.35743
699115,Carlos Jorge,CIN,23,50.0,50.0,150,,projected,unmodeled,,50.0,2026.0,0.23401,0.08327,0.00688,0.00425,0.02806,0.01007,0.03665,0.13828,0.45851,0.07544,0.04191,0.00722,0.00569,0.01036,0.00338,0.00757,0.01367,0.01734,0.03179,0.02474,0.00705,0.01019,0.00798,0.13918,0.77822,0.22844,10.2,2.55,30.4,0.1119,0.09697,0.01979,0.01859,0.11646,0.10092,0.96083,113.0,6.0,42.5,42.5,0.23869,0.08744,0.00688,0.02989,0.13482,0.03629,0.00911,0.00425,0.45263,0.23308,0.30443,0.28478,0.23308,0.28478,0.03189,0.02482,0.00707,0.22914,113.0,1.13,0.95,0.98,0.81,1.1,1.04,1.065,0.975,0.99,0.905,1.05,1.02,0.228,0.772,L,0.23792,0.23285,0.08151,0.08379,0.00509,0.00741,0.02696,0.02839,0.13416,0.1395,0.03578,0.03691,0.01646,0.00819,0.00308,0.0046,0.45903,0.45836
668904,Royce Lewis,MIN,28,509.0,1517.0,676,,projected,unmodeled,,509.0,2026.0,0.22889,0.07451,0.00369,0.00786,0.02806,0.00199,0.04916,0.1305,0.47534,0.02617,0.01392,0.00152,0.00221,0.00418,0.00019,0.00444,0.00679,0.00847,0.02557,0.02032,0.00525,0.00411,0.00334,0.12253,0.79454,0.2087,227.45185593749997,28.219043749999997,27.7,0.10865,0.13111,0.00874,0.00948,0.10871,0.13118,0.99946,142.0,5.0,1066.3595365624997,1066.3595365624997,0.22546,0.07377,0.00369,0.02722,0.13246,0.0526,0.00194,0.00786,0.47501,0.2342,0.29167,0.28247,0.2342,0.28247,0.02572,0.02044,0.00528,0.20992,142.0,0.94,1.03,1.14,0.95,0.98,0.97,0.97,1.015,1.07,0.975,0.99,0.985,0.29158,0.70842,R,0.20954,0.23686,0.08365,0.07075,0.00414,0.00351,0.02457,0.0295,0.13902,0.12699,0.05164,0.04814,0.00207,0.00195,0.00671,0.00834,0.47867,0.47396
672761,Wenceel Pérez,DET,27,175.0,983.0,742,,projected,unmodeled,,383.0,2025.0,0.21146,0.07936,0.0046,0.00616,0.02802,0.00813,0.03873,0.12927,0.49427,0.03097,0.01745,0.00208,0.0024,0.00403,0.00094,0.00325,0.0067,0.0081,0.02821,0.02177,0.00643,0.00516,0.00406,0.13228,0.77194,0.21323,145.99599999999998,19.945249999999998,28.2,0.12157,0.10234,0.011,0.0102,0.1211,0.10194,1.00391,116.0,2.0,686.4706249999999,686.4706249999999,0.20934,0.07897,0.0046,0.02816,0.12862,0.03757,0.01016,0.00616,0.49642,0.22467,0.28808,0.26213,0.22467,0.26213,0.02807,0.02167,0.0064,0.21219,116.0,1.01,0.99,0.94,1.5,0.99,0.98,1.005,0.995,0.97,1.25,0.995,0.99,0.26205,0.73795,S,0.21261,0.21105,0.0733,0.08152,0.00512,0.00442,0.03336,0.02612,0.1352,0.12716,0.04076,0.03801,0.00679,0.0086,0.0084,0.00537,0.48445,0.49775
663845,Alfonso Rivas III,PIT,30,123.0,410.0,0,,floor,floor,1.0,0.0,,0.27334,0.08929,0.01611,0.00725,0.02802,0.00259,0.03793,0.12593,0.41954,0.05552,0.03024,0.00568,0.00383,0.10636,0.00852,0.09203,0.16238,0.19906,0.01983,0.01549,0.00433,0.00653,0.00513,0.08571,0.78139,0.23133,48.389979374999996,3.6279434374999995,,0.09794,0.1028,0.01452,0.01483,0.10414,0.1093,0.9405,134.0,6.0,191.55019343749996,191.55019343749996,0.27197,0.08884,0.01611,0.02564,0.12782,0.04115,0.00223,0.00725,0.41899,0.22172,0.30179,0.29008,0.22172,0.29008,0.01995,0.01559,0.00436,0.23277,134.0,0.83,1.03,1.17,0.72,0.99,0.99,0.915,1.015,1.085,0.86,0.995,0.995,0.26,0.74,L,0.27758,0.27185,0.07782,0.09332,0.01217,0.0175,0.02917,0.02761,0.11744,0.12892,0.03965,0.03732,0.00199,0.00281,0.00791,0.00702,0.43627,0.41367
683357,Owen Caissie,MIA,24,330.0,357.0,300,,projected,unmodeled,,330.0,2026.0,0.33698,0.08035,0.0112,0.01957,0.02802,0.0052,0.04216,0.10441,0.37211,0.05027,0.02461,0.00503,0.00662,0.00588,0.00096,0.00594,0.00807,0.01027,0.01895,0.0148,0.00415,0.00553,0.00435,0.09668,0.78098,0.19596,59.839999999999996,5.1,28.3,0.12486,0.14448,0.01444,0.01535,0.13014,0.1506,0.9594,146.0,4.0,300.0075,300.0075,0.33024,0.08115,0.0112,0.0262,0.10494,0.0428,0.00624,0.01957,0.37767,0.20288,0.27252,0.28962,0.20288,0.28962,0.01907,0.0149,0.00418,0.19729,146.0,0.87,1.01,1.03,1.4,1.02,0.96,0.935,1.005,1.015,1.2,1.01,0.98,0.16697,0.83303,L,0.30223,0.34394,0.07541,0.08133,0.01271,0.0109,0.01852,0.02992,0.12552,0.10018,0.04409,0.04178,0.00685,0.00487,0.01305,0.02088,0.40161,0.36619
614177,Franmil Reyes,KC,31,65.0,538.0,0,,floor,floor,1.0,0.0,,0.30391,0.06942,0.00468,0.00899,0.02797,0.00259,0.03786,0.12572,0.41885,0.05276,0.02482,0.00274,0.00379,0.10619,0.00851,0.09188,0.16212,0.19873,0.01234,0.00961,0.00273,0.00482,0.00378,0.06175,0.77889,0.19983,49.38179124999999,1.3311159375,,0.1007,0.10511,0.01395,0.01421,0.10511,0.1097,0.95808,118.0,6.0,243.80301906249997,243.80301906249997,0.2872,0.06942,0.00468,0.02643,0.12698,0.04127,0.00343,0.00899,0.4316,0.21607,0.27222,0.28458,0.21607,0.28458,0.01242,0.00967,0.00275,0.20108,118.0,0.89,1.02,1.18,1.65,1.0,0.89,0.945,1.01,1.09,1.325,1.0,0.945,0.26,0.74,R,0.2658,0.3173,0.07262,0.06829,0.0048,0.00464,0.02793,0.02799,0.12603,0.12562,0.04033,0.037,0.00298,0.00245,0.00979,0.0087,0.44973,0.408
663853,Romy Gonzalez,BOS,30,73.0,836.0,394,,projected,unmodeled,,341.0,2025.0,0.2662,0.05472,0.00862,0.01261,0.02791,0.00393,0.0607,0.14132,0.42399,0.03716,0.01628,0.00305,0.00369,0.0053,0.00071,0.00671,0.00887,0.01087,0.03331,0.0257,0.00761,0.00586,0.00462,0.16275,0.77143,0.20466,116.29700531249999,22.342999062499995,26.9,0.12334,0.13074,0.01226,0.01257,0.12024,0.12746,1.02577,111.0,4.0,540.0719853124999,540.0719853124999,0.2622,0.05417,0.00862,0.0261,0.14486,0.06677,0.00372,0.01261,0.42095,0.26113,0.30423,0.33843,0.26113,0.33843,0.03379,0.02607,0.00772,0.20764,111.0,0.87,1.05,1.2,0.89,0.98,0.97,0.935,1.025,1.1,0.945,0.99,0.985,0.43976,0.56024,R,0.26456,0.26748,0.06987,0.04282,0.00715,0.00977,0.0383,0.01976,0.13812,0.14384,0.06358,0.05844,0.00375,0.00408,0.012,0.01309,0.40267,0.44072
680814,Peyton Burdick,MIA,30,37.0,139.0,0,,floor,floor,1.0,0.0,,0.28694,0.08253,0.01779,0.00253,0.02784,0.00258,0.03769,0.12515,0.41695,0.075,0.03884,0.00891,0.00338,0.10571,0.00847,0.09146,0.16138,0.19783,0.02066,0.01613,0.00453,0.0082,0.00643,0.09164,0.7807,0.22547,12.971855312499999,0.9657115624999999,,0.10936,0.10723,0.01874,0.01858,0.11399,0.11177,0.9594,146.0,5.0,64.57217312499999,64.57217312499999,0.2812,0.08335,0.01779,0.02603,0.12578,0.03826,0.00309,0.00253,0.42197,0.21551,0.29431,0.28371,0.21551,0.28371,0.0208,0.01624,0.00456,0.22692,146.0,0.87,1.01,1.03,1.4,1.02,0.96,0.935,1.005,1.015,1.2,1.01,0.98,0.26,0.74,R,0.2594,0.29662,0.08581,0.08138,0.01409,0.01908,0.02796,0.0278,0.13249,0.12258,0.03793,0.03761,0.00265,0.00255,0.00261,0.0025,0.43707,0.40988
681198,TJ Rumfield,COL,27,631.0,631.0,497,,projected,unmodeled,,631.0,2026.0,0.14991,0.10948,0.01532,0.00359,0.02783,0.0018,0.04837,0.15168,0.49201,0.0301,0.02241,0.0046,0.00224,0.00521,0.00028,0.00518,0.0093,0.01109,0.00321,0.0025,0.00071,0.00201,0.00157,0.0116,0.77964,0.27648,167.45,0.0,24.9,0.10092,0.10597,0.01076,0.01099,0.10672,0.11206,0.9456,115.0,6.0,536.35,536.35,0.14242,0.10729,0.01532,0.02895,0.16306,0.05393,0.00282,0.00359,0.48262,0.28469,0.37137,0.31293,0.28469,0.31293,0.00331,0.00258,0.00073,0.28567,115.0,1.08,1.15,1.23,2.14,0.96,0.9,1.04,1.075,1.115,1.57,0.98,0.95,0.29964,0.70036,L,0.15312,0.14854,0.11013,0.1092,0.01173,0.01686,0.02533,0.0289,0.14313,0.15534,0.04507,0.04978,0.00177,0.00181,0.00312,0.00379,0.50659,0.48578
701649,James Triantos,CHC,24,9.0,9.0,150,,floor,floor,1.0,9.0,2026.0,0.22291,0.08654,0.01006,0.00621,0.0278,0.00268,0.04051,0.14257,0.46071,0.08532,0.04907,0.01052,0.00828,0.00907,0.00051,0.00707,0.01302,0.0158,0.0,0.0,0.0,3e-05,3e-05,0.0,0.7835,0.23917,0.0,0.0,,0.11514,0.10932,,,0.11598,0.11011,,,,,,0.22291,0.08654,0.01006,0.0278,0.14257,0.04051,0.00268,0.00621,0.46071,0.23804,0.31016,0.28735,0.23804,0.28735,0.0,0.0,0.0,0.23917,,1.0,1.0,1.0,1.0,1.0,1.0,1.0,1.0,1.0,1.0,1.0,1.0,0.26316,0.73684,R,0.22291,0.22291,0.08654,0.08654,0.01006,0.01006,0.0278,0.0278,0.14257,0.14257,0.04051,0.04051,0.00268,0.00268,0.00621,0.00621,0.46071,0.46071
623168,Tyler Heineman,LAA,36,200.0,611.0,450,,projected,unmodeled,,200.0,2026.0,0.16874,0.06102,0.02879,0.00369,0.0278,0.00241,0.0272,0.16109,0.51925,0.03537,0.01924,0.00636,0.00231,0.00588,0.001,0.00347,0.00953,0.0112,0.01295,0.01014,0.00281,0.00465,0.00366,0.0516,0.78318,0.2509,92.50910718749999,3.2607115624999996,26.0,0.099,0.0782,0.01159,0.01043,0.10879,0.08594,0.90997,108.0,7.0,397.454018125,397.454018125,0.1738,0.06072,0.02879,0.0278,0.16109,0.02584,0.00223,0.00369,0.51603,0.23926,0.30647,0.26824,0.23926,0.26824,0.01293,0.01013,0.0028,0.25059,108.0,1.0,1.0,0.9,0.85,0.99,1.06,1.0,1.0,0.95,0.925,0.995,1.03,0.27966,0.72034,S,0.16538,0.17004,0.05652,0.06277,0.01922,0.03251,0.03165,0.0263,0.17812,0.15447,0.02941,0.02635,0.0018,0.00265,0.00445,0.0034,0.51345,0.5215
665489,Vladimir Guerrero Jr.,TOR,28,609.0,3374.0,1314,,projected,unmodeled,,680.0,2025.0,0.14581,0.0995,0.00923,0.00653,0.02775,0.00156,0.04561,0.18387,0.48015,0.01598,0.01154,0.00163,0.00137,0.00323,0.00012,0.00294,0.00591,0.00672,0.01402,0.0107,0.00331,0.00249,0.00194,0.04791,0.76353,0.2926,581.9405575,27.3658084375,26.4,0.12515,0.12146,0.0068,0.00672,0.128,0.12423,0.97775,141.0,3.0,2106.259338125,2106.259338125,0.14435,0.0995,0.00923,0.02844,0.18387,0.04652,0.00131,0.00653,0.48025,0.29403,0.36887,0.32545,0.29403,0.32545,0.01402,0.0107,0.00331,0.2926,141.0,1.05,1.0,1.04,0.68,1.0,0.98,1.025,1.0,1.02,0.84,1.0,0.99,0.23056,0.76944,R,0.13678,0.14851,0.12895,0.09067,0.00754,0.00974,0.02602,0.02827,0.18715,0.18289,0.04071,0.04708,0.00226,0.00135,0.0045,0.00714,0.4661,0.48435
683953,Travis Bazzana,CLE,24,517.0,517.0,300,,projected,unmodeled,,517.0,2026.0,0.20993,0.10393,0.01322,0.0093,0.02773,0.0073,0.03643,0.14187,0.45028,0.0373,0.02379,0.00467,0.00393,0.00623,0.00117,0.00506,0.01049,0.01244,0.04308,0.0335,0.00957,0.00755,0.006,0.1663,0.77775,0.25902,113.05,21.25,28.3,0.10951,0.10939,0.01192,0.01191,0.11662,0.1165,0.93896,114.0,5.0,439.45,439.45,0.21518,0.10393,0.01322,0.02676,0.14187,0.03716,0.00592,0.0093,0.44666,0.24235,0.32886,0.29281,0.24235,0.29281,0.04308,0.0335,0.00957,0.25902,114.0,0.93,1.0,1.04,0.62,1.0,1.05,0.965,1.0,1.02,0.81,1.0,1.025,0.30265,0.69735,L,0.23912,0.19726,0.09749,0.10673,0.0121,0.01371,0.02004,0.03107,0.14295,0.1414,0.02918,0.03957,0.00441,0.00856,0.00548,0.01096,0.44922,0.45074
681909,Justin Dean,CHC,30,10.0,12.0,150,,floor,floor,1.0,10.0,2026.0,0.24029,0.09247,0.00973,0.00601,0.02771,0.00267,0.03555,0.14054,0.44504,0.08667,0.05002,0.01018,0.00802,0.00868,0.00061,0.00717,0.0139,0.01642,0.0,0.0,0.0,3e-05,3e-05,0.0,0.7835,0.24273,0.0,0.0,,0.11514,0.10932,,,0.11598,0.11011,,,,,,0.24029,0.09247,0.00973,0.02771,0.14054,0.03555,0.00267,0.00601,0.44504,0.23151,0.30866,0.28656,0.23151,0.28656,0.0,0.0,0.0,0.24273,,1.0,1.0,1.0,1.0,1.0,1.0,1.0,1.0,1.0,1.0,1.0,1.0,0.25,0.75,R,0.24029,0.24029,0.09247,0.09247,0.00973,0.00973,0.02771,0.02771,0.14054,0.14054,0.03555,0.03555,0.00267,0.00267,0.00601,0.00601,0.44504,0.44504
680664,Eduardo Valencia,DET,27,138.0,138.0,150,,projected,unmodeled,,138.0,2026.0,0.22778,0.06243,0.01328,0.00254,0.0277,0.00081,0.03641,0.1551,0.47396,0.06052,0.02972,0.00774,0.0034,0.00926,0.00016,0.00691,0.01582,0.01806,0.01215,0.00947,0.00268,0.00593,0.00464,0.05265,0.77964,0.23081,25.5,0.0,24.8,0.14221,0.12827,0.01965,0.01881,0.14165,0.12777,1.00391,116.0,3.0,117.3,117.3,0.2255,0.06212,0.01328,0.02784,0.15433,0.03531,0.00101,0.00254,0.47807,0.23696,0.29389,0.2851,0.23696,0.2851,0.01209,0.00943,0.00267,0.22973,116.0,1.01,0.99,0.94,1.5,0.99,0.98,1.005,0.995,0.97,1.25,0.995,0.99,0.3284,0.6716,R,0.28348,0.20054,0.05634,0.06541,0.01342,0.01321,0.0318,0.02569,0.14061,0.16219,0.03802,0.03562,0.00082,0.00081,0.00256,0.00252,0.43295,0.49401
656775,Cedric Mullins,TB,32,502.0,2626.0,838,,projected,unmodeled,,502.0,2026.0,0.20841,0.08655,0.00994,0.00796,0.02769,0.00603,0.04393,0.11743,0.49206,0.02078,0.01225,0.00191,0.00171,0.0039,0.00055,0.00378,0.006,0.0077,0.05485,0.04292,0.01193,0.00459,0.00382,0.25641,0.78246,0.21392,363.97478656249996,99.47892124999998,27.9,0.11216,0.10394,0.00721,0.00698,0.11684,0.10828,0.95991,139.0,5.0,1628.63618875,1628.63618875,0.21153,0.08223,0.00994,0.02838,0.11567,0.04327,0.00615,0.00796,0.49487,0.21499,0.28563,0.25015,0.21499,0.25015,0.05329,0.0417,0.01159,0.20783,139.0,1.05,0.97,0.97,1.04,0.9,1.03,1.025,0.985,0.985,1.02,0.95,1.015,0.23779,0.76221,L,0.19845,0.21151,0.08036,0.08849,0.0117,0.00939,0.0183,0.03062,0.12787,0.11417,0.04289,0.04425,0.00739,0.00561,0.00577,0.00865,0.50728,0.48731
665966,Carlos Narváez,BAL,28,285.0,746.0,600,,projected,unmodeled,,446.0,2025.0,0.27116,0.07911,0.01198,0.00672,0.02768,0.00086,0.0431,0.13158,0.42781,0.03643,0.01883,0.00378,0.00284,0.00451,0.0001,0.00431,0.0069,0.00857,0.00875,0.00682,0.00193,0.00335,0.00263,0.03929,0.7795,0.22267,116.36499999999998,3.1449999999999996,25.3,0.10039,0.08471,0.01091,0.01011,0.09964,0.08407,1.00754,110.0,9.0,564.4849999999999,564.4849999999999,0.27116,0.07714,0.01198,0.02893,0.13289,0.04288,0.0009,0.00672,0.4274,0.22739,0.29471,0.29247,0.22739,0.29247,0.00872,0.0068,0.00192,0.22201,110.0,1.09,1.02,0.99,1.08,0.95,1.0,1.045,1.01,0.995,1.04,0.975,1.0,0.28013,0.71987,R,0.24102,0.28289,0.09336,0.07357,0.0104,0.01259,0.02531,0.0286,0.14192,0.12755,0.04245,0.04335,0.00106,0.00079,0.0044,0.00763,0.44008,0.42303
694497,Evan Carter,TEX,24,455.0,912.0,454,,projected,unmodeled,,455.0,2026.0,0.23938,0.09896,0.01502,0.00459,0.02763,0.00798,0.03125,0.1195,0.4557,0.03241,0.01931,0.00386,0.00214,0.00485,0.00137,0.00367,0.00757,0.00937,0.04269,0.03382,0.00887,0.00625,0.00508,0.18284,0.79224,0.23347,158.60500624999997,31.35426875,28.9,0.12403,0.09948,0.01072,0.00974,0.13145,0.10543,0.94359,140.0,2.0,684.33871875,684.33871875,0.24058,0.09599,0.01502,0.02666,0.11711,0.03016,0.0073,0.00459,0.4626,0.20491,0.29223,0.25044,0.20491,0.25044,0.04171,0.03304,0.00867,0.22812,140.0,0.93,0.96,0.93,0.83,0.94,1.01,0.965,0.98,0.965,0.915,0.97,1.005,0.17936,0.82064,L,0.27773,0.231,0.08141,0.1028,0.01234,0.0156,0.01913,0.02948,0.12505,0.11828,0.0251,0.03259,0.00379,0.00889,0.00435,0.00464,0.4511,0.45671
661388,William Contreras,MIL,29,640.0,2965.0,1168,,projected,unmodeled,,659.0,2025.0,0.1909,0.10831,0.00555,0.00741,0.02761,0.00131,0.04329,0.15014,0.46548,0.01859,0.01251,0.00135,0.00155,0.00315,0.00014,0.00316,0.00566,0.00667,0.0105,0.0081,0.00239,0.00215,0.00168,0.03976,0.77196,0.264,528.1599206249998,21.071829374999997,26.0,0.13929,0.13345,0.00803,0.00788,0.12417,0.11897,1.12178,158.0,3.0,1922.8973912499998,1922.8973912499998,0.2014,0.11156,0.00555,0.02803,0.14713,0.0407,0.00121,0.00741,0.45702,0.24794,0.33417,0.29261,0.24794,0.29261,0.01051,0.00811,0.0024,0.26424,158.0,1.03,0.96,0.88,0.85,1.06,1.11,1.015,0.98,0.94,0.925,1.03,1.055,0.26905,0.73095,R,0.19218,0.19043,0.12334,0.10278,0.00599,0.00539,0.02595,0.02823,0.15199,0.14946,0.04947,0.04102,0.00124,0.00133,0.00866,0.00695,0.44118,0.47442
605353,Vimael Machín,COL,33,6.0,271.0,150,,floor,floor,1.0,12.0,2025.0,0.20482,0.08973,0.00825,0.01012,0.02761,0.00348,0.06297,0.12474,0.46826,0.0571,0.03442,0.00482,0.00534,0.01026,0.00075,0.01191,0.01396,0.01883,0.01626,0.01266,0.0036,0.00656,0.00513,0.07303,0.77841,0.22272,27.953434687499996,0.8874106249999999,,0.11642,0.09161,0.01778,0.016,0.12075,0.09501,0.9642,133.0,2.0,112.25744406249999,112.25744406249999,0.19561,0.09466,0.00825,0.03245,0.12911,0.06801,0.00291,0.01012,0.45889,0.2621,0.33539,0.30357,0.2621,0.30357,0.01694,0.01319,0.00375,0.23202,133.0,1.35,1.07,1.16,0.67,1.11,0.91,1.175,1.035,1.08,0.835,1.055,0.955,0.25688,0.74312,L,0.2055,0.20459,0.08965,0.08976,0.00683,0.00874,0.0328,0.02582,0.113,0.1288,0.08028,0.05699,0.00383,0.00336,0.01281,0.00919,0.4553,0.47275
527038,Wilmer Flores,SF,35,463.0,1761.0,528,,projected,unmodeled,,463.0,2025.0,0.16991,0.08544,0.01461,0.01008,0.02755,0.00036,0.03494,0.14802,0.50909,0.02423,0.01535,0.0028,0.00233,0.00505,3e-05,0.00416,0.00869,0.01031,0.00165,0.00129,0.00036,0.00119,0.00093,0.00665,0.78043,0.24807,238.68925437499996,0.7224999999999999,24.5,0.10343,0.12607,0.00861,0.00938,0.1083,0.132,0.95503,137.0,5.0,987.2371856249999,987.2371856249999,0.16651,0.0833,0.01461,0.02466,0.1495,0.03564,0.00043,0.01008,0.51527,0.23568,0.30815,0.26479,0.23568,0.26479,0.00164,0.00128,0.00036,0.24742,137.0,0.79,1.02,1.04,1.42,0.95,0.96,0.895,1.01,1.02,1.21,0.975,0.98,0.34365,0.65635,R,0.17192,0.16885,0.07913,0.08874,0.01246,0.01573,0.02665,0.02802,0.1463,0.14892,0.04085,0.03185,0.00036,0.00035,0.0119,0.00913,0.51042,0.5084
665561,Rafael Marchán,PHI,28,95.0,269.0,450,,projected,unmodeled,,118.0,2025.0,0.17391,0.06403,0.01403,0.00445,0.02754,0.00133,0.03337,0.14603,0.53531,0.04652,0.02557,0.00629,0.00356,0.00513,0.00021,0.00384,0.00879,0.0107,0.01159,0.00904,0.00255,0.00534,0.00418,0.05173,0.77964,0.22409,36.227,0.0,26.2,0.10056,0.10432,0.01543,0.01568,0.09595,0.09954,1.04798,143.0,7.0,200.396,200.396,0.17739,0.06243,0.01403,0.02947,0.1475,0.03303,0.00136,0.00445,0.53035,0.22996,0.28781,0.25537,0.22996,0.25537,0.01158,0.00903,0.00255,0.22395,143.0,1.14,1.02,0.98,1.04,0.95,1.04,1.07,1.01,0.99,1.02,0.975,1.02,0.30064,0.69936,S,0.17723,0.17248,0.06696,0.06277,0.01276,0.01457,0.02946,0.02671,0.15817,0.14082,0.03393,0.03313,0.00142,0.00129,0.0041,0.0046,0.51597,0.54363
703607,Henry Bolte,OAK,23,473.0,473.0,300,,projected,unmodeled,,473.0,2026.0,0.26959,0.08289,0.02874,0.00462,0.02754,0.00353,0.0356,0.14516,0.40234,0.04212,0.02228,0.0071,0.00288,0.00698,0.00092,0.0058,0.01081,0.01192,0.04925,0.0381,0.01115,0.00778,0.00617,0.19179,0.77355,0.25679,119.0,24.65,30.5,0.1184,0.08995,0.0129,0.01143,0.12279,0.09329,0.9642,133.0,2.0,402.05,402.05,0.25746,0.08745,0.02874,0.03236,0.15024,0.03845,0.00295,0.00462,0.39774,0.25477,0.34018,0.32514,0.25477,0.32514,0.0511,0.03953,0.01157,0.26643,133.0,1.35,1.07,1.16,0.67,1.11,0.91,1.175,1.035,1.08,0.835,1.055,0.955,0.29718,0.70282,R,0.30365,0.25519,0.07524,0.08613,0.02567,0.03004,0.04008,0.02223,0.13356,0.15006,0.03713,0.03496,0.00251,0.00396,0.00385,0.00494,0.37831,0.4125
605170,Victor Caratini,MIN,33,382.0,1582.0,634,,projected,unmodeled,,386.0,2025.0,0.19752,0.08128,0.02521,0.01297,0.02749,0.00059,0.03088,0.14841,0.47566,0.0252,0.01472,0.00384,0.00277,0.0044,6e-05,0.00292,0.00727,0.00843,0.00242,0.00188,0.00054,0.00138,0.00108,0.00949,0.77662,0.2549,269.5637565625,2.3806374999999997,24.4,0.09313,0.11361,0.00829,0.00905,0.09318,0.11367,0.99946,142.0,6.0,1029.152130625,1029.152130625,0.19455,0.08047,0.02521,0.02666,0.15063,0.03304,0.00057,0.01297,0.47589,0.2393,0.31659,0.2791,0.2393,0.2791,0.00243,0.00189,0.00054,0.25631,142.0,0.94,1.03,1.14,0.95,0.98,0.97,0.97,1.015,1.07,0.975,0.99,0.985,0.24477,0.75523,S,0.26068,0.17704,0.07292,0.084,0.04409,0.01909,0.02421,0.02855,0.13413,0.15303,0.03254,0.03034,0.00067,0.00056,0.00726,0.01482,0.4235,0.49257
687597,Jordan Beck,COL,26,180.0,952.0,670,,projected,unmodeled,,588.0,2025.0,0.2989,0.07436,0.00571,0.00344,0.02748,0.00448,0.03931,0.13725,0.40907,0.03462,0.01689,0.00234,0.00182,0.00411,0.00062,0.00362,0.00667,0.0078,0.0352,0.02724,0.00796,0.00563,0.00446,0.16198,0.77391,0.21732,152.41349999999997,26.970499999999998,28.0,0.10678,0.09149,0.01003,0.00937,0.11292,0.09675,0.9456,115.0,6.0,690.829,690.829,0.28396,0.07287,0.00571,0.02858,0.14755,0.04383,0.00704,0.00344,0.40703,0.24727,0.30557,0.32772,0.24727,0.32772,0.03663,0.02835,0.00828,0.22613,115.0,1.08,1.15,1.23,2.14,0.96,0.9,1.04,1.075,1.115,1.57,0.98,0.95,0.29688,0.70312,R,0.30352,0.29695,0.07384,0.07457,0.00558,0.00577,0.03038,0.02625,0.15152,0.13123,0.0449,0.03695,0.00391,0.00473,0.00397,0.00322,0.38238,0.42033
667428,Grant Koch,PIT,30,8.0,8.0,150,,floor,floor,1.0,0.0,,0.24765,0.08655,0.01017,0.00628,0.02745,0.00304,0.04972,0.12562,0.44352,0.08964,0.04971,0.01064,0.00838,0.00937,0.00123,0.01024,0.01284,0.01704,0.0,0.0,0.0,3e-05,2e-05,0.0,0.7835,0.22234,0.0,0.0,,0.11514,0.10932,,,0.11598,0.11011,,,,,,0.24765,0.08655,0.01017,0.02745,0.12562,0.04972,0.00304,0.00628,0.44352,0.22946,0.30255,0.28682,0.22946,0.28682,0.0,0.0,0.0,0.22234,,1.0,1.0,1.0,1.0,1.0,1.0,1.0,1.0,1.0,1.0,1.0,1.0,0.25962,0.74038,R,0.24765,0.24765,0.08655,0.08655,0.01017,0.01017,0.02745,0.02745,0.12562,0.12562,0.04972,0.04972,0.00304,0.00304,0.00628,0.00628,0.44352,0.44352
642215,Weston Wilson,SEA,32,183.0,428.0,450,,projected,unmodeled,,183.0,2026.0,0.27922,0.09695,0.00767,0.00306,0.02745,0.00179,0.04531,0.12262,0.41594,0.0467,0.02622,0.00387,0.00245,0.0052,0.00021,0.00509,0.00765,0.00956,0.03336,0.02596,0.0074,0.00736,0.0058,0.14681,0.77815,0.22724,69.45987499999998,12.254874999999998,27.8,0.12159,0.10116,0.01431,0.01321,0.12488,0.1039,0.97362,136.0,2.0,306.04675,306.04675,0.30155,0.09501,0.00767,0.02717,0.1171,0.04191,0.00126,0.00306,0.40527,0.2096,0.29012,0.28339,0.2096,0.28339,0.03227,0.02511,0.00716,0.21978,136.0,0.98,0.91,0.85,0.4,0.96,1.16,0.99,0.955,0.925,0.7,0.98,1.08,0.49835,0.50165,R,0.28438,0.27408,0.09486,0.09903,0.00885,0.00649,0.02816,0.02674,0.12144,0.12379,0.04347,0.04714,0.00194,0.00165,0.00313,0.00299,0.41377,0.41809
649966,Luis Urías,TOR,30,59.0,1147.0,397,,projected,unmodeled,,330.0,2025.0,0.19743,0.09855,0.02762,0.00779,0.02742,0.00085,0.03176,0.13719,0.47139,0.03077,0.01961,0.00468,0.00251,0.00561,0.00012,0.00398,0.00901,0.01074,0.00853,0.00661,0.00191,0.00315,0.00245,0.03237,0.77552,0.26337,169.26052124999998,3.4986159374999994,25.9,0.09887,0.09967,0.01007,0.0101,0.10112,0.10194,0.97775,141.0,6.0,657.3386387499999,657.3386387499999,0.19545,0.09855,0.02762,0.02811,0.13719,0.03239,0.00072,0.00779,0.47218,0.2291,0.32458,0.26506,0.2291,0.26506,0.00853,0.00661,0.00191,0.26337,141.0,1.05,1.0,1.04,0.68,1.0,0.98,1.025,1.0,1.02,0.84,1.0,0.99,0.30086,0.69914,R,0.21234,0.19101,0.09522,0.09999,0.0237,0.02931,0.02572,0.02816,0.13565,0.13785,0.03419,0.03071,0.00091,0.00083,0.007,0.00812,0.46526,0.47402
690976,Alex Freeland,LAD,25,269.0,366.0,300,,projected,unmodeled,,269.0,2026.0,0.27709,0.10938,0.00649,0.00572,0.0274,0.00234,0.02561,0.13151,0.41445,0.04767,0.0283,0.0038,0.00357,0.00594,0.00036,0.004,0.00916,0.01073,0.01693,0.01327,0.00366,0.00549,0.00433,0.06843,0.78409,0.24738,79.5175,4.1225,26.9,0.12469,0.0973,0.01593,0.01426,0.10942,0.08538,1.13954,119.0,7.0,298.7325,298.7325,0.27986,0.11047,0.00649,0.03055,0.12757,0.02497,0.00192,0.00572,0.41244,0.21088,0.30197,0.27246,0.21088,0.27246,0.01673,0.01312,0.00361,0.24453,119.0,1.23,0.94,0.95,0.64,1.02,1.02,1.115,0.97,0.975,0.82,1.01,1.01,0.18198,0.81802,S,0.28865,0.27451,0.08356,0.11512,0.00706,0.00637,0.02874,0.0271,0.12429,0.13312,0.02814,0.02505,0.00236,0.00234,0.00538,0.0058,0.43182,0.41059
682641,Luis Matos,MIL,25,21.0,614.0,450,,projected,unmodeled,,184.0,2025.0,0.16655,0.06429,0.00561,0.00368,0.02738,0.0024,0.04478,0.14309,0.54221,0.03622,0.0203,0.00283,0.0023,0.00535,0.00026,0.00486,0.00843,0.01065,0.01654,0.01298,0.00357,0.00515,0.00407,0.07767,0.78444,0.213,72.38727499999999,4.456018749999999,27.4,0.1116,0.10684,0.01296,0.01271,0.11686,0.11187,0.95503,137.0,5.0,360.8110812499999,360.8110812499999,0.16322,0.06269,0.00561,0.02451,0.14453,0.04568,0.0029,0.00368,0.5472,0.23449,0.28591,0.26085,0.23449,0.26085,0.01653,0.01297,0.00356,0.21282,137.0,0.79,1.02,1.04,1.42,0.95,0.96,0.895,1.01,1.02,1.21,0.975,0.98,0.36007,0.63993,R,0.17425,0.16221,0.07189,0.06002,0.00651,0.00511,0.03159,0.02502,0.13584,0.14718,0.04867,0.0426,0.00179,0.00274,0.00385,0.00358,0.52562,0.55155
701305,Zach Dezenzo,HOU,27,82.0,256.0,450,,projected,unmodeled,,109.0,2025.0,0.30825,0.08394,0.00266,0.00165,0.02736,0.00268,0.0411,0.12558,0.40677,0.05784,0.02957,0.00281,0.00221,0.005,0.00031,0.005,0.00796,0.0095,0.01544,0.01207,0.00338,0.0057,0.00448,0.07278,0.78136,0.21219,43.405249999999995,1.5724999999999998,27.9,0.12555,0.0965,0.01683,0.01499,0.12538,0.09637,1.0014,117.0,2.0,188.37062500000002,188.37062500000002,0.31904,0.08436,0.00266,0.02914,0.1237,0.04028,0.00246,0.00165,0.39672,0.21461,0.2826,0.29554,0.21461,0.29554,0.01534,0.01198,0.00335,0.21072,117.0,1.13,0.97,0.96,0.83,1.01,1.07,1.065,0.985,0.98,0.915,1.005,1.035,0.25219,0.74781,R,0.29895,0.31138,0.09097,0.08157,0.00313,0.00251,0.02905,0.02679,0.12197,0.1268,0.03908,0.04179,0.00301,0.00257,0.00189,0.00156,0.41193,0.40503
682987,Spencer Jones,NYY,26,289.0,289.0,300,,projected,unmodeled,,289.0,2026.0,0.32272,0.08597,0.00514,0.00421,0.02728,0.00673,0.04062,0.11105,0.39628,0.05349,0.0273,0.00372,0.00337,0.00561,0.00158,0.00559,0.00867,0.01045,0.03237,0.02522,0.00715,0.00723,0.00571,0.16014,0.7791,0.20215,55.25,11.049999999999999,28.9,0.13314,0.13893,0.01708,0.01739,0.12001,0.12524,1.10936,147.0,4.0,245.65,245.65,0.32917,0.09199,0.00514,0.02974,0.10605,0.03961,0.00586,0.00421,0.38824,0.20169,0.27838,0.28071,0.20169,0.28071,0.03254,0.02535,0.00719,0.20317,147.0,1.18,0.91,0.95,0.74,1.14,1.04,1.09,0.955,0.975,0.87,1.07,1.02,0.22699,0.77301,L,0.26214,0.3405,0.0795,0.08787,0.00757,0.00442,0.02782,0.02712,0.13164,0.105,0.04501,0.03934,0.01035,0.00567,0.00418,0.00422,0.43178,0.38586
694224,Gabriel Gonzalez,MIN,23,11.0,11.0,300,,floor,floor,1.0,11.0,2026.0,0.21945,0.09297,0.02082,0.00608,0.02727,0.00262,0.03942,0.14017,0.4512,0.08418,0.05028,0.01489,0.0081,0.00667,0.00067,0.00563,0.01032,0.01245,0.0,0.0,0.0,4e-05,3e-05,0.0,0.7835,0.25396,0.0,0.0,,0.11514,0.10932,,,0.11598,0.11011,,,,,,0.21945,0.09297,0.02082,0.02727,0.14017,0.03942,0.00262,0.00608,0.4512,0.23801,0.32328,0.28766,0.23801,0.28766,0.0,0.0,0.0,0.25396,,1.0,1.0,1.0,1.0,1.0,1.0,1.0,1.0,1.0,1.0,1.0,1.0,0.27488,0.72512,R,0.21945,0.21945,0.09297,0.09297,0.02082,0.02082,0.02727,0.02727,0.14017,0.14017,0.03942,0.03942,0.00262,0.00262,0.00608,0.00608,0.4512,0.4512
701807,Carson Benge,NYM,24,654.0,654.0,179,,projected,unmodeled,,654.0,2026.0,0.21802,0.0777,0.01212,0.00212,0.02722,0.00539,0.03845,0.16557,0.45341,0.03429,0.01893,0.00404,0.00169,0.0086,0.00119,0.00621,0.01543,0.01694,0.03682,0.02884,0.00798,0.00628,0.00502,0.14416,0.78326,0.25539,153.85,22.95,28.6,0.13544,0.10887,0.01265,0.01151,0.13167,0.10583,1.02866,121.0,2.0,555.9,555.9,0.22129,0.08042,0.01212,0.02736,0.16226,0.03711,0.00482,0.00212,0.45251,0.25575,0.32409,0.31093,0.25575,0.31093,0.03673,0.02877,0.00796,0.2548,121.0,1.01,0.96,0.93,0.79,1.07,1.03,1.005,0.98,0.965,0.895,1.035,1.015,0.28337,0.71663,L,0.24673,0.20666,0.08013,0.07675,0.01331,0.01165,0.02718,0.02724,0.16305,0.16657,0.03519,0.03975,0.00545,0.00536,0.0022,0.00208,0.42676,0.46395
668752,Duke Ellis,NYY,29,5.0,5.0,300,,floor,floor,1.0,0.0,,0.22824,0.08214,0.01053,0.00651,0.02719,0.00296,0.03833,0.14483,0.45927,0.08793,0.04897,0.01101,0.00867,0.00682,0.00059,0.00542,0.0104,0.01239,0.0,0.0,0.0,3e-05,3e-05,0.0,0.7835,0.2375,0.0,0.0,,0.11514,0.10932,,,0.11598,0.11011,,,,,,0.22824,0.08214,0.01053,0.02719,0.14483,0.03833,0.00296,0.00651,0.45927,0.23679,0.30598,0.28838,0.23679,0.28838,0.0,0.0,0.0,0.2375,,1.0,1.0,1.0,1.0,1.0,1.0,1.0,1.0,1.0,1.0,1.0,1.0,0.25854,0.74146,L,0.22824,0.22824,0.08214,0.08214,0.01053,0.01053,0.02719,0.02719,0.14483,0.14483,0.03833,0.03833,0.00296,0.00296,0.00651,0.00651,0.45927,0.45927
683679,Jesus Rodriguez,SF,25,58.0,58.0,300,,projected,unmodeled,,58.0,2026.0,0.19489,0.08517,0.01373,0.00401,0.02715,0.00488,0.05243,0.14194,0.47581,0.06895,0.04136,0.00987,0.00536,0.00676,0.00137,0.00799,0.01093,0.01324,0.02723,0.02116,0.00606,0.00976,0.00763,0.11306,0.77728,0.24084,11.049999999999999,1.7,28.3,0.11518,0.11492,0.0197,0.01968,0.1206,0.12033,0.95503,137.0,4.0,49.3,49.3,0.19099,0.08304,0.01373,0.0243,0.14336,0.05348,0.0059,0.00401,0.48119,0.25248,0.32381,0.29643,0.25248,0.29643,0.02715,0.0211,0.00605,0.24013,137.0,0.79,1.02,1.04,1.42,0.95,0.96,0.895,1.01,1.02,1.21,0.975,0.98,0.26744,0.73256,R,0.18892,0.19706,0.08711,0.08446,0.01456,0.01343,0.02314,0.02862,0.14441,0.14103,0.06013,0.04962,0.0062,0.00439,0.00279,0.00445,0.47274,0.47692
668670,Jake Rogers,CWS,32,171.0,1015.0,532,,projected,unmodeled,,171.0,2026.0,0.29006,0.08985,0.00812,0.00872,0.02713,0.002,0.03368,0.11127,0.42918,0.03535,0.01897,0.00271,0.00281,0.00412,0.00022,0.00358,0.00674,0.00809,0.00801,0.00625,0.00176,0.00302,0.00236,0.0383,0.77979,0.20925,127.07032499999998,2.5081374999999997,26.4,0.11013,0.10662,0.01022,0.01008,0.12071,0.11687,0.91233,145.0,5.0,645.4374062499999,645.4374062499999,0.28716,0.0912,0.00812,0.02685,0.11071,0.03283,0.00169,0.00872,0.43271,0.19293,0.27141,0.25129,0.19293,0.25129,0.00804,0.00627,0.00177,0.21004,145.0,0.98,0.99,0.95,0.69,1.03,0.98,0.99,0.995,0.975,0.845,1.015,0.99,0.26588,0.73412,R,0.27626,0.29505,0.10761,0.08342,0.00821,0.00809,0.02979,0.02616,0.11445,0.11012,0.03645,0.03267,0.00124,0.00227,0.01069,0.00801,0.41529,0.43421
678489,Jorge Barrosa,HOU,26,174.0,269.0,450,,projected,unmodeled,,174.0,2026.0,0.2496,0.07744,0.01116,0.01305,0.0271,0.00616,0.05145,0.10512,0.45893,0.0519,0.02729,0.00562,0.00607,0.00486,0.00117,0.00517,0.00626,0.0094,0.01838,0.01438,0.004,0.0062,0.00488,0.09487,0.78241,0.19372,33.7025,2.55,28.4,0.13424,0.0926,0.01698,0.01444,0.13405,0.09247,1.0014,117.0,2.0,203.5325,203.5325,0.25833,0.07783,0.01116,0.02886,0.10354,0.05042,0.00564,0.01305,0.45118,0.20987,0.27744,0.2613,0.20987,0.2613,0.01827,0.01429,0.00397,0.19253,117.0,1.13,0.97,0.96,0.83,1.01,1.07,1.065,0.985,0.98,0.915,1.005,1.035,0.36034,0.63966,S,0.21504,0.26907,0.08492,0.07323,0.01564,0.00864,0.02993,0.0255,0.1085,0.10321,0.0559,0.04894,0.00488,0.00688,0.01672,0.01098,0.46848,0.45356
678882,Ceddanne Rafaela,BOS,26,576.0,1823.0,1023,,projected,unmodeled,,587.0,2025.0,0.2223,0.0416,0.01308,0.00502,0.02707,0.0047,0.049,0.15218,0.48505,0.02355,0.00963,0.0026,0.00162,0.0035,0.00049,0.00353,0.00615,0.00725,0.04316,0.03287,0.01029,0.00466,0.00373,0.20864,0.7616,0.20686,275.72523125,60.06014999999999,28.9,0.12598,0.1176,0.00866,0.00841,0.12281,0.11465,1.02577,111.0,3.0,1310.83143125,1310.83143125,0.21897,0.04119,0.01308,0.02531,0.15598,0.0539,0.00444,0.00502,0.48212,0.25473,0.2939,0.30774,0.25473,0.30774,0.04387,0.03341,0.01046,0.21025,111.0,0.87,1.05,1.2,0.89,0.98,0.97,0.935,1.025,1.1,0.945,0.99,0.985,0.26939,0.73061,R,0.25358,0.21077,0.05214,0.03772,0.01325,0.01302,0.03113,0.02557,0.12979,0.16043,0.04529,0.05037,0.00703,0.00384,0.00491,0.00506,0.46289,0.49322
571448,Nolan Arenado,ARI,36,599.0,2902.0,1022,,projected,unmodeled,,599.0,2026.0,0.15763,0.07565,0.00969,0.0089,0.02703,0.00065,0.04458,0.15541,0.52046,0.01774,0.01096,0.00179,0.00172,0.00376,5e-05,0.00364,0.00631,0.00765,0.00749,0.00581,0.00168,0.00191,0.00149,0.0311,0.77552,0.24075,430.56733531249995,14.70568,25.1,0.13232,0.14975,0.00802,0.00845,0.11941,0.13514,1.10811,109.0,4.0,1808.6944937499998,1808.6944937499998,0.14975,0.07527,0.00969,0.02609,0.15774,0.0468,0.001,0.0089,0.52475,0.25563,0.31659,0.28145,0.25563,0.28145,0.00755,0.00585,0.00169,0.2427,109.0,0.93,1.03,1.1,2.07,0.99,0.9,0.965,1.015,1.05,1.535,0.995,0.95,0.25401,0.74599,R,0.14336,0.16249,0.07685,0.07524,0.00592,0.01097,0.02984,0.02608,0.14375,0.15938,0.04552,0.04426,0.00083,0.00059,0.00958,0.00867,0.54436,0.51232
691002,Yohandy Morales,WSH,25,47.0,47.0,150,,projected,unmodeled,,47.0,2026.0,0.25042,0.06049,0.00705,0.00435,0.02698,0.00275,0.03573,0.14934,0.46288,0.0779,0.03649,0.00739,0.00582,0.00925,0.00048,0.00688,0.01461,0.01709,0.02481,0.01937,0.00544,0.00945,0.00741,0.1144,0.78057,0.21689,3.4,0.85,28.7,0.13168,0.12749,0.02202,0.02172,0.12972,0.12559,1.01514,120.0,3.0,39.949999999999996,39.949999999999996,0.24291,0.06049,0.00705,0.02766,0.15233,0.03555,0.00264,0.00435,0.46702,0.23507,0.28572,0.28974,0.23507,0.28974,0.02515,0.01963,0.00552,0.21987,120.0,1.05,1.04,0.99,0.92,1.0,0.94,1.025,1.02,0.995,0.96,1.0,0.97,0.29555,0.70445,R,0.25172,0.24988,0.06124,0.06018,0.00691,0.0071,0.02262,0.02881,0.14761,0.15007,0.03968,0.03407,0.00273,0.00275,0.00432,0.00437,0.46317,0.46276
664901,Danny Mendick,CWS,33,141.0,316.0,150,,floor,floor,1.0,0.0,,0.22929,0.06433,0.00984,0.0014,0.02696,0.00168,0.03707,0.14314,0.48631,0.05445,0.02705,0.00495,0.00187,0.00896,0.00046,0.00681,0.01489,0.01787,0.02409,0.0189,0.00519,0.00747,0.0059,0.11084,0.78465,0.2173,33.42682375,4.650461562499999,26.5,0.11568,0.09484,0.01579,0.01448,0.1268,0.10396,0.91233,145.0,2.0,169.642819375,169.642819375,0.227,0.06529,0.00984,0.02669,0.14242,0.03614,0.00142,0.0014,0.48981,0.2238,0.2818,0.26872,0.2238,0.26872,0.02411,0.01892,0.00519,0.21755,145.0,0.98,0.99,0.95,0.69,1.03,0.98,0.99,0.995,0.975,0.845,1.015,0.99,0.30792,0.69208,R,0.21274,0.23665,0.06943,0.06205,0.00768,0.0108,0.02793,0.02652,0.1516,0.13937,0.04177,0.03498,0.0015,0.00177,0.00145,0.00137,0.48589,0.48649
669242,Tommy Edman,LAD,32,331.0,2019.0,497,,projected,unmodeled,,377.0,2025.0,0.18025,0.06626,0.01615,0.00646,0.02687,0.00552,0.04479,0.15326,0.50044,0.02265,0.01248,0.00275,0.00175,0.00516,0.00064,0.00485,0.00844,0.01024,0.03807,0.03024,0.00783,0.00478,0.00392,0.16152,0.7943,0.23567,279.6128974999999,46.786629687499996,28.0,0.14146,0.11739,0.01003,0.00925,0.12414,0.10302,1.13954,119.0,2.0,1202.8472718749997,1202.8472718749997,0.18206,0.06693,0.01615,0.02996,0.14866,0.04367,0.00453,0.00646,0.5016,0.24912,0.30989,0.28185,0.24912,0.28185,0.03743,0.02973,0.0077,0.23173,119.0,1.23,0.94,0.95,0.64,1.02,1.02,1.115,0.97,0.975,0.82,1.01,1.01,0.3016,0.6984,S,0.19512,0.17383,0.06108,0.0685,0.01757,0.01553,0.03945,0.02143,0.14224,0.15802,0.05176,0.04179,0.00368,0.00632,0.00395,0.00754,0.48515,0.50704
682674,Victor Bericoto,SF,25,116.0,116.0,150,,projected,unmodeled,,116.0,2026.0,0.24923,0.05975,0.00457,0.00282,0.02684,0.00284,0.03281,0.15424,0.4669,0.06529,0.03045,0.0048,0.00378,0.00936,0.00087,0.00715,0.01618,0.01843,0.0238,0.01842,0.00538,0.00827,0.00644,0.1089,0.77402,0.21856,17.849999999999998,2.55,27.1,0.10206,0.1166,0.01707,0.01809,0.10687,0.12209,0.95503,137.0,5.0,98.6,98.6,0.24424,0.05826,0.00457,0.02402,0.15579,0.03346,0.00344,0.00282,0.47341,0.23193,0.27953,0.28928,0.23193,0.28928,0.02381,0.01843,0.00538,0.21861,137.0,0.79,1.02,1.04,1.42,0.95,0.96,0.895,1.01,1.02,1.21,0.975,0.98,0.37658,0.62342,R,0.2556,0.24538,0.05243,0.06417,0.00433,0.00471,0.02352,0.02884,0.16147,0.14988,0.03833,0.02947,0.00276,0.00289,0.00272,0.00288,0.45883,0.47178
663662,Daz Cameron,TOR,30,25.0,323.0,300,,projected,unmodeled,,42.0,2025.0,0.26217,0.06532,0.00718,0.00882,0.02684,0.00274,0.03766,0.14705,0.44223,0.05429,0.02596,0.0042,0.00465,0.00677,0.00074,0.00569,0.01049,0.01252,0.02471,0.01939,0.00532,0.00744,0.00588,0.11255,0.78468,0.21954,36.98570468749999,4.680535624999999,27.7,0.12135,0.10355,0.01618,0.0151,0.12412,0.10591,0.97775,141.0,2.0,196.88162187499998,196.88162187499998,0.25955,0.06532,0.00718,0.02751,0.14705,0.03841,0.00231,0.00882,0.44386,0.23433,0.28777,0.29727,0.23433,0.29727,0.02471,0.01939,0.00532,0.21954,141.0,1.05,1.0,1.04,0.68,1.0,0.98,1.025,1.0,1.02,0.84,1.0,0.99,0.42163,0.57837,R,0.27288,0.25436,0.07195,0.06048,0.00572,0.00825,0.03059,0.0241,0.14783,0.14647,0.04055,0.03555,0.00278,0.00272,0.00967,0.0082,0.41804,0.45986
689414,Liam Hicks,TB,28,554.0,944.0,484,,projected,unmodeled,,554.0,2026.0,0.12843,0.10219,0.02041,0.01031,0.02677,0.00152,0.03329,0.15118,0.52592,0.02437,0.01878,0.00442,0.00315,0.005,0.00021,0.00407,0.00901,0.01047,0.00698,0.00547,0.00151,0.0026,0.00205,0.02548,0.78396,0.27377,225.16499999999996,3.9949999999999997,25.7,0.10691,0.12535,0.00978,0.01048,0.11138,0.13058,0.95991,139.0,4.0,752.675,752.675,0.13035,0.09708,0.02041,0.02744,0.14891,0.03279,0.00155,0.01031,0.53117,0.24156,0.32817,0.2565,0.24156,0.2565,0.00679,0.00532,0.00147,0.26639,139.0,1.05,0.97,0.97,1.04,0.9,1.03,1.025,0.985,0.985,1.02,0.95,1.015,0.20629,0.79371,L,0.1682,0.11809,0.09252,0.1047,0.01935,0.02068,0.01808,0.02903,0.13114,0.15638,0.03141,0.03378,0.0014,0.00155,0.00898,0.01065,0.52891,0.52514
592669,Hunter Renfroe,KC,35,108.0,1602.0,453,,projected,unmodeled,,108.0,2025.0,0.21755,0.08015,0.00588,0.00509,0.02677,0.00174,0.05126,0.12402,0.48755,0.02838,0.0159,0.00186,0.00173,0.00484,0.00021,0.00565,0.00851,0.01051,0.00634,0.00492,0.00142,0.00237,0.00185,0.03019,0.77671,0.21005,179.27961468749996,2.115660625,27.0,0.0998,0.10635,0.00901,0.00926,0.10417,0.111,0.95808,118.0,6.0,856.0925981249998,856.0925981249998,0.20558,0.08015,0.00588,0.02529,0.12526,0.05588,0.00231,0.00509,0.49457,0.22966,0.29477,0.27056,0.22966,0.27056,0.00638,0.00495,0.00142,0.21129,118.0,0.89,1.02,1.18,1.65,1.0,0.89,0.945,1.01,1.09,1.325,1.0,0.945,0.30055,0.69945,R,0.21141,0.22018,0.08628,0.07751,0.00751,0.00519,0.02469,0.02766,0.13361,0.1199,0.04821,0.05257,0.00196,0.00165,0.0077,0.00396,0.47864,0.49138
592325,Ben Gamel,HOU,35,99.0,537.0,150,,floor,floor,1.0,0.0,,0.22891,0.11456,0.00631,0.00252,0.02674,0.00205,0.04023,0.14512,0.43357,0.04734,0.03055,0.00319,0.00202,0.01,0.00062,0.00879,0.01533,0.01799,0.01819,0.01421,0.00398,0.0062,0.00487,0.0684,0.78101,0.26599,67.29888812499999,3.276356875,26.9,0.13041,0.10926,0.01591,0.01474,0.13023,0.1091,1.0014,117.0,2.0,248.48572218749996,248.48572218749996,0.23692,0.11513,0.00631,0.02848,0.14294,0.03943,0.00188,0.00252,0.4264,0.24282,0.33416,0.30172,0.24282,0.30172,0.01808,0.01412,0.00396,0.26438,117.0,1.13,0.97,0.96,0.83,1.01,1.07,1.065,0.985,0.98,0.915,1.005,1.035,0.23411,0.76589,L,0.23537,0.22693,0.09116,0.12171,0.00989,0.00522,0.02578,0.02703,0.14023,0.14661,0.04053,0.04014,0.00178,0.00213,0.00272,0.00246,0.45255,0.42777
695490,Edwin Arroyo,CIN,23,160.0,160.0,300,,projected,unmodeled,,160.0,2026.0,0.23134,0.05748,0.01623,0.00647,0.02672,0.00337,0.03062,0.15797,0.46979,0.05839,0.02743,0.00814,0.00516,0.00697,0.00059,0.00435,0.01124,0.01272,0.02059,0.016,0.00459,0.0073,0.00571,0.08887,0.77728,0.23168,31.45,1.7,28.8,0.10461,0.07793,0.01633,0.01431,0.10887,0.08111,0.96083,113.0,9.0,136.0,136.0,0.23597,0.06036,0.01623,0.02845,0.15402,0.03032,0.00305,0.00647,0.46513,0.23539,0.29243,0.28718,0.23539,0.28718,0.02049,0.01593,0.00456,0.23061,113.0,1.13,0.95,0.98,0.81,1.1,1.04,1.065,0.975,0.99,0.905,1.05,1.02,0.26389,0.73611,S,0.23526,0.22994,0.06005,0.05656,0.01163,0.01788,0.03049,0.02536,0.15774,0.15805,0.03242,0.02998,0.00469,0.0029,0.00846,0.00576,0.45926,0.47357
650559,Bryan De La Cruz,PHI,30,86.0,1739.0,720,,projected,unmodeled,,86.0,2026.0,0.25017,0.05923,0.00489,0.0091,0.02661,0.00262,0.04357,0.13827,0.46555,0.02809,0.01303,0.00164,0.00223,0.00381,0.00024,0.00377,0.00675,0.00802,0.01209,0.00944,0.00265,0.00299,0.00236,0.05973,0.78118,0.20239,207.33269593749998,9.4062275,27.9,0.1143,0.13017,0.00953,0.01008,0.10907,0.12421,1.04798,143.0,5.0,975.5020484374999,975.5020484374999,0.25518,0.05775,0.00489,0.02847,0.13965,0.04313,0.00267,0.0091,0.45916,0.23045,0.27656,0.2877,0.23045,0.2877,0.01208,0.00944,0.00264,0.20229,143.0,1.14,1.02,0.98,1.04,0.95,1.04,1.07,1.01,0.99,1.02,0.975,1.02,0.30689,0.69311,R,0.24611,0.25197,0.06396,0.05714,0.00549,0.00462,0.02084,0.02916,0.15305,0.13172,0.04086,0.04477,0.00343,0.00226,0.00803,0.00958,0.45824,0.46878
645277,Ozzie Albies,ATL,30,683.0,2714.0,1087,,projected,unmodeled,,683.0,2026.0,0.15637,0.0713,0.00998,0.01272,0.02661,0.00358,0.04522,0.14664,0.52756,0.01775,0.01071,0.00188,0.00212,0.00349,0.00037,0.00338,0.00612,0.00734,0.02024,0.01569,0.00456,0.00304,0.00242,0.08881,0.77494,0.22792,406.0377484375,35.467355,27.1,0.11792,0.1152,0.00725,0.00718,0.11708,0.11438,1.00717,144.0,5.0,1793.4827290624999,1793.4827290624999,0.15794,0.07023,0.00998,0.02661,0.15031,0.04409,0.00328,0.01272,0.52484,0.24727,0.3045,0.2736,0.24727,0.2736,0.02047,0.01586,0.00461,0.23052,144.0,1.0,1.05,0.95,0.83,0.97,1.02,1.0,1.025,0.975,0.915,0.985,1.01,0.3063,0.6937,S,0.12181,0.17163,0.04164,0.08439,0.00693,0.01133,0.02526,0.02721,0.17345,0.13481,0.0595,0.03892,0.0032,0.00375,0.01381,0.01225,0.55439,0.51572
682663,Agustín Ramírez,MIA,25,255.0,840.0,576,,projected,unmodeled,,585.0,2025.0,0.21069,0.07652,0.01184,0.00604,0.02655,0.00193,0.04549,0.14812,0.47283,0.0319,0.0177,0.00356,0.00255,0.00472,0.00028,0.00452,0.00761,0.00934,0.02906,0.02279,0.00628,0.00568,0.00453,0.1229,0.78397,0.23648,136.89249999999998,17.9775,27.2,0.11798,0.10575,0.01087,0.01037,0.12297,0.11022,0.9594,146.0,3.0,639.4124999999999,639.4124999999999,0.20648,0.07728,0.01184,0.02482,0.14886,0.04617,0.00231,0.00604,0.47619,0.24553,0.31129,0.293,0.24553,0.293,0.02925,0.02293,0.00632,0.23798,146.0,0.87,1.01,1.03,1.4,1.02,0.96,0.935,1.005,1.015,1.2,1.01,0.98,0.3,0.7,R,0.24479,0.19608,0.10039,0.06628,0.01149,0.01199,0.02396,0.02766,0.15905,0.14344,0.03496,0.05,0.0033,0.00134,0.00528,0.00636,0.41678,0.49685
663698,Joey Bart,CWS,30,128.0,1128.0,527,,projected,unmodeled,,332.0,2025.0,0.28202,0.08735,0.02475,0.00294,0.02654,0.00128,0.03637,0.1291,0.40965,0.03383,0.01807,0.00447,0.00156,0.00438,0.00017,0.00418,0.0073,0.00855,0.00733,0.0057,0.00164,0.00271,0.00211,0.0304,0.77691,0.2412,183.98116656249996,2.7761159374999997,26.6,0.09878,0.10431,0.00945,0.00967,0.10827,0.11434,0.91233,145.0,5.0,700.5620896874999,700.5620896874999,0.2792,0.08866,0.02475,0.02627,0.12846,0.03546,0.00108,0.00294,0.41318,0.21646,0.30469,0.28538,0.21646,0.28538,0.00735,0.00571,0.00164,0.24187,145.0,0.98,0.99,0.95,0.69,1.03,0.98,0.99,0.995,0.975,0.845,1.015,0.99,0.29512,0.70488,R,0.2925,0.27763,0.08225,0.08949,0.02915,0.02291,0.03266,0.02398,0.12701,0.12998,0.03545,0.03676,0.00122,0.00131,0.00304,0.0029,0.39671,0.41507
687093,Vaughn Grissom,LAA,26,474.0,824.0,300,,projected,unmodeled,,474.0,2026.0,0.19579,0.06586,0.0209,0.01167,0.02653,0.00315,0.04678,0.14458,0.48473,0.03227,0.01717,0.00476,0.00357,0.00596,0.00054,0.00599,0.01089,0.0125,0.01273,0.00991,0.00281,0.00383,0.00301,0.05502,0.7789,0.23134,139.33829,5.706193437499999,26.9,0.09883,0.12151,0.01011,0.01106,0.1086,0.13353,0.90997,108.0,4.0,583.8887787499999,583.8887787499999,0.20167,0.06553,0.0209,0.02653,0.14458,0.04444,0.00292,0.01167,0.48176,0.24223,0.3049,0.2849,0.24223,0.2849,0.01271,0.0099,0.00281,0.23101,108.0,1.0,1.0,0.9,0.85,0.99,1.06,1.0,1.0,0.95,0.925,0.995,1.03,0.32234,0.67766,R,0.19235,0.19743,0.07976,0.05925,0.01701,0.02275,0.02327,0.02807,0.15752,0.13842,0.0484,0.04601,0.00306,0.0032,0.01407,0.01053,0.46456,0.49433
624415,Cavan Biggio,KC,32,83.0,948.0,450,,projected,unmodeled,,83.0,2025.0,0.27175,0.11324,0.02227,0.00346,0.02652,0.00748,0.03046,0.12155,0.40329,0.03836,0.02326,0.0046,0.00183,0.00485,0.00118,0.00341,0.00786,0.00929,0.01737,0.01358,0.0038,0.00478,0.00377,0.06758,0.78151,0.25706,131.97753968749998,6.492204374999999,28.1,0.12565,0.09207,0.01215,0.01061,0.13115,0.0961,0.95808,118.0,2.0,508.41232218749985,508.41232218749985,0.25681,0.11324,0.02227,0.02506,0.12277,0.0332,0.0099,0.00346,0.4133,0.22174,0.32643,0.28639,0.22174,0.28639,0.01745,0.01364,0.00381,0.25827,118.0,0.89,1.02,1.18,1.65,1.0,0.89,0.945,1.01,1.09,1.325,1.0,0.945,0.18343,0.81657,L,0.29248,0.2671,0.09281,0.11782,0.0158,0.02373,0.0239,0.0271,0.14291,0.11675,0.03205,0.0301,0.00922,0.00708,0.00581,0.00293,0.38502,0.40739
671732,Lawrence Butler,OAK,26,539.0,1749.0,852,,projected,unmodeled,,630.0,2025.0,0.26039,0.0932,0.00213,0.00413,0.02652,0.00287,0.0464,0.13605,0.42831,0.02533,0.01429,0.00108,0.0015,0.00362,0.00033,0.00361,0.00589,0.0073,0.03482,0.02704,0.00778,0.00451,0.00362,0.15051,0.77652,0.23138,287.22551875,46.45675,26.7,0.12472,0.1108,0.00848,0.00805,0.12935,0.11492,0.9642,133.0,3.0,1257.63418125,1257.63418125,0.24868,0.09832,0.00213,0.03116,0.14081,0.05011,0.0024,0.00413,0.42226,0.2507,0.32493,0.31404,0.2507,0.31404,0.03631,0.0282,0.00812,0.24126,133.0,1.35,1.07,1.16,0.67,1.11,0.91,1.175,1.035,1.08,0.835,1.055,0.955,0.22637,0.77363,L,0.28581,0.25296,0.07437,0.0987,0.00336,0.00177,0.02414,0.02722,0.14359,0.13384,0.03746,0.04901,0.00485,0.0023,0.00324,0.00439,0.42319,0.42981
669899,Ryan Ward,LAD,29,60.0,60.0,150,,projected,unmodeled,,60.0,2026.0,0.24335,0.08421,0.00639,0.00395,0.02649,0.0021,0.04812,0.13224,0.45313,0.07428,0.04092,0.00671,0.00528,0.00929,0.00038,0.0091,0.01362,0.0168,0.01797,0.01401,0.00396,0.00793,0.00621,0.08064,0.77964,0.22284,8.5,0.0,26.7,0.13517,0.14466,0.02326,0.02395,0.11862,0.12695,1.13954,119.0,4.0,51.0,51.0,0.24579,0.08506,0.00639,0.02954,0.12827,0.04692,0.00173,0.00395,0.45236,0.22823,0.2979,0.28114,0.22823,0.28114,0.01772,0.01381,0.0039,0.21972,119.0,1.23,0.94,0.95,0.64,1.02,1.02,1.115,0.97,0.975,0.82,1.01,1.01,0.21154,0.78846,L,0.24913,0.2418,0.08322,0.08448,0.00453,0.00689,0.02105,0.02795,0.13319,0.13198,0.04947,0.04776,0.00143,0.00229,0.00273,0.00428,0.45525,0.45257
694514,Sterlin Thompson,COL,26,77.0,77.0,300,,projected,unmodeled,,77.0,2026.0,0.24265,0.07686,0.02481,0.00352,0.02646,0.0026,0.0321,0.14545,0.44555,0.07089,0.0375,0.01237,0.00471,0.00612,0.00042,0.00423,0.01003,0.01135,0.01893,0.01476,0.00417,0.00813,0.00636,0.07659,0.77964,0.24711,15.299999999999999,0.0,27.6,0.10457,0.10981,0.0182,0.01859,0.11058,0.11612,0.9456,115.0,5.0,65.45,65.45,0.23052,0.07532,0.02481,0.02752,0.15635,0.0358,0.00409,0.00352,0.44207,0.24963,0.32389,0.30743,0.24963,0.30743,0.01964,0.01531,0.00433,0.25649,115.0,1.08,1.15,1.23,2.14,0.96,0.9,1.04,1.075,1.115,1.57,0.98,0.95,0.24188,0.75812,L,0.24844,0.2408,0.0749,0.07748,0.0328,0.02226,0.02329,0.02747,0.15057,0.14381,0.0253,0.03427,0.00214,0.00275,0.00225,0.00393,0.44031,0.44722
666149,Tyler Fitzgerald,SF,29,243.0,618.0,361,,projected,unmodeled,,243.0,2025.0,0.28726,0.07022,0.00988,0.00366,0.02644,0.00495,0.03678,0.13501,0.4258,0.04293,0.02063,0.00374,0.00228,0.00566,0.00076,0.00476,0.00918,0.01099,0.04686,0.03649,0.01037,0.00758,0.00604,0.21785,0.77872,0.21511,87.35928124999998,23.333137499999996,29.6,0.11536,0.09079,0.01268,0.01141,0.12079,0.09506,0.95503,137.0,2.0,402.73233749999997,402.73233749999997,0.28152,0.06847,0.00988,0.02366,0.13636,0.03752,0.00599,0.00366,0.43295,0.22171,0.28188,0.29351,0.22171,0.29351,0.04677,0.03642,0.01035,0.21471,137.0,0.79,1.02,1.04,1.42,0.95,0.96,0.895,1.01,1.02,1.21,0.975,0.98,0.30995,0.69005,R,0.27874,0.29109,0.0842,0.06394,0.01011,0.00977,0.02773,0.02586,0.1448,0.13062,0.0336,0.03821,0.00663,0.0042,0.00417,0.00343,0.41003,0.43288
681146,Jonah Bride,TEX,31,6.0,696.0,486,,projected,unmodeled,,125.0,2025.0,0.22293,0.09957,0.01662,0.01489,0.02643,0.00178,0.02865,0.14257,0.44656,0.03956,0.02423,0.00459,0.00434,0.00495,0.00027,0.00325,0.00787,0.00921,0.01045,0.0081,0.00234,0.0041,0.00319,0.04037,0.77573,0.25876,104.3491396875,1.5798365624999997,26.8,0.10871,0.10259,0.01275,0.01243,0.10877,0.10265,0.99946,142.0,6.0,395.6600559374999,395.6600559374999,0.21958,0.09857,0.01662,0.02564,0.14471,0.03065,0.00174,0.01489,0.4476,0.23306,0.31793,0.2835,0.23306,0.2835,0.01049,0.00814,0.00235,0.2599,142.0,0.94,1.03,1.14,0.95,0.98,0.97,0.97,1.015,1.07,0.975,0.99,0.985,0.3665,0.6335,R,0.22328,0.22273,0.10728,0.09511,0.01446,0.01787,0.01894,0.03076,0.14278,0.14246,0.02708,0.02956,0.00189,0.00172,0.01303,0.01596,0.45127,0.44384
624503,Nick Gordon,MIA,31,275.0,811.0,197,,floor,floor,1.0,0.0,,0.22524,0.04703,0.01335,0.01072,0.02642,0.00419,0.03437,0.14582,0.49286,0.03919,0.01691,0.00384,0.00345,0.00751,0.00091,0.00639,0.01254,0.01518,0.02522,0.01936,0.00586,0.00594,0.00462,0.12229,0.7677,0.2062,79.50155187499999,10.578303124999998,27.7,0.10928,0.1097,0.0123,0.01232,0.11391,0.11435,0.9594,146.0,5.0,413.99240968749996,413.99240968749996,0.22074,0.0475,0.01335,0.0247,0.14655,0.03488,0.00502,0.01072,0.49653,0.22744,0.27201,0.27301,0.22744,0.27301,0.02536,0.01947,0.00589,0.2074,146.0,0.87,1.01,1.03,1.4,1.02,0.96,0.935,1.005,1.015,1.2,1.01,0.98,0.16842,0.83158,L,0.22024,0.22626,0.06366,0.04366,0.01523,0.01297,0.02607,0.02649,0.14038,0.14692,0.03167,0.03492,0.00262,0.0045,0.01005,0.01086,0.49008,0.49342
701675,Nathan Church,STL,26,470.0,535.0,300,,projected,unmodeled,,470.0,2026.0,0.19059,0.05835,0.01284,0.01228,0.02638,0.00643,0.04518,0.15005,0.49791,0.03574,0.01816,0.00454,0.00444,0.00652,0.00117,0.00662,0.01079,0.01333,0.02843,0.02199,0.00643,0.00602,0.00473,0.12849,0.77364,0.22123,101.065,13.4725,28.5,0.1134,0.10694,0.01223,0.01193,0.1173,0.11062,0.96671,138.0,5.0,446.4625,446.4625,0.18202,0.0566,0.01284,0.02321,0.1553,0.04676,0.00546,0.01228,0.50553,0.25127,0.30017,0.29104,0.25127,0.29104,0.02888,0.02234,0.00654,0.22473,138.0,0.76,1.07,1.07,0.7,0.94,0.91,0.88,1.035,1.035,0.85,0.97,0.955,0.23401,0.76599,L,0.18509,0.19227,0.06607,0.05599,0.01119,0.01334,0.02719,0.02613,0.14813,0.15063,0.04695,0.04464,0.00503,0.00685,0.00926,0.01321,0.50108,0.49694
571657,Kyle Farmer,ATL,36,19.0,1513.0,537,,projected,unmodeled,,300.0,2025.0,0.20705,0.06332,0.02191,0.00851,0.02635,0.00181,0.0468,0.1423,0.48195,0.02822,0.01444,0.00367,0.0023,0.0048,0.00018,0.00481,0.00818,0.00973,0.01509,0.01144,0.00365,0.00368,0.00282,0.06633,0.75795,0.22753,187.15992218749997,11.873474687499998,26.2,0.10416,0.11581,0.00928,0.00972,0.11016,0.12247,0.9456,115.0,5.0,816.6687534375,816.6687534375,0.1967,0.06205,0.02191,0.0274,0.15298,0.05218,0.00284,0.00851,0.47543,0.25939,0.31936,0.30434,0.25939,0.30434,0.01572,0.01191,0.0038,0.23694,115.0,1.08,1.15,1.23,2.14,0.96,0.9,1.04,1.075,1.115,1.57,0.98,0.95,0.39947,0.60053,R,0.19915,0.21231,0.0758,0.05501,0.01818,0.02439,0.03272,0.02211,0.14991,0.13724,0.04908,0.04528,0.00248,0.00136,0.00767,0.00907,0.465,0.49323
673995,Davis Wendzel,PIT,30,4.0,53.0,450,,floor,floor,1.0,4.0,2026.0,0.22223,0.06802,0.01425,0.00416,0.02634,0.00196,0.03786,0.15261,0.47257,0.07654,0.03946,0.01024,0.00556,0.00487,0.00027,0.00457,0.00912,0.01037,0.0215,0.01676,0.00474,0.0093,0.00728,0.09154,0.77964,0.23488,3.0706249999999997,0.0,27.2,0.10207,0.09801,0.01932,0.01898,0.10817,0.10387,0.94359,140.0,6.0,30.092124999999996,30.092124999999996,0.22334,0.06598,0.01425,0.02542,0.14956,0.03653,0.00179,0.00416,0.47897,0.23296,0.29353,0.28175,0.23296,0.28175,0.02104,0.0164,0.00464,0.22979,140.0,0.93,0.96,0.93,0.83,0.94,1.01,0.965,0.98,0.965,0.915,0.97,1.005,0.36364,0.63636,R,0.219,0.22407,0.07325,0.06503,0.01128,0.01594,0.02806,0.02536,0.13924,0.16025,0.04182,0.03559,0.00271,0.00153,0.00537,0.00347,0.47926,0.46875
572228,Luke Voit,MIL,36,74.0,642.0,150,,floor,floor,1.0,0.0,,0.29646,0.08949,0.01371,0.00908,0.02633,0.00279,0.04077,0.11773,0.40365,0.04915,0.02615,0.00432,0.00353,0.00798,0.00101,0.00767,0.01349,0.01634,0.01266,0.00987,0.00279,0.00474,0.00371,0.05732,0.77955,0.22092,67.52150843749999,1.9314231249999998,,0.12431,0.13717,0.0159,0.01659,0.11082,0.12228,1.12178,158.0,5.0,290.65308,290.65308,0.31277,0.09217,0.01371,0.02673,0.11538,0.03832,0.00258,0.00908,0.38927,0.20678,0.28888,0.28646,0.20678,0.28646,0.01268,0.00989,0.0028,0.22125,158.0,1.03,0.96,0.88,0.85,1.06,1.11,1.015,0.98,0.94,0.925,1.03,1.055,0.26,0.74,R,0.33373,0.28337,0.0951,0.08751,0.01474,0.01334,0.01786,0.02931,0.10545,0.12204,0.04331,0.03988,0.0031,0.00268,0.00741,0.00966,0.37932,0.4122
572287,Mike Zunino,CLE,36,140.0,263.0,0,,floor,floor,1.0,0.0,,0.32746,0.08328,0.00844,0.00453,0.0263,0.00243,0.0356,0.1182,0.39377,0.06616,0.03316,0.00493,0.00362,0.09983,0.008,0.08638,0.15241,0.18683,0.01407,0.01097,0.0031,0.0062,0.00485,0.067,0.77964,0.20991,21.715459999999997,0.0,,0.09552,0.1046,0.01568,0.01632,0.10173,0.1114,0.93896,114.0,6.0,127.65662843749999,127.65662843749999,0.33565,0.08328,0.00844,0.02537,0.1182,0.03631,0.00197,0.00453,0.38625,0.20122,0.27357,0.28831,0.20122,0.28831,0.01407,0.01097,0.0031,0.20991,114.0,0.93,1.0,1.04,0.62,1.0,1.05,0.965,1.0,1.02,0.81,1.0,1.025,0.26,0.74,R,0.29043,0.34047,0.09567,0.07892,0.00749,0.00877,0.02673,0.02614,0.13294,0.11301,0.03473,0.0359,0.00256,0.00239,0.00431,0.0046,0.40514,0.38977
453568,Charlie Blackmon,COL,40,499.0,1489.0,372,,floor,floor,1.0,0.0,,0.17332,0.07907,0.0165,0.00545,0.02628,0.00379,0.04164,0.15463,0.49932,0.02717,0.01649,0.00322,0.00186,0.00593,0.00058,0.00531,0.0106,0.0125,0.01536,0.01198,0.00339,0.00384,0.00302,0.06141,0.77942,0.2502,194.86800374999999,9.741557812499998,27.4,0.11481,0.10829,0.00988,0.00963,0.12141,0.11452,0.9456,115.0,5.0,778.0549215624999,778.0549215624999,0.16466,0.07749,0.0165,0.02733,0.16622,0.04642,0.00596,0.00545,0.48996,0.27309,0.33993,0.30852,0.27309,0.30852,0.01598,0.01245,0.00352,0.26022,115.0,1.08,1.15,1.23,2.14,0.96,0.9,1.04,1.075,1.115,1.57,0.98,0.95,0.23748,0.76252,L,0.14181,0.18313,0.07703,0.07971,0.01977,0.01549,0.01797,0.02887,0.1686,0.15027,0.04318,0.04115,0.00396,0.00374,0.00556,0.00542,0.52212,0.49222
677942,Blaze Alexander,BAL,28,289.0,740.0,450,,projected,unmodeled,,289.0,2026.0,0.258,0.07633,0.02182,0.00311,0.02623,0.00587,0.04644,0.14147,0.42072,0.03646,0.01884,0.0051,0.00194,0.00508,0.00092,0.00524,0.00813,0.00957,0.03264,0.02502,0.00763,0.00585,0.00458,0.13623,0.76636,0.23962,147.604625,20.731499999999997,28.4,0.11166,0.10442,0.01154,0.0112,0.11082,0.10364,1.00754,110.0,6.0,551.448125,551.448125,0.258,0.07442,0.02182,0.02741,0.14289,0.04621,0.0061,0.00311,0.42003,0.24718,0.31886,0.31729,0.24718,0.31729,0.03258,0.02497,0.00761,0.23913,110.0,1.09,1.02,0.99,1.08,0.95,1.0,1.045,1.01,0.995,1.04,0.975,1.0,0.34574,0.65426,R,0.25855,0.25771,0.08678,0.0708,0.01487,0.0255,0.02612,0.02629,0.14257,0.1409,0.04378,0.04785,0.00757,0.00497,0.00362,0.00285,0.41614,0.42313
702284,Cole Young,SEA,23,638.0,895.0,383,,projected,unmodeled,,638.0,2026.0,0.17984,0.07983,0.0163,0.0057,0.02622,0.00461,0.037,0.15091,0.49959,0.02839,0.01705,0.00405,0.00241,0.00578,0.0007,0.00452,0.01045,0.01214,0.01501,0.01153,0.00348,0.00387,0.00301,0.06077,0.7681,0.24705,182.1125,8.372499999999999,27.8,0.11598,0.10519,0.01035,0.00992,0.11912,0.10804,0.97362,136.0,5.0,727.9825,727.9825,0.19423,0.07823,0.0163,0.02595,0.14412,0.03422,0.00323,0.0057,0.49802,0.23065,0.30206,0.26718,0.23065,0.26718,0.0145,0.01114,0.00336,0.23866,136.0,0.98,0.91,0.85,0.4,0.96,1.16,0.99,0.955,0.925,0.7,0.98,1.08,0.30685,0.69315,L,0.20683,0.16789,0.07129,0.08361,0.01984,0.01474,0.01898,0.02942,0.14965,0.15147,0.03815,0.03649,0.00629,0.00387,0.00655,0.00532,0.48242,0.50719
695731,Braden Montgomery,CWS,24,365.0,365.0,150,,projected,unmodeled,,365.0,2026.0,0.20353,0.09937,0.00875,0.00349,0.02621,0.00431,0.04409,0.14267,0.46758,0.04228,0.02674,0.00441,0.00279,0.00987,0.00203,0.00964,0.01443,0.01741,0.01813,0.01398,0.00416,0.00579,0.0045,0.0723,0.77079,0.25079,75.64999999999999,3.4,28.4,0.10904,0.09447,0.0131,0.01231,0.11952,0.10355,0.91233,145.0,5.0,310.25,310.25,0.20149,0.10086,0.00875,0.02595,0.14196,0.04299,0.00364,0.00349,0.47087,0.2419,0.32415,0.28598,0.2419,0.28598,0.01819,0.01402,0.00417,0.25157,145.0,0.98,0.99,0.95,0.69,1.03,0.98,0.99,0.995,0.975,0.845,1.015,0.99,0.27434,0.72566,S,0.26456,0.18045,0.08389,0.10522,0.0093,0.00855,0.02519,0.02659,0.11859,0.15178,0.04311,0.04446,0.00407,0.0044,0.00487,0.00297,0.44643,0.47557
665804,Miguel Amaya,CHC,28,254.0,876.0,573,,projected,unmodeled,,254.0,2026.0,0.22183,0.07384,0.02918,0.00685,0.02607,0.00146,0.04402,0.13209,0.46466,0.03353,0.01797,0.00544,0.00267,0.00445,0.00017,0.00428,0.00717,0.00898,0.00401,0.00313,0.00088,0.0022,0.00172,0.01706,0.77964,0.23511,141.73176249999997,0.0,25.4,0.1201,0.13379,0.01223,0.01282,0.10827,0.12061,1.10928,112.0,5.0,594.6778499999999,594.6778499999999,0.22293,0.07458,0.02918,0.02686,0.13076,0.03984,0.00161,0.00685,0.46738,0.22383,0.30283,0.26926,0.22383,0.26926,0.004,0.00312,0.00088,0.23452,112.0,1.06,0.98,0.81,1.21,1.02,1.01,1.03,0.99,0.905,1.105,1.01,1.005,0.2663,0.7337,R,0.20739,0.22706,0.07899,0.07197,0.01727,0.0335,0.02105,0.0279,0.13365,0.13152,0.04171,0.04486,0.0018,0.00133,0.00755,0.0066,0.49058,0.45525
663616,Trevor Larnach,MIN,30,433.0,1792.0,815,,projected,unmodeled,,567.0,2025.0,0.22462,0.1002,0.00635,0.00671,0.02605,0.00187,0.03704,0.14609,0.45107,0.02449,0.015,0.00184,0.00189,0.0038,0.00017,0.00309,0.00647,0.00769,0.01253,0.0096,0.00292,0.00291,0.00226,0.04958,0.76653,0.25265,304.3507715625,13.294637499999999,26.7,0.12465,0.11835,0.00878,0.00859,0.12472,0.11842,0.99946,142.0,3.0,1213.88978125,1213.88978125,0.22125,0.0992,0.00635,0.02527,0.14828,0.03964,0.00182,0.00671,0.45148,0.24219,0.32056,0.2959,0.24219,0.2959,0.01258,0.00965,0.00294,0.25384,142.0,0.94,1.03,1.14,0.95,0.98,0.97,0.97,1.015,1.07,0.975,0.99,0.985,0.155,0.845,L,0.26276,0.21762,0.08238,0.10347,0.00765,0.00612,0.01857,0.02742,0.1416,0.14691,0.03535,0.03735,0.00158,0.00192,0.00761,0.00654,0.4425,0.45264
641487,J.P. Crawford,SEA,32,489.0,2835.0,938,,projected,unmodeled,,654.0,2025.0,0.19096,0.12194,0.01128,0.00431,0.02604,0.00215,0.03935,0.15093,0.45303,0.01936,0.01372,0.00196,0.00121,0.00356,0.00023,0.0033,0.00609,0.0071,0.00981,0.00762,0.00219,0.00222,0.00175,0.03452,0.77695,0.28416,496.2125271874999,16.235664062499996,26.2,0.11396,0.08685,0.00706,0.00626,0.11705,0.0892,0.97362,136.0,6.0,1765.7296659374997,1765.7296659374997,0.20624,0.1195,0.01128,0.02578,0.14414,0.0364,0.00151,0.00431,0.45084,0.24029,0.33861,0.28764,0.24029,0.28764,0.00949,0.00737,0.00212,0.27493,136.0,0.98,0.91,0.85,0.4,0.96,1.16,0.99,0.955,0.925,0.7,0.98,1.08,0.31717,0.68283,L,0.18507,0.1937,0.11844,0.12357,0.0149,0.0096,0.02431,0.02684,0.15693,0.14815,0.03454,0.04158,0.00362,0.00147,0.0058,0.00361,0.45638,0.45147
666464,Jerar Encarnacion,SF,29,35.0,291.0,450,,projected,unmodeled,,56.0,2025.0,0.26864,0.05172,0.00241,0.00688,0.02603,0.0018,0.0408,0.14173,0.45999,0.05642,0.024,0.00254,0.00429,0.00515,0.0003,0.00477,0.0081,0.0098,0.0171,0.01337,0.00373,0.00621,0.00488,0.08729,0.78206,0.19586,29.163133437499994,2.224035625,26.7,0.10099,0.11868,0.01508,0.01618,0.10574,0.12427,0.95503,137.0,5.0,179.23100531249997,179.23100531249997,0.26327,0.05042,0.00241,0.0233,0.14315,0.04162,0.00218,0.00688,0.46678,0.22359,0.26307,0.28597,0.22359,0.28597,0.01711,0.01338,0.00373,0.19598,137.0,0.79,1.02,1.04,1.42,0.95,0.96,0.895,1.01,1.02,1.21,0.975,0.98,0.34146,0.65854,R,0.27206,0.26687,0.05805,0.04843,0.00249,0.00237,0.01944,0.02945,0.14387,0.14062,0.04693,0.03763,0.00185,0.00177,0.0057,0.00749,0.44961,0.46537
678391,Jorbit Vivas,WSH,26,364.0,430.0,300,,projected,unmodeled,,364.0,2026.0,0.16789,0.10267,0.01548,0.00893,0.02602,0.0023,0.04791,0.14459,0.48421,0.03719,0.02571,0.00546,0.00416,0.00664,0.00042,0.00682,0.01085,0.01352,0.01345,0.01047,0.00298,0.00481,0.00376,0.05119,0.77822,0.26274,95.115,2.55,27.1,0.09355,0.08926,0.01244,0.01218,0.09216,0.08793,1.01514,120.0,8.0,357.085,357.085,0.16285,0.10267,0.01548,0.02667,0.14748,0.04767,0.00221,0.00893,0.48604,0.25665,0.34218,0.2888,0.25665,0.2888,0.0136,0.01058,0.00302,0.26563,120.0,1.05,1.04,0.99,0.92,1.0,0.94,1.025,1.02,0.995,0.96,1.0,0.97,0.17619,0.82381,L,0.17839,0.16564,0.09553,0.1042,0.01058,0.01653,0.03187,0.02476,0.15556,0.14225,0.04667,0.04818,0.0023,0.0023,0.00659,0.00943,0.47251,0.48672
682997,Tyler Callihan,PIT,27,107.0,113.0,300,,projected,unmodeled,,107.0,2026.0,0.28327,0.08253,0.00982,0.00805,0.02601,0.00397,0.04191,0.12482,0.41963,0.06858,0.03565,0.00708,0.00641,0.00663,0.00067,0.00574,0.01012,0.01201,0.01919,0.01498,0.00421,0.00748,0.00587,0.08835,0.78057,0.21716,17.849999999999998,0.85,28.0,0.11013,0.11213,0.01773,0.01787,0.11709,0.11922,0.9405,134.0,5.0,90.95,90.95,0.28186,0.08211,0.00982,0.0238,0.12669,0.04547,0.00341,0.00805,0.41879,0.22152,0.2913,0.2954,0.22152,0.2954,0.01932,0.01508,0.00424,0.21862,134.0,0.83,1.03,1.17,0.72,0.99,0.99,0.915,1.015,1.085,0.86,0.995,0.995,0.1885,0.8115,L,0.27391,0.28545,0.08211,0.08262,0.00894,0.01002,0.02271,0.02677,0.12617,0.12451,0.04366,0.0415,0.00278,0.00424,0.00853,0.00793,0.43121,0.41694
665953,Andrés Chaparro,WSH,28,228.0,433.0,450,,projected,unmodeled,,228.0,2026.0,0.22914,0.088,0.02124,0.00303,0.026,0.00105,0.03884,0.12449,0.46821,0.04323,0.02481,0.00636,0.00242,0.00464,0.00013,0.00424,0.00787,0.00973,0.0094,0.00731,0.00209,0.00417,0.00326,0.04023,0.77793,0.23372,71.334125,1.2282499999999998,25.1,0.11861,0.12632,0.0142,0.01459,0.11684,0.12444,1.01514,120.0,4.0,327.60699999999997,327.60699999999997,0.22226,0.088,0.02124,0.02665,0.12698,0.03865,0.00101,0.00303,0.47218,0.21773,0.30253,0.26085,0.21773,0.26085,0.0095,0.00739,0.00211,0.23621,120.0,1.05,1.04,0.99,0.92,1.0,0.94,1.025,1.02,0.995,0.96,1.0,0.97,0.45814,0.54186,R,0.24298,0.21743,0.10867,0.07051,0.01818,0.02382,0.02778,0.0245,0.11706,0.13077,0.04245,0.03579,0.00101,0.00109,0.0025,0.00348,0.43938,0.49259
656537,Derek Hill,PHI,31,216.0,679.0,450,,projected,unmodeled,,216.0,2026.0,0.2983,0.05831,0.00908,0.00336,0.02599,0.0061,0.03925,0.1315,0.42811,0.04098,0.01787,0.00344,0.0021,0.00491,0.00103,0.00419,0.00744,0.00895,0.04477,0.03514,0.00964,0.00687,0.00553,0.22512,0.78477,0.19889,96.1739990625,26.273622187499996,29.5,0.1326,0.12262,0.01352,0.01307,0.12653,0.117,1.04798,143.0,3.0,463.8032012499999,463.8032012499999,0.30427,0.05685,0.00908,0.02781,0.13281,0.03885,0.00622,0.00336,0.42074,0.22101,0.27163,0.29716,0.22101,0.29716,0.04474,0.03511,0.00963,0.19875,143.0,1.14,1.02,0.98,1.04,0.95,1.04,1.07,1.01,0.99,1.02,0.975,1.02,0.43419,0.56581,R,0.28806,0.30616,0.06099,0.05625,0.00793,0.00997,0.03173,0.02158,0.12704,0.13492,0.04683,0.03343,0.00879,0.00403,0.0028,0.0038,0.42583,0.42986
702616,Jackson Holliday,BAL,23,354.0,1211.0,747,,projected,unmodeled,,649.0,2025.0,0.23781,0.08725,0.00689,0.00508,0.02591,0.00488,0.03944,0.13994,0.4528,0.02867,0.01618,0.0023,0.00198,0.00368,0.00056,0.00337,0.00641,0.00762,0.03456,0.02644,0.00813,0.00509,0.00401,0.14766,0.76482,0.23408,216.66074999999998,32.0365,28.9,0.12066,0.09485,0.00987,0.00888,0.11976,0.09414,1.00754,110.0,2.0,897.5405,897.5405,0.23781,0.08507,0.00689,0.02708,0.14134,0.03924,0.00508,0.00508,0.45242,0.2356,0.3047,0.29097,0.2356,0.29097,0.03445,0.02635,0.0081,0.2333,110.0,1.09,1.02,0.99,1.08,0.95,1.0,1.045,1.01,0.995,1.04,0.975,1.0,0.2601,0.7399,L,0.25543,0.23161,0.07975,0.08989,0.01143,0.00529,0.02353,0.02675,0.12824,0.14405,0.045,0.03748,0.00267,0.00566,0.00343,0.00565,0.45051,0.4536
680728,Adrian Del Castillo,ARI,27,197.0,415.0,450,,projected,unmodeled,,197.0,2026.0,0.29132,0.07122,0.00383,0.00718,0.0259,0.00229,0.03171,0.1355,0.43105,0.04741,0.02285,0.00277,0.00379,0.00465,0.00028,0.00357,0.00846,0.00962,0.01178,0.00917,0.0026,0.0045,0.00352,0.05594,0.77887,0.21056,65.804875,2.0782499999999997,26.3,0.10851,0.13589,0.01451,0.01601,0.09792,0.12263,1.10811,109.0,5.0,315.526375,315.526375,0.27675,0.07087,0.00383,0.025,0.13754,0.03329,0.00351,0.00718,0.44204,0.21712,0.27404,0.28285,0.21712,0.28285,0.01187,0.00925,0.00263,0.21223,109.0,0.93,1.03,1.1,2.07,0.99,0.9,0.965,1.015,1.05,1.535,0.995,0.95,0.17398,0.82602,L,0.26967,0.29588,0.06705,0.0721,0.00502,0.00358,0.02122,0.02689,0.13661,0.13527,0.03084,0.03189,0.00308,0.00212,0.00714,0.00719,0.45938,0.42508
605119,Brian Anderson,ATL,34,5.0,749.0,150,,floor,floor,1.0,0.0,,0.27027,0.09465,0.01435,0.00549,0.02585,0.00182,0.04578,0.12161,0.42018,0.04397,0.02467,0.00413,0.00257,0.00833,0.00033,0.00938,0.01402,0.01753,0.01229,0.00952,0.00277,0.00442,0.00344,0.0533,0.77466,0.23061,87.64484937499998,2.5317303124999997,,0.13375,0.11808,0.01538,0.01457,0.11923,0.10526,1.12178,158.0,5.0,358.38339093749994,358.38339093749994,0.28513,0.09749,0.01435,0.02624,0.11918,0.04304,0.00168,0.00549,0.4074,0.21541,0.30197,0.28688,0.21541,0.28688,0.01231,0.00954,0.00277,0.23101,158.0,1.03,0.96,0.88,0.85,1.06,1.11,1.015,0.98,0.94,0.925,1.03,1.055,0.27317,0.72683,R,0.27666,0.26787,0.09104,0.096,0.0142,0.0144,0.02879,0.02475,0.12283,0.12115,0.04513,0.04603,0.00174,0.00185,0.00465,0.00581,0.41496,0.42214
670276,Cal Stevenson,PHI,30,8.0,118.0,300,,floor,floor,1.0,8.0,2025.0,0.23386,0.09632,0.00452,0.00784,0.0258,0.00212,0.05147,0.12564,0.45242,0.07115,0.04222,0.00476,0.00625,0.00568,0.00028,0.00662,0.00893,0.01176,0.02193,0.01707,0.00486,0.00862,0.00674,0.09684,0.77841,0.22649,10.340329687499999,0.8874106249999999,27.5,0.11589,0.11197,0.02087,0.02055,0.11059,0.10685,1.04798,143.0,6.0,48.08445218749999,48.08445218749999,0.23853,0.09392,0.00452,0.02761,0.1269,0.05096,0.00216,0.00784,0.44756,0.23232,0.30606,0.28685,0.23232,0.28685,0.02182,0.01699,0.00484,0.22534,143.0,1.14,1.02,0.98,1.04,0.95,1.04,1.07,1.01,0.99,1.02,0.975,1.02,0.22979,0.77021,L,0.23574,0.23329,0.09893,0.09555,0.00237,0.00516,0.02619,0.02568,0.11944,0.12749,0.05578,0.05019,0.00145,0.00232,0.00833,0.0077,0.45177,0.45261
672569,Gustavo Campero,LAA,29,12.0,126.0,450,,projected,unmodeled,,66.0,2025.0,0.21736,0.06447,0.02862,0.00754,0.02577,0.00576,0.04685,0.14321,0.46043,0.06409,0.03249,0.01159,0.00601,0.00579,0.00103,0.00523,0.0087,0.0109,0.03874,0.03029,0.00845,0.0107,0.00844,0.16393,0.78197,0.23629,16.870374999999996,5.4548749999999995,29.1,0.11393,0.10814,0.01809,0.01769,0.1252,0.11884,0.90997,108.0,3.0,77.16299999999998,77.16299999999998,0.22388,0.06414,0.02862,0.02577,0.14321,0.0445,0.00533,0.00754,0.457,0.24321,0.31158,0.29697,0.24321,0.29697,0.03868,0.03025,0.00843,0.23597,108.0,1.0,1.0,0.9,0.85,0.99,1.06,1.0,1.0,0.95,0.925,0.995,1.03,0.26074,0.73926,S,0.22327,0.21527,0.05553,0.06762,0.03814,0.02526,0.02323,0.02667,0.1415,0.14381,0.05471,0.04407,0.00698,0.00534,0.00881,0.00709,0.44783,0.46487
622761,Jorge Mateo,TB,32,221.0,1395.0,450,,projected,unmodeled,,221.0,2026.0,0.26837,0.05623,0.00603,0.00648,0.02567,0.0028,0.03426,0.15933,0.44083,0.03151,0.01394,0.00202,0.00209,0.00523,0.00041,0.00426,0.00887,0.01001,0.10041,0.08005,0.02036,0.00792,0.00676,0.45312,0.79724,0.22159,143.73689124999999,79.88163999999999,30.2,0.13357,0.08618,0.01053,0.0087,0.13915,0.08978,0.95991,139.0,1.0,794.7526190624999,794.7526190624999,0.2724,0.05342,0.00603,0.02631,0.15694,0.03375,0.00285,0.00648,0.44182,0.23537,0.2793,0.30461,0.23537,0.30461,0.09805,0.07817,0.01988,0.21639,139.0,1.05,0.97,0.97,1.04,0.9,1.03,1.025,0.985,0.985,1.02,0.95,1.015,0.37921,0.62079,R,0.25687,0.2754,0.05452,0.05727,0.00753,0.00511,0.02748,0.02456,0.17573,0.14931,0.03269,0.03522,0.00341,0.00242,0.0036,0.00823,0.43816,0.44246
682634,Kevin Alcántara,CHC,24,28.0,50.0,450,,projected,unmodeled,,28.0,2026.0,0.25359,0.07856,0.00688,0.01195,0.02567,0.00177,0.03543,0.1415,0.44465,0.0786,0.04138,0.00722,0.00949,0.00497,0.00026,0.00413,0.0078,0.00927,0.02294,0.01781,0.00513,0.00915,0.00713,0.10108,0.77634,0.22694,5.95,0.85,,0.13861,0.1337,0.02452,0.02414,0.12496,0.12053,1.10928,112.0,3.0,23.8,23.8,0.25486,0.07934,0.00688,0.02644,0.14008,0.03207,0.00195,0.01195,0.44642,0.22238,0.28677,0.28057,0.22238,0.28057,0.02287,0.01776,0.00512,0.22631,112.0,1.06,0.98,0.81,1.21,1.02,1.01,1.03,0.99,0.905,1.105,1.01,1.005,0.324,0.676,R,0.25359,0.25359,0.07856,0.07856,0.00688,0.00688,0.02567,0.02567,0.1415,0.1415,0.03543,0.03543,0.00177,0.00177,0.01195,0.01195,0.44465,0.44465
682988,Tyler Locklear,ARI,26,42.0,207.0,300,,projected,unmodeled,,116.0,2025.0,0.29365,0.08387,0.02054,0.00541,0.02564,0.00147,0.02538,0.13562,0.40841,0.06132,0.03177,0.00836,0.00432,0.00602,0.00025,0.004,0.00974,0.01107,0.02518,0.01966,0.00552,0.008,0.00629,0.1049,0.7808,0.24003,34.492999999999995,4.354125,26.3,0.1251,0.10624,0.01876,0.01745,0.1129,0.09587,1.10811,109.0,6.0,149.60212499999997,149.60212499999997,0.27897,0.08345,0.02054,0.02474,0.13765,0.02665,0.00226,0.00541,0.42032,0.21481,0.2953,0.28382,0.21481,0.28382,0.02535,0.01979,0.00556,0.24164,109.0,0.93,1.03,1.1,2.07,0.99,0.9,0.965,1.015,1.05,1.535,0.995,0.95,0.29238,0.70762,R,0.29303,0.29391,0.07986,0.08552,0.01705,0.02198,0.02845,0.02448,0.13168,0.13725,0.02657,0.02489,0.0016,0.00142,0.00596,0.00519,0.41579,0.40536
605141,Mookie Betts,LAD,34,528.0,3039.0,1201,,projected,unmodeled,,663.0,2025.0,0.12951,0.10275,0.00734,0.00787,0.0256,0.0022,0.04012,0.15687,0.52774,0.01601,0.01232,0.00153,0.00158,0.0032,0.00015,0.00288,0.00609,0.00701,0.02077,0.01624,0.00452,0.00309,0.00248,0.07779,0.78222,0.26696,485.02380718749987,37.615230624999995,26.7,0.14939,0.13214,0.00841,0.00798,0.1311,0.11596,1.13954,119.0,3.0,1889.9840259374998,1889.9840259374998,0.13081,0.10378,0.00734,0.02854,0.15216,0.03911,0.00181,0.00787,0.52858,0.25156,0.33274,0.26755,0.25156,0.26755,0.02048,0.01602,0.00446,0.26328,119.0,1.23,0.94,0.95,0.64,1.02,1.02,1.115,0.97,0.975,0.82,1.01,1.01,0.29942,0.70058,R,0.11619,0.13521,0.10575,0.10146,0.00625,0.00781,0.02701,0.025,0.15567,0.15738,0.04012,0.04011,0.0021,0.00225,0.00958,0.00714,0.53733,0.52364
665161,Jeremy Peña,HOU,29,483.0,2868.0,1063,,projected,unmodeled,,543.0,2025.0,0.20392,0.05409,0.01726,0.00595,0.02557,0.00457,0.0444,0.16142,0.48281,0.01976,0.00944,0.0024,0.00142,0.00346,0.00042,0.00333,0.00597,0.00709,0.0344,0.02696,0.00745,0.00376,0.00307,0.14781,0.78359,0.23277,432.87405999999993,61.01455656249999,29.3,0.13057,0.10552,0.00758,0.00691,0.13038,0.10537,1.0014,117.0,2.0,1780.5882768749996,1780.5882768749996,0.21106,0.05436,0.01726,0.02723,0.15899,0.04351,0.00418,0.00595,0.47744,0.2536,0.30555,0.30212,0.2536,0.30212,0.03409,0.02671,0.00738,0.23062,117.0,1.13,0.97,0.96,0.83,1.01,1.07,1.065,0.985,0.98,0.915,1.005,1.035,0.23401,0.76599,R,0.17248,0.21353,0.05808,0.05287,0.01218,0.01882,0.02279,0.02642,0.17001,0.15879,0.04817,0.04325,0.00463,0.00456,0.00476,0.00632,0.50689,0.47545
669288,Daniel Johnson,HOU,31,17.0,75.0,450,,projected,unmodeled,,57.0,2025.0,0.21913,0.08356,0.01223,0.00357,0.02555,0.01153,0.0475,0.12941,0.46752,0.07039,0.04009,0.0088,0.00477,0.00508,0.00197,0.00536,0.00759,0.01017,0.02992,0.02329,0.00663,0.0101,0.00791,0.13285,0.77843,0.22519,7.225,2.1674999999999995,29.2,0.14039,0.09771,0.02247,0.0192,0.13934,0.09697,1.00754,110.0,2.0,41.1825,41.1825,0.21913,0.08147,0.01223,0.0267,0.1307,0.04726,0.01199,0.00357,0.46695,0.24,0.31035,0.28917,0.24,0.28917,0.02981,0.02321,0.00661,0.2244,110.0,1.09,1.02,0.99,1.08,0.95,1.0,1.045,1.01,0.995,1.04,0.975,1.0,0.22909,0.77091,L,0.21279,0.22102,0.08334,0.08363,0.01414,0.01166,0.02297,0.02632,0.12511,0.13068,0.05183,0.04621,0.0251,0.0075,0.00222,0.00397,0.46249,0.46902
663898,Brendan Rodgers,HOU,30,128.0,1440.0,529,,projected,unmodeled,,128.0,2025.0,0.23007,0.06988,0.00783,0.00563,0.02553,0.00152,0.04464,0.1584,0.4565,0.03015,0.01555,0.00226,0.00192,0.00459,0.00018,0.00442,0.0082,0.00952,0.00546,0.00425,0.00121,0.00231,0.00181,0.02313,0.77752,0.23611,185.07189718749996,1.3366249999999997,26.4,0.12119,0.1063,0.01043,0.00985,0.12102,0.10615,1.0014,117.0,5.0,781.5113615624999,781.5113615624999,0.23813,0.07023,0.00783,0.02719,0.15602,0.04375,0.00139,0.00563,0.44983,0.24921,0.30641,0.30901,0.24921,0.30901,0.00541,0.00421,0.0012,0.23408,117.0,1.13,0.97,0.96,0.83,1.01,1.07,1.065,0.985,0.98,0.915,1.005,1.035,0.25606,0.74394,R,0.20335,0.23927,0.08527,0.06459,0.00851,0.00759,0.033,0.02296,0.17472,0.15279,0.04162,0.04568,0.00134,0.00158,0.00375,0.00627,0.44844,0.45927
673962,Josh Jung,TEX,29,444.0,1760.0,708,,projected,unmodeled,,511.0,2025.0,0.24222,0.06275,0.00918,0.00356,0.02552,0.00179,0.03633,0.16982,0.44883,0.02551,0.01229,0.00222,0.00139,0.00384,0.00059,0.00333,0.00756,0.00827,0.00995,0.00772,0.00223,0.00266,0.00208,0.04117,0.77598,0.24175,276.225955625,10.744435624999998,25.7,0.1116,0.10621,0.00821,0.00804,0.11827,0.11256,0.94359,140.0,5.0,1176.1441606249998,1176.1441606249998,0.24343,0.06086,0.00918,0.02463,0.16642,0.03506,0.00164,0.00356,0.45522,0.24584,0.29779,0.30853,0.24584,0.30853,0.00973,0.00755,0.00218,0.23647,140.0,0.93,0.96,0.93,0.83,0.94,1.01,0.965,0.98,0.965,0.915,0.97,1.005,0.26136,0.73864,R,0.20205,0.25643,0.07393,0.05879,0.00683,0.01001,0.02963,0.02407,0.17926,0.16648,0.03933,0.03526,0.00123,0.00199,0.00271,0.00386,0.46502,0.44311
474832,Brandon Belt,TOR,39,404.0,702.0,0,,floor,floor,1.0,0.0,,0.29753,0.12802,0.01137,0.00454,0.02549,0.00236,0.0345,0.11455,0.38164,0.04619,0.02874,0.00379,0.0024,0.09675,0.00775,0.08372,0.14771,0.18107,0.00946,0.00738,0.00208,0.00405,0.00317,0.03725,0.78013,0.25395,90.90738843749997,0.44370531249999995,,0.11178,0.09903,0.01335,0.01266,0.11432,0.10128,0.97775,141.0,6.0,343.114708125,343.114708125,0.29455,0.12802,0.01137,0.02612,0.11455,0.03519,0.00198,0.00454,0.38366,0.20775,0.31724,0.28339,0.20775,0.28339,0.00946,0.00738,0.00208,0.25395,141.0,1.05,1.0,1.04,0.68,1.0,0.98,1.025,1.0,1.02,0.84,1.0,0.99,0.26,0.74,L,0.26597,0.30862,0.11202,0.13364,0.01217,0.0111,0.01761,0.02825,0.12776,0.10992,0.03114,0.03568,0.00256,0.00229,0.00548,0.00421,0.4253,0.3663
624431,Jose Trevino,CIN,34,156.0,1213.0,587,,projected,unmodeled,,302.0,2025.0,0.16606,0.05158,0.00533,0.00661,0.02547,0.00053,0.04307,0.14629,0.55505,0.02733,0.01383,0.00202,0.00225,0.00452,6e-05,0.00418,0.00784,0.00955,0.0041,0.00318,0.00092,0.00202,0.00158,0.02016,0.7763,0.20321,149.15957249999997,2.7952409375,23.4,0.09627,0.0986,0.00942,0.00952,0.10019,0.10262,0.96083,113.0,6.0,738.8252753124999,738.8252753124999,0.16938,0.05416,0.00533,0.02712,0.14263,0.04264,0.00048,0.00661,0.55163,0.22794,0.27237,0.25191,0.22794,0.25191,0.00408,0.00316,0.00091,0.20213,113.0,1.13,0.95,0.98,0.81,1.1,1.04,1.065,0.975,0.99,0.905,1.05,1.02,0.3083,0.6917,R,0.14752,0.17433,0.06523,0.0455,0.00626,0.00492,0.02707,0.02475,0.13744,0.15024,0.04467,0.04235,0.00058,0.00051,0.00613,0.00683,0.56509,0.55058
605361,Nick Martini,COL,37,111.0,353.0,300,,projected,unmodeled,,111.0,2025.0,0.20672,0.07186,0.01592,0.00821,0.02543,0.00266,0.03935,0.13883,0.49101,0.04804,0.02608,0.00601,0.00433,0.00627,0.00066,0.00556,0.0099,0.01234,0.01722,0.01332,0.00391,0.00606,0.00471,0.076,0.77321,0.22662,48.12572499999999,2.4564999999999997,27.4,0.11401,0.11012,0.015,0.01477,0.12057,0.11646,0.9456,115.0,5.0,221.53836874999996,221.53836874999996,0.19638,0.07042,0.01592,0.02645,0.14925,0.04388,0.00417,0.00821,0.48532,0.24711,0.31009,0.28903,0.24711,0.28903,0.01791,0.01385,0.00406,0.23559,115.0,1.08,1.15,1.23,2.14,0.96,0.9,1.04,1.075,1.115,1.57,0.98,0.95,0.19198,0.80802,L,0.22355,0.20272,0.06975,0.07236,0.01518,0.0161,0.02374,0.02584,0.13684,0.13931,0.04345,0.03838,0.00283,0.00262,0.00701,0.00849,0.47765,0.49419
694371,Tommy Troy,ARI,25,143.0,143.0,450,,projected,unmodeled,,143.0,2026.0,0.23108,0.08809,0.00401,0.00248,0.02542,0.00638,0.03443,0.1457,0.4624,0.06024,0.03448,0.00422,0.00332,0.00483,0.00116,0.00387,0.00845,0.00982,0.02092,0.01633,0.00459,0.00762,0.00598,0.08796,0.78057,0.23781,28.05,0.85,30.1,0.14755,0.10385,0.02099,0.01801,0.13315,0.09372,1.10811,109.0,2.0,121.55,121.55,0.21953,0.08765,0.00401,0.02453,0.14789,0.03615,0.0098,0.00248,0.46797,0.24106,0.31002,0.29289,0.24106,0.29289,0.02107,0.01645,0.00462,0.23955,109.0,0.93,1.03,1.1,2.07,0.99,0.9,0.965,1.015,1.05,1.535,0.995,0.95,0.24198,0.75802,R,0.2251,0.23299,0.0877,0.08821,0.00449,0.00386,0.02549,0.02539,0.16226,0.14042,0.03864,0.03308,0.00904,0.00554,0.00273,0.0024,0.44454,0.46811
670869,Livan Soto,BAL,27,16.0,87.0,300,,floor,floor,1.0,0.0,,0.21755,0.0897,0.00536,0.0093,0.0254,0.00217,0.03628,0.1507,0.46353,0.07357,0.04338,0.00563,0.00741,0.00628,0.00051,0.00553,0.0108,0.01275,0.02431,0.01893,0.00539,0.00967,0.00756,0.09893,0.77841,0.24577,7.542990312499999,0.8874106249999999,,0.11288,0.1089,0.01995,0.01964,0.12405,0.11967,0.90997,108.0,3.0,26.178613437499997,26.178613437499997,0.22408,0.08926,0.00536,0.0254,0.1507,0.03447,0.002,0.0093,0.45943,0.23723,0.30719,0.28947,0.23723,0.28947,0.02427,0.01889,0.00538,0.24532,108.0,1.0,1.0,0.9,0.85,0.99,1.06,1.0,1.0,0.95,0.925,0.995,1.03,0.25,0.75,L,0.22791,0.2141,0.08671,0.0907,0.00526,0.00539,0.02625,0.02512,0.14456,0.15275,0.0348,0.03678,0.00182,0.00228,0.00824,0.00965,0.46445,0.46322
592663,J.T. Realmuto,PHI,36,467.0,2532.0,835,,projected,unmodeled,,550.0,2025.0,0.23105,0.07042,0.01757,0.00787,0.0254,0.00319,0.04811,0.14576,0.45063,0.02188,0.01131,0.00257,0.00173,0.00379,0.00028,0.00382,0.00648,0.00766,0.0225,0.01769,0.00481,0.00338,0.00273,0.09625,0.78623,0.23375,366.11125093749996,32.955148124999994,28.1,0.11772,0.11384,0.00785,0.00773,0.11233,0.10862,1.04798,143.0,5.0,1579.2043856249998,1579.2043856249998,0.23567,0.06866,0.01757,0.02718,0.14722,0.04762,0.00326,0.00787,0.44495,0.24868,0.31151,0.30807,0.24868,0.30807,0.02247,0.01767,0.0048,0.23345,143.0,1.14,1.02,0.98,1.04,0.95,1.04,1.07,1.01,0.99,1.02,0.975,1.02,0.28405,0.71595,R,0.23623,0.22899,0.07486,0.06866,0.02,0.01661,0.02434,0.02582,0.14059,0.14782,0.0437,0.04985,0.00433,0.00274,0.0074,0.00806,0.44856,0.45145
683011,Anthony Volpe,NYY,26,246.0,2132.0,1090,,projected,unmodeled,,596.0,2025.0,0.24466,0.07702,0.00628,0.00613,0.02535,0.00338,0.04003,0.13333,0.46382,0.0238,0.01256,0.00168,0.00166,0.00302,0.00029,0.00298,0.00529,0.00627,0.04846,0.03763,0.01084,0.0049,0.004,0.22372,0.77637,0.21663,289.8591374999999,69.01755624999998,28.3,0.11794,0.11046,0.00861,0.00837,0.10631,0.09957,1.10936,147.0,6.0,1376.5678812499998,1376.5678812499998,0.24955,0.08241,0.00628,0.02763,0.12733,0.03903,0.00294,0.00613,0.45869,0.21757,0.28563,0.2696,0.21757,0.2696,0.04833,0.03752,0.01081,0.21602,147.0,1.18,0.91,0.95,0.74,1.14,1.04,1.09,0.955,0.975,0.87,1.07,1.02,0.29752,0.70248,R,0.22248,0.25405,0.08722,0.0727,0.00476,0.00692,0.02307,0.02632,0.147,0.12754,0.04319,0.0387,0.00373,0.00324,0.00585,0.00625,0.46271,0.46429
572761,Matt Carpenter,STL,41,157.0,548.0,150,,floor,floor,1.0,0.0,,0.26803,0.1223,0.01576,0.01362,0.02532,0.00046,0.03023,0.1289,0.39537,0.0478,0.0301,0.00497,0.00462,0.00848,7e-05,0.00579,0.01416,0.01634,0.01121,0.00869,0.00252,0.00486,0.00378,0.04198,0.77546,0.26696,71.43962593749998,1.7502562499999996,24.6,0.10567,0.12386,0.01365,0.01462,0.10931,0.12812,0.96671,138.0,5.0,288.46372437499997,288.46372437499997,0.25597,0.11864,0.01576,0.02228,0.13342,0.03129,0.00039,0.01362,0.40864,0.21993,0.32177,0.28776,0.21993,0.28776,0.01124,0.00872,0.00252,0.26781,138.0,0.76,1.07,1.07,0.7,0.94,0.91,0.88,1.035,1.035,0.85,0.97,0.955,0.19888,0.80112,L,0.2379,0.27551,0.09356,0.12944,0.01501,0.01594,0.02748,0.02478,0.15511,0.1224,0.02873,0.03061,0.00061,0.00043,0.0095,0.01464,0.4321,0.38625
691781,Brady House,WSH,24,355.0,629.0,487,,projected,unmodeled,,355.0,2026.0,0.26013,0.06486,0.00549,0.01206,0.0253,0.00255,0.03821,0.1516,0.43981,0.0381,0.01821,0.00277,0.0041,0.00488,0.00034,0.00459,0.00809,0.00967,0.0196,0.01525,0.00435,0.00499,0.00392,0.08832,0.77805,0.22195,109.565,8.329999999999998,28.2,0.11081,0.11485,0.01197,0.01216,0.10916,0.11314,1.01514,120.0,5.0,499.715,499.715,0.25232,0.06486,0.00549,0.02594,0.15463,0.03802,0.00245,0.01206,0.44424,0.24088,0.29138,0.30515,0.24088,0.30515,0.01987,0.01546,0.00441,0.22498,120.0,1.05,1.04,0.99,0.92,1.0,0.94,1.025,1.02,0.995,0.96,1.0,0.97,0.30036,0.69964,R,0.25018,0.26439,0.08412,0.05659,0.00455,0.0059,0.02521,0.02534,0.17052,0.14347,0.0417,0.03671,0.00298,0.00236,0.00776,0.01391,0.41297,0.45132
804668,Rafael Flores Jr.,PIT,26,163.0,180.0,300,,projected,unmodeled,,163.0,2026.0,0.26154,0.09034,0.00344,0.00213,0.02526,0.00309,0.05223,0.1239,0.43806,0.05902,0.03277,0.00363,0.00285,0.00567,0.00048,0.00672,0.00974,0.0123,0.01219,0.0095,0.00269,0.00555,0.00434,0.056,0.77964,0.21769,31.45,0.0,26.4,0.10358,0.11871,0.016,0.01698,0.11014,0.12622,0.9405,134.0,5.0,138.54999999999998,138.54999999999998,0.26024,0.08989,0.00344,0.02311,0.12576,0.05667,0.00266,0.00213,0.4361,0.23018,0.30154,0.29797,0.23018,0.29797,0.01227,0.00957,0.0027,0.2191,134.0,0.83,1.03,1.17,0.72,0.99,0.99,0.915,1.015,1.085,0.86,0.995,0.995,0.36579,0.63421,R,0.25736,0.26396,0.09947,0.08508,0.00339,0.00347,0.02643,0.02458,0.12692,0.12216,0.04988,0.05359,0.00308,0.0031,0.00211,0.00213,0.43136,0.44192
691373,Jhostynxon Garcia,PIT,24,50.0,59.0,300,,projected,unmodeled,,50.0,2026.0,0.26516,0.07222,0.01363,0.00398,0.02524,0.00195,0.03495,0.14541,0.43746,0.07692,0.0384,0.0098,0.00532,0.00645,0.00036,0.00533,0.01079,0.01215,0.02009,0.01566,0.00443,0.00858,0.00671,0.08685,0.77964,0.23127,7.6499999999999995,0.0,27.7,0.09781,0.09397,0.01844,0.01811,0.104,0.09991,0.9405,134.0,6.0,42.5,42.5,0.26383,0.07186,0.01363,0.02309,0.1476,0.03792,0.00168,0.00398,0.43641,0.23095,0.29578,0.30018,0.23095,0.30018,0.02024,0.01578,0.00446,0.23309,134.0,0.83,1.03,1.17,0.72,0.99,0.99,0.915,1.015,1.085,0.86,0.995,0.995,0.29344,0.70656,R,0.27843,0.25964,0.06952,0.07334,0.01415,0.01342,0.02397,0.02577,0.14732,0.14462,0.03082,0.03666,0.00125,0.00224,0.00275,0.00449,0.43179,0.43981
621433,Brett Phillips,LAA,33,71.0,296.0,0,,floor,floor,1.0,0.0,,0.34951,0.08333,0.01036,0.00413,0.02522,0.00233,0.03414,0.11335,0.37763,0.06589,0.03251,0.00521,0.0033,0.09574,0.00767,0.08284,0.14616,0.17917,0.02788,0.02182,0.00606,0.0082,0.00647,0.13467,0.78267,0.20704,24.2471903125,5.193962187499999,,0.10376,0.08816,0.01576,0.01466,0.11402,0.09689,0.90997,108.0,6.0,136.89613906249997,136.89613906249997,0.35999,0.08292,0.01036,0.02522,0.11335,0.03243,0.00216,0.00413,0.36944,0.19185,0.26644,0.28594,0.19185,0.28594,0.02783,0.02178,0.00605,0.20663,108.0,1.0,1.0,0.9,0.85,0.99,1.06,1.0,1.0,0.95,0.925,0.995,1.03,0.26,0.74,L,0.28602,0.37181,0.07921,0.08478,0.01129,0.01003,0.02228,0.02625,0.118,0.11172,0.03585,0.03354,0.00261,0.00224,0.00424,0.00409,0.44051,0.35553
642086,Dominic Smith,ATL,32,300.0,1570.0,515,,projected,unmodeled,,300.0,2026.0,0.18902,0.07959,0.01388,0.00821,0.0252,0.00182,0.03937,0.15341,0.4895,0.02535,0.01492,0.00288,0.00222,0.00476,0.00018,0.00404,0.00902,0.0104,0.00603,0.00469,0.00134,0.00222,0.00174,0.02441,0.77808,0.24688,244.8253459375,3.7172624999999995,26.1,0.11347,0.11864,0.00927,0.00945,0.11266,0.11779,1.00717,144.0,5.0,979.437745,979.437745,0.19091,0.07839,0.01388,0.0252,0.15725,0.03839,0.00167,0.00821,0.4861,0.24736,0.31477,0.28871,0.24736,0.28871,0.00609,0.00474,0.00135,0.24952,144.0,1.0,1.05,0.95,0.83,0.97,1.02,1.0,1.025,0.975,0.915,0.985,1.01,0.16279,0.83721,L,0.20078,0.18673,0.07971,0.07956,0.01108,0.01442,0.01997,0.02622,0.14416,0.15521,0.03694,0.03984,0.00173,0.00184,0.00503,0.00883,0.50059,0.48734
605204,J.D. Davis,LAA,34,9.0,1077.0,300,,floor,floor,1.0,9.0,2025.0,0.27988,0.09276,0.01374,0.00739,0.0252,0.00099,0.02958,0.12955,0.42091,0.03746,0.0206,0.00342,0.00252,0.00564,0.00015,0.00456,0.0089,0.01057,0.00626,0.00488,0.00138,0.00279,0.00218,0.02653,0.77898,0.23605,135.34547343749998,1.4094168749999998,25.6,0.12787,0.12065,0.01299,0.01267,0.11527,0.10875,1.10936,147.0,5.0,543.3854765624999,543.3854765624999,0.28548,0.09925,0.01374,0.02746,0.12372,0.02884,0.00086,0.00739,0.41325,0.20564,0.29388,0.27074,0.20564,0.27074,0.00628,0.00489,0.00139,0.23671,147.0,1.18,0.91,0.95,0.74,1.14,1.04,1.09,0.955,0.975,0.87,1.07,1.02,0.29508,0.70492,R,0.28352,0.27836,0.09484,0.09189,0.00973,0.01542,0.0267,0.02457,0.12895,0.1298,0.02887,0.02987,0.0011,0.00095,0.00639,0.00781,0.4199,0.42133
669234,Justyn-Henry Malloy,DET,27,127.0,357.0,300,,projected,unmodeled,,127.0,2025.0,0.29314,0.11123,0.0112,0.01042,0.0252,0.00176,0.03418,0.11685,0.39602,0.05306,0.0312,0.00503,0.00485,0.00557,0.00035,0.00466,0.00905,0.01088,0.013,0.01011,0.00289,0.00522,0.00408,0.05434,0.77793,0.23929,58.05287499999999,1.2282499999999998,26.7,0.10537,0.11071,0.01479,0.01511,0.10496,0.11028,1.00391,116.0,6.0,233.00624999999997,233.00624999999997,0.29021,0.11068,0.0112,0.02532,0.11627,0.03316,0.0022,0.01042,0.40055,0.20393,0.29883,0.2746,0.20393,0.2746,0.01294,0.01007,0.00287,0.23815,116.0,1.01,0.99,0.94,1.5,0.99,0.98,1.005,0.995,0.97,1.25,0.995,0.99,0.32855,0.67145,R,0.25382,0.31238,0.13495,0.09963,0.01438,0.00965,0.02433,0.02562,0.12037,0.11513,0.03873,0.03196,0.00222,0.00154,0.00867,0.01127,0.40254,0.39282
444482,David Peralta,SD,39,260.0,1172.0,194,,floor,floor,1.0,0.0,,0.20595,0.07257,0.0071,0.01003,0.02515,0.00293,0.03863,0.16651,0.47113,0.03257,0.01779,0.00237,0.00281,0.00821,0.00063,0.0068,0.01462,0.01664,0.01351,0.0105,0.00302,0.00409,0.0032,0.0549,0.77664,0.24619,138.07065312499998,5.613102499999999,26.9,0.10373,0.11344,0.01085,0.01128,0.10286,0.11249,1.00847,135.0,6.0,597.374740625,597.374740625,0.20698,0.07366,0.0071,0.02591,0.16401,0.03612,0.00249,0.01003,0.4737,0.25135,0.30929,0.29959,0.25135,0.29959,0.01344,0.01044,0.003,0.24478,135.0,1.06,0.97,0.87,0.7,1.03,1.01,1.03,0.985,0.935,0.85,1.015,1.005,0.16957,0.83043,L,0.24387,0.19821,0.0843,0.07018,0.01186,0.00613,0.02259,0.02567,0.16459,0.1669,0.03026,0.04033,0.00266,0.00298,0.00675,0.01069,0.43312,0.47889
676812,Carson McCusker,MIN,29,30.0,30.0,150,,projected,unmodeled,,30.0,2025.0,0.27825,0.07552,0.00814,0.00503,0.02507,0.00228,0.04102,0.13255,0.43214,0.08641,0.04337,0.00853,0.00671,0.00921,0.00059,0.00843,0.01365,0.01685,0.022,0.01709,0.00491,0.00887,0.00692,0.10173,0.77683,0.2162,4.334999999999999,0.7224999999999999,,0.10645,0.10545,0.02071,0.02062,0.10651,0.1055,0.99946,142.0,6.0,21.674999999999997,21.674999999999997,0.27408,0.07476,0.00814,0.02432,0.13454,0.04389,0.00222,0.00503,0.43302,0.22473,0.28787,0.29438,0.22473,0.29438,0.02212,0.01718,0.00494,0.21744,142.0,0.94,1.03,1.14,0.95,0.98,0.97,0.97,1.015,1.07,0.975,0.99,0.985,0.33478,0.66522,R,0.26778,0.28353,0.07805,0.07424,0.00942,0.00749,0.02629,0.02446,0.14317,0.1272,0.04118,0.04094,0.00297,0.00193,0.00592,0.00458,0.42521,0.43563
669450,Cooper Hummel,HOU,32,105.0,340.0,300,,projected,unmodeled,,105.0,2025.0,0.27869,0.10521,0.01165,0.0037,0.025,0.00487,0.03687,0.12292,0.41109,0.05664,0.03299,0.00523,0.00296,0.00561,0.00088,0.005,0.00897,0.01093,0.02346,0.01833,0.00513,0.00749,0.00589,0.09785,0.78121,0.23978,40.50994281249999,3.4630328125,28.3,0.10844,0.0936,0.01599,0.01498,0.10829,0.09346,1.0014,117.0,6.0,178.61943031249996,178.61943031249996,0.28844,0.10574,0.01165,0.02663,0.12107,0.03614,0.00446,0.0037,0.40218,0.21423,0.30568,0.28672,0.21423,0.28672,0.02333,0.01823,0.00511,0.23846,117.0,1.13,0.97,0.96,0.83,1.01,1.07,1.065,0.985,0.98,0.915,1.005,1.035,0.32907,0.67093,S,0.25419,0.29071,0.09432,0.11055,0.01277,0.01111,0.02976,0.02267,0.12552,0.12164,0.03321,0.03867,0.0069,0.00387,0.00416,0.00347,0.43918,0.39731
664034,Ty France,SD,32,500.0,2803.0,899,,projected,unmodeled,,500.0,2026.0,0.18988,0.06412,0.03604,0.00782,0.02497,0.00077,0.04073,0.15559,0.48009,0.01952,0.01038,0.00347,0.00164,0.00343,9e-05,0.0032,0.00645,0.00741,0.00169,0.00131,0.00038,0.00093,0.00072,0.0066,0.77697,0.25574,446.1025196874999,4.17275625,24.7,0.10735,0.11351,0.00709,0.00726,0.10645,0.11256,1.00847,135.0,6.0,1726.7073878124997,1726.7073878124997,0.19083,0.06508,0.03604,0.02572,0.15325,0.03808,0.00065,0.00782,0.48252,0.24432,0.31882,0.28463,0.24432,0.28463,0.00168,0.0013,0.00037,0.25437,135.0,1.06,0.97,0.87,0.7,1.03,1.01,1.03,0.985,0.935,0.85,1.015,1.005,0.26957,0.73043,R,0.20827,0.1831,0.06719,0.06298,0.02813,0.03895,0.02347,0.02553,0.15415,0.15611,0.04251,0.04007,0.00104,0.00067,0.00655,0.00829,0.46868,0.4843
663527,Tyler Nevin,OAK,30,278.0,573.0,182,,floor,floor,1.0,0.0,,0.23168,0.09495,0.01975,0.01157,0.02496,0.00188,0.04556,0.1172,0.45247,0.0443,0.0262,0.00544,0.00418,0.0067,0.00024,0.00653,0.01069,0.01358,0.01032,0.00803,0.00229,0.00428,0.00334,0.04451,0.77829,0.23189,75.04761031249998,1.1361312499999998,26.4,0.09981,0.09339,0.013,0.01262,0.10352,0.09686,0.9642,133.0,6.0,310.31122124999996,310.31122124999996,0.22125,0.10017,0.01975,0.02932,0.1213,0.0492,0.00157,0.01157,0.44587,0.23189,0.32131,0.27846,0.23189,0.27846,0.01074,0.00836,0.00238,0.24122,133.0,1.35,1.07,1.16,0.67,1.11,0.91,1.175,1.035,1.08,0.835,1.055,0.955,0.37448,0.62552,R,0.22638,0.23486,0.09374,0.09567,0.01984,0.01969,0.0318,0.02086,0.1147,0.1187,0.05256,0.04136,0.00167,0.00201,0.01026,0.01235,0.44905,0.45451
687957,Dustin Harris,SD,27,152.0,202.0,450,,projected,unmodeled,,152.0,2026.0,0.18868,0.07786,0.01381,0.0126,0.02496,0.00609,0.02769,0.15346,0.49485,0.05116,0.02983,0.00694,0.00663,0.00495,0.00124,0.00323,0.00887,0.01034,0.04331,0.03393,0.00938,0.00968,0.00768,0.17669,0.78347,0.24513,43.3075,10.795,28.9,0.13416,0.11303,0.01804,0.01676,0.13303,0.11208,1.00847,135.0,2.0,160.26749999999998,160.26749999999998,0.18962,0.07902,0.01381,0.02571,0.15116,0.02589,0.00518,0.0126,0.49701,0.23244,0.30077,0.26828,0.23244,0.26828,0.04311,0.03378,0.00934,0.24399,135.0,1.06,0.97,0.87,0.7,1.03,1.01,1.03,0.985,0.935,0.85,1.015,1.005,0.19154,0.80846,L,0.21182,0.18319,0.08308,0.07662,0.01988,0.01237,0.03094,0.02354,0.14369,0.15577,0.02731,0.02778,0.00292,0.00685,0.01284,0.01254,0.46753,0.50133
493329,Yuli Gurriel,SD,43,40.0,1018.0,300,,projected,unmodeled,,40.0,2025.0,0.15449,0.07298,0.00719,0.0087,0.02495,0.00179,0.04506,0.15812,0.52672,0.03139,0.01923,0.00255,0.0028,0.00632,0.00023,0.00579,0.01186,0.01411,0.01621,0.01275,0.00346,0.00474,0.00376,0.06804,0.78632,0.23829,110.16499374999998,6.251792499999999,26.8,0.10111,0.09567,0.01145,0.01117,0.10026,0.09487,1.00847,135.0,7.0,499.6820837499999,499.6820837499999,0.15527,0.07408,0.00719,0.0257,0.15574,0.04214,0.00152,0.0087,0.52967,0.24735,0.30636,0.2735,0.24735,0.2735,0.01613,0.01268,0.00345,0.23701,135.0,1.06,0.97,0.87,0.7,1.03,1.01,1.03,0.985,0.935,0.85,1.015,1.005,0.34754,0.65246,R,0.14852,0.15768,0.0807,0.06887,0.00532,0.00818,0.02799,0.02333,0.15413,0.16024,0.04238,0.04649,0.00177,0.00179,0.01179,0.00706,0.52741,0.52635
666139,Josh Lowe,LAA,29,343.0,1864.0,673,,projected,unmodeled,,435.0,2025.0,0.27833,0.07429,0.00458,0.00491,0.02492,0.00585,0.03838,0.12989,0.43884,0.02651,0.01321,0.00153,0.00159,0.00394,0.00071,0.00374,0.00648,0.00795,0.0463,0.03743,0.00888,0.00498,0.00418,0.22181,0.80832,0.20876,253.35216874999998,60.8135846875,28.1,0.10758,0.09629,0.00787,0.0075,0.11823,0.10581,0.90997,108.0,5.0,1192.8826581249998,1192.8826581249998,0.28668,0.07392,0.00458,0.02492,0.12989,0.03647,0.00542,0.00491,0.43322,0.21459,0.27518,0.28392,0.21459,0.28392,0.04622,0.03736,0.00886,0.20839,108.0,1.0,1.0,0.9,0.85,0.99,1.06,1.0,1.0,0.95,0.925,0.995,1.03,0.20659,0.79341,L,0.3049,0.27141,0.06928,0.07559,0.00512,0.00443,0.01457,0.02761,0.12233,0.13186,0.0351,0.03924,0.00367,0.00642,0.00715,0.00433,0.43787,0.4391
660688,Keibert Ruiz,WSH,28,354.0,2101.0,792,,projected,unmodeled,,354.0,2026.0,0.11484,0.04877,0.01096,0.00621,0.02487,0.00088,0.05137,0.15307,0.58903,0.01827,0.01051,0.00223,0.00168,0.004,0.0001,0.00447,0.00744,0.00933,0.00787,0.00608,0.00179,0.00221,0.00172,0.03697,0.77233,0.2128,281.565081875,10.6014496875,25.1,0.10244,0.1176,0.00796,0.00845,0.10091,0.11585,1.01514,120.0,6.0,1277.1500378124997,1277.1500378124997,0.1114,0.04877,0.01096,0.02549,0.15613,0.05111,0.00084,0.00621,0.58909,0.25006,0.2933,0.26103,0.25006,0.26103,0.00798,0.00616,0.00182,0.21586,120.0,1.05,1.04,0.99,0.92,1.0,0.94,1.025,1.02,0.995,0.96,1.0,0.97,0.25727,0.74273,S,0.1243,0.11157,0.04876,0.04877,0.01292,0.01028,0.01971,0.02665,0.15948,0.15085,0.05639,0.04963,0.00127,0.00074,0.00604,0.00628,0.57113,0.59523
800050,Chase DeLauter,CLE,25,559.0,559.0,357,,projected,unmodeled,,559.0,2026.0,0.15995,0.10339,0.00297,0.00556,0.02482,0.00301,0.04755,0.16025,0.49249,0.03251,0.02299,0.00215,0.00294,0.0055,0.00059,0.00545,0.01107,0.01303,0.02283,0.01788,0.00495,0.00555,0.00439,0.08565,0.78312,0.26661,130.9,11.049999999999999,26.6,0.11131,0.11626,0.01168,0.0119,0.11855,0.12382,0.93896,114.0,4.0,475.15,475.15,0.16395,0.10339,0.00297,0.02395,0.16025,0.04851,0.00244,0.00556,0.48898,0.26478,0.34151,0.30164,0.26478,0.30164,0.02283,0.01788,0.00495,0.26661,114.0,0.93,1.0,1.04,0.62,1.0,1.05,0.965,1.0,1.02,0.81,1.0,1.025,0.30435,0.69565,L,0.2037,0.14081,0.07996,0.11365,0.00411,0.00246,0.01966,0.02708,0.1794,0.15188,0.04983,0.04656,0.00414,0.00252,0.00572,0.00549,0.45348,0.50956
664913,Seth Brown,OAK,34,76.0,1409.0,412,,projected,unmodeled,,76.0,2025.0,0.26678,0.08128,0.00665,0.00306,0.02482,0.00315,0.04327,0.12515,0.44585,0.03238,0.01703,0.0021,0.00143,0.00495,0.00041,0.00456,0.00834,0.01002,0.01827,0.01425,0.00402,0.00414,0.00327,0.08575,0.77995,0.21307,157.53344843749994,12.263444062499998,27.7,0.10361,0.13167,0.00972,0.01078,0.10746,0.13655,0.9642,133.0,4.0,744.1348109374999,744.1348109374999,0.25478,0.08575,0.00665,0.02916,0.12953,0.04673,0.00263,0.00306,0.44172,0.23,0.30045,0.28825,0.23,0.28825,0.01903,0.01484,0.00419,0.22192,133.0,1.35,1.07,1.16,0.67,1.11,0.91,1.175,1.035,1.08,0.835,1.055,0.955,0.12722,0.87278,L,0.2761,0.26542,0.07636,0.082,0.00861,0.00636,0.01812,0.0258,0.12929,0.12454,0.04361,0.04322,0.00262,0.00323,0.00352,0.00299,0.44179,0.44644
660636,Diego Castillo,MIN,29,8.0,292.0,150,,floor,floor,1.0,0.0,,0.24324,0.06886,0.01047,0.01224,0.0248,0.00236,0.03096,0.1528,0.45428,0.06004,0.03017,0.00527,0.00569,0.00869,0.00086,0.00593,0.01514,0.01668,0.01865,0.01452,0.00413,0.0075,0.00586,0.08034,0.77841,0.23213,20.854149687499998,0.8874106249999999,,0.11034,0.10899,0.01677,0.01668,0.11732,0.11588,0.9405,134.0,5.0,125.56860343749999,125.56860343749999,0.24202,0.06851,0.01047,0.02269,0.15509,0.03359,0.00203,0.01224,0.45336,0.23482,0.29238,0.2961,0.23482,0.2961,0.01881,0.01464,0.00417,0.23408,134.0,0.83,1.03,1.17,0.72,0.99,0.99,0.915,1.015,1.085,0.86,0.995,0.995,0.26923,0.73077,R,0.24241,0.24354,0.06617,0.06985,0.01085,0.01033,0.03047,0.02271,0.14766,0.1547,0.03685,0.02879,0.0023,0.00238,0.01189,0.01237,0.4514,0.45535
694208,Moisés Ballesteros,LAA,23,352.0,418.0,300,,projected,unmodeled,,352.0,2026.0,0.22526,0.09056,0.00381,0.00914,0.02477,0.00098,0.03872,0.13819,0.46857,0.04203,0.02458,0.00276,0.00426,0.00546,0.00013,0.00522,0.01019,0.01196,0.00903,0.00702,0.00201,0.00389,0.00304,0.03885,0.77728,0.23255,83.1725,1.7,25.0,0.09315,0.10451,0.0118,0.01241,0.10236,0.11485,0.90997,108.0,6.0,346.885,346.885,0.23202,0.0901,0.00381,0.02477,0.13819,0.03678,0.00091,0.00914,0.46428,0.22371,0.29456,0.27474,0.22371,0.27474,0.00902,0.00701,0.00201,0.2321,108.0,1.0,1.0,0.9,0.85,0.99,1.06,1.0,1.0,0.95,0.925,0.995,1.03,0.19094,0.80906,L,0.22619,0.22504,0.07132,0.0951,0.00646,0.00318,0.01946,0.02603,0.14635,0.13626,0.04767,0.03661,0.00099,0.00098,0.01256,0.00834,0.46902,0.46846
630105,Jake Cronenworth,SD,33,425.0,2802.0,963,,projected,unmodeled,,515.0,2025.0,0.20047,0.10107,0.02113,0.00817,0.02476,0.00428,0.03707,0.13458,0.46847,0.02,0.01282,0.00268,0.00168,0.00348,0.00044,0.00302,0.00548,0.00682,0.01569,0.0122,0.0035,0.00276,0.00219,0.06112,0.77715,0.25678,444.9369359374999,22.9690346875,28.0,0.11393,0.11206,0.0073,0.00725,0.11297,0.11112,1.00847,135.0,5.0,1712.18519625,1712.18519625,0.20147,0.10258,0.02113,0.0255,0.13257,0.03466,0.00364,0.00817,0.47028,0.2262,0.32008,0.2665,0.2262,0.2665,0.01566,0.01217,0.00349,0.25628,135.0,1.06,0.97,0.87,0.7,1.03,1.01,1.03,0.985,0.935,0.85,1.015,1.005,0.26726,0.73274,L,0.20387,0.19922,0.08576,0.10665,0.02761,0.01877,0.02048,0.02632,0.14581,0.13049,0.03163,0.03905,0.00411,0.00435,0.00736,0.00847,0.47337,0.46669
700246,Carson Williams,TB,24,40.0,146.0,300,,projected,unmodeled,,106.0,2025.0,0.30931,0.06886,0.00396,0.00245,0.02475,0.00149,0.03376,0.13059,0.42482,0.06775,0.0316,0.00417,0.00328,0.006,0.00024,0.0048,0.00882,0.01062,0.02289,0.01782,0.00507,0.00802,0.00628,0.11255,0.77843,0.20342,14.237499999999999,2.1674999999999995,27.8,0.11589,0.1125,0.01775,0.01752,0.12073,0.11719,0.95991,139.0,5.0,110.585,110.585,0.31395,0.06542,0.00396,0.02537,0.12863,0.03326,0.00151,0.00245,0.42544,0.20339,0.25816,0.2775,0.20339,0.2775,0.02229,0.01735,0.00494,0.19801,139.0,1.05,0.97,0.97,1.04,0.9,1.03,1.025,0.985,0.985,1.02,0.95,1.015,0.30636,0.69364,R,0.29113,0.31734,0.08129,0.06337,0.00419,0.00386,0.02685,0.02383,0.13729,0.12764,0.0323,0.03441,0.00155,0.00146,0.00257,0.00239,0.42283,0.4257
687637,Dylan Beavers,BAL,25,363.0,500.0,300,,projected,unmodeled,,363.0,2026.0,0.26098,0.11231,0.00499,0.00268,0.02474,0.00846,0.03851,0.12898,0.41834,0.04146,0.02538,0.00292,0.00214,0.00608,0.00194,0.00512,0.00959,0.01167,0.0293,0.0224,0.0069,0.00652,0.00506,0.11896,0.76457,0.24629,99.32249999999999,11.39,29.1,0.11763,0.11769,0.01313,0.01313,0.11675,0.11681,1.00754,110.0,5.0,407.5325,407.5325,0.26098,0.1095,0.00499,0.02585,0.13027,0.03832,0.0088,0.00268,0.4186,0.23022,0.31774,0.29765,0.23022,0.29765,0.02912,0.02226,0.00685,0.24477,110.0,1.09,1.02,0.99,1.08,0.95,1.0,1.045,1.01,0.995,1.04,0.975,1.0,0.21143,0.78857,L,0.2405,0.26647,0.09427,0.11715,0.00524,0.00493,0.02032,0.02593,0.13902,0.12629,0.03556,0.0393,0.00855,0.00844,0.00436,0.00223,0.45218,0.40927
670224,Kameron Misner,KC,29,44.0,276.0,450,,projected,unmodeled,,217.0,2025.0,0.30568,0.07161,0.00532,0.00717,0.02472,0.00489,0.03782,0.11735,0.42543,0.05626,0.0268,0.00385,0.00447,0.00459,0.0006,0.00387,0.00695,0.00868,0.03291,0.02575,0.00716,0.00767,0.00607,0.16939,0.78254,0.19428,40.28999999999999,9.9025,28.3,0.10958,0.10266,0.01536,0.01493,0.11437,0.10715,0.95808,118.0,5.0,194.18249999999998,194.18249999999998,0.28886,0.07161,0.00532,0.02336,0.11852,0.04123,0.00648,0.00717,0.43743,0.20701,0.26653,0.27538,0.20701,0.27538,0.03311,0.02591,0.0072,0.19546,118.0,0.89,1.02,1.18,1.65,1.0,0.89,0.945,1.01,1.09,1.325,1.0,0.945,0.22689,0.77311,L,0.28862,0.31068,0.06953,0.07222,0.00752,0.00468,0.02683,0.0241,0.11347,0.11849,0.03847,0.03763,0.00439,0.00504,0.00617,0.00747,0.445,0.41969
655316,Andruw Monasterio,BOS,30,347.0,939.0,450,,projected,unmodeled,,347.0,2026.0,0.21802,0.08072,0.00971,0.00643,0.02469,0.00214,0.04374,0.13781,0.47674,0.0322,0.01808,0.00307,0.0025,0.00502,0.00024,0.00495,0.00839,0.01027,0.02685,0.02065,0.0062,0.00519,0.00407,0.11763,0.76911,0.22824,150.49016249999997,18.57855625,27.2,0.11602,0.11537,0.01118,0.01115,0.11311,0.11247,1.02577,111.0,5.0,644.1252187499999,644.1252187499999,0.21475,0.07991,0.00971,0.02308,0.14126,0.04811,0.00202,0.00643,0.47472,0.23726,0.3041,0.28733,0.23726,0.28733,0.02716,0.02089,0.00627,0.23088,111.0,0.87,1.05,1.2,0.89,0.98,0.97,0.935,1.025,1.1,0.945,0.99,0.985,0.3665,0.6335,R,0.20752,0.22409,0.10395,0.06728,0.00771,0.01087,0.03477,0.01885,0.1275,0.14378,0.0434,0.04393,0.0026,0.00188,0.00458,0.0075,0.46798,0.48181
543592,Austin Nola,COL,37,41.0,592.0,150,,projected,unmodeled,,41.0,2025.0,0.17794,0.08906,0.01324,0.01422,0.0246,0.00156,0.02858,0.17077,0.48004,0.0414,0.02625,0.00441,0.00456,0.00877,0.00034,0.00587,0.01629,0.01752,0.0121,0.00942,0.00268,0.00509,0.00398,0.04431,0.77889,0.27307,71.9703925,1.3311159375,25.8,0.09238,0.08775,0.01273,0.01244,0.09769,0.09279,0.9456,115.0,7.0,286.16247156249995,286.16247156249995,0.16904,0.08728,0.01324,0.02559,0.18358,0.03186,0.00245,0.01422,0.47275,0.27503,0.34399,0.31549,0.27503,0.31549,0.01259,0.00981,0.00278,0.2841,115.0,1.08,1.15,1.23,2.14,0.96,0.9,1.04,1.075,1.115,1.57,0.98,0.95,0.24066,0.75934,R,0.16037,0.18351,0.07756,0.09271,0.01158,0.01376,0.03081,0.02263,0.18231,0.16712,0.0337,0.02695,0.00173,0.0015,0.0131,0.01457,0.48883,0.47725
670712,Mike Brosseau,MIL,33,78.0,238.0,150,,floor,floor,1.0,0.0,,0.25523,0.07919,0.02168,0.00174,0.02446,0.00207,0.0447,0.13258,0.43834,0.06374,0.0336,0.00815,0.00233,0.00872,0.00054,0.00892,0.01412,0.01711,0.0173,0.0135,0.00379,0.00698,0.00547,0.07409,0.78061,0.23345,26.831121249999995,0.8874106249999999,,0.11561,0.13199,0.01932,0.02047,0.10306,0.11766,1.12178,158.0,5.0,111.70933749999998,111.70933749999998,0.26927,0.08157,0.02168,0.02483,0.12992,0.04202,0.00192,0.00174,0.42705,0.222,0.30194,0.28933,0.222,0.28933,0.01728,0.01349,0.00379,0.23318,158.0,1.03,0.96,0.88,0.85,1.06,1.11,1.015,0.98,0.94,0.925,1.03,1.055,0.26,0.74,R,0.27781,0.24729,0.06994,0.08245,0.02309,0.02119,0.0216,0.02547,0.14213,0.12922,0.0451,0.04457,0.00196,0.00211,0.00162,0.00178,0.41675,0.44593
683079,Omar Martinez,LAA,25,3.0,3.0,150,,floor,floor,1.0,3.0,2026.0,0.22571,0.08256,0.01078,0.00666,0.02446,0.00309,0.0561,0.12987,0.46077,0.08781,0.04921,0.01127,0.00888,0.00807,0.00068,0.00981,0.01376,0.01742,0.0,0.0,0.0,3e-05,2e-05,0.0,0.7835,0.22321,0.0,0.0,,0.11514,0.10932,,,0.11598,0.11011,,,,,,0.22571,0.08256,0.01078,0.02446,0.12987,0.0561,0.00309,0.00666,0.46077,0.23725,0.30686,0.29095,0.23725,0.29095,0.0,0.0,0.0,0.22321,,1.0,1.0,1.0,1.0,1.0,1.0,1.0,1.0,1.0,1.0,1.0,1.0,0.25616,0.74384,L,0.22571,0.22571,0.08256,0.08256,0.01078,0.01078,0.02446,0.02446,0.12987,0.12987,0.0561,0.0561,0.00309,0.00309,0.00666,0.00666,0.46077,0.46077
642708,Amed Rosario,NYY,31,244.0,1996.0,581,,projected,unmodeled,,244.0,2026.0,0.19272,0.04613,0.00669,0.00605,0.02445,0.00276,0.04576,0.17333,0.50211,0.02383,0.01079,0.00179,0.0017,0.00463,0.00057,0.00474,0.00895,0.01032,0.02974,0.02328,0.00646,0.00432,0.00348,0.13151,0.78268,0.22615,262.67200968749995,33.81237312499999,28.6,0.12035,0.11697,0.00943,0.00931,0.10849,0.10544,1.10936,147.0,6.0,1139.660715625,1139.660715625,0.19657,0.04936,0.00669,0.02665,0.16553,0.04462,0.0024,0.00605,0.50213,0.25504,0.29525,0.2974,0.25504,0.2974,0.02914,0.02281,0.00633,0.22158,147.0,1.18,0.91,0.95,0.74,1.14,1.04,1.09,0.955,0.975,0.87,1.07,1.02,0.46891,0.53109,R,0.17931,0.20455,0.05012,0.0426,0.00658,0.00679,0.02714,0.02207,0.15691,0.18783,0.0593,0.03381,0.00197,0.00346,0.00653,0.00562,0.51213,0.49327
814439,Ryan Waldschmidt,ARI,24,284.0,284.0,300,,projected,unmodeled,,284.0,2026.0,0.27694,0.07957,0.0162,0.00976,0.02443,0.00747,0.04422,0.13066,0.41075,0.05151,0.02652,0.00661,0.00515,0.00579,0.00121,0.00597,0.01043,0.01216,0.02793,0.02178,0.00616,0.00709,0.00558,0.12337,0.77957,0.22643,60.35,7.6499999999999995,29.1,0.12216,0.1029,0.01652,0.01531,0.11024,0.09286,1.10811,109.0,6.0,241.4,241.4,0.26309,0.07918,0.0162,0.02357,0.13262,0.04644,0.01147,0.00976,0.41768,0.23925,0.30947,0.31326,0.23925,0.31326,0.02813,0.02193,0.0062,0.22799,109.0,0.93,1.03,1.1,2.07,0.99,0.9,0.965,1.015,1.05,1.535,0.995,0.95,0.28512,0.71488,R,0.23769,0.29259,0.09601,0.07302,0.00998,0.01867,0.02276,0.02509,0.1328,0.1298,0.05083,0.04159,0.00504,0.00844,0.00672,0.01097,0.43815,0.39982
691176,Jasson Domínguez,NYY,24,222.0,751.0,576,,projected,unmodeled,,429.0,2025.0,0.24661,0.08278,0.00709,0.00548,0.02443,0.0044,0.03828,0.14705,0.44388,0.03577,0.01946,0.00291,0.00256,0.00417,0.00052,0.00374,0.00763,0.00871,0.04984,0.03939,0.01045,0.00719,0.00584,0.21037,0.79032,0.23693,130.15678125,31.472631249999996,28.8,0.12485,0.10149,0.01274,0.01162,0.11254,0.09149,1.10936,147.0,6.0,557.02508125,557.02508125,0.25154,0.08857,0.00709,0.02663,0.14043,0.03732,0.00383,0.00548,0.4391,0.23164,0.30388,0.29255,0.23164,0.29255,0.04967,0.03925,0.01041,0.2361,147.0,1.18,0.91,0.95,0.74,1.14,1.04,1.09,0.955,0.975,0.87,1.07,1.02,0.28758,0.71242,S,0.25619,0.24274,0.07828,0.0846,0.00837,0.00658,0.01872,0.02674,0.14531,0.14775,0.04225,0.03667,0.00425,0.00446,0.0054,0.00551,0.44123,0.44495
666126,Carlos Cortes,OAK,30,381.0,480.0,450,,projected,unmodeled,,381.0,2026.0,0.18228,0.07466,0.00874,0.00992,0.02439,0.00188,0.04373,0.16824,0.48615,0.0369,0.02138,0.00393,0.00418,0.00517,0.00021,0.00465,0.00949,0.01101,0.01183,0.00921,0.00262,0.00446,0.00349,0.04702,0.77822,0.25164,92.7775,2.55,26.1,0.09377,0.11421,0.01171,0.01277,0.09726,0.11845,0.9642,133.0,6.0,395.37749999999994,395.37749999999994,0.17408,0.07876,0.00874,0.02866,0.17413,0.04723,0.00157,0.00992,0.4769,0.27876,0.33911,0.31855,0.27876,0.31855,0.0123,0.00957,0.00273,0.26164,133.0,1.35,1.07,1.16,0.67,1.11,0.91,1.175,1.035,1.08,0.835,1.055,0.955,0.11765,0.88235,L,0.22477,0.17661,0.07086,0.07516,0.01206,0.0083,0.02158,0.02477,0.17352,0.16754,0.04464,0.04361,0.00139,0.00195,0.00756,0.01023,0.44361,0.49182
572204,Trayce Thompson,CWS,36,179.0,434.0,0,,floor,floor,1.0,0.0,,0.33842,0.11479,0.00952,0.00497,0.02429,0.00225,0.03288,0.10917,0.36371,0.05748,0.03296,0.00428,0.0031,0.09221,0.00739,0.07978,0.14077,0.17256,0.01885,0.01472,0.00413,0.00636,0.005,0.08071,0.78099,0.23349,49.955998124999994,3.2625390624999993,,0.10557,0.10743,0.01447,0.01458,0.11572,0.11775,0.91233,145.0,5.0,206.58397343749996,206.58397343749996,0.33504,0.11651,0.00952,0.02404,0.10863,0.03206,0.0019,0.00497,0.36733,0.19175,0.29266,0.27962,0.19175,0.27962,0.01894,0.01479,0.00415,0.23466,145.0,0.98,0.99,0.95,0.69,1.03,0.98,0.99,0.995,0.975,0.845,1.015,0.99,0.26,0.74,R,0.37192,0.32666,0.10668,0.11764,0.00995,0.00937,0.01913,0.0261,0.09869,0.11285,0.03408,0.03246,0.00198,0.00234,0.00418,0.00524,0.35339,0.36733
669016,Brandon Marsh,PHI,29,568.0,2402.0,745,,projected,unmodeled,,568.0,2026.0,0.28309,0.08496,0.00479,0.00868,0.02428,0.00642,0.0477,0.14866,0.39141,0.02371,0.01249,0.00139,0.00186,0.00358,0.00073,0.00377,0.00666,0.0076,0.0284,0.02234,0.00606,0.00374,0.00303,0.11911,0.78657,0.23841,376.64276687499995,43.66669937499999,28.1,0.12325,0.1145,0.00811,0.00785,0.11761,0.10925,1.04798,143.0,5.0,1533.1210990624998,1533.1210990624998,0.28875,0.08284,0.00479,0.02598,0.15015,0.04722,0.00655,0.00868,0.38504,0.2544,0.31753,0.34624,0.2544,0.34624,0.02832,0.02228,0.00604,0.23778,143.0,1.14,1.02,0.98,1.04,0.95,1.04,1.07,1.01,0.99,1.02,0.975,1.02,0.2151,0.7849,L,0.35125,0.26441,0.07414,0.08792,0.00912,0.00361,0.01999,0.02545,0.13317,0.15291,0.03499,0.05118,0.00676,0.00633,0.00861,0.0087,0.36198,0.39948
457705,Andrew McCutchen,TEX,40,83.0,2202.0,834,,projected,unmodeled,,551.0,2025.0,0.22686,0.11848,0.00784,0.00638,0.02427,0.00194,0.03693,0.1342,0.44311,0.0239,0.0157,0.00185,0.00167,0.00338,0.00018,0.00295,0.00607,0.00699,0.01603,0.01234,0.00369,0.00316,0.00247,0.06153,0.76953,0.26052,343.58562406249996,18.035586874999996,27.7,0.11336,0.10424,0.00795,0.00767,0.12014,0.11048,0.94359,140.0,5.0,1289.1799125,1289.1799125,0.22799,0.11492,0.00784,0.02342,0.13152,0.03563,0.00178,0.00638,0.45052,0.22087,0.31511,0.27271,0.22087,0.27271,0.01565,0.01204,0.00361,0.25428,140.0,0.93,0.96,0.93,0.83,0.94,1.01,0.965,0.98,0.965,0.915,0.97,1.005,0.29133,0.70867,R,0.2269,0.22684,0.12027,0.11774,0.00888,0.00741,0.02539,0.02381,0.12761,0.13691,0.04073,0.03536,0.00214,0.00186,0.00592,0.00657,0.44216,0.4435
813841,Jonah Cox,SF,25,169.0,169.0,150,,projected,unmodeled,,169.0,2026.0,0.31827,0.06963,0.00359,0.00222,0.02422,0.00484,0.04199,0.1228,0.41243,0.06347,0.02952,0.00379,0.00298,0.0092,0.0013,0.00898,0.01385,0.01687,0.05488,0.04287,0.01201,0.0097,0.00773,0.27995,0.78124,0.19603,32.3,17.0,30.0,0.13226,0.10387,0.01779,0.01604,0.13849,0.10877,0.95503,137.0,2.0,143.65,143.65,0.3119,0.06789,0.00359,0.02168,0.12403,0.04283,0.00585,0.00222,0.41999,0.20986,0.26588,0.2914,0.20986,0.2914,0.05474,0.04276,0.01197,0.19552,137.0,0.79,1.02,1.04,1.42,0.95,0.96,0.895,1.01,1.02,1.21,0.975,0.98,0.38753,0.61247,R,0.32921,0.31135,0.07596,0.06563,0.00344,0.00369,0.02632,0.0229,0.11468,0.12794,0.04181,0.0421,0.00676,0.00362,0.00216,0.00226,0.39965,0.42051
807713,Matt Shaw,CHC,25,202.0,639.0,458,,projected,unmodeled,,437.0,2025.0,0.20421,0.09154,0.0082,0.00911,0.02418,0.00537,0.04813,0.13548,0.47378,0.03538,0.02154,0.00336,0.00354,0.00488,0.0008,0.00518,0.00834,0.0103,0.04106,0.03188,0.00917,0.00712,0.00565,0.17455,0.77654,0.23522,107.27,20.994999999999997,29.1,0.12776,0.11122,0.01351,0.01271,0.11517,0.10026,1.10928,112.0,6.0,487.43249999999995,487.43249999999995,0.20523,0.09245,0.0082,0.0249,0.13413,0.04356,0.00593,0.00911,0.47648,0.23423,0.30917,0.27817,0.23423,0.27817,0.04098,0.03182,0.00916,0.23478,112.0,1.06,0.98,0.81,1.21,1.02,1.01,1.03,0.99,0.905,1.105,1.01,1.005,0.30989,0.69011,R,0.19003,0.21058,0.0958,0.08962,0.00915,0.00777,0.02803,0.02245,0.14274,0.13223,0.05403,0.04548,0.00476,0.00564,0.00707,0.01003,0.46838,0.4762
571466,Tucker Barnhart,TEX,36,15.0,542.0,300,,floor,floor,1.0,15.0,2025.0,0.26704,0.09316,0.00626,0.0025,0.02414,0.00119,0.0296,0.13194,0.44416,0.04888,0.02733,0.00316,0.002,0.00533,0.00021,0.00395,0.00908,0.01085,0.00894,0.00698,0.00196,0.00416,0.00326,0.03863,0.78089,0.23136,65.08650281249999,1.1361312499999998,24.4,0.10056,0.09329,0.01484,0.01435,0.09075,0.08419,1.10811,109.0,8.0,259.82400499999994,259.82400499999994,0.25369,0.09269,0.00626,0.0233,0.13392,0.03108,0.00183,0.0025,0.45473,0.2116,0.28908,0.26841,0.2116,0.26841,0.00899,0.00702,0.00197,0.23287,109.0,0.93,1.03,1.1,2.07,0.99,0.9,0.965,1.015,1.05,1.535,0.995,0.95,0.28939,0.71061,L,0.26484,0.26794,0.0839,0.09692,0.00654,0.00615,0.02897,0.02217,0.13068,0.13246,0.03141,0.02886,0.00139,0.00111,0.00266,0.00243,0.44961,0.44195
457759,Justin Turner,CHC,42,191.0,1888.0,530,,projected,unmodeled,,191.0,2025.0,0.18049,0.09347,0.01621,0.01298,0.02414,0.00084,0.03431,0.15643,0.48113,0.02432,0.01567,0.00285,0.00255,0.00465,8e-05,0.00392,0.00852,0.00987,0.00713,0.00555,0.00158,0.00239,0.00187,0.02678,0.77822,0.2661,273.6686403125,6.6143971875,25.3,0.12301,0.13326,0.00992,0.01028,0.11089,0.12013,1.10928,112.0,5.0,1031.8380137499998,1031.8380137499998,0.18139,0.0944,0.01621,0.02487,0.15486,0.03105,0.00093,0.01298,0.48331,0.24157,0.32232,0.27881,0.24157,0.27881,0.00711,0.00553,0.00158,0.26547,112.0,1.06,0.98,0.81,1.21,1.02,1.01,1.03,0.99,0.905,1.105,1.01,1.005,0.32473,0.67527,R,0.19162,0.17513,0.09744,0.09156,0.01246,0.01801,0.02672,0.0229,0.15292,0.15811,0.03682,0.03311,0.00107,0.00073,0.01056,0.01415,0.47038,0.4863
666165,Blake Sabol,BOS,29,18.0,400.0,450,,floor,floor,1.0,18.0,2025.0,0.29741,0.07846,0.01645,0.0074,0.02412,0.00247,0.04728,0.11682,0.4096,0.0547,0.02739,0.0058,0.00391,0.005,0.00035,0.00546,0.00717,0.00918,0.01717,0.01336,0.00381,0.00577,0.00452,0.08109,0.7779,0.21173,50.35824999999999,3.132037499999999,27.4,0.10987,0.11551,0.01518,0.01551,0.11504,0.12095,0.95503,137.0,5.0,202.90689999999995,202.90689999999995,0.29146,0.0765,0.01645,0.02159,0.11799,0.04822,0.00298,0.0074,0.41741,0.21206,0.28373,0.28843,0.21206,0.28843,0.0171,0.01331,0.0038,0.21094,137.0,0.79,1.02,1.04,1.42,0.95,0.96,0.895,1.01,1.02,1.21,0.975,0.98,0.23828,0.76172,L,0.29915,0.29687,0.07734,0.07881,0.01681,0.01633,0.01929,0.02563,0.11086,0.11868,0.04953,0.04657,0.00293,0.00232,0.00718,0.00747,0.4169,0.40731
501303,Ehire Adrianza,LAA,37,28.0,149.0,150,,floor,floor,1.0,0.0,,0.2459,0.08791,0.00828,0.00678,0.02409,0.00438,0.03016,0.1459,0.44661,0.06989,0.03912,0.00597,0.00541,0.00798,0.00144,0.00575,0.0146,0.01653,0.01967,0.01534,0.00432,0.00823,0.00644,0.08124,0.78013,0.24208,14.606963124999998,0.44370531249999995,,0.10087,0.09143,0.01752,0.01677,0.11085,0.10048,0.90997,108.0,6.0,66.003084375,66.003084375,0.25328,0.08747,0.00828,0.02409,0.1459,0.02865,0.00405,0.00678,0.44151,0.22584,0.29843,0.28802,0.22584,0.28802,0.01963,0.01532,0.00432,0.24164,108.0,1.0,1.0,0.9,0.85,0.99,1.06,1.0,1.0,0.95,0.925,0.995,1.03,0.26754,0.73246,S,0.25895,0.24113,0.08577,0.08868,0.00902,0.008,0.02402,0.02412,0.14706,0.14547,0.03219,0.02942,0.00439,0.00438,0.00608,0.00704,0.43251,0.45176
643265,Garrett Cooper,BOS,36,116.0,1042.0,150,,floor,floor,1.0,0.0,,0.26784,0.07557,0.01328,0.00673,0.02408,0.00294,0.03102,0.14303,0.43551,0.03789,0.01925,0.00342,0.00244,0.00793,0.00063,0.00617,0.0147,0.01678,0.00636,0.00496,0.0014,0.00291,0.00228,0.02742,0.77964,0.23188,119.08804937499997,0.0,26.8,0.09765,0.12425,0.01124,0.01249,0.0952,0.12112,1.02577,111.0,6.0,517.8931478124998,517.8931478124998,0.26382,0.07482,0.01328,0.02251,0.14661,0.03412,0.00278,0.00673,0.43534,0.2276,0.29411,0.29653,0.2276,0.29653,0.00644,0.00502,0.00142,0.2347,111.0,0.87,1.05,1.2,0.89,0.98,0.97,0.935,1.025,1.1,0.945,0.99,0.985,0.30063,0.69937,R,0.27209,0.26602,0.07497,0.07583,0.00943,0.01493,0.02338,0.02438,0.15366,0.13846,0.03064,0.03118,0.00387,0.00254,0.0071,0.00657,0.42487,0.44009
666182,Bo Bichette,NYM,29,696.0,2958.0,1000,,projected,unmodeled,,696.0,2026.0,0.18439,0.06259,0.00424,0.00512,0.02407,0.00183,0.04618,0.18101,0.49058,0.01856,0.00987,0.00118,0.00129,0.00319,0.00017,0.00339,0.0067,0.00753,0.01373,0.01046,0.00326,0.00251,0.00196,0.05539,0.76214,0.24784,458.3301149999999,25.63611156249999,26.1,0.11539,0.12303,0.00713,0.00733,0.11217,0.1196,1.02866,121.0,5.0,1874.6643590625,1874.6643590625,0.18715,0.06478,0.00424,0.02419,0.17739,0.04456,0.00164,0.00512,0.49093,0.26762,0.3168,0.31293,0.26762,0.31293,0.01365,0.0104,0.00325,0.24641,121.0,1.01,0.96,0.93,0.79,1.07,1.03,1.005,0.98,0.965,0.895,1.035,1.015,0.24355,0.75645,R,0.16197,0.1916,0.07445,0.05877,0.00456,0.00414,0.03095,0.02185,0.15208,0.19033,0.04953,0.0451,0.00146,0.00195,0.00583,0.00489,0.51916,0.48137
656305,Matt Chapman,SF,34,352.0,2736.0,950,,projected,unmodeled,,535.0,2025.0,0.25017,0.10957,0.01275,0.00588,0.024,0.00352,0.04129,0.12539,0.42744,0.02195,0.01347,0.00211,0.00144,0.00318,0.00037,0.00325,0.00529,0.0065,0.01871,0.01443,0.00428,0.0031,0.00245,0.07552,0.77115,0.24771,396.22381312499994,26.439483749999994,28.1,0.12378,0.10979,0.00743,0.00706,0.12961,0.11496,0.95503,137.0,3.0,1661.9030053124998,1661.9030053124998,0.24517,0.10683,0.01275,0.02148,0.12665,0.04212,0.00426,0.00588,0.43488,0.2224,0.31407,0.28461,0.2224,0.28461,0.01859,0.01434,0.00426,0.24622,137.0,0.79,1.02,1.04,1.42,0.95,0.96,0.895,1.01,1.02,1.21,0.975,0.98,0.2526,0.7474,R,0.22043,0.26022,0.11828,0.10663,0.00693,0.01471,0.02063,0.02513,0.14089,0.12016,0.04358,0.04052,0.00212,0.00399,0.00477,0.00625,0.44237,0.42239
541645,Avisaíl García,MIA,36,51.0,549.0,150,,floor,floor,1.0,0.0,,0.27385,0.05464,0.01096,0.00406,0.02395,0.00347,0.03112,0.15456,0.44339,0.04989,0.02164,0.00415,0.00253,0.00894,0.00102,0.00646,0.01505,0.01713,0.01718,0.01345,0.00373,0.00578,0.00455,0.07805,0.7827,0.22017,54.374627499999995,2.8188337499999996,28.0,0.09839,0.10272,0.01355,0.01381,0.10255,0.10707,0.9594,146.0,6.0,261.52513124999996,261.52513124999996,0.26837,0.05519,0.01096,0.02239,0.15533,0.03158,0.00416,0.00406,0.44794,0.2296,0.27963,0.29902,0.2296,0.29902,0.01729,0.01353,0.00376,0.22149,146.0,0.87,1.01,1.03,1.4,1.02,0.96,0.935,1.005,1.015,1.2,1.01,0.98,0.36255,0.63745,R,0.28586,0.26701,0.05948,0.0519,0.00836,0.01244,0.02487,0.02343,0.15557,0.15399,0.03293,0.03009,0.0044,0.00294,0.00381,0.0042,0.42473,0.454
703492,Nick Morabito,NYM,24,46.0,46.0,150,,projected,unmodeled,,46.0,2026.0,0.25806,0.0792,0.02298,0.00439,0.02392,0.00839,0.03672,0.13229,0.43406,0.07891,0.04146,0.0133,0.00587,0.00847,0.00265,0.0072,0.01332,0.01652,0.03222,0.02494,0.00728,0.01048,0.00817,0.13743,0.77402,0.23447,9.35,2.55,29.7,0.11677,0.11251,0.0211,0.02076,0.11351,0.10937,1.02866,121.0,5.0,39.1,39.1,0.26193,0.08197,0.02298,0.02404,0.12965,0.03543,0.00751,0.00439,0.43211,0.22076,0.30157,0.28541,0.22076,0.28541,0.03224,0.02495,0.00729,0.23459,121.0,1.01,0.96,0.93,0.79,1.07,1.03,1.005,0.98,0.965,0.895,1.035,1.015,0.28049,0.71951,R,0.26613,0.25492,0.08031,0.07876,0.03333,0.01894,0.02156,0.02484,0.1238,0.13561,0.03179,0.03864,0.01441,0.00604,0.00324,0.00484,0.42544,0.43741
656308,Michael Chavis,WSH,31,96.0,522.0,150,,floor,floor,1.0,0.0,,0.28139,0.05752,0.00481,0.00756,0.02391,0.00202,0.04467,0.13514,0.44298,0.05194,0.02289,0.00282,0.00353,0.009,0.00051,0.00999,0.01583,0.01848,0.01265,0.00986,0.0028,0.00491,0.00384,0.06408,0.77898,0.19746,46.98056249999999,1.4094168749999998,,0.12217,0.11775,0.01576,0.01551,0.12035,0.11599,1.01514,120.0,5.0,239.13106312499997,239.13106312499997,0.27295,0.05752,0.00481,0.02451,0.13784,0.04445,0.00194,0.00756,0.44843,0.22441,0.27106,0.29119,0.22441,0.29119,0.01283,0.00999,0.00284,0.20017,120.0,1.05,1.04,0.99,0.92,1.0,0.94,1.025,1.02,0.995,0.96,1.0,0.97,0.26,0.74,R,0.30503,0.27309,0.06084,0.05635,0.00394,0.00511,0.02732,0.02271,0.14172,0.13282,0.04534,0.04443,0.00176,0.00211,0.00624,0.00803,0.40781,0.45534
553869,Elias Díaz,TEX,36,237.0,1778.0,599,,projected,unmodeled,,283.0,2025.0,0.22781,0.06215,0.00694,0.00729,0.0239,0.00038,0.03745,0.14403,0.49006,0.02614,0.01281,0.00193,0.00197,0.00422,4e-05,0.0039,0.00754,0.00896,0.00163,0.00127,0.00036,0.00111,0.00087,0.00765,0.77849,0.21312,229.44580187499997,0.9657115624999999,24.4,0.09128,0.11943,0.00784,0.00882,0.09674,0.12656,0.94359,140.0,5.0,1065.1023865624998,1065.1023865624998,0.22894,0.06029,0.00694,0.02306,0.14114,0.03613,0.00035,0.00729,0.49585,0.21685,0.26792,0.26375,0.21685,0.26375,0.00159,0.00124,0.00035,0.20837,140.0,0.93,0.96,0.93,0.83,0.94,1.01,0.965,0.98,0.965,0.915,0.97,1.005,0.32306,0.67694,R,0.2053,0.23855,0.05997,0.06319,0.00514,0.0078,0.0296,0.02117,0.13655,0.14759,0.03518,0.03853,0.00054,0.00031,0.00744,0.00722,0.52028,0.47564
676439,Hunter Feduccia,LAD,30,251.0,370.0,450,,projected,unmodeled,,251.0,2026.0,0.24001,0.11144,0.00421,0.0079,0.02384,0.00188,0.03474,0.13863,0.43736,0.04555,0.02857,0.00305,0.00417,0.0046,0.00026,0.00391,0.00846,0.00969,0.01149,0.00897,0.00252,0.0048,0.00376,0.04518,0.78043,0.25428,71.0175,0.7224999999999999,26.9,0.10117,0.10037,0.01465,0.0146,0.08878,0.08808,1.13954,119.0,8.0,289.2125,289.2125,0.24241,0.11255,0.00421,0.02658,0.13447,0.03387,0.00154,0.0079,0.43647,0.22444,0.31323,0.28017,0.22444,0.28017,0.01135,0.00886,0.00249,0.25123,119.0,1.23,0.94,0.95,0.64,1.02,1.02,1.115,0.97,0.975,0.82,1.01,1.01,0.20702,0.79298,L,0.24875,0.23772,0.06866,0.12261,0.00478,0.00406,0.02704,0.023,0.12708,0.14164,0.03751,0.03401,0.00173,0.00192,0.0063,0.00831,0.47814,0.42672
686676,Korey Lee,CWS,28,40.0,530.0,406,,projected,unmodeled,,40.0,2025.0,0.27858,0.05932,0.00147,0.00091,0.02384,0.00169,0.04233,0.13905,0.45282,0.04659,0.0209,0.00155,0.00122,0.00537,0.00023,0.00499,0.00879,0.01059,0.02038,0.01583,0.00455,0.00592,0.00463,0.10198,0.7766,0.19983,54.38429093749999,5.527124999999999,27.6,0.11523,0.10624,0.0133,0.01285,0.12631,0.11645,0.91233,145.0,3.0,318.9420256249999,318.9420256249999,0.2758,0.06021,0.00147,0.0236,0.13836,0.04127,0.00143,0.00091,0.45697,0.21832,0.26633,0.28377,0.21832,0.28377,0.0204,0.01584,0.00456,0.20003,145.0,0.98,0.99,0.95,0.69,1.03,0.98,0.99,0.995,0.975,0.845,1.015,0.99,0.26814,0.73186,R,0.26896,0.28211,0.06622,0.05679,0.00179,0.00135,0.0232,0.02408,0.14682,0.13621,0.0382,0.04384,0.00159,0.00172,0.00108,0.00084,0.45213,0.45307
645305,Ali Sánchez,NYY,30,92.0,211.0,450,,projected,unmodeled,,92.0,2026.0,0.24676,0.04639,0.01682,0.00877,0.02369,0.00101,0.03459,0.14782,0.47414,0.05756,0.02391,0.00753,0.00546,0.00451,0.00014,0.00372,0.00834,0.00974,0.01809,0.01403,0.00406,0.00664,0.00518,0.08574,0.77534,0.21103,29.140124999999998,2.6923749999999997,25.2,0.10809,0.1053,0.01792,0.01771,0.09743,0.09492,1.10936,147.0,7.0,137.156,137.156,0.25169,0.04964,0.01682,0.02582,0.14117,0.03373,0.00088,0.00877,0.47148,0.218,0.26806,0.27157,0.218,0.27157,0.0178,0.0138,0.004,0.20763,147.0,1.18,0.91,0.95,0.74,1.14,1.04,1.09,0.955,0.975,0.87,1.07,1.02,0.32117,0.67883,R,0.25081,0.24484,0.04807,0.04559,0.01402,0.01815,0.02668,0.02228,0.14555,0.1489,0.03763,0.03316,0.00103,0.001,0.00663,0.00979,0.46958,0.4763
672642,Steward Berroa,PHI,28,7.0,58.0,450,,floor,floor,1.0,7.0,2026.0,0.25913,0.10225,0.00649,0.00401,0.02363,0.00361,0.04131,0.12798,0.43161,0.07936,0.04671,0.00681,0.00536,0.00466,0.00065,0.00412,0.0076,0.00937,0.04151,0.03233,0.00918,0.01176,0.00924,0.17535,0.77893,0.23671,8.59775,4.912999999999999,28.9,0.121,0.09996,0.02134,0.01963,0.12375,0.10223,0.97775,141.0,2.0,27.635624999999997,27.635624999999997,0.25654,0.10225,0.00649,0.02422,0.12798,0.04214,0.00303,0.00401,0.43336,0.22244,0.3061,0.28548,0.22244,0.28548,0.04151,0.03233,0.00918,0.23671,141.0,1.05,1.0,1.04,0.68,1.0,0.98,1.025,1.0,1.02,0.84,1.0,0.99,0.27907,0.72093,S,0.27745,0.25204,0.10421,0.10148,0.00446,0.00727,0.02083,0.02471,0.12212,0.13025,0.04098,0.04144,0.00366,0.00359,0.00273,0.0045,0.42355,0.43473
675961,Alika Williams,OAK,28,231.0,439.0,450,,projected,unmodeled,,231.0,2026.0,0.23341,0.05681,0.00943,0.00299,0.02362,0.00237,0.04641,0.15029,0.47466,0.04423,0.0206,0.00424,0.0024,0.00513,0.00027,0.00562,0.00893,0.01072,0.01661,0.01294,0.00367,0.00547,0.00429,0.07671,0.77889,0.21654,61.126156249999994,3.164125,28.0,0.1158,0.08148,0.01383,0.01183,0.1201,0.0845,0.9642,133.0,2.0,313.7707,313.7707,0.2229,0.05994,0.00943,0.02776,0.15555,0.05013,0.00198,0.00299,0.46932,0.25378,0.30478,0.30674,0.25378,0.30674,0.01725,0.01344,0.00382,0.22492,133.0,1.35,1.07,1.16,0.67,1.11,0.91,1.175,1.035,1.08,0.835,1.055,0.955,0.35484,0.64516,R,0.22354,0.23884,0.06423,0.05273,0.00858,0.0099,0.02551,0.02259,0.14132,0.15523,0.05111,0.04383,0.00269,0.00219,0.00264,0.00318,0.48038,0.47151
671286,Johnathan Rodríguez,BAL,27,15.0,132.0,450,,projected,unmodeled,,77.0,2025.0,0.26893,0.10821,0.00422,0.00733,0.02358,0.0017,0.02985,0.13857,0.41761,0.0679,0.04049,0.00444,0.00584,0.00483,0.00021,0.00359,0.00757,0.00886,0.02078,0.01622,0.00456,0.00847,0.00663,0.0828,0.78043,0.251,16.761999999999997,0.7224999999999999,27.0,0.10773,0.11321,0.01788,0.01827,0.11474,0.12057,0.93896,114.0,5.0,80.19749999999999,80.19749999999999,0.27565,0.10821,0.00422,0.02275,0.13857,0.03045,0.00138,0.00733,0.41144,0.21943,0.30558,0.29286,0.21943,0.29286,0.02078,0.01622,0.00456,0.251,114.0,0.93,1.0,1.04,0.62,1.0,1.05,0.965,1.0,1.02,0.81,1.0,1.025,0.43675,0.56325,R,0.26997,0.26813,0.11936,0.09956,0.00385,0.00451,0.0236,0.02356,0.13899,0.13825,0.03063,0.02924,0.00194,0.00152,0.00686,0.00768,0.4048,0.42755
650489,Willi Castro,COL,30,477.0,2367.0,858,,projected,unmodeled,,477.0,2026.0,0.24355,0.07942,0.02407,0.00554,0.02355,0.00716,0.04406,0.1414,0.43126,0.02275,0.0122,0.0031,0.0015,0.00351,0.0008,0.00341,0.00611,0.00729,0.04062,0.03107,0.00956,0.00442,0.00354,0.16588,0.76476,0.24489,375.5459534375,63.44428156249999,28.1,0.12354,0.0883,0.0077,0.00665,0.13065,0.09338,0.9456,115.0,2.0,1510.86741375,1510.86741375,0.23137,0.07783,0.02407,0.02449,0.152,0.04912,0.01124,0.00554,0.42433,0.26537,0.33876,0.33354,0.26537,0.33354,0.04212,0.03221,0.00991,0.2539,115.0,1.08,1.15,1.23,2.14,0.96,0.9,1.04,1.075,1.115,1.57,0.98,0.95,0.27973,0.72027,S,0.22771,0.2497,0.05669,0.08825,0.01509,0.02756,0.02379,0.02345,0.15142,0.1375,0.04617,0.04324,0.00628,0.0075,0.00443,0.00597,0.46843,0.41682
642731,Thairo Estrada,COL,31,165.0,1617.0,444,,projected,unmodeled,,165.0,2025.0,0.19578,0.04647,0.01938,0.0074,0.02354,0.00284,0.03908,0.16104,0.50446,0.0271,0.01224,0.00335,0.00208,0.0048,0.00041,0.00491,0.00913,0.01055,0.03625,0.02788,0.00837,0.00534,0.00422,0.15975,0.76915,0.2269,192.64270374999998,32.98673093749999,27.8,0.11486,0.11102,0.00944,0.00931,0.12146,0.1174,0.9456,115.0,3.0,869.9020115624999,869.9020115624999,0.18599,0.04554,0.01938,0.02449,0.17312,0.04358,0.00447,0.0074,0.49604,0.2648,0.31057,0.30837,0.2648,0.30837,0.03803,0.02925,0.00878,0.23805,115.0,1.08,1.15,1.23,2.14,0.96,0.9,1.04,1.075,1.115,1.57,0.98,0.95,0.24799,0.75201,R,0.19838,0.19492,0.06236,0.04123,0.01515,0.02078,0.02338,0.0236,0.15293,0.16372,0.03739,0.03964,0.00295,0.00281,0.00944,0.00672,0.498,0.50659
667452,Corey Julks,DET,31,7.0,532.0,300,,floor,floor,1.0,13.0,2025.0,0.23791,0.0729,0.0031,0.00744,0.0235,0.0018,0.03152,0.14263,0.47919,0.04528,0.02354,0.00224,0.00347,0.00606,0.00024,0.00439,0.01032,0.01213,0.03667,0.02863,0.00804,0.0076,0.00602,0.16772,0.78069,0.21863,65.46572499999999,13.694987499999996,28.5,0.10312,0.09461,0.01312,0.01263,0.11303,0.10371,0.91233,145.0,6.0,284.67764374999996,284.67764374999996,0.23554,0.074,0.0031,0.02326,0.14192,0.03074,0.00152,0.00744,0.48249,0.21567,0.27453,0.26524,0.21567,0.26524,0.03673,0.02868,0.00806,0.21901,145.0,0.98,0.99,0.95,0.69,1.03,0.98,0.99,0.995,0.975,0.845,1.015,0.99,0.38631,0.61369,R,0.25522,0.22702,0.06746,0.07633,0.00315,0.00306,0.02232,0.02424,0.14569,0.14071,0.03542,0.02907,0.00195,0.00171,0.00736,0.00749,0.46142,0.49038
663457,Lars Nootbaar,ARI,29,334.0,2172.0,820,,projected,unmodeled,,583.0,2025.0,0.20367,0.12647,0.00439,0.00735,0.02348,0.00249,0.04606,0.12942,0.45667,0.02234,0.01569,0.00139,0.0018,0.00327,0.00019,0.00333,0.00587,0.00726,0.01852,0.01427,0.00425,0.00329,0.00258,0.07115,0.77046,0.26028,364.8584890625,23.6763515625,27.5,0.13705,0.11053,0.00921,0.00838,0.12368,0.09974,1.10811,109.0,2.0,1370.3730121875,1370.3730121875,0.19349,0.12584,0.00439,0.02266,0.13136,0.04837,0.00382,0.00735,0.46273,0.2391,0.33644,0.28401,0.2391,0.28401,0.01861,0.01434,0.00427,0.26159,109.0,0.93,1.03,1.1,2.07,0.99,0.9,0.965,1.015,1.05,1.535,0.995,0.95,0.25756,0.74244,L,0.24749,0.18847,0.11228,0.13139,0.00686,0.00354,0.01806,0.02536,0.1317,0.12863,0.04002,0.04816,0.0028,0.00238,0.00733,0.00736,0.43346,0.46472
672012,Tyler Black,MIL,26,28.0,98.0,450,,projected,unmodeled,,28.0,2026.0,0.2343,0.10243,0.01065,0.00311,0.02346,0.0024,0.02337,0.14839,0.4519,0.06947,0.04233,0.00767,0.00416,0.00462,0.00027,0.00299,0.00811,0.0093,0.02808,0.02195,0.00613,0.01005,0.0079,0.10739,0.78165,0.26147,14.925999999999998,1.8423749999999997,28.0,0.11852,0.12542,0.02143,0.02197,0.10565,0.11181,1.12178,158.0,6.0,58.80512499999999,58.80512499999999,0.24719,0.1055,0.01065,0.02381,0.14543,0.02196,0.00222,0.00311,0.44014,0.21961,0.30956,0.27816,0.21961,0.27816,0.02809,0.02196,0.00613,0.26157,158.0,1.03,0.96,0.88,0.85,1.06,1.11,1.015,0.98,0.94,0.925,1.03,1.055,0.20134,0.79866,L,0.22394,0.23692,0.11569,0.09908,0.01013,0.01078,0.02273,0.02364,0.15091,0.14776,0.0128,0.02603,0.00183,0.00254,0.00175,0.00345,0.46022,0.44981
676572,Eric Wagaman,NYM,29,52.0,640.0,686,,projected,unmodeled,,514.0,2025.0,0.20532,0.06455,0.00402,0.00771,0.02345,0.00252,0.04978,0.15674,0.48591,0.03627,0.01879,0.00236,0.00326,0.00397,0.00027,0.00462,0.00746,0.00891,0.01227,0.00957,0.0027,0.00419,0.00329,0.05446,0.78,0.22532,99.103625,3.6125,26.6,0.11402,0.11334,0.01256,0.01253,0.11084,0.11018,1.02866,121.0,5.0,461.0102499999999,461.0102499999999,0.2084,0.06681,0.00402,0.02356,0.15361,0.04804,0.00225,0.00771,0.48559,0.24685,0.2983,0.29572,0.24685,0.29572,0.01222,0.00953,0.00269,0.22444,121.0,1.01,0.96,0.93,0.79,1.07,1.03,1.005,0.98,0.965,0.895,1.035,1.015,0.35357,0.64643,R,0.20898,0.20332,0.06583,0.06385,0.00455,0.00373,0.02863,0.02061,0.15886,0.15558,0.05264,0.04822,0.00233,0.00262,0.00614,0.00857,0.47203,0.4935
542364,Rafael Ortega,CWS,36,17.0,524.0,150,,floor,floor,1.0,0.0,,0.21619,0.1146,0.00645,0.01416,0.02344,0.00166,0.02858,0.15264,0.44228,0.04707,0.03101,0.00325,0.0048,0.00906,0.00051,0.00643,0.0151,0.01731,0.03975,0.03081,0.00894,0.00894,0.00702,0.14523,0.77509,0.27369,66.29479374999998,12.084444687499998,,0.11505,0.10243,0.01553,0.01476,0.11185,0.09958,1.02866,121.0,6.0,235.6075209375,235.6075209375,0.21944,0.11861,0.00645,0.02356,0.14959,0.02758,0.00148,0.01416,0.43914,0.23491,0.32726,0.28917,0.23491,0.28917,0.03989,0.03092,0.00897,0.27465,121.0,1.01,0.96,0.93,0.79,1.07,1.03,1.005,0.98,0.965,0.895,1.035,1.015,0.26267,0.73733,L,0.21792,0.21558,0.09553,0.1214,0.00669,0.00636,0.02469,0.02299,0.16276,0.14904,0.02974,0.02816,0.00173,0.00163,0.01022,0.01556,0.4507,0.43928
593428,Xander Bogaerts,SD,34,606.0,2917.0,981,,projected,unmodeled,,606.0,2026.0,0.17719,0.09365,0.00897,0.01086,0.02343,0.00189,0.03803,0.16017,0.48581,0.01851,0.01202,0.00172,0.00189,0.00338,0.0002,0.003,0.00616,0.00707,0.03188,0.02575,0.00613,0.00369,0.00308,0.1213,0.80765,0.26279,491.9929890625,60.67018437499999,27.1,0.11724,0.0979,0.00718,0.00663,0.11626,0.09708,1.00847,135.0,6.0,1825.3720834375,1825.3720834375,0.17808,0.09506,0.00897,0.02413,0.15776,0.03556,0.0016,0.01086,0.48798,0.24749,0.32309,0.28544,0.24749,0.28544,0.03176,0.02565,0.00611,0.2618,135.0,1.06,0.97,0.87,0.7,1.03,1.01,1.03,0.985,0.935,0.85,1.015,1.005,0.26853,0.73147,R,0.1553,0.18522,0.09875,0.09178,0.00461,0.01058,0.01959,0.02484,0.16268,0.15924,0.04545,0.03531,0.00273,0.00158,0.01031,0.01106,0.50057,0.48039
641584,Jake Fraley,TB,32,97.0,1323.0,581,,projected,unmodeled,,217.0,2025.0,0.21134,0.09186,0.0099,0.00467,0.02343,0.00654,0.04822,0.14131,0.46273,0.02924,0.01761,0.00264,0.00182,0.00439,0.00097,0.00491,0.0078,0.00958,0.0444,0.03466,0.00974,0.00597,0.00481,0.18266,0.78068,0.24307,197.25474,38.75131406249999,28.3,0.11201,0.10297,0.00984,0.00948,0.11669,0.10727,0.95991,139.0,5.0,781.7858371875,781.7858371875,0.21451,0.08726,0.0099,0.02402,0.13919,0.04749,0.00667,0.00467,0.46628,0.24201,0.31453,0.29312,0.24201,0.29312,0.04317,0.0337,0.00947,0.23635,139.0,1.05,0.97,0.97,1.04,0.9,1.03,1.025,0.985,0.985,1.02,0.95,1.015,0.14397,0.85603,L,0.19376,0.2143,0.07134,0.0953,0.01752,0.00862,0.02018,0.02398,0.13709,0.14202,0.04088,0.04945,0.00784,0.00632,0.00608,0.00443,0.5053,0.45557
686668,Brenton Doyle,CWS,29,223.0,1795.0,929,,projected,unmodeled,,538.0,2025.0,0.28019,0.06288,0.00421,0.00829,0.02342,0.00501,0.04105,0.13508,0.43988,0.02677,0.01232,0.0015,0.00209,0.00308,0.00052,0.00309,0.0054,0.00641,0.05074,0.0403,0.01044,0.00513,0.00426,0.25098,0.79423,0.20217,242.29334999999998,65.33854375,29.2,0.11934,0.10439,0.0083,0.00784,0.13081,0.11443,0.91233,145.0,3.0,1173.5570687499999,1173.5570687499999,0.27739,0.06382,0.00421,0.02319,0.13441,0.04002,0.00423,0.00829,0.44445,0.21852,0.26987,0.28672,0.21852,0.28672,0.05081,0.04035,0.01045,0.20243,145.0,0.98,0.99,0.95,0.69,1.03,0.98,0.99,0.995,0.975,0.845,1.015,0.99,0.28708,0.71292,R,0.25784,0.28919,0.06449,0.06223,0.00485,0.00395,0.0271,0.02194,0.14114,0.13264,0.04482,0.03953,0.00517,0.00494,0.00653,0.00901,0.44807,0.43658
672640,Otto Lopez,MIA,28,687.0,1725.0,1022,,projected,unmodeled,,687.0,2026.0,0.14717,0.06506,0.0077,0.00917,0.02332,0.00459,0.03986,0.18501,0.51812,0.02026,0.012,0.00206,0.00224,0.00323,0.00053,0.00307,0.00656,0.00731,0.04809,0.03801,0.01007,0.00516,0.00425,0.18655,0.79049,0.25777,329.045625,63.061499999999995,28.5,0.12113,0.1084,0.00828,0.0079,0.12625,0.11299,0.9594,146.0,3.0,1279.64525,1279.64525,0.14423,0.06571,0.0077,0.02181,0.18594,0.04046,0.0055,0.00917,0.51949,0.27654,0.32712,0.30863,0.27654,0.30863,0.04838,0.03824,0.01014,0.25935,146.0,0.87,1.01,1.03,1.4,1.02,0.96,0.935,1.005,1.015,1.2,1.01,0.98,0.28825,0.71175,R,0.1642,0.14027,0.056,0.06873,0.00394,0.00922,0.02137,0.02411,0.17703,0.18824,0.03676,0.04112,0.00538,0.00426,0.01203,0.00801,0.52328,0.51602
671655,George Valera,CLE,26,38.0,86.0,300,,projected,unmodeled,,48.0,2025.0,0.2305,0.08608,0.00539,0.00333,0.02327,0.00146,0.03468,0.1479,0.46739,0.06932,0.0393,0.00567,0.00446,0.00565,0.00023,0.00499,0.00998,0.01205,0.01624,0.01266,0.00358,0.00754,0.0059,0.06785,0.77964,0.23938,13.769999999999998,0.0,25.5,0.10617,0.11299,0.0182,0.0187,0.11307,0.12034,0.93896,114.0,5.0,66.97999999999999,66.97999999999999,0.23626,0.08608,0.00539,0.02245,0.1479,0.03537,0.00118,0.00333,0.46202,0.22858,0.29838,0.28532,0.22858,0.28532,0.01624,0.01266,0.00358,0.23938,114.0,0.93,1.0,1.04,0.62,1.0,1.05,0.965,1.0,1.02,0.81,1.0,1.025,0.20629,0.79371,L,0.2286,0.231,0.0846,0.08647,0.0034,0.00591,0.01936,0.02428,0.15601,0.1458,0.02734,0.03658,0.00074,0.00165,0.00203,0.00367,0.47793,0.46465
687859,Troy Johnston,COL,30,449.0,570.0,478,,projected,unmodeled,,449.0,2026.0,0.19616,0.0803,0.01676,0.00854,0.02321,0.00292,0.04994,0.17063,0.45154,0.03541,0.02063,0.00503,0.00361,0.00497,0.00047,0.0055,0.00971,0.01108,0.0224,0.01711,0.0053,0.0056,0.00433,0.08369,0.76362,0.26769,124.99249999999999,10.54,26.2,0.09337,0.10344,0.01091,0.01141,0.09874,0.10939,0.9456,115.0,6.0,469.0725,469.0725,0.18636,0.07869,0.01676,0.02413,0.18343,0.05569,0.00458,0.00854,0.44182,0.29891,0.36328,0.35549,0.29891,0.35549,0.02334,0.01782,0.00552,0.27888,115.0,1.08,1.15,1.23,2.14,0.96,0.9,1.04,1.075,1.115,1.57,0.98,0.95,0.22338,0.77662,L,0.19927,0.19527,0.06588,0.08445,0.0116,0.01825,0.0291,0.02151,0.15022,0.1765,0.04139,0.0524,0.00238,0.00307,0.01033,0.00803,0.48983,0.44052
669352,Bubba Thompson,CIN,29,18.0,259.0,150,,floor,floor,1.0,0.0,,0.27955,0.06134,0.01149,0.00458,0.02318,0.00312,0.03686,0.14005,0.43982,0.06397,0.02912,0.00578,0.00366,0.00765,0.00083,0.00703,0.01349,0.01587,0.04834,0.03777,0.01057,0.01023,0.00811,0.22705,0.78137,0.21289,25.99591125,12.449849062499998,,0.10864,0.08572,0.01706,0.01536,0.11513,0.09085,0.94359,140.0,6.0,111.63103656249999,111.63103656249999,0.28095,0.0595,0.01149,0.02237,0.13725,0.03557,0.00286,0.00458,0.44543,0.21424,0.26904,0.28284,0.21424,0.28284,0.04728,0.03695,0.01034,0.20825,140.0,0.93,0.96,0.93,0.83,0.94,1.01,0.965,0.98,0.965,0.915,0.97,1.005,0.30275,0.69725,R,0.28767,0.27602,0.07124,0.05705,0.01291,0.01087,0.02528,0.02227,0.12874,0.14497,0.03363,0.03826,0.00267,0.00332,0.00416,0.00476,0.43371,0.44248
677008,Heston Kjerstad,BAL,28,19.0,333.0,300,,projected,unmodeled,,167.0,2025.0,0.2714,0.06168,0.02396,0.00376,0.02317,0.00489,0.03767,0.13259,0.44088,0.05254,0.0242,0.00752,0.00301,0.00579,0.00099,0.00519,0.01037,0.01215,0.01488,0.01162,0.00326,0.00564,0.00443,0.06818,0.7811,0.21822,44.96478749999999,1.3366249999999997,27.7,0.10328,0.11477,0.01513,0.01585,0.10251,0.11391,1.00754,110.0,6.0,207.89395624999997,207.89395624999997,0.2714,0.06014,0.02396,0.02421,0.13391,0.03748,0.00509,0.00376,0.44004,0.22003,0.2848,0.28626,0.22003,0.28626,0.01486,0.01161,0.00325,0.21801,110.0,1.09,1.02,0.99,1.08,0.95,1.0,1.045,1.01,0.995,1.04,0.975,1.0,0.182,0.818,L,0.26567,0.27267,0.06794,0.06028,0.01774,0.02534,0.01968,0.02395,0.13705,0.1316,0.04179,0.03676,0.00375,0.00515,0.00401,0.0037,0.44238,0.44054
695391,Brett Harris,SF,29,51.0,258.0,450,,projected,unmodeled,,84.0,2025.0,0.23758,0.09484,0.02336,0.00755,0.0231,0.00182,0.03326,0.14219,0.43629,0.05414,0.03173,0.0082,0.0047,0.00468,0.00043,0.00402,0.00828,0.00963,0.0205,0.01585,0.00465,0.00727,0.00565,0.07872,0.77334,0.26038,43.0355,2.564875,26.9,0.11167,0.09101,0.01575,0.01439,0.11693,0.0953,0.95503,137.0,6.0,179.577375,179.577375,0.23283,0.09246,0.02336,0.02068,0.14361,0.03393,0.00221,0.00755,0.44337,0.22863,0.31625,0.28846,0.22863,0.28846,0.02042,0.01579,0.00463,0.25943,137.0,0.79,1.02,1.04,1.42,0.95,0.96,0.895,1.01,1.02,1.21,0.975,0.98,0.31878,0.68122,R,0.23908,0.23688,0.09026,0.09698,0.01999,0.02493,0.02065,0.02425,0.14464,0.14104,0.03655,0.03173,0.0019,0.00179,0.00598,0.00829,0.44095,0.43411
680977,Brendan Donovan,SEA,30,159.0,2165.0,1069,,projected,unmodeled,,515.0,2025.0,0.14104,0.0882,0.02222,0.00604,0.02307,0.00254,0.05332,0.16932,0.49424,0.01972,0.01368,0.00311,0.00163,0.00321,0.00023,0.00377,0.00643,0.00749,0.01286,0.00979,0.00308,0.00284,0.00219,0.04598,0.76089,0.27975,375.5054403125,17.526814062499998,25.7,0.11419,0.10209,0.00806,0.00768,0.11728,0.10485,0.97362,136.0,5.0,1308.965405,1308.965405,0.15233,0.08644,0.02222,0.02284,0.16171,0.04932,0.00178,0.00604,0.49733,0.26617,0.34431,0.29967,0.26617,0.29967,0.01243,0.00946,0.00297,0.27037,136.0,0.98,0.91,0.85,0.4,0.96,1.16,0.99,0.955,0.925,0.7,0.98,1.08,0.30603,0.69397,L,0.15652,0.13422,0.07963,0.09198,0.01845,0.02389,0.01347,0.0273,0.15197,0.17698,0.05377,0.05312,0.00226,0.00267,0.0084,0.005,0.51554,0.48484
678009,Parker Meadows,DET,27,39.0,695.0,533,,projected,unmodeled,,213.0,2025.0,0.25148,0.09082,0.00632,0.00458,0.02303,0.0096,0.03401,0.13163,0.44853,0.0395,0.02227,0.00284,0.00243,0.00441,0.00158,0.00343,0.00738,0.00904,0.03535,0.02772,0.00762,0.00664,0.0053,0.15451,0.78429,0.22877,104.90136874999999,18.121681249999998,28.3,0.12048,0.09473,0.01284,0.01155,0.12001,0.09437,1.00391,116.0,2.0,445.7426562499999,445.7426562499999,0.24897,0.09037,0.00632,0.02314,0.13097,0.03299,0.01199,0.00458,0.45066,0.22154,0.29579,0.2808,0.22154,0.2808,0.03518,0.02759,0.00759,0.22766,116.0,1.01,0.99,0.94,1.5,0.99,0.98,1.005,0.995,0.97,1.25,0.995,0.99,0.21467,0.78533,L,0.25204,0.25133,0.09141,0.09066,0.00748,0.006,0.01952,0.02399,0.13922,0.12956,0.03933,0.03256,0.00471,0.01093,0.00536,0.00437,0.44093,0.45061
694203,Denzer Guzman,LAA,23,304.0,347.0,300,,projected,unmodeled,,304.0,2026.0,0.26829,0.0607,0.00444,0.0013,0.023,0.00173,0.04065,0.14242,0.45747,0.04775,0.02191,0.00321,0.00174,0.00555,0.00044,0.00504,0.00986,0.01191,0.01477,0.0115,0.00328,0.00514,0.00402,0.07118,0.77822,0.20756,57.885,2.55,27.6,0.10744,0.10416,0.01327,0.0131,0.11807,0.11447,0.90997,108.0,5.0,289.4675,289.4675,0.27634,0.06039,0.00444,0.023,0.14242,0.03862,0.0016,0.0013,0.45189,0.2202,0.27047,0.28784,0.2202,0.28784,0.01475,0.01148,0.00327,0.20725,108.0,1.0,1.0,0.9,0.85,0.99,1.06,1.0,1.0,0.95,0.925,0.995,1.03,0.30347,0.69653,R,0.25922,0.27225,0.07688,0.05364,0.00435,0.00448,0.03108,0.01948,0.1239,0.1505,0.04248,0.03986,0.00191,0.00165,0.00145,0.00123,0.45874,0.45692
669326,Bryce Teodosio,LAA,28,76.0,238.0,450,,projected,unmodeled,,150.0,2025.0,0.29348,0.05825,0.01539,0.00803,0.02296,0.00349,0.03288,0.13441,0.4311,0.05785,0.02533,0.00689,0.005,0.0049,0.00055,0.00377,0.00766,0.00908,0.04087,0.03203,0.00885,0.00898,0.00713,0.19645,0.78355,0.20805,34.8075,10.879999999999999,29.3,0.09863,0.08219,0.01465,0.01351,0.10839,0.09032,0.90997,108.0,6.0,172.97499999999997,172.97499999999997,0.30228,0.05795,0.01539,0.02296,0.13441,0.03124,0.00323,0.00803,0.42449,0.20885,0.2652,0.28462,0.20885,0.28462,0.04081,0.03198,0.00883,0.20776,108.0,1.0,1.0,0.9,0.85,0.99,1.06,1.0,1.0,0.95,0.925,0.995,1.03,0.29452,0.70548,R,0.29794,0.29161,0.05971,0.05764,0.01333,0.01625,0.02718,0.0212,0.14315,0.13077,0.03594,0.03161,0.00239,0.00396,0.00855,0.00781,0.41181,0.43915
665877,José Fermín,STL,28,370.0,580.0,450,,projected,unmodeled,,370.0,2026.0,0.15209,0.08649,0.01045,0.01144,0.02292,0.0015,0.04762,0.14385,0.52364,0.03271,0.02179,0.00395,0.00414,0.00508,0.00026,0.00564,0.00811,0.01043,0.02529,0.01972,0.00556,0.00581,0.00459,0.10502,0.78,0.24079,111.30824375,12.054381249999999,27.1,0.09182,0.10384,0.01116,0.01178,0.09499,0.10742,0.96671,138.0,6.0,445.43325625,445.43325625,0.14524,0.0839,0.01045,0.02017,0.14888,0.04929,0.00127,0.01144,0.52935,0.2456,0.31396,0.27366,0.2456,0.27366,0.02554,0.01992,0.00562,0.24323,138.0,0.76,1.07,1.07,0.7,0.94,0.91,0.88,1.035,1.035,0.85,0.97,0.955,0.37691,0.62309,R,0.14257,0.15784,0.08464,0.08762,0.00666,0.01274,0.02737,0.02023,0.14109,0.14552,0.04926,0.04663,0.00134,0.00159,0.0114,0.01147,0.53567,0.51636
668723,Ryan Vilade,TB,28,278.0,342.0,450,,projected,unmodeled,,278.0,2026.0,0.23468,0.08811,0.00923,0.01079,0.0229,0.0016,0.03256,0.16263,0.43749,0.04641,0.02643,0.00465,0.00502,0.00541,0.00022,0.00452,0.00887,0.01027,0.02077,0.01619,0.00459,0.00662,0.00519,0.0799,0.77915,0.25997,63.327124999999995,3.4,28.5,0.1035,0.12735,0.01379,0.01508,0.10783,0.13267,0.95991,139.0,5.0,266.39212499999996,266.39212499999996,0.2382,0.08371,0.00923,0.02347,0.16019,0.03207,0.00164,0.01079,0.4407,0.24253,0.31031,0.30554,0.24253,0.30554,0.02023,0.01576,0.00447,0.25313,139.0,1.05,0.97,0.97,1.04,0.9,1.03,1.025,0.985,0.985,1.02,0.95,1.015,0.47048,0.52952,R,0.23105,0.2379,0.08627,0.08976,0.00943,0.00905,0.02425,0.0217,0.17226,0.15407,0.03454,0.0308,0.00208,0.00118,0.01213,0.0096,0.42799,0.44594
806068,Colt Emerson,SEA,21,241.0,241.0,300,,projected,unmodeled,,241.0,2026.0,0.30456,0.0696,0.00902,0.00795,0.0228,0.00363,0.05361,0.11417,0.41465,0.05607,0.02639,0.00527,0.00495,0.00558,0.00116,0.00693,0.00912,0.01189,0.0181,0.0141,0.004,0.00601,0.00472,0.09388,0.77915,0.19279,37.4,3.4,27.0,0.11042,0.1058,0.01534,0.01506,0.11341,0.10867,0.97362,136.0,5.0,204.85,204.85,0.32893,0.0682,0.00902,0.02257,0.10904,0.04959,0.00254,0.00795,0.40215,0.20085,0.26096,0.2861,0.20085,0.2861,0.01749,0.01362,0.00386,0.18626,136.0,0.98,0.91,0.85,0.4,0.96,1.16,0.99,0.955,0.925,0.7,0.98,1.08,0.29932,0.70068,L,0.29202,0.30992,0.06739,0.07054,0.01283,0.00739,0.02304,0.0227,0.11843,0.11236,0.05261,0.05403,0.00496,0.00306,0.00609,0.00875,0.42264,0.41124
667472,Dane Myers,CIN,31,334.0,845.0,535,,projected,unmodeled,,334.0,2026.0,0.247,0.08591,0.00962,0.00708,0.02279,0.00347,0.03257,0.15274,0.43883,0.03401,0.01881,0.00321,0.00276,0.00412,0.00038,0.00346,0.00811,0.00898,0.04065,0.03199,0.00866,0.00627,0.00506,0.16373,0.78703,0.24827,164.44185,29.2321375,28.0,0.11378,0.10302,0.01079,0.01033,0.11842,0.10722,0.96083,113.0,5.0,627.3584374999999,627.3584374999999,0.25194,0.09021,0.00962,0.02427,0.14892,0.03224,0.00314,0.00708,0.43258,0.23354,0.3084,0.29876,0.23354,0.29876,0.04073,0.03205,0.00867,0.24874,113.0,1.13,0.95,0.98,0.81,1.1,1.04,1.065,0.975,0.99,0.905,1.05,1.02,0.38974,0.61026,R,0.22206,0.26292,0.08805,0.08455,0.01324,0.0073,0.02397,0.02203,0.14777,0.15591,0.04678,0.02349,0.00437,0.0029,0.00769,0.0067,0.44608,0.4342
607208,Trea Turner,PHI,34,700.0,3277.0,1139,,projected,unmodeled,,700.0,2026.0,0.19475,0.06491,0.00742,0.00404,0.02273,0.00482,0.039,0.17656,0.48576,0.01811,0.00959,0.00148,0.00109,0.00315,0.00055,0.00292,0.00604,0.00682,0.04861,0.03934,0.00927,0.00419,0.00357,0.19531,0.80936,0.24889,504.2765143749999,95.413721875,29.9,0.14345,0.10522,0.00757,0.00662,0.13688,0.1004,1.04798,143.0,2.0,2062.5405549999996,2062.5405549999996,0.19865,0.06329,0.00742,0.02433,0.17833,0.03861,0.00492,0.00404,0.48042,0.26607,0.31689,0.31591,0.26607,0.31591,0.04864,0.03937,0.00927,0.24903,143.0,1.14,1.02,0.98,1.04,0.95,1.04,1.07,1.01,0.99,1.02,0.975,1.02,0.31761,0.68239,R,0.17943,0.20189,0.07878,0.05846,0.00933,0.00652,0.02258,0.02281,0.1671,0.18096,0.03728,0.03981,0.00406,0.00518,0.00396,0.00407,0.49749,0.4803
676632,Bligh Madris,DET,31,75.0,228.0,300,,floor,floor,1.0,0.0,,0.24036,0.08635,0.00291,0.00504,0.0226,0.00439,0.05829,0.11837,0.4617,0.0618,0.03458,0.00306,0.00403,0.00516,0.00066,0.00619,0.00905,0.0122,0.01693,0.01319,0.00374,0.00653,0.00511,0.08156,0.77889,0.20762,25.698060624999997,1.3311159375,27.1,0.11374,0.09354,0.01789,0.01641,0.1133,0.09318,1.00391,116.0,6.0,116.29531593749999,116.29531593749999,0.23795,0.08591,0.00291,0.02271,0.11778,0.05654,0.00549,0.00504,0.46567,0.22349,0.29134,0.27857,0.22349,0.27857,0.01685,0.01313,0.00373,0.2066,116.0,1.01,0.99,0.94,1.5,0.99,0.98,1.005,0.995,0.97,1.25,0.995,0.99,0.19636,0.80364,L,0.24418,0.23942,0.07743,0.08852,0.00347,0.00277,0.02566,0.02185,0.12012,0.11794,0.06067,0.05771,0.00495,0.00425,0.00498,0.00506,0.45854,0.46248
691858,Jared Serna,MIA,25,32.0,32.0,150,,projected,unmodeled,,32.0,2026.0,0.22875,0.08661,0.00799,0.01387,0.02255,0.00279,0.04605,0.13855,0.45286,0.07921,0.04515,0.00838,0.011,0.00798,0.0007,0.00846,0.01451,0.01767,0.02231,0.0174,0.00492,0.00924,0.00723,0.09571,0.77964,0.23315,5.1,0.0,28.7,0.11063,0.11009,0.02033,0.02029,0.11531,0.11475,0.9594,146.0,5.0,27.2,27.2,0.22417,0.08747,0.00799,0.02108,0.13924,0.04674,0.00335,0.01387,0.45609,0.23623,0.30587,0.29333,0.23623,0.29333,0.02246,0.01751,0.00495,0.2347,146.0,0.87,1.01,1.03,1.4,1.02,0.96,0.935,1.005,1.015,1.2,1.01,0.98,0.30172,0.69828,R,0.22875,0.22875,0.08661,0.08661,0.00799,0.00799,0.02255,0.02255,0.13855,0.13855,0.04605,0.04605,0.00279,0.00279,0.01387,0.01387,0.45286,0.45286
592348,Niko Goodrum,LAA,35,33.0,78.0,150,,floor,floor,1.0,0.0,,0.27556,0.07984,0.00566,0.0035,0.02253,0.00166,0.04577,0.12971,0.43577,0.08025,0.04144,0.00595,0.00468,0.00822,0.00041,0.00907,0.0122,0.01598,0.02483,0.01933,0.0055,0.0092,0.00719,0.11536,0.77842,0.21521,5.9032765624999985,1.6719553124999997,26.9,0.09781,0.08726,0.01818,0.01729,0.10749,0.0959,0.90997,108.0,6.0,40.2328640625,40.2328640625,0.28383,0.07944,0.00566,0.02253,0.12971,0.04348,0.00153,0.0035,0.43032,0.21643,0.28235,0.28878,0.21643,0.28878,0.02478,0.01929,0.00549,0.21481,108.0,1.0,1.0,0.9,0.85,0.99,1.06,1.0,1.0,0.95,0.925,0.995,1.03,0.25751,0.74249,S,0.27331,0.27634,0.08298,0.07875,0.00355,0.0064,0.0198,0.02347,0.12719,0.13058,0.04942,0.04451,0.00091,0.00191,0.00216,0.00397,0.44069,0.43407
664770,Nathan Lukes,TOR,32,450.0,1010.0,693,,projected,unmodeled,,450.0,2026.0,0.14956,0.07508,0.00908,0.00968,0.02253,0.00283,0.04054,0.17875,0.51195,0.0257,0.01617,0.00287,0.00296,0.00417,0.00042,0.00423,0.00811,0.00933,0.01213,0.00933,0.00281,0.0035,0.00271,0.04615,0.76863,0.26292,198.20629375,6.649124999999999,27.0,0.11656,0.11239,0.01017,0.01001,0.11921,0.11495,0.97775,141.0,5.0,771.02256875,771.02256875,0.14807,0.07508,0.00908,0.02309,0.17875,0.04135,0.00237,0.00968,0.51252,0.271,0.32973,0.30269,0.271,0.30269,0.01213,0.00933,0.00281,0.26292,141.0,1.05,1.0,1.04,0.68,1.0,0.98,1.025,1.0,1.02,0.84,1.0,0.99,0.17388,0.82612,L,0.20748,0.13737,0.07715,0.07465,0.01825,0.00715,0.01853,0.02337,0.14899,0.18502,0.04429,0.03975,0.00307,0.00278,0.00778,0.01008,0.47447,0.51983
669222,Nick Senzel,CWS,32,267.0,1017.0,328,,floor,floor,1.0,0.0,,0.21219,0.0844,0.0072,0.00324,0.02248,0.00149,0.03982,0.14527,0.48392,0.03485,0.02017,0.00255,0.00171,0.00523,0.0002,0.00553,0.0099,0.01176,0.02435,0.01871,0.00564,0.00552,0.0043,0.1028,0.76847,0.23687,119.85724093749998,12.400719062499999,27.3,0.11486,0.08958,0.01126,0.0101,0.12589,0.09819,0.91233,145.0,2.0,522.5896687499999,522.5896687499999,0.21007,0.08566,0.0072,0.02225,0.14455,0.03882,0.00126,0.00324,0.48696,0.22887,0.29974,0.27491,0.22887,0.27491,0.0244,0.01875,0.00565,0.23741,145.0,0.98,0.99,0.95,0.69,1.03,0.98,0.99,0.995,0.975,0.845,1.015,0.99,0.26981,0.73019,R,0.18256,0.22314,0.07823,0.08668,0.00718,0.0072,0.03053,0.0195,0.16293,0.13875,0.04327,0.03854,0.00176,0.00139,0.00287,0.00337,0.49068,0.48143
682073,David Hensley,MIA,31,58.0,186.0,150,,floor,floor,1.0,0.0,,0.26865,0.09806,0.00336,0.00208,0.02248,0.00172,0.0467,0.12618,0.43077,0.06671,0.0381,0.00354,0.00279,0.00754,0.00037,0.00985,0.01105,0.01518,0.01908,0.0149,0.00418,0.00736,0.00577,0.08385,0.78089,0.22761,23.488745937499996,1.1361312499999998,27.6,0.12281,0.09239,0.01851,0.01635,0.12801,0.0963,0.9594,146.0,2.0,99.77381812499999,99.77381812499999,0.26328,0.09904,0.00336,0.02102,0.12682,0.0474,0.00206,0.00208,0.43495,0.22031,0.2997,0.2884,0.22031,0.2884,0.01922,0.01501,0.00421,0.22922,146.0,0.87,1.01,1.03,1.4,1.02,0.96,0.935,1.005,1.015,1.2,1.01,0.98,0.36047,0.63953,R,0.24808,0.28024,0.09829,0.09793,0.0032,0.00346,0.02352,0.02189,0.12998,0.12404,0.04886,0.04549,0.00167,0.00174,0.00201,0.00212,0.44439,0.42309
666185,Dylan Carlson,CHC,28,4.0,1253.0,482,,projected,unmodeled,,241.0,2025.0,0.22326,0.08949,0.01643,0.00867,0.02245,0.00233,0.0325,0.1339,0.47098,0.03152,0.01839,0.00348,0.00254,0.00432,0.00036,0.00342,0.008,0.0094,0.01842,0.01425,0.00417,0.00439,0.00343,0.07683,0.77358,0.23981,162.04916375,10.849330937499998,27.6,0.09936,0.09944,0.01009,0.01009,0.09861,0.0987,1.00754,110.0,7.0,686.5054112499998,686.5054112499998,0.22326,0.08725,0.01643,0.02346,0.13524,0.03233,0.00242,0.00867,0.47094,0.21794,0.29713,0.26523,0.21794,0.26523,0.01835,0.0142,0.00416,0.23892,110.0,1.09,1.02,0.99,1.08,0.95,1.0,1.045,1.01,0.995,1.04,0.975,1.0,0.34225,0.65775,S,0.22102,0.22443,0.09029,0.08908,0.01427,0.01755,0.02227,0.02255,0.15001,0.12551,0.03537,0.031,0.00176,0.00262,0.00793,0.00905,0.45708,0.47821
660758,Sandro Fabian,TEX,29,5.0,5.0,150,,floor,floor,1.0,0.0,,0.21632,0.08214,0.01053,0.00651,0.02238,0.00261,0.04686,0.1448,0.46785,0.08626,0.04897,0.01101,0.00867,0.00813,0.00055,0.00873,0.01446,0.01764,0.0,0.0,0.0,3e-05,3e-05,0.0,0.7835,0.23747,0.0,0.0,,0.11514,0.10932,,,0.11598,0.11011,,,,,,0.21632,0.08214,0.01053,0.02238,0.1448,0.04686,0.00261,0.00651,0.46785,0.24051,0.30932,0.29341,0.24051,0.29341,0.0,0.0,0.0,0.23747,,1.0,1.0,1.0,1.0,1.0,1.0,1.0,1.0,1.0,1.0,1.0,1.0,0.27805,0.72195,R,0.21632,0.21632,0.08214,0.08214,0.01053,0.01053,0.02238,0.02238,0.1448,0.1448,0.04686,0.04686,0.00261,0.00261,0.00651,0.00651,0.46785,0.46785
672275,Patrick Bailey,CLE,28,345.0,1598.0,746,,projected,unmodeled,,452.0,2025.0,0.26306,0.07535,0.00471,0.01046,0.02237,0.00135,0.03129,0.14544,0.44597,0.02727,0.01392,0.00167,0.00248,0.00345,0.00014,0.003,0.00651,0.00745,0.00674,0.0053,0.00144,0.00226,0.00179,0.0299,0.78632,0.2255,237.93646249999998,6.25100625,25.3,0.09713,0.11283,0.008,0.00854,0.10345,0.12016,0.93896,114.0,5.0,1079.21620625,1079.21620625,0.26963,0.07535,0.00471,0.02158,0.14544,0.03192,0.00109,0.01046,0.43981,0.21995,0.28009,0.28864,0.21995,0.28864,0.00674,0.0053,0.00144,0.2255,114.0,0.93,1.0,1.04,0.62,1.0,1.05,0.965,1.0,1.02,0.81,1.0,1.025,0.22699,0.77301,S,0.2807,0.25788,0.08039,0.07387,0.00405,0.0049,0.02178,0.02254,0.14388,0.1459,0.03015,0.03162,0.0016,0.00128,0.00996,0.01061,0.42749,0.4514
595978,Austin Hedges,CLE,34,247.0,1123.0,450,,projected,unmodeled,,247.0,2026.0,0.22961,0.08002,0.01155,0.01043,0.02227,0.00045,0.03748,0.12879,0.47939,0.03182,0.01748,0.00308,0.00293,0.00458,8e-05,0.00458,0.00783,0.00975,0.00997,0.00773,0.00224,0.00327,0.00255,0.04524,0.77547,0.22037,145.87321749999995,6.505166875,24.5,0.0864,0.08753,0.0091,0.00915,0.09201,0.09322,0.93896,114.0,7.0,690.299970625,690.299970625,0.23535,0.08002,0.01155,0.02149,0.12879,0.03823,0.00037,0.01043,0.47376,0.21033,0.28045,0.26107,0.21033,0.26107,0.00997,0.00773,0.00224,0.22037,114.0,0.93,1.0,1.04,0.62,1.0,1.05,0.965,1.0,1.02,0.81,1.0,1.025,0.43467,0.56533,R,0.21241,0.24284,0.09419,0.06912,0.0099,0.01282,0.02291,0.02178,0.12931,0.12839,0.0422,0.03384,0.00048,0.00043,0.01115,0.00989,0.47745,0.48088
607054,Jace Peterson,ARI,37,26.0,784.0,150,,floor,floor,1.0,0.0,,0.23956,0.10183,0.00798,0.00874,0.02219,0.0032,0.04181,0.13069,0.44399,0.04118,0.02484,0.00303,0.00317,0.00655,0.0006,0.00661,0.01039,0.01376,0.03287,0.0259,0.00698,0.00686,0.00548,0.13669,0.78774,0.2405,94.92990718749999,14.642275312499997,27.5,0.11648,0.10762,0.01404,0.01356,0.10512,0.09712,1.10811,109.0,6.0,385.96527999999995,385.96527999999995,0.22758,0.10132,0.00798,0.02142,0.13265,0.0439,0.00491,0.00874,0.45149,0.23003,0.31218,0.28669,0.23003,0.28669,0.03307,0.02605,0.00702,0.24195,109.0,0.93,1.03,1.1,2.07,0.99,0.9,0.965,1.015,1.05,1.535,0.995,0.95,0.23894,0.76106,L,0.23815,0.24,0.0878,0.10623,0.00884,0.00771,0.02206,0.02224,0.13972,0.12785,0.04729,0.04009,0.00266,0.00337,0.00824,0.0089,0.44524,0.4436
676116,Ryan Noda,BAL,31,59.0,665.0,300,,projected,unmodeled,,59.0,2025.0,0.32359,0.13898,0.01597,0.00343,0.02219,0.00203,0.04002,0.09411,0.3597,0.04594,0.02892,0.00459,0.00214,0.00465,0.00032,0.00482,0.00704,0.00933,0.0114,0.00889,0.00251,0.00427,0.00335,0.04576,0.78012,0.24905,98.56525624999998,2.8105249999999993,25.9,0.12991,0.11135,0.01415,0.01324,0.12894,0.11052,1.00754,110.0,2.0,369.1884687499999,369.1884687499999,0.32359,0.1355,0.01597,0.02319,0.09505,0.03982,0.00211,0.00343,0.36136,0.18952,0.31163,0.27487,0.18952,0.27487,0.01128,0.0088,0.00248,0.24652,110.0,1.09,1.02,0.99,1.08,0.95,1.0,1.045,1.01,0.995,1.04,0.975,1.0,0.2027,0.7973,L,0.28341,0.3338,0.11063,0.14618,0.01702,0.0157,0.02795,0.02072,0.10476,0.0914,0.03841,0.04042,0.00222,0.00198,0.00372,0.00335,0.41187,0.34644
690993,Colt Keith,DET,25,423.0,1447.0,916,,projected,unmodeled,,468.0,2025.0,0.20625,0.08116,0.00648,0.0056,0.02206,0.00926,0.04028,0.16173,0.46717,0.0255,0.01465,0.00205,0.00191,0.00332,0.00099,0.00309,0.00667,0.00766,0.01448,0.01137,0.00311,0.00331,0.00263,0.05805,0.78526,0.24937,259.505,11.457999999999998,28.1,0.11859,0.09993,0.0092,0.00854,0.11813,0.09954,1.00391,116.0,6.0,1039.1335,1039.1335,0.20419,0.08076,0.00648,0.02217,0.16092,0.03907,0.01158,0.0056,0.46923,0.25766,0.32098,0.31077,0.25766,0.31077,0.0144,0.01131,0.00309,0.24816,116.0,1.01,0.99,0.94,1.5,0.99,0.98,1.005,0.995,0.97,1.25,0.995,0.99,0.12811,0.87189,L,0.23571,0.20192,0.07033,0.08275,0.00815,0.00624,0.01722,0.02277,0.16509,0.16124,0.0357,0.04095,0.00464,0.00994,0.00474,0.00573,0.45842,0.46846
647351,Abraham Toro,BOS,30,284.0,1021.0,653,,projected,unmodeled,,284.0,2025.0,0.17556,0.05988,0.01353,0.00868,0.02189,0.00366,0.0408,0.16171,0.5143,0.03068,0.01629,0.00348,0.00279,0.00403,0.0004,0.00389,0.00797,0.0092,0.01686,0.01311,0.00375,0.00463,0.00363,0.07171,0.77739,0.23512,121.77556874999999,6.739660624999999,27.9,0.11061,0.09644,0.01136,0.01069,0.10783,0.09401,1.02577,111.0,6.0,584.91577,584.91577,0.17293,0.05928,0.01353,0.02046,0.16576,0.04487,0.00346,0.00868,0.51104,0.25536,0.30736,0.29524,0.25536,0.29524,0.01711,0.0133,0.00381,0.23857,111.0,0.87,1.05,1.2,0.89,0.98,0.97,0.935,1.025,1.1,0.945,0.99,0.985,0.25,0.75,S,0.16382,0.17947,0.05931,0.06007,0.01305,0.01369,0.01713,0.02347,0.17593,0.15698,0.04358,0.03987,0.0049,0.00324,0.01047,0.00808,0.51182,0.51513
669304,Jose F Miranda,MIN,29,36.0,1100.0,638,,projected,unmodeled,,36.0,2025.0,0.18317,0.05364,0.01517,0.00471,0.02184,0.00124,0.0545,0.15463,0.51111,0.03148,0.01561,0.00356,0.00199,0.00374,0.00014,0.00501,0.00804,0.0095,0.00641,0.00497,0.00144,0.00276,0.00215,0.0287,0.77504,0.22344,132.3223528125,3.3439106249999995,23.8,0.09826,0.11619,0.01063,0.01145,0.09831,0.11625,0.99946,142.0,6.0,583.1242409375,583.1242409375,0.18042,0.0531,0.01517,0.02119,0.15695,0.05832,0.00121,0.00471,0.50894,0.25637,0.30593,0.29842,0.25637,0.29842,0.00646,0.00501,0.00145,0.22522,142.0,0.94,1.03,1.14,0.95,0.98,0.97,0.97,1.015,1.07,0.975,0.99,0.985,0.31128,0.68872,R,0.19987,0.17562,0.05191,0.05442,0.00922,0.01785,0.02597,0.01998,0.14924,0.15707,0.04603,0.05833,0.00082,0.00142,0.00627,0.004,0.51067,0.5113
624414,Christian Arroyo,BOS,32,206.0,506.0,150,,floor,floor,1.0,0.0,,0.19824,0.05251,0.00835,0.00777,0.02179,0.00402,0.04168,0.16469,0.50095,0.04594,0.02188,0.00376,0.00362,0.00778,0.00098,0.00822,0.01544,0.01803,0.0213,0.01651,0.00479,0.00656,0.00512,0.09444,0.77494,0.22556,51.18271281249999,4.750256875,,0.11324,0.11601,0.01531,0.01548,0.11039,0.11309,1.02577,111.0,5.0,240.64488124999997,240.64488124999997,0.19526,0.05199,0.00835,0.02038,0.16881,0.04584,0.0038,0.00777,0.4978,0.25628,0.29917,0.30499,0.25628,0.30499,0.02164,0.01677,0.00487,0.22915,111.0,0.87,1.05,1.2,0.89,0.98,0.97,0.935,1.025,1.1,0.945,0.99,0.985,0.26,0.74,R,0.23548,0.18515,0.05658,0.05109,0.00807,0.00845,0.02516,0.02061,0.15862,0.16682,0.03709,0.04329,0.00513,0.00363,0.00844,0.00753,0.46542,0.51343
680700,Richie Palacios,TB,30,399.0,988.0,504,,projected,unmodeled,,399.0,2026.0,0.18352,0.11079,0.01114,0.00614,0.02177,0.00293,0.03636,0.15596,0.4714,0.02956,0.0204,0.00321,0.00239,0.00457,0.00036,0.00436,0.00905,0.01031,0.05004,0.03937,0.01067,0.007,0.00567,0.18007,0.7868,0.27788,182.381153125,37.503923125,26.6,0.12597,0.11059,0.01095,0.01036,0.13123,0.11521,0.95991,139.0,3.0,675.7138909374999,675.7138909374999,0.18628,0.10525,0.01114,0.02231,0.15362,0.03581,0.00299,0.00614,0.47647,0.24471,0.33112,0.28767,0.24471,0.28767,0.04862,0.03825,0.01037,0.27,139.0,1.05,0.97,0.97,1.04,0.9,1.03,1.025,0.985,0.985,1.02,0.95,1.015,0.17238,0.82762,L,0.20508,0.17903,0.08792,0.11555,0.01097,0.01117,0.02029,0.02208,0.1593,0.15526,0.03695,0.03624,0.00401,0.0027,0.00564,0.00624,0.46982,0.47173
691785,Marcelo Mayer,SF,24,245.0,381.0,452,,projected,unmodeled,,245.0,2026.0,0.23436,0.07268,0.00845,0.00988,0.02172,0.00307,0.04698,0.13338,0.46948,0.04469,0.02331,0.00426,0.0046,0.00458,0.00042,0.00487,0.00815,0.00984,0.01699,0.0132,0.00379,0.00544,0.00426,0.07921,0.77687,0.21451,63.239999999999995,3.9949999999999997,27.3,0.10253,0.0934,0.01314,0.0126,0.10736,0.09779,0.95503,137.0,6.0,306.51,306.51,0.22967,0.07087,0.00845,0.01944,0.13471,0.04792,0.00371,0.00988,0.47535,0.22594,0.28511,0.28162,0.22594,0.28162,0.01695,0.01317,0.00378,0.21403,137.0,0.79,1.02,1.04,1.42,0.95,0.96,0.895,1.01,1.02,1.21,0.975,0.98,0.18072,0.81928,L,0.2351,0.23419,0.06991,0.0733,0.00779,0.00859,0.02941,0.02003,0.14033,0.13185,0.04568,0.04727,0.00509,0.00262,0.01014,0.00982,0.45655,0.47233
669208,Ryan Bliss,SEA,27,10.0,120.0,450,,projected,unmodeled,,39.0,2025.0,0.25685,0.08474,0.00948,0.00777,0.02162,0.00251,0.02992,0.15059,0.43653,0.06921,0.03756,0.00683,0.00619,0.0047,0.00041,0.0038,0.00848,0.0095,0.04913,0.03793,0.0112,0.01215,0.00949,0.20067,0.7721,0.24481,15.100249999999999,7.802999999999999,28.4,0.11018,0.10918,0.01871,0.01864,0.11316,0.11214,0.97362,136.0,5.0,71.78037499999999,71.78037499999999,0.2774,0.08304,0.00948,0.0214,0.14381,0.02768,0.00176,0.00777,0.42767,0.21635,0.28717,0.28831,0.21635,0.28831,0.04743,0.03662,0.01081,0.23633,136.0,0.98,0.91,0.85,0.4,0.96,1.16,0.99,0.955,0.925,0.7,0.98,1.08,0.325,0.675,R,0.26939,0.25081,0.08931,0.08254,0.00855,0.00992,0.02327,0.02082,0.15026,0.15075,0.0307,0.02955,0.00306,0.00224,0.00788,0.00771,0.41758,0.44565
682653,Warming Bernabel,COL,25,146.0,146.0,150,,projected,unmodeled,,146.0,2025.0,0.19641,0.06581,0.00396,0.00245,0.02154,0.00434,0.04322,0.16792,0.49436,0.05895,0.03132,0.00417,0.00328,0.00835,0.00138,0.00888,0.01667,0.01906,0.0226,0.01758,0.00503,0.00828,0.00647,0.09509,0.77763,0.2377,20.952499999999997,1.4449999999999998,28.4,0.11357,0.1078,0.01759,0.01719,0.1201,0.114,0.9456,115.0,5.0,105.48499999999999,105.48499999999999,0.18659,0.0645,0.00396,0.0224,0.18052,0.04819,0.00681,0.00245,0.4846,0.27759,0.32637,0.32705,0.27759,0.32705,0.02368,0.01841,0.00526,0.24897,115.0,1.08,1.15,1.23,2.14,0.96,0.9,1.04,1.075,1.115,1.57,0.98,0.95,0.2341,0.7659,R,0.18613,0.19955,0.0645,0.06621,0.0044,0.00383,0.02182,0.02145,0.18267,0.16342,0.03796,0.04482,0.00361,0.00456,0.00268,0.00238,0.49623,0.49379
679845,Nick Loftin,KC,28,426.0,853.0,450,,projected,unmodeled,,426.0,2026.0,0.16908,0.09099,0.01275,0.01024,0.02143,0.00383,0.04915,0.14211,0.50042,0.02934,0.01916,0.00367,0.00329,0.00451,0.00049,0.0054,0.00864,0.01045,0.01639,0.01278,0.00361,0.00437,0.00344,0.06665,0.77987,0.24584,147.20799374999999,7.353137499999999,28.0,0.10222,0.10622,0.01021,0.01039,0.10669,0.11086,0.95808,118.0,6.0,638.4418,638.4418,0.15978,0.09099,0.01275,0.02025,0.14353,0.05358,0.00508,0.01024,0.50381,0.25104,0.32617,0.28638,0.25104,0.28638,0.01648,0.01285,0.00363,0.24727,118.0,0.89,1.02,1.18,1.65,1.0,0.89,0.945,1.01,1.09,1.325,1.0,0.945,0.34518,0.65482,R,0.17325,0.16689,0.09307,0.08989,0.01717,0.01042,0.02203,0.0211,0.1577,0.13389,0.04585,0.0509,0.00414,0.00367,0.01269,0.00895,0.4741,0.5143
663697,Jonathan India,KC,30,58.0,2222.0,969,,projected,unmodeled,,567.0,2025.0,0.20127,0.1018,0.02645,0.00719,0.02136,0.00286,0.04496,0.13329,0.46082,0.02265,0.01454,0.00334,0.00176,0.00313,0.00024,0.00343,0.00574,0.00683,0.01937,0.01495,0.00442,0.00342,0.00269,0.07406,0.77183,0.26155,351.98081906249996,23.559912187499997,27.7,0.12333,0.09591,0.00824,0.00738,0.12873,0.1001,0.95808,118.0,2.0,1317.5334209374998,1317.5334209374998,0.1902,0.1018,0.02645,0.02019,0.13462,0.049,0.00379,0.00719,0.46675,0.24013,0.33586,0.2865,0.24013,0.2865,0.01947,0.01503,0.00444,0.26288,118.0,0.89,1.02,1.18,1.65,1.0,0.89,0.945,1.01,1.09,1.325,1.0,0.945,0.24692,0.75308,R,0.2172,0.19605,0.11214,0.09842,0.02446,0.02711,0.0193,0.02204,0.13528,0.13264,0.04236,0.04581,0.00426,0.0024,0.00829,0.00683,0.43673,0.46871
674441,Jacob Hurtubise,CIN,29,15.0,83.0,450,,floor,floor,1.0,15.0,2025.0,0.24696,0.08436,0.03617,0.00953,0.02133,0.00471,0.03094,0.13575,0.43025,0.07425,0.04074,0.01458,0.00759,0.00457,0.00111,0.00356,0.00778,0.00928,0.02546,0.01988,0.00558,0.00986,0.00774,0.09933,0.78099,0.25628,10.440124999999998,1.2282499999999998,26.9,0.11123,0.09984,0.01977,0.01886,0.11576,0.10391,0.96083,113.0,5.0,41.76049999999999,41.76049999999999,0.2519,0.08858,0.03617,0.02272,0.13236,0.03063,0.00426,0.00953,0.42385,0.21944,0.31472,0.28295,0.21944,0.28295,0.02554,0.01994,0.00559,0.25711,113.0,1.13,0.95,0.98,0.81,1.1,1.04,1.065,0.975,0.99,0.905,1.05,1.02,0.21908,0.78092,L,0.25974,0.24338,0.08157,0.08515,0.07014,0.02663,0.01811,0.02224,0.13401,0.13624,0.02526,0.03254,0.0048,0.00468,0.01112,0.00908,0.39526,0.44006
620443,Luis Torrens,NYM,31,281.0,890.0,509,,projected,unmodeled,,283.0,2025.0,0.22034,0.06859,0.01123,0.00469,0.02122,0.00188,0.04395,0.15315,0.47494,0.03303,0.01715,0.00338,0.00219,0.00358,0.0002,0.00455,0.00801,0.00931,0.00849,0.00661,0.00188,0.00324,0.00253,0.03645,0.77899,0.23298,131.849035625,2.186625,26.6,0.10654,0.1213,0.011,0.01164,0.10357,0.11792,1.02866,121.0,5.0,612.4690193749999,612.4690193749999,0.22364,0.07099,0.01123,0.02133,0.15009,0.04241,0.00168,0.00469,0.47393,0.23603,0.29774,0.29065,0.23603,0.29065,0.00847,0.0066,0.00187,0.23231,121.0,1.01,0.96,0.93,0.79,1.07,1.03,1.005,0.98,0.965,0.895,1.035,1.015,0.28635,0.71365,R,0.22229,0.21956,0.07275,0.06692,0.01083,0.01139,0.02455,0.01989,0.14824,0.15513,0.04423,0.04384,0.00274,0.00153,0.00548,0.00438,0.46889,0.47737
657041,Lane Thomas,ATL,31,374.0,2274.0,671,,projected,unmodeled,,374.0,2026.0,0.25466,0.0831,0.011,0.00916,0.02116,0.00328,0.04237,0.12769,0.44758,0.02439,0.01315,0.00215,0.00196,0.00368,0.00032,0.00376,0.00664,0.00813,0.04365,0.03354,0.01011,0.00471,0.0038,0.19681,0.76836,0.22179,300.18493749999993,60.436869999999985,29.1,0.12416,0.11608,0.00843,0.00819,0.12328,0.11526,1.00717,144.0,3.0,1343.91177375,1343.91177375,0.25721,0.08185,0.011,0.02116,0.13088,0.04131,0.003,0.00916,0.44443,0.21866,0.28921,0.28274,0.21866,0.28274,0.04403,0.03383,0.0102,0.22374,144.0,1.0,1.05,0.95,0.83,0.97,1.02,1.0,1.025,0.975,0.915,0.985,1.01,0.32878,0.67122,R,0.2104,0.27635,0.09818,0.07571,0.00669,0.01311,0.02272,0.0204,0.14204,0.12066,0.04814,0.03954,0.00346,0.00319,0.00817,0.00964,0.46019,0.4414
657193,Eddy Alvarez,NYM,37,11.0,38.0,150,,floor,floor,1.0,0.0,,0.23176,0.07648,0.01606,0.01316,0.02113,0.00269,0.03678,0.1484,0.45355,0.08237,0.04416,0.01152,0.01045,0.00752,0.00086,0.00746,0.01444,0.01662,0.02443,0.01906,0.00537,0.01011,0.00792,0.10138,0.78013,0.24094,1.7748212499999998,0.44370531249999995,,0.12887,0.12746,0.02479,0.02467,0.11309,0.11185,1.13954,119.0,5.0,11.9800434375,11.9800434375,0.23408,0.07724,0.01606,0.02356,0.14395,0.03586,0.0022,0.01316,0.45389,0.23007,0.29887,0.28623,0.23007,0.28623,0.02405,0.01876,0.00529,0.23725,119.0,1.23,0.94,0.95,0.64,1.02,1.02,1.115,0.97,0.975,0.82,1.01,1.01,0.25592,0.74408,L,0.23099,0.23203,0.07469,0.07709,0.02111,0.01432,0.0164,0.02275,0.15293,0.14684,0.03382,0.0378,0.00214,0.00287,0.01882,0.01122,0.44911,0.45507
681082,Bryson Stott,PHI,29,608.0,2845.0,1050,,projected,unmodeled,,608.0,2026.0,0.16825,0.08838,0.00543,0.00874,0.02099,0.00701,0.04046,0.15239,0.50836,0.01819,0.01175,0.00136,0.00172,0.00296,0.00076,0.00312,0.00605,0.00715,0.04801,0.03927,0.00874,0.00434,0.00372,0.195,0.81785,0.2462,454.22876937499996,90.2443725,28.3,0.1185,0.10784,0.0074,0.0071,0.11307,0.1029,1.04798,143.0,6.0,1812.9160506249998,1812.9160506249998,0.17161,0.08617,0.00543,0.02246,0.15391,0.04005,0.00715,0.00874,0.50448,0.24851,0.31517,0.28503,0.24851,0.28503,0.04788,0.03916,0.00872,0.24551,143.0,1.14,1.02,0.98,1.04,0.95,1.04,1.07,1.01,0.99,1.02,0.975,1.02,0.23156,0.76844,L,0.18832,0.1622,0.09174,0.08737,0.00738,0.00485,0.01696,0.0222,0.15651,0.15114,0.03888,0.04093,0.00448,0.00777,0.00768,0.00905,0.48806,0.51448
676391,Ernie Clement,TOR,31,621.0,1892.0,1208,,projected,unmodeled,,621.0,2026.0,0.10751,0.04095,0.00603,0.00839,0.02096,0.00247,0.05213,0.18434,0.57722,0.01738,0.00947,0.00174,0.00205,0.00294,0.00018,0.00397,0.00683,0.00782,0.02122,0.01642,0.00479,0.0036,0.00285,0.09172,0.77406,0.23132,294.83811343749994,24.9250865625,28.1,0.11459,0.09075,0.00802,0.00724,0.1172,0.09282,0.97775,141.0,6.0,1336.8320759375,1336.8320759375,0.10643,0.04095,0.00603,0.02148,0.18434,0.05318,0.00208,0.00839,0.57712,0.27638,0.30805,0.29336,0.27638,0.29336,0.02122,0.01642,0.00479,0.23132,141.0,1.05,1.0,1.04,0.68,1.0,0.98,1.025,1.0,1.02,0.84,1.0,0.99,0.31435,0.68565,R,0.11322,0.10489,0.04218,0.04038,0.00629,0.00591,0.02595,0.01867,0.1726,0.18972,0.05536,0.05065,0.00358,0.00196,0.00775,0.00869,0.57305,0.57913
663897,Luke Williams,ATL,30,1.0,242.0,300,,projected,unmodeled,,34.0,2025.0,0.26343,0.07244,0.00899,0.00482,0.02093,0.00325,0.03706,0.14266,0.44641,0.0621,0.03111,0.00525,0.00385,0.00566,0.00071,0.00544,0.00998,0.01188,0.0529,0.04147,0.01143,0.01107,0.00881,0.23607,0.78385,0.22409,23.843944999999998,12.110454687499999,28.4,0.13734,0.10125,0.01942,0.01701,0.13636,0.10052,1.00717,144.0,2.0,116.84342249999999,116.84342249999999,0.26606,0.07136,0.00899,0.02093,0.14623,0.03614,0.00298,0.00482,0.4425,0.22547,0.28662,0.29521,0.22547,0.29521,0.05349,0.04193,0.01156,0.22657,144.0,1.0,1.05,0.95,0.83,0.97,1.02,1.0,1.025,0.975,0.915,0.985,1.01,0.28223,0.71777,R,0.26538,0.26266,0.06969,0.07352,0.00854,0.00917,0.0226,0.02027,0.14712,0.14091,0.03992,0.03594,0.00296,0.00337,0.0044,0.00499,0.43938,0.44917
668472,Nick Pratto,KC,28,345.0,527.0,300,,floor,floor,1.0,0.0,,0.34258,0.08878,0.01301,0.01244,0.02086,0.0016,0.03118,0.11829,0.37126,0.05314,0.02711,0.0046,0.0045,0.00474,0.00026,0.00447,0.00811,0.0098,0.01197,0.00932,0.00266,0.00481,0.00376,0.0544,0.77819,0.22008,57.52508874999999,1.0440124999999998,,0.1067,0.10904,0.01404,0.01417,0.11137,0.11381,0.95808,118.0,5.0,260.846523125,260.846523125,0.32374,0.08878,0.01301,0.01972,0.11948,0.03399,0.00212,0.01244,0.38674,0.1979,0.27708,0.28687,0.1979,0.28687,0.01204,0.00937,0.00267,0.22126,118.0,0.89,1.02,1.18,1.65,1.0,0.89,0.945,1.01,1.09,1.325,1.0,0.945,0.26,0.74,L,0.30621,0.35536,0.09187,0.08769,0.01106,0.01369,0.02262,0.02025,0.11708,0.11872,0.03325,0.03045,0.00158,0.0016,0.01131,0.01284,0.40501,0.35941
694384,Nolan Schanuel,LAA,25,446.0,1749.0,1027,,projected,unmodeled,,564.0,2025.0,0.14761,0.10464,0.0158,0.00905,0.0207,0.00142,0.03179,0.16871,0.50028,0.0207,0.01521,0.00291,0.00221,0.00321,0.00014,0.00276,0.00648,0.00731,0.01059,0.00829,0.0023,0.00269,0.00213,0.03662,0.78261,0.28915,358.04518125,12.790374999999997,25.7,0.10597,0.09564,0.00772,0.00738,0.11646,0.1051,0.90997,108.0,5.0,1228.2686999999999,1228.2686999999999,0.15204,0.10412,0.0158,0.0207,0.16871,0.0302,0.00131,0.00905,0.49807,0.25363,0.34084,0.28674,0.25363,0.28674,0.01057,0.00827,0.0023,0.28863,108.0,1.0,1.0,0.9,0.85,0.99,1.06,1.0,1.0,0.95,0.925,0.995,1.03,0.24051,0.75949,L,0.16772,0.14124,0.0962,0.10732,0.01738,0.0153,0.02113,0.02056,0.15976,0.17154,0.0292,0.03261,0.0017,0.00133,0.01149,0.00828,0.49542,0.50182
666134,Nolan Jones,CLE,29,403.0,1218.0,424,,projected,unmodeled,,403.0,2025.0,0.2861,0.10754,0.00762,0.00582,0.02061,0.00357,0.0396,0.12935,0.3998,0.03323,0.01939,0.00241,0.00211,0.0042,0.00045,0.00432,0.00801,0.00929,0.03204,0.02484,0.0072,0.00532,0.00422,0.13105,0.7753,0.24451,190.58701062499995,26.002774999999993,27.6,0.10624,0.10766,0.00972,0.00978,0.11315,0.11466,0.93896,114.0,5.0,736.6015743749999,736.6015743749999,0.29325,0.10754,0.00762,0.01988,0.12935,0.04039,0.00289,0.00582,0.39325,0.21901,0.30768,0.30506,0.21901,0.30506,0.03204,0.02484,0.0072,0.24451,114.0,0.93,1.0,1.04,0.62,1.0,1.05,0.965,1.0,1.02,0.81,1.0,1.025,0.25444,0.74556,L,0.29808,0.28201,0.08556,0.11504,0.00922,0.00708,0.0214,0.02033,0.14535,0.12388,0.03136,0.04241,0.00191,0.00413,0.0039,0.00647,0.40321,0.39863
676480,José Barrero,BAL,29,6.0,360.0,300,,projected,unmodeled,,31.0,2025.0,0.31166,0.07438,0.00431,0.00353,0.02057,0.00211,0.04022,0.12719,0.41602,0.05862,0.02827,0.00312,0.00282,0.00524,0.00041,0.00493,0.00935,0.01093,0.02375,0.01847,0.00528,0.0072,0.00564,0.11537,0.77757,0.20589,33.5056665625,4.8285578125,,0.1032,0.09763,0.01537,0.01499,0.10675,0.10099,0.96671,138.0,6.0,177.381155625,177.381155625,0.29764,0.07215,0.00431,0.0181,0.13165,0.04163,0.00179,0.00353,0.42921,0.20996,0.26963,0.28971,0.20996,0.28971,0.02401,0.01867,0.00534,0.20811,138.0,0.76,1.07,1.07,0.7,0.94,0.91,0.88,1.035,1.035,0.85,0.97,0.955,0.27848,0.72152,R,0.27024,0.32765,0.08211,0.0714,0.00465,0.00418,0.02502,0.01886,0.133,0.12495,0.03507,0.04221,0.00223,0.00206,0.00333,0.00361,0.44436,0.40509
680769,CJ Alexander,OAK,30,17.0,25.0,300,,floor,floor,1.0,17.0,2025.0,0.25529,0.07224,0.00852,0.00527,0.02038,0.00304,0.0374,0.14784,0.45002,0.08567,0.0433,0.00893,0.00703,0.00537,0.00067,0.00519,0.01087,0.01244,0.0,0.0,0.0,3e-05,3e-05,0.0,0.7835,0.2286,0.0,0.0,,0.11514,0.10932,,,0.11598,0.11011,,,,,,0.25529,0.07224,0.00852,0.02038,0.14784,0.0374,0.00304,0.00527,0.45002,0.2283,0.28942,0.29497,0.2283,0.29497,0.0,0.0,0.0,0.2286,,1.0,1.0,1.0,1.0,1.0,1.0,1.0,1.0,1.0,1.0,1.0,1.0,0.23556,0.76444,L,0.25529,0.25529,0.07224,0.07224,0.00852,0.00852,0.02038,0.02038,0.14784,0.14784,0.0374,0.0374,0.00304,0.00304,0.00527,0.00527,0.45002,0.45002
671976,Tristan Peters,CWS,27,491.0,503.0,300,,projected,unmodeled,,491.0,2026.0,0.19743,0.07588,0.0204,0.00438,0.02035,0.00714,0.04743,0.14194,0.48504,0.03692,0.02091,0.00585,0.00273,0.0053,0.00118,0.0065,0.01037,0.01296,0.02311,0.01804,0.00507,0.00577,0.00455,0.09703,0.78047,0.23823,99.45,8.5,28.6,0.10892,0.09923,0.01191,0.01143,0.11939,0.10877,0.91233,145.0,5.0,417.34999999999997,417.34999999999997,0.19546,0.07702,0.0204,0.02015,0.14123,0.04624,0.00603,0.00438,0.48908,0.23787,0.31108,0.28349,0.23787,0.28349,0.02316,0.01807,0.00508,0.23866,145.0,0.98,0.99,0.95,0.69,1.03,0.98,0.99,0.995,0.975,0.845,1.015,0.99,0.17212,0.82788,L,0.21611,0.19355,0.08794,0.07338,0.02131,0.02022,0.0194,0.02055,0.13468,0.14345,0.03642,0.04972,0.00415,0.00776,0.00441,0.00437,0.47557,0.48701
669701,Josh Smith,TOR,29,243.0,1883.0,967,,projected,unmodeled,,563.0,2025.0,0.20405,0.09401,0.02287,0.00538,0.02035,0.00323,0.03438,0.1456,0.47013,0.02368,0.0146,0.00337,0.00165,0.00296,0.0004,0.00292,0.00594,0.00689,0.02389,0.01866,0.00523,0.00396,0.00316,0.09103,0.78099,0.26248,314.079090625,26.699068437499996,27.9,0.11407,0.081,0.00836,0.00718,0.11666,0.08284,0.97775,141.0,6.0,1210.2423940625,1210.2423940625,0.20201,0.09401,0.02287,0.02086,0.1456,0.03507,0.00271,0.00538,0.47149,0.23269,0.32112,0.28003,0.23269,0.28003,0.02389,0.01866,0.00523,0.26248,141.0,1.05,1.0,1.04,0.68,1.0,0.98,1.025,1.0,1.02,0.84,1.0,0.99,0.21715,0.78285,L,0.25884,0.18885,0.07549,0.09915,0.02377,0.02262,0.02018,0.0204,0.1484,0.14482,0.02903,0.03586,0.00238,0.00347,0.00678,0.00499,0.43512,0.47984
663837,Matt Vierling,DET,30,291.0,1845.0,725,,projected,unmodeled,,291.0,2026.0,0.20378,0.07318,0.00774,0.01016,0.0203,0.00478,0.05066,0.14194,0.48747,0.0247,0.0136,0.002,0.00228,0.00313,0.00052,0.00403,0.00677,0.00808,0.02113,0.01625,0.00488,0.00375,0.00294,0.09482,0.76894,0.22286,253.36101937499996,21.988708437499994,28.3,0.11834,0.10197,0.00897,0.0084,0.11788,0.10157,1.00391,116.0,5.0,1102.8749840624998,1102.8749840624998,0.20174,0.07281,0.00774,0.0204,0.14123,0.04914,0.00597,0.01016,0.4908,0.23837,0.2973,0.28574,0.23837,0.28574,0.02103,0.01617,0.00486,0.22178,116.0,1.01,0.99,0.94,1.5,0.99,0.98,1.005,0.995,0.97,1.25,0.995,0.99,0.31606,0.68394,R,0.18183,0.21392,0.0845,0.06795,0.00664,0.00825,0.01786,0.02143,0.15267,0.13699,0.05825,0.04716,0.00453,0.00489,0.01304,0.00883,0.4807,0.4906
676551,Brewer Hicklen,ATL,31,47.0,60.0,300,,projected,unmodeled,,47.0,2026.0,0.2766,0.10826,0.00639,0.00395,0.02025,0.00235,0.04814,0.12119,0.41287,0.07829,0.04629,0.00671,0.00528,0.00543,0.00041,0.00691,0.00953,0.01183,0.02116,0.0165,0.00466,0.00863,0.00675,0.08971,0.77964,0.23585,11.049999999999999,0.0,29.2,0.13052,0.10542,0.02184,0.0199,0.12959,0.10467,1.00717,144.0,2.0,39.949999999999996,39.949999999999996,0.27937,0.10664,0.00639,0.02025,0.12422,0.04693,0.00215,0.00395,0.4101,0.21919,0.30658,0.29706,0.21919,0.29706,0.02128,0.01659,0.00469,0.23725,144.0,1.0,1.05,0.95,0.83,0.97,1.02,1.0,1.025,0.975,0.915,0.985,1.01,0.25781,0.74219,R,0.296,0.26986,0.1128,0.10669,0.00443,0.00707,0.0164,0.02158,0.10859,0.12557,0.04965,0.04761,0.00173,0.00256,0.00269,0.00439,0.40769,0.41467
665506,Cristian Pache,NYM,28,8.0,546.0,300,,floor,floor,1.0,8.0,2026.0,0.28676,0.08013,0.00303,0.00248,0.02018,0.00298,0.03675,0.14311,0.42458,0.04908,0.02508,0.00219,0.00199,0.00547,0.00044,0.00554,0.00998,0.01136,0.02274,0.01758,0.00516,0.00663,0.00517,0.10051,0.77305,0.22627,55.41556937499999,4.998977499999999,28.5,0.09682,0.09798,0.01323,0.0133,0.10092,0.10213,0.9594,146.0,6.0,277.33885,277.33885,0.28102,0.08093,0.00303,0.01887,0.14383,0.0373,0.00358,0.00248,0.42896,0.22284,0.28754,0.30099,0.22284,0.30099,0.02289,0.0177,0.0052,0.22779,146.0,0.87,1.01,1.03,1.4,1.02,0.96,0.935,1.005,1.015,1.2,1.01,0.98,0.4757,0.5243,R,0.25793,0.31291,0.08814,0.07287,0.0027,0.00333,0.0208,0.01962,0.14693,0.13965,0.04467,0.02956,0.00297,0.003,0.00215,0.00278,0.43371,0.41628
650402,Gleyber Torres,DET,30,420.0,2957.0,1138,,projected,unmodeled,,628.0,2025.0,0.18508,0.10944,0.00556,0.00874,0.02014,0.00123,0.03907,0.15545,0.47529,0.01883,0.01289,0.00135,0.00169,0.00269,9e-05,0.00296,0.00579,0.00659,0.01199,0.00921,0.00278,0.00236,0.00185,0.04432,0.76842,0.27045,504.5583212499999,24.4850734375,25.3,0.12375,0.10323,0.00734,0.00678,0.12327,0.10283,1.00391,116.0,2.0,1823.7107637499998,1823.7107637499998,0.18323,0.10889,0.00556,0.02024,0.15467,0.0379,0.00153,0.00874,0.47923,0.24446,0.3288,0.28827,0.24446,0.28827,0.01193,0.00916,0.00276,0.26912,116.0,1.01,0.99,0.94,1.5,0.99,0.98,1.005,0.995,0.97,1.25,0.995,0.99,0.27287,0.72713,R,0.18547,0.18493,0.1351,0.09981,0.00641,0.00525,0.02737,0.01743,0.13061,0.16477,0.04763,0.03586,0.00162,0.00108,0.00809,0.00899,0.45771,0.48189
677587,Brayan Rocchio,CLE,26,592.0,1503.0,816,,projected,unmodeled,,592.0,2026.0,0.18353,0.0717,0.01762,0.00983,0.02013,0.00335,0.03745,0.15408,0.50231,0.02381,0.01351,0.00331,0.00248,0.00347,0.00036,0.00335,0.00689,0.00786,0.03728,0.02854,0.00874,0.00501,0.00397,0.15315,0.76559,0.24341,255.9917375,41.446,27.4,0.10662,0.10973,0.00827,0.00838,0.11355,0.11686,0.93896,114.0,5.0,1096.2532875,1096.2532875,0.18811,0.0717,0.01762,0.01942,0.15408,0.0382,0.00271,0.00983,0.49832,0.23802,0.30374,0.28126,0.23802,0.28126,0.03728,0.02854,0.00874,0.24341,114.0,0.93,1.0,1.04,0.62,1.0,1.05,0.965,1.0,1.02,0.81,1.0,1.025,0.30427,0.69573,S,0.2234,0.16609,0.06912,0.07283,0.01854,0.01722,0.02351,0.01865,0.13381,0.16295,0.03624,0.03798,0.0043,0.00294,0.01118,0.00923,0.4799,0.51211
805999,A.J. Ewing,NYM,22,492.0,492.0,150,,projected,unmodeled,,492.0,2026.0,0.24806,0.09179,0.00506,0.00796,0.02009,0.00352,0.02739,0.15356,0.44257,0.04036,0.02297,0.00296,0.00371,0.00777,0.0009,0.00602,0.01449,0.01604,0.05509,0.0428,0.01229,0.00825,0.00659,0.22001,0.77693,0.25041,107.95,28.05,29.4,0.12007,0.1008,0.01328,0.0123,0.11673,0.09799,1.02866,121.0,6.0,418.2,418.2,0.25178,0.095,0.00506,0.02019,0.15049,0.02643,0.00315,0.00796,0.43993,0.22451,0.30032,0.29043,0.22451,0.29043,0.05512,0.04283,0.0123,0.25055,121.0,1.01,0.96,0.93,0.79,1.07,1.03,1.005,0.98,0.965,0.895,1.035,1.015,0.27601,0.72399,L,0.25093,0.24697,0.09383,0.09101,0.00635,0.00457,0.01798,0.02089,0.1476,0.15583,0.02758,0.02731,0.00531,0.00284,0.00971,0.00729,0.44069,0.44328
672016,Denzel Clarke,OAK,27,87.0,246.0,300,,projected,unmodeled,,159.0,2025.0,0.31513,0.06786,0.01195,0.0017,0.02009,0.00463,0.03085,0.13765,0.41014,0.05814,0.0268,0.00601,0.00228,0.00569,0.00096,0.00441,0.0086,0.01057,0.0329,0.02592,0.00698,0.00831,0.00662,0.15129,0.78785,0.21746,37.824999999999996,7.734999999999999,28.7,0.10338,0.08331,0.01513,0.01374,0.10722,0.08641,0.9642,133.0,7.0,188.8275,188.8275,0.30095,0.0716,0.01195,0.02361,0.14247,0.03332,0.00387,0.0017,0.41055,0.2222,0.28681,0.30439,0.2222,0.30439,0.03419,0.02694,0.00725,0.22601,133.0,1.35,1.07,1.16,0.67,1.11,0.91,1.175,1.035,1.08,0.835,1.055,0.955,0.2713,0.7287,R,0.2623,0.3348,0.07552,0.06502,0.00928,0.01294,0.02199,0.01939,0.13458,0.13879,0.03308,0.03002,0.00505,0.00447,0.00187,0.00163,0.45633,0.39294
811965,Joshua Kuroda-Grauer,OAK,24,74.0,74.0,150,,projected,unmodeled,,74.0,2026.0,0.18905,0.06241,0.01231,0.00359,0.01998,0.00367,0.05482,0.1538,0.50038,0.06525,0.03432,0.00886,0.0048,0.00837,0.00101,0.00973,0.0154,0.01883,0.01996,0.0155,0.00446,0.00783,0.00611,0.08735,0.77634,0.22852,17.849999999999998,0.85,27.8,0.11249,0.09591,0.01909,0.0178,0.11667,0.09947,0.9642,133.0,6.0,62.9,62.9,0.18054,0.06584,0.01231,0.02347,0.15919,0.0592,0.00307,0.00359,0.49279,0.26673,0.32307,0.31005,0.26673,0.31005,0.02073,0.01609,0.00464,0.23733,133.0,1.35,1.07,1.16,0.67,1.11,0.91,1.175,1.035,1.08,0.835,1.055,0.955,0.30657,0.69343,R,0.18936,0.18891,0.05874,0.06403,0.01037,0.01316,0.02168,0.01923,0.15453,0.15348,0.05457,0.05493,0.00367,0.00367,0.00358,0.00359,0.5035,0.49899
677588,José Tena,WSH,26,288.0,659.0,450,,projected,unmodeled,,288.0,2026.0,0.26793,0.08186,0.00662,0.00345,0.01998,0.00451,0.04794,0.13185,0.43585,0.03885,0.02047,0.00298,0.00216,0.00416,0.00064,0.00522,0.00759,0.00944,0.02634,0.02054,0.0058,0.0056,0.00443,0.11953,0.77986,0.22034,112.67429999999999,13.988875,27.8,0.11145,0.09628,0.0121,0.01134,0.10979,0.09484,1.01514,120.0,6.0,487.82371249999994,487.82371249999994,0.25989,0.08186,0.00662,0.02048,0.13449,0.0477,0.00433,0.00345,0.44117,0.22796,0.29549,0.29716,0.22796,0.29716,0.02665,0.02079,0.00587,0.22297,120.0,1.05,1.04,0.99,0.92,1.0,0.94,1.025,1.02,0.995,0.96,1.0,0.97,0.16485,0.83515,L,0.24591,0.27227,0.07741,0.08274,0.00906,0.00614,0.02103,0.01978,0.13607,0.13102,0.0463,0.04827,0.00483,0.00444,0.00388,0.00337,0.45551,0.43197
645302,Victor Robles,SEA,30,149.0,1091.0,514,,projected,unmodeled,,149.0,2026.0,0.20076,0.06037,0.02638,0.00901,0.01992,0.00294,0.0453,0.14496,0.49035,0.03139,0.01589,0.00468,0.00276,0.00419,0.00043,0.00498,0.00799,0.0096,0.06123,0.04886,0.01237,0.00692,0.00574,0.26424,0.79802,0.23172,167.78548437499998,51.2169571875,28.4,0.121,0.08905,0.01111,0.0097,0.12428,0.09146,0.97362,136.0,2.0,636.5427246874999,636.5427246874999,0.21683,0.05916,0.02638,0.01972,0.13844,0.0419,0.00205,0.00901,0.48649,0.22323,0.28767,0.27269,0.22323,0.27269,0.05919,0.04723,0.01195,0.22399,136.0,0.98,0.91,0.85,0.4,0.96,1.16,0.99,0.955,0.925,0.7,0.98,1.08,0.33377,0.66623,R,0.19064,0.20584,0.07125,0.05492,0.01307,0.03305,0.0201,0.01984,0.15304,0.14092,0.04688,0.04451,0.00231,0.00325,0.00854,0.00925,0.49418,0.48843
801126,Brock Rodden,SEA,27,72.0,72.0,300,,projected,unmodeled,,72.0,2026.0,0.26487,0.10525,0.00589,0.01022,0.0199,0.00238,0.03777,0.13463,0.41909,0.07392,0.04376,0.00619,0.00813,0.00522,0.00045,0.00587,0.00963,0.01125,0.02645,0.02045,0.006,0.00943,0.00733,0.10762,0.77307,0.24577,15.299999999999999,1.7,28.6,0.11572,0.09817,0.0195,0.01814,0.11885,0.10083,0.97362,136.0,2.0,61.199999999999996,61.199999999999996,0.28606,0.10314,0.00589,0.0197,0.12858,0.03494,0.00167,0.01022,0.40981,0.20991,0.29391,0.28727,0.20991,0.28727,0.02557,0.01977,0.0058,0.23761,136.0,0.98,0.91,0.85,0.4,0.96,1.16,0.99,0.955,0.925,0.7,0.98,1.08,0.25735,0.74265,S,0.26579,0.26455,0.1096,0.10374,0.00394,0.00656,0.01663,0.02103,0.139,0.13312,0.03345,0.03927,0.00132,0.00275,0.01203,0.00959,0.41823,0.41939
683021,Michael Stefanic,OAK,31,29.0,318.0,450,,projected,unmodeled,,29.0,2026.0,0.1792,0.08976,0.01732,0.00139,0.0199,0.0009,0.03136,0.16828,0.49189,0.04819,0.03057,0.00653,0.00186,0.00439,0.00019,0.00419,0.00963,0.01087,0.01208,0.00939,0.00269,0.00551,0.0043,0.04386,0.77761,0.27536,54.74476531249999,0.5220062499999999,25.6,0.09361,0.08687,0.01452,0.01404,0.09709,0.0901,0.9642,133.0,7.0,186.5421103125,186.5421103125,0.17113,0.0947,0.01732,0.02339,0.17417,0.03387,0.00076,0.00139,0.48328,0.26188,0.3442,0.30169,0.26188,0.30169,0.01255,0.00976,0.00279,0.28619,133.0,1.35,1.07,1.16,0.67,1.11,0.91,1.175,1.035,1.08,0.835,1.055,0.955,0.3254,0.6746,R,0.20322,0.16761,0.07517,0.0968,0.01119,0.02028,0.02139,0.01918,0.17375,0.16564,0.0336,0.03028,0.00079,0.00096,0.00146,0.00136,0.47943,0.49789
664702,Myles Straw,TOR,32,330.0,1747.0,545,,projected,unmodeled,,330.0,2026.0,0.16322,0.08028,0.00323,0.00797,0.01985,0.00274,0.03602,0.17067,0.51602,0.02334,0.01461,0.00133,0.00208,0.00421,0.0003,0.00406,0.00852,0.00967,0.04165,0.03298,0.00868,0.00543,0.00443,0.16387,0.7917,0.25418,250.47071124999997,40.37617937499999,29.7,0.12799,0.07898,0.0094,0.00759,0.13091,0.08078,0.97775,141.0,1.0,1031.3751037499999,1031.3751037499999,0.16158,0.08028,0.00323,0.02035,0.17067,0.03674,0.0023,0.00797,0.51688,0.25323,0.31358,0.28863,0.25323,0.28863,0.04165,0.03298,0.00868,0.25418,141.0,1.05,1.0,1.04,0.68,1.0,0.98,1.025,1.0,1.02,0.84,1.0,0.99,0.44778,0.55222,R,0.17678,0.15222,0.07797,0.08216,0.00257,0.00376,0.02193,0.01816,0.17232,0.16933,0.04152,0.03156,0.0018,0.0035,0.00838,0.00763,0.49672,0.53168
644433,Chadwick Tromp,BAL,32,51.0,147.0,450,,projected,unmodeled,,51.0,2026.0,0.25564,0.0484,0.00394,0.01125,0.01982,0.00146,0.03552,0.15031,0.47366,0.0652,0.0273,0.00415,0.00698,0.00409,0.00053,0.00394,0.00865,0.00989,0.01337,0.01042,0.00295,0.00645,0.00504,0.06595,0.77964,0.20266,10.863,0.0,24.4,0.09904,0.10844,0.01804,0.01878,0.0983,0.10763,1.00754,110.0,6.0,76.51275,76.51275,0.25564,0.04719,0.00394,0.02071,0.15181,0.03534,0.00152,0.01125,0.47259,0.22332,0.26052,0.28533,0.22332,0.28533,0.01338,0.01044,0.00295,0.20295,110.0,1.09,1.02,0.99,1.08,0.95,1.0,1.045,1.01,0.995,1.04,0.975,1.0,0.27523,0.72477,R,0.26157,0.25339,0.03849,0.05216,0.00193,0.00471,0.01696,0.02091,0.15837,0.14725,0.02981,0.03769,0.00076,0.00173,0.0128,0.01066,0.47931,0.47151
681047,Christian Franklin,BAL,27,59.0,59.0,150,,projected,unmodeled,,59.0,2026.0,0.23341,0.09601,0.02083,0.00398,0.01982,0.00383,0.02769,0.15371,0.44072,0.07343,0.04353,0.01207,0.00532,0.00844,0.00158,0.00716,0.01552,0.01712,0.03237,0.02533,0.00704,0.01101,0.00867,0.11965,0.78241,0.27055,13.6,2.55,27.8,0.11574,0.09455,0.02031,0.01858,0.11487,0.09384,1.00754,110.0,6.0,50.15,50.15,0.23341,0.09361,0.02083,0.02071,0.15525,0.02755,0.00398,0.00398,0.44068,0.23537,0.32194,0.29768,0.23537,0.29768,0.03227,0.02525,0.00702,0.26969,110.0,1.09,1.02,0.99,1.08,0.95,1.0,1.045,1.01,0.995,1.04,0.975,1.0,0.31274,0.68726,R,0.23953,0.23062,0.09955,0.0944,0.02041,0.02102,0.01917,0.02011,0.1477,0.15645,0.03063,0.02635,0.00379,0.00385,0.00392,0.004,0.43529,0.44319
592178,Kris Bryant,COL,35,41.0,712.0,300,,projected,unmodeled,,41.0,2025.0,0.22634,0.08453,0.02133,0.00449,0.01981,0.00164,0.0461,0.1506,0.44516,0.04063,0.02299,0.00513,0.00237,0.00516,0.00023,0.00623,0.01134,0.01272,0.00667,0.0052,0.00147,0.00336,0.00263,0.02602,0.77964,0.25646,97.74187718749998,0.0,25.7,0.10265,0.0914,0.01221,0.0116,0.10856,0.09666,0.9456,115.0,6.0,379.99463031249996,379.99463031249996,0.21503,0.08284,0.02133,0.0206,0.16189,0.0514,0.00258,0.00449,0.43985,0.26529,0.34064,0.32921,0.26529,0.32921,0.00692,0.0054,0.00153,0.26607,115.0,1.08,1.15,1.23,2.14,0.96,0.9,1.04,1.075,1.115,1.57,0.98,0.95,0.26515,0.73485,R,0.22275,0.22764,0.07254,0.08886,0.01544,0.02346,0.02243,0.01886,0.13405,0.15656,0.05918,0.04138,0.00196,0.00153,0.00404,0.00465,0.4676,0.43707
595879,Javier Báez,DET,34,196.0,2059.0,715,,projected,unmodeled,,437.0,2025.0,0.2362,0.03995,0.01211,0.00634,0.0198,0.00208,0.04692,0.15235,0.48425,0.02499,0.00981,0.00236,0.00172,0.00354,0.00025,0.0043,0.00687,0.00827,0.0202,0.01587,0.00434,0.0036,0.00288,0.09884,0.78531,0.20441,236.94778499999995,23.556958437499997,27.0,0.12012,0.12444,0.00869,0.00882,0.11965,0.12395,1.00391,116.0,4.0,1207.1381781249997,1207.1381781249997,0.23384,0.03975,0.01211,0.0199,0.15159,0.04551,0.0026,0.00634,0.48836,0.23317,0.27146,0.29023,0.23317,0.29023,0.02011,0.01579,0.00432,0.20345,116.0,1.01,0.99,0.94,1.5,0.99,0.98,1.005,0.995,0.97,1.25,0.995,0.99,0.27629,0.72371,R,0.21415,0.24462,0.05066,0.03586,0.00713,0.01401,0.02087,0.0194,0.17023,0.14552,0.04852,0.04631,0.00311,0.00169,0.00644,0.0063,0.47888,0.4863
677950,Alek Thomas,LAD,27,120.0,1505.0,622,,projected,unmodeled,,469.0,2025.0,0.22238,0.05121,0.0094,0.00792,0.01977,0.00633,0.04852,0.14076,0.49373,0.02802,0.01264,0.00242,0.00223,0.0038,0.00063,0.00433,0.00703,0.00867,0.02532,0.0197,0.00562,0.00444,0.00352,0.12573,0.77809,0.20136,176.3123496875,22.744124687499994,27.8,0.12475,0.10762,0.01075,0.01006,0.10948,0.09444,1.13954,119.0,6.0,896.3167709374999,896.3167709374999,0.2246,0.05172,0.0094,0.02204,0.13653,0.0473,0.00519,0.00792,0.49529,0.22672,0.27218,0.27622,0.22672,0.27622,0.02485,0.01934,0.00551,0.19765,119.0,1.23,0.94,0.95,0.64,1.02,1.02,1.115,0.97,0.975,0.82,1.01,1.01,0.20516,0.79484,L,0.22075,0.2228,0.04955,0.05163,0.00928,0.00943,0.02025,0.01965,0.14216,0.14039,0.03826,0.05116,0.00413,0.00689,0.00746,0.00804,0.50816,0.49001
700242,Trey Sweeney,DET,27,326.0,445.0,362,,projected,unmodeled,,326.0,2025.0,0.26533,0.07721,0.00361,0.01058,0.01969,0.00892,0.02872,0.1308,0.45514,0.04646,0.02391,0.00261,0.00446,0.00452,0.0014,0.00319,0.00862,0.01015,0.01795,0.01401,0.00394,0.0055,0.00433,0.0848,0.78055,0.21163,64.69987499999999,4.11825,28.4,0.10931,0.10953,0.01387,0.01388,0.10889,0.1091,1.00391,116.0,6.0,308.61587499999996,308.61587499999996,0.26268,0.07683,0.00361,0.01979,0.13015,0.02785,0.01115,0.01058,0.45737,0.20786,0.26938,0.26998,0.20786,0.26998,0.01786,0.01394,0.00392,0.21059,116.0,1.01,0.99,0.94,1.5,0.99,0.98,1.005,0.995,0.97,1.25,0.995,0.99,0.2031,0.7969,L,0.26342,0.26582,0.07541,0.07767,0.00436,0.00342,0.01874,0.01993,0.14986,0.12595,0.03095,0.02815,0.01122,0.00833,0.01251,0.01008,0.43353,0.46065
666150,Dominic Fletcher,CWS,29,34.0,377.0,319,,projected,unmodeled,,34.0,2025.0,0.21744,0.06237,0.00852,0.0034,0.01963,0.00142,0.04052,0.15957,0.48712,0.04861,0.02426,0.0043,0.00272,0.00591,0.00021,0.00572,0.01089,0.01312,0.01379,0.01071,0.00308,0.00553,0.00432,0.05985,0.7764,0.23046,47.58204374999999,1.7665124999999997,25.5,0.09627,0.09901,0.01358,0.01375,0.10553,0.10852,0.91233,145.0,6.0,225.81376249999997,225.81376249999997,0.21527,0.0633,0.00852,0.01943,0.15877,0.03951,0.0012,0.0034,0.49059,0.23673,0.29074,0.28908,0.23673,0.28908,0.0138,0.01071,0.00309,0.2306,145.0,0.98,0.99,0.95,0.69,1.03,0.98,0.99,0.995,0.975,0.845,1.015,0.99,0.24421,0.75579,L,0.25102,0.20659,0.07445,0.05847,0.01139,0.0076,0.01979,0.01958,0.14568,0.16406,0.03829,0.04125,0.00194,0.00126,0.00343,0.00339,0.45404,0.49782
668800,Andrew Knizner,SF,32,80.0,795.0,450,,projected,unmodeled,,88.0,2025.0,0.21085,0.0649,0.01817,0.00406,0.01962,0.00094,0.02895,0.15966,0.49286,0.03718,0.01912,0.00451,0.00215,0.00437,0.00011,0.00298,0.00863,0.00977,0.00752,0.00586,0.00166,0.00345,0.0027,0.03097,0.77907,0.24273,98.16986812500001,1.4877178124999997,24.7,0.10447,0.0927,0.01174,0.01114,0.10939,0.09707,0.95503,137.0,6.0,444.50278781249995,444.50278781249995,0.20663,0.06328,0.01817,0.01756,0.16126,0.02952,0.00114,0.00406,0.49839,0.22906,0.29092,0.27802,0.22906,0.27802,0.00752,0.00586,0.00166,0.2427,137.0,0.79,1.02,1.04,1.42,0.95,0.96,0.895,1.01,1.02,1.21,0.975,0.98,0.33406,0.66594,R,0.21852,0.207,0.05971,0.0675,0.01088,0.02182,0.02422,0.01731,0.14307,0.16798,0.02966,0.02859,0.00085,0.00098,0.0042,0.00399,0.5089,0.48482
666152,David Hamilton,MIL,29,387.0,937.0,514,,projected,unmodeled,,387.0,2026.0,0.23427,0.07869,0.00481,0.00054,0.01958,0.00679,0.0336,0.14353,0.47819,0.03217,0.01741,0.00217,0.00073,0.00377,0.00102,0.00372,0.00797,0.00917,0.09128,0.07232,0.01897,0.00774,0.00652,0.40208,0.79224,0.22703,157.0698,75.96864375,29.4,0.13474,0.08981,0.01226,0.01024,0.12011,0.08006,1.12178,158.0,1.0,684.15086875,684.15086875,0.24716,0.08105,0.00481,0.01987,0.14066,0.03158,0.00628,0.00054,0.46804,0.21716,0.28426,0.27611,0.21716,0.27611,0.09108,0.07216,0.01892,0.22652,158.0,1.03,0.96,0.88,0.85,1.06,1.11,1.015,0.98,0.94,0.925,1.03,1.055,0.18488,0.81512,L,0.26727,0.22679,0.06297,0.08225,0.01049,0.00353,0.02013,0.01946,0.14848,0.14241,0.03087,0.03421,0.00408,0.00741,0.00087,0.00047,0.45484,0.48348
665926,Andrés Giménez,TOR,28,508.0,2683.0,1025,,projected,unmodeled,,508.0,2026.0,0.18089,0.05054,0.03181,0.00744,0.01958,0.00411,0.03326,0.16199,0.51039,0.01954,0.00947,0.00334,0.00163,0.00321,0.00042,0.00283,0.00607,0.00699,0.04751,0.03797,0.00954,0.00456,0.00382,0.19446,0.79911,0.24434,399.37855093749994,81.00682218749998,27.7,0.10454,0.1092,0.00701,0.00715,0.10692,0.11169,0.97775,141.0,6.0,1655.8433340624997,1655.8433340624997,0.17908,0.05054,0.03181,0.02007,0.16199,0.03393,0.00345,0.00744,0.5117,0.24108,0.30178,0.28038,0.24108,0.28038,0.04751,0.03797,0.00954,0.24434,141.0,1.05,1.0,1.04,0.68,1.0,0.98,1.025,1.0,1.02,0.84,1.0,0.99,0.2655,0.7345,L,0.16631,0.18616,0.04103,0.05398,0.03233,0.03162,0.01765,0.02027,0.16623,0.16046,0.03239,0.03358,0.00407,0.00412,0.00366,0.00881,0.53633,0.50101
456781,Donovan Solano,TEX,39,179.0,1242.0,378,,projected,unmodeled,,179.0,2025.0,0.21598,0.07234,0.02034,0.00496,0.01953,0.00063,0.03037,0.15615,0.47971,0.03116,0.0167,0.00388,0.00193,0.00484,8e-05,0.00413,0.00959,0.01089,0.00438,0.00341,0.00097,0.00211,0.00165,0.01761,0.77861,0.24883,190.76700343749997,1.8423749999999997,25.0,0.08607,0.09469,0.00911,0.00951,0.09121,0.10035,0.94359,140.0,7.0,688.8813524999999,688.8813524999999,0.21706,0.07017,0.02034,0.01885,0.15302,0.0293,0.00058,0.00496,0.48572,0.22304,0.29226,0.27355,0.22304,0.27355,0.00429,0.00334,0.00095,0.24354,140.0,0.93,0.96,0.93,0.83,0.94,1.01,0.965,0.98,0.965,0.915,0.97,1.005,0.3939,0.6061,R,0.20744,0.22153,0.06908,0.07446,0.0129,0.02519,0.02056,0.01886,0.1508,0.15962,0.02886,0.03135,0.00073,0.00057,0.0042,0.00545,0.50542,0.463
664774,LaMonte Wade Jr.,HOU,33,146.0,1559.0,556,,projected,unmodeled,,242.0,2025.0,0.21634,0.12984,0.01153,0.00583,0.01951,0.00291,0.04568,0.13129,0.43707,0.02732,0.01899,0.00264,0.00188,0.00382,0.00039,0.00429,0.00737,0.00892,0.00611,0.00477,0.00134,0.00231,0.00181,0.02242,0.78101,0.27266,256.2718125,4.0525928124999995,25.7,0.11666,0.09876,0.00957,0.00889,0.1165,0.09862,1.0014,117.0,6.0,927.5004021874998,927.5004021874998,0.22391,0.13049,0.01153,0.02077,0.12932,0.04477,0.00266,0.00583,0.43072,0.2318,0.33954,0.29097,0.2318,0.29097,0.00608,0.00475,0.00133,0.27134,117.0,1.13,0.97,0.96,0.83,1.01,1.07,1.065,0.985,0.98,0.915,1.005,1.035,0.14156,0.85844,L,0.21152,0.21714,0.1016,0.13449,0.00983,0.01181,0.01539,0.02018,0.14119,0.12966,0.05218,0.04461,0.00246,0.00298,0.00875,0.00535,0.45708,0.43378
692225,Kristian Campbell,BOS,25,263.0,263.0,309,,projected,unmodeled,,263.0,2025.0,0.25625,0.10144,0.01427,0.00453,0.01939,0.00212,0.03515,0.14275,0.4241,0.05453,0.0321,0.00639,0.00362,0.00481,0.00052,0.00485,0.00913,0.01057,0.01844,0.01435,0.00409,0.00668,0.00523,0.07134,0.77843,0.25846,49.129999999999995,2.1674999999999995,27.2,0.1039,0.09607,0.01567,0.01513,0.10129,0.09366,1.02577,111.0,7.0,190.01749999999998,190.01749999999998,0.2524,0.10042,0.01427,0.01813,0.14632,0.03867,0.002,0.00453,0.42325,0.23289,0.31982,0.30642,0.23289,0.30642,0.01862,0.01449,0.00413,0.26102,111.0,0.87,1.05,1.2,0.89,0.98,0.97,0.935,1.025,1.1,0.945,0.99,0.985,0.27214,0.72786,R,0.21801,0.27055,0.11541,0.09622,0.01985,0.01219,0.01785,0.01997,0.13894,0.14418,0.03662,0.0346,0.00231,0.00204,0.00589,0.00402,0.44513,0.41624
670770,TJ Friedl,CIN,31,272.0,2112.0,884,,projected,unmodeled,,685.0,2025.0,0.17747,0.09378,0.02322,0.00892,0.01933,0.00274,0.03972,0.13983,0.49499,0.02141,0.01391,0.00322,0.00201,0.00321,0.00029,0.00357,0.00613,0.00738,0.03016,0.02375,0.00641,0.00411,0.00333,0.11745,0.78741,0.25683,354.415564375,43.298304062499994,26.7,0.10961,0.09505,0.00778,0.00731,0.11408,0.09892,0.96083,113.0,6.0,1340.240570625,1340.240570625,0.18102,0.09847,0.02322,0.02058,0.13633,0.03933,0.00248,0.00892,0.48965,0.22858,0.32041,0.26676,0.22858,0.26676,0.0303,0.02386,0.00644,0.25802,113.0,1.13,0.95,0.98,0.81,1.1,1.04,1.065,0.975,0.99,0.905,1.05,1.02,0.24633,0.75367,L,0.19337,0.17227,0.08741,0.09586,0.02274,0.02337,0.01756,0.01991,0.15984,0.13329,0.03505,0.04125,0.00285,0.0027,0.00548,0.01005,0.47569,0.5013
614173,Franchy Cordero,NYY,32,71.0,346.0,150,,floor,floor,1.0,0.0,,0.29399,0.08466,0.00445,0.00599,0.01929,0.00153,0.03205,0.14041,0.41763,0.0602,0.03131,0.00322,0.00374,0.00693,0.00027,0.00641,0.01377,0.01604,0.02054,0.01601,0.00452,0.00739,0.0058,0.08947,0.77986,0.22952,28.501541249999995,2.2185265624999997,,0.13566,0.13071,0.01918,0.01887,0.12228,0.11782,1.10936,147.0,3.0,159.08140468749997,159.08140468749997,0.29987,0.09059,0.00445,0.02103,0.13409,0.03125,0.00133,0.00599,0.4114,0.20879,0.28273,0.28832,0.20879,0.28832,0.0205,0.01599,0.00451,0.22912,147.0,1.18,0.91,0.95,0.74,1.14,1.04,1.09,0.955,0.975,0.87,1.07,1.02,0.26,0.74,L,0.26701,0.30347,0.08779,0.08356,0.00589,0.00394,0.01794,0.01977,0.15661,0.13471,0.02811,0.03343,0.0015,0.00154,0.00577,0.00607,0.42939,0.41349
703155,Lazaro Montes,SEA,22,59.0,59.0,150,,projected,unmodeled,,59.0,2026.0,0.28436,0.09601,0.00644,0.00398,0.01926,0.00353,0.04008,0.12987,0.41647,0.07831,0.04353,0.00676,0.00532,0.00651,0.00091,0.00742,0.01223,0.01545,0.01773,0.01382,0.00391,0.00795,0.00622,0.07632,0.77964,0.23232,10.2,0.0,26.3,0.11721,0.12782,0.02003,0.02079,0.12039,0.13129,0.97362,136.0,4.0,50.15,50.15,0.30711,0.09409,0.00644,0.01907,0.12403,0.03707,0.00247,0.00398,0.40574,0.20395,0.28317,0.28731,0.20395,0.28731,0.01714,0.01336,0.00378,0.22456,136.0,0.98,0.91,0.85,0.4,0.96,1.16,0.99,0.955,0.925,0.7,0.98,1.08,0.25869,0.74131,L,0.28768,0.2832,0.09342,0.09692,0.00455,0.0071,0.01062,0.02228,0.12719,0.1308,0.03806,0.04078,0.00361,0.00351,0.00276,0.00441,0.43211,0.41101
500743,Miguel Rojas,LAD,38,252.0,1836.0,705,,projected,unmodeled,,317.0,2025.0,0.12666,0.06575,0.00882,0.00916,0.01921,0.00134,0.03621,0.18467,0.54817,0.02046,0.01298,0.00214,0.00218,0.00394,0.00021,0.00358,0.00842,0.00954,0.02169,0.01691,0.00478,0.00408,0.00323,0.08365,0.77958,0.25924,259.97269124999997,22.520282499999997,26.1,0.10874,0.09526,0.0093,0.00876,0.09543,0.08359,1.13954,119.0,9.0,1095.9598621875,1095.9598621875,0.12793,0.06641,0.00882,0.02142,0.17913,0.03531,0.0011,0.00916,0.55073,0.25879,0.31218,0.28128,0.25879,0.28128,0.02128,0.01659,0.00469,0.25436,119.0,1.23,0.94,0.95,0.64,1.02,1.02,1.115,0.97,0.975,0.82,1.01,1.01,0.41863,0.58137,R,0.12118,0.13061,0.0711,0.06191,0.0093,0.00847,0.02583,0.01444,0.18249,0.18624,0.04109,0.0327,0.00138,0.00131,0.00861,0.00956,0.53902,0.55476
680577,DaShawn Keirsey Jr.,ATL,30,5.0,107.0,450,,projected,unmodeled,,88.0,2025.0,0.27463,0.05618,0.01548,0.00296,0.01921,0.00298,0.03173,0.14375,0.45308,0.07147,0.03139,0.009,0.00396,0.0043,0.00041,0.00363,0.00767,0.00928,0.05506,0.0429,0.01216,0.01242,0.00981,0.2556,0.77917,0.21541,7.225,9.392499999999998,28.5,0.12155,0.10324,0.02012,0.01874,0.12162,0.10329,0.99946,142.0,2.0,63.57999999999999,63.57999999999999,0.27051,0.05562,0.01548,0.01863,0.14591,0.03395,0.0029,0.00296,0.45404,0.2175,0.27249,0.287,0.2175,0.287,0.05547,0.04322,0.01225,0.21701,142.0,0.94,1.03,1.14,0.95,0.98,0.97,0.97,1.015,1.07,0.975,0.99,0.985,0.2443,0.7557,L,0.29447,0.26822,0.0489,0.05853,0.01893,0.01437,0.01328,0.02113,0.1544,0.14031,0.02846,0.03279,0.00271,0.00306,0.00162,0.00339,0.43723,0.45821
694376,Shay Whitcomb,SF,28,122.0,200.0,450,,projected,unmodeled,,122.0,2026.0,0.25163,0.05856,0.0032,0.00198,0.0192,0.00187,0.03246,0.15502,0.47608,0.05779,0.02662,0.00337,0.00265,0.0043,0.0003,0.00327,0.00829,0.00956,0.02109,0.01642,0.00468,0.00733,0.00574,0.09731,0.77822,0.21678,26.772874999999996,2.55,27.3,0.09557,0.10303,0.01521,0.01572,0.10007,0.10788,0.95503,137.0,6.0,155.06975,155.06975,0.2466,0.0571,0.0032,0.01718,0.15658,0.0331,0.00227,0.00198,0.482,0.22302,0.26942,0.28481,0.22302,0.28481,0.0211,0.01642,0.00468,0.21687,137.0,0.79,1.02,1.04,1.42,0.95,0.96,0.895,1.01,1.02,1.21,0.975,0.98,0.305,0.695,R,0.24793,0.25326,0.05563,0.05984,0.00348,0.00307,0.01875,0.0194,0.16928,0.14877,0.03268,0.03236,0.00199,0.00182,0.00213,0.00191,0.46813,0.47957
660766,Juan Yepez,WSH,29,249.0,588.0,341,,floor,floor,1.0,0.0,,0.20958,0.07029,0.00583,0.01131,0.01917,0.00123,0.04408,0.1563,0.48221,0.04284,0.0229,0.00294,0.00409,0.00493,0.00022,0.00621,0.01005,0.01219,0.01357,0.01054,0.00303,0.00498,0.00389,0.05839,0.7766,0.23242,69.70932874999998,2.3643812499999997,26.7,0.11637,0.1056,0.01434,0.01374,0.11464,0.10403,1.01514,120.0,5.0,308.42278687499993,308.42278687499993,0.20329,0.07029,0.00583,0.01965,0.15943,0.04386,0.00118,0.01131,0.48516,0.24559,0.30024,0.29649,0.24559,0.29649,0.01375,0.01068,0.00307,0.23555,120.0,1.05,1.04,0.99,0.92,1.0,0.94,1.025,1.02,0.995,0.96,1.0,0.97,0.3118,0.6882,R,0.21947,0.20509,0.07642,0.06751,0.00509,0.00617,0.01822,0.0196,0.15824,0.15542,0.04222,0.04492,0.00136,0.00118,0.01162,0.01116,0.46735,0.48895
621438,Tyrone Taylor,CHC,33,241.0,1575.0,677,,projected,unmodeled,,341.0,2025.0,0.21984,0.05379,0.01625,0.00577,0.01913,0.00414,0.04961,0.14332,0.48815,0.02693,0.01249,0.00311,0.00186,0.00361,0.00056,0.00452,0.00736,0.00874,0.03264,0.02561,0.00702,0.00496,0.00399,0.15296,0.78482,0.21336,189.99250468749997,29.265207812499995,29.2,0.1325,0.12224,0.01052,0.01016,0.11945,0.1102,1.10928,112.0,5.0,969.6437953125,969.6437953125,0.22094,0.05432,0.01625,0.0197,0.14189,0.0449,0.00457,0.00577,0.49165,0.22851,0.28164,0.28017,0.22851,0.28017,0.0325,0.02551,0.00699,0.21247,112.0,1.06,0.98,0.81,1.21,1.02,1.01,1.03,0.99,0.905,1.105,1.01,1.005,0.33984,0.66016,R,0.20937,0.22524,0.0628,0.04915,0.01129,0.0188,0.01934,0.01902,0.15045,0.13966,0.05134,0.04872,0.00336,0.00454,0.00318,0.00711,0.48887,0.48778
657136,Connor Wong,BOS,31,238.0,1372.0,639,,projected,unmodeled,,238.0,2026.0,0.25519,0.06723,0.01646,0.0052,0.01911,0.00151,0.03765,0.14492,0.45273,0.02974,0.01454,0.00334,0.00189,0.00355,0.00017,0.00383,0.00728,0.00842,0.02341,0.01799,0.00543,0.00439,0.00344,0.10242,0.76824,0.2286,199.49325218749996,19.999437499999996,27.6,0.11143,0.09665,0.00975,0.00915,0.10863,0.09422,1.02577,111.0,6.0,872.42489125,872.42489125,0.25136,0.06656,0.01646,0.01787,0.14854,0.04142,0.00143,0.0052,0.45117,0.2295,0.29227,0.29786,0.2295,0.29786,0.02372,0.01822,0.0055,0.23155,111.0,0.87,1.05,1.2,0.89,0.98,0.97,0.935,1.025,1.1,0.945,0.99,0.985,0.28841,0.71159,R,0.23675,0.26266,0.08605,0.0596,0.01143,0.01849,0.02223,0.01784,0.14238,0.14595,0.03503,0.03872,0.0017,0.00144,0.00536,0.00514,0.45907,0.45016
676609,José Caballero,NYY,30,456.0,1589.0,697,,projected,unmodeled,,456.0,2026.0,0.25347,0.08205,0.02211,0.00872,0.01911,0.0021,0.03063,0.137,0.44481,0.02674,0.01436,0.0036,0.00228,0.00324,0.00022,0.00342,0.00644,0.00747,0.10679,0.0835,0.02329,0.00674,0.00579,0.44281,0.78188,0.24116,266.09526249999993,133.58568125,28.0,0.13198,0.11305,0.00997,0.00932,0.11897,0.1019,1.10936,147.0,5.0,1097.7091249999999,1097.7091249999999,0.25854,0.08779,0.02211,0.02083,0.13084,0.02986,0.00183,0.00872,0.43948,0.20804,0.29326,0.26998,0.20804,0.26998,0.1066,0.08335,0.02325,0.24074,147.0,1.18,0.91,0.95,0.74,1.14,1.04,1.09,0.955,0.975,0.87,1.07,1.02,0.29689,0.70311,R,0.29581,0.23559,0.08902,0.07911,0.02373,0.02142,0.02139,0.01815,0.13381,0.13835,0.03494,0.02881,0.00243,0.00197,0.00576,0.00997,0.39313,0.46663
543063,Brandon Crawford,STL,40,80.0,858.0,150,,floor,floor,1.0,0.0,,0.2388,0.08722,0.01481,0.00912,0.0191,0.00074,0.04004,0.1446,0.44557,0.03979,0.02242,0.00394,0.0031,0.00726,0.00014,0.00808,0.01469,0.01741,0.00994,0.00776,0.00219,0.00402,0.00315,0.04031,0.78012,0.24663,95.73441093749997,2.4534293749999994,25.1,0.1035,0.10861,0.01201,0.01227,0.10707,0.11235,0.96671,138.0,5.0,419.38903312499997,419.38903312499997,0.22805,0.0846,0.01481,0.01681,0.14966,0.04144,0.00063,0.00912,0.45488,0.23393,0.30795,0.29652,0.23393,0.29652,0.01004,0.00783,0.00221,0.24908,138.0,0.76,1.07,1.07,0.7,0.94,0.91,0.88,1.035,1.035,0.85,0.97,0.955,0.225,0.775,L,0.24143,0.23803,0.07074,0.092,0.01607,0.01445,0.02246,0.01812,0.16162,0.13966,0.04097,0.03977,0.0006,0.00078,0.00606,0.01001,0.44005,0.44718
686823,Will Brennan,SF,29,23.0,889.0,598,,floor,floor,1.0,23.0,2026.0,0.14353,0.04989,0.01124,0.00367,0.01905,0.00502,0.0417,0.17223,0.55368,0.03036,0.01605,0.00339,0.00194,0.00405,0.00072,0.00416,0.00881,0.01019,0.02853,0.02209,0.00643,0.00595,0.00468,0.12224,0.77448,0.23337,115.32499843749999,14.411978437499997,28.2,0.10184,0.09571,0.01124,0.01094,0.10846,0.10193,0.93896,114.0,6.0,474.2657078124999,474.2657078124999,0.14711,0.04989,0.01124,0.01838,0.17223,0.04253,0.00406,0.00367,0.55087,0.25364,0.29834,0.2843,0.25364,0.2843,0.02853,0.02209,0.00643,0.23337,114.0,0.93,1.0,1.04,0.62,1.0,1.05,0.965,1.0,1.02,0.81,1.0,1.025,0.1511,0.8489,L,0.18267,0.13656,0.05451,0.04907,0.00902,0.01164,0.01858,0.01913,0.1456,0.17697,0.04192,0.04166,0.00648,0.00475,0.00392,0.00362,0.5373,0.55659
691182,Adael Amador,COL,24,95.0,259.0,300,,projected,unmodeled,,128.0,2025.0,0.18856,0.08644,0.00854,0.00163,0.01902,0.00334,0.04466,0.16024,0.48756,0.04841,0.02961,0.00499,0.00219,0.00539,0.00055,0.0061,0.01151,0.01322,0.01873,0.01458,0.00415,0.00693,0.00542,0.07339,0.77831,0.25522,42.27475,2.059125,26.8,0.1018,0.10636,0.01474,0.01503,0.10765,0.11248,0.9456,115.0,5.0,195.33849999999998,195.33849999999998,0.17913,0.08471,0.00854,0.01979,0.17226,0.0498,0.00525,0.00163,0.4789,0.273,0.34034,0.32188,0.273,0.32188,0.01949,0.01517,0.00432,0.2655,115.0,1.08,1.15,1.23,2.14,0.96,0.9,1.04,1.075,1.115,1.57,0.98,0.95,0.25926,0.74074,S,0.20423,0.18307,0.09364,0.08391,0.00742,0.00893,0.01578,0.02016,0.17657,0.15452,0.04105,0.04593,0.0037,0.00322,0.00184,0.00156,0.45575,0.49869
650968,Yohel Pozo,BAL,30,62.0,230.0,300,,projected,unmodeled,,168.0,2025.0,0.16726,0.05244,0.00289,0.00824,0.01894,0.00054,0.0484,0.16587,0.53542,0.04795,0.02438,0.00304,0.00512,0.00565,7e-05,0.00731,0.01177,0.01435,0.01207,0.00943,0.00265,0.00547,0.00429,0.05459,0.78057,0.2212,34.2975,0.85,24.5,0.10535,0.11569,0.01594,0.01661,0.10456,0.11482,1.00754,110.0,5.0,174.07999999999998,174.07999999999998,0.16726,0.05113,0.00289,0.0198,0.16753,0.04816,0.00056,0.00824,0.53444,0.25172,0.29007,0.28807,0.25172,0.28807,0.01209,0.00944,0.00265,0.22155,110.0,1.09,1.02,0.99,1.08,0.95,1.0,1.045,1.01,0.995,1.04,0.975,1.0,0.27674,0.72326,R,0.1603,0.16992,0.05703,0.05069,0.0032,0.00277,0.01683,0.01975,0.17982,0.16053,0.05064,0.04754,0.00058,0.00053,0.0088,0.00802,0.5228,0.54025
687551,Drew Gilbert,SF,26,393.0,502.0,450,,projected,unmodeled,,393.0,2026.0,0.18934,0.09102,0.01872,0.00782,0.01888,0.00459,0.05031,0.14765,0.47167,0.0368,0.023,0.00561,0.00365,0.00458,0.0008,0.00583,0.00896,0.01095,0.02174,0.01669,0.00505,0.00587,0.00455,0.08446,0.76762,0.25739,98.85499999999999,7.395,27.5,0.12679,0.11202,0.01309,0.01241,0.13276,0.1173,0.95503,137.0,3.0,412.8025,412.8025,0.18556,0.08874,0.01872,0.01689,0.14913,0.05131,0.00555,0.00782,0.47627,0.25193,0.33035,0.30193,0.25193,0.30193,0.02167,0.01664,0.00504,0.25659,137.0,0.79,1.02,1.04,1.42,0.95,0.96,0.895,1.01,1.02,1.21,0.975,0.98,0.17236,0.82764,L,0.26039,0.17455,0.07845,0.09363,0.01418,0.01967,0.015,0.01968,0.13953,0.14934,0.0466,0.05108,0.00278,0.00497,0.00626,0.00815,0.43681,0.47893
691720,Kyle Karros,COL,24,475.0,631.0,450,,projected,unmodeled,,475.0,2026.0,0.22211,0.10577,0.01392,0.00781,0.01879,0.00263,0.04518,0.14391,0.43989,0.03561,0.02243,0.00439,0.0033,0.00437,0.0006,0.00503,0.00832,0.00977,0.01257,0.00986,0.00271,0.00408,0.00322,0.04769,0.78423,0.2636,139.8675,4.25,27.0,0.1224,0.09328,0.01186,0.01053,0.12945,0.09864,0.9456,115.0,2.0,516.46,516.46,0.211,0.10366,0.01392,0.01954,0.1547,0.05038,0.00412,0.00781,0.43487,0.26154,0.34632,0.32481,0.26154,0.32481,0.01299,0.01018,0.0028,0.27227,115.0,1.08,1.15,1.23,2.14,0.96,0.9,1.04,1.075,1.115,1.57,0.98,0.95,0.29844,0.70156,R,0.21319,0.2259,0.09443,0.1106,0.01389,0.01393,0.02044,0.01809,0.14092,0.14518,0.05871,0.03943,0.00163,0.00305,0.00488,0.00906,0.45192,0.43477
643565,Mike Tauchman,CWS,36,385.0,1136.0,627,,projected,unmodeled,,385.0,2025.0,0.21474,0.12347,0.0106,0.00457,0.01878,0.00142,0.03337,0.15199,0.44106,0.03083,0.02103,0.00294,0.00193,0.00348,0.00015,0.00338,0.0078,0.00872,0.01252,0.00977,0.00274,0.00366,0.00288,0.04376,0.78085,0.28606,206.07686874999996,9.089049999999999,24.9,0.12051,0.09594,0.01028,0.00932,0.13209,0.10516,0.91233,145.0,2.0,702.4307562499998,702.4307562499998,0.21259,0.12532,0.0106,0.01859,0.15123,0.03254,0.0012,0.00457,0.44336,0.23683,0.33948,0.29438,0.23683,0.29438,0.01257,0.00981,0.00275,0.28715,145.0,0.98,0.99,0.95,0.69,1.03,0.98,0.99,0.995,0.975,0.845,1.015,0.99,0.20535,0.79465,L,0.2273,0.21149,0.10282,0.1288,0.01243,0.01013,0.0222,0.01789,0.1465,0.15341,0.03506,0.03294,0.00141,0.00143,0.00418,0.00467,0.4481,0.43924
660707,Elehuris Montero,COL,28,247.0,739.0,176,,floor,floor,1.0,0.0,,0.28592,0.06503,0.00842,0.008,0.01875,0.00168,0.04984,0.12285,0.43951,0.04324,0.02009,0.00319,0.00311,0.00584,0.00029,0.00837,0.01222,0.01489,0.00669,0.00522,0.00147,0.00317,0.00248,0.03408,0.77964,0.1963,76.20062999999999,0.0,26.2,0.11026,0.11222,0.01245,0.01255,0.11661,0.11868,0.9456,115.0,5.0,394.0302765624999,394.0302765624999,0.27162,0.06373,0.00842,0.01951,0.13206,0.05557,0.00264,0.008,0.43845,0.22805,0.28193,0.30263,0.22805,0.30263,0.00696,0.00543,0.00153,0.20421,115.0,1.08,1.15,1.23,2.14,0.96,0.9,1.04,1.075,1.115,1.57,0.98,0.95,0.25503,0.74497,R,0.27862,0.28842,0.06499,0.06505,0.00614,0.0092,0.01961,0.01846,0.1273,0.12133,0.04409,0.0518,0.00226,0.00148,0.00777,0.00808,0.44924,0.43617
656582,Connor Joe,SEA,34,45.0,1480.0,578,,projected,unmodeled,,80.0,2025.0,0.22742,0.10623,0.01468,0.0042,0.01874,0.00207,0.03938,0.13475,0.45254,0.02964,0.01854,0.00304,0.00164,0.00365,0.00036,0.00386,0.00701,0.00838,0.02013,0.01542,0.00471,0.00437,0.00339,0.07873,0.76607,0.25566,198.66841218749997,14.7721925,27.0,0.11562,0.08526,0.00993,0.00868,0.11876,0.08757,0.97362,136.0,2.0,805.1233309374999,805.1233309374999,0.24561,0.1041,0.01468,0.01855,0.12869,0.03643,0.00145,0.0042,0.4463,0.21107,0.30389,0.27178,0.21107,0.27178,0.01948,0.01493,0.00456,0.24747,136.0,0.98,0.91,0.85,0.4,0.96,1.16,0.99,0.955,0.925,0.7,0.98,1.08,0.38866,0.61134,R,0.21504,0.23529,0.11204,0.10253,0.0156,0.01409,0.01853,0.01887,0.13312,0.13579,0.04192,0.03777,0.00205,0.00208,0.00526,0.00353,0.45645,0.45005
676113,Zach DeLoach,CWS,28,75.0,75.0,300,,floor,floor,1.0,0.0,,0.24095,0.0916,0.00577,0.00357,0.01871,0.00234,0.04278,0.14102,0.45325,0.07527,0.04322,0.00607,0.00477,0.00529,0.0003,0.00629,0.00955,0.0119,0.02255,0.01753,0.00502,0.00902,0.00704,0.09459,0.77725,0.23839,9.825999999999999,0.6141249999999999,27.8,0.11951,0.09985,0.01962,0.01816,0.13099,0.10945,0.91233,145.0,2.0,46.059374999999996,46.059374999999996,0.23854,0.09298,0.00577,0.01853,0.14031,0.04171,0.00198,0.00357,0.45661,0.22562,0.30128,0.28723,0.22562,0.28723,0.02261,0.01758,0.00504,0.23906,145.0,0.98,0.99,0.95,0.69,1.03,0.98,0.99,0.995,0.975,0.845,1.015,0.99,0.27273,0.72727,L,0.25567,0.23543,0.08726,0.09323,0.00584,0.00575,0.0205,0.01804,0.14314,0.14022,0.04128,0.04335,0.00237,0.00233,0.00362,0.00355,0.44031,0.4581
628451,Andy Ibáñez,NYM,34,26.0,974.0,483,,projected,unmodeled,,193.0,2025.0,0.19107,0.06544,0.00844,0.00622,0.01868,0.00211,0.04456,0.15413,0.50935,0.03235,0.01732,0.00282,0.00242,0.00395,0.00034,0.00487,0.00921,0.01064,0.01771,0.01375,0.00396,0.00458,0.00359,0.07769,0.77636,0.22801,127.42780312499998,8.536247187499999,27.5,0.12142,0.12065,0.01198,0.01194,0.11803,0.11729,1.02866,121.0,5.0,568.11167375,568.11167375,0.19394,0.06773,0.00844,0.01878,0.15105,0.043,0.00189,0.00622,0.50896,0.23399,0.29088,0.27797,0.23399,0.27797,0.01765,0.01371,0.00395,0.22721,121.0,1.01,0.96,0.93,0.79,1.07,1.03,1.005,0.98,0.965,0.895,1.035,1.015,0.55053,0.44947,R,0.1854,0.19802,0.06529,0.06562,0.00814,0.00881,0.02141,0.01535,0.15408,0.15419,0.04674,0.04191,0.00229,0.00189,0.00843,0.00351,0.50824,0.51071
571875,Jake Lamb,LAA,36,54.0,165.0,150,,floor,floor,1.0,0.0,,0.26481,0.08405,0.0159,0.00226,0.01862,0.00213,0.04692,0.13331,0.43202,0.07046,0.03771,0.00797,0.00303,0.00717,0.00048,0.00868,0.01369,0.01678,0.01832,0.01425,0.00407,0.00768,0.00599,0.07854,0.77791,0.23325,16.834701562499998,0.44370531249999995,,0.10859,0.09163,0.01771,0.01644,0.11933,0.1007,0.90997,108.0,2.0,77.43962718749998,77.43962718749998,0.27275,0.08363,0.0159,0.01862,0.13331,0.04457,0.00197,0.00226,0.427,0.22096,0.29799,0.29636,0.22096,0.29636,0.01829,0.01422,0.00406,0.23283,108.0,1.0,1.0,0.9,0.85,0.99,1.06,1.0,1.0,0.95,0.925,0.995,1.03,0.26,0.74,L,0.26542,0.26459,0.08486,0.08376,0.02009,0.01442,0.01243,0.0208,0.13133,0.134,0.05032,0.04572,0.00129,0.00242,0.00104,0.00269,0.43322,0.43159
621028,Kevin Newman,LAA,33,116.0,989.0,550,,projected,unmodeled,,116.0,2025.0,0.16684,0.05338,0.00645,0.008,0.0185,0.0015,0.02679,0.18419,0.53437,0.03125,0.01604,0.00245,0.00272,0.00444,0.00018,0.00358,0.00937,0.01037,0.02832,0.02226,0.00606,0.00593,0.00472,0.11605,0.78599,0.24402,123.9715171875,15.384734374999997,27.0,0.10274,0.08733,0.01056,0.00983,0.11291,0.09597,0.90997,108.0,6.0,543.9753978124999,543.9753978124999,0.17184,0.05311,0.00645,0.0185,0.18419,0.02545,0.00139,0.008,0.53108,0.24615,0.28908,0.28436,0.24615,0.28436,0.02829,0.02223,0.00605,0.24375,108.0,1.0,1.0,0.9,0.85,0.99,1.06,1.0,1.0,0.95,0.925,0.995,1.03,0.35247,0.64753,R,0.1565,0.17246,0.05696,0.05143,0.0071,0.0061,0.02103,0.01712,0.18815,0.18203,0.03072,0.02464,0.00154,0.00148,0.00676,0.00868,0.53124,0.53607
695257,Billy Cook,PIT,28,58.0,113.0,450,,projected,unmodeled,,58.0,2026.0,0.29521,0.05071,0.00982,0.00287,0.01849,0.0024,0.03968,0.14033,0.4405,0.07158,0.02931,0.00708,0.00384,0.00409,0.00042,0.00447,0.00805,0.00938,0.03954,0.03094,0.0086,0.0102,0.00806,0.19687,0.78253,0.20086,11.33475,6.564125,29.3,0.12575,0.10197,0.01915,0.01749,0.1337,0.10842,0.9405,134.0,2.0,79.392125,79.392125,0.29373,0.05045,0.00982,0.01692,0.14244,0.04305,0.00206,0.00287,0.43866,0.21825,0.26474,0.2995,0.21825,0.2995,0.03991,0.03123,0.00868,0.20271,134.0,0.83,1.03,1.17,0.72,0.99,0.99,0.915,1.015,1.085,0.86,0.995,0.995,0.3131,0.6869,R,0.28065,0.30184,0.05639,0.04812,0.00847,0.01043,0.01661,0.01935,0.1401,0.14044,0.04068,0.03922,0.00311,0.00208,0.00291,0.00285,0.45109,0.43568
686765,Nick Sogard,BOS,29,277.0,467.0,450,,projected,unmodeled,,277.0,2026.0,0.22138,0.0922,0.00895,0.0065,0.01848,0.00271,0.046,0.14179,0.46199,0.04102,0.02433,0.00402,0.00343,0.00444,0.00044,0.00506,0.00846,0.01022,0.01836,0.01429,0.00407,0.00534,0.00419,0.07559,0.77811,0.24294,94.85149999999999,5.709874999999999,27.6,0.11972,0.09149,0.01388,0.01232,0.11671,0.08919,1.02577,111.0,6.0,363.40475,363.40475,0.21806,0.09128,0.00895,0.01728,0.14533,0.0506,0.00256,0.0065,0.45944,0.24155,0.316,0.30169,0.24155,0.30169,0.01856,0.01444,0.00412,0.24556,111.0,0.87,1.05,1.2,0.89,0.98,0.97,0.935,1.025,1.1,0.945,0.99,0.985,0.26837,0.73163,S,0.23282,0.21718,0.07097,0.09999,0.00712,0.00962,0.02338,0.01668,0.15141,0.13826,0.05433,0.04294,0.00246,0.0028,0.00587,0.00672,0.45164,0.46579
640902,Jhonny Pereda,SEA,31,101.0,219.0,450,,projected,unmodeled,,101.0,2026.0,0.2272,0.08208,0.00968,0.00519,0.01845,0.00041,0.03906,0.155,0.46293,0.05457,0.03043,0.00565,0.00415,0.00428,5e-05,0.00468,0.00887,0.01035,0.00915,0.00713,0.00202,0.00471,0.00368,0.03707,0.77964,0.24676,47.91875,0.0,24.6,0.10407,0.09522,0.01571,0.0151,0.10689,0.0978,0.97362,136.0,6.0,166.76999999999998,166.76999999999998,0.24538,0.08044,0.00968,0.01827,0.14802,0.03613,0.00029,0.00519,0.4566,0.22406,0.29283,0.28772,0.22406,0.28772,0.00883,0.00688,0.00195,0.23814,136.0,0.98,0.91,0.85,0.4,0.96,1.16,0.99,0.955,0.925,0.7,0.98,1.08,0.28878,0.71122,R,0.23908,0.22238,0.09324,0.07755,0.01113,0.00909,0.02113,0.01736,0.14931,0.15731,0.04259,0.03762,0.00044,0.0004,0.00674,0.00457,0.43633,0.47372
606115,Orlando Arcia,MIN,32,50.0,1633.0,739,,projected,unmodeled,,214.0,2025.0,0.2074,0.06888,0.00461,0.00791,0.01844,0.00118,0.03149,0.15538,0.50471,0.02663,0.01416,0.00164,0.00214,0.00316,0.00012,0.00316,0.00702,0.00784,0.00552,0.00428,0.00124,0.00219,0.00171,0.02412,0.77551,0.22887,207.05955375,3.32275625,25.5,0.09392,0.08933,0.0086,0.00841,0.09397,0.08938,0.99946,142.0,8.0,948.8746243749999,948.8746243749999,0.20429,0.06819,0.00461,0.01789,0.15771,0.0337,0.00115,0.00791,0.50455,0.22892,0.28325,0.27622,0.22892,0.27622,0.00556,0.00431,0.00125,0.23051,142.0,0.94,1.03,1.14,0.95,0.98,0.97,0.97,1.015,1.07,0.975,0.99,0.985,0.25797,0.74203,R,0.22314,0.20192,0.08839,0.0621,0.00414,0.00477,0.01885,0.0183,0.14582,0.15871,0.0358,0.03,0.00131,0.00113,0.00847,0.00772,0.47408,0.51535
150352,Alex Ramirez,CHC,25,196.71794871794873,196.71794871794873,0,MiLB,floor,floor,1.0,,,0.22453,0.065,0.01177,0.00911,0.01842,0.0014,0.03728,0.16154,0.47096,0.0543,0.02731,0.00647,0.0057,0.11946,0.00957,0.10336,0.18238,0.22356,0.04914,0.03847,0.01067,0.01026,0.00815,0.20621,0.78282,0.2383,38.298548076923076,13.402375000000001,,0.11514,0.10932,,,0.11598,0.11011,,,,,,0.22453,0.065,0.01177,0.01842,0.16154,0.03728,0.0014,0.00911,0.47096,0.23919,0.29541,0.29832,0.23919,0.29832,0.04914,0.03847,0.01067,0.2383,,1.0,1.0,1.0,1.0,1.0,1.0,1.0,1.0,1.0,1.0,1.0,1.0,0.26,0.74,R,0.22453,0.22453,0.065,0.065,0.01177,0.01177,0.01842,0.01842,0.16154,0.16154,0.03728,0.03728,0.0014,0.0014,0.00911,0.00911,0.47096,0.47096
689172,Brett Wisely,ATL,28,63.0,466.0,489,,projected,unmodeled,,63.0,2025.0,0.24468,0.06879,0.0053,0.00834,0.01839,0.0069,0.03181,0.14976,0.46602,0.04685,0.02348,0.00311,0.00389,0.00389,0.00109,0.00379,0.00872,0.00997,0.02362,0.01822,0.00541,0.00669,0.00521,0.10552,0.77116,0.22386,55.68126874999999,6.08164375,27.5,0.10212,0.11307,0.01386,0.0145,0.10139,0.11227,1.00717,144.0,6.0,280.94231874999997,280.94231874999997,0.24713,0.06776,0.0053,0.01839,0.15351,0.03101,0.00631,0.00834,0.46225,0.22776,0.28228,0.2922,0.22776,0.2922,0.02391,0.01844,0.00547,0.22657,144.0,1.0,1.05,0.95,0.83,0.97,1.02,1.0,1.025,0.975,0.915,0.985,1.01,0.22617,0.77383,L,0.2791,0.23462,0.06342,0.07036,0.00697,0.00481,0.02257,0.01717,0.16054,0.14661,0.03841,0.02988,0.00675,0.00694,0.00651,0.00887,0.41573,0.48073
656185,Greg Allen,BAL,34,14.0,176.0,300,,floor,floor,1.0,14.0,2025.0,0.27018,0.07572,0.01912,0.00607,0.01835,0.00246,0.05129,0.12622,0.43059,0.0696,0.0353,0.00854,0.00484,0.00427,0.00051,0.00677,0.00827,0.01091,0.03821,0.02979,0.00841,0.01032,0.00812,0.17283,0.77978,0.22106,15.555786249999997,6.5250781249999985,,0.1455,0.11077,0.02262,0.02009,0.13116,0.09985,1.10936,147.0,2.0,74.07268687499999,74.07268687499999,0.27559,0.08102,0.01912,0.02,0.12054,0.05001,0.00214,0.00607,0.42551,0.21558,0.29283,0.28867,0.21558,0.28867,0.03814,0.02974,0.0084,0.22068,147.0,1.18,0.91,0.95,0.74,1.14,1.04,1.09,0.955,0.975,0.87,1.07,1.02,0.24299,0.75701,S,0.26474,0.27193,0.0691,0.07785,0.01609,0.02009,0.01771,0.01856,0.12979,0.12507,0.05291,0.05077,0.00205,0.00259,0.00688,0.0058,0.44073,0.42733
682729,Jonatan Clase,TOR,25,25.0,203.0,300,,projected,unmodeled,,112.0,2025.0,0.24625,0.08275,0.01376,0.00195,0.01834,0.00484,0.03935,0.14559,0.44716,0.05882,0.03202,0.00691,0.00262,0.0053,0.00098,0.00541,0.00979,0.01154,0.03152,0.02455,0.00697,0.00879,0.00691,0.13018,0.77887,0.2421,35.897625,5.346499999999999,29.4,0.10985,0.10688,0.01668,0.01648,0.11235,0.10931,0.97775,141.0,5.0,142.70225,142.70225,0.24379,0.08275,0.01376,0.0188,0.14559,0.04014,0.00406,0.00195,0.44915,0.23138,0.30511,0.29704,0.23138,0.29704,0.03152,0.02455,0.00697,0.2421,141.0,1.05,1.0,1.04,0.68,1.0,0.98,1.025,1.0,1.02,0.84,1.0,0.99,0.29529,0.70471,S,0.22928,0.25337,0.08724,0.08087,0.01582,0.0129,0.01615,0.01926,0.14558,0.1456,0.03914,0.03944,0.00504,0.00475,0.00205,0.00191,0.4597,0.4419
682927,Ronny Simon,PIT,27,68.0,156.0,150,,projected,unmodeled,,88.0,2025.0,0.19191,0.07971,0.00379,0.01082,0.01829,0.00474,0.03051,0.16587,0.49435,0.0563,0.03296,0.00399,0.00672,0.00764,0.00111,0.00622,0.01466,0.01712,0.02987,0.02342,0.00645,0.00904,0.00714,0.11979,0.78409,0.24937,30.2175,4.1225,28.7,0.12112,0.0939,0.01757,0.01573,0.12878,0.09984,0.9405,134.0,2.0,121.38,121.38,0.19095,0.07931,0.00379,0.01674,0.16836,0.03311,0.00408,0.01082,0.49285,0.24532,0.30539,0.29431,0.24532,0.29431,0.03012,0.02362,0.0065,0.25146,134.0,0.83,1.03,1.17,0.72,0.99,0.99,0.915,1.015,1.085,0.86,0.995,0.995,0.25281,0.74719,S,0.20374,0.1879,0.07589,0.081,0.00426,0.00363,0.02365,0.01648,0.16623,0.16575,0.02852,0.03119,0.00514,0.00461,0.00867,0.01154,0.48389,0.49789
609280,Miguel Andujar,SD,32,254.0,1144.0,702,,projected,unmodeled,,341.0,2025.0,0.15515,0.05008,0.00727,0.00535,0.0182,0.00175,0.04315,0.185,0.53404,0.02615,0.01341,0.00243,0.00208,0.00342,0.00041,0.00432,0.0083,0.00945,0.01636,0.01267,0.00369,0.004,0.00313,0.06752,0.77457,0.24235,181.16192906249998,10.455664062499999,27.3,0.10761,0.11762,0.01001,0.01041,0.10671,0.11663,1.00847,135.0,5.0,767.2776812499999,767.2776812499999,0.15593,0.05083,0.00727,0.01874,0.18223,0.04035,0.00149,0.00535,0.53781,0.25926,0.30091,0.29409,0.25926,0.29409,0.01623,0.01257,0.00366,0.24033,135.0,1.06,0.97,0.87,0.7,1.03,1.01,1.03,0.985,0.935,0.85,1.015,1.005,0.25763,0.74237,R,0.16686,0.15109,0.05836,0.0472,0.00612,0.00767,0.02057,0.01737,0.20118,0.17939,0.0443,0.04276,0.0013,0.00191,0.00475,0.00556,0.49655,0.54706
596129,Daniel Vogelbach,TOR,34,79.0,859.0,150,,floor,floor,1.0,0.0,,0.24173,0.13147,0.00415,0.00165,0.0182,0.00056,0.03994,0.13336,0.42894,0.03995,0.02684,0.0021,0.00133,0.0065,8e-05,0.00714,0.01253,0.01528,0.00381,0.00297,0.00084,0.0025,0.00195,0.01416,0.77964,0.26898,112.03482374999999,0.0,23.9,0.10033,0.12229,0.01192,0.01299,0.10261,0.12507,0.97775,141.0,5.0,419.58401781249995,419.58401781249995,0.23932,0.13147,0.00415,0.01865,0.13336,0.04074,0.00047,0.00165,0.43019,0.22397,0.32884,0.28866,0.22397,0.28866,0.00381,0.00297,0.00084,0.26898,141.0,1.05,1.0,1.04,0.68,1.0,0.98,1.025,1.0,1.02,0.84,1.0,0.99,0.19355,0.80645,L,0.23747,0.24276,0.10096,0.13879,0.00612,0.00368,0.01281,0.01949,0.13964,0.13185,0.03883,0.04021,0.00068,0.00053,0.00225,0.00151,0.46123,0.42119
672695,Geraldo Perdomo,ARI,27,680.0,2783.0,1032,,projected,unmodeled,,720.0,2025.0,0.14691,0.12296,0.01044,0.01067,0.0182,0.00524,0.04282,0.15625,0.4865,0.0172,0.01358,0.0019,0.00192,0.00294,0.00067,0.00334,0.00619,0.00726,0.03829,0.02976,0.00853,0.00408,0.00331,0.13219,0.7773,0.28966,528.423548125,71.6546334375,27.0,0.13374,0.10884,0.00804,0.00734,0.12069,0.09822,1.10811,109.0,2.0,1816.7262499999997,1816.7262499999997,0.13956,0.12235,0.01044,0.01757,0.1586,0.04496,0.00805,0.01067,0.4878,0.26756,0.36197,0.30255,0.26756,0.30255,0.03852,0.02994,0.00858,0.29139,109.0,0.93,1.03,1.1,2.07,0.99,0.9,0.965,1.015,1.05,1.535,0.995,0.95,0.29728,0.70272,S,0.11906,0.15868,0.10383,0.13105,0.0052,0.01266,0.01527,0.01945,0.19076,0.14166,0.03842,0.04469,0.00364,0.00592,0.0114,0.01036,0.51243,0.47552
691594,Javier Sanoja,MIA,24,490.0,868.0,585,,projected,unmodeled,,490.0,2026.0,0.1114,0.05824,0.00305,0.00586,0.01814,0.00319,0.05022,0.17077,0.57913,0.02387,0.01513,0.00179,0.00248,0.00421,0.00039,0.00528,0.00826,0.00994,0.03259,0.02495,0.00764,0.00572,0.00447,0.14042,0.76558,0.23206,149.011375,21.5475,28.6,0.10636,0.12071,0.01012,0.01069,0.11086,0.12582,0.9594,146.0,5.0,685.7035,685.7035,0.10917,0.05882,0.00305,0.01696,0.17163,0.05098,0.00383,0.00586,0.57971,0.26108,0.30527,0.28089,0.26108,0.28089,0.03279,0.0251,0.00769,0.2335,146.0,0.87,1.01,1.03,1.4,1.02,0.96,0.935,1.005,1.015,1.2,1.01,0.98,0.33521,0.66479,R,0.13653,0.09872,0.06087,0.05691,0.00446,0.00235,0.02001,0.0172,0.1727,0.1698,0.05019,0.05024,0.00216,0.00371,0.00493,0.00633,0.54817,0.59474
690987,Robert Hassell III,WSH,25,206.0,206.0,150,,projected,unmodeled,,206.0,2025.0,0.26962,0.05725,0.00663,0.00193,0.01807,0.00498,0.03926,0.14659,0.45566,0.05984,0.02667,0.00479,0.00259,0.00723,0.00083,0.00794,0.01418,0.01683,0.0216,0.01691,0.00469,0.00716,0.00564,0.10265,0.78278,0.21047,29.622499999999995,2.8899999999999997,28.2,0.11722,0.10552,0.01737,0.01659,0.11547,0.10394,1.01514,120.0,5.0,148.83499999999998,148.83499999999998,0.26153,0.05725,0.00663,0.01852,0.14953,0.03907,0.00478,0.00193,0.46076,0.22682,0.27577,0.29562,0.22682,0.29562,0.02191,0.01715,0.00476,0.2134,120.0,1.05,1.04,0.99,0.92,1.0,0.94,1.025,1.02,0.995,0.96,1.0,0.97,0.22167,0.77833,L,0.26018,0.27231,0.06827,0.05411,0.00899,0.00595,0.01798,0.01809,0.1506,0.14545,0.03802,0.03962,0.00557,0.00481,0.00221,0.00185,0.44818,0.4578
665750,Leody Taveras,BAL,28,482.0,2086.0,672,,projected,unmodeled,,482.0,2026.0,0.23679,0.07139,0.00226,0.00672,0.018,0.00502,0.0365,0.15401,0.4693,0.02412,0.01244,0.00102,0.00175,0.0035,0.00066,0.00353,0.00729,0.00832,0.0432,0.03347,0.00974,0.00487,0.00394,0.18977,0.77464,0.22766,285.77002124999996,55.725022499999994,28.9,0.11139,0.10352,0.00814,0.00789,0.11056,0.10275,1.00754,110.0,6.0,1305.1170990624998,1305.1170990624998,0.23679,0.0696,0.00226,0.01881,0.15555,0.03632,0.00522,0.00672,0.46872,0.23432,0.28777,0.29602,0.23432,0.29602,0.04316,0.03343,0.00973,0.22741,110.0,1.09,1.02,0.99,1.08,0.95,1.0,1.045,1.01,0.995,1.04,0.975,1.0,0.24946,0.75054,S,0.26445,0.2276,0.07884,0.06891,0.00293,0.00204,0.01276,0.01975,0.1651,0.15032,0.03,0.03866,0.00161,0.00616,0.00617,0.0069,0.43813,0.47966
694377,Nick Yorke,PIT,25,117.0,231.0,450,,projected,unmodeled,,117.0,2026.0,0.22579,0.0748,0.00931,0.00821,0.01797,0.00264,0.05059,0.15532,0.45537,0.05341,0.02861,0.00544,0.00511,0.00431,0.00058,0.00592,0.00871,0.01042,0.0209,0.01636,0.00454,0.00709,0.00558,0.08729,0.78268,0.23944,40.77875,2.80075,27.7,0.09503,0.10646,0.01459,0.01534,0.10105,0.11319,0.9405,134.0,6.0,177.26325,177.26325,0.22466,0.07443,0.00931,0.01644,0.15765,0.05489,0.00227,0.00821,0.45214,0.25467,0.31499,0.32208,0.25467,0.32208,0.02107,0.01649,0.00458,0.24139,134.0,0.83,1.03,1.17,0.72,0.99,0.99,0.915,1.015,1.085,0.86,0.995,0.995,0.33179,0.66821,R,0.23177,0.22282,0.07561,0.0744,0.00723,0.01034,0.01713,0.01838,0.16667,0.14969,0.05223,0.04978,0.00271,0.0026,0.00888,0.00787,0.43777,0.46411
677956,Rece Hinds,BAL,26,71.0,166.0,450,,projected,unmodeled,,71.0,2026.0,0.33337,0.07113,0.01177,0.01038,0.01784,0.00473,0.03891,0.12561,0.38626,0.06708,0.03113,0.00686,0.00645,0.00406,0.00124,0.00454,0.00758,0.00888,0.02124,0.01659,0.00465,0.00783,0.00614,0.10187,0.78099,0.20851,14.966375,1.2282499999999998,28.8,0.10998,0.11464,0.01747,0.01779,0.10916,0.11378,1.00754,110.0,5.0,123.460375,123.460375,0.33337,0.06935,0.01177,0.01864,0.12687,0.03871,0.00492,0.01038,0.38598,0.2082,0.27027,0.30639,0.2082,0.30639,0.02119,0.01655,0.00464,0.20799,110.0,1.09,1.02,0.99,1.08,0.95,1.0,1.045,1.01,0.995,1.04,0.975,1.0,0.3388,0.6612,R,0.35728,0.32112,0.08322,0.06494,0.00944,0.01296,0.01421,0.0197,0.12398,0.12645,0.03538,0.04071,0.00398,0.00512,0.0107,0.01021,0.36182,0.39878
686452,Drew Millas,WSH,29,152.0,302.0,450,,projected,unmodeled,,152.0,2026.0,0.21971,0.08764,0.0102,0.00407,0.01778,0.00209,0.0401,0.1476,0.47082,0.04891,0.02843,0.00513,0.00325,0.00449,0.00036,0.00495,0.00827,0.01008,0.02323,0.01813,0.0051,0.00704,0.00553,0.09464,0.7806,0.24543,54.280681249999994,4.751499999999999,27.6,0.11217,0.09619,0.01545,0.01443,0.1105,0.09476,1.01514,120.0,6.0,224.23945625,224.23945625,0.21312,0.08764,0.0102,0.01823,0.15055,0.0399,0.00201,0.00407,0.4743,0.23459,0.30851,0.28865,0.23459,0.28865,0.02351,0.01835,0.00516,0.24838,120.0,1.05,1.04,0.99,0.92,1.0,0.94,1.025,1.02,0.995,0.96,1.0,0.97,0.21748,0.78252,S,0.27142,0.20534,0.09999,0.0842,0.00881,0.01058,0.01974,0.01724,0.14819,0.14743,0.03889,0.04043,0.00198,0.00213,0.00421,0.00403,0.40676,0.48862
673490,Ha-Seong Kim,ATL,31,147.0,2016.0,635,,projected,unmodeled,,191.0,2025.0,0.1934,0.10596,0.00758,0.00694,0.01775,0.00176,0.03097,0.15569,0.47994,0.02389,0.01585,0.00189,0.00181,0.00331,0.00021,0.00344,0.00772,0.00869,0.04756,0.03744,0.01011,0.00553,0.00452,0.17664,0.7874,0.26923,294.30838281249993,54.807543124999995,27.7,0.11292,0.09515,0.00869,0.00806,0.11212,0.09447,1.00717,144.0,6.0,1136.5986543749998,1136.5986543749998,0.19534,0.10437,0.00758,0.01775,0.15958,0.0302,0.00161,0.00694,0.47663,0.23736,0.32109,0.2865,0.23736,0.2865,0.04796,0.03777,0.0102,0.27153,144.0,1.0,1.05,0.95,0.83,0.97,1.02,1.0,1.025,0.975,0.915,0.985,1.01,0.30754,0.69246,R,0.16969,0.20394,0.10203,0.1077,0.00536,0.00857,0.01809,0.0176,0.15763,0.15482,0.03804,0.02783,0.00206,0.00163,0.00462,0.00798,0.50248,0.46994
681962,Vinny Capra,CWS,30,105.0,142.0,450,,projected,unmodeled,,105.0,2025.0,0.23153,0.06429,0.00854,0.0115,0.01774,0.00223,0.03985,0.14549,0.47884,0.06418,0.03176,0.00616,0.00714,0.00396,0.00021,0.00396,0.00805,0.00948,0.02439,0.01906,0.00534,0.00892,0.00701,0.11174,0.78122,0.21831,9.392499999999998,1.4449999999999998,28.3,0.10469,0.09077,0.01751,0.01644,0.11475,0.0995,0.91233,145.0,6.0,75.8625,75.8625,0.22922,0.06525,0.00854,0.01756,0.14476,0.03885,0.00189,0.0115,0.48243,0.22199,0.27685,0.27772,0.22199,0.27772,0.02442,0.01908,0.00534,0.21854,145.0,0.98,0.99,0.95,0.69,1.03,0.98,0.99,0.995,0.975,0.845,1.015,0.99,0.35669,0.64331,R,0.2366,0.22873,0.05659,0.06855,0.00935,0.00809,0.01823,0.01747,0.15609,0.13961,0.03742,0.04119,0.0022,0.00226,0.01128,0.01162,0.47224,0.48249
502054,Tommy Pham,CWS,39,35.0,2065.0,803,,projected,unmodeled,,449.0,2025.0,0.2307,0.09391,0.00648,0.00818,0.01773,0.00197,0.04061,0.15168,0.44873,0.0251,0.01479,0.00173,0.00194,0.00299,0.0002,0.00329,0.00644,0.00729,0.02602,0.02025,0.00577,0.00417,0.00332,0.10323,0.77821,0.25207,289.01186281249994,29.852164687499993,27.2,0.10755,0.10392,0.00793,0.00782,0.11789,0.11391,0.91233,145.0,5.0,1174.773960625,1174.773960625,0.22839,0.09532,0.00648,0.01755,0.15092,0.0396,0.00167,0.00818,0.45189,0.23566,0.31154,0.29839,0.23566,0.29839,0.02609,0.0203,0.00579,0.25272,145.0,0.98,0.99,0.95,0.69,1.03,0.98,0.99,0.995,0.975,0.845,1.015,0.99,0.27711,0.72289,R,0.21228,0.23776,0.10739,0.08875,0.00495,0.00707,0.02367,0.01545,0.14268,0.15513,0.03301,0.04353,0.00143,0.00218,0.00896,0.00789,0.46563,0.44226
643393,Tony Kemp,BAL,35,10.0,987.0,150,,floor,floor,1.0,0.0,,0.12998,0.09086,0.01396,0.00614,0.01768,0.00206,0.04904,0.17099,0.51929,0.0299,0.02175,0.00359,0.00239,0.00731,0.00049,0.00956,0.01585,0.01911,0.0335,0.02624,0.00725,0.00701,0.00557,0.12145,0.78348,0.27581,115.07627781249998,15.242582499999997,,0.12257,0.09488,0.01244,0.01113,0.12712,0.09841,0.9642,133.0,2.0,466.3081831249999,466.3081831249999,0.12413,0.09586,0.01396,0.02077,0.17697,0.05296,0.00172,0.00614,0.50748,0.28554,0.36225,0.31341,0.28554,0.31341,0.03483,0.02729,0.00754,0.28679,133.0,1.35,1.07,1.16,0.67,1.11,0.91,1.175,1.035,1.08,0.835,1.055,0.955,0.24762,0.75238,L,0.18173,0.11295,0.09638,0.08905,0.01403,0.01394,0.02219,0.0162,0.18064,0.16781,0.04885,0.0491,0.0026,0.00189,0.00623,0.00611,0.44735,0.54296
676694,Jake Meyers,HOU,31,153.0,1548.0,784,,projected,unmodeled,,381.0,2025.0,0.22331,0.07251,0.01345,0.00587,0.01766,0.0032,0.04111,0.14416,0.47873,0.02709,0.01436,0.00285,0.00189,0.00293,0.00031,0.00354,0.00647,0.00737,0.03071,0.02371,0.007,0.00468,0.00371,0.13347,0.7721,0.23012,229.98319312499999,31.3054096875,27.9,0.11272,0.09225,0.00926,0.00847,0.11256,0.09213,1.0014,117.0,6.0,969.3656062499999,969.3656062499999,0.23113,0.07287,0.01345,0.01881,0.142,0.04029,0.00293,0.00587,0.47266,0.22474,0.29034,0.28154,0.22474,0.28154,0.03047,0.02353,0.00695,0.22832,117.0,1.13,0.97,0.96,0.83,1.01,1.07,1.065,0.985,0.98,0.915,1.005,1.035,0.25982,0.74018,R,0.22132,0.22401,0.0687,0.07384,0.01523,0.01282,0.01902,0.01718,0.14072,0.14537,0.04834,0.03858,0.00282,0.00333,0.00458,0.00632,0.47927,0.47855
660844,Leo Rivas,SEA,29,148.0,345.0,450,,projected,unmodeled,,148.0,2026.0,0.25104,0.11889,0.01622,0.00601,0.01765,0.00202,0.0372,0.11741,0.43356,0.04869,0.03094,0.00612,0.00374,0.004,0.00026,0.00441,0.00729,0.00897,0.02648,0.02087,0.00561,0.00695,0.00553,0.10487,0.78799,0.25252,73.89474999999999,7.877374999999999,27.5,0.11291,0.09365,0.01455,0.0134,0.11597,0.09618,0.97362,136.0,6.0,258.81225,258.81225,0.27112,0.11651,0.01622,0.01747,0.11212,0.03441,0.00141,0.00601,0.42472,0.19207,0.29816,0.25835,0.19207,0.25835,0.02568,0.02023,0.00544,0.24486,136.0,0.98,0.91,0.85,0.4,0.96,1.16,0.99,0.955,0.925,0.7,0.98,1.08,0.31927,0.68073,S,0.2308,0.26053,0.10409,0.12583,0.01222,0.0181,0.01733,0.0178,0.11559,0.11826,0.04246,0.03474,0.00142,0.0023,0.00466,0.00664,0.47143,0.41581
663905,Travis Blankenhorn,WSH,30,32.0,72.0,150,,floor,floor,1.0,0.0,,0.22381,0.08705,0.00589,0.00364,0.01754,0.00308,0.03968,0.15242,0.4669,0.07485,0.04309,0.00619,0.00487,0.00699,0.00064,0.00764,0.01494,0.01737,0.01958,0.01527,0.00432,0.00876,0.00685,0.07981,0.77964,0.24536,7.676562499999999,0.0,26.3,0.11066,0.11253,0.02047,0.02062,0.10901,0.11085,1.01514,120.0,5.0,38.96623124999999,38.96623124999999,0.21709,0.08705,0.00589,0.01798,0.15547,0.03948,0.00296,0.00364,0.47045,0.23896,0.30882,0.29611,0.23896,0.29611,0.01983,0.01546,0.00437,0.24841,120.0,1.05,1.04,0.99,0.92,1.0,0.94,1.025,1.02,0.995,0.96,1.0,0.97,0.23276,0.76724,L,0.22249,0.2242,0.08759,0.08688,0.00379,0.00652,0.01182,0.01927,0.16936,0.14729,0.03938,0.03976,0.00282,0.00316,0.0023,0.00404,0.46045,0.46886
670231,John Rave,KC,29,161.0,336.0,300,,projected,unmodeled,,175.0,2025.0,0.24177,0.09888,0.00456,0.00373,0.01752,0.00823,0.03439,0.14234,0.44857,0.04778,0.02836,0.0033,0.00299,0.00501,0.00133,0.00485,0.00949,0.01147,0.0451,0.03533,0.00976,0.00913,0.00726,0.18348,0.78349,0.24577,58.65,14.1525,28.8,0.12667,0.09397,0.01508,0.01324,0.13222,0.09808,0.95808,118.0,2.0,263.28749999999997,263.28749999999997,0.22847,0.09888,0.00456,0.01656,0.14376,0.03749,0.01091,0.00373,0.45564,0.23377,0.31215,0.29664,0.23377,0.29664,0.04536,0.03554,0.00982,0.24719,118.0,0.89,1.02,1.18,1.65,1.0,0.89,0.945,1.01,1.09,1.325,1.0,0.945,0.21269,0.78731,L,0.24607,0.24061,0.08485,0.10267,0.0068,0.00395,0.01517,0.01816,0.15855,0.13796,0.03213,0.035,0.01301,0.00694,0.0039,0.00369,0.43951,0.45102
664761,Alec Bohm,PHI,30,629.0,2981.0,1096,,projected,unmodeled,,629.0,2026.0,0.15586,0.06623,0.00977,0.01096,0.01711,0.00246,0.04203,0.17167,0.52392,0.01738,0.01015,0.00178,0.00188,0.00229,0.00028,0.0031,0.00631,0.00696,0.00764,0.00595,0.0017,0.00189,0.00149,0.03086,0.77786,0.24766,461.89307593749993,12.2724328125,26.5,0.10768,0.13648,0.00699,0.00775,0.10275,0.13024,1.04798,143.0,5.0,1869.8736209375002,1869.8736209375002,0.15898,0.06457,0.00977,0.0183,0.17338,0.04161,0.00251,0.01096,0.51991,0.25779,0.31014,0.29495,0.25779,0.29495,0.00765,0.00595,0.0017,0.24772,143.0,1.14,1.02,0.98,1.04,0.95,1.04,1.07,1.01,0.99,1.02,0.975,1.02,0.28726,0.71274,R,0.14021,0.16217,0.06499,0.06673,0.00674,0.01098,0.02411,0.01429,0.16711,0.1735,0.0551,0.03676,0.00195,0.00266,0.00984,0.01141,0.52995,0.52149
592273,Brandon Drury,LAA,34,360.0,1451.0,403,,floor,floor,1.0,0.0,,0.23512,0.06495,0.0143,0.0082,0.01697,0.00091,0.02942,0.14495,0.48517,0.03101,0.01534,0.00303,0.0023,0.00433,0.00012,0.00432,0.00867,0.0101,0.00846,0.00654,0.00193,0.003,0.00233,0.03775,0.77218,0.22421,153.0844740625,3.8766640624999993,26.0,0.10878,0.11039,0.0096,0.00966,0.11954,0.12131,0.90997,108.0,4.0,746.1188862499998,746.1188862499998,0.24217,0.06463,0.0143,0.01697,0.14495,0.02795,0.00084,0.0082,0.47998,0.20891,0.26964,0.26577,0.20891,0.26577,0.00845,0.00653,0.00193,0.22388,108.0,1.0,1.0,0.9,0.85,0.99,1.06,1.0,1.0,0.95,0.925,0.995,1.03,0.23571,0.76429,R,0.25087,0.23026,0.06289,0.06559,0.009,0.01594,0.01872,0.01644,0.15613,0.1415,0.03065,0.02904,0.00065,0.00099,0.00807,0.00824,0.46303,0.492
545121,Ildemaro Vargas,ARI,35,486.0,1418.0,606,,projected,unmodeled,,486.0,2026.0,0.11066,0.05607,0.00727,0.00704,0.01687,0.00314,0.04777,0.18741,0.56376,0.02075,0.01295,0.00219,0.00216,0.00396,0.00041,0.00525,0.00931,0.01069,0.0181,0.01401,0.00408,0.00398,0.00313,0.07218,0.77431,0.25076,215.17764875,14.20245875,27.1,0.12184,0.13672,0.01029,0.01082,0.10995,0.12338,1.10811,109.0,5.0,934.3987418749998,934.3987418749998,0.10513,0.05579,0.00727,0.01628,0.19022,0.05016,0.00482,0.00704,0.56329,0.28119,0.32454,0.30328,0.28119,0.30328,0.01828,0.01416,0.00413,0.25329,109.0,0.93,1.03,1.1,2.07,0.99,0.9,0.965,1.015,1.05,1.535,0.995,0.95,0.36306,0.63694,S,0.11927,0.10575,0.04622,0.06168,0.00738,0.00721,0.02369,0.01298,0.19615,0.18243,0.06138,0.04001,0.00215,0.0037,0.00553,0.00791,0.53822,0.57832
696285,Jacob Young,WSH,27,471.0,1477.0,815,,projected,unmodeled,,471.0,2026.0,0.1829,0.06949,0.01663,0.00421,0.01687,0.00515,0.0292,0.17606,0.49949,0.02428,0.0136,0.00324,0.00164,0.00334,0.00077,0.00268,0.00687,0.00763,0.0665,0.05137,0.01512,0.00647,0.00528,0.25362,0.77257,0.26218,260.4729375,70.67845625,29.1,0.11964,0.09302,0.00927,0.0083,0.11785,0.09164,1.01514,120.0,6.0,1046.4618812499998,1046.4618812499998,0.17741,0.06949,0.01663,0.01729,0.17958,0.02905,0.00495,0.00421,0.50138,0.2538,0.317,0.29873,0.2538,0.29873,0.06739,0.05206,0.01533,0.2657,120.0,1.05,1.04,0.99,0.92,1.0,0.94,1.025,1.02,0.995,0.96,1.0,0.97,0.31105,0.68895,R,0.17809,0.18507,0.08058,0.06448,0.01594,0.01694,0.01747,0.0166,0.18094,0.17386,0.03281,0.02757,0.00407,0.00564,0.00448,0.00409,0.48561,0.50575
570482,Gio Urshela,OAK,35,197.0,1437.0,678,,projected,unmodeled,,197.0,2025.0,0.17639,0.06232,0.00323,0.01091,0.01683,0.00087,0.04283,0.16994,0.51669,0.02719,0.01468,0.00146,0.00267,0.0033,0.00015,0.00407,0.00793,0.00906,0.00513,0.00398,0.00115,0.00222,0.00173,0.0218,0.77506,0.23548,189.73563468749998,3.7762365624999994,24.2,0.08816,0.10734,0.00884,0.00964,0.09144,0.11133,0.9642,133.0,6.0,788.9431771874999,788.9431771874999,0.16845,0.06574,0.00323,0.01978,0.17589,0.04626,0.00072,0.01091,0.50902,0.26371,0.31161,0.30451,0.26371,0.30451,0.00534,0.00414,0.0012,0.24486,133.0,1.35,1.07,1.16,0.67,1.11,0.91,1.175,1.035,1.08,0.835,1.055,0.955,0.24009,0.75991,R,0.1905,0.17193,0.07466,0.05842,0.0034,0.00317,0.01475,0.01749,0.15236,0.17549,0.04833,0.04109,0.00088,0.00086,0.01305,0.01024,0.50207,0.5213
676701,Alan Trejo,COL,31,43.0,462.0,300,,projected,unmodeled,,43.0,2025.0,0.22227,0.06063,0.00903,0.00656,0.0168,0.00132,0.0232,0.1719,0.4883,0.04753,0.02322,0.00406,0.00346,0.00449,0.00026,0.00347,0.01107,0.01193,0.02127,0.01654,0.00473,0.00682,0.00534,0.08806,0.77756,0.24156,50.67226656249999,4.463153437499999,26.2,0.10257,0.09687,0.01392,0.01357,0.10848,0.10244,0.9456,115.0,6.0,246.17245781249994,246.17245781249994,0.21115,0.05942,0.00903,0.01747,0.18479,0.02587,0.00208,0.00656,0.48364,0.24887,0.29865,0.3055,0.24887,0.3055,0.0223,0.01734,0.00496,0.25324,115.0,1.08,1.15,1.23,2.14,0.96,0.9,1.04,1.075,1.115,1.57,0.98,0.95,0.26452,0.73548,R,0.24428,0.21435,0.0733,0.05607,0.00708,0.00973,0.01639,0.01694,0.15555,0.17778,0.02319,0.02321,0.00144,0.00128,0.0077,0.00614,0.47107,0.49449
666023,Freddy Fermin,SD,32,265.0,1222.0,706,,projected,unmodeled,,347.0,2025.0,0.19922,0.0657,0.00683,0.00734,0.0168,0.00136,0.03531,0.1633,0.50415,0.02789,0.01473,0.00228,0.00236,0.00329,0.00014,0.00346,0.00729,0.00831,0.01007,0.00779,0.00228,0.00306,0.00238,0.04269,0.77393,0.23584,193.29796875,5.09575,27.4,0.10329,0.10068,0.00955,0.00944,0.10242,0.09984,1.00847,135.0,6.0,824.62696875,824.62696875,0.20022,0.06669,0.00683,0.0173,0.16085,0.03301,0.00115,0.00734,0.50661,0.23099,0.28584,0.27795,0.23099,0.27795,0.01001,0.00774,0.00226,0.23437,135.0,1.06,0.97,0.87,0.7,1.03,1.01,1.03,0.985,0.935,0.85,1.015,1.005,0.30254,0.69746,R,0.1975,0.19997,0.07002,0.06383,0.00718,0.00668,0.01767,0.01642,0.152,0.16821,0.03656,0.03476,0.00144,0.00132,0.00407,0.00875,0.51357,0.50006
607732,Jacob Stallings,BAL,37,129.0,1070.0,329,,projected,unmodeled,,129.0,2025.0,0.2395,0.08283,0.01904,0.00483,0.0168,0.00072,0.04045,0.13737,0.45847,0.03481,0.01914,0.00403,0.00204,0.00427,0.0001,0.00529,0.00957,0.01112,0.00278,0.00216,0.00062,0.00189,0.00148,0.01162,0.77791,0.23924,133.39770374999998,0.44370531249999995,23.6,0.09472,0.10614,0.01053,0.01107,0.09401,0.10535,1.00754,110.0,7.0,580.2281899999999,580.2281899999999,0.2395,0.08076,0.01904,0.01755,0.13874,0.04024,0.00074,0.00483,0.45859,0.22033,0.29708,0.28157,0.22033,0.28157,0.00277,0.00216,0.00062,0.23854,110.0,1.09,1.02,0.99,1.08,0.95,1.0,1.045,1.01,0.995,1.04,0.975,1.0,0.31639,0.68361,R,0.25379,0.23289,0.09174,0.07871,0.01603,0.02043,0.02159,0.01457,0.13045,0.14057,0.04037,0.04048,0.00105,0.00056,0.00582,0.00437,0.43916,0.46741
678011,Anthony Seigler,BOS,28,173.0,246.0,300,,projected,unmodeled,,173.0,2026.0,0.19232,0.09856,0.00888,0.0109,0.01675,0.00183,0.03594,0.16857,0.46625,0.04842,0.03117,0.00519,0.00574,0.00523,0.00031,0.0053,0.01189,0.01328,0.02036,0.01594,0.00442,0.00727,0.00572,0.07375,0.78305,0.27601,48.45,3.1449999999999996,25.6,0.11877,0.09619,0.01642,0.01496,0.11579,0.09378,1.02577,111.0,6.0,199.79249999999996,199.79249999999996,0.18944,0.09757,0.00888,0.01566,0.17279,0.03953,0.00173,0.0109,0.46351,0.26025,0.33616,0.31592,0.26025,0.31592,0.0206,0.01613,0.00447,0.27924,111.0,0.87,1.05,1.2,0.89,0.98,0.97,0.935,1.025,1.1,0.945,0.99,0.985,0.21973,0.78027,S,0.1952,0.19151,0.08934,0.10115,0.00818,0.00908,0.0205,0.01569,0.16359,0.16998,0.03381,0.03654,0.00158,0.0019,0.01137,0.01077,0.47642,0.46339
695336,Thomas Saggese,STL,25,180.0,527.0,495,,projected,unmodeled,,295.0,2025.0,0.26605,0.06486,0.00806,0.00915,0.01671,0.00265,0.04403,0.15418,0.43432,0.04212,0.01998,0.00363,0.00386,0.00379,0.0003,0.00479,0.00825,0.0093,0.0206,0.01605,0.00455,0.00546,0.0043,0.09069,0.77917,0.2271,92.54374999999999,7.267499999999999,28.2,0.10858,0.09069,0.01248,0.01153,0.11232,0.09381,0.96671,138.0,6.0,398.072,398.072,0.25408,0.06291,0.00806,0.0147,0.15957,0.04557,0.00225,0.00915,0.44371,0.24144,0.29307,0.31852,0.24144,0.31852,0.02091,0.01629,0.00462,0.23055,138.0,0.76,1.07,1.07,0.7,0.94,0.91,0.88,1.035,1.035,0.85,0.97,0.955,0.26272,0.73728,R,0.28911,0.25783,0.07692,0.06056,0.00651,0.00862,0.02611,0.01335,0.14969,0.15578,0.03583,0.04695,0.00409,0.00213,0.01012,0.0088,0.40162,0.44598
595281,Kevin Kiermaier,LAD,37,281.0,910.0,186,,floor,floor,1.0,0.0,,0.252,0.06372,0.00797,0.00561,0.01669,0.00785,0.02929,0.15391,0.46296,0.03823,0.01831,0.00283,0.00237,0.00624,0.00264,0.00552,0.01255,0.0146,0.03289,0.02584,0.00705,0.00649,0.00518,0.14579,0.78566,0.2256,100.44474968749998,15.849030937499997,28.7,0.13835,0.10856,0.01423,0.0128,0.12141,0.09526,1.13954,119.0,2.0,483.60654906249994,483.60654906249994,0.25452,0.06435,0.00797,0.01861,0.14929,0.02856,0.00644,0.00561,0.46465,0.22004,0.27522,0.28398,0.22004,0.28398,0.03231,0.02538,0.00693,0.22162,119.0,1.23,0.94,0.95,0.64,1.02,1.02,1.115,0.97,0.975,0.82,1.01,1.01,0.22661,0.77339,L,0.24996,0.2526,0.06807,0.06244,0.01024,0.00731,0.01335,0.01767,0.16575,0.15044,0.03051,0.02893,0.00472,0.00877,0.00452,0.00593,0.45287,0.46592
807799,Masataka Yoshida,BOS,33,297.0,1503.0,653,,projected,unmodeled,,297.0,2026.0,0.13364,0.06952,0.01762,0.0073,0.01667,0.00167,0.04564,0.17107,0.53687,0.02221,0.01413,0.00331,0.00214,0.00381,0.00019,0.00453,0.00801,0.00954,0.01094,0.00863,0.0023,0.003,0.00239,0.04235,0.7894,0.25821,250.45940624999994,9.271799999999999,26.1,0.1119,0.11822,0.00938,0.00961,0.10909,0.11525,1.02577,111.0,5.0,961.8727499999998,961.8727499999998,0.13163,0.06882,0.01762,0.01559,0.17535,0.0502,0.00158,0.0073,0.53191,0.26783,0.32917,0.29923,0.26783,0.29923,0.01109,0.00875,0.00233,0.26179,111.0,0.87,1.05,1.2,0.89,0.98,0.97,0.935,1.025,1.1,0.945,0.99,0.985,0.19768,0.80232,L,0.15395,0.12863,0.07977,0.06699,0.01558,0.01812,0.01505,0.01707,0.15487,0.17506,0.03816,0.04748,0.00187,0.00162,0.00739,0.00728,0.53336,0.53774
623520,David Bote,CHC,34,48.0,175.0,150,,floor,floor,1.0,0.0,,0.27039,0.0665,0.0192,0.00609,0.01666,0.00184,0.02658,0.1541,0.43865,0.0693,0.03309,0.00858,0.00486,0.00678,0.00036,0.00529,0.01313,0.01473,0.01791,0.01398,0.00394,0.00755,0.00591,0.07471,0.78013,0.23979,19.793248749999997,0.44370531249999995,26.9,0.12813,0.12344,0.02097,0.02063,0.11551,0.11128,1.10928,112.0,5.0,85.82857468749998,85.82857468749998,0.27175,0.06716,0.0192,0.01716,0.15256,0.02406,0.00203,0.00609,0.44,0.21575,0.28216,0.28877,0.21575,0.28877,0.01785,0.01392,0.00392,0.23892,112.0,1.06,0.98,0.81,1.21,1.02,1.01,1.03,0.99,0.905,1.105,1.01,1.005,0.33871,0.66129,R,0.28862,0.26106,0.0688,0.06531,0.01633,0.02066,0.01361,0.01822,0.14789,0.15728,0.02991,0.02488,0.00183,0.00185,0.00665,0.00581,0.42636,0.44494
681508,Mickey Gasper,BOS,31,225.0,358.0,450,,projected,unmodeled,,225.0,2026.0,0.19439,0.10679,0.02259,0.00583,0.01663,0.00278,0.0304,0.15069,0.4699,0.04291,0.02851,0.00709,0.00363,0.00354,0.00044,0.00322,0.00845,0.00939,0.01628,0.01267,0.00362,0.00601,0.0047,0.05813,0.77794,0.28007,69.0625,2.295,26.7,0.12729,0.11453,0.01559,0.01489,0.12409,0.11165,1.02577,111.0,3.0,270.725,270.725,0.19147,0.10572,0.02259,0.01555,0.15446,0.03344,0.00263,0.00583,0.46831,0.238,0.33439,0.28918,0.238,0.28918,0.01644,0.01279,0.00365,0.28277,111.0,0.87,1.05,1.2,0.89,0.98,0.97,0.935,1.025,1.1,0.945,0.99,0.985,0.21505,0.78495,S,0.2347,0.18334,0.0974,0.10936,0.01208,0.02547,0.01137,0.01807,0.16253,0.14745,0.02901,0.03079,0.00255,0.00284,0.00525,0.00599,0.44512,0.47669
807727,Charles McAdoo,TOR,25,106.0,106.0,150,,projected,unmodeled,,106.0,2026.0,0.22907,0.07584,0.00481,0.01373,0.01659,0.00628,0.03354,0.15756,0.46258,0.06483,0.03477,0.00506,0.00851,0.006,0.00157,0.00648,0.015,0.01675,0.02401,0.01877,0.00525,0.0085,0.00668,0.1008,0.7815,0.23821,21.25,1.7,28.9,0.11809,0.12117,0.01871,0.01892,0.12078,0.12393,0.97775,141.0,4.0,90.1,90.1,0.22678,0.07584,0.00481,0.01701,0.15756,0.03421,0.00528,0.01373,0.46479,0.23636,0.2947,0.29773,0.23636,0.29773,0.02401,0.01877,0.00525,0.23821,141.0,1.05,1.0,1.04,0.68,1.0,0.98,1.025,1.0,1.02,0.84,1.0,0.99,0.36601,0.63399,R,0.25162,0.21605,0.08052,0.07313,0.00459,0.00494,0.01447,0.01781,0.16863,0.15117,0.03329,0.03368,0.00613,0.00637,0.01769,0.01144,0.42305,0.4854
804606,Konnor Griffin,PIT,21,339.0,339.0,150,,projected,unmodeled,,339.0,2026.0,0.23701,0.06561,0.01407,0.00609,0.01655,0.00611,0.04891,0.1505,0.45514,0.04591,0.02276,0.00575,0.0038,0.00582,0.00143,0.00919,0.01457,0.01716,0.0556,0.04376,0.01184,0.00891,0.00718,0.24154,0.78707,0.23018,72.25,22.95,29.9,0.11214,0.09473,0.01379,0.01281,0.11923,0.10072,0.9405,134.0,2.0,288.15,288.15,0.23583,0.06528,0.01407,0.01514,0.15276,0.05307,0.00526,0.00609,0.4525,0.24736,0.30558,0.3181,0.24736,0.3181,0.05606,0.04413,0.01194,0.23211,134.0,0.83,1.03,1.17,0.72,0.99,0.99,0.915,1.015,1.085,0.86,0.995,0.995,0.26531,0.73469,R,0.2282,0.24019,0.07222,0.06322,0.0121,0.01478,0.01599,0.01675,0.16039,0.14693,0.04928,0.04877,0.00705,0.00578,0.00717,0.0057,0.44759,0.45787
643446,Jeff McNeil,OAK,35,520.0,2691.0,904,,projected,unmodeled,,520.0,2026.0,0.12176,0.07354,0.01873,0.00706,0.01648,0.00282,0.04724,0.16626,0.54612,0.01656,0.01125,0.00257,0.00159,0.00305,0.00039,0.00392,0.0071,0.00826,0.01318,0.01042,0.00276,0.0026,0.00208,0.05099,0.79044,0.25853,429.9866099999999,21.347133749999998,26.3,0.10361,0.09879,0.00691,0.00677,0.10746,0.10246,0.9642,133.0,6.0,1665.2644790625,1665.2644790625,0.11628,0.07759,0.01873,0.01936,0.17208,0.05102,0.00235,0.00706,0.53554,0.27304,0.34113,0.29626,0.27304,0.29626,0.01368,0.01082,0.00287,0.26839,133.0,1.35,1.07,1.16,0.67,1.11,0.91,1.175,1.035,1.08,0.835,1.055,0.955,0.23277,0.76723,L,0.12579,0.12054,0.08242,0.07085,0.01973,0.01842,0.01031,0.01835,0.17238,0.1644,0.04195,0.04885,0.00374,0.00253,0.00379,0.00805,0.53988,0.54801
519203,Anthony Rizzo,NYY,37,375.0,1344.0,299,,floor,floor,1.0,0.0,,0.19877,0.08705,0.03153,0.0039,0.01644,0.00038,0.02891,0.1602,0.47281,0.03014,0.01812,0.00463,0.00165,0.00485,6e-05,0.00434,0.01149,0.01271,0.01054,0.00809,0.00244,0.00355,0.00275,0.0378,0.76819,0.27879,173.70372093749998,6.446777187499999,24.5,0.12353,0.11648,0.01168,0.01138,0.11136,0.105,1.10936,147.0,6.0,693.2120174999999,693.2120174999999,0.20274,0.09315,0.03153,0.01792,0.15299,0.02819,0.00033,0.0039,0.46924,0.22887,0.32412,0.27894,0.22887,0.27894,0.0105,0.00806,0.00243,0.27767,147.0,1.18,0.91,0.95,0.74,1.14,1.04,1.09,0.955,0.975,0.87,1.07,1.02,0.25913,0.74087,L,0.18203,0.20462,0.0824,0.08868,0.02861,0.03255,0.01395,0.01732,0.17814,0.15393,0.03263,0.02761,0.00044,0.00036,0.00427,0.00377,0.47752,0.47116
664983,Jake McCarthy,COL,29,596.0,1979.0,698,,projected,unmodeled,,596.0,2026.0,0.17681,0.0604,0.01743,0.00561,0.01642,0.01197,0.03759,0.1717,0.50205,0.02176,0.01157,0.00288,0.00165,0.00336,0.0018,0.00322,0.0075,0.00844,0.06311,0.05055,0.01255,0.00565,0.00477,0.2529,0.80105,0.24953,318.53799406249993,82.869400625,30.0,0.11179,0.10068,0.00791,0.00755,0.11822,0.10647,0.9456,115.0,5.0,1290.9245056249997,1290.9245056249997,0.16797,0.05919,0.01743,0.01708,0.18458,0.04191,0.0188,0.00561,0.48742,0.28588,0.339,0.33478,0.28588,0.33478,0.06606,0.05292,0.01314,0.2612,115.0,1.08,1.15,1.23,2.14,0.96,0.9,1.04,1.075,1.115,1.57,0.98,0.95,0.27958,0.72042,L,0.17226,0.17858,0.0586,0.0611,0.02371,0.015,0.0146,0.01713,0.18018,0.16841,0.03214,0.03971,0.01605,0.01039,0.0037,0.00635,0.49878,0.50332
669707,Jared Triolo,PIT,29,362.0,1393.0,702,,projected,unmodeled,,376.0,2025.0,0.22945,0.09297,0.01079,0.00581,0.01639,0.00337,0.03723,0.14208,0.46192,0.02744,0.01613,0.00269,0.00198,0.00319,0.00045,0.00334,0.00666,0.00771,0.03171,0.02521,0.00649,0.00476,0.00388,0.12897,0.79517,0.24583,249.85293124999998,31.918668749999995,28.3,0.10635,0.08857,0.00874,0.00806,0.11308,0.09417,0.9405,134.0,6.0,962.3590562499999,962.3590562499999,0.2283,0.0925,0.01079,0.015,0.14421,0.04039,0.00289,0.00581,0.4601,0.22729,0.30579,0.28952,0.22729,0.28952,0.03192,0.02538,0.00654,0.2475,134.0,0.83,1.03,1.17,0.72,0.99,0.99,0.915,1.015,1.085,0.86,0.995,0.995,0.3172,0.6828,R,0.20258,0.24193,0.08774,0.09539,0.00837,0.01192,0.01611,0.01652,0.15446,0.13632,0.04195,0.03503,0.00491,0.00265,0.00536,0.00601,0.47852,0.45421
621035,Chris Taylor,LAA,36,125.0,1209.0,301,,projected,unmodeled,,125.0,2025.0,0.31692,0.09445,0.01388,0.00586,0.01624,0.00336,0.03668,0.12163,0.39099,0.0363,0.01942,0.00326,0.00213,0.00425,0.00062,0.00522,0.00907,0.01038,0.0314,0.02457,0.00683,0.00562,0.00448,0.13654,0.78254,0.22996,147.51824374999998,21.3736271875,27.8,0.09504,0.09021,0.00958,0.00936,0.10445,0.09913,0.90997,108.0,6.0,643.2798618749999,643.2798618749999,0.32643,0.09397,0.01388,0.01624,0.12163,0.03485,0.0031,0.00586,0.38404,0.19838,0.28368,0.29355,0.19838,0.29355,0.03133,0.02452,0.00681,0.22949,108.0,1.0,1.0,0.9,0.85,0.99,1.06,1.0,1.0,0.95,0.925,0.995,1.03,0.32574,0.67426,R,0.32354,0.31372,0.10672,0.08852,0.00901,0.01624,0.01779,0.01549,0.11057,0.12698,0.03321,0.03836,0.00358,0.00325,0.00658,0.00551,0.38901,0.39194
676356,Jonny DeLuca,TB,28,370.0,836.0,557,,projected,unmodeled,,370.0,2026.0,0.21261,0.05785,0.00534,0.0006,0.01622,0.00342,0.04472,0.15693,0.5023,0.03283,0.01594,0.00241,0.00081,0.00375,0.00042,0.00457,0.00797,0.00965,0.05476,0.0426,0.01217,0.0071,0.00572,0.24878,0.77784,0.22012,129.67631875,37.91775625,29.2,0.10435,0.11055,0.01054,0.01081,0.10871,0.11517,0.95991,139.0,5.0,602.9310312499999,602.9310312499999,0.2158,0.05496,0.00534,0.01662,0.15457,0.04405,0.00349,0.0006,0.50456,0.23292,0.27904,0.286,0.23292,0.286,0.05346,0.04158,0.01188,0.21488,139.0,1.05,0.97,0.97,1.04,0.9,1.03,1.025,0.985,0.985,1.02,0.95,1.015,0.333,0.667,R,0.23134,0.20327,0.06051,0.05652,0.00418,0.00592,0.01242,0.01811,0.1582,0.15629,0.04474,0.04471,0.00353,0.00337,0.00068,0.00057,0.48439,0.51125
666158,Gavin Lux,CIN,29,503.0,1461.0,855,,projected,unmodeled,,503.0,2025.0,0.22066,0.09964,0.00188,0.00425,0.01602,0.00556,0.04389,0.15531,0.45279,0.0283,0.0174,0.0011,0.00166,0.00276,0.00065,0.00358,0.00648,0.00746,0.01369,0.01066,0.00302,0.00343,0.0027,0.05329,0.77902,0.25683,233.24919062499998,9.0147228125,27.9,0.1021,0.0918,0.00905,0.00863,0.10626,0.09554,0.96083,113.0,6.0,871.4815771874999,871.4815771874999,0.22507,0.10463,0.00188,0.01706,0.15142,0.04346,0.00503,0.00425,0.4472,0.24399,0.32347,0.30893,0.24399,0.30893,0.01375,0.01071,0.00304,0.25793,113.0,1.13,0.95,0.98,0.81,1.1,1.04,1.065,0.975,0.99,0.905,1.05,1.02,0.13866,0.86134,L,0.26219,0.21398,0.08848,0.10144,0.00376,0.00158,0.01623,0.01598,0.14384,0.15715,0.03402,0.04548,0.00368,0.00586,0.00418,0.00426,0.44363,0.45426
669369,Bryce Johnson,SD,31,49.0,273.0,450,,projected,unmodeled,,84.0,2025.0,0.24809,0.07131,0.0082,0.0044,0.0159,0.0027,0.03872,0.14916,0.46152,0.05484,0.02781,0.00479,0.00352,0.00384,0.00053,0.00498,0.00831,0.00968,0.04183,0.03268,0.00915,0.00921,0.00729,0.18294,0.78129,0.22867,42.18730624999999,11.506768749999999,28.2,0.11863,0.09293,0.01684,0.01512,0.11763,0.09214,1.00847,135.0,6.0,172.22742499999998,172.22742499999998,0.24933,0.07238,0.0082,0.01638,0.14692,0.0362,0.0023,0.0044,0.46389,0.22054,0.28238,0.28556,0.22054,0.28556,0.04162,0.03252,0.0091,0.2275,135.0,1.06,0.97,0.87,0.7,1.03,1.01,1.03,0.985,0.935,0.85,1.015,1.005,0.33744,0.66256,S,0.22616,0.25927,0.08511,0.06428,0.00665,0.00899,0.0148,0.01646,0.14513,0.1512,0.03751,0.03933,0.00278,0.00266,0.00406,0.00457,0.47779,0.45323
607680,Kevin Pillar,TEX,38,43.0,576.0,372,,projected,unmodeled,,43.0,2025.0,0.2249,0.05002,0.01661,0.00999,0.0158,0.00239,0.05144,0.14491,0.48395,0.04247,0.01888,0.00499,0.00388,0.00467,0.00031,0.00671,0.00965,0.01177,0.03689,0.02888,0.008,0.00757,0.00602,0.17437,0.783,0.21153,62.29394999999999,13.989406249999998,28.4,0.11769,0.11993,0.01352,0.01363,0.12473,0.1271,0.94359,140.0,4.0,331.43603749999994,331.43603749999994,0.22602,0.04852,0.01661,0.01525,0.14201,0.04964,0.00219,0.00999,0.48978,0.22606,0.2742,0.28354,0.22606,0.28354,0.03612,0.02828,0.00784,0.20713,140.0,0.93,0.96,0.93,0.83,0.94,1.01,0.965,0.98,0.965,0.915,0.97,1.005,0.38061,0.61939,R,0.21127,0.23327,0.04296,0.05435,0.01274,0.01898,0.01598,0.01569,0.16154,0.13469,0.062,0.04495,0.00282,0.00212,0.00843,0.01094,0.48225,0.485
595909,Jake Cave,COL,34,346.0,726.0,233,,floor,floor,1.0,0.0,,0.26748,0.06485,0.00359,0.00937,0.01575,0.00598,0.04632,0.1472,0.43946,0.04223,0.02,0.00211,0.00339,0.00477,0.00128,0.00689,0.012,0.01401,0.02002,0.01563,0.00439,0.0055,0.00433,0.09283,0.7809,0.21564,79.37412093749998,6.752304375,27.7,0.10593,0.10371,0.01221,0.01209,0.11202,0.10968,0.9456,115.0,5.0,396.9903590624999,396.9903590624999,0.2541,0.06356,0.00359,0.01638,0.15824,0.05165,0.00939,0.00937,0.43372,0.25518,0.30281,0.33581,0.25518,0.33581,0.02092,0.01634,0.00458,0.22538,115.0,1.08,1.15,1.23,2.14,0.96,0.9,1.04,1.075,1.115,1.57,0.98,0.95,0.17216,0.82784,L,0.29314,0.26214,0.06255,0.06533,0.0044,0.00342,0.01309,0.0163,0.14468,0.14772,0.0429,0.04704,0.00349,0.0065,0.00666,0.00994,0.42908,0.44162
663368,Blake Perkins,MIL,30,101.0,874.0,587,,projected,unmodeled,,171.0,2025.0,0.24907,0.09886,0.00618,0.00687,0.01575,0.00752,0.04247,0.1317,0.44157,0.03571,0.02098,0.00254,0.00267,0.00325,0.0011,0.00407,0.0064,0.0079,0.04682,0.03657,0.01024,0.00688,0.00552,0.19775,0.78123,0.23674,137.88476875,30.75204375,28.7,0.14033,0.11453,0.01343,0.01229,0.1251,0.10209,1.12178,158.0,2.0,563.6247999999999,563.6247999999999,0.26277,0.10182,0.00618,0.01599,0.12907,0.03993,0.00696,0.00687,0.43042,0.21685,0.29994,0.29017,0.21685,0.29017,0.04688,0.03662,0.01026,0.23707,158.0,1.03,0.96,0.88,0.85,1.06,1.11,1.015,0.98,0.94,0.925,1.03,1.055,0.3543,0.6457,S,0.19467,0.27893,0.0954,0.10075,0.00433,0.00719,0.01871,0.01412,0.1415,0.12633,0.04992,0.03839,0.0044,0.00923,0.00649,0.00708,0.48459,0.41797
663604,Brandon Lockridge,MIL,30,113.0,273.0,450,,projected,unmodeled,,148.0,2025.0,0.25395,0.07603,0.00537,0.00723,0.01574,0.00486,0.03549,0.15234,0.44898,0.05255,0.02724,0.00388,0.0045,0.00403,0.00108,0.00453,0.00757,0.00907,0.04542,0.03573,0.00969,0.00916,0.00731,0.19432,0.78661,0.23374,52.019999999999996,13.897499999999999,29.2,0.12312,0.10752,0.01747,0.01645,0.10976,0.09584,1.12178,158.0,6.0,202.98,202.98,0.26792,0.07831,0.00537,0.01598,0.1493,0.03336,0.00449,0.00723,0.43804,0.22344,0.28681,0.29935,0.22344,0.29935,0.04527,0.03561,0.00966,0.23298,158.0,1.03,0.96,0.88,0.85,1.06,1.11,1.015,0.98,0.94,0.925,1.03,1.055,0.37844,0.62156,R,0.26943,0.24452,0.07681,0.07556,0.00474,0.00575,0.01576,0.01574,0.13654,0.16196,0.03848,0.03367,0.00593,0.0042,0.0055,0.00829,0.4468,0.45031
683766,Christian Koss,SF,29,221.0,412.0,300,,projected,unmodeled,,221.0,2026.0,0.24647,0.05311,0.01198,0.00519,0.01574,0.00603,0.03849,0.15977,0.46321,0.04442,0.01968,0.0049,0.00324,0.00433,0.00101,0.00555,0.01084,0.01237,0.0257,0.02016,0.00554,0.00649,0.00514,0.11427,0.7845,0.22486,71.485,7.8625,29.0,0.12163,0.09202,0.01388,0.01229,0.12736,0.09636,0.95503,137.0,2.0,325.84749999999997,325.84749999999997,0.24154,0.05179,0.01198,0.01409,0.16137,0.03926,0.0073,0.00519,0.46749,0.23846,0.28578,0.30785,0.23846,0.30785,0.02573,0.02018,0.00554,0.22513,137.0,0.79,1.02,1.04,1.42,0.95,0.96,0.895,1.01,1.02,1.21,0.975,0.98,0.27288,0.72712,R,0.268,0.23839,0.05524,0.05232,0.01285,0.01166,0.02208,0.01337,0.15251,0.16249,0.03496,0.03982,0.00694,0.00569,0.00451,0.00544,0.4429,0.47083
668942,Josh Rojas,KC,33,115.0,1662.0,619,,projected,unmodeled,,211.0,2025.0,0.21257,0.08863,0.00453,0.00835,0.01573,0.00252,0.04279,0.13504,0.48983,0.02684,0.01587,0.00161,0.00218,0.00309,0.00026,0.00396,0.00718,0.00841,0.02839,0.02241,0.00597,0.00452,0.00365,0.1244,0.78956,0.2282,227.78034906249997,30.860663125,26.2,0.10724,0.09085,0.0089,0.00827,0.11194,0.09482,0.95808,118.0,6.0,951.5128968749999,951.5128968749999,0.20088,0.08863,0.00453,0.01487,0.13639,0.04664,0.00334,0.00835,0.49637,0.22398,0.2944,0.27298,0.22398,0.27298,0.02855,0.02255,0.00601,0.22955,118.0,0.89,1.02,1.18,1.65,1.0,0.89,0.945,1.01,1.09,1.325,1.0,0.945,0.17066,0.82934,L,0.26613,0.20155,0.08198,0.08999,0.00814,0.00379,0.017,0.01547,0.13303,0.13545,0.0357,0.04425,0.00251,0.00252,0.00486,0.00907,0.45065,0.4979
695238,Will Wagner,SD,28,45.0,280.0,450,,projected,unmodeled,,149.0,2025.0,0.19518,0.10614,0.00804,0.00154,0.01573,0.00152,0.04018,0.17446,0.45722,0.04878,0.03227,0.0047,0.00206,0.00435,0.00016,0.00515,0.0094,0.01069,0.0135,0.01054,0.00296,0.00587,0.0046,0.04677,0.78043,0.28864,57.81912499999999,0.7224999999999999,26.1,0.11184,0.08846,0.01586,0.01429,0.1109,0.08772,1.00847,135.0,6.0,198.71724999999998,198.71724999999998,0.19615,0.10773,0.00804,0.0162,0.17184,0.03757,0.00129,0.00154,0.45963,0.25706,0.34268,0.31432,0.25706,0.31432,0.01345,0.0105,0.00295,0.28761,135.0,1.06,0.97,0.87,0.7,1.03,1.01,1.03,0.985,0.935,0.85,1.015,1.005,0.19792,0.80208,L,0.22801,0.18707,0.08136,0.11225,0.00781,0.0081,0.02198,0.01419,0.15999,0.17803,0.03743,0.04086,0.00181,0.00145,0.00189,0.00145,0.45973,0.4566
543877,Christian Vázquez,HOU,36,266.0,1576.0,550,,projected,unmodeled,,266.0,2026.0,0.19645,0.06327,0.00598,0.00698,0.01562,0.00066,0.03078,0.15433,0.52594,0.0261,0.01361,0.00189,0.00204,0.00333,7e-05,0.00347,0.00835,0.00926,0.00678,0.00524,0.00154,0.0024,0.00187,0.03033,0.7726,0.22358,204.445941875,7.4920328125,23.4,0.09079,0.09423,0.00848,0.00863,0.09066,0.09409,1.0014,117.0,8.0,948.4950568749999,948.4950568749999,0.20332,0.06359,0.00598,0.01663,0.15202,0.03016,0.0006,0.00698,0.52072,0.21595,0.26898,0.25982,0.21595,0.25982,0.00672,0.00519,0.00153,0.22158,117.0,1.13,0.97,0.96,0.83,1.01,1.07,1.065,0.985,0.98,0.915,1.005,1.035,0.27035,0.72965,R,0.21206,0.19066,0.06554,0.06243,0.00562,0.00611,0.01919,0.0143,0.14008,0.15961,0.03686,0.02853,0.0009,0.00056,0.00745,0.0068,0.51229,0.531
702176,Alan Roden,MIN,27,94.0,247.0,300,,projected,unmodeled,,153.0,2025.0,0.20393,0.08417,0.02109,0.01698,0.0156,0.00424,0.0344,0.14966,0.46995,0.05029,0.0295,0.00793,0.00713,0.00481,0.00086,0.00574,0.01009,0.01185,0.01654,0.01287,0.00368,0.00637,0.00498,0.0649,0.77763,0.25491,47.0475,1.4449999999999998,27.1,0.10881,0.10551,0.01575,0.01554,0.10887,0.10557,0.99946,142.0,6.0,190.4425,190.4425,0.20087,0.08333,0.02109,0.01513,0.1519,0.03681,0.00413,0.01698,0.46977,0.2367,0.31238,0.29103,0.2367,0.29103,0.01664,0.01294,0.0037,0.25632,142.0,0.94,1.03,1.14,0.95,0.98,0.97,0.97,1.015,1.07,0.975,0.99,0.985,0.217,0.783,L,0.19869,0.20538,0.08694,0.0834,0.02221,0.02077,0.02162,0.01393,0.1538,0.14851,0.03101,0.03534,0.00387,0.00434,0.01023,0.01885,0.47164,0.46948
640492,José Azócar,ATL,31,18.0,436.0,450,,floor,floor,1.0,21.0,2025.0,0.21379,0.06475,0.00561,0.00301,0.01554,0.00248,0.03605,0.17325,0.48551,0.04814,0.0246,0.00328,0.00241,0.00421,0.0005,0.00477,0.00925,0.01064,0.05028,0.0389,0.01138,0.01013,0.00797,0.2064,0.77364,0.24362,44.65916999999999,13.785570937499998,29.0,0.1265,0.08322,0.01675,0.01392,0.12543,0.08252,1.00847,135.0,1.0,197.60085999999998,197.60085999999998,0.21486,0.06573,0.00561,0.01601,0.17066,0.03371,0.00211,0.00301,0.48832,0.24035,0.29382,0.29717,0.24035,0.29717,0.04995,0.03864,0.01131,0.24199,135.0,1.06,0.97,0.87,0.7,1.03,1.01,1.03,0.985,0.935,0.85,1.015,1.005,0.36792,0.63208,R,0.20694,0.21777,0.05489,0.0705,0.00537,0.00575,0.01317,0.01693,0.15992,0.18101,0.04019,0.03364,0.00271,0.00235,0.00321,0.00289,0.5136,0.46916
605113,Nick Ahmed,TEX,37,10.0,502.0,317,,floor,floor,1.0,10.0,2025.0,0.23524,0.06065,0.00326,0.0061,0.01542,0.00247,0.0344,0.15312,0.48935,0.04623,0.02215,0.00236,0.00323,0.00426,0.00042,0.00458,0.01008,0.01148,0.02155,0.01676,0.00479,0.00628,0.00493,0.0993,0.77776,0.21703,56.7159790625,5.4181178124999985,27.7,0.0969,0.09446,0.01366,0.0135,0.09609,0.09367,1.00847,135.0,7.0,273.6018993749999,273.6018993749999,0.23641,0.06156,0.00326,0.01588,0.15083,0.03216,0.0021,0.0061,0.49171,0.21631,0.26578,0.27348,0.21631,0.27348,0.02141,0.01665,0.00476,0.21564,135.0,1.06,0.97,0.87,0.7,1.03,1.01,1.03,0.985,0.935,0.85,1.015,1.005,0.33333,0.66667,R,0.22456,0.24057,0.06719,0.05738,0.00297,0.0034,0.0148,0.01572,0.15558,0.1519,0.0297,0.03675,0.0026,0.00241,0.00561,0.00635,0.497,0.48553
676044,Bob Seymour,TB,28,83.0,83.0,150,,projected,unmodeled,,83.0,2025.0,0.28391,0.07099,0.01163,0.00339,0.01541,0.00221,0.04471,0.14112,0.42663,0.07583,0.03676,0.00837,0.00454,0.0073,0.0006,0.00947,0.01459,0.01762,0.01851,0.01445,0.00406,0.00776,0.00608,0.08273,0.78043,0.22374,13.004999999999999,0.7224999999999999,26.0,0.11141,0.09698,0.01907,0.01794,0.11606,0.10103,0.95991,139.0,6.0,59.967499999999994,59.967499999999994,0.28817,0.06744,0.01163,0.0158,0.139,0.04404,0.00226,0.00339,0.42828,0.21916,0.28016,0.30199,0.21916,0.30199,0.01804,0.01408,0.00396,0.21807,139.0,1.05,0.97,0.97,1.04,0.9,1.03,1.025,0.985,0.985,1.02,0.95,1.015,0.24735,0.75265,L,0.30742,0.27619,0.06529,0.07287,0.01146,0.01168,0.00955,0.01734,0.14125,0.14108,0.04951,0.04313,0.0012,0.00254,0.00208,0.00382,0.41225,0.43136
691026,Masyn Winn,STL,25,532.0,1843.0,1052,,projected,unmodeled,,537.0,2025.0,0.1961,0.0743,0.00879,0.00913,0.01537,0.00286,0.03959,0.17022,0.48365,0.02255,0.01268,0.00213,0.00217,0.00258,0.00053,0.00329,0.00611,0.00693,0.02791,0.02145,0.00646,0.00416,0.00329,0.11017,0.76854,0.2533,313.89554375,32.55701875,28.5,0.1183,0.09824,0.00817,0.00753,0.12237,0.10163,0.96671,138.0,2.0,1302.89498125,1302.89498125,0.18727,0.07207,0.00879,0.01353,0.17618,0.04098,0.00243,0.00913,0.48963,0.25616,0.31397,0.30962,0.25616,0.30962,0.02832,0.02176,0.00655,0.25703,138.0,0.76,1.07,1.07,0.7,0.94,0.91,0.88,1.035,1.035,0.85,0.97,0.955,0.28909,0.71091,R,0.20369,0.19301,0.0803,0.07185,0.00795,0.00913,0.01912,0.01385,0.1596,0.17454,0.04864,0.03592,0.00269,0.00293,0.00919,0.0091,0.46882,0.48968
608841,Joey Meneses,OAK,35,25.0,1235.0,373,,projected,unmodeled,,25.0,2026.0,0.20359,0.06607,0.00981,0.00955,0.01532,0.00115,0.03164,0.16686,0.49602,0.03101,0.01628,0.00272,0.00268,0.00402,0.00013,0.00451,0.01044,0.01134,0.00551,0.00431,0.00121,0.00247,0.00194,0.02272,0.78147,0.24274,164.34665531249996,1.6719553124999997,25.5,0.10449,0.13318,0.0102,0.01132,0.10837,0.13812,0.9642,133.0,4.0,662.9185062499998,662.9185062499998,0.19442,0.0697,0.00981,0.01801,0.1727,0.03417,0.00096,0.00955,0.49068,0.24792,0.30535,0.29753,0.24792,0.29753,0.00573,0.00448,0.00125,0.25221,133.0,1.35,1.07,1.16,0.67,1.11,0.91,1.175,1.035,1.08,0.835,1.055,0.955,0.30669,0.69331,R,0.20561,0.20269,0.06566,0.06625,0.01339,0.00822,0.01502,0.01546,0.15204,0.17342,0.03739,0.0291,0.00163,0.00094,0.00767,0.01038,0.50158,0.49356
680474,Max Schuemann,NYY,30,87.0,759.0,591,,projected,unmodeled,,213.0,2025.0,0.22718,0.10402,0.01775,0.00662,0.01516,0.00262,0.02888,0.14524,0.45253,0.03609,0.02239,0.00456,0.0028,0.00314,0.00041,0.00295,0.00726,0.00813,0.0365,0.02865,0.00784,0.00683,0.00545,0.13668,0.78513,0.26702,130.55999999999997,19.241875,27.7,0.13959,0.09629,0.01381,0.01172,0.12583,0.0868,1.10936,147.0,2.0,509.7258749999999,509.7258749999999,0.23172,0.1113,0.01775,0.01653,0.13871,0.02815,0.00228,0.00662,0.44694,0.21481,0.31473,0.27454,0.21481,0.27454,0.0366,0.02873,0.00786,0.26777,147.0,1.18,0.91,0.95,0.74,1.14,1.04,1.09,0.955,0.975,0.87,1.07,1.02,0.27842,0.72158,R,0.20524,0.23564,0.10574,0.10336,0.0122,0.0199,0.01626,0.01474,0.12667,0.15241,0.03566,0.02626,0.00207,0.00283,0.00593,0.00688,0.49023,0.43798
592192,Mark Canha,KC,38,125.0,1636.0,610,,projected,unmodeled,,125.0,2025.0,0.18676,0.09367,0.03607,0.01023,0.01511,0.00266,0.04515,0.14145,0.4689,0.02649,0.01686,0.0045,0.00243,0.00325,0.0003,0.00437,0.00738,0.00867,0.01727,0.01356,0.00371,0.00383,0.00305,0.0637,0.78522,0.27119,249.26665437499997,13.06027125,27.8,0.10252,0.09897,0.00902,0.00888,0.10701,0.1033,0.95808,118.0,6.0,879.1836981249999,879.1836981249999,0.17649,0.09367,0.03607,0.01428,0.14286,0.04922,0.00352,0.01023,0.47366,0.24404,0.33962,0.29227,0.24404,0.29227,0.01736,0.01363,0.00373,0.2726,118.0,0.89,1.02,1.18,1.65,1.0,0.89,0.945,1.01,1.09,1.325,1.0,0.945,0.31766,0.68234,R,0.18287,0.18857,0.10155,0.09,0.02022,0.04345,0.01889,0.01335,0.13822,0.14295,0.04633,0.04461,0.00371,0.00217,0.00992,0.01037,0.47828,0.46454
687401,Joey Ortiz,MIL,28,415.0,1466.0,919,,projected,unmodeled,,506.0,2025.0,0.18559,0.08011,0.0064,0.00812,0.01511,0.0043,0.02872,0.1655,0.50615,0.02439,0.01449,0.00203,0.00228,0.00273,0.00067,0.00259,0.0063,0.00709,0.03548,0.02729,0.00819,0.00504,0.004,0.14079,0.7691,0.252,252.6176625,34.622625,29.1,0.12076,0.1097,0.00983,0.00942,0.10765,0.09779,1.12178,158.0,6.0,1049.9010875,1049.9010875,0.1958,0.08251,0.0064,0.01534,0.16219,0.027,0.00398,0.00812,0.49867,0.23091,0.29741,0.27921,0.23091,0.27921,0.03535,0.02719,0.00816,0.2511,158.0,1.03,0.96,0.88,0.85,1.06,1.11,1.015,0.98,0.94,0.925,1.03,1.055,0.30576,0.69424,R,0.20418,0.17741,0.07822,0.08094,0.00808,0.00566,0.01653,0.01449,0.16252,0.16681,0.03011,0.02811,0.00616,0.00348,0.00631,0.00892,0.48789,0.51419
686555,Isaac Collins,KC,29,519.0,979.0,589,,projected,unmodeled,,519.0,2026.0,0.22679,0.12081,0.01312,0.00619,0.01502,0.00309,0.04089,0.13967,0.43443,0.03017,0.01999,0.0035,0.00241,0.00306,0.00045,0.00403,0.00723,0.00836,0.0358,0.02741,0.00839,0.00579,0.00455,0.13087,0.76554,0.2736,203.95749999999998,27.667499999999997,27.6,0.10163,0.0931,0.00952,0.00916,0.10607,0.09717,0.95808,118.0,6.0,759.7724999999999,759.7724999999999,0.21431,0.12081,0.01312,0.01419,0.14106,0.04457,0.0041,0.00619,0.44165,0.23715,0.33785,0.30051,0.23715,0.30051,0.03599,0.02755,0.00844,0.27499,118.0,0.89,1.02,1.18,1.65,1.0,0.89,0.945,1.01,1.09,1.325,1.0,0.945,0.30874,0.69126,S,0.21474,0.23216,0.09068,0.13426,0.01784,0.01101,0.01799,0.01369,0.13261,0.14282,0.04311,0.0399,0.00213,0.00352,0.0077,0.00551,0.47319,0.41712
661531,Brian Serven,OAK,32,85.0,384.0,300,,projected,unmodeled,,85.0,2026.0,0.24591,0.06494,0.0127,0.00335,0.01491,0.00212,0.05347,0.13502,0.46758,0.0513,0.02499,0.00519,0.00268,0.00367,0.00041,0.00619,0.0094,0.012,0.01059,0.00826,0.00233,0.00494,0.00387,0.04981,0.77964,0.21267,37.669248124999996,0.0,26.0,0.10182,0.10426,0.01469,0.01485,0.10561,0.10813,0.9642,133.0,6.0,206.8124640625,206.8124640625,0.23484,0.06851,0.0127,0.01751,0.13975,0.05775,0.00177,0.00335,0.46381,0.2368,0.298,0.30051,0.2368,0.30051,0.01101,0.00858,0.00243,0.22097,133.0,1.35,1.07,1.16,0.67,1.11,0.91,1.175,1.035,1.08,0.835,1.055,0.955,0.31461,0.68539,R,0.24445,0.24658,0.06703,0.06398,0.0089,0.01445,0.01423,0.01522,0.14003,0.13272,0.06033,0.05032,0.00196,0.00219,0.00329,0.00337,0.45978,0.47116
664731,P.J. Higgins,CIN,34,32.0,261.0,150,,projected,unmodeled,,32.0,2026.0,0.23964,0.08709,0.00849,0.00749,0.01491,0.0017,0.04994,0.14101,0.44974,0.06002,0.03375,0.00496,0.00466,0.0062,0.00048,0.00957,0.0151,0.01802,0.01439,0.01122,0.00317,0.00636,0.00498,0.06081,0.77964,0.23659,29.022676249999996,0.0,,0.1032,0.11801,0.01641,0.01739,0.1074,0.12282,0.96083,113.0,5.0,128.8085165625,128.8085165625,0.24443,0.09145,0.00849,0.01588,0.13748,0.04944,0.00154,0.00749,0.44381,0.22893,0.30428,0.29807,0.22893,0.29807,0.01444,0.01126,0.00318,0.23742,113.0,1.13,0.95,0.98,0.81,1.1,1.04,1.065,0.975,0.99,0.905,1.05,1.02,0.24138,0.75862,R,0.23719,0.24042,0.07622,0.09055,0.00777,0.00872,0.01416,0.01515,0.14088,0.14105,0.05597,0.04802,0.00154,0.00175,0.00601,0.00796,0.46027,0.44639
687231,Darell Hernaiz,OAK,25,157.0,489.0,456,,projected,unmodeled,,197.0,2025.0,0.18001,0.08961,0.00509,0.01503,0.01488,0.00197,0.02987,0.16538,0.49816,0.03816,0.02415,0.00298,0.0051,0.00397,0.00028,0.00361,0.00909,0.00998,0.0259,0.02,0.0059,0.00652,0.00509,0.0996,0.77218,0.26008,92.69037499999999,8.835749999999999,27.8,0.09077,0.08644,0.01191,0.01165,0.09414,0.08965,0.9642,133.0,8.0,358.6893749999999,358.6893749999999,0.17191,0.09454,0.00509,0.01748,0.17117,0.03226,0.00165,0.01503,0.49088,0.25138,0.32218,0.29467,0.25138,0.29467,0.02697,0.02083,0.00614,0.2708,133.0,1.35,1.07,1.16,0.67,1.11,0.91,1.175,1.035,1.08,0.835,1.055,0.955,0.31495,0.68505,R,0.1771,0.18134,0.09612,0.08662,0.00563,0.00484,0.01808,0.0134,0.17645,0.16029,0.0303,0.02968,0.00268,0.00164,0.0112,0.0168,0.48243,0.50539
694388,Joey Loperfido,HOU,28,121.0,487.0,453,,projected,unmodeled,,121.0,2026.0,0.29015,0.07118,0.01569,0.0045,0.01485,0.00493,0.03867,0.15185,0.40818,0.04608,0.02222,0.00521,0.00281,0.00375,0.00085,0.00429,0.00841,0.00956,0.02502,0.01929,0.00574,0.00652,0.00508,0.10483,0.77068,0.23871,75.67549999999999,7.552249999999999,28.3,0.10778,0.10801,0.01337,0.01338,0.10763,0.10786,1.0014,117.0,6.0,338.89074999999997,338.89074999999997,0.30031,0.07154,0.01569,0.01582,0.14957,0.0379,0.00451,0.0045,0.40017,0.22878,0.29501,0.3242,0.22878,0.3242,0.02482,0.01913,0.00569,0.23679,117.0,1.13,0.97,0.96,0.83,1.01,1.07,1.065,0.985,0.98,0.915,1.005,1.035,0.20233,0.79767,L,0.24815,0.30081,0.07824,0.06939,0.01329,0.0163,0.01567,0.01465,0.16422,0.14871,0.03193,0.04038,0.00275,0.00548,0.00441,0.00453,0.44134,0.39977
696030,Alejandro Osuna,TEX,24,233.0,409.0,300,,projected,unmodeled,,233.0,2026.0,0.18417,0.09357,0.02433,0.00522,0.0148,0.00421,0.04069,0.1673,0.4657,0.03998,0.02557,0.00696,0.00326,0.00434,0.0007,0.0058,0.0114,0.01279,0.03533,0.02724,0.00809,0.00772,0.00603,0.12387,0.77095,0.2852,98.3025,12.4525,28.5,0.1033,0.10233,0.01286,0.0128,0.10948,0.10845,0.94359,140.0,6.0,325.21,325.21,0.18509,0.09077,0.02433,0.01428,0.16396,0.03926,0.00386,0.00522,0.47324,0.25163,0.33645,0.30439,0.25163,0.30439,0.03457,0.02665,0.00792,0.27905,140.0,0.93,0.96,0.93,0.83,0.94,1.01,0.965,0.98,0.965,0.915,0.97,1.005,0.18719,0.81281,L,0.19378,0.18196,0.07459,0.09795,0.0208,0.02514,0.01885,0.01387,0.17778,0.16489,0.04393,0.03994,0.00551,0.00392,0.00514,0.00524,0.45962,0.4671
656896,Emmanuel Rivera,BAL,31,127.0,1071.0,356,,projected,unmodeled,,127.0,2025.0,0.2164,0.07374,0.01033,0.00917,0.01475,0.00163,0.03504,0.16666,0.47227,0.03348,0.01809,0.00298,0.00281,0.00407,0.00021,0.00512,0.01035,0.01138,0.00985,0.00768,0.00217,0.00351,0.00275,0.0393,0.7794,0.25074,142.16289312499998,3.8038721874999997,25.9,0.09985,0.10465,0.01075,0.01098,0.0991,0.10387,1.00754,110.0,6.0,584.2412259374998,584.2412259374998,0.2164,0.0719,0.01033,0.01542,0.16833,0.03486,0.0017,0.00917,0.47189,0.24246,0.30254,0.30274,0.24246,0.30274,0.00985,0.00767,0.00217,0.25056,110.0,1.09,1.02,0.99,1.08,0.95,1.0,1.045,1.01,0.995,1.04,0.975,1.0,0.34181,0.65819,R,0.19898,0.22545,0.0777,0.07169,0.00887,0.0111,0.01482,0.01472,0.17139,0.1642,0.03918,0.03289,0.00202,0.00143,0.00941,0.00904,0.47764,0.46948
669374,Keston Hiura,COL,30,21.0,314.0,300,,floor,floor,1.0,21.0,2025.0,0.33128,0.07475,0.03019,0.00394,0.01472,0.00148,0.03238,0.12916,0.38209,0.06335,0.03013,0.00861,0.00315,0.00461,0.00024,0.00497,0.00939,0.01078,0.0251,0.01948,0.00561,0.00812,0.00635,0.10721,0.77629,0.23411,29.522524062499997,3.7200621874999995,,0.10535,0.10034,0.01592,0.01558,0.11577,0.11027,0.90997,108.0,5.0,134.606988125,134.606988125,0.34122,0.07438,0.03019,0.01472,0.12916,0.03076,0.00137,0.00394,0.37426,0.19744,0.28058,0.30118,0.19744,0.30118,0.02506,0.01945,0.00561,0.23373,108.0,1.0,1.0,0.9,0.85,0.99,1.06,1.0,1.0,0.95,0.925,0.995,1.03,0.25403,0.74597,R,0.33108,0.33134,0.07621,0.07426,0.0278,0.03101,0.01165,0.01576,0.12629,0.13014,0.03523,0.03141,0.00179,0.00138,0.00456,0.00373,0.38538,0.38097
805779,Jacob Wilson,OAK,25,337.0,963.0,750,,projected,unmodeled,,523.0,2025.0,0.10847,0.05206,0.0114,0.00341,0.0147,0.00196,0.04232,0.20903,0.55665,0.02299,0.01398,0.00329,0.0018,0.00331,0.00028,0.00414,0.00859,0.00954,0.01523,0.01191,0.00333,0.00406,0.00321,0.05589,0.78165,0.2725,187.28049999999996,8.4575,27.0,0.11203,0.10609,0.01015,0.00991,0.11619,0.11003,0.9642,133.0,5.0,727.572375,727.572375,0.10359,0.05493,0.0114,0.01728,0.21634,0.0457,0.00164,0.00341,0.54571,0.30202,0.34729,0.32578,0.30202,0.32578,0.0158,0.01235,0.00345,0.28268,133.0,1.35,1.07,1.16,0.67,1.11,0.91,1.175,1.035,1.08,0.835,1.055,0.955,0.26311,0.73689,R,0.12106,0.10397,0.05403,0.05136,0.00969,0.01202,0.01619,0.01417,0.18927,0.21608,0.04281,0.04214,0.00394,0.00126,0.00422,0.00312,0.55877,0.55589
805300,Jakob Marsee,MIA,26,616.0,850.0,329,,projected,unmodeled,,616.0,2026.0,0.20699,0.11438,0.01924,0.00275,0.01469,0.00643,0.03814,0.1487,0.44867,0.03061,0.02047,0.0045,0.00171,0.00409,0.00098,0.00499,0.01016,0.01154,0.05859,0.04453,0.01406,0.00737,0.00582,0.20752,0.76,0.28232,191.3775,44.2,27.9,0.12445,0.08838,0.01079,0.00929,0.12972,0.09212,0.9594,146.0,2.0,692.665,692.665,0.20285,0.11552,0.01924,0.01374,0.14944,0.03872,0.00772,0.00275,0.45002,0.24304,0.34438,0.30327,0.24304,0.30327,0.05898,0.04482,0.01415,0.28421,146.0,0.87,1.01,1.03,1.4,1.02,0.96,0.935,1.005,1.015,1.2,1.01,0.98,0.26762,0.73238,L,0.24157,0.19436,0.10362,0.1183,0.03171,0.01468,0.01487,0.01463,0.14627,0.14959,0.03808,0.03816,0.00579,0.00667,0.00479,0.002,0.41329,0.4616
665861,Sebastián Rivero,LAA,28,57.0,120.0,300,,projected,unmodeled,,57.0,2026.0,0.23367,0.06793,0.00448,0.00277,0.01465,0.00079,0.0248,0.16939,0.48153,0.06602,0.03342,0.00471,0.0037,0.00437,0.00011,0.00379,0.01107,0.01217,0.01779,0.01389,0.00391,0.00765,0.00599,0.07358,0.78043,0.24179,18.174731875,0.7224999999999999,25.5,0.10305,0.10244,0.01706,0.01701,0.11325,0.11258,0.90997,108.0,5.0,85.88245406249999,85.88245406249999,0.24068,0.06759,0.00448,0.01465,0.16939,0.02356,0.00073,0.00277,0.47616,0.22518,0.28039,0.28914,0.22518,0.28914,0.01777,0.01387,0.0039,0.24145,108.0,1.0,1.0,0.9,0.85,0.99,1.06,1.0,1.0,0.95,0.925,0.995,1.03,0.24399,0.75601,R,0.23125,0.23446,0.06678,0.0683,0.00242,0.00514,0.00987,0.01619,0.18422,0.1646,0.01547,0.02781,0.00023,0.00097,0.00145,0.00319,0.48831,0.47935
676070,Jacob Amaya,CWS,28,73.0,154.0,450,,projected,unmodeled,,73.0,2025.0,0.25575,0.06491,0.00382,0.01518,0.01458,0.00216,0.05208,0.13865,0.45285,0.06535,0.03141,0.00403,0.00798,0.00376,0.00028,0.00548,0.00746,0.00928,0.02229,0.01743,0.00486,0.00792,0.00623,0.10746,0.78189,0.20739,15.714374999999999,2.059125,27.6,0.10043,0.09721,0.01657,0.01634,0.11008,0.10655,0.91233,145.0,6.0,96.95949999999999,96.95949999999999,0.25319,0.06589,0.00382,0.01443,0.13796,0.05078,0.00183,0.01518,0.45691,0.22402,0.27471,0.29432,0.22402,0.29432,0.02232,0.01745,0.00487,0.20767,145.0,0.98,0.99,0.95,0.69,1.03,0.98,0.99,0.995,0.975,0.845,1.015,0.99,0.30145,0.69855,R,0.2714,0.249,0.07219,0.06177,0.00393,0.00378,0.01522,0.0143,0.14152,0.13742,0.05632,0.05025,0.00222,0.00214,0.01372,0.01582,0.42348,0.46553
596117,Garrett Stubbs,PHI,34,65.0,499.0,450,,projected,unmodeled,,65.0,2026.0,0.2417,0.08304,0.01536,0.00441,0.01457,0.00476,0.02952,0.14745,0.4592,0.04612,0.02531,0.00511,0.00275,0.00376,0.00075,0.0034,0.00838,0.00961,0.02045,0.01605,0.0044,0.00618,0.00488,0.08318,0.78502,0.24586,70.80686999999999,5.002048125,27.4,0.12505,0.09392,0.01536,0.01354,0.11932,0.08962,1.04798,143.0,2.0,289.0304990625,289.0304990625,0.24653,0.08097,0.01536,0.01559,0.14893,0.02922,0.00485,0.00441,0.45414,0.22083,0.29492,0.28722,0.22083,0.28722,0.0204,0.01602,0.00439,0.24526,143.0,1.14,1.02,0.98,1.04,0.95,1.04,1.07,1.01,0.99,1.02,0.975,1.02,0.2649,0.7351,L,0.22924,0.24619,0.08979,0.08061,0.0115,0.01675,0.01826,0.01324,0.16191,0.14224,0.03161,0.02876,0.0035,0.00521,0.0039,0.00459,0.45028,0.46241
656716,Zach McKinstry,DET,32,423.0,1962.0,768,,projected,unmodeled,,511.0,2025.0,0.20682,0.0885,0.01023,0.00615,0.01455,0.01095,0.03821,0.15423,0.47036,0.02318,0.01384,0.00223,0.00173,0.00287,0.00157,0.00327,0.00723,0.00817,0.04041,0.03146,0.00895,0.005,0.00403,0.15976,0.77845,0.25296,293.69452874999996,48.55607468749999,27.9,0.11656,0.08164,0.00836,0.00713,0.11611,0.08133,1.00391,116.0,6.0,1280.8228453124998,1280.8228453124998,0.20475,0.08806,0.01023,0.01462,0.15346,0.03706,0.01369,0.00615,0.47198,0.24435,0.31712,0.302,0.24435,0.302,0.04022,0.03131,0.00891,0.25175,116.0,1.01,0.99,0.94,1.5,0.99,0.98,1.005,0.995,0.97,1.25,0.995,0.99,0.19877,0.80123,L,0.19697,0.20926,0.08233,0.09003,0.01269,0.00962,0.01155,0.0153,0.16303,0.15204,0.0339,0.03928,0.01227,0.01062,0.00737,0.00585,0.4799,0.46799
543257,Robbie Grossman,KC,37,245.0,1142.0,152,,floor,floor,1.0,0.0,,0.24409,0.12321,0.0081,0.01191,0.01452,0.00305,0.03535,0.13487,0.42491,0.035,0.0228,0.00256,0.0031,0.00633,0.00085,0.00751,0.01393,0.01604,0.01503,0.01175,0.00328,0.00432,0.0034,0.05647,0.78166,0.26617,152.34752406249999,5.914023749999999,27.7,0.09383,0.08755,0.01019,0.00988,0.09793,0.09139,0.95808,118.0,7.0,581.3506840624999,581.3506840624999,0.23066,0.12321,0.0081,0.01372,0.13622,0.03853,0.00404,0.01191,0.43361,0.22469,0.32382,0.29195,0.22469,0.29195,0.01511,0.01181,0.0033,0.26752,118.0,0.89,1.02,1.18,1.65,1.0,0.89,0.945,1.01,1.09,1.325,1.0,0.945,0.4,0.6,S,0.23567,0.2497,0.13842,0.11307,0.00618,0.00938,0.01674,0.01305,0.15168,0.12366,0.04284,0.03036,0.00261,0.00334,0.01241,0.01157,0.39345,0.44588
807747,Rikuu Nishida,CWS,26,30.0,30.0,300,,projected,unmodeled,,30.0,2026.0,0.21153,0.06746,0.00814,0.00503,0.01451,0.00265,0.03056,0.17258,0.48755,0.07754,0.04054,0.00853,0.00671,0.00396,0.0006,0.00484,0.01016,0.01166,0.02256,0.01759,0.00497,0.00954,0.00746,0.09088,0.77964,0.24818,5.95,0.0,28.0,0.10517,0.09795,0.0194,0.01881,0.11528,0.10736,0.91233,145.0,5.0,25.5,25.5,0.20941,0.06847,0.00814,0.01437,0.17172,0.0298,0.00224,0.00503,0.49083,0.23751,0.29473,0.29335,0.23751,0.29335,0.02257,0.0176,0.00497,0.24833,145.0,0.98,0.99,0.95,0.69,1.03,0.98,0.99,0.995,0.975,0.845,1.015,0.99,0.24348,0.75652,L,0.21224,0.2113,0.06293,0.06892,0.00666,0.00861,0.00856,0.01643,0.19116,0.1666,0.02492,0.03238,0.00212,0.00282,0.00407,0.00534,0.48736,0.48761
658668,Edward Olivares,PIT,31,196.0,755.0,150,,floor,floor,1.0,0.0,,0.18935,0.06863,0.01425,0.00905,0.01451,0.0016,0.03834,0.17589,0.48839,0.03732,0.0205,0.0041,0.00327,0.00678,0.00042,0.00859,0.01715,0.01896,0.02993,0.02312,0.0068,0.00692,0.00541,0.11565,0.77265,0.25877,93.21496312499998,11.184751562499997,27.8,0.1206,0.1033,0.01285,0.01202,0.12823,0.10983,0.9405,134.0,2.0,398.54563062499994,398.54563062499994,0.18841,0.06828,0.01425,0.01328,0.17853,0.04159,0.00138,0.00905,0.48524,0.25845,0.31731,0.31342,0.25845,0.31342,0.03019,0.02333,0.00686,0.26106,134.0,0.83,1.03,1.17,0.72,0.99,0.99,0.915,1.015,1.085,0.86,0.995,0.995,0.35859,0.64141,R,0.2107,0.17742,0.0746,0.06529,0.0154,0.0136,0.01757,0.0128,0.15325,0.18855,0.04538,0.0344,0.00176,0.00151,0.00954,0.00877,0.4718,0.49766
682868,Bryan Ramos,CWS,25,12.0,120.0,450,,floor,floor,1.0,12.0,2025.0,0.22113,0.07295,0.00448,0.00777,0.0145,0.00364,0.03862,0.16174,0.47519,0.06673,0.03559,0.00471,0.00619,0.00364,0.00055,0.00414,0.00884,0.00986,0.0252,0.01953,0.00567,0.0093,0.00725,0.10537,0.77488,0.23916,12.282499999999999,1.2282499999999998,28.7,0.11927,0.10997,0.01885,0.0182,0.13073,0.12054,0.91233,145.0,3.0,66.32549999999999,66.32549999999999,0.21892,0.07404,0.00448,0.01435,0.16093,0.03765,0.00307,0.00777,0.47879,0.2364,0.29452,0.29635,0.2364,0.29635,0.02523,0.01955,0.00568,0.23944,145.0,0.98,0.99,0.95,0.69,1.03,0.98,0.99,0.995,0.975,0.845,1.015,0.99,0.29688,0.70312,R,0.21378,0.22424,0.07072,0.07388,0.0045,0.00447,0.01385,0.01477,0.16527,0.16025,0.03821,0.03879,0.00367,0.00362,0.00901,0.00724,0.48099,0.47274
677649,Ezequiel Duran,TEX,28,597.0,1760.0,516,,projected,unmodeled,,597.0,2026.0,0.24235,0.06255,0.01027,0.00574,0.01449,0.00474,0.04712,0.15585,0.45691,0.0256,0.01232,0.00235,0.00176,0.00337,0.00074,0.00521,0.00834,0.00964,0.02947,0.02282,0.00665,0.00429,0.00342,0.12887,0.77423,0.22866,269.35588906249995,33.3174765625,28.9,0.10542,0.10588,0.00804,0.00805,0.11172,0.11221,0.94359,140.0,5.0,1167.4790375,1167.4790375,0.24356,0.06067,0.01027,0.01398,0.15273,0.04547,0.00433,0.00574,0.46325,0.2345,0.28746,0.30421,0.2345,0.30421,0.02883,0.02232,0.00651,0.22367,140.0,0.93,0.96,0.93,0.83,0.94,1.01,0.965,0.98,0.965,0.915,0.97,1.005,0.30822,0.69178,R,0.24839,0.23966,0.08139,0.05415,0.00911,0.01079,0.01435,0.01455,0.1562,0.15569,0.04353,0.04872,0.00603,0.00416,0.00472,0.00619,0.43628,0.4661
642136,Matt Thaiss,TB,32,190.0,764.0,300,,projected,unmodeled,,190.0,2025.0,0.26497,0.12833,0.01172,0.00776,0.01437,0.00082,0.03104,0.12588,0.4151,0.04011,0.02588,0.0037,0.00302,0.00378,0.00016,0.00405,0.00914,0.01071,0.01212,0.00947,0.00265,0.00419,0.00329,0.04558,0.78125,0.26594,125.52886593749997,4.775092812499999,25.2,0.0982,0.09726,0.01143,0.01138,0.1023,0.10132,0.95991,139.0,6.0,447.6982990624999,447.6982990624999,0.26895,0.12192,0.01172,0.01473,0.12399,0.03057,0.00083,0.00776,0.41952,0.19814,0.30376,0.2703,0.19814,0.2703,0.01174,0.00917,0.00257,0.25763,139.0,1.05,0.97,0.97,1.04,0.9,1.03,1.025,0.985,0.985,1.02,0.95,1.015,0.21007,0.78993,L,0.22781,0.27486,0.08817,0.13901,0.01462,0.01095,0.01348,0.0146,0.13054,0.12464,0.03652,0.02958,0.00087,0.0008,0.00779,0.00776,0.4802,0.39779
608671,Travis Jankowski,NYM,36,50.0,608.0,300,,projected,unmodeled,,50.0,2025.0,0.19107,0.09021,0.01293,0.00516,0.01428,0.00411,0.02546,0.16815,0.48863,0.0398,0.02469,0.0043,0.00273,0.00466,0.00075,0.00437,0.0099,0.01126,0.0514,0.04086,0.01053,0.0089,0.00721,0.18945,0.79505,0.27129,92.68537062499999,20.5857409375,29.3,0.11622,0.08709,0.01399,0.01231,0.11299,0.08466,1.02866,121.0,6.0,341.46180875,341.46180875,0.19393,0.09336,0.01293,0.01435,0.16479,0.02457,0.00368,0.00516,0.48722,0.2334,0.31368,0.28377,0.2334,0.28377,0.05136,0.04083,0.01053,0.27108,121.0,1.01,0.96,0.93,0.79,1.07,1.03,1.005,0.98,0.965,0.895,1.035,1.015,0.15755,0.84245,L,0.20979,0.18757,0.08458,0.09126,0.01098,0.01329,0.02342,0.01257,0.15038,0.17148,0.03105,0.02441,0.00475,0.00399,0.0052,0.00516,0.47983,0.49028
808982,Jung Hoo Lee,SF,28,579.0,1354.0,861,,projected,unmodeled,,617.0,2025.0,0.11457,0.06451,0.01039,0.00736,0.01428,0.00794,0.04282,0.19824,0.5399,0.02011,0.0132,0.00268,0.00226,0.00291,0.00098,0.00378,0.00778,0.00874,0.02608,0.02037,0.00571,0.0046,0.00366,0.0955,0.78108,0.27314,254.50487499999997,23.513124999999995,27.5,0.11362,0.09345,0.0088,0.00807,0.11897,0.09786,0.95503,137.0,2.0,1034.96425,1034.96425,0.11227,0.0629,0.01039,0.01278,0.20022,0.04368,0.0096,0.00736,0.5408,0.28964,0.33956,0.31915,0.28964,0.31915,0.02612,0.0204,0.00572,0.2735,137.0,0.79,1.02,1.04,1.42,0.95,0.96,0.895,1.01,1.02,1.21,0.975,0.98,0.28443,0.71557,L,0.15593,0.09812,0.04887,0.07073,0.00903,0.01093,0.01553,0.01378,0.19486,0.19958,0.03253,0.04691,0.00597,0.00872,0.00605,0.00788,0.53121,0.54336
669743,Alex Call,LAD,32,195.0,1200.0,534,,projected,unmodeled,,322.0,2025.0,0.18417,0.11194,0.01867,0.00668,0.01425,0.00321,0.03657,0.1498,0.47471,0.0282,0.01952,0.00378,0.00228,0.00345,0.0005,0.00388,0.00778,0.00891,0.02662,0.02033,0.00629,0.00507,0.00395,0.09492,0.76372,0.28041,212.79587968749996,19.088588124999998,27.8,0.13495,0.11297,0.01191,0.01102,0.11842,0.09914,1.13954,119.0,2.0,755.0772646874999,755.0772646874999,0.18601,0.11306,0.01867,0.01589,0.14531,0.03566,0.00263,0.00668,0.47609,0.23153,0.33121,0.27831,0.23153,0.27831,0.0263,0.02008,0.00621,0.27704,119.0,1.23,0.94,0.95,0.64,1.02,1.02,1.115,0.97,0.975,0.82,1.01,1.01,0.34096,0.65904,R,0.19637,0.17786,0.10272,0.11671,0.01375,0.02121,0.01919,0.01169,0.15901,0.14504,0.0386,0.03552,0.0026,0.00352,0.00995,0.00499,0.45781,0.48345
687363,Victor Scott II,STL,26,195.0,813.0,601,,projected,unmodeled,,463.0,2025.0,0.24069,0.08066,0.01668,0.00734,0.01424,0.00554,0.03221,0.14749,0.45516,0.03448,0.0187,0.00428,0.00285,0.00332,0.00076,0.00323,0.00702,0.00815,0.06962,0.05493,0.01469,0.0081,0.00664,0.28436,0.78897,0.24483,136.05737499999998,45.589749999999995,29.7,0.10913,0.07874,0.01085,0.00938,0.11289,0.08145,0.96671,138.0,9.0,595.456875,595.456875,0.22986,0.07824,0.01668,0.01253,0.15265,0.03333,0.00471,0.00734,0.46466,0.22638,0.29815,0.29098,0.22638,0.29098,0.0704,0.05554,0.01486,0.24757,138.0,0.76,1.07,1.07,0.7,0.94,0.91,0.88,1.035,1.035,0.85,0.97,0.955,0.28529,0.71471,L,0.24369,0.23949,0.0686,0.08548,0.01732,0.01642,0.01503,0.01393,0.17151,0.1379,0.02782,0.03396,0.0054,0.0056,0.00968,0.0064,0.44094,0.46083
656448,Stone Garrett,WSH,31,6.0,361.0,150,,floor,floor,1.0,0.0,,0.27293,0.08492,0.0111,0.01486,0.0141,0.00154,0.03262,0.14682,0.4211,0.05638,0.03004,0.00498,0.00575,0.00689,0.00037,0.00707,0.01366,0.01599,0.02333,0.01818,0.00515,0.00753,0.00591,0.09608,0.77908,0.24284,40.220581562499994,3.8628462499999996,,0.13835,0.13217,0.0179,0.01755,0.13628,0.1302,1.01514,120.0,3.0,178.73493999999997,178.73493999999997,0.26474,0.08492,0.0111,0.01446,0.14976,0.03246,0.00148,0.01486,0.42623,0.22286,0.29417,0.30117,0.22286,0.30117,0.02361,0.0184,0.00522,0.24578,120.0,1.05,1.04,0.99,0.92,1.0,0.94,1.025,1.02,0.995,0.96,1.0,0.97,0.2767,0.7233,R,0.28323,0.26899,0.07657,0.08812,0.0107,0.01125,0.01621,0.0133,0.13975,0.14952,0.03503,0.0317,0.00149,0.00155,0.01689,0.01408,0.42013,0.42148
643289,Mauricio Dubón,ATL,32,619.0,2202.0,888,,projected,unmodeled,,619.0,2026.0,0.12787,0.05227,0.00521,0.00769,0.01409,0.00379,0.04553,0.17622,0.56732,0.01804,0.01023,0.00151,0.00183,0.00288,0.00044,0.00387,0.00749,0.00849,0.01678,0.01301,0.00378,0.00308,0.00243,0.07182,0.77498,0.2337,334.6645075,23.204707812499997,26.8,0.11369,0.1023,0.00784,0.00749,0.11288,0.10157,1.00717,144.0,6.0,1450.9594828124998,1450.9594828124998,0.12915,0.05149,0.00521,0.01409,0.18063,0.04439,0.00347,0.00769,0.56388,0.25928,0.29928,0.28837,0.25928,0.28837,0.01704,0.01321,0.00384,0.23733,144.0,1.0,1.05,0.95,0.83,0.97,1.02,1.0,1.025,0.975,0.915,0.985,1.01,0.30578,0.69422,R,0.1251,0.12909,0.05578,0.05072,0.00604,0.00485,0.01604,0.01323,0.17018,0.17888,0.05117,0.04305,0.00361,0.00388,0.00805,0.00753,0.56402,0.56877
650391,Eloy Jiménez,TOR,30,35.0,1200.0,404,,projected,unmodeled,,35.0,2026.0,0.20382,0.07067,0.00539,0.00668,0.01396,0.00095,0.0407,0.15704,0.50081,0.0314,0.01701,0.00205,0.00228,0.0036,0.00013,0.00493,0.00931,0.01085,0.00625,0.00489,0.00136,0.00261,0.00204,0.02682,0.78165,0.23309,158.94261031249997,1.8423749999999997,26.0,0.10168,0.11749,0.01027,0.01094,0.10399,0.12017,0.97775,141.0,5.0,644.4323184374998,644.4323184374998,0.20178,0.07067,0.00539,0.01431,0.15704,0.04151,0.0008,0.00668,0.50183,0.23292,0.28971,0.2843,0.23292,0.2843,0.00625,0.00489,0.00136,0.23309,141.0,1.05,1.0,1.04,0.68,1.0,0.98,1.025,1.0,1.02,0.84,1.0,0.99,0.27226,0.72774,R,0.18989,0.20903,0.07213,0.07013,0.00667,0.00491,0.01119,0.01499,0.15159,0.15907,0.0443,0.03935,0.00125,0.00083,0.00756,0.00635,0.51541,0.49534
677870,Leo Jiménez,MIA,26,194.0,436.0,450,,projected,unmodeled,,194.0,2026.0,0.23169,0.07813,0.04825,0.00882,0.01392,0.00219,0.02855,0.15444,0.43402,0.04395,0.0238,0.00942,0.00411,0.00363,0.00026,0.00349,0.00839,0.0092,0.01358,0.0106,0.00298,0.00528,0.00414,0.04837,0.78057,0.28082,80.38024999999999,0.85,28.0,0.09682,0.08858,0.01271,0.01221,0.10092,0.09233,0.9594,146.0,7.0,316.98625,316.98625,0.22705,0.07892,0.04825,0.01302,0.15521,0.02898,0.00262,0.00882,0.43714,0.23128,0.32699,0.2994,0.23128,0.2994,0.01366,0.01066,0.003,0.28237,146.0,0.87,1.01,1.03,1.4,1.02,0.96,0.935,1.005,1.015,1.2,1.01,0.98,0.36006,0.63994,R,0.24431,0.22458,0.07596,0.07936,0.0381,0.05395,0.01597,0.01277,0.15025,0.15679,0.02999,0.02774,0.00225,0.00215,0.00721,0.00973,0.43596,0.43292
656248,Sean Bouchard,COL,31,73.0,321.0,300,,projected,unmodeled,,73.0,2025.0,0.2828,0.11351,0.00971,0.01135,0.01387,0.00318,0.0384,0.13444,0.39274,0.05679,0.03405,0.00489,0.00528,0.00442,0.00076,0.0053,0.00936,0.01088,0.0244,0.01899,0.00541,0.00768,0.00602,0.0947,0.77832,0.25766,46.434623437499994,4.423506249999999,26.8,0.11953,0.10449,0.01602,0.01512,0.12641,0.1105,0.9456,115.0,2.0,184.5536840625,184.5536840625,0.26866,0.11124,0.00971,0.01442,0.14452,0.04282,0.00499,0.01135,0.39229,0.23828,0.3277,0.32898,0.23828,0.32898,0.02514,0.01957,0.00557,0.26547,115.0,1.08,1.15,1.23,2.14,0.96,0.9,1.04,1.075,1.115,1.57,0.98,0.95,0.3622,0.6378,R,0.2745,0.28751,0.09598,0.12346,0.0076,0.01091,0.01431,0.01361,0.14434,0.12882,0.03454,0.0406,0.00261,0.0035,0.01155,0.01124,0.41456,0.38035
693304,Nick Gonzales,PIT,28,608.0,1531.0,794,,projected,unmodeled,,608.0,2026.0,0.18373,0.06116,0.01545,0.00717,0.01383,0.00383,0.04086,0.18695,0.48702,0.02362,0.01244,0.00307,0.0021,0.00256,0.00051,0.00356,0.00756,0.00819,0.01766,0.01353,0.00414,0.00353,0.00275,0.06702,0.76585,0.26356,297.90151875,15.38000625,28.8,0.10772,0.09863,0.00826,0.00794,0.11453,0.10487,0.9405,134.0,5.0,1116.0631749999998,1116.0631749999998,0.18281,0.06085,0.01545,0.01265,0.18975,0.04433,0.00329,0.00717,0.48368,0.2728,0.32634,0.32921,0.2728,0.32921,0.01783,0.01366,0.00418,0.26606,134.0,0.83,1.03,1.17,0.72,0.99,0.99,0.915,1.015,1.085,0.86,0.995,0.995,0.27698,0.72302,R,0.19469,0.17953,0.07091,0.05743,0.01428,0.0159,0.01656,0.01278,0.16892,0.19385,0.04204,0.04041,0.00338,0.004,0.00719,0.00716,0.48202,0.48894
623912,Harold Ramírez,WSH,32,246.0,1115.0,192,,floor,floor,1.0,0.0,,0.18816,0.0469,0.01497,0.00967,0.01382,0.00274,0.03357,0.18239,0.50778,0.0321,0.01478,0.00351,0.00283,0.00592,0.00067,0.00649,0.01355,0.01501,0.02235,0.01719,0.00516,0.00496,0.00387,0.0915,0.76916,0.24426,151.6750571875,12.638692499999998,28.0,0.11822,0.13107,0.01173,0.01226,0.11645,0.12912,1.01514,120.0,4.0,570.6372734375,570.6372734375,0.18252,0.0469,0.01497,0.01416,0.18604,0.0334,0.00263,0.00967,0.5097,0.25444,0.29811,0.30347,0.25444,0.30347,0.02268,0.01745,0.00524,0.24791,120.0,1.05,1.04,0.99,0.92,1.0,0.94,1.025,1.02,0.995,0.96,1.0,0.97,0.33184,0.66816,R,0.18083,0.1918,0.0518,0.04446,0.00994,0.01748,0.01638,0.01255,0.20077,0.17326,0.03175,0.03448,0.0028,0.00271,0.00532,0.01183,0.50041,0.51143
702332,Caleb Durbin,BOS,27,586.0,1092.0,744,,projected,unmodeled,,586.0,2026.0,0.1303,0.07626,0.03404,0.0073,0.0138,0.0027,0.03917,0.16082,0.53561,0.02307,0.01548,0.00529,0.00249,0.00288,0.00035,0.00392,0.00713,0.00824,0.04477,0.03477,0.01001,0.00607,0.00486,0.16515,0.77653,0.27112,225.41999999999996,39.44,27.9,0.12405,0.1101,0.01025,0.00974,0.12093,0.10733,1.02577,111.0,5.0,863.685,863.685,0.12835,0.0755,0.03404,0.0129,0.16484,0.04309,0.00256,0.0073,0.53143,0.25293,0.33292,0.2837,0.25293,0.2837,0.04531,0.03519,0.01013,0.27438,111.0,0.87,1.05,1.2,0.89,0.98,0.97,0.935,1.025,1.1,0.945,0.99,0.985,0.27012,0.72988,R,0.12363,0.13277,0.07292,0.0775,0.02744,0.03648,0.01593,0.01301,0.1621,0.16035,0.03563,0.04048,0.00277,0.00268,0.00557,0.00794,0.55401,0.5288
805367,Chase Meidroth,CWS,25,643.0,1148.0,729,,projected,unmodeled,,643.0,2026.0,0.19198,0.09178,0.0105,0.00452,0.0138,0.00143,0.03751,0.17019,0.47829,0.02634,0.01644,0.00291,0.00191,0.00297,0.00016,0.0035,0.00718,0.00795,0.02092,0.01625,0.00467,0.00416,0.00328,0.07677,0.77689,0.27247,254.36249999999998,18.104999999999997,27.3,0.11379,0.07488,0.00904,0.00751,0.12472,0.08208,0.91233,145.0,1.0,911.4124999999999,911.4124999999999,0.19006,0.09316,0.0105,0.01366,0.16934,0.03658,0.00121,0.00452,0.48098,0.24756,0.32444,0.301,0.24756,0.301,0.02096,0.01628,0.00468,0.273,145.0,0.98,0.99,0.95,0.69,1.03,0.98,0.99,0.995,0.975,0.845,1.015,0.99,0.29006,0.70994,R,0.18196,0.19607,0.10314,0.08714,0.00683,0.012,0.01802,0.01207,0.17521,0.16814,0.04873,0.03293,0.00184,0.00126,0.00426,0.00463,0.46001,0.48576
657077,Alex Verdugo,ATL,31,213.0,2080.0,840,,projected,unmodeled,,213.0,2025.0,0.15261,0.07351,0.00597,0.00998,0.01377,0.00233,0.04953,0.16145,0.53086,0.02176,0.01344,0.00166,0.00214,0.00251,0.00027,0.00385,0.00688,0.00808,0.00904,0.00697,0.00206,0.00257,0.002,0.03751,0.7718,0.24092,267.11547499999995,8.515746249999998,26.1,0.11372,0.09222,0.00872,0.00795,0.11291,0.09156,1.00717,144.0,6.0,1135.2581087499998,1135.2581087499998,0.15414,0.0724,0.00597,0.01377,0.16548,0.04829,0.00213,0.00998,0.52784,0.25193,0.30805,0.29029,0.25193,0.29029,0.00915,0.00706,0.00209,0.24386,144.0,1.0,1.05,0.95,0.83,0.97,1.02,1.0,1.025,0.975,0.915,0.985,1.01,0.26596,0.73404,L,0.17128,0.14585,0.0892,0.06782,0.01003,0.0045,0.01056,0.01493,0.16211,0.1612,0.03604,0.05441,0.00236,0.00232,0.00779,0.01077,0.51062,0.5382
699912,Jose Fernandez,ARI,23,222.0,222.0,300,,projected,unmodeled,,222.0,2026.0,0.22739,0.06171,0.00959,0.00183,0.01358,0.00544,0.04341,0.15436,0.4827,0.05247,0.02564,0.0056,0.00246,0.00472,0.00096,0.00602,0.0102,0.01206,0.03643,0.02846,0.00796,0.00852,0.00673,0.16142,0.78136,0.22565,45.05,9.35,29.5,0.1292,0.10257,0.01804,0.01629,0.11659,0.09256,1.10811,109.0,6.0,188.7,188.7,0.21602,0.0614,0.00959,0.0131,0.15667,0.04558,0.00836,0.00183,0.48745,0.24128,0.2947,0.3017,0.24128,0.3017,0.03675,0.02872,0.00803,0.22766,109.0,0.93,1.03,1.1,2.07,0.99,0.9,0.965,1.015,1.05,1.535,0.995,0.95,0.28673,0.71327,R,0.23414,0.22467,0.06812,0.05914,0.00788,0.01027,0.01215,0.01415,0.14968,0.15624,0.04823,0.04147,0.00586,0.00528,0.00199,0.00177,0.47196,0.48702
666163,Ben Rortvedt,LAD,29,28.0,563.0,506,,projected,unmodeled,,128.0,2025.0,0.24082,0.09377,0.01072,0.00086,0.01346,0.00126,0.03663,0.13547,0.46699,0.04245,0.02464,0.00406,0.00116,0.00326,0.00017,0.00424,0.00741,0.00885,0.00816,0.00637,0.00179,0.00374,0.00293,0.03402,0.78032,0.23997,85.43009999999998,0.6141249999999999,25.8,0.10664,0.11101,0.01404,0.01429,0.09358,0.09742,1.13954,119.0,7.0,358.95149375,358.95149375,0.24323,0.09471,0.01072,0.01501,0.13141,0.03572,0.00104,0.00086,0.46731,0.20496,0.2886,0.26463,0.20496,0.26463,0.00806,0.00629,0.00177,0.23684,119.0,1.23,0.94,0.95,0.64,1.02,1.02,1.115,0.97,0.975,0.82,1.01,1.01,0.19006,0.80994,L,0.23701,0.24172,0.08419,0.09602,0.0086,0.01122,0.01563,0.01295,0.15399,0.13113,0.03758,0.03641,0.00167,0.00117,0.00119,0.00078,0.46014,0.4686
680862,Willie MacIver,OAK,30,111.0,111.0,150,,projected,unmodeled,,111.0,2025.0,0.23199,0.07505,0.01516,0.0029,0.01341,0.00193,0.04299,0.15201,0.46456,0.06688,0.03554,0.00882,0.00388,0.00621,0.00055,0.00891,0.01438,0.01674,0.02681,0.02097,0.00584,0.00947,0.00744,0.11069,0.782,0.24222,14.45,2.1674999999999995,27.5,0.09835,0.09983,0.01743,0.01755,0.102,0.10354,0.9642,133.0,6.0,80.19749999999999,80.19749999999999,0.22155,0.07918,0.01516,0.01576,0.15733,0.04643,0.00161,0.0029,0.46008,0.24495,0.31547,0.30862,0.24495,0.30862,0.02786,0.02178,0.00607,0.25167,133.0,1.35,1.07,1.16,0.67,1.11,0.91,1.175,1.035,1.08,0.835,1.055,0.955,0.29582,0.70418,R,0.21798,0.23788,0.07848,0.07361,0.01551,0.01501,0.01489,0.0128,0.14743,0.15394,0.04727,0.04119,0.00196,0.00191,0.00295,0.00287,0.47353,0.46079
668845,Aaron Schunk,COL,29,33.0,131.0,300,,projected,unmodeled,,33.0,2025.0,0.26387,0.05935,0.00424,0.00262,0.01323,0.00214,0.03005,0.16875,0.45573,0.0691,0.03154,0.00446,0.00351,0.0046,0.00041,0.00423,0.01181,0.01278,0.02021,0.01571,0.0045,0.00803,0.00627,0.08698,0.77725,0.23235,16.509124999999997,0.6141249999999999,28.1,0.11138,0.09024,0.01809,0.01649,0.11779,0.09543,0.9456,115.0,6.0,84.02674999999999,84.02674999999999,0.25068,0.05817,0.00424,0.01376,0.18141,0.03351,0.00336,0.00262,0.45225,0.24818,0.29445,0.32553,0.24818,0.32553,0.02121,0.01648,0.00472,0.24382,115.0,1.08,1.15,1.23,2.14,0.96,0.9,1.04,1.075,1.115,1.57,0.98,0.95,0.32326,0.67674,R,0.29891,0.24713,0.05977,0.05915,0.00415,0.00428,0.01135,0.01413,0.16937,0.16846,0.02808,0.031,0.00212,0.00215,0.00259,0.00263,0.42364,0.47106
650859,Luis Rengifo,SD,30,354.0,2155.0,814,,projected,unmodeled,,541.0,2025.0,0.16972,0.06955,0.00935,0.00427,0.01322,0.00254,0.03751,0.17411,0.51973,0.02106,0.01215,0.00204,0.00138,0.0027,0.00032,0.00332,0.00699,0.00792,0.03535,0.02684,0.0085,0.00448,0.00353,0.1397,0.75943,0.25301,333.58731843749996,48.59007999999999,27.1,0.11684,0.1049,0.00823,0.00785,0.11586,0.10402,1.00847,135.0,5.0,1337.4926959374998,1337.4926959374998,0.17056,0.07059,0.00935,0.01362,0.1715,0.03507,0.00216,0.00427,0.52287,0.24279,0.30229,0.2853,0.24279,0.2853,0.03513,0.02668,0.00845,0.25144,135.0,1.06,0.97,0.87,0.7,1.03,1.01,1.03,0.985,0.935,0.85,1.015,1.005,0.2466,0.7534,S,0.17742,0.16719,0.06463,0.07116,0.00901,0.00946,0.01659,0.01212,0.17003,0.17544,0.04503,0.03505,0.00288,0.00243,0.00427,0.00427,0.51013,0.52287
542932,Jon Berti,CHC,37,107.0,1009.0,300,,projected,unmodeled,,107.0,2025.0,0.2029,0.07947,0.00817,0.00418,0.01308,0.00197,0.02334,0.1883,0.4786,0.03426,0.01962,0.00273,0.00195,0.0047,0.0004,0.00433,0.01124,0.01229,0.07395,0.05824,0.01571,0.00879,0.00719,0.26799,0.78752,0.27593,143.11921218749998,45.69433187499999,28.3,0.14202,0.09386,0.01378,0.01148,0.12803,0.08461,1.10928,112.0,1.0,523.3403462499999,523.3403462499999,0.20391,0.08027,0.00817,0.01347,0.18641,0.02112,0.00218,0.00418,0.48029,0.24596,0.31162,0.30393,0.24596,0.30393,0.07366,0.05801,0.01565,0.27485,112.0,1.06,0.98,0.81,1.21,1.02,1.01,1.03,0.99,0.905,1.105,1.01,1.005,0.29396,0.70604,R,0.21832,0.19648,0.06954,0.08361,0.00703,0.00864,0.01533,0.01214,0.18674,0.18894,0.02688,0.02186,0.0016,0.00213,0.00358,0.00443,0.47099,0.48177
664059,Sam Haggerty,TEX,33,47.0,554.0,450,,projected,unmodeled,,182.0,2025.0,0.22837,0.0894,0.01403,0.00403,0.01302,0.00538,0.03668,0.15197,0.45713,0.04322,0.02501,0.00467,0.00251,0.00371,0.00094,0.00437,0.00798,0.00945,0.05943,0.04678,0.01265,0.00938,0.00756,0.23268,0.78719,0.25539,82.42838875,25.213943124999997,28.2,0.127,0.08444,0.01416,0.01185,0.1346,0.08949,0.94359,140.0,1.0,317.0064428125,317.0064428125,0.22951,0.08671,0.01403,0.01256,0.14893,0.0354,0.00492,0.00403,0.46391,0.22543,0.30255,0.28974,0.22543,0.28974,0.05809,0.04573,0.01236,0.24967,140.0,0.93,0.96,0.93,0.83,0.94,1.01,0.965,0.98,0.965,0.915,0.97,1.005,0.43371,0.56629,S,0.21636,0.23757,0.08991,0.089,0.01386,0.01416,0.01232,0.01355,0.16226,0.14409,0.04146,0.03302,0.00673,0.00434,0.00383,0.00418,0.45326,0.4601
663743,Nick Fortes,TB,30,323.0,1463.0,608,,projected,unmodeled,,323.0,2026.0,0.16545,0.05086,0.02067,0.00619,0.01302,0.00151,0.04047,0.16046,0.54138,0.02462,0.01239,0.00362,0.002,0.00331,0.00021,0.00415,0.00762,0.00896,0.01159,0.00897,0.00262,0.00317,0.00248,0.04997,0.77376,0.23199,204.0657528125,8.018304999999998,26.9,0.10635,0.09769,0.00896,0.00863,0.11079,0.10177,0.95991,139.0,6.0,930.2241687499998,930.2241687499998,0.16793,0.04832,0.02067,0.01334,0.15805,0.03986,0.00154,0.00619,0.5441,0.23009,0.28178,0.26824,0.23009,0.26824,0.01135,0.00878,0.00257,0.22704,139.0,1.05,0.97,0.97,1.04,0.9,1.03,1.025,0.985,0.985,1.02,0.95,1.015,0.39545,0.60455,R,0.15379,0.17308,0.05452,0.04846,0.02214,0.01971,0.01199,0.01369,0.15694,0.16276,0.0483,0.03535,0.00126,0.00167,0.00605,0.00628,0.54501,0.539
672580,Maikel Garcia,KC,27,344.0,2174.0,1229,,projected,unmodeled,,666.0,2025.0,0.16329,0.08232,0.00173,0.01001,0.01299,0.00385,0.04595,0.17209,0.50778,0.02005,0.01269,0.00087,0.0021,0.00215,0.00047,0.00305,0.00582,0.00666,0.04818,0.03769,0.01049,0.00497,0.00407,0.1881,0.78232,0.25614,356.2003624999999,70.3810625,27.6,0.12259,0.10549,0.00793,0.00744,0.12796,0.11011,0.95808,118.0,2.0,1426.8604687499997,1426.8604687499997,0.15431,0.08232,0.00173,0.01227,0.17381,0.05008,0.0051,0.01001,0.51036,0.26632,0.32532,0.30972,0.26632,0.30972,0.0485,0.03794,0.01056,0.25786,118.0,0.89,1.02,1.18,1.65,1.0,0.89,0.945,1.01,1.09,1.325,1.0,0.945,0.2342,0.7658,R,0.1542,0.16607,0.08849,0.08044,0.00222,0.00158,0.01698,0.01177,0.16787,0.17338,0.05555,0.04301,0.00368,0.00391,0.00981,0.01007,0.50121,0.50978
668885,Austin Martin,MIN,28,358.0,796.0,492,,projected,unmodeled,,358.0,2026.0,0.18958,0.10809,0.01358,0.00406,0.01295,0.00206,0.03762,0.16766,0.46442,0.03167,0.02136,0.00391,0.00215,0.00342,0.00023,0.00453,0.00891,0.00971,0.05326,0.04061,0.01266,0.00764,0.00601,0.1841,0.76235,0.28932,165.34412500000002,33.97875,27.8,0.1257,0.07243,0.01177,0.0092,0.12577,0.07247,0.99946,142.0,1.0,592.902625,592.902625,0.18673,0.10701,0.01358,0.01257,0.17017,0.04025,0.00201,0.00406,0.46363,0.25703,0.34558,0.31421,0.25703,0.31421,0.05353,0.04081,0.01272,0.29076,142.0,0.94,1.03,1.14,0.95,0.98,0.97,0.97,1.015,1.07,0.975,0.99,0.985,0.36747,0.63253,R,0.18394,0.19285,0.1228,0.09954,0.02041,0.00961,0.01555,0.01145,0.15306,0.17614,0.04445,0.03365,0.00155,0.00235,0.00501,0.0035,0.45324,0.47091
622534,Manuel Margot,DET,32,20.0,1062.0,418,,floor,floor,1.0,20.0,2025.0,0.17939,0.06259,0.00866,0.00749,0.01293,0.00146,0.03877,0.17287,0.51584,0.03173,0.01705,0.00274,0.00255,0.00355,0.00016,0.00514,0.01028,0.01149,0.02585,0.02017,0.00568,0.0056,0.00443,0.10587,0.78028,0.24413,129.712411875,13.771753124999996,27.5,0.10669,0.10683,0.01129,0.0113,0.10674,0.10689,0.99946,142.0,6.0,547.1040034375,547.1040034375,0.1767,0.06197,0.00866,0.01254,0.17546,0.04148,0.00142,0.00749,0.51427,0.25048,0.30154,0.29806,0.25048,0.29806,0.02605,0.02033,0.00572,0.24609,142.0,0.94,1.03,1.14,0.95,0.98,0.97,0.97,1.015,1.07,0.975,0.99,0.985,0.42274,0.57726,R,0.17247,0.18446,0.06763,0.05891,0.00645,0.01029,0.01462,0.01169,0.18448,0.16436,0.03753,0.03967,0.00159,0.00136,0.00911,0.0063,0.50612,0.52295
593160,Whit Merrifield,ATL,38,335.0,1477.0,253,,floor,floor,1.0,0.0,,0.16845,0.0764,0.00443,0.00935,0.01287,0.00803,0.04178,0.16725,0.51144,0.02717,0.01641,0.00168,0.00244,0.00497,0.00266,0.00733,0.01292,0.01499,0.04984,0.03878,0.01106,0.00646,0.0052,0.20091,0.77806,0.24808,186.74927125,40.39253656249999,29.0,0.11898,0.09457,0.0105,0.00949,0.11814,0.0939,1.00717,144.0,2.0,758.7974968749999,758.7974968749999,0.17014,0.07526,0.00443,0.01287,0.17143,0.04073,0.00735,0.00935,0.50845,0.25509,0.31207,0.30154,0.25509,0.30154,0.05045,0.03925,0.0112,0.25112,144.0,1.0,1.05,0.95,0.83,0.97,1.02,1.0,1.025,0.975,0.915,0.985,1.01,0.32336,0.67664,R,0.15455,0.1751,0.08113,0.07414,0.00368,0.00479,0.01647,0.01115,0.14628,0.17728,0.0466,0.03947,0.00576,0.00911,0.01103,0.00854,0.53449,0.50042
664728,Kyle Isbel,KC,30,323.0,1749.0,775,,projected,unmodeled,,409.0,2025.0,0.21075,0.05777,0.00814,0.00632,0.01279,0.00436,0.03635,0.16388,0.49964,0.02485,0.0121,0.0021,0.00185,0.00287,0.00053,0.00327,0.00668,0.00777,0.02854,0.02209,0.00645,0.00447,0.00355,0.12419,0.7739,0.22979,237.08133062499996,30.4177546875,27.3,0.11922,0.09341,0.00871,0.00783,0.12444,0.0975,0.95808,118.0,2.0,1118.407783125,1118.407783125,0.19916,0.05777,0.00814,0.01209,0.16552,0.03962,0.00577,0.00632,0.50561,0.24036,0.28892,0.29436,0.24036,0.29436,0.02874,0.02224,0.0065,0.23143,118.0,0.89,1.02,1.18,1.65,1.0,0.89,0.945,1.01,1.09,1.325,1.0,0.945,0.20103,0.79897,L,0.25711,0.19909,0.06199,0.05671,0.01166,0.00726,0.0103,0.01342,0.15885,0.16515,0.03149,0.03758,0.00306,0.00468,0.00402,0.00689,0.46151,0.50923
547989,José Abreu,HOU,40,120.0,1393.0,150,,floor,floor,1.0,0.0,,0.19892,0.07688,0.01419,0.00784,0.01279,0.00052,0.02091,0.16705,0.5009,0.0303,0.01722,0.00308,0.0023,0.00538,8e-05,0.00334,0.01381,0.015,0.00407,0.00317,0.00091,0.00217,0.00169,0.01578,0.77761,0.25812,169.40331062499996,0.5220062499999999,25.3,0.10963,0.11639,0.01051,0.01079,0.10948,0.11623,1.0014,117.0,5.0,685.0426196874998,685.0426196874998,0.20588,0.07727,0.01419,0.01362,0.16455,0.02049,0.00047,0.00784,0.49569,0.22109,0.29059,0.27233,0.22109,0.27233,0.00404,0.00314,0.0009,0.256,117.0,1.13,0.97,0.96,0.83,1.01,1.07,1.065,0.985,0.98,0.915,1.005,1.035,0.27812,0.72188,R,0.20349,0.19716,0.08865,0.07235,0.00968,0.01592,0.0151,0.0119,0.14481,0.17562,0.02374,0.01982,0.00057,0.0005,0.00675,0.00827,0.50722,0.49846
672279,Michael Siani,BAL,27,1.0,384.0,368,,floor,floor,1.0,19.0,2025.0,0.26233,0.06996,0.00839,0.00335,0.01279,0.00486,0.03187,0.15996,0.44649,0.05124,0.02529,0.00423,0.00268,0.00384,0.00108,0.00457,0.00952,0.01085,0.04678,0.03675,0.01003,0.00948,0.00756,0.19629,0.78557,0.23832,49.744125,14.124874999999998,28.3,0.12153,0.08502,0.01592,0.0136,0.12571,0.08795,0.96671,138.0,2.0,205.11774999999997,205.11774999999997,0.25053,0.06786,0.00839,0.01126,0.16556,0.03299,0.00413,0.00335,0.45594,0.23243,0.29019,0.30773,0.23243,0.30773,0.04747,0.03729,0.01018,0.24182,138.0,0.76,1.07,1.07,0.7,0.94,0.91,0.88,1.035,1.035,0.85,0.97,0.955,0.29242,0.70758,L,0.25655,0.26472,0.07835,0.06649,0.00858,0.00832,0.01496,0.0119,0.14819,0.16483,0.03246,0.03163,0.0053,0.00467,0.00322,0.0034,0.45239,0.44405
518934,DJ LeMahieu,NYY,38,142.0,1473.0,322,,projected,unmodeled,,142.0,2025.0,0.1893,0.10422,0.00573,0.0068,0.01275,0.00114,0.03263,0.18086,0.46659,0.02815,0.01869,0.00191,0.00208,0.00393,0.00018,0.00467,0.01076,0.01141,0.00976,0.00753,0.00223,0.00324,0.00251,0.03355,0.77133,0.2908,211.72311593749995,5.808087187499998,25.6,0.11582,0.09887,0.01086,0.01012,0.1044,0.08913,1.10936,147.0,7.0,776.0275865624999,776.0275865624999,0.19309,0.11151,0.00573,0.0139,0.17272,0.03181,0.00099,0.0068,0.46346,0.25048,0.33666,0.30721,0.25048,0.30721,0.00973,0.0075,0.00222,0.28996,147.0,1.18,0.91,0.95,0.74,1.14,1.04,1.09,0.955,0.975,0.87,1.07,1.02,0.32982,0.67018,R,0.18944,0.18923,0.11023,0.10126,0.00687,0.00517,0.01355,0.01235,0.18247,0.18006,0.02737,0.03521,0.00097,0.00122,0.01023,0.0051,0.45886,0.47039
686475,Tyler Tolbert,KC,29,148.0,205.0,300,,projected,unmodeled,,148.0,2026.0,0.21198,0.07262,0.01718,0.01247,0.01271,0.005,0.03924,0.1567,0.4721,0.0532,0.02876,0.00768,0.00656,0.00382,0.00158,0.00574,0.00989,0.01138,0.11397,0.09061,0.02335,0.01251,0.01038,0.46234,0.79508,0.2465,46.537499999999994,38.7175,29.3,0.17601,0.09026,0.01937,0.01461,0.18371,0.0942,0.95808,118.0,1.0,166.9825,166.9825,0.20032,0.07262,0.01718,0.01201,0.15827,0.04277,0.00663,0.01247,0.47773,0.24471,0.30948,0.30299,0.24471,0.30299,0.11469,0.09119,0.0235,0.24807,118.0,0.89,1.02,1.18,1.65,1.0,0.89,0.945,1.01,1.09,1.325,1.0,0.945,0.42469,0.57531,R,0.20356,0.21819,0.08514,0.06338,0.01593,0.0181,0.01159,0.01355,0.13981,0.16917,0.04387,0.03583,0.00482,0.00514,0.01042,0.01397,0.48486,0.46268
641432,Willie Calhoun,LAA,32,254.0,465.0,200,,floor,floor,1.0,0.0,,0.15314,0.09381,0.00531,0.00468,0.01262,0.00063,0.04553,0.16143,0.52285,0.0403,0.02778,0.00311,0.00292,0.005,0.00011,0.00766,0.01343,0.01614,0.00935,0.00727,0.00208,0.00463,0.00361,0.03588,0.77725,0.26056,59.7497565625,0.6141249999999999,24.3,0.10613,0.09263,0.0136,0.01281,0.11663,0.1018,0.90997,108.0,5.0,261.2764106249999,261.2764106249999,0.15773,0.09334,0.00531,0.01262,0.16143,0.04325,0.00058,0.00468,0.52104,0.243,0.31654,0.28261,0.243,0.28261,0.00933,0.00725,0.00208,0.26009,108.0,1.0,1.0,0.9,0.85,0.99,1.06,1.0,1.0,0.95,0.925,0.995,1.03,0.18282,0.81718,L,0.18971,0.14495,0.08843,0.09502,0.00797,0.00472,0.01207,0.01275,0.17345,0.15874,0.03819,0.04717,0.00082,0.00059,0.00488,0.00464,0.48448,0.53143
690022,Ryan Ritter,COL,26,21.0,228.0,300,,projected,unmodeled,,207.0,2025.0,0.27362,0.06186,0.01914,0.00504,0.01243,0.004,0.03113,0.15654,0.43622,0.05799,0.02667,0.00779,0.00403,0.00394,0.00116,0.00481,0.00994,0.01099,0.02439,0.019,0.00538,0.00787,0.00617,0.10266,0.77922,0.23754,33.957499999999996,2.8899999999999997,29.2,0.11576,0.10365,0.01658,0.0158,0.12242,0.10961,0.9456,115.0,5.0,149.55749999999998,149.55749999999998,0.25994,0.06062,0.01914,0.01293,0.16829,0.03472,0.00628,0.00504,0.43304,0.2428,0.30197,0.32582,0.2428,0.32582,0.02546,0.01984,0.00562,0.24805,115.0,1.08,1.15,1.23,2.14,0.96,0.9,1.04,1.075,1.115,1.57,0.98,0.95,0.24766,0.75234,R,0.22947,0.28816,0.06291,0.06151,0.01607,0.02015,0.01392,0.01194,0.1659,0.15347,0.03396,0.0302,0.00238,0.00453,0.00668,0.0045,0.46871,0.42553
686217,Sal Frelick,MIL,27,384.0,1725.0,1078,,projected,unmodeled,,594.0,2025.0,0.13883,0.08297,0.00825,0.00751,0.01235,0.00635,0.03337,0.17426,0.5361,0.02045,0.01389,0.00213,0.00203,0.00256,0.00084,0.00288,0.00625,0.00724,0.03694,0.02891,0.00802,0.0048,0.00388,0.13913,0.78282,0.26548,316.83314375,43.11316874999999,28.7,0.12239,0.09967,0.00937,0.00855,0.10911,0.08885,1.12178,158.0,6.0,1193.7738937499998,1193.7738937499998,0.14646,0.08546,0.00825,0.01254,0.17078,0.03137,0.00588,0.00751,0.53176,0.2454,0.31427,0.2812,0.2454,0.2812,0.0368,0.02881,0.00799,0.26448,158.0,1.03,0.96,0.88,0.85,1.06,1.11,1.015,0.98,0.94,0.925,1.03,1.055,0.24559,0.75441,L,0.14901,0.13551,0.07174,0.08662,0.01396,0.00639,0.0117,0.01256,0.17324,0.17459,0.0333,0.0334,0.00338,0.00732,0.00721,0.0076,0.53645,0.53599
624428,Adam Frazier,LAA,35,147.0,1957.0,708,,projected,unmodeled,,459.0,2025.0,0.17563,0.07024,0.01369,0.00665,0.01234,0.00241,0.04471,0.16024,0.51409,0.02297,0.01313,0.00257,0.0018,0.00286,0.00031,0.00423,0.00773,0.00889,0.02626,0.02004,0.00622,0.0042,0.00329,0.10756,0.76312,0.24418,274.7019959375,31.580459062499997,26.1,0.1034,0.08877,0.00788,0.00737,0.11363,0.09755,0.90997,108.0,6.0,1141.7536918749997,1141.7536918749997,0.1809,0.06989,0.01369,0.01234,0.16024,0.04247,0.00223,0.00665,0.51158,0.23883,0.30086,0.28602,0.23883,0.28602,0.02623,0.02001,0.00621,0.24383,108.0,1.0,1.0,0.9,0.85,0.99,1.06,1.0,1.0,0.95,0.925,0.995,1.03,0.15545,0.84455,L,0.18897,0.17317,0.07495,0.06938,0.0208,0.01239,0.01414,0.01201,0.1389,0.16417,0.04565,0.04454,0.0016,0.00255,0.00522,0.00692,0.50977,0.51488
807712,Luke Keaschall,MIN,24,620.0,827.0,350,,projected,unmodeled,,620.0,2026.0,0.15092,0.09316,0.03186,0.01053,0.01229,0.00371,0.0432,0.15029,0.50404,0.02732,0.01889,0.00583,0.00339,0.00381,0.00053,0.00562,0.00985,0.01158,0.04575,0.0356,0.01015,0.00642,0.00515,0.16618,0.77814,0.2753,204.7225,35.2325,28.8,0.13068,0.09981,0.01138,0.01012,0.13075,0.09986,0.99946,142.0,2.0,676.5575,676.5575,0.14866,0.09223,0.03186,0.01192,0.15254,0.04623,0.00362,0.01053,0.50242,0.24765,0.33839,0.28716,0.24765,0.28716,0.04597,0.03577,0.0102,0.27663,142.0,0.94,1.03,1.14,0.95,0.98,0.97,0.97,1.015,1.07,0.975,0.99,0.985,0.31159,0.68841,R,0.17925,0.1381,0.08465,0.09701,0.01985,0.03729,0.01103,0.01286,0.1418,0.15412,0.04208,0.04371,0.00319,0.00395,0.00981,0.01086,0.50834,0.50209
665828,Oswaldo Cabrera,CIN,28,25.0,974.0,549,,projected,unmodeled,,122.0,2025.0,0.21864,0.07581,0.00559,0.00717,0.01224,0.00187,0.03217,0.16356,0.48296,0.03428,0.01869,0.0023,0.0026,0.0031,0.00026,0.00362,0.00828,0.00932,0.02253,0.01754,0.00499,0.00528,0.00416,0.09198,0.77836,0.24496,129.89188937499998,11.651826562499998,27.1,0.11337,0.09224,0.01126,0.01028,0.11799,0.096,0.96083,113.0,6.0,557.7354209375,557.7354209375,0.22301,0.07961,0.00559,0.01303,0.15947,0.03185,0.0017,0.00717,0.47859,0.22701,0.29124,0.28739,0.22701,0.28739,0.02251,0.01752,0.00499,0.24466,113.0,1.13,0.95,0.98,0.81,1.1,1.04,1.065,0.975,0.99,0.905,1.05,1.02,0.24368,0.75632,S,0.24452,0.2103,0.06631,0.07888,0.00739,0.00501,0.0116,0.01244,0.16172,0.16415,0.03229,0.03213,0.00284,0.00156,0.00712,0.00718,0.4662,0.48835
595284,Andrew Knapp,SF,35,6.0,52.0,150,,floor,floor,1.0,0.0,,0.23248,0.0861,0.01436,0.01177,0.01222,0.00256,0.04808,0.14443,0.44801,0.08066,0.04559,0.01031,0.00935,0.00518,0.0005,0.00846,0.01384,0.01653,0.02162,0.01685,0.00476,0.00942,0.00737,0.08827,0.77964,0.24489,4.437053124999999,0.0,,0.10975,0.10546,0.02052,0.02016,0.11492,0.11043,0.95503,137.0,5.0,20.410444374999997,20.410444374999997,0.22783,0.08395,0.01436,0.01093,0.14587,0.04904,0.0031,0.01177,0.45315,0.23479,0.30725,0.30409,0.23479,0.30409,0.02155,0.0168,0.00475,0.24418,137.0,0.79,1.02,1.04,1.42,0.95,0.96,0.895,1.01,1.02,1.21,0.975,0.98,0.25243,0.74757,S,0.23147,0.23282,0.08606,0.08612,0.01632,0.01369,0.00614,0.01427,0.14951,0.14271,0.0548,0.04581,0.00199,0.00276,0.01585,0.01039,0.43787,0.45144
805347,Jim Jarvis,ATL,26,124.0,124.0,150,,projected,unmodeled,,124.0,2026.0,0.20373,0.07432,0.00929,0.00271,0.01216,0.00478,0.06312,0.14474,0.48514,0.05978,0.03314,0.0067,0.00363,0.00503,0.00142,0.01089,0.01389,0.01758,0.01915,0.01487,0.00428,0.0075,0.00585,0.08387,0.77634,0.22835,21.25,0.85,27.9,0.10529,0.10476,0.01763,0.01759,0.10454,0.10402,1.00717,144.0,6.0,105.39999999999999,105.39999999999999,0.20577,0.07321,0.00929,0.01216,0.14836,0.06154,0.00438,0.00271,0.48259,0.24753,0.30893,0.30749,0.24753,0.30749,0.01936,0.01503,0.00433,0.23086,144.0,1.0,1.05,0.95,0.83,0.97,1.02,1.0,1.025,0.975,0.915,0.985,1.01,0.23148,0.76852,L,0.21009,0.20182,0.08751,0.07035,0.01227,0.00839,0.01296,0.01192,0.13844,0.14664,0.07092,0.06077,0.00385,0.00506,0.00298,0.00263,0.46099,0.49242
700337,Edgar Quero,CWS,24,217.0,620.0,446,,projected,unmodeled,,403.0,2025.0,0.19135,0.08145,0.01414,0.01079,0.01196,0.00072,0.03786,0.15953,0.49219,0.03487,0.02064,0.00446,0.0039,0.00302,8e-05,0.00416,0.00896,0.01009,0.00563,0.00438,0.00125,0.0028,0.00218,0.02206,0.77778,0.25512,129.36999999999998,1.5724999999999998,24.3,0.08059,0.09006,0.00996,0.01047,0.08834,0.09871,0.91233,145.0,7.0,475.61749999999995,475.61749999999995,0.18944,0.08268,0.01414,0.01184,0.15874,0.03691,0.00061,0.01079,0.49486,0.2332,0.30492,0.28398,0.2332,0.28398,0.00564,0.00438,0.00125,0.25555,145.0,0.98,0.99,0.95,0.69,1.03,0.98,0.99,0.995,0.975,0.845,1.015,0.99,0.34146,0.65854,S,0.18166,0.19637,0.07345,0.0856,0.01298,0.01473,0.01435,0.01073,0.16332,0.15757,0.04604,0.03362,0.0008,0.00069,0.01363,0.00932,0.49378,0.49137
660644,Vidal Bruján,NYM,29,13.0,632.0,497,,projected,unmodeled,,95.0,2025.0,0.21208,0.07924,0.01249,0.00499,0.01195,0.00297,0.03468,0.1482,0.49338,0.04027,0.02265,0.00416,0.00264,0.003,0.00049,0.00421,0.008,0.00924,0.0383,0.02913,0.00918,0.0077,0.00596,0.15964,0.76042,0.23994,80.1358165625,15.969959374999998,27.0,0.12338,0.08976,0.01402,0.01218,0.1225,0.08912,1.00717,144.0,2.0,355.0930356249999,355.0930356249999,0.2142,0.07806,0.01249,0.01195,0.15191,0.03381,0.00271,0.00499,0.48987,0.22156,0.29094,0.27781,0.22156,0.27781,0.03871,0.02943,0.00927,0.24246,144.0,1.0,1.05,0.95,0.83,0.97,1.02,1.0,1.025,0.975,0.915,0.985,1.01,0.24573,0.75427,S,0.21727,0.21039,0.09167,0.0752,0.01533,0.01157,0.01538,0.01084,0.13943,0.15106,0.03605,0.03424,0.00359,0.00277,0.00442,0.00518,0.47685,0.49877
671221,Drew Waters,KC,28,219.0,684.0,450,,projected,unmodeled,,219.0,2025.0,0.28924,0.07499,0.01164,0.00465,0.01188,0.00341,0.03953,0.14901,0.41564,0.04338,0.02145,0.00388,0.00246,0.00303,0.00059,0.00489,0.00858,0.00973,0.03732,0.02891,0.00841,0.00731,0.00576,0.15836,0.77462,0.23565,88.69220343749998,16.742131249999996,27.6,0.11552,0.10025,0.01293,0.01215,0.12057,0.10463,0.95808,118.0,2.0,382.50748531249997,382.50748531249997,0.27333,0.07499,0.01164,0.01122,0.15051,0.04309,0.00452,0.00465,0.42604,0.23037,0.29598,0.31742,0.23037,0.31742,0.03755,0.02909,0.00846,0.23714,118.0,0.89,1.02,1.18,1.65,1.0,0.89,0.945,1.01,1.09,1.325,1.0,0.945,0.22146,0.77854,S,0.281,0.29158,0.07706,0.07441,0.01259,0.01137,0.01122,0.01207,0.13864,0.15197,0.0387,0.03977,0.00294,0.00355,0.00535,0.00445,0.43252,0.41083
642020,Chuckie Robinson,LAD,32,26.0,164.0,300,,projected,unmodeled,,26.0,2026.0,0.23558,0.05861,0.00777,0.00227,0.01179,0.00112,0.02671,0.16841,0.48774,0.06434,0.03031,0.00561,0.00304,0.00336,0.00016,0.00363,0.01009,0.01109,0.01624,0.01266,0.00358,0.00752,0.00589,0.06915,0.77964,0.23479,12.686696249999999,0.0,25.5,0.1062,0.0994,0.01927,0.01871,0.0932,0.08722,1.13954,119.0,8.0,95.39581874999999,95.39581874999999,0.23794,0.0592,0.00777,0.01314,0.16336,0.02604,0.00092,0.00227,0.48937,0.2186,0.27043,0.28001,0.2186,0.28001,0.01593,0.01242,0.00351,0.23032,119.0,1.23,0.94,0.95,0.64,1.02,1.02,1.115,0.97,0.975,0.82,1.01,1.01,0.28618,0.71382,R,0.23802,0.2346,0.06173,0.05736,0.00921,0.00719,0.01162,0.01186,0.17406,0.16614,0.0288,0.02587,0.00117,0.00111,0.00238,0.00222,0.47302,0.49365
669289,Santiago Espinal,LAD,32,60.0,1524.0,734,,projected,unmodeled,,328.0,2025.0,0.14172,0.06601,0.00555,0.0072,0.01177,0.00153,0.03664,0.17223,0.55735,0.02371,0.01437,0.00185,0.00211,0.00259,0.0002,0.00353,0.00752,0.00844,0.01876,0.01455,0.00421,0.00399,0.00314,0.07696,0.77548,0.24379,215.55238187499995,16.427482499999996,26.4,0.10735,0.10684,0.01014,0.01011,0.0942,0.09376,1.13954,119.0,7.0,878.5517709374999,878.5517709374999,0.14314,0.06667,0.00555,0.01313,0.16706,0.03572,0.00125,0.0072,0.56028,0.2359,0.28938,0.26695,0.2359,0.26695,0.01841,0.01428,0.00413,0.23928,119.0,1.23,0.94,0.95,0.64,1.02,1.02,1.115,0.97,0.975,0.82,1.01,1.01,0.3524,0.6476,R,0.12445,0.15112,0.07634,0.06039,0.00377,0.00651,0.01623,0.00935,0.16344,0.17701,0.04306,0.03314,0.00177,0.00139,0.00913,0.00615,0.5618,0.55493
669364,Xavier Edwards,MIA,27,595.0,1601.0,918,,projected,unmodeled,,619.0,2025.0,0.15252,0.09627,0.00291,0.00806,0.01176,0.00648,0.03587,0.18591,0.50021,0.02135,0.01491,0.00131,0.00218,0.00261,0.00073,0.0031,0.00698,0.00771,0.05392,0.0428,0.01112,0.00549,0.00455,0.18914,0.79379,0.28509,363.78639999999996,70.76940624999999,28.3,0.11455,0.08232,0.00837,0.00723,0.11939,0.08581,0.9594,146.0,2.0,1182.9059,1182.9059,0.14947,0.09723,0.00291,0.011,0.18684,0.03641,0.00778,0.00806,0.5003,0.27139,0.34217,0.3159,0.27139,0.3159,0.05428,0.04309,0.01119,0.28698,146.0,0.87,1.01,1.03,1.4,1.02,0.96,0.935,1.005,1.015,1.2,1.01,0.98,0.28538,0.71462,S,0.17062,0.14529,0.0932,0.09749,0.00307,0.00285,0.01688,0.00972,0.16345,0.19488,0.03145,0.03764,0.00479,0.00715,0.00696,0.0085,0.50959,0.49647
657061,Cole Tucker,LAA,30,57.0,130.0,150,,floor,floor,1.0,0.0,,0.26682,0.07535,0.00902,0.0074,0.01173,0.00643,0.0447,0.14011,0.43845,0.07254,0.03685,0.00651,0.0059,0.00487,0.00161,0.00842,0.01309,0.01589,0.02989,0.02331,0.00658,0.00983,0.00772,0.13314,0.77976,0.22449,10.1345978125,2.9002053125,28.0,0.09426,0.08903,0.0171,0.01667,0.10358,0.09784,0.90997,108.0,6.0,62.958559687499985,62.958559687499985,0.27482,0.07498,0.00902,0.01173,0.14011,0.04246,0.00595,0.0074,0.43353,0.22039,0.28425,0.30306,0.22039,0.30306,0.02984,0.02327,0.00657,0.22411,108.0,1.0,1.0,0.9,0.85,0.99,1.06,1.0,1.0,0.95,0.925,0.995,1.03,0.28794,0.71206,S,0.25922,0.26989,0.07948,0.07369,0.00935,0.00889,0.0124,0.01146,0.13995,0.14017,0.04195,0.0458,0.00471,0.00713,0.00662,0.00771,0.44631,0.43526
671289,Tyler Freeman,COL,28,288.0,1353.0,774,,projected,unmodeled,,428.0,2025.0,0.13903,0.06558,0.03621,0.00667,0.01153,0.00318,0.04255,0.18385,0.51139,0.0231,0.01407,0.00493,0.00215,0.00267,0.00045,0.00397,0.00751,0.00828,0.04552,0.03465,0.01087,0.00607,0.00478,0.15935,0.76125,0.28564,247.12041499999998,41.501361562499994,27.7,0.11551,0.08488,0.00927,0.00809,0.12215,0.08976,0.9456,115.0,2.0,915.0955818749999,915.0955818749999,0.13208,0.06427,0.03621,0.01199,0.19763,0.04745,0.00499,0.00667,0.4987,0.29352,0.36255,0.33398,0.29352,0.33398,0.04751,0.03616,0.01134,0.29812,115.0,1.08,1.15,1.23,2.14,0.96,0.9,1.04,1.075,1.115,1.57,0.98,0.95,0.31409,0.68591,R,0.15732,0.13066,0.06194,0.06725,0.02646,0.04068,0.01602,0.00948,0.17239,0.18909,0.0436,0.04207,0.00195,0.00374,0.00571,0.00711,0.51461,0.50992
808975,Hyeseong Kim,LAD,28,131.0,301.0,300,,projected,unmodeled,,170.0,2025.0,0.258,0.07099,0.00497,0.0067,0.01153,0.00609,0.02945,0.16441,0.44785,0.05091,0.02544,0.0036,0.00417,0.00411,0.00143,0.00443,0.01107,0.01216,0.04493,0.0354,0.00953,0.00883,0.00707,0.18693,0.78791,0.24038,62.5175,15.214999999999998,28.8,0.12578,0.10976,0.01714,0.01613,0.11038,0.09632,1.13954,119.0,6.0,234.17499999999998,234.17499999999998,0.26058,0.0717,0.00497,0.01285,0.15948,0.02872,0.00499,0.0067,0.45,0.22479,0.28272,0.30036,0.22479,0.30036,0.04414,0.03478,0.00936,0.23616,119.0,1.23,0.94,0.95,0.64,1.02,1.02,1.115,0.97,0.975,0.82,1.01,1.01,0.17565,0.82435,L,0.25412,0.25883,0.0712,0.07095,0.00604,0.00475,0.01564,0.01065,0.15081,0.16731,0.03355,0.02858,0.00466,0.00639,0.00606,0.00684,0.45793,0.4457
670764,Taylor Walls,TB,30,433.0,1817.0,530,,projected,unmodeled,,433.0,2026.0,0.24544,0.10524,0.00363,0.0082,0.01142,0.00481,0.03276,0.13564,0.45287,0.02599,0.01577,0.00138,0.00207,0.00295,0.00078,0.00373,0.00747,0.00873,0.05501,0.04354,0.01148,0.00574,0.00475,0.22499,0.79137,0.24451,266.172485,64.9068128125,27.9,0.11948,0.08751,0.00865,0.00755,0.12447,0.09116,0.95991,139.0,2.0,1140.788856875,1140.788856875,0.24912,0.09998,0.00363,0.01171,0.1336,0.03226,0.0049,0.0082,0.45659,0.20545,0.28609,0.2722,0.20545,0.2722,0.05337,0.04224,0.01113,0.23722,139.0,1.05,0.97,0.97,1.04,0.9,1.03,1.025,0.985,0.985,1.02,0.95,1.015,0.302,0.698,S,0.24017,0.24772,0.08624,0.11346,0.00427,0.00336,0.01051,0.01182,0.14672,0.13084,0.03788,0.03054,0.0035,0.00537,0.00777,0.00838,0.46294,0.44851
663647,Ke'Bryan Hayes,CIN,30,242.0,2293.0,870,,projected,unmodeled,,570.0,2025.0,0.20076,0.06443,0.00712,0.00445,0.01135,0.00231,0.03787,0.16741,0.5043,0.02212,0.01154,0.00173,0.00137,0.002,0.00021,0.00297,0.00684,0.00748,0.02858,0.02227,0.00631,0.00405,0.00325,0.11959,0.77911,0.23896,315.7257106249999,39.115857812499996,26.9,0.10187,0.08422,0.00743,0.00683,0.10602,0.08766,0.96083,113.0,7.0,1383.2467562499999,1383.2467562499999,0.20477,0.06765,0.00712,0.01209,0.16322,0.03749,0.00209,0.00445,0.50111,0.23339,0.28967,0.28811,0.23339,0.28811,0.02846,0.02218,0.00629,0.23799,113.0,1.13,0.95,0.98,0.81,1.1,1.04,1.065,0.975,0.99,0.905,1.05,1.02,0.23295,0.76705,R,0.17591,0.2083,0.06671,0.06374,0.00748,0.00701,0.01583,0.00999,0.16723,0.16746,0.04838,0.03468,0.00206,0.00238,0.00716,0.00362,0.50924,0.5028
690291,Jace Jung,DET,26,11.0,160.0,450,,projected,unmodeled,,55.0,2025.0,0.26215,0.11815,0.0079,0.0023,0.01132,0.00153,0.0309,0.14146,0.42429,0.06505,0.04064,0.0057,0.00309,0.0028,0.0002,0.00349,0.00778,0.00873,0.01677,0.01304,0.00374,0.00738,0.00576,0.0627,0.77725,0.26751,27.202124999999995,0.6141249999999999,25.5,0.1285,0.08978,0.01945,0.01661,0.128,0.08943,1.00391,116.0,2.0,97.46525,97.46525,0.25953,0.11756,0.0079,0.01138,0.14076,0.02997,0.00191,0.0023,0.4287,0.21097,0.30947,0.28709,0.21097,0.28709,0.01669,0.01297,0.00372,0.26621,116.0,1.01,0.99,0.94,1.5,0.99,0.98,1.005,0.995,0.97,1.25,0.995,0.99,0.18333,0.81667,L,0.26049,0.26252,0.12714,0.11613,0.00618,0.00828,0.00655,0.0124,0.14785,0.14003,0.02449,0.03234,0.00082,0.00168,0.00105,0.00259,0.42544,0.42403
643396,Isiah Kiner-Falefa,BOS,32,183.0,2030.0,945,,projected,unmodeled,,459.0,2025.0,0.16512,0.05842,0.01132,0.00548,0.01096,0.00146,0.03579,0.18337,0.52808,0.02177,0.01171,0.0023,0.00161,0.00235,0.00015,0.0034,0.00683,0.00754,0.0406,0.03184,0.00876,0.00491,0.00399,0.1604,0.78434,0.25312,307.642848125,51.665581875,27.5,0.11316,0.09496,0.00854,0.0079,0.11032,0.09258,1.02577,111.0,6.0,1215.8352771875,1215.8352771875,0.16264,0.05784,0.01132,0.01025,0.18796,0.03937,0.00138,0.00548,0.52377,0.25823,0.30811,0.30394,0.25823,0.30394,0.04124,0.03235,0.00889,0.25712,111.0,0.87,1.05,1.2,0.89,0.98,0.97,0.935,1.025,1.1,0.945,0.99,0.985,0.27429,0.72571,R,0.17404,0.16174,0.06868,0.05454,0.01782,0.00887,0.01277,0.01028,0.16499,0.19032,0.02844,0.03857,0.00115,0.00157,0.00691,0.00493,0.52519,0.52917
805373,Nacho Alvarez Jr.,ATL,24,208.0,240.0,300,,projected,unmodeled,,208.0,2025.0,0.2365,0.06348,0.02467,0.00485,0.01073,0.00283,0.03217,0.16311,0.46164,0.05501,0.02687,0.00866,0.00388,0.0041,0.00068,0.00494,0.01092,0.0121,0.01362,0.01062,0.003,0.0061,0.00477,0.05421,0.77964,0.25127,37.028124999999996,0.0,26.8,0.10121,0.09095,0.01574,0.01501,0.10048,0.0903,1.00717,144.0,7.0,169.93199999999996,169.93199999999996,0.23887,0.06253,0.02467,0.01073,0.16719,0.03137,0.00259,0.00485,0.4572,0.23336,0.29908,0.30553,0.23336,0.30553,0.01379,0.01075,0.00304,0.25439,144.0,1.0,1.05,0.95,0.83,0.97,1.02,1.0,1.025,0.975,0.915,0.985,1.01,0.26364,0.73636,R,0.24174,0.23463,0.07736,0.05851,0.0192,0.02663,0.01106,0.01061,0.154,0.16637,0.02999,0.03295,0.00311,0.00273,0.00637,0.00431,0.45716,0.46325
680757,Steven Kwan,CLE,29,637.0,3226.0,1271,,projected,unmodeled,,693.0,2025.0,0.10107,0.10182,0.00693,0.00622,0.01067,0.00264,0.03565,0.17523,0.55977,0.01389,0.01186,0.00144,0.00137,0.00214,0.00022,0.0028,0.00604,0.00673,0.02998,0.02349,0.0065,0.0034,0.00277,0.10559,0.7833,0.28398,608.9487071875,63.452202499999984,27.4,0.12917,0.07525,0.00685,0.0054,0.13757,0.08014,0.93896,114.0,1.0,2031.6544768749995,2031.6544768749995,0.10359,0.10182,0.00693,0.0103,0.17523,0.03637,0.00214,0.00622,0.5574,0.25314,0.33279,0.27717,0.25314,0.27717,0.02998,0.02349,0.0065,0.28398,114.0,0.93,1.0,1.04,0.62,1.0,1.05,0.965,1.0,1.02,0.81,1.0,1.025,0.30918,0.69082,L,0.12267,0.0914,0.0955,0.10466,0.00854,0.0062,0.00823,0.01177,0.17228,0.17655,0.03215,0.03722,0.00079,0.00347,0.00703,0.00585,0.55282,0.56288
621563,Joey Wendle,NYM,37,37.0,726.0,150,,floor,floor,1.0,0.0,,0.18746,0.04968,0.0098,0.00813,0.01053,0.00168,0.03893,0.18704,0.50675,0.03899,0.01848,0.00347,0.00316,0.006,0.00038,0.00928,0.01719,0.01874,0.03383,0.02649,0.00735,0.00771,0.00611,0.13725,0.7828,0.24651,71.05119187499999,11.445754687499997,27.6,0.10939,0.09615,0.01348,0.01273,0.10634,0.09348,1.02866,121.0,6.0,353.3352834374999,353.3352834374999,0.19027,0.05142,0.0098,0.01058,0.1833,0.03757,0.0015,0.00813,0.50743,0.25031,0.29416,0.3047,0.25031,0.3047,0.03356,0.02627,0.00729,0.24451,121.0,1.01,0.96,0.93,0.79,1.07,1.03,1.005,0.98,0.965,0.895,1.035,1.015,0.24051,0.75949,L,0.21091,0.18004,0.06719,0.04414,0.01,0.00973,0.01334,0.00964,0.18232,0.18853,0.03826,0.03914,0.00125,0.00182,0.00918,0.0078,0.46755,0.51917
691740,Daniel Susac,SF,26,161.0,161.0,150,,projected,unmodeled,,161.0,2026.0,0.22333,0.06446,0.01616,0.01889,0.01046,0.00195,0.04135,0.16263,0.46076,0.05756,0.02889,0.00811,0.00875,0.00535,0.0004,0.00922,0.01613,0.01842,0.02517,0.01951,0.00567,0.00834,0.00651,0.1035,0.77497,0.24325,28.9,3.4,26.9,0.0957,0.12166,0.01563,0.01735,0.10021,0.12739,0.95503,137.0,5.0,136.85,136.85,0.21887,0.06284,0.01616,0.00936,0.16425,0.04218,0.00236,0.01889,0.46507,0.24184,0.29717,0.30985,0.24184,0.30985,0.02518,0.01951,0.00567,0.24326,137.0,0.79,1.02,1.04,1.42,0.95,0.96,0.895,1.01,1.02,1.21,0.975,0.98,0.28255,0.71745,R,0.20038,0.23237,0.07047,0.06209,0.01138,0.01804,0.01258,0.00963,0.18538,0.15367,0.04308,0.04067,0.00156,0.00211,0.01084,0.02206,0.46432,0.45936
666915,Bobby Dalbec,CWS,32,21.0,520.0,300,,floor,floor,1.0,21.0,2025.0,0.33656,0.08554,0.00816,0.00759,0.01017,0.00142,0.03109,0.12952,0.38995,0.05323,0.02682,0.00367,0.00354,0.00313,0.00021,0.00482,0.00871,0.00991,0.02069,0.01622,0.00448,0.00646,0.0051,0.09271,0.78364,0.22322,50.3475028125,3.6954971874999996,28.6,0.10897,0.10252,0.01504,0.01464,0.10623,0.09995,1.02577,111.0,6.0,241.40793156249995,241.40793156249995,0.33152,0.08469,0.00816,0.00951,0.13275,0.03419,0.00134,0.00759,0.39025,0.19765,0.27064,0.3013,0.19765,0.3013,0.02092,0.01639,0.00453,0.2256,111.0,0.87,1.05,1.2,0.89,0.98,0.97,0.935,1.025,1.1,0.945,0.99,0.985,0.31847,0.68153,R,0.33023,0.33952,0.09674,0.08031,0.00872,0.0079,0.00996,0.01027,0.14401,0.12274,0.03078,0.03123,0.00115,0.00155,0.00577,0.00844,0.37265,0.39804
650333,Luis Arraez,PHI,30,655.0,3222.0,1537,,projected,unmodeled,,675.0,2025.0,0.05399,0.05456,0.00693,0.00865,0.00953,0.00547,0.04219,0.21204,0.60665,0.01038,0.00888,0.00144,0.00161,0.00171,0.00058,0.00284,0.00649,0.00708,0.01638,0.0127,0.00368,0.00258,0.00205,0.05989,0.77548,0.27353,582.672056875,33.71667375,26.8,0.12072,0.0988,0.00706,0.00646,0.11519,0.09427,1.04798,143.0,6.0,2046.7616596874998,2046.7616596874998,0.05507,0.0532,0.00693,0.0102,0.21416,0.04177,0.00558,0.00865,0.60446,0.29176,0.33182,0.30198,0.29176,0.30198,0.01643,0.01274,0.00369,0.27429,143.0,1.14,1.02,0.98,1.04,0.95,1.04,1.07,1.01,0.99,1.02,0.975,1.02,0.30427,0.69573,L,0.08364,0.04102,0.04416,0.05911,0.01035,0.00544,0.01069,0.00902,0.19541,0.21931,0.03497,0.04534,0.0051,0.00563,0.00608,0.00977,0.6096,0.60536
669137,Armando Alvarez,OAK,32,39.0,39.0,300,,floor,floor,1.0,0.0,,0.21952,0.07821,0.00752,0.00465,0.00925,0.00134,0.04161,0.16549,0.4724,0.07908,0.04367,0.00789,0.00621,0.00364,0.0002,0.00587,0.01068,0.01241,0.02513,0.01961,0.00552,0.01006,0.00788,0.10003,0.78032,0.25123,6.141249999999999,0.6141249999999999,27.7,0.12214,0.10324,0.02143,0.01992,0.12667,0.10707,0.9642,133.0,2.0,23.950874999999996,23.950874999999996,0.20964,0.08251,0.00752,0.01087,0.17128,0.04494,0.00112,0.00465,0.46746,0.25209,0.31825,0.31738,0.25209,0.31738,0.02614,0.0204,0.00574,0.26132,133.0,1.35,1.07,1.16,0.67,1.11,0.91,1.175,1.035,1.08,0.835,1.055,0.955,0.28452,0.71548,R,0.21746,0.22034,0.07367,0.08002,0.00574,0.00823,0.00367,0.01147,0.17787,0.16057,0.04226,0.04135,0.00061,0.00164,0.00352,0.00509,0.4752,0.47129
663968,Jake Mangum,PIT,31,479.0,907.0,635,,projected,unmodeled,,479.0,2026.0,0.18078,0.05322,0.01509,0.0036,0.00913,0.00421,0.03721,0.19566,0.5011,0.02865,0.01422,0.00388,0.00191,0.0026,0.00069,0.00417,0.00788,0.00893,0.06304,0.04896,0.01408,0.00716,0.0058,0.2388,0.7767,0.26396,197.3275,51.0425,29.6,0.09815,0.08039,0.0095,0.00869,0.10436,0.08548,0.9405,134.0,7.0,716.3799999999999,716.3799999999999,0.17988,0.05295,0.01509,0.00836,0.19859,0.04038,0.00362,0.0036,0.49753,0.27031,0.31899,0.32777,0.27031,0.32777,0.06367,0.04946,0.01422,0.26663,134.0,0.83,1.03,1.17,0.72,0.99,0.99,0.915,1.015,1.085,0.86,0.995,0.995,0.29178,0.70822,S,0.17931,0.18139,0.05267,0.05344,0.01787,0.01395,0.01139,0.0082,0.18132,0.20157,0.03627,0.0376,0.00286,0.00477,0.00516,0.00296,0.51316,0.49612
641645,Luis Guillorme,HOU,32,21.0,663.0,300,,floor,floor,1.0,21.0,2025.0,0.19309,0.09884,0.0039,0.00478,0.00908,0.00187,0.03836,0.16487,0.4852,0.03997,0.02572,0.00228,0.00253,0.00361,0.00043,0.0057,0.01128,0.01268,0.01436,0.01118,0.00319,0.00515,0.00403,0.05367,0.77808,0.26762,87.07985437499998,4.128455312499999,24.7,0.10575,0.08263,0.01419,0.01269,0.09543,0.07457,1.10811,109.0,9.0,326.12340468749994,326.12340468749994,0.18344,0.09835,0.0039,0.00876,0.16735,0.04028,0.00288,0.00478,0.49027,0.24554,0.32151,0.30039,0.24554,0.30039,0.01447,0.01126,0.00321,0.26959,109.0,0.93,1.03,1.1,2.07,0.99,0.9,0.965,1.015,1.05,1.535,0.995,0.95,0.18137,0.81863,L,0.21511,0.18822,0.09155,0.10046,0.00541,0.00356,0.0118,0.00847,0.15417,0.16725,0.03812,0.03841,0.00203,0.00184,0.00426,0.0049,0.47755,0.48689
663538,Nico Hoerner,CHC,30,689.0,3184.0,1351,,projected,unmodeled,,689.0,2026.0,0.10116,0.06469,0.01529,0.00691,0.00898,0.00339,0.0365,0.20706,0.55602,0.01388,0.00963,0.00215,0.00145,0.00181,0.00048,0.00262,0.00628,0.00686,0.05536,0.04441,0.01096,0.00461,0.00391,0.19288,0.80212,0.28703,553.49583875,107.67195437499998,28.3,0.12544,0.09999,0.00743,0.00672,0.11308,0.09014,1.10928,112.0,6.0,2036.7425715625,2036.7425715625,0.10166,0.06533,0.01529,0.00925,0.20499,0.03303,0.00375,0.00691,0.55978,0.2751,0.33164,0.30163,0.2751,0.30163,0.05509,0.04419,0.0109,0.28561,112.0,1.06,0.98,0.81,1.21,1.02,1.01,1.03,0.99,0.905,1.105,1.01,1.005,0.23497,0.76503,R,0.10903,0.09874,0.05261,0.0684,0.01243,0.01616,0.01208,0.00803,0.21507,0.2046,0.04207,0.03479,0.00456,0.00304,0.00442,0.00767,0.54774,0.55857
645444,Jose Herrera,ARI,30,204.0,562.0,450,,projected,unmodeled,,204.0,2025.0,0.23809,0.09514,0.00295,0.00865,0.00885,0.00084,0.03679,0.13826,0.47043,0.04343,0.02547,0.00214,0.00365,0.0024,0.00013,0.00421,0.00771,0.00891,0.00732,0.00571,0.00161,0.00364,0.00285,0.03099,0.78021,0.23635,76.87255499999999,0.5220062499999999,24.8,0.11318,0.09542,0.01451,0.01344,0.10214,0.08611,1.10811,109.0,7.0,335.06045874999995,335.06045874999995,0.22618,0.09466,0.00295,0.00854,0.14034,0.03863,0.00129,0.00865,0.47876,0.21124,0.28641,0.27352,0.21124,0.27352,0.00737,0.00575,0.00162,0.23795,109.0,0.93,1.03,1.1,2.07,0.99,0.9,0.965,1.015,1.05,1.535,0.995,0.95,0.28764,0.71236,S,0.26291,0.22806,0.08629,0.09871,0.00317,0.00286,0.00943,0.00862,0.15208,0.13268,0.04443,0.0337,0.0008,0.00086,0.00939,0.00835,0.43149,0.48616
578428,Jose Iglesias,SD,37,343.0,1101.0,536,,projected,unmodeled,,343.0,2025.0,0.15204,0.05549,0.02023,0.00555,0.00877,0.00247,0.03263,0.19481,0.528,0.02819,0.0153,0.0041,0.00216,0.00272,0.00048,0.00415,0.00883,0.00977,0.02097,0.01627,0.0047,0.00486,0.00382,0.0775,0.77607,0.27054,171.37338749999998,11.466526562499999,27.8,0.10703,0.10262,0.01076,0.01056,0.10613,0.10176,1.00847,135.0,6.0,633.7382559375,633.7382559375,0.1528,0.05633,0.02023,0.00904,0.19189,0.03051,0.0021,0.00555,0.53156,0.25443,0.3101,0.29693,0.25443,0.29693,0.02081,0.01615,0.00466,0.26845,135.0,1.06,0.97,0.87,0.7,1.03,1.01,1.03,0.985,0.935,0.85,1.015,1.005,0.34772,0.65228,R,0.16876,0.14312,0.06464,0.05062,0.01943,0.02066,0.00955,0.00836,0.17598,0.20484,0.04571,0.02567,0.00232,0.00255,0.00505,0.00582,0.50856,0.53836
686759,TJ Hopkins,CIN,30,44.0,44.0,150,,floor,floor,1.0,0.0,,0.25348,0.07734,0.01528,0.00446,0.00838,0.00253,0.03817,0.15683,0.44353,0.08344,0.04362,0.01097,0.00596,0.00463,0.00088,0.00884,0.01586,0.01759,0.02407,0.01878,0.00529,0.00991,0.00776,0.09647,0.78021,0.24945,5.220062499999999,0.5220062499999999,,0.11678,0.09962,0.02103,0.01962,0.12154,0.10368,0.96083,113.0,2.0,22.968274999999995,22.968274999999995,0.25855,0.08121,0.01528,0.00892,0.15291,0.03779,0.00229,0.00446,0.43859,0.22458,0.2984,0.30556,0.22458,0.30556,0.02406,0.01877,0.00529,0.2494,113.0,1.13,0.95,0.98,0.81,1.1,1.04,1.065,0.975,0.99,0.905,1.05,1.02,0.26,0.74,R,0.2557,0.25271,0.07656,0.07761,0.0165,0.01486,0.00803,0.0085,0.16062,0.1555,0.03881,0.03794,0.00249,0.00254,0.00438,0.00449,0.43692,0.44585
703601,Max Clark,DET,22,206.0,206.0,150,,projected,unmodeled,,206.0,2026.0,0.21082,0.08639,0.01712,0.00543,0.00817,0.00299,0.05551,0.14886,0.4647,0.05231,0.03067,0.00766,0.00434,0.00296,0.0009,0.01065,0.01485,0.01773,0.02809,0.02193,0.00615,0.0081,0.00638,0.11129,0.78098,0.25237,45.9,5.1,28.6,0.12486,0.11307,0.01711,0.01639,0.12438,0.11263,1.00391,116.0,3.0,175.1,175.1,0.20871,0.08596,0.01712,0.00822,0.14812,0.05385,0.00374,0.00543,0.46886,0.23996,0.317,0.30495,0.23996,0.30495,0.02795,0.02183,0.00612,0.25119,116.0,1.01,0.99,0.94,1.5,0.99,0.98,1.005,0.995,0.97,1.25,0.995,0.99,0.2931,0.7069,L,0.19635,0.21682,0.08137,0.08847,0.01468,0.01813,0.00849,0.00804,0.16938,0.14036,0.06071,0.05336,0.00383,0.00265,0.00482,0.00568,0.46036,0.4665
605131,Austin Barnes,LAD,37,44.0,612.0,300,,projected,unmodeled,,44.0,2025.0,0.21918,0.09069,0.00852,0.00513,0.00816,0.00066,0.03316,0.16145,0.47304,0.04263,0.02519,0.00349,0.00271,0.0033,8e-05,0.00523,0.01049,0.01171,0.01719,0.01341,0.00378,0.00566,0.00444,0.06594,0.78003,0.26067,80.84973687499999,4.739509687499999,25.6,0.10851,0.09484,0.01458,0.01372,0.09523,0.08323,1.13954,119.0,9.0,326.06027624999996,326.06027624999996,0.22137,0.0916,0.00852,0.0091,0.15661,0.03233,0.00054,0.00513,0.4748,0.22194,0.2987,0.28524,0.22194,0.28524,0.01693,0.01321,0.00372,0.25673,119.0,1.23,0.94,0.95,0.64,1.02,1.02,1.115,0.97,0.975,0.82,1.01,1.01,0.255,0.745,R,0.2053,0.22393,0.09764,0.08831,0.00966,0.00813,0.00849,0.00805,0.15266,0.16446,0.03785,0.03155,0.00076,0.00063,0.00439,0.00539,0.48324,0.46955
663611,Nick Madrigal,TB,30,63.0,679.0,300,,projected,unmodeled,,63.0,2026.0,0.11911,0.06075,0.02226,0.00205,0.00807,0.0016,0.03368,0.2044,0.54809,0.03192,0.02004,0.00535,0.00164,0.00346,0.0003,0.00572,0.01254,0.01367,0.02958,0.02306,0.00653,0.00721,0.00569,0.10294,0.77937,0.28741,96.54704812499999,10.353021249999998,26.9,0.09905,0.08091,0.01227,0.01121,0.10319,0.08429,0.95991,139.0,9.0,365.91239874999997,365.91239874999997,0.1209,0.05771,0.02226,0.00827,0.20133,0.03318,0.00163,0.00205,0.55268,0.26624,0.32438,0.29936,0.26624,0.29936,0.02896,0.02257,0.00639,0.2813,139.0,1.05,0.97,0.97,1.04,0.9,1.03,1.025,0.985,0.985,1.02,0.95,1.015,0.29972,0.70028,R,0.13181,0.11368,0.05756,0.06212,0.01172,0.02677,0.00976,0.00734,0.19354,0.20904,0.03236,0.03425,0.00211,0.00138,0.00277,0.00174,0.55837,0.54369
543685,Anthony Rendon,LAA,37,238.0,614.0,183,,floor,floor,1.0,0.0,,0.1718,0.10729,0.02002,0.01521,0.00801,0.00314,0.04873,0.13557,0.49024,0.03881,0.02711,0.00531,0.00464,0.00238,0.0005,0.00728,0.01187,0.0139,0.02042,0.01599,0.00442,0.00594,0.00469,0.07768,0.78332,0.26288,90.26409249999998,6.230298124999999,26.8,0.09944,0.09618,0.01236,0.01218,0.10928,0.1057,0.90997,108.0,6.0,327.32401906249993,327.32401906249993,0.17695,0.10675,0.02002,0.00801,0.13557,0.04629,0.0029,0.01521,0.4883,0.22467,0.31954,0.27451,0.22467,0.27451,0.02038,0.01596,0.00442,0.26234,108.0,1.0,1.0,0.9,0.85,0.99,1.06,1.0,1.0,0.95,0.925,0.995,1.03,0.19635,0.80365,R,0.19685,0.16568,0.11464,0.10549,0.01377,0.02155,0.01258,0.00689,0.14176,0.13406,0.04263,0.05022,0.00378,0.00298,0.01329,0.01567,0.4607,0.49746
666198,Carter Kieboom,LAA,29,8.0,102.0,150,,floor,floor,1.0,8.0,2025.0,0.23967,0.0749,0.01041,0.00304,0.00784,0.00149,0.03702,0.16561,0.46002,0.07297,0.0383,0.0075,0.00407,0.00416,0.00029,0.00787,0.01418,0.01575,0.02012,0.01569,0.00443,0.0088,0.00689,0.0802,0.77964,0.25092,9.918118749999998,0.0,,0.1235,0.11719,0.02103,0.02055,0.12166,0.11544,1.01514,120.0,3.0,49.06858749999999,49.06858749999999,0.23248,0.0749,0.01041,0.00803,0.16892,0.03683,0.00143,0.00304,0.46394,0.23608,0.30054,0.30871,0.23608,0.30871,0.02039,0.0159,0.00449,0.25423,120.0,1.05,1.04,0.99,0.92,1.0,0.94,1.025,1.02,0.995,0.96,1.0,0.97,0.25962,0.74038,R,0.19981,0.25365,0.07045,0.07646,0.01158,0.01,0.00791,0.00781,0.17499,0.16232,0.03879,0.0364,0.0015,0.00149,0.00305,0.00303,0.49192,0.44883
642180,Tyler Wade,SD,32,127.0,501.0,450,,projected,unmodeled,,127.0,2025.0,0.21599,0.08385,0.00843,0.00095,0.00757,0.00387,0.02597,0.16694,0.48643,0.0444,0.02546,0.00379,0.00128,0.00251,0.00088,0.00356,0.00853,0.00937,0.04395,0.03409,0.00986,0.00873,0.00689,0.16953,0.77569,0.25922,74.09969031249999,15.550819062499997,28.1,0.13532,0.08087,0.01555,0.01239,0.13419,0.08019,1.00847,135.0,1.0,288.59530968749993,288.59530968749993,0.21707,0.08511,0.00843,0.00779,0.16444,0.02428,0.00329,0.00095,0.48864,0.22065,0.29334,0.2821,0.22065,0.2821,0.04373,0.03392,0.00981,0.25797,135.0,1.06,0.97,0.87,0.7,1.03,1.01,1.03,0.985,0.935,0.85,1.015,1.005,0.20497,0.79503,L,0.24884,0.20752,0.09059,0.08212,0.00767,0.00862,0.01085,0.00672,0.1606,0.16858,0.02893,0.0252,0.00272,0.00417,0.00124,0.00088,0.44856,0.4962
683083,Nasim Nuñez,WSH,26,493.0,663.0,450,,projected,unmodeled,,493.0,2026.0,0.20541,0.09988,0.0039,0.00478,0.00755,0.00676,0.02713,0.16602,0.47858,0.03414,0.02157,0.00228,0.00253,0.00272,0.00122,0.00319,0.00831,0.00909,0.0994,0.07884,0.02057,0.00938,0.00784,0.36844,0.7931,0.2698,142.48975,63.51625,29.7,0.11636,0.08435,0.01194,0.01035,0.11463,0.08309,1.01514,120.0,6.0,533.42175,533.42175,0.19924,0.09988,0.0039,0.00774,0.16934,0.02699,0.00649,0.00478,0.48164,0.2362,0.31434,0.29633,0.2362,0.29633,0.10063,0.07981,0.02082,0.27312,120.0,1.05,1.04,0.99,0.92,1.0,0.94,1.025,1.02,0.995,0.96,1.0,0.97,0.3117,0.6883,S,0.17796,0.21784,0.11388,0.09354,0.00475,0.00351,0.01022,0.00634,0.16134,0.16814,0.03711,0.02261,0.00419,0.00793,0.00367,0.00529,0.48689,0.47481
641658,Garrett Hampson,STL,32,91.0,800.0,460,,projected,unmodeled,,91.0,2025.0,0.264,0.0859,0.00556,0.00745,0.00747,0.00296,0.03283,0.139,0.45483,0.04037,0.02185,0.00251,0.0029,0.00214,0.00037,0.00344,0.00758,0.0085,0.03503,0.02747,0.00757,0.00665,0.00531,0.15202,0.78406,0.23046,104.67724499999998,17.239030624999998,28.9,0.1177,0.08011,0.0125,0.01054,0.12175,0.08286,0.96671,138.0,1.0,439.43335062499995,439.43335062499995,0.25212,0.08332,0.00556,0.00658,0.14386,0.03398,0.00252,0.00745,0.46461,0.20687,0.27582,0.27965,0.20687,0.27965,0.03538,0.02774,0.00764,0.23274,138.0,0.76,1.07,1.07,0.7,0.94,0.91,0.88,1.035,1.035,0.85,0.97,0.955,0.41571,0.58429,R,0.25312,0.27174,0.09441,0.07984,0.00439,0.00639,0.00652,0.00815,0.13065,0.14493,0.04049,0.02739,0.00395,0.00226,0.00562,0.00875,0.46084,0.45055
681987,Nate Eaton,BOS,30,60.0,328.0,300,,projected,unmodeled,,90.0,2025.0,0.24683,0.08378,0.0169,0.01116,0.00724,0.00389,0.0283,0.15775,0.44416,0.053,0.02899,0.00637,0.00519,0.00211,0.00084,0.00321,0.00934,0.01001,0.05873,0.04626,0.01246,0.01086,0.00871,0.22725,0.78775,0.25843,49.38761374999999,16.5379825,29.5,0.11979,0.09501,0.01648,0.01488,0.11678,0.09262,1.02577,111.0,6.0,199.38939812499999,199.38939812499999,0.24312,0.08294,0.0169,0.00677,0.16169,0.03113,0.00367,0.01116,0.44261,0.22865,0.30311,0.30746,0.22865,0.30746,0.05943,0.04682,0.01261,0.26153,111.0,0.87,1.05,1.2,0.89,0.98,0.97,0.935,1.025,1.1,0.945,0.99,0.985,0.38857,0.61143,R,0.2444,0.24837,0.08831,0.0809,0.02132,0.01409,0.00678,0.00754,0.15981,0.15644,0.02996,0.02725,0.00356,0.0041,0.01196,0.01065,0.4339,0.45068
702222,Justin Crawford,PHI,23,465.0,465.0,151,,projected,unmodeled,,465.0,2026.0,0.18576,0.06344,0.00715,0.00835,0.00692,0.00755,0.03308,0.18246,0.50529,0.03717,0.01983,0.0036,0.0039,0.00321,0.00244,0.00617,0.01482,0.0161,0.04209,0.03292,0.00917,0.00775,0.00618,0.16633,0.78209,0.25305,97.75,17.849999999999998,29.6,0.1147,0.10229,0.01341,0.01275,0.10945,0.09761,1.04798,143.0,6.0,395.25,395.25,0.18947,0.06185,0.00715,0.00741,0.18429,0.03275,0.0077,0.00835,0.50103,0.25161,0.30115,0.30966,0.25161,0.30966,0.04213,0.03295,0.00918,0.25328,143.0,1.14,1.02,0.98,1.04,0.95,1.04,1.07,1.01,0.99,1.02,0.975,1.02,0.17744,0.82256,L,0.20964,0.1806,0.07246,0.06149,0.01255,0.00598,0.01089,0.00607,0.16896,0.18538,0.03012,0.03372,0.00376,0.00837,0.00628,0.0088,0.48534,0.50959
669397,Nick Allen,HOU,28,162.0,1338.0,585,,projected,unmodeled,,416.0,2025.0,0.20546,0.06499,0.00486,0.00674,0.00678,0.00123,0.02347,0.17762,0.50884,0.02835,0.01472,0.00185,0.00217,0.00238,0.00016,0.00253,0.0083,0.0089,0.02328,0.01788,0.0054,0.00466,0.00364,0.09406,0.76805,0.24747,189.99393906249998,17.888064062499996,26.9,0.10681,0.07524,0.00968,0.00827,0.10667,0.07513,1.0014,117.0,9.0,819.131113125,819.131113125,0.21265,0.06532,0.00486,0.00722,0.17495,0.023,0.00113,0.00674,0.50412,0.2235,0.27649,0.28311,0.2235,0.28311,0.02306,0.01771,0.00535,0.24514,117.0,1.13,0.97,0.96,0.83,1.01,1.07,1.065,0.985,0.98,0.915,1.005,1.035,0.28086,0.71914,R,0.17476,0.21746,0.07242,0.06209,0.00499,0.00481,0.01017,0.00546,0.17588,0.1783,0.02777,0.02179,0.00159,0.00109,0.00711,0.00659,0.52531,0.5024
810938,Ben Williamson,TB,26,286.0,581.0,513,,projected,unmodeled,,295.0,2025.0,0.20573,0.06832,0.00589,0.00084,0.00665,0.00272,0.03566,0.18962,0.48457,0.03646,0.01937,0.00297,0.00112,0.00214,0.00038,0.00455,0.00869,0.0094,0.02859,0.02243,0.00616,0.00642,0.0051,0.10837,0.78468,0.26383,113.22,11.985,28.1,0.10956,0.08585,0.01192,0.01069,0.11414,0.08943,0.95991,139.0,6.0,456.23749999999995,456.23749999999995,0.20882,0.06491,0.00589,0.00681,0.18677,0.03512,0.00278,0.00084,0.48806,0.24935,0.30228,0.31522,0.24935,0.31522,0.02791,0.0219,0.00601,0.25757,139.0,1.05,0.97,0.97,1.04,0.9,1.03,1.025,0.985,0.985,1.02,0.95,1.015,0.35723,0.64277,R,0.20419,0.20659,0.06433,0.07054,0.00711,0.00522,0.00654,0.00671,0.17459,0.19797,0.04158,0.03236,0.00364,0.00221,0.00091,0.0008,0.49712,0.4776
682668,Luisangel Acuña,CWS,25,224.0,457.0,450,,projected,unmodeled,,224.0,2026.0,0.19831,0.05749,0.00725,0.00662,0.0066,0.00473,0.03361,0.17874,0.50666,0.03979,0.01977,0.00366,0.0035,0.00254,0.00083,0.00426,0.00861,0.00991,0.07269,0.05695,0.01574,0.00963,0.00779,0.29855,0.7835,0.24348,83.901375,33.296625,29.8,0.10812,0.0688,0.01252,0.01023,0.11851,0.07541,0.91233,145.0,1.0,354.4075,354.4075,0.19633,0.05835,0.00725,0.00653,0.17784,0.03277,0.004,0.00662,0.51032,0.23835,0.28674,0.29604,0.23835,0.29604,0.07268,0.05695,0.01574,0.24345,145.0,0.98,0.99,0.95,0.69,1.03,0.98,0.99,0.995,0.975,0.845,1.015,0.99,0.37291,0.62709,R,0.19738,0.19886,0.05857,0.05685,0.00684,0.0075,0.00674,0.00651,0.17049,0.18364,0.03723,0.03145,0.00495,0.0046,0.00624,0.00684,0.51156,0.50375
803011,Sam Antonacci,CWS,24,557.0,557.0,150,,projected,unmodeled,,557.0,2026.0,0.16043,0.0785,0.04693,0.00401,0.00535,0.00689,0.03728,0.18496,0.47566,0.0326,0.02034,0.00837,0.0025,0.00233,0.00176,0.00888,0.01738,0.01854,0.04791,0.03702,0.01089,0.00808,0.00638,0.15437,0.77269,0.31039,142.79999999999998,23.8,28.2,0.11924,0.08235,0.01185,0.01007,0.1307,0.09026,0.91233,145.0,2.0,473.45,473.45,0.15882,0.07968,0.04693,0.0053,0.18403,0.03635,0.00582,0.00401,0.47906,0.26628,0.35811,0.32073,0.26628,0.32073,0.04795,0.03705,0.0109,0.31064,145.0,0.98,0.99,0.95,0.69,1.03,0.98,0.99,0.995,0.975,0.845,1.015,0.99,0.21929,0.78071,L,0.21121,0.14616,0.06563,0.08212,0.05224,0.04544,0.00483,0.0055,0.17135,0.18878,0.03489,0.03795,0.00393,0.00772,0.00384,0.00405,0.45209,0.48228
670156,Miles Mastrobuoni,SEA,31,30.0,477.0,300,,projected,unmodeled,,175.0,2025.0,0.20269,0.08445,0.00161,0.00638,0.00513,0.00276,0.02673,0.18819,0.48207,0.04263,0.0251,0.0017,0.00337,0.00249,0.00048,0.00459,0.01234,0.01308,0.04506,0.03526,0.0098,0.00903,0.00718,0.1643,0.78254,0.27424,76.55811874999999,15.038837499999998,28.5,0.11171,0.07174,0.01395,0.01144,0.11473,0.07369,0.97362,136.0,9.0,294.81368124999995,294.81368124999995,0.21891,0.08276,0.00161,0.00508,0.17972,0.02472,0.00193,0.00638,0.4789,0.23255,0.29581,0.30115,0.23255,0.30115,0.04339,0.03395,0.00944,0.26408,136.0,0.98,0.91,0.85,0.4,0.96,1.16,0.99,0.955,0.925,0.7,0.98,1.08,0.17417,0.82583,L,0.20315,0.2026,0.08113,0.08515,0.00049,0.00184,0.00186,0.00582,0.21445,0.18265,0.02301,0.02751,0.00306,0.00269,0.00557,0.00655,0.46729,0.48519
670032,Nicky Lopez,TEX,32,270.0,1485.0,637,,projected,unmodeled,,270.0,2026.0,0.15684,0.0727,0.01399,0.00291,0.00395,0.00243,0.02739,0.17453,0.54526,0.0248,0.01507,0.00297,0.00136,0.00145,0.00047,0.00325,0.00819,0.00885,0.02885,0.02203,0.00682,0.00488,0.00381,0.11043,0.7636,0.26122,231.57589124999998,25.444834999999998,27.6,0.1056,0.07328,0.00908,0.00771,0.11191,0.07766,0.94359,140.0,9.0,872.7598125,872.7598125,0.15762,0.07052,0.01399,0.00381,0.17104,0.02643,0.00222,0.00291,0.55145,0.223,0.28801,0.26585,0.223,0.26585,0.02822,0.02155,0.00667,0.25555,140.0,0.93,0.96,0.93,0.83,0.94,1.01,0.965,0.98,0.965,0.915,0.97,1.005,0.18876,0.81124,L,0.16272,0.15547,0.05418,0.07701,0.01586,0.01356,0.00603,0.00346,0.17386,0.17468,0.02436,0.0281,0.00144,0.00266,0.00466,0.0025,0.55689,0.54256
679032,Johan Rojas,PHI,26,172.0,699.0,437,,projected,unmodeled,,172.0,2025.0,0.21677,0.0534,0.01142,0.00456,0.00389,0.00354,0.02453,0.19698,0.48491,0.03797,0.01764,0.0038,0.00241,0.00169,0.00078,0.0033,0.00957,0.01004,0.07449,0.05917,0.01532,0.00962,0.00789,0.28452,0.7943,0.2618,100.76888124999999,35.754718749999995,30.1,0.12747,0.10563,0.01362,0.01254,0.12163,0.10079,1.04798,143.0,2.0,432.80639999999994,432.80639999999994,0.2211,0.05207,0.01142,0.00417,0.19895,0.02428,0.00361,0.00456,0.47984,0.24788,0.2945,0.321,0.24788,0.321,0.07467,0.05931,0.01536,0.26243,143.0,1.14,1.02,0.98,1.04,0.95,1.04,1.07,1.01,0.99,1.02,0.975,1.02,0.31701,0.68299,R,0.22885,0.21116,0.05324,0.05347,0.01169,0.01129,0.00386,0.00391,0.18676,0.20172,0.02878,0.02256,0.00296,0.00381,0.00343,0.00508,0.48042,0.48699
702358,Trey Lipscomb,WSH,27,4.0,215.0,307,,floor,floor,1.0,4.0,2025.0,0.20469,0.07869,0.00981,0.00526,0.00344,0.00127,0.02377,0.18391,0.48916,0.05629,0.03197,0.00573,0.00421,0.00156,0.00026,0.00384,0.01085,0.01139,0.0432,0.03379,0.00941,0.01099,0.00869,0.15859,0.78219,0.27241,31.934499999999996,7.983624999999999,27.5,0.11352,0.09007,0.01762,0.0159,0.11183,0.08873,1.01514,120.0,6.0,129.58037499999998,129.58037499999998,0.19855,0.07869,0.00981,0.00352,0.18759,0.02365,0.00122,0.00526,0.49171,0.23833,0.30448,0.30172,0.23833,0.30172,0.04378,0.03425,0.00954,0.27609,120.0,1.05,1.04,0.99,0.92,1.0,0.94,1.025,1.02,0.995,0.96,1.0,0.97,0.30843,0.69157,R,0.20186,0.20595,0.06546,0.08459,0.01028,0.0096,0.00343,0.00344,0.16813,0.19095,0.02515,0.02315,0.00131,0.00125,0.00476,0.00549,0.51961,0.47558
641313,Tim Anderson,LAA,34,90.0,1206.0,315,,projected,unmodeled,,90.0,2025.0,0.23319,0.04677,0.00925,0.00199,0.00322,0.00275,0.0356,0.17292,0.49431,0.03301,0.01403,0.00267,0.00124,0.00134,0.00048,0.00539,0.0107,0.01161,0.02811,0.02194,0.00617,0.00519,0.00413,0.12279,0.78043,0.22894,159.32208749999995,19.956262812499997,27.9,0.1025,0.06218,0.00991,0.00791,0.11265,0.06834,0.90997,108.0,9.0,642.3009646874999,642.3009646874999,0.24019,0.04654,0.00925,0.00322,0.17292,0.03382,0.00254,0.00199,0.48954,0.22554,0.26829,0.29948,0.22554,0.29948,0.02808,0.02192,0.00617,0.22871,108.0,1.0,1.0,0.9,0.85,0.99,1.06,1.0,1.0,0.95,0.925,0.995,1.03,0.30132,0.69868,R,0.22384,0.23723,0.05541,0.04304,0.00633,0.01051,0.00464,0.00261,0.18091,0.16948,0.04057,0.03345,0.00264,0.00279,0.00217,0.00191,0.48349,0.49898
592200,Curt Casali,SF,38,125.0,397.0,150,,floor,floor,1.0,0.0,,0.22953,0.10769,0.01445,0.00535,0.00253,0.00028,0.02405,0.16159,0.45453,0.05122,0.03214,0.00546,0.00334,0.00105,4e-05,0.00457,0.01541,0.01637,0.00948,0.00739,0.00209,0.00501,0.00392,0.0334,0.77964,0.28373,53.5563059375,0.0,24.4,0.10398,0.09019,0.01478,0.01388,0.10887,0.09443,0.95503,137.0,6.0,204.97035999999997,204.97035999999997,0.22494,0.10499,0.01445,0.00226,0.16321,0.02453,0.00033,0.00535,0.45993,0.21748,0.30978,0.29024,0.21748,0.29024,0.00944,0.00736,0.00208,0.28265,137.0,0.79,1.02,1.04,1.42,0.95,0.96,0.895,1.01,1.02,1.21,0.975,0.98,0.31077,0.68923,R,0.22604,0.2311,0.12012,0.10208,0.01099,0.01602,0.00293,0.00235,0.15479,0.16465,0.02828,0.02214,0.00029,0.00027,0.00565,0.00522,0.4509,0.45617
802415,Chandler Simpson,TB,26,612.0,1053.0,745,,projected,unmodeled,,612.0,2026.0,0.1003,0.04795,0.00079,0.00755,0.0003,0.00494,0.02643,0.22529,0.58645,0.02085,0.01263,0.00083,0.00257,0.00025,0.00109,0.00325,0.00818,0.00887,0.09371,0.07293,0.02078,0.00761,0.00635,0.34197,0.77821,0.27403,241.74,91.46,29.4,0.10865,0.06786,0.00944,0.00763,0.11319,0.07069,0.95991,139.0,9.0,838.8224999999999,838.8224999999999,0.1018,0.04555,0.00079,0.00031,0.22191,0.02604,0.00504,0.00755,0.59101,0.26772,0.29964,0.29975,0.26772,0.29975,0.09173,0.07139,0.02035,0.26825,139.0,1.05,0.97,0.97,1.04,0.9,1.03,1.025,0.985,0.985,1.02,0.95,1.015,0.30008,0.69992,L,0.11699,0.09314,0.03972,0.05148,0.00103,0.00069,0.00041,0.00025,0.21515,0.22963,0.02301,0.0279,0.00474,0.00503,0.00676,0.00789,0.59219,0.58398
