PlayerId,Name,Team,Age,Last_PA,Career_PA,N_BIP,P_K,P_BB,P_HBP,P_SF,P_HR,P_3B,P_2B,P_1B,P_BIPOut,SD_K,SD_BB,SD_HBP,SD_SF,SD_HR,SD_3B,SD_2B,SD_1B,SD_BIPOut,P_K_park,P_BB_park,P_HBP_park,P_HR_park,P_1B_park,P_2B_park,P_3B_park,P_SF_park,P_BIPOut_park,AVG_park,OBP_park,BABIP_park,AVG_against_park,BABIP_against_park,home_park_team_id,pf_HR,pf_1B,pf_2B,pf_3B,pf_BB,pf_SO,eff_HR,eff_1B,eff_2B,eff_3B,eff_BB,eff_SO,role,weighted_IP_per_G,er_ra_ratio,RA9,RA9_park,ERA,ERA_park,R_per_PA,R_per_PA_park,TBF_per_IP,TBF_per_IP_park,HBP_pct,HBP_pct_park,Pred_WP_per_PA,n_eff_WP,vL_share,vR_share,PitchHand,P_K_vL,P_K_vR,P_BB_vL,P_BB_vR,P_HBP_vL,P_HBP_vR,P_HR_vL,P_HR_vR,P_1B_vL,P_1B_vR,P_2B_vL,P_2B_vR,P_3B_vL,P_3B_vR,P_SF_vL,P_SF_vR,P_BIPOut_vL,P_BIPOut_vR
695243,Mason Miller,San,28,110.0,732.0,1200,0.3767,0.10057,0.00724,0.008,0.02192,0.00177,0.02325,0.11491,0.34563,0.04035,0.02034,0.00297,0.00305,0.00282,0.00022,0.00204,0.00404,0.00482,0.38046,0.10108,0.00724,0.02269,0.11261,0.02186,0.00153,0.008,0.34454,0.17957,0.26699,0.28301,0.17957,0.28301,135,1.07,0.96,0.88,0.72,1.01,1.02,1.035,0.98,0.94,0.86,1.005,1.01,reliever,1.0833857243671439,0.889,2.73086,2.6753,2.42774,2.37834,0.07607,0.0748,3.98858,3.97405,0.72366,0.72366,0.01145,488.0409937499999,0.44388,0.55612,R,0.35246,0.39604,0.12405,0.08183,0.00771,0.00686,0.02583,0.0188,0.11526,0.11463,0.02217,0.02412,0.00195,0.00163,0.00792,0.00807,0.34264,0.34802
621242,Edwin Díaz,Los,33,33.0,742.0,1200,0.36109,0.08677,0.0181,0.00675,0.0234,0.0015,0.02617,0.11943,0.35679,0.0412,0.01961,0.00465,0.00279,0.00304,0.00018,0.00224,0.00398,0.00487,0.3629,0.08764,0.0181,0.02691,0.11525,0.02525,0.00125,0.00675,0.35595,0.19005,0.27441,0.28482,0.19005,0.28482,119,1.3,0.93,0.93,0.67,1.02,1.01,1.15,0.965,0.965,0.835,1.01,1.005,reliever,1.0281173520930944,0.889,2.97151,3.04712,2.64168,2.70889,0.08213,0.08433,4.02,4.01465,1.80975,1.80975,0.01292,451.37674843749994,0.49646,0.50354,R,0.36961,0.35269,0.1056,0.06821,0.0149,0.02125,0.02909,0.0178,0.11067,0.12807,0.02516,0.02716,0.002,0.00101,0.00827,0.00526,0.33471,0.37855
642207,Devin Williams,New,32,94.0,912.0,1200,0.34137,0.11049,0.01096,0.0037,0.02223,0.00142,0.02755,0.11814,0.36415,0.03775,0.02027,0.0033,0.00189,0.00295,0.00015,0.00249,0.00414,0.00514,0.34649,0.11491,0.01096,0.02245,0.11577,0.02658,0.00127,0.0037,0.35787,0.19079,0.29194,0.28639,0.19079,0.28639,121,1.02,0.96,0.93,0.79,1.08,1.03,1.01,0.98,0.965,0.895,1.04,1.015,reliever,0.9239540760345457,0.889,3.18565,3.17297,2.83205,2.82077,0.08618,0.08569,4.10731,4.11407,1.09638,1.09638,0.00975,548.14321875,0.45242,0.54758,R,0.27206,0.39863,0.12196,0.10101,0.01554,0.00718,0.02499,0.01994,0.12032,0.11633,0.02615,0.02869,0.00202,0.00092,0.00417,0.00331,0.41279,0.32397
642585,Félix Bautista,Bal,32,142.0,632.0,400,0.34078,0.10825,0.00544,0.00375,0.02794,0.00151,0.0295,0.10986,0.37297,0.04511,0.02401,0.00276,0.00223,0.0053,0.0002,0.00395,0.00647,0.00858,0.33737,0.10446,0.00544,0.02919,0.11206,0.02965,0.00167,0.00375,0.3764,0.1947,0.28248,0.27584,0.1947,0.27584,110,1.09,1.04,1.01,1.21,0.93,0.98,1.045,1.02,1.005,1.105,0.965,0.99,reliever,0.9904761904761904,0.889,3.26703,3.33892,2.90439,2.9683,0.08941,0.09138,4.05995,4.0598,0.5444,0.5444,0.01088,338.56792531249994,0.45322,0.54678,R,0.33938,0.34194,0.11617,0.10168,0.0051,0.00573,0.02828,0.02765,0.10689,0.11233,0.02897,0.02994,0.00196,0.00114,0.0033,0.00412,0.36994,0.37547
547973,Aroldis Chapman,Bos,39,77.0,979.0,1200,0.33667,0.1158,0.00555,0.0062,0.01917,0.00139,0.02948,0.11972,0.36602,0.03645,0.02004,0.00228,0.00237,0.00268,0.00017,0.00236,0.00409,0.00502,0.3333,0.11465,0.00555,0.01763,0.12271,0.03198,0.00132,0.0062,0.36665,0.19877,0.29384,0.29849,0.19877,0.29849,111,0.84,1.05,1.17,0.9,0.98,0.98,0.92,1.025,1.085,0.95,0.99,0.99,reliever,0.9236235563453994,0.889,3.1073,3.15054,2.76239,2.80083,0.08402,0.08486,4.1092,4.12513,0.55488,0.55488,0.01671,593.89553125,0.3013,0.6987,L,0.29706,0.35375,0.11769,0.11499,0.01022,0.00353,0.01908,0.01921,0.13877,0.11151,0.02759,0.03029,0.00191,0.00116,0.00694,0.00589,0.38073,0.35968
518585,Fernando Cruz,New,37,120.0,951.0,1200,0.32752,0.11063,0.00958,0.0045,0.0194,0.00153,0.02881,0.12424,0.3738,0.03611,0.0196,0.00303,0.00204,0.0028,0.0002,0.00242,0.00426,0.00521,0.33079,0.12003,0.00958,0.02104,0.11927,0.0278,0.00134,0.0045,0.36564,0.1957,0.29907,0.28871,0.1957,0.28871,147,1.17,0.92,0.93,0.75,1.17,1.02,1.085,0.96,0.965,0.875,1.085,1.01,reliever,0.958529822634662,0.889,3.19828,3.28722,2.84327,2.92233,0.0861,0.08789,4.12716,4.15591,0.95792,0.95792,0.01522,597.40488375,0.42203,0.57797,R,0.30112,0.34679,0.12282,0.10173,0.00564,0.01245,0.02178,0.01766,0.12367,0.12465,0.0305,0.02758,0.00225,0.00101,0.0048,0.00428,0.38742,0.36385
671922,Cade Smith,Cle,28,120.0,709.0,1200,0.32712,0.0633,0.00998,0.00823,0.01466,0.00229,0.03386,0.13561,0.40495,0.03882,0.01636,0.00354,0.00314,0.00242,0.00024,0.00264,0.00464,0.0055,0.3353,0.06425,0.00998,0.01422,0.13426,0.03453,0.00173,0.00823,0.3975,0.20134,0.25897,0.3002,0.20134,0.3002,114,0.94,0.98,1.04,0.51,1.03,1.05,0.97,0.99,1.02,0.755,1.015,1.025,reliever,1.00307294278138,0.889,2.66733,2.62048,2.37126,2.32961,0.07532,0.07407,3.93489,3.93102,0.99824,0.99824,0.01037,496.23212499999994,0.46535,0.53465,R,0.35717,0.30097,0.06806,0.05916,0.00535,0.01401,0.01665,0.01292,0.1208,0.1485,0.0293,0.03782,0.0034,0.00132,0.01109,0.00573,0.38817,0.41956
681870,Erik Sabrowski,Cle,29,83.0,251.0,1200,0.3238,0.12223,0.01171,0.0049,0.02326,0.00195,0.032,0.11324,0.36691,0.05363,0.03048,0.0059,0.00362,0.003,0.00024,0.00252,0.00394,0.00508,0.33189,0.12406,0.01171,0.02256,0.11211,0.03264,0.00147,0.0049,0.35865,0.19641,0.30455,0.28962,0.19641,0.28962,114,0.94,0.98,1.04,0.51,1.03,1.05,0.97,0.99,1.02,0.755,1.015,1.025,reliever,0.9856240691994527,0.889,3.53143,3.4878,3.13944,3.10065,0.0937,0.09252,4.18768,4.18867,1.17104,1.17104,0.01031,186.83637499999998,0.39024,0.60976,L,0.30505,0.33579,0.09993,0.1365,0.00851,0.01376,0.02789,0.02029,0.11348,0.11308,0.02962,0.03353,0.00265,0.00151,0.00436,0.00525,0.40851,0.34029
694819,Jacob Misiorowski,Mil,25,302.0,575.0,800,0.32347,0.08873,0.0166,0.00262,0.01941,0.00214,0.02597,0.13046,0.39059,0.04004,0.01976,0.00499,0.00194,0.00337,0.0003,0.00263,0.00543,0.00641,0.33965,0.09095,0.0166,0.0196,0.12785,0.02428,0.00207,0.00262,0.37638,0.19532,0.28136,0.29063,0.19532,0.29063,158,1.02,0.96,0.87,0.93,1.05,1.1,1.01,0.98,0.935,0.965,1.025,1.05,starter,5.330648769574944,0.934,3.04778,2.96266,2.84663,2.76713,0.08332,0.08121,4.06455,4.05347,1.66048,1.66048,0.0078,453.9425,0.49161,0.50839,R,0.38425,0.2647,0.09953,0.07829,0.01789,0.01536,0.02174,0.01715,0.11578,0.14466,0.0258,0.02613,0.00219,0.0021,0.0029,0.00234,0.32991,0.44927
650556,Bryan Abreu,Hou,30,108.0,1264.0,1200,0.31758,0.11218,0.01553,0.00493,0.02559,0.00242,0.03045,0.11934,0.37198,0.03237,0.01782,0.00337,0.00188,0.00308,0.00033,0.00235,0.0043,0.0053,0.3271,0.11331,0.01553,0.02751,0.11815,0.02999,0.00207,0.00493,0.36141,0.20517,0.30656,0.2936,0.20517,0.2936,117,1.15,0.98,0.97,0.71,1.02,1.06,1.075,0.99,0.985,0.855,1.01,1.03,reliever,0.9908226272452795,0.889,3.67846,3.73838,3.27015,3.32342,0.09744,0.09888,4.1945,4.20079,1.55328,1.55328,0.01269,765.1053362499999,0.46717,0.53283,R,0.30509,0.32852,0.12603,0.10005,0.01696,0.01428,0.02972,0.02198,0.11923,0.11944,0.03274,0.02844,0.0026,0.00226,0.00634,0.00369,0.36129,0.38134
662253,Andrés Muñoz,Sea,28,108.0,1053.0,1200,0.3175,0.0956,0.01578,0.00667,0.02169,0.00162,0.02857,0.12649,0.38611,0.03488,0.01789,0.0037,0.00237,0.00291,0.00024,0.00235,0.00433,0.00523,0.34607,0.09321,0.01578,0.02147,0.12016,0.02728,0.00112,0.00667,0.36824,0.19227,0.27902,0.28747,0.19227,0.28747,136,0.98,0.9,0.91,0.39,0.95,1.18,0.99,0.95,0.955,0.695,0.975,1.09,reliever,0.9715778326729672,0.889,3.25096,2.97605,2.8901,2.64571,0.08807,0.08184,4.10126,4.04034,1.57777,1.57777,0.01338,637.9742362499999,0.4597,0.5403,R,0.31146,0.32263,0.11128,0.08226,0.01119,0.01968,0.02636,0.01771,0.11956,0.13238,0.0282,0.02888,0.00205,0.00125,0.00577,0.00743,0.38413,0.38779
669093,Jeremiah Estrada,San,28,82.0,719.0,1200,0.31453,0.09807,0.00485,0.0117,0.02249,0.00204,0.03688,0.12312,0.38632,0.03878,0.02017,0.00246,0.00371,0.00301,0.00029,0.00298,0.00444,0.0056,0.31768,0.09856,0.00485,0.02327,0.12066,0.03467,0.00175,0.0117,0.38685,0.20381,0.28377,0.28878,0.20381,0.28878,135,1.07,0.96,0.88,0.72,1.01,1.02,1.035,0.98,0.94,0.86,1.005,1.01,reliever,0.9663830448793931,0.889,3.37131,3.28166,2.9971,2.91739,0.09163,0.08965,4.08813,4.0671,0.48512,0.48512,0.01058,484.42448281249995,0.42363,0.57637,R,0.28723,0.3346,0.11283,0.08722,0.00538,0.00446,0.0186,0.02534,0.1097,0.13299,0.03365,0.03926,0.00302,0.00131,0.01101,0.01221,0.41858,0.3626
681911,Alex Vesia,Los,31,88.0,1032.0,1200,0.30989,0.10158,0.00978,0.00592,0.02295,0.00195,0.02696,0.12451,0.39647,0.03502,0.01858,0.00295,0.00226,0.00299,0.00024,0.00233,0.00445,0.00539,0.31144,0.1026,0.00978,0.02639,0.12015,0.02602,0.00163,0.00592,0.39609,0.19755,0.28656,0.27173,0.19755,0.27173,119,1.3,0.93,0.93,0.67,1.02,1.01,1.15,0.965,0.965,0.835,1.01,1.005,reliever,0.9036403815828343,0.889,3.23971,3.30717,2.8801,2.94008,0.08802,0.09,4.08969,4.08301,0.97807,0.97807,0.00841,621.5438371874999,0.38198,0.61802,L,0.31296,0.30799,0.08738,0.11036,0.0099,0.00971,0.02024,0.02462,0.12435,0.1246,0.02566,0.02777,0.00269,0.00149,0.0077,0.00482,0.40912,0.38865
675911,Spencer Strider,Atl,28,148.0,2020.0,1200,0.30884,0.08976,0.00994,0.00412,0.02934,0.00319,0.03906,0.12105,0.3947,0.02671,0.01342,0.00216,0.00138,0.0035,0.00032,0.00294,0.00444,0.00577,0.31502,0.08931,0.00994,0.02846,0.12347,0.03808,0.00306,0.00412,0.38853,0.21534,0.29233,0.2976,0.21534,0.2976,144,0.94,1.04,0.95,0.92,0.99,1.04,0.97,1.02,0.975,0.96,0.995,1.02,starter,5.333841922190241,0.934,3.79596,3.74654,3.54543,3.49927,0.10246,0.10113,4.11638,4.11631,0.9941,0.9941,0.00742,1173.5879237499998,0.52207,0.47793,R,0.28338,0.33666,0.10116,0.0773,0.00991,0.00998,0.03041,0.02818,0.12313,0.11878,0.03621,0.04217,0.0049,0.00132,0.00474,0.00344,0.40617,0.38216
676979,Garrett Crochet,Bos,28,138.0,1611.0,1323,0.30633,0.06548,0.00821,0.00336,0.02204,0.00194,0.03181,0.14626,0.41457,0.02738,0.01193,0.00219,0.00139,0.00283,0.00033,0.00249,0.00463,0.00541,0.30327,0.06483,0.00821,0.02028,0.14991,0.03451,0.00184,0.00336,0.41379,0.22363,0.27958,0.31042,0.22363,0.31042,111,0.84,1.05,1.17,0.9,0.98,0.98,0.92,1.025,1.085,0.95,0.99,0.99,starter,5.6486902432293435,0.934,3.22273,3.27946,3.01003,3.06301,0.08903,0.09012,4.02202,4.04348,0.82059,0.82059,0.00825,1104.2277749999998,0.20263,0.79737,L,0.29549,0.30908,0.06418,0.06581,0.013,0.00699,0.01583,0.02362,0.1509,0.14508,0.02856,0.03263,0.00369,0.0015,0.0034,0.00335,0.42495,0.41193
607192,Tyler Glasnow,Los,33,148.0,1547.0,1200,0.30592,0.08557,0.003,0.00589,0.02275,0.0027,0.03026,0.12487,0.41905,0.02889,0.01424,0.00135,0.00187,0.003,0.0004,0.00252,0.00435,0.00543,0.30744,0.08642,0.003,0.02616,0.1205,0.0292,0.00225,0.00589,0.41913,0.19688,0.26753,0.26608,0.19688,0.26608,119,1.3,0.93,0.93,0.67,1.02,1.01,1.15,0.965,0.965,0.835,1.01,1.005,starter,5.625900741617494,0.934,3.02232,3.0753,2.82285,2.87233,0.08425,0.08592,3.98572,3.97697,0.2997,0.2997,0.01404,975.5176193749999,0.48706,0.51294,R,0.29544,0.31586,0.09071,0.08068,0.00284,0.00314,0.02359,0.02195,0.13148,0.1186,0.02924,0.03123,0.00349,0.00194,0.00536,0.00639,0.41784,0.4202
691799,Grant Taylor,Chi,25,140.0,297.0,800,0.30402,0.08101,0.00232,0.00916,0.01959,0.00201,0.03262,0.13556,0.4137,0.04948,0.02383,0.00248,0.00466,0.00356,0.00029,0.00313,0.00548,0.0067,0.29946,0.08222,0.00232,0.0193,0.13488,0.03148,0.00173,0.00916,0.41945,0.20676,0.27193,0.28609,0.20676,0.28609,145,0.97,0.99,0.93,0.72,1.03,0.97,0.985,0.995,0.965,0.86,1.015,0.985,reliever,1.1842944210032817,0.889,3.03912,2.98425,2.70177,2.653,0.08426,0.08287,4.00751,4.00101,0.23239,0.23239,0.0113,232.4325,0.48893,0.51107,R,0.31137,0.29699,0.09322,0.06932,0.00211,0.00253,0.02043,0.01879,0.1218,0.14873,0.03145,0.03374,0.00246,0.00158,0.00787,0.01039,0.40929,0.41793
660271,Shohei Ohtani,Los,32,233.0,1612.0,800,0.30363,0.07831,0.01057,0.00509,0.02129,0.00212,0.02991,0.13264,0.41645,0.02979,0.01414,0.00248,0.00171,0.00367,0.00037,0.00325,0.00555,0.0069,0.30514,0.07909,0.01057,0.02449,0.12799,0.02886,0.00177,0.00509,0.417,0.20228,0.27277,0.27557,0.20228,0.27557,119,1.3,0.93,0.93,0.67,1.02,1.01,1.15,0.965,0.965,0.835,1.01,1.005,starter,5.014540437274464,0.934,3.08463,3.12385,2.88104,2.91768,0.08532,0.08665,4.01698,4.00559,1.05651,1.05651,0.01639,903.9108249999999,0.45733,0.54267,R,0.29848,0.30796,0.07794,0.07862,0.00747,0.01318,0.02253,0.02025,0.13333,0.13205,0.0291,0.03058,0.00306,0.00133,0.00527,0.00495,0.42283,0.41108
519242,Chris Sale,Atl,38,294.0,1956.0,1227,0.30149,0.06373,0.01762,0.00377,0.01508,0.00224,0.02988,0.14777,0.41842,0.02551,0.01102,0.00292,0.00134,0.00243,0.00043,0.00266,0.00496,0.00571,0.30752,0.06341,0.01762,0.01462,0.15073,0.02913,0.00215,0.00377,0.41104,0.21486,0.27767,0.30691,0.21486,0.30691,144,0.94,1.04,0.95,0.92,0.99,1.04,0.97,1.02,0.975,0.96,0.995,1.02,starter,6.060326903739072,0.934,2.9618,2.95857,2.76632,2.76331,0.08176,0.08151,4.0253,4.03281,1.76209,1.76209,0.00592,1282.4360390625,0.21336,0.78664,L,0.30472,0.30061,0.06834,0.06249,0.01644,0.01794,0.0171,0.01452,0.13714,0.15066,0.02685,0.0307,0.00385,0.00181,0.00403,0.00369,0.42151,0.41758
656546,Jeff Hoffman,Tor,34,133.0,1090.0,1200,0.29776,0.08497,0.01357,0.00564,0.0298,0.00199,0.0364,0.12186,0.40802,0.0334,0.01654,0.00338,0.00215,0.0036,0.00026,0.00291,0.00443,0.00585,0.29329,0.08412,0.01357,0.03129,0.12186,0.03713,0.00171,0.00564,0.41139,0.21411,0.28968,0.2809,0.21411,0.2809,141,1.1,1.0,1.04,0.72,0.98,0.97,1.05,1.0,1.02,0.86,0.99,0.985,reliever,0.9548394754711468,0.889,3.69502,3.78193,3.28487,3.36214,0.10027,0.10247,4.09467,4.10095,1.35693,1.35693,0.0114,679.1378715624999,0.47232,0.52768,R,0.30914,0.28757,0.09277,0.07798,0.01254,0.01449,0.02785,0.03154,0.12018,0.12337,0.03988,0.03329,0.00337,0.00074,0.00563,0.00564,0.38864,0.42536
661395,Jhoan Duran,Phi,29,84.0,1120.0,1200,0.29713,0.07297,0.0149,0.0055,0.01547,0.00153,0.03106,0.14355,0.41788,0.03357,0.01551,0.0035,0.0021,0.00259,0.00016,0.00279,0.00449,0.0055,0.30159,0.07151,0.0149,0.01656,0.14571,0.03013,0.00154,0.0055,0.41257,0.21356,0.28034,0.30067,0.21356,0.30067,143,1.14,1.03,0.94,1.01,0.96,1.03,1.07,1.015,0.97,1.005,0.98,1.015,reliever,0.9552367120916142,0.889,3.00327,3.04991,2.66991,2.71137,0.08254,0.08372,4.04297,4.04776,1.48968,1.48968,0.01281,669.9152068749999,0.49812,0.50188,R,0.30156,0.29274,0.07873,0.06726,0.01547,0.01433,0.01324,0.01768,0.13492,0.15212,0.02888,0.03323,0.00185,0.00122,0.00553,0.00547,0.41983,0.41594
594798,Jacob deGrom,Tex,39,282.0,1349.0,1254,0.29669,0.05461,0.00341,0.00532,0.03091,0.00222,0.031,0.13311,0.44273,0.02943,0.01189,0.00154,0.0019,0.00366,0.00022,0.00251,0.00477,0.00596,0.29965,0.05325,0.00341,0.02952,0.12912,0.02945,0.00199,0.00532,0.44828,0.20264,0.24674,0.26372,0.20264,0.26372,140,0.91,0.94,0.9,0.8,0.95,1.02,0.955,0.97,0.95,0.9,0.975,1.01,starter,5.579914441334003,0.934,3.18305,2.95062,2.97297,2.75588,0.09042,0.08478,3.91145,3.8672,0.34123,0.34123,0.00616,916.1502884375,0.50544,0.49456,R,0.30658,0.28658,0.06253,0.04652,0.00343,0.00339,0.03245,0.02933,0.1196,0.14692,0.0305,0.03152,0.00223,0.0022,0.005,0.00565,0.43767,0.44789
656302,Dylan Cease,Tor,31,280.0,3295.0,1347,0.29589,0.0956,0.00678,0.0058,0.0215,0.00212,0.03099,0.13425,0.40707,0.02086,0.01091,0.00141,0.0013,0.00284,0.00025,0.00251,0.00438,0.00535,0.29145,0.09464,0.00678,0.02258,0.13425,0.03161,0.00182,0.0058,0.41107,0.21311,0.29168,0.28973,0.21311,0.28973,141,1.1,1.0,1.04,0.72,0.98,0.97,1.05,1.0,1.02,0.86,0.99,0.985,starter,5.523315976853636,0.934,3.37729,3.43464,3.15439,3.20795,0.0913,0.0928,4.10998,4.11255,0.67781,0.67781,0.01092,1968.3090184374998,0.49338,0.50662,R,0.2703,0.32081,0.10152,0.08983,0.00899,0.00462,0.02366,0.0194,0.13785,0.13074,0.03153,0.03046,0.00272,0.00153,0.00492,0.00666,0.41849,0.39595
694973,Paul Skenes,Pit,25,303.0,1550.0,1273,0.29535,0.06006,0.01035,0.00289,0.01656,0.00205,0.02867,0.1383,0.44577,0.02711,0.01147,0.00251,0.00131,0.00258,0.00029,0.00242,0.00449,0.00547,0.2924,0.05976,0.01035,0.01499,0.13968,0.03111,0.00183,0.00289,0.44699,0.20239,0.25773,0.2786,0.20239,0.2786,134,0.81,1.02,1.17,0.79,0.99,0.98,0.905,1.01,1.085,0.895,0.995,0.99,starter,5.740901430792597,0.934,2.6435,2.65313,2.46903,2.47802,0.07502,0.07512,3.91529,3.92443,1.03535,1.03535,0.00497,1102.8027499999998,0.52171,0.47829,R,0.30031,0.28994,0.07231,0.04669,0.00867,0.01219,0.01617,0.01699,0.13443,0.14252,0.02944,0.02784,0.00308,0.00093,0.00317,0.00258,0.43243,0.46032
669373,Tarik Skubal,Det,30,166.0,2454.0,1442,0.29474,0.05064,0.00784,0.00459,0.02105,0.00226,0.03248,0.14499,0.4414,0.02349,0.00917,0.00175,0.00133,0.00288,0.00029,0.00247,0.00455,0.0055,0.29326,0.05038,0.00784,0.02116,0.14571,0.03118,0.00288,0.00459,0.44299,0.2144,0.25916,0.28867,0.2144,0.28867,116,1.01,1.01,0.92,1.54,0.99,0.99,1.005,1.005,0.96,1.27,0.995,0.995,starter,6.244455014013702,0.934,2.9633,2.96595,2.76772,2.7702,0.08372,0.08381,3.9326,3.93201,0.78438,0.78438,0.0044,1517.4354965624998,0.20675,0.79325,L,0.24192,0.3085,0.04547,0.05198,0.01082,0.00707,0.0183,0.02177,0.1673,0.13917,0.02923,0.03333,0.00257,0.00218,0.00498,0.00449,0.47941,0.4315
489446,Kirby Yates,Los,40,50.0,752.0,1200,0.29459,0.11037,0.01187,0.00897,0.02421,0.00186,0.0327,0.12276,0.39268,0.0387,0.0216,0.00375,0.00319,0.00318,0.00021,0.00261,0.00428,0.00545,0.30196,0.11037,0.01187,0.02506,0.12153,0.03172,0.00182,0.00897,0.38671,0.20733,0.30236,0.28622,0.20733,0.28622,108,1.07,0.98,0.94,0.96,1.0,1.05,1.035,0.99,0.97,0.98,1.0,1.025,reliever,0.9224810607733362,0.889,3.65661,3.63429,3.25072,3.23089,0.09711,0.09671,4.18392,4.17553,1.18703,1.18703,0.00919,463.88448781249997,0.41805,0.58195,R,0.28389,0.30228,0.12428,0.10037,0.00732,0.01514,0.02934,0.02052,0.10332,0.13673,0.03633,0.03009,0.00248,0.00141,0.01135,0.00725,0.40169,0.3862
664854,Ryan Helsley,Bal,32,46.0,949.0,1200,0.29233,0.09539,0.0028,0.01012,0.02385,0.00176,0.0326,0.138,0.40315,0.03574,0.01874,0.00165,0.00306,0.00332,0.00021,0.00282,0.00475,0.00576,0.28941,0.09206,0.0028,0.02493,0.14076,0.03276,0.00195,0.01012,0.40523,0.2239,0.29524,0.30217,0.2239,0.30217,110,1.09,1.04,1.01,1.21,0.93,0.98,1.045,1.02,1.005,1.105,0.965,0.99,reliever,0.9826402949508112,0.889,3.55897,3.64251,3.16393,3.23819,0.09579,0.09792,4.12841,4.13335,0.27951,0.27951,0.01301,566.7857321875,0.47775,0.52225,R,0.2838,0.30013,0.09571,0.0951,0.00257,0.003,0.02281,0.02481,0.14391,0.13259,0.03401,0.0313,0.00238,0.0012,0.00675,0.0132,0.40805,0.39866
695505,Chase Burns,Cin,24,297.0,485.0,800,0.29187,0.081,0.00155,0.00135,0.02255,0.00234,0.03714,0.13459,0.4276,0.04122,0.02009,0.00165,0.00149,0.00376,0.00033,0.00366,0.00591,0.00737,0.29625,0.08384,0.00155,0.02514,0.13123,0.03751,0.002,0.00135,0.42113,0.21448,0.28126,0.28847,0.21448,0.28847,113,1.23,0.95,1.02,0.71,1.07,1.03,1.115,0.975,1.01,0.855,1.035,1.015,starter,5.006191832858499,0.934,3.33983,3.44844,3.1194,3.22084,0.09183,0.09454,4.04116,4.05295,0.15507,0.15507,0.00587,388.28,0.51241,0.48759,R,0.30289,0.2803,0.10544,0.05532,0.00138,0.00173,0.0275,0.01735,0.12829,0.14121,0.03836,0.03586,0.00269,0.00196,0.00128,0.00143,0.39217,0.46484
670955,Edwin Uceta,Tam,29,321.0,564.0,800,0.29102,0.07932,0.01844,0.00558,0.02417,0.00192,0.03149,0.13389,0.41417,0.04199,0.02029,0.0053,0.00285,0.00402,0.00027,0.00327,0.00577,0.00719,0.29393,0.07813,0.01844,0.02429,0.13255,0.02976,0.00215,0.00558,0.41517,0.21023,0.28532,0.28373,0.21023,0.28373,139,1.01,0.98,0.89,1.24,0.97,1.02,1.005,0.99,0.945,1.12,0.985,1.01,reliever,1.1820861678004535,0.889,3.47552,3.38426,3.08973,3.00861,0.09422,0.09226,4.09837,4.07595,1.84412,1.84412,0.0056,361.9588628125,0.44118,0.55882,R,0.27231,0.30578,0.09242,0.06897,0.01039,0.0248,0.02521,0.02335,0.13446,0.13345,0.03315,0.03018,0.00234,0.00159,0.00752,0.00406,0.4222,0.40783
668881,Hunter Greene,Cin,27,420.0,2060.0,800,0.29086,0.08506,0.01863,0.00588,0.02526,0.00261,0.03053,0.12791,0.41327,0.02625,0.01309,0.00292,0.00164,0.00404,0.00041,0.00299,0.00573,0.00702,0.29522,0.08803,0.01863,0.02816,0.12471,0.03083,0.00223,0.00588,0.40629,0.20952,0.2926,0.27971,0.20952,0.27971,113,1.23,0.95,1.02,0.71,1.07,1.03,1.115,0.975,1.01,0.855,1.035,1.015,starter,5.729288160696103,0.934,3.50083,3.63107,3.26977,3.39142,0.09481,0.09797,4.10277,4.11791,1.86337,1.86337,0.00972,1174.2470084375,0.47847,0.52153,R,0.31998,0.26415,0.09543,0.07554,0.02203,0.01552,0.02583,0.02473,0.11493,0.13982,0.02869,0.03221,0.00247,0.00273,0.00704,0.00482,0.38361,0.44048
502085,David Robertson,Phi,42,78.0,907.0,800,0.29,0.09824,0.01203,0.00275,0.02431,0.002,0.02872,0.13286,0.40909,0.03756,0.02001,0.00347,0.00163,0.004,0.00028,0.00307,0.00559,0.00685,0.29435,0.09627,0.01203,0.02601,0.13485,0.02786,0.00201,0.00275,0.40386,0.21456,0.29904,0.28971,0.21456,0.28971,143,1.14,1.03,0.94,1.01,0.96,1.03,1.07,1.015,0.97,1.005,0.98,1.015,reliever,1.019512538743308,0.889,3.56506,3.63956,3.16933,3.23557,0.09544,0.09731,4.15055,4.15575,1.20325,1.20325,0.013,495.69388374999994,0.4338,0.5662,R,0.29969,0.28258,0.10776,0.09094,0.00984,0.01371,0.02455,0.02413,0.12805,0.13654,0.02645,0.03047,0.00223,0.00182,0.00228,0.0031,0.39914,0.41671
666142,Cole Ragans,Kan,29,151.0,1736.0,1288,0.28906,0.09568,0.00599,0.00421,0.0263,0.00224,0.03426,0.12746,0.41479,0.02737,0.01442,0.00181,0.0015,0.00325,0.00036,0.00276,0.00445,0.0056,0.27606,0.09568,0.00599,0.02406,0.1281,0.03752,0.00313,0.00421,0.42525,0.21564,0.29448,0.28408,0.21564,0.28408,118,0.83,1.01,1.19,1.79,1.0,0.91,0.915,1.005,1.095,1.395,1.0,0.955,starter,5.345066992273322,0.934,3.60912,3.66065,3.37092,3.41905,0.09747,0.09851,4.11402,4.12885,0.59891,0.59891,0.01075,1063.8269243749999,0.2708,0.7292,L,0.2295,0.31119,0.10581,0.09192,0.00816,0.00518,0.02272,0.02762,0.14177,0.12215,0.04099,0.03176,0.00271,0.00207,0.00573,0.00365,0.4426,0.40446
518886,Craig Kimbrel,Tam,39,68.0,887.0,1200,0.2886,0.10636,0.01538,0.00876,0.02372,0.00214,0.03229,0.12411,0.39863,0.0375,0.02072,0.00396,0.00293,0.00308,0.00025,0.00264,0.00436,0.00553,0.29149,0.10477,0.01538,0.02384,0.12287,0.03051,0.0024,0.00876,0.39998,0.20621,0.29978,0.28031,0.20621,0.28031,139,1.01,0.98,0.89,1.24,0.97,1.02,1.005,0.99,0.945,1.12,0.985,1.01,reliever,0.9455389066097779,0.889,3.6615,3.56241,3.25508,3.16699,0.0972,0.09515,4.18542,4.1601,1.53838,1.53838,0.01171,496.1606187499999,0.47905,0.52095,R,0.26628,0.30913,0.11613,0.09738,0.01815,0.01284,0.02704,0.02067,0.12732,0.12117,0.0347,0.03007,0.00278,0.00156,0.00662,0.01072,0.40097,0.39648
664076,Garrett Cleavinger,Tam,33,63.0,712.0,1200,0.28809,0.09464,0.02257,0.0118,0.01985,0.0019,0.03229,0.12418,0.40468,0.03862,0.02027,0.00527,0.00374,0.00285,0.00026,0.00258,0.00421,0.00538,0.29097,0.09322,0.02257,0.01995,0.12294,0.03052,0.00213,0.0118,0.40591,0.2012,0.29132,0.27708,0.2012,0.27708,139,1.01,0.98,0.89,1.24,0.97,1.02,1.005,0.99,0.945,1.12,0.985,1.01,reliever,0.899811724500883,0.889,3.37027,3.27452,2.99617,2.91105,0.09057,0.08851,4.13442,4.11044,2.25709,2.25709,0.00781,458.35193874999993,0.36788,0.63212,L,0.29169,0.28599,0.10431,0.089,0.02057,0.02373,0.01911,0.02028,0.1344,0.11823,0.03024,0.03349,0.00206,0.00181,0.01179,0.01181,0.38583,0.41566
656945,Tanner Scott,Los,32,104.0,1232.0,1200,0.28458,0.09449,0.01058,0.008,0.02178,0.00175,0.02842,0.14148,0.40893,0.03201,0.01685,0.00282,0.00242,0.00314,0.00019,0.00246,0.00487,0.00577,0.28601,0.09543,0.01058,0.02504,0.13653,0.02743,0.00146,0.008,0.40953,0.21496,0.29646,0.2877,0.21496,0.2877,119,1.3,0.93,0.93,0.67,1.02,1.01,1.15,0.965,0.965,0.835,1.01,1.005,reliever,0.9584123641514551,0.889,3.50761,3.55153,3.11827,3.15731,0.09386,0.09531,4.15245,4.14051,1.05763,1.05763,0.00684,729.3945040624998,0.3122,0.6878,L,0.31415,0.27117,0.10178,0.09118,0.00804,0.01173,0.02385,0.02084,0.12878,0.14724,0.03174,0.02691,0.00329,0.00104,0.00824,0.0079,0.38014,0.42199
669276,Dylan Lee,Atl,32,111.0,919.0,1200,0.28449,0.06325,0.00088,0.0056,0.023,0.00209,0.03089,0.14027,0.44953,0.03523,0.01543,0.00094,0.00231,0.00317,0.00023,0.00261,0.00502,0.00609,0.29018,0.06293,0.00088,0.02231,0.14307,0.03012,0.00201,0.0056,0.4429,0.21224,0.26132,0.28345,0.21224,0.28345,144,0.94,1.04,0.95,0.92,0.99,1.04,0.97,1.02,0.975,0.96,0.995,1.02,reliever,1.0119693365910463,0.889,2.99895,2.98011,2.66607,2.64931,0.0846,0.08397,3.9385,3.94353,0.0877,0.0877,0.00605,575.8323990624999,0.39045,0.60955,L,0.30656,0.27035,0.0554,0.06828,0.00092,0.00085,0.02324,0.02285,0.13593,0.14304,0.03023,0.03131,0.00397,0.00089,0.00625,0.00519,0.4375,0.45723
621237,José Alvarado,Phi,32,111.0,869.0,1200,0.28446,0.09321,0.00935,0.00386,0.02547,0.00169,0.03096,0.1338,0.41719,0.03667,0.01919,0.00312,0.00197,0.00336,0.0002,0.00273,0.00473,0.00589,0.28873,0.09134,0.00935,0.02726,0.13581,0.03003,0.0017,0.00386,0.41192,0.21754,0.29549,0.28913,0.21754,0.28913,143,1.14,1.03,0.94,1.01,0.96,1.03,1.07,1.015,0.97,1.005,0.98,1.015,reliever,0.8966867237560978,0.889,3.58977,3.66822,3.19131,3.26105,0.0966,0.09857,4.1289,4.13479,0.93531,0.93531,0.01344,519.897261875,0.34114,0.65886,L,0.24049,0.30723,0.07697,0.10162,0.01174,0.00812,0.02888,0.02371,0.14036,0.1304,0.03006,0.03142,0.00166,0.00171,0.00331,0.00415,0.46654,0.39164
677053,Andrew Nardi,Mia,28,99.0,629.0,800,0.28377,0.09562,0.0097,0.00376,0.02815,0.00183,0.03117,0.13323,0.41278,0.04144,0.02195,0.00368,0.00224,0.00435,0.00031,0.00331,0.0059,0.00723,0.27951,0.09562,0.0097,0.02632,0.1339,0.0321,0.00216,0.00376,0.41694,0.21828,0.29979,0.2874,0.21828,0.2874,146,0.87,1.01,1.06,1.35,1.0,0.97,0.935,1.005,1.03,1.175,1.0,0.985,reliever,0.8669165501318449,0.889,3.78888,3.75056,3.36831,3.33425,0.10121,0.10017,4.1596,4.16016,0.96983,0.96983,0.00704,373.65927218749994,0.40668,0.59332,L,0.30445,0.26959,0.09985,0.09271,0.00806,0.01082,0.02814,0.02815,0.12778,0.13697,0.02757,0.03364,0.00181,0.00185,0.00403,0.00358,0.39831,0.42269
682254,Mason Montgomery,Pit,27,112.0,358.0,1200,0.28349,0.11212,0.00428,0.0059,0.02416,0.00181,0.02863,0.1367,0.40291,0.04632,0.02633,0.00312,0.0035,0.00332,0.00029,0.00244,0.00463,0.00561,0.28065,0.11156,0.00428,0.02187,0.13806,0.03107,0.00162,0.0059,0.40499,0.21932,0.30846,0.29658,0.21932,0.29658,134,0.81,1.02,1.17,0.79,0.99,0.98,0.905,1.01,1.085,0.895,0.995,0.99,reliever,0.8974600315656933,0.889,3.72678,3.69435,3.31311,3.28428,0.09841,0.09745,4.20774,4.21234,0.42834,0.42834,0.00848,268.925125,0.37993,0.62007,L,0.26978,0.29189,0.12159,0.10632,0.00394,0.00449,0.0221,0.02543,0.12192,0.14575,0.02672,0.02981,0.00251,0.00138,0.00639,0.00559,0.42503,0.38935
666374,Matt Brash,Sea,29,64.0,793.0,800,0.28302,0.09939,0.01589,0.00747,0.02275,0.00195,0.02682,0.13454,0.40816,0.03845,0.02073,0.00423,0.00285,0.00383,0.00033,0.00266,0.00526,0.00646,0.30849,0.09691,0.01589,0.02253,0.12782,0.02562,0.00135,0.00747,0.39392,0.20155,0.29012,0.28209,0.20155,0.28209,136,0.98,0.9,0.91,0.39,0.95,1.18,0.99,0.95,0.955,0.695,0.975,1.09,reliever,0.8755807570013228,0.889,3.54224,3.24944,3.14905,2.88875,0.0944,0.08799,4.16951,4.10349,1.58948,1.58948,0.01217,457.4580043749999,0.45356,0.54644,R,0.25608,0.30538,0.1037,0.09581,0.01612,0.0157,0.02188,0.02348,0.13593,0.13339,0.02867,0.02529,0.00239,0.00158,0.00749,0.00745,0.42773,0.39191
643377,Griffin Jax,Tam,32,164.0,1287.0,1200,0.28284,0.0759,0.00796,0.00485,0.02497,0.00238,0.03182,0.14114,0.42814,0.03098,0.01479,0.0024,0.00185,0.00339,0.00036,0.00282,0.00484,0.00592,0.28567,0.07476,0.00796,0.0251,0.13973,0.03007,0.00267,0.00485,0.4292,0.21653,0.28029,0.28666,0.21653,0.28666,139,1.01,0.98,0.89,1.24,0.97,1.02,1.005,0.99,0.945,1.12,0.985,1.01,reliever,1.2388067709241966,0.889,3.47921,3.38996,3.09301,3.01368,0.095,0.09306,4.06943,4.04744,0.79562,0.79562,0.00698,785.0702531249998,0.49512,0.50488,R,0.26888,0.29653,0.08371,0.06823,0.00852,0.0074,0.02622,0.02375,0.14256,0.13976,0.03707,0.02667,0.00276,0.00201,0.00285,0.00681,0.42743,0.42883
640462,A.J. Puk,Ari,32,35.0,852.0,800,0.28187,0.0793,0.01703,0.00393,0.02218,0.00181,0.03556,0.13308,0.42524,0.03842,0.01874,0.00424,0.00201,0.00378,0.00028,0.00367,0.00563,0.0072,0.26778,0.07851,0.01703,0.02129,0.13441,0.03822,0.00276,0.00393,0.43607,0.21841,0.29223,0.28684,0.21841,0.28684,109,0.92,1.02,1.15,2.05,0.98,0.9,0.96,1.01,1.075,1.525,0.99,0.95,reliever,1.1329907513303774,0.889,3.4627,3.57571,3.07834,3.17881,0.09391,0.09653,4.09681,4.11572,1.70345,1.70345,0.00954,456.8469553125,0.35161,0.64839,L,0.30158,0.27118,0.06368,0.08777,0.02365,0.01345,0.02194,0.0223,0.13393,0.13262,0.02609,0.04069,0.00265,0.00135,0.00338,0.00423,0.4231,0.4264
554430,Zack Wheeler,Phi,37,213.0,2979.0,1326,0.28187,0.05942,0.0114,0.00414,0.02211,0.00278,0.03104,0.13865,0.4486,0.02161,0.00922,0.00192,0.00115,0.00286,0.00043,0.00251,0.00466,0.00558,0.2861,0.05823,0.0114,0.02366,0.14073,0.03011,0.00279,0.00414,0.44285,0.213,0.26692,0.28165,0.213,0.28165,143,1.14,1.03,0.94,1.01,0.96,1.03,1.07,1.015,0.97,1.005,0.98,1.015,starter,6.252608410826701,0.934,3.06905,3.14287,2.8665,2.93544,0.086,0.08788,3.96541,3.97364,1.14012,1.14012,0.00518,1767.1769184374996,0.53894,0.46106,R,0.26812,0.29794,0.07409,0.04227,0.01177,0.01097,0.02516,0.01855,0.13169,0.14679,0.03357,0.02809,0.00394,0.00142,0.00506,0.00305,0.4466,0.45093
605540,Brandon Woodruff,Mil,34,121.0,1251.0,800,0.28149,0.06506,0.00967,0.00497,0.02406,0.00271,0.03336,0.13533,0.44334,0.03253,0.01449,0.00268,0.0019,0.00397,0.00044,0.00342,0.00602,0.00756,0.29556,0.06669,0.00967,0.0243,0.13263,0.03119,0.00262,0.00497,0.43237,0.20762,0.26709,0.27794,0.20762,0.27794,158,1.02,0.96,0.87,0.93,1.05,1.1,1.01,0.98,0.935,0.965,1.025,1.05,starter,5.251580140360054,0.934,3.23396,3.12761,3.02052,2.92118,0.09002,0.08743,3.99148,3.97459,0.9674,0.9674,0.00506,695.697375,0.49308,0.50692,R,0.28929,0.27389,0.07101,0.05928,0.00779,0.01151,0.02015,0.02786,0.12392,0.14643,0.03592,0.03086,0.00374,0.00172,0.0043,0.00563,0.44388,0.44282
656730,Trevor Megill,Mil,33,97.0,816.0,1200,0.28018,0.08202,0.00544,0.01156,0.02869,0.00217,0.0336,0.13456,0.42179,0.03712,0.01841,0.00246,0.00349,0.00353,0.00026,0.00287,0.0049,0.00602,0.29419,0.08407,0.00544,0.02898,0.13187,0.03142,0.00209,0.01156,0.41039,0.2162,0.28386,0.28722,0.2162,0.28722,158,1.02,0.96,0.87,0.93,1.05,1.1,1.01,0.98,0.935,0.965,1.025,1.05,reliever,0.9531485650552766,0.889,3.65088,3.55035,3.24564,3.15626,0.09936,0.09698,4.08254,4.06764,0.54421,0.54421,0.01214,497.7780412499999,0.45982,0.54018,R,0.28306,0.27773,0.09079,0.07455,0.0062,0.00479,0.02356,0.03306,0.13578,0.13352,0.02936,0.03721,0.0024,0.00197,0.00671,0.01569,0.42214,0.42148
701656,Logan Henderson,Mil,25,90.0,189.0,800,0.27932,0.07842,0.00326,0.00265,0.025,0.00263,0.03162,0.14334,0.43376,0.05467,0.0266,0.00347,0.00292,0.00411,0.0005,0.0034,0.00624,0.00755,0.29329,0.08038,0.00326,0.02525,0.14047,0.02957,0.00254,0.00265,0.4226,0.21651,0.28146,0.28996,0.21651,0.28996,158,1.02,0.96,0.87,0.93,1.05,1.1,1.01,0.98,0.935,0.965,1.025,1.05,starter,4.82564870259481,0.934,3.4942,3.39095,3.26359,3.16715,0.09539,0.09294,4.06995,4.05407,0.3257,0.3257,0.00775,148.02749999999997,0.52956,0.47044,R,0.27684,0.28211,0.08469,0.07136,0.00285,0.00372,0.02628,0.02356,0.12846,0.16008,0.03101,0.03231,0.00345,0.00171,0.00249,0.00284,0.44393,0.42232
642100,Gabe Speier,Sea,32,75.0,715.0,1200,0.27909,0.07015,0.01745,0.01415,0.02092,0.00186,0.0341,0.13832,0.42395,0.03852,0.01781,0.00464,0.00409,0.00294,0.00019,0.003,0.00483,0.0059,0.30421,0.0684,0.01745,0.02071,0.1314,0.03256,0.00129,0.01415,0.40982,0.20663,0.27182,0.28737,0.20663,0.28737,136,0.98,0.9,0.91,0.39,0.95,1.18,0.99,0.95,0.955,0.695,0.975,1.09,reliever,0.8209952243762594,0.889,3.3246,3.04173,2.95557,2.7041,0.09095,0.08448,4.06163,4.00038,1.74542,1.74542,0.0074,450.1051590625,0.44695,0.55305,L,0.30646,0.25697,0.06056,0.0779,0.01591,0.0187,0.02017,0.02153,0.13578,0.14037,0.03035,0.03713,0.00187,0.00186,0.01211,0.01581,0.41681,0.42973
670280,David Bednar,New,32,123.0,1123.0,1200,0.27809,0.08588,0.00821,0.00629,0.02117,0.00164,0.02802,0.13399,0.43671,0.03262,0.01657,0.0026,0.00224,0.00294,0.00018,0.0023,0.00456,0.00556,0.28087,0.09318,0.00821,0.02297,0.12863,0.02704,0.00144,0.00629,0.43137,0.20181,0.28147,0.26697,0.20181,0.26697,147,1.17,0.92,0.93,0.75,1.17,1.02,1.085,0.96,0.965,0.875,1.085,1.01,reliever,0.9727677456803663,0.889,3.12822,3.18333,2.78099,2.82998,0.08604,0.08725,4.03975,4.05411,0.82096,0.82096,0.00856,684.5720968749998,0.4677,0.5323,R,0.25772,0.29598,0.10393,0.07003,0.00777,0.0086,0.022,0.02045,0.12319,0.14349,0.02735,0.0286,0.00118,0.00205,0.00577,0.00675,0.4511,0.42406
621381,Matt Strahm,Kan,35,82.0,1119.0,1200,0.27701,0.071,0.01491,0.01277,0.0213,0.00221,0.04109,0.13143,0.42827,0.03289,0.01533,0.0035,0.00319,0.00298,0.00025,0.00311,0.00485,0.00606,0.26455,0.071,0.01491,0.01949,0.13209,0.045,0.00309,0.01277,0.43711,0.22152,0.28557,0.29188,0.22152,0.29188,118,0.83,1.01,1.19,1.79,1.0,0.91,0.915,1.005,1.095,1.395,1.0,0.955,reliever,0.9500425480498048,0.889,3.41676,3.51133,3.0375,3.12157,0.09358,0.09569,4.05679,4.07738,1.49092,1.49092,0.00835,669.0669440624999,0.34452,0.65548,L,0.2542,0.289,0.06106,0.07622,0.01991,0.01228,0.01743,0.02333,0.15101,0.12115,0.04091,0.04119,0.00348,0.00155,0.01496,0.01162,0.43704,0.42367
628452,Raisel Iglesias,Atl,37,85.0,1087.0,1200,0.27466,0.0616,0.00761,0.00565,0.02252,0.0022,0.03543,0.14089,0.44946,0.03313,0.01449,0.00254,0.00216,0.00321,0.00022,0.00293,0.00509,0.00611,0.28015,0.06129,0.00761,0.02184,0.1437,0.03454,0.00211,0.00565,0.44311,0.21849,0.27109,0.28928,0.21849,0.28928,144,0.94,1.04,0.95,0.92,0.99,1.04,0.97,1.02,0.975,0.96,0.995,1.02,reliever,1.01363287280301,0.889,3.23006,3.20881,2.87152,2.85263,0.08991,0.08921,3.99169,3.9964,0.76059,0.76059,0.0055,653.2283256249999,0.5037,0.4963,R,0.25479,0.29482,0.07173,0.05132,0.00559,0.00965,0.02201,0.02303,0.1337,0.14818,0.03724,0.03359,0.00255,0.00185,0.00689,0.00439,0.46551,0.43317
664126,Pete Fairbanks,Mia,33,83.0,783.0,1200,0.27462,0.08845,0.00913,0.00423,0.02547,0.00167,0.03383,0.13852,0.42409,0.03696,0.0191,0.00324,0.00216,0.00348,0.00017,0.00291,0.00485,0.00606,0.2705,0.08845,0.00913,0.02382,0.13921,0.03484,0.00197,0.00423,0.42786,0.22248,0.29741,0.29148,0.22248,0.29148,146,0.87,1.01,1.06,1.35,1.0,0.97,0.935,1.005,1.03,1.175,1.0,0.985,reliever,0.9722143061773814,0.889,3.71867,3.69221,3.3059,3.28237,0.09971,0.09895,4.14405,4.14608,0.91265,0.91265,0.01137,495.1046371874999,0.47472,0.52528,R,0.27039,0.27845,0.0991,0.07882,0.00854,0.00965,0.02842,0.02281,0.14619,0.13158,0.0345,0.03322,0.00193,0.00144,0.0038,0.00461,0.40714,0.4394
676879,Aaron Ashby,Mil,29,172.0,1036.0,1200,0.27426,0.09415,0.01154,0.0059,0.01966,0.00166,0.02325,0.14624,0.42335,0.03371,0.01792,0.0032,0.00225,0.00299,0.00026,0.00224,0.00473,0.00556,0.28798,0.0965,0.01154,0.01985,0.14331,0.02174,0.0016,0.0059,0.41158,0.21049,0.29455,0.28821,0.21049,0.28821,158,1.02,0.96,0.87,0.93,1.05,1.1,1.01,0.98,0.935,0.965,1.025,1.05,reliever,1.5747030490751779,0.889,3.33653,3.25392,2.96617,2.89273,0.08953,0.08756,4.14066,4.12925,1.15377,1.15377,0.01339,625.1158984374999,0.37845,0.62155,L,0.29304,0.26283,0.09416,0.09415,0.01547,0.00914,0.01877,0.02019,0.14335,0.14799,0.02306,0.02337,0.00146,0.00178,0.00675,0.00538,0.40394,0.43516
623149,Paul Sewald,Ari,37,88.0,825.0,1200,0.27422,0.07739,0.01091,0.00616,0.02938,0.00219,0.03461,0.12918,0.43596,0.03763,0.0183,0.00345,0.00254,0.0035,0.00021,0.00278,0.00473,0.00597,0.26051,0.07662,0.01091,0.0282,0.13047,0.03721,0.00334,0.00616,0.44658,0.21981,0.28675,0.2769,0.21981,0.2769,109,0.92,1.02,1.15,2.05,0.98,0.9,0.96,1.01,1.075,1.525,0.99,0.95,reliever,0.9161928692134511,0.889,3.63581,3.73813,3.23224,3.3232,0.09934,0.1017,4.06651,4.08411,1.09128,1.09128,0.00631,472.00936687499996,0.45693,0.54307,R,0.28677,0.26366,0.10111,0.05744,0.00736,0.0139,0.0329,0.02641,0.13375,0.12533,0.03098,0.03767,0.00313,0.00139,0.00497,0.00716,0.39903,0.46704
671305,Michel Otañez,Ath,29,28.0,179.0,800,0.27386,0.10795,0.01883,0.00943,0.02014,0.00212,0.03353,0.12853,0.40563,0.05785,0.03269,0.00843,0.00558,0.00334,0.00035,0.00326,0.00533,0.00659,0.25469,0.11874,0.01883,0.02175,0.13495,0.03722,0.00194,0.00943,0.40246,0.22961,0.33343,0.30197,0.22961,0.30197,133,1.16,1.1,1.22,0.83,1.2,0.86,1.08,1.05,1.11,0.915,1.1,0.93,reliever,0.9357892459158281,0.889,3.70121,4.28064,3.29038,3.80549,0.09726,0.10884,4.22839,4.37011,1.88267,1.88267,0.01211,112.962875,0.37467,0.62533,R,0.28563,0.2668,0.11454,0.104,0.02076,0.01767,0.01992,0.02027,0.12049,0.13334,0.032,0.03444,0.00231,0.002,0.00985,0.00918,0.3945,0.41229
642547,Freddy Peralta,New,31,337.0,2782.0,1338,0.27323,0.08912,0.01149,0.00338,0.02411,0.00232,0.03164,0.137,0.42771,0.02151,0.01117,0.00199,0.00108,0.00302,0.0003,0.00252,0.00459,0.00559,0.27733,0.09269,0.01149,0.02435,0.13426,0.03053,0.00207,0.00338,0.4239,0.21426,0.29539,0.28246,0.21426,0.28246,121,1.02,0.96,0.93,0.79,1.08,1.03,1.01,0.98,0.965,0.895,1.04,1.015,starter,5.427689806299356,0.934,3.61736,3.57629,3.37861,3.34026,0.09718,0.09612,4.13586,4.13419,1.14871,1.14871,0.00803,1749.6769590624997,0.52695,0.47305,R,0.25652,0.29184,0.09931,0.07777,0.00587,0.01775,0.02131,0.02722,0.13746,0.1365,0.03307,0.03003,0.00337,0.00114,0.00302,0.00379,0.44006,0.41396
543037,Gerrit Cole,New,36,89.0,2093.0,800,0.2729,0.06635,0.00777,0.00218,0.01816,0.00252,0.03334,0.14717,0.44962,0.02655,0.01205,0.00188,0.00099,0.0033,0.00042,0.0032,0.0064,0.00745,0.27563,0.07199,0.00777,0.0197,0.14129,0.03217,0.00221,0.00218,0.44708,0.2128,0.27512,0.28208,0.2128,0.28208,147,1.17,0.92,0.93,0.75,1.17,1.02,1.085,0.96,0.965,0.875,1.085,1.01,starter,5.566818369880017,0.934,3.14682,3.14088,2.93913,2.93359,0.08699,0.08684,4.01962,4.01859,0.77663,0.77663,0.00467,1095.5841940624998,0.54639,0.45361,R,0.28559,0.25761,0.07609,0.05461,0.0065,0.00929,0.01836,0.01791,0.13475,0.16214,0.0334,0.03326,0.00282,0.00216,0.00243,0.00188,0.44006,0.46114
808967,Yoshinobu Yamamoto,Los,28,296.0,1348.0,1306,0.27247,0.07254,0.00552,0.00465,0.01918,0.00191,0.03216,0.14458,0.44699,0.02796,0.01323,0.00196,0.00177,0.00283,0.00019,0.00272,0.00459,0.00564,0.27384,0.07327,0.00552,0.02206,0.13952,0.03104,0.00159,0.00465,0.44853,0.21188,0.27299,0.27735,0.21188,0.27735,119,1.3,0.93,0.93,0.67,1.02,1.01,1.15,0.965,0.965,0.835,1.01,1.005,starter,5.786815593936897,0.934,3.14186,3.15346,2.9345,2.94533,0.08678,0.08745,4.02285,4.00681,0.55155,0.55155,0.00731,971.7879999999999,0.47674,0.52326,R,0.26394,0.28025,0.07573,0.06964,0.00586,0.00521,0.01547,0.02256,0.14585,0.14342,0.02804,0.03591,0.00194,0.00188,0.00387,0.00535,0.4593,0.43578
657746,Joe Ryan,Min,31,308.0,2811.0,1244,0.27199,0.05756,0.01345,0.0054,0.02953,0.00342,0.03736,0.12877,0.45252,0.02171,0.00923,0.00214,0.00135,0.00348,0.0004,0.00291,0.00473,0.00606,0.26791,0.05727,0.01345,0.02909,0.13135,0.03941,0.00315,0.0054,0.45297,0.21972,0.27372,0.27742,0.21972,0.27742,142,0.97,1.04,1.11,0.84,0.99,0.97,0.985,1.02,1.055,0.92,0.995,0.985,starter,5.608877297362359,0.934,3.51188,3.59711,3.28009,3.35971,0.09777,0.09965,3.99092,4.01085,1.34473,1.34473,0.00447,1708.7879587499997,0.5049,0.4951,R,0.23507,0.30965,0.06167,0.05337,0.01454,0.01233,0.02878,0.03029,0.12867,0.12888,0.03476,0.04001,0.00426,0.00256,0.00398,0.00684,0.48827,0.41606
673380,Dedniel Núñez,New,31,41.0,176.0,800,0.2717,0.08281,0.00342,0.00277,0.02667,0.0024,0.03578,0.13746,0.437,0.05775,0.02905,0.00364,0.00305,0.00427,0.00045,0.00367,0.00578,0.0073,0.27577,0.08612,0.00342,0.02693,0.13471,0.03452,0.00215,0.00277,0.4336,0.21849,0.28786,0.28329,0.21849,0.28329,121,1.02,0.96,0.93,0.79,1.08,1.03,1.01,0.98,0.965,0.895,1.04,1.015,reliever,1.2937279774489074,0.889,3.67047,3.62174,3.26305,3.21972,0.09961,0.09838,4.09439,4.09051,0.34224,0.34224,0.00882,112.52937499999999,0.39362,0.60638,R,0.25119,0.28501,0.09705,0.07357,0.00338,0.00345,0.02806,0.02576,0.14008,0.13576,0.03399,0.03694,0.00322,0.00187,0.00287,0.0027,0.44017,0.43494
679885,Justin Martinez,Ari,25,67.0,432.0,800,0.27076,0.11745,0.01538,0.00511,0.01319,0.00199,0.02843,0.14324,0.40445,0.04576,0.02692,0.00543,0.00303,0.00291,0.00041,0.00325,0.00533,0.00644,0.25722,0.11627,0.01538,0.01266,0.14467,0.03056,0.00304,0.00511,0.41508,0.22119,0.3226,0.30046,0.22119,0.30046,109,0.92,1.02,1.15,2.05,0.98,0.9,0.96,1.01,1.075,1.525,0.99,0.95,reliever,1.0889879135830727,0.889,3.54561,3.66619,3.15205,3.25924,0.09201,0.09473,4.28184,4.30024,1.53831,1.53831,0.01364,267.31235624999994,0.42783,0.57217,R,0.28391,0.26093,0.15441,0.08981,0.00847,0.02055,0.01324,0.01315,0.13302,0.15088,0.03032,0.02702,0.00242,0.00167,0.00521,0.00503,0.369,0.43096
601713,Nick Pivetta,San,34,66.0,2742.0,1296,0.27005,0.07711,0.00563,0.00588,0.03347,0.00323,0.0346,0.12718,0.44286,0.02238,0.01092,0.00141,0.00143,0.00364,0.00041,0.00259,0.00474,0.00602,0.27275,0.0775,0.00563,0.03464,0.12463,0.03252,0.00278,0.00588,0.44368,0.21358,0.27769,0.26496,0.21358,0.26496,135,1.07,0.96,0.88,0.72,1.01,1.02,1.035,0.98,0.94,0.86,1.005,1.01,starter,5.5746535758814835,0.934,3.77218,3.69682,3.52322,3.45283,0.10342,0.10185,4.05263,4.03291,0.56258,0.56258,0.00692,1591.8287503124998,0.4804,0.5196,R,0.27416,0.26625,0.08467,0.07012,0.0046,0.00657,0.03289,0.03401,0.11627,0.13726,0.03598,0.03332,0.00372,0.00277,0.00554,0.00619,0.44218,0.4435
445276,Kenley Jansen,Det,39,62.0,962.0,1200,0.27,0.09009,0.0066,0.0063,0.0351,0.00303,0.03329,0.12507,0.43053,0.03482,0.01824,0.00251,0.0024,0.00395,0.00036,0.00271,0.00477,0.00622,0.26865,0.08964,0.0066,0.03527,0.12569,0.03196,0.00385,0.0063,0.43204,0.21925,0.29301,0.2721,0.21925,0.2721,116,1.01,1.01,0.92,1.54,0.99,0.99,1.005,1.005,0.96,1.27,0.995,0.995,reliever,0.9575810689829121,0.889,3.9957,4.00482,3.55218,3.56028,0.10773,0.108,4.12122,4.12027,0.6599,0.6599,0.00611,569.14480625,0.48039,0.51961,R,0.25937,0.27983,0.11253,0.06934,0.00406,0.00895,0.04098,0.02965,0.12546,0.1247,0.03127,0.03516,0.00416,0.00199,0.00635,0.00626,0.41582,0.44412
600917,José Leclerc,Ath,33,46.0,765.0,800,0.2691,0.1048,0.01169,0.00658,0.02652,0.00171,0.0335,0.13661,0.4095,0.03909,0.02192,0.0037,0.00272,0.00435,0.00028,0.00356,0.00605,0.0074,0.25026,0.11528,0.01169,0.02864,0.14344,0.03718,0.00157,0.00658,0.40537,0.24333,0.3378,0.31008,0.24333,0.31008,133,1.16,1.1,1.22,0.83,1.2,0.86,1.08,1.05,1.11,0.915,1.1,0.93,reliever,1.0222504230118443,0.889,4.05676,4.68817,3.60646,4.16778,0.10602,0.11842,4.25147,4.39895,1.16877,1.16877,0.01047,419.58410812499994,0.38951,0.61049,R,0.22638,0.29635,0.13863,0.08321,0.00927,0.01323,0.02524,0.02734,0.14558,0.13089,0.03479,0.03267,0.00193,0.00157,0.00731,0.0061,0.41087,0.40862
680755,Braydon Fisher,Tor,26,134.0,336.0,800,0.26875,0.09093,0.01413,0.00838,0.02247,0.00202,0.03223,0.13412,0.42698,0.04606,0.02426,0.00578,0.00426,0.00363,0.00027,0.0031,0.0057,0.00694,0.26472,0.09003,0.01413,0.02359,0.13412,0.03288,0.00173,0.00838,0.43043,0.21671,0.29647,0.28161,0.21671,0.28161,141,1.1,1.0,1.04,0.72,0.98,0.97,1.05,1.0,1.02,0.86,0.99,0.985,reliever,1.0110968023173592,0.889,3.54966,3.61203,3.15565,3.21109,0.09533,0.09693,4.13716,4.14055,1.41253,1.41253,0.00773,259.84499999999997,0.4347,0.5653,R,0.28922,0.25302,0.10366,0.08115,0.0128,0.01514,0.01779,0.02606,0.12743,0.13927,0.03628,0.02912,0.0026,0.00156,0.00955,0.00747,0.40066,0.44721
643410,Mark Leiter Jr.,Ath,36,120.0,1146.0,1200,0.26869,0.08452,0.01947,0.00618,0.02175,0.00186,0.03063,0.14354,0.42335,0.03231,0.01646,0.00394,0.0022,0.00309,0.00023,0.0027,0.00484,0.00576,0.24988,0.09297,0.01947,0.02349,0.15072,0.034,0.0017,0.00618,0.42158,0.23817,0.32236,0.30662,0.23817,0.30662,133,1.16,1.1,1.22,0.83,1.2,0.86,1.08,1.05,1.11,0.915,1.1,0.93,reliever,0.9008071892179543,0.889,3.64535,4.18776,3.24072,3.72292,0.09708,0.10824,4.17205,4.29876,1.94748,1.94748,0.01462,682.9880793749999,0.52075,0.47925,R,0.30308,0.23133,0.09035,0.07819,0.01287,0.02665,0.01601,0.02798,0.14015,0.14723,0.02906,0.03234,0.00231,0.00136,0.00531,0.00711,0.40086,0.44779
666200,Jesús Luzardo,Phi,29,312.0,2485.0,1310,0.26861,0.07625,0.00736,0.00377,0.02091,0.00202,0.02958,0.15444,0.43706,0.02264,0.01101,0.00169,0.0012,0.00294,0.00027,0.00252,0.00501,0.0058,0.27264,0.07472,0.00736,0.02238,0.15675,0.02869,0.00203,0.00377,0.43166,0.22956,0.29194,0.3028,0.22956,0.3028,143,1.14,1.03,0.94,1.01,0.96,1.03,1.07,1.015,0.97,1.005,0.98,1.015,starter,5.6749183899905935,0.934,3.45861,3.53242,3.23034,3.29928,0.09359,0.0954,4.10605,4.11404,0.73591,0.73591,0.00776,1545.4140062499998,0.24288,0.75712,L,0.30697,0.2563,0.06161,0.08095,0.00753,0.0073,0.0177,0.02195,0.15648,0.15378,0.02322,0.03162,0.00283,0.00176,0.0037,0.00379,0.41996,0.44255
690997,Nolan McLean,New,25,299.0,487.0,800,0.26813,0.08704,0.01918,0.003,0.02069,0.00228,0.02923,0.13757,0.43287,0.0401,0.02072,0.00576,0.00222,0.00357,0.00035,0.00302,0.00557,0.00686,0.27215,0.09052,0.01918,0.0209,0.13482,0.02821,0.00204,0.003,0.42917,0.20959,0.29568,0.27778,0.20959,0.27778,121,1.02,0.96,0.93,0.79,1.08,1.03,1.01,0.98,0.965,0.895,1.04,1.015,starter,5.721303053654261,0.934,3.46245,3.42101,3.23393,3.19522,0.09298,0.09191,4.13779,4.13588,1.91819,1.91819,0.00817,389.98,0.52838,0.47162,R,0.26561,0.27096,0.10352,0.06858,0.01542,0.0234,0.01816,0.02353,0.13618,0.13914,0.03038,0.02794,0.00268,0.00183,0.0032,0.00277,0.42486,0.44184
691587,Eury Pérez,Mia,24,265.0,1024.0,800,0.26789,0.08908,0.00985,0.00421,0.03627,0.00476,0.04271,0.11641,0.42883,0.03198,0.0167,0.00297,0.00191,0.00494,0.00096,0.00395,0.00542,0.00763,0.26387,0.08908,0.00985,0.03391,0.11699,0.04399,0.00559,0.00421,0.43251,0.22353,0.29941,0.27804,0.22353,0.27804,146,0.87,1.01,1.06,1.35,1.0,0.97,0.935,1.005,1.03,1.175,1.0,0.985,starter,4.965331580710843,0.934,4.31619,4.28077,4.03132,3.99824,0.1154,0.11439,4.1559,4.1579,0.98516,0.98516,0.01254,698.6428374999999,0.52824,0.47176,R,0.28122,0.25296,0.10414,0.07221,0.00622,0.01392,0.03138,0.04174,0.11973,0.11269,0.03514,0.05119,0.00658,0.00272,0.00478,0.00358,0.41082,0.44899
678495,Randy Rodríguez,San,27,198.0,419.0,800,0.26788,0.07345,0.01578,0.00709,0.02524,0.00221,0.0299,0.14142,0.43703,0.04499,0.02152,0.00557,0.00361,0.0041,0.00037,0.00319,0.00615,0.00747,0.26386,0.07088,0.01578,0.02247,0.14355,0.0311,0.00259,0.00709,0.44269,0.22036,0.28636,0.2859,0.22036,0.2859,137,0.78,1.03,1.08,1.35,0.93,0.97,0.89,1.015,1.04,1.175,0.965,0.985,reliever,1.2386273970089,0.889,3.54239,3.45349,3.14918,3.07016,0.0962,0.09401,4.09133,4.08191,1.57838,1.57838,0.01007,278.77662499999997,0.45557,0.54443,R,0.28434,0.2541,0.08303,0.06543,0.01657,0.01512,0.02577,0.0248,0.1335,0.14806,0.02633,0.03289,0.00265,0.00183,0.00633,0.00772,0.42148,0.45004
607074,Carlos Rodón,New,34,104.0,2625.0,1477,0.26777,0.08785,0.01031,0.00503,0.02654,0.00162,0.03213,0.13511,0.43364,0.02243,0.01164,0.00194,0.00135,0.00305,0.00014,0.00238,0.00434,0.00532,0.27045,0.09532,0.01031,0.02879,0.12971,0.03101,0.00142,0.00503,0.42797,0.21468,0.29655,0.27475,0.21468,0.27475,147,1.17,0.92,0.93,0.75,1.17,1.02,1.085,0.96,0.965,0.875,1.085,1.01,starter,5.667412732743949,0.934,3.66306,3.74423,3.4213,3.49712,0.0987,0.10046,4.12348,4.14102,1.03054,1.03054,0.00943,1574.7730593749998,0.23018,0.76982,L,0.27873,0.26449,0.08403,0.089,0.01152,0.00994,0.02433,0.02719,0.14356,0.13258,0.02752,0.03351,0.00235,0.0014,0.00514,0.005,0.42281,0.43688
641329,Bryan Baker,Tam,32,109.0,953.0,1200,0.26776,0.08632,0.00472,0.00729,0.02869,0.0022,0.03634,0.13535,0.43134,0.03462,0.01783,0.00213,0.0026,0.00356,0.00027,0.00297,0.00476,0.00611,0.27043,0.08502,0.00472,0.02884,0.13399,0.03434,0.00247,0.00729,0.4329,0.22109,0.28938,0.28292,0.22109,0.28292,139,1.01,0.98,0.89,1.24,0.97,1.02,1.005,0.99,0.945,1.12,0.985,1.01,reliever,0.9883901568788671,0.889,3.83337,3.7316,3.40786,3.3174,0.10329,0.10115,4.12382,4.09922,0.47204,0.47204,0.00753,573.9400334374999,0.47337,0.52663,R,0.25892,0.2757,0.09113,0.08199,0.00418,0.0052,0.02697,0.03024,0.1245,0.14509,0.0363,0.03638,0.0024,0.00203,0.00879,0.00594,0.44681,0.41743
596112,Robert Stephenson,Los,34,42.0,490.0,400,0.26775,0.07401,0.00505,0.0079,0.01871,0.00226,0.03567,0.14779,0.44086,0.04687,0.0225,0.00297,0.00358,0.00513,0.0005,0.00547,0.00874,0.01062,0.27445,0.07401,0.00505,0.01936,0.14631,0.0346,0.00222,0.0079,0.43611,0.22178,0.28155,0.29573,0.22178,0.29573,108,1.07,0.98,0.94,0.96,1.0,1.05,1.035,0.99,0.97,0.98,1.0,1.025,reliever,0.8333333333333334,0.889,3.3322,3.29277,2.96233,2.92727,0.09107,0.09024,4.0655,4.05454,0.50458,0.50458,0.01128,244.86346843749996,0.40496,0.59504,R,0.23949,0.28699,0.0837,0.06741,0.00468,0.0053,0.0198,0.01797,0.14815,0.14755,0.03477,0.03628,0.00291,0.00182,0.00947,0.00683,0.45702,0.42986
682842,Abner Uribe,Mil,27,100.0,591.0,1200,0.26768,0.10466,0.01174,0.00397,0.01711,0.00168,0.02517,0.14476,0.42323,0.03946,0.02215,0.00415,0.00236,0.00281,0.00018,0.00222,0.00468,0.00553,0.28107,0.10728,0.01174,0.01728,0.14187,0.02354,0.00162,0.00397,0.41165,0.21015,0.30332,0.28863,0.21015,0.28863,158,1.02,0.96,0.87,0.93,1.05,1.1,1.01,0.98,0.935,0.965,1.025,1.05,reliever,0.9925444295921999,0.889,3.40589,3.3216,3.02783,2.95291,0.09027,0.08827,4.19209,4.18124,1.17379,1.17379,0.01344,407.13204375,0.42018,0.57982,R,0.24305,0.28553,0.1091,0.10144,0.01632,0.00842,0.01642,0.01761,0.14017,0.14809,0.02623,0.02441,0.00209,0.00138,0.00416,0.00383,0.44246,0.4093
681895,Evan Sisk,Pit,30,111.0,191.0,800,0.26763,0.09339,0.02168,0.00907,0.02363,0.00192,0.03237,0.13368,0.41662,0.05358,0.02859,0.00883,0.00537,0.00395,0.00028,0.00326,0.00569,0.00707,0.26496,0.09292,0.02168,0.02139,0.13502,0.03512,0.00172,0.00907,0.41813,0.22052,0.30785,0.2913,0.22052,0.2913,134,0.81,1.02,1.17,0.79,0.99,0.98,0.905,1.01,1.085,0.895,0.995,0.99,reliever,1.1170047737810576,0.889,3.7848,3.76654,3.36468,3.34845,0.10009,0.09944,4.2015,4.20863,2.16831,2.16831,0.00946,152.14999999999998,0.44757,0.55243,L,0.28719,0.25179,0.11613,0.07496,0.02666,0.01765,0.02415,0.02321,0.12931,0.13723,0.02768,0.03617,0.002,0.00186,0.01127,0.00728,0.37561,0.44985
686613,Hunter Brown,Hou,28,43.0,2229.0,1337,0.26729,0.08312,0.00947,0.0029,0.0164,0.00276,0.02567,0.15314,0.43925,0.02377,0.01204,0.00202,0.00111,0.0026,0.00055,0.00225,0.00488,0.00562,0.27531,0.08395,0.00947,0.01763,0.1516,0.02529,0.00236,0.0029,0.43149,0.21786,0.2903,0.29349,0.21786,0.29349,117,1.15,0.98,0.97,0.71,1.02,1.06,1.075,0.99,0.985,0.855,1.01,1.03,starter,5.746095788615138,0.934,3.22854,3.23834,3.01546,3.02461,0.08737,0.08766,4.10603,4.10456,0.94743,0.94743,0.00479,1383.1400812499999,0.50772,0.49228,R,0.28075,0.25341,0.09982,0.0659,0.00471,0.01439,0.0156,0.01722,0.13513,0.17171,0.0257,0.02564,0.00389,0.00159,0.00402,0.00175,0.43038,0.4484
678692,Ronny Henriquez,Mia,27,303.0,435.0,800,0.2671,0.08246,0.01724,0.00868,0.02855,0.00262,0.03575,0.13232,0.42529,0.0443,0.02236,0.00573,0.00393,0.00442,0.00044,0.00355,0.00568,0.00726,0.26309,0.08246,0.01724,0.02669,0.13298,0.03682,0.00308,0.00868,0.42896,0.22383,0.29926,0.28725,0.22383,0.28725,146,0.87,1.01,1.06,1.35,1.0,0.97,0.935,1.005,1.03,1.175,1.0,0.985,reliever,1.0856000205264495,0.889,3.92006,3.89086,3.48493,3.45897,0.10483,0.104,4.15505,4.15705,1.72352,1.72352,0.00786,291.46101562499996,0.45641,0.54359,R,0.26979,0.26483,0.10323,0.06501,0.01023,0.02312,0.03269,0.02507,0.13876,0.12691,0.03014,0.04046,0.00327,0.00208,0.00706,0.01005,0.40483,0.44248
693645,Cam Schlittler,New,26,317.0,621.0,800,0.26638,0.07321,0.00981,0.00515,0.01891,0.00164,0.02963,0.15204,0.44322,0.03678,0.0176,0.00372,0.00263,0.00356,0.00028,0.00331,0.00628,0.00737,0.26905,0.07943,0.00981,0.02052,0.14596,0.0286,0.00143,0.00515,0.44005,0.21698,0.28574,0.28567,0.21698,0.28567,147,1.17,0.92,0.93,0.75,1.17,1.02,1.085,0.96,0.965,0.875,1.085,1.01,starter,5.580230078841672,0.934,3.27809,3.28969,3.06173,3.07257,0.08937,0.08962,4.07548,4.07837,0.9809,0.9809,0.00653,489.09,0.55542,0.44458,R,0.27578,0.25465,0.08176,0.06253,0.0064,0.01407,0.01702,0.02126,0.15887,0.1435,0.02837,0.03121,0.00222,0.00092,0.00532,0.00495,0.42427,0.4669
521230,Liam Hendriks,Bos,38,59.0,314.0,400,0.26633,0.0819,0.00984,0.01341,0.03567,0.00191,0.02882,0.13142,0.4307,0.05304,0.02672,0.00497,0.00551,0.00676,0.00027,0.00423,0.00792,0.01013,0.26367,0.08108,0.00984,0.03282,0.1347,0.03127,0.00181,0.01341,0.4314,0.22397,0.29152,0.28003,0.22397,0.28003,111,0.84,1.05,1.17,0.9,0.98,0.98,0.92,1.025,1.085,0.95,0.99,0.99,reliever,0.9761904761904762,0.889,3.89342,3.87314,3.46125,3.44322,0.10551,0.10467,4.10026,4.11164,0.98379,0.98379,0.01138,146.8982484375,0.40927,0.59073,R,0.27009,0.26373,0.07562,0.08625,0.01051,0.00937,0.03839,0.03379,0.13397,0.12965,0.02764,0.02964,0.00238,0.00158,0.01552,0.01195,0.42587,0.43405
572955,Pierce Johnson,Cin,36,92.0,907.0,1200,0.26595,0.09411,0.00393,0.00567,0.02787,0.00269,0.03885,0.1347,0.42623,0.03468,0.01861,0.00199,0.00234,0.00356,0.00031,0.0031,0.0048,0.00607,0.26994,0.09741,0.00393,0.03108,0.13133,0.03924,0.0023,0.00567,0.41911,0.22838,0.30528,0.29202,0.22838,0.29202,113,1.23,0.95,1.02,0.71,1.07,1.03,1.115,0.975,1.01,0.855,1.035,1.015,reliever,0.9323697658814276,0.889,3.99841,4.15464,3.55459,3.69348,0.10643,0.11009,4.17425,4.19306,0.39272,0.39272,0.01015,568.08137125,0.43603,0.56397,R,0.27266,0.26077,0.11746,0.07606,0.00295,0.00468,0.03293,0.02396,0.12122,0.14512,0.03894,0.03879,0.00379,0.00184,0.00418,0.00681,0.40586,0.44198
663558,Jovani Morán,Bos,30,134.0,502.0,800,0.26574,0.11067,0.00322,0.00614,0.03217,0.00179,0.03289,0.12661,0.42076,0.04394,0.02534,0.00235,0.00313,0.0045,0.00025,0.00327,0.00545,0.00721,0.26309,0.10957,0.00322,0.02959,0.12978,0.03569,0.0017,0.00614,0.42122,0.22332,0.30955,0.28411,0.22332,0.28411,111,0.84,1.05,1.17,0.9,0.98,0.98,0.92,1.025,1.085,0.95,0.99,0.99,reliever,1.6114599686028257,0.889,4.08454,4.08533,3.63116,3.63186,0.10791,0.10759,4.20563,4.21898,0.32236,0.32236,0.00779,282.71682124999995,0.40395,0.59605,L,0.28516,0.25258,0.1081,0.11242,0.00376,0.00286,0.03114,0.03286,0.13127,0.12345,0.02805,0.03618,0.00205,0.00161,0.00534,0.00668,0.40512,0.43136
686218,Emmet Sheehan,Los,27,248.0,787.0,800,0.26554,0.07931,0.00793,0.00752,0.0248,0.0041,0.03722,0.13534,0.43823,0.0351,0.01744,0.00301,0.00287,0.00418,0.00069,0.00355,0.00592,0.00756,0.26687,0.08011,0.00793,0.02852,0.13061,0.03591,0.00342,0.00752,0.43911,0.21943,0.2865,0.27903,0.21943,0.27903,119,1.3,0.93,0.93,0.67,1.02,1.01,1.15,0.965,0.965,0.835,1.01,1.005,starter,4.915981735159818,0.934,3.67322,3.71627,3.43079,3.47099,0.09966,0.10114,4.09535,4.0827,0.79309,0.79309,0.00749,550.5050499999999,0.45061,0.54939,R,0.25737,0.27225,0.09731,0.06455,0.00884,0.00719,0.02752,0.02257,0.12365,0.14493,0.03786,0.03668,0.00529,0.00313,0.00411,0.01031,0.43805,0.43839
676477,Garrett Whitlock,Bos,31,85.0,1068.0,1200,0.26543,0.06782,0.00947,0.00574,0.02178,0.00226,0.03504,0.14957,0.44289,0.03333,0.01541,0.00286,0.00219,0.0032,0.00046,0.00291,0.00507,0.0062,0.26278,0.06714,0.00947,0.02004,0.15331,0.03802,0.00214,0.00574,0.44136,0.23267,0.29012,0.30476,0.23267,0.30476,111,0.84,1.05,1.17,0.9,0.98,0.98,0.92,1.025,1.085,0.95,0.99,0.99,reliever,1.599365609409954,0.889,3.50034,3.57003,3.1118,3.17376,0.09534,0.09667,4.07947,4.10352,0.9474,0.9474,0.00807,626.6841271874999,0.46095,0.53905,R,0.25946,0.27054,0.06794,0.06771,0.01076,0.00838,0.02176,0.0218,0.13658,0.16068,0.03438,0.03561,0.00206,0.00242,0.00521,0.00619,0.46186,0.42667
687863,Porter Hodge,Chi,26,147.0,311.0,800,0.26543,0.10413,0.0048,0.00654,0.02595,0.00219,0.02931,0.14009,0.42157,0.04916,0.02761,0.00349,0.00388,0.00423,0.00062,0.00323,0.00598,0.00724,0.26941,0.10465,0.0048,0.02582,0.13728,0.02638,0.0024,0.00654,0.42273,0.21706,0.30132,0.28204,0.21706,0.28204,112,0.99,0.96,0.8,1.19,1.01,1.03,0.995,0.98,0.9,1.095,1.005,1.015,reliever,1.014359711699755,0.889,3.84232,3.68501,3.41582,3.27597,0.10164,0.0982,4.20018,4.16932,0.47983,0.47983,0.01137,206.92399999999998,0.409,0.591,R,0.27274,0.26037,0.10785,0.10155,0.00422,0.0052,0.02459,0.02689,0.14565,0.13624,0.02602,0.03159,0.00296,0.00165,0.00515,0.0075,0.41081,0.42902
622554,Seranthony Domínguez,Chi,32,102.0,1049.0,1200,0.26499,0.10585,0.01229,0.00498,0.02166,0.00198,0.02963,0.13576,0.42286,0.03302,0.01869,0.00328,0.00206,0.00305,0.00019,0.00255,0.00468,0.00568,0.26101,0.10744,0.01229,0.02134,0.13508,0.02859,0.0017,0.00498,0.42757,0.21331,0.30644,0.2789,0.21331,0.2789,145,0.97,0.99,0.93,0.72,1.03,0.97,0.985,0.995,0.965,0.86,1.015,0.985,reliever,0.9314123023512336,0.889,3.66602,3.61491,3.25909,3.21365,0.09688,0.09563,4.2045,4.20008,1.22906,1.22906,0.01848,640.6507746875,0.44866,0.55134,R,0.22768,0.29535,0.0969,0.11314,0.01621,0.0091,0.025,0.01895,0.14207,0.13062,0.03264,0.02718,0.00285,0.00126,0.00638,0.00384,0.45027,0.40056
650633,Michael King,San,32,296.0,1960.0,1296,0.26494,0.08561,0.01072,0.0028,0.02564,0.00192,0.03284,0.13468,0.44085,0.02496,0.01285,0.00228,0.00116,0.00322,0.00021,0.00272,0.00465,0.00581,0.26759,0.08604,0.01072,0.02654,0.13199,0.03087,0.00165,0.0028,0.44181,0.21217,0.2878,0.27132,0.21217,0.27132,135,1.07,0.96,0.88,0.72,1.01,1.02,1.035,0.98,0.94,0.86,1.005,1.01,starter,5.457814158197935,0.934,3.61449,3.53265,3.37593,3.29949,0.09769,0.09597,4.11099,4.09017,1.07236,1.07236,0.00534,1233.2668009374997,0.54248,0.45752,R,0.2478,0.28526,0.0901,0.08028,0.0097,0.01194,0.02567,0.02561,0.13035,0.13982,0.03184,0.03403,0.00173,0.00214,0.00294,0.00263,0.45988,0.41829
664294,Dauri Moreta,Pit,31,68.0,467.0,400,0.26491,0.09077,0.0144,0.01162,0.0249,0.00152,0.02686,0.14188,0.42314,0.04671,0.02469,0.00509,0.00442,0.0056,0.00026,0.00384,0.00845,0.0099,0.26226,0.09032,0.0144,0.02253,0.1433,0.02914,0.00136,0.01162,0.42506,0.22219,0.30106,0.29022,0.22219,0.29022,134,0.81,1.02,1.17,0.79,0.99,0.98,0.905,1.01,1.085,0.895,0.995,0.99,reliever,0.9259259259259259,0.889,3.6604,3.62313,3.2541,3.22097,0.09769,0.09659,4.16344,4.16774,1.43988,1.43988,0.00823,244.88234374999996,0.42164,0.57836,R,0.24761,0.27752,0.10542,0.0801,0.01711,0.01242,0.02658,0.02368,0.14622,0.13872,0.02289,0.02975,0.00191,0.00125,0.01249,0.01098,0.41978,0.42559
666808,Camilo Doval,New,29,103.0,1219.0,1200,0.26478,0.10475,0.01299,0.01107,0.02272,0.00237,0.03671,0.13249,0.41212,0.03131,0.01765,0.00314,0.00286,0.00314,0.00031,0.00304,0.00448,0.00571,0.26743,0.11365,0.01299,0.02466,0.12719,0.03543,0.00207,0.01107,0.40552,0.21958,0.31599,0.28882,0.21958,0.28882,147,1.17,0.92,0.93,0.75,1.17,1.02,1.085,0.96,0.965,0.875,1.085,1.01,reliever,0.9291730970555945,0.889,3.91192,3.99471,3.4777,3.55129,0.10265,0.10422,4.2342,4.25869,1.29916,1.29916,0.01568,728.4163506249998,0.46479,0.53521,R,0.26054,0.26846,0.12155,0.09016,0.01176,0.01406,0.02629,0.01963,0.13493,0.13037,0.03833,0.03531,0.00244,0.0023,0.00769,0.014,0.39647,0.42571
592094,Jason Adam,San,35,100.0,1111.0,1200,0.26443,0.08427,0.02173,0.00554,0.02215,0.00194,0.02734,0.13647,0.43613,0.03231,0.01653,0.00422,0.00211,0.00297,0.0003,0.0024,0.00481,0.00576,0.26707,0.08469,0.02173,0.02293,0.13374,0.0257,0.00166,0.00554,0.43693,0.20724,0.29046,0.26939,0.20724,0.26939,135,1.07,0.96,0.88,0.72,1.01,1.02,1.035,0.98,0.94,0.86,1.005,1.01,reliever,0.9802524991779835,0.889,3.44656,3.36844,3.06399,2.99454,0.09283,0.09116,4.12547,4.10545,2.17264,2.17264,0.00806,674.3017965624999,0.44484,0.55516,R,0.2656,0.26349,0.08788,0.08137,0.01322,0.02854,0.02483,0.02001,0.12796,0.14329,0.02505,0.02918,0.00253,0.00146,0.00434,0.0065,0.44858,0.42616
672282,Reid Detmers,Los,27,309.0,2149.0,1200,0.26422,0.08873,0.0134,0.00829,0.02946,0.00185,0.03332,0.13128,0.42944,0.02461,0.01289,0.00244,0.0019,0.00359,0.00018,0.00276,0.00471,0.006,0.27083,0.08873,0.0134,0.03049,0.12997,0.03232,0.00181,0.00829,0.42415,0.21875,0.29672,0.27896,0.21875,0.27896,108,1.07,0.98,0.94,0.96,1.0,1.05,1.035,0.99,0.97,0.98,1.0,1.025,starter,4.193527777839146,0.934,3.86913,3.85535,3.61376,3.6009,0.1036,0.10342,4.14982,4.14204,1.34034,1.34034,0.00716,1270.2870634375,0.30189,0.69811,L,0.23517,0.27679,0.09112,0.0877,0.01944,0.01079,0.02841,0.02991,0.14136,0.12692,0.02481,0.037,0.00311,0.0013,0.00593,0.00932,0.45065,0.42027
669302,Logan Gilbert,Sea,30,321.0,3195.0,1341,0.26393,0.05591,0.00729,0.00538,0.03174,0.00232,0.03545,0.14552,0.45246,0.02051,0.00868,0.00149,0.00127,0.00364,0.00028,0.00264,0.00489,0.00608,0.28768,0.05451,0.00729,0.03143,0.13824,0.03386,0.00161,0.00538,0.44,0.21991,0.26694,0.28305,0.21991,0.28305,136,0.98,0.9,0.91,0.39,0.95,1.18,0.99,0.95,0.955,0.695,0.975,1.09,starter,5.822827603502213,0.934,3.75519,3.45331,3.50735,3.22539,0.10338,0.09656,4.03593,3.97374,0.72904,0.72904,0.01041,1894.3529568749996,0.47606,0.52394,R,0.28388,0.2458,0.06621,0.04655,0.00527,0.00912,0.03016,0.03318,0.14014,0.1504,0.0341,0.03668,0.00284,0.00185,0.00579,0.005,0.4316,0.47141
593576,Héctor Neris,Hou,38,124.0,920.0,800,0.26386,0.09867,0.01288,0.00463,0.033,0.00235,0.03305,0.12998,0.42159,0.03613,0.01985,0.00356,0.0021,0.00468,0.00039,0.00336,0.0058,0.00741,0.27177,0.09966,0.01288,0.03548,0.12868,0.03255,0.00201,0.00463,0.41234,0.22509,0.31125,0.2836,0.22509,0.2836,117,1.15,0.98,0.97,0.71,1.02,1.06,1.075,0.99,0.985,0.855,1.01,1.03,reliever,0.8895151494624322,0.889,4.21813,4.30798,3.74992,3.8298,0.11103,0.11318,4.22126,4.22939,1.28761,1.28761,0.01199,508.46470343749996,0.46918,0.53082,R,0.27128,0.2573,0.11348,0.08559,0.00753,0.0176,0.02868,0.03682,0.13153,0.12861,0.03054,0.03526,0.00204,0.00262,0.00535,0.004,0.40958,0.4322
641941,Emilio Pagán,Cin,36,62.0,1037.0,1200,0.26354,0.08267,0.00526,0.00935,0.03243,0.00246,0.03444,0.13189,0.43796,0.03364,0.01708,0.00216,0.00283,0.00374,0.00028,0.00277,0.00487,0.00611,0.26749,0.08557,0.00526,0.03616,0.12859,0.03478,0.0021,0.00935,0.4307,0.22408,0.29246,0.27756,0.22408,0.27756,113,1.23,0.95,1.02,0.71,1.07,1.03,1.115,0.975,1.01,0.855,1.035,1.015,reliever,0.9795126706117974,0.889,3.86907,4.04653,3.4396,3.59736,0.10491,0.10921,4.09788,4.11708,0.52606,0.52606,0.00806,608.889711875,0.45362,0.54638,R,0.27922,0.25052,0.09231,0.07467,0.00469,0.00573,0.03446,0.03074,0.1304,0.13312,0.03233,0.03619,0.00264,0.0023,0.0084,0.01014,0.41553,0.45658
554340,Yimi García,Tor,36,90.0,772.0,800,0.2634,0.07681,0.01629,0.00652,0.02665,0.00184,0.03435,0.14043,0.43369,0.03895,0.01912,0.00433,0.00269,0.00431,0.00032,0.00369,0.00608,0.00756,0.25945,0.07605,0.01629,0.02798,0.14043,0.03504,0.00159,0.00652,0.43665,0.22753,0.29737,0.2885,0.22753,0.2885,141,1.1,1.0,1.04,0.72,0.98,0.97,1.05,1.0,1.02,0.86,0.99,0.985,reliever,0.9823721984386805,0.889,3.80271,3.88205,3.38061,3.45114,0.10206,0.10404,4.14002,4.14587,1.62865,1.62865,0.00733,415.7870996874999,0.43792,0.56208,R,0.26046,0.2657,0.10025,0.05856,0.01156,0.01997,0.03246,0.02213,0.12836,0.14984,0.03654,0.03265,0.00211,0.00164,0.00733,0.00589,0.42093,0.44363
595014,Blake Treinen,Los,39,89.0,419.0,1200,0.26324,0.0954,0.01178,0.00523,0.02724,0.00208,0.03266,0.13769,0.42468,0.04419,0.02394,0.00482,0.0031,0.00352,0.00026,0.00277,0.00469,0.00588,0.26456,0.09635,0.01178,0.03132,0.13287,0.03152,0.00174,0.00523,0.42463,0.2227,0.30558,0.28121,0.2227,0.28121,119,1.3,0.93,0.93,0.67,1.02,1.01,1.15,0.965,0.965,0.835,1.01,1.005,reliever,0.8636909039255334,0.889,3.95751,4.04359,3.51822,3.59475,0.10463,0.1071,4.20255,4.19488,1.17758,1.17758,0.00712,281.85149999999993,0.40864,0.59136,R,0.27923,0.25219,0.0899,0.0992,0.015,0.00954,0.0335,0.02291,0.13331,0.14072,0.04055,0.02721,0.00279,0.0016,0.00427,0.00589,0.40145,0.44073
605177,Andrew Chafin,Los,37,143.0,856.0,800,0.26308,0.10857,0.00628,0.00801,0.0192,0.00197,0.0274,0.14398,0.42151,0.03693,0.02118,0.00258,0.00285,0.00366,0.00038,0.00315,0.0059,0.00696,0.26966,0.10857,0.00628,0.01988,0.14254,0.02658,0.00193,0.00801,0.41657,0.21766,0.30576,0.29108,0.21766,0.29108,108,1.07,0.98,0.94,0.96,1.0,1.05,1.035,0.99,0.97,0.98,1.0,1.025,reliever,0.8644227115677443,0.889,3.56893,3.53819,3.17278,3.14545,0.09429,0.09369,4.20584,4.19597,0.62779,0.62779,0.01654,479.1420409374999,0.43463,0.56537,L,0.26838,0.25901,0.11756,0.10165,0.00666,0.00599,0.01681,0.02105,0.13718,0.1492,0.0302,0.02524,0.00204,0.00191,0.00809,0.00795,0.41308,0.428
657585,Reed Garrett,New,34,238.0,621.0,800,0.26281,0.10522,0.00838,0.00515,0.02077,0.002,0.0387,0.13655,0.42041,0.03981,0.02254,0.00344,0.00263,0.00376,0.00031,0.00381,0.00579,0.00726,0.26676,0.10943,0.00838,0.02097,0.13382,0.03734,0.00179,0.00515,0.41635,0.22112,0.31174,0.29349,0.22112,0.29349,121,1.02,0.96,0.93,0.79,1.08,1.03,1.01,0.98,0.965,0.895,1.04,1.015,reliever,1.0138413683902974,0.889,3.8678,3.82796,3.43847,3.40306,0.10156,0.10049,4.23167,4.23242,0.83825,0.83825,0.00949,390.7999790624999,0.45255,0.54745,R,0.25224,0.27156,0.12661,0.08754,0.00553,0.01074,0.02132,0.02031,0.13511,0.13773,0.03449,0.04218,0.00258,0.00152,0.00569,0.00471,0.41641,0.42372
666171,Ryan Zeferjahn,Los,29,141.0,462.0,1200,0.26271,0.1233,0.02376,0.00656,0.02253,0.0021,0.02678,0.1313,0.40096,0.04162,0.02525,0.00654,0.00334,0.00302,0.00025,0.0024,0.00456,0.0055,0.26928,0.1233,0.02376,0.02332,0.12999,0.02597,0.00206,0.00656,0.39576,0.21426,0.3284,0.28535,0.21426,0.28535,108,1.07,0.98,0.94,0.96,1.0,1.05,1.035,0.99,0.97,0.98,1.0,1.025,reliever,1.089295796423326,0.889,4.03736,4.01497,3.58921,3.56931,0.10321,0.10285,4.34627,4.3374,2.37567,2.37567,0.00753,344.8365,0.43202,0.56798,R,0.26296,0.26252,0.12011,0.12573,0.0216,0.02539,0.02138,0.02341,0.12731,0.13433,0.02916,0.02497,0.0031,0.00134,0.00768,0.00571,0.4067,0.39659
573204,Caleb Thielbar,Chi,40,66.0,867.0,1200,0.26254,0.08152,0.00093,0.00792,0.0262,0.00236,0.03116,0.13811,0.44926,0.03578,0.01807,0.00099,0.00282,0.00342,0.00031,0.00257,0.00477,0.00593,0.26647,0.08193,0.00093,0.02607,0.13535,0.02805,0.00258,0.00792,0.4507,0.21123,0.27491,0.26915,0.21123,0.26915,112,0.99,0.96,0.8,1.19,1.01,1.03,0.995,0.98,0.9,1.095,1.005,1.015,reliever,0.8387305671102393,0.889,3.44965,3.29454,3.06673,2.92885,0.0947,0.09112,4.04743,4.01741,0.09252,0.09252,0.00714,519.0495515624999,0.42877,0.57123,L,0.26217,0.26281,0.08142,0.08159,0.00094,0.00092,0.01885,0.03172,0.14093,0.136,0.02845,0.0332,0.00337,0.00159,0.00784,0.00798,0.45602,0.44418
663556,Shane McClanahan,Tam,30,247.0,1357.0,400,0.26237,0.07715,0.00409,0.00123,0.03291,0.00234,0.02915,0.14211,0.44865,0.03103,0.01528,0.00168,0.00091,0.00663,0.00062,0.004,0.00856,0.01062,0.26499,0.076,0.00409,0.03307,0.14069,0.02754,0.00262,0.00123,0.44976,0.22198,0.28402,0.2753,0.22198,0.2753,139,1.01,0.98,0.89,1.24,0.97,1.02,1.005,0.99,0.945,1.12,0.985,1.01,starter,5.0,0.934,3.82635,3.7414,3.57381,3.49447,0.10395,0.10218,4.08987,4.06852,0.40892,0.40892,0.00833,739.1860365625,0.28412,0.71588,L,0.23145,0.27464,0.08488,0.07409,0.00658,0.0031,0.02724,0.03515,0.14951,0.13918,0.03052,0.0286,0.00289,0.00212,0.00168,0.00105,0.46524,0.44206
595345,Steven Okert,Hou,35,117.0,1021.0,1200,0.26226,0.08863,0.01533,0.00773,0.0253,0.002,0.03606,0.12905,0.43364,0.03326,0.01745,0.0037,0.00259,0.00333,0.00024,0.00281,0.0047,0.00597,0.27013,0.08952,0.01533,0.0272,0.12776,0.03552,0.00171,0.00773,0.42511,0.21657,0.29703,0.2796,0.21657,0.2796,117,1.15,0.98,0.97,0.71,1.02,1.06,1.075,0.99,0.985,0.855,1.01,1.03,reliever,0.9767158075136785,0.889,3.71884,3.77244,3.30605,3.3537,0.09981,0.10115,4.13997,4.14386,1.5328,1.5328,0.00583,624.1144178124999,0.41301,0.58699,L,0.26743,0.25862,0.07981,0.09484,0.01755,0.01376,0.02361,0.02649,0.12857,0.12939,0.03548,0.03647,0.00242,0.00171,0.00864,0.00709,0.4365,0.43163
656427,Jack Flaherty,Det,31,293.0,2440.0,1348,0.26201,0.0885,0.01265,0.00501,0.02915,0.00251,0.03947,0.14166,0.41904,0.02241,0.01176,0.00223,0.00139,0.00338,0.00026,0.0028,0.00471,0.00579,0.2607,0.08806,0.01265,0.0293,0.14237,0.03789,0.00319,0.00501,0.42083,0.23789,0.31345,0.30358,0.23789,0.30358,116,1.01,1.01,0.92,1.54,0.99,0.99,1.005,1.005,0.96,1.27,0.995,0.995,starter,5.270486409241672,0.934,4.31891,4.31313,4.03386,4.02846,0.11302,0.11295,4.246,4.24297,1.26493,1.26493,0.00887,1553.0424746874999,0.52057,0.47943,R,0.23887,0.28714,0.10021,0.07578,0.00939,0.01619,0.02912,0.02919,0.14527,0.13775,0.03542,0.04387,0.00367,0.00126,0.00562,0.00434,0.43244,0.40448
687396,Brent Headrick,New,29,132.0,354.0,1200,0.26163,0.08812,0.01354,0.00595,0.02418,0.00223,0.03771,0.13853,0.42811,0.04636,0.02428,0.00554,0.00353,0.00334,0.00032,0.00327,0.00502,0.00622,0.26425,0.09561,0.01354,0.02624,0.13299,0.03639,0.00195,0.00595,0.42309,0.22326,0.30671,0.28823,0.22326,0.28823,147,1.17,0.92,0.93,0.75,1.17,1.02,1.085,0.96,0.965,0.875,1.085,1.01,reliever,1.194740835585906,0.889,3.89273,3.95159,3.46064,3.51296,0.1033,0.1045,4.18718,4.20171,1.35395,1.35395,0.00924,239.74473124999997,0.40503,0.59497,L,0.23513,0.27968,0.08527,0.09006,0.01879,0.00996,0.03003,0.0202,0.14513,0.13403,0.03833,0.03728,0.00256,0.00201,0.0062,0.00578,0.43856,0.421
664849,Danny Young,New,33,37.0,269.0,800,0.26141,0.08902,0.03403,0.00211,0.02359,0.0017,0.03131,0.13974,0.41708,0.05245,0.0276,0.00969,0.00232,0.00407,0.00025,0.00335,0.00587,0.00726,0.26534,0.09258,0.03403,0.02383,0.13694,0.03021,0.00153,0.00211,0.41343,0.22095,0.31912,0.28978,0.22095,0.28978,121,1.02,0.96,0.93,0.79,1.08,1.03,1.01,0.98,0.965,0.895,1.04,1.015,reliever,0.8837126203916785,0.889,4.03648,3.99578,3.58843,3.55225,0.10479,0.10377,4.28003,4.27832,3.4029,3.4029,0.01054,160.53191374999997,0.41294,0.58706,L,0.26673,0.25768,0.09948,0.08167,0.01661,0.04628,0.02234,0.02447,0.14181,0.13828,0.03006,0.03219,0.00227,0.00131,0.00219,0.00205,0.41851,0.41608
664208,Phil Maton,Chi,34,97.0,1165.0,1200,0.26107,0.09132,0.02962,0.00764,0.02528,0.00208,0.03038,0.14002,0.4126,0.03184,0.01696,0.0048,0.00243,0.00339,0.00031,0.00263,0.00456,0.00561,0.26498,0.09177,0.02962,0.02515,0.13722,0.02734,0.00228,0.00764,0.414,0.22042,0.31338,0.28723,0.22042,0.28723,112,0.99,0.96,0.8,1.19,1.01,1.03,0.995,0.98,0.9,1.095,1.005,1.015,reliever,0.9301172368190725,0.889,4.08336,3.91642,3.63011,3.4817,0.10612,0.10257,4.27556,4.24249,2.96194,2.96194,0.00592,692.0840303125,0.42469,0.57531,R,0.23819,0.27796,0.10717,0.07961,0.02538,0.03275,0.02995,0.02182,0.13045,0.14708,0.03733,0.02525,0.00231,0.00191,0.00758,0.00768,0.42163,0.40594
676254,Ryan Walker,San,31,73.0,910.0,1200,0.26095,0.0788,0.02008,0.00565,0.01802,0.00262,0.03249,0.14789,0.4335,0.03417,0.01703,0.00446,0.00233,0.00279,0.00048,0.00284,0.00482,0.00583,0.25703,0.07604,0.02008,0.01604,0.15011,0.03379,0.00307,0.00565,0.43818,0.22602,0.29914,0.29909,0.22602,0.29909,137,0.78,1.03,1.08,1.35,0.93,0.97,0.89,1.015,1.04,1.175,0.965,0.985,reliever,0.9783829584605473,0.889,3.55193,3.51211,3.15767,3.12227,0.09485,0.09389,4.16085,4.15631,2.00769,2.00769,0.00933,580.6731437499999,0.4451,0.5549,R,0.26505,0.25766,0.08371,0.07487,0.02302,0.01771,0.02111,0.01554,0.13345,0.15948,0.03425,0.03108,0.00431,0.00126,0.00445,0.00661,0.43065,0.43579
656638,Alex Lange,Kan,31,128.0,783.0,1200,0.2601,0.12649,0.01956,0.00866,0.02893,0.00237,0.03199,0.12414,0.39777,0.03802,0.02339,0.00471,0.00308,0.00351,0.00026,0.00269,0.00441,0.00558,0.24839,0.12649,0.01956,0.02647,0.12476,0.03503,0.00331,0.00866,0.40733,0.22427,0.33561,0.28592,0.22427,0.28592,118,0.83,1.01,1.19,1.79,1.0,0.91,0.915,1.005,1.095,1.395,1.0,0.955,reliever,1.0145328612361166,0.889,4.43408,4.47084,3.9419,3.97458,0.11273,0.1133,4.37044,4.3845,1.95552,1.95552,0.01889,434.65318968749995,0.45047,0.54953,R,0.26517,0.25594,0.12346,0.12897,0.01318,0.02478,0.03365,0.02506,0.12296,0.12511,0.0351,0.02944,0.00371,0.00128,0.00965,0.00784,0.39312,0.40158
689254,Mason Fluharty,Tor,25,112.0,327.0,800,0.25993,0.0957,0.00952,0.00631,0.02551,0.00237,0.03151,0.13893,0.43022,0.0461,0.02511,0.00481,0.00374,0.00425,0.00038,0.00322,0.00595,0.00742,0.25603,0.09474,0.00952,0.02679,0.13893,0.03214,0.00203,0.00631,0.4335,0.22474,0.30416,0.28537,0.22474,0.28537,141,1.1,1.0,1.04,0.72,0.98,0.97,1.05,1.0,1.02,0.86,0.99,0.985,reliever,0.8786871473635487,0.889,3.82616,3.89452,3.40146,3.46223,0.10164,0.10337,4.18259,4.1863,0.95237,0.95237,0.00667,250.53749999999997,0.45541,0.54459,L,0.28338,0.24032,0.09894,0.09299,0.01009,0.00905,0.02115,0.02915,0.12033,0.15449,0.03504,0.02855,0.00299,0.00184,0.00784,0.00502,0.42023,0.43858
664747,Alexis Díaz,Atl,30,85.0,868.0,800,0.25974,0.11829,0.02835,0.0069,0.02635,0.00231,0.03313,0.12228,0.40264,0.03697,0.02211,0.00539,0.00263,0.00391,0.00027,0.00317,0.00544,0.00687,0.26494,0.1177,0.02835,0.02556,0.12472,0.0323,0.00222,0.0069,0.3973,0.21818,0.33086,0.28613,0.21818,0.28613,144,0.94,1.04,0.95,0.92,0.99,1.04,0.97,1.02,0.975,0.96,0.995,1.02,reliever,0.9503682044617716,0.889,4.29658,4.25599,3.81966,3.78357,0.10969,0.10863,4.3524,4.35333,2.83503,2.83503,0.00954,472.4693921874999,0.43074,0.56926,R,0.25081,0.2665,0.13869,0.10286,0.0272,0.02922,0.02819,0.02497,0.11666,0.12653,0.0348,0.03186,0.00334,0.00153,0.00716,0.00671,0.39314,0.40983
548384,Brooks Raley,New,39,103.0,682.0,1200,0.25891,0.0876,0.02215,0.00601,0.02191,0.00203,0.03237,0.14091,0.42812,0.03948,0.02069,0.00533,0.00273,0.00306,0.00019,0.00262,0.0049,0.00587,0.26279,0.0911,0.02215,0.02213,0.13809,0.03124,0.00181,0.00601,0.42468,0.21944,0.30653,0.28724,0.21944,0.28724,121,1.02,0.96,0.93,0.79,1.08,1.03,1.01,0.98,0.965,0.895,1.04,1.015,reliever,0.8791822296076502,0.889,3.77403,3.72895,3.35511,3.31504,0.09976,0.09864,4.20326,4.20059,2.21471,2.21471,0.00716,394.7955634375,0.37471,0.62529,L,0.27488,0.24933,0.08563,0.08878,0.01794,0.02467,0.02808,0.01821,0.13236,0.14603,0.03369,0.03159,0.00248,0.00175,0.00688,0.00549,0.41807,0.43414
605447,Jordan Romano,Los,34,42.0,797.0,1200,0.25882,0.08987,0.01354,0.00526,0.02888,0.00209,0.03202,0.13661,0.43291,0.03752,0.0199,0.0039,0.00239,0.00352,0.00028,0.00263,0.00479,0.00589,0.26529,0.08987,0.01354,0.02989,0.13524,0.03106,0.00205,0.00526,0.4278,0.22241,0.30166,0.28241,0.22241,0.28241,108,1.07,0.98,0.94,0.96,1.0,1.05,1.035,0.99,0.97,0.98,1.0,1.025,reliever,0.8569092909505809,0.889,3.94963,3.9345,3.51122,3.49777,0.105,0.1048,4.17944,4.17131,1.35418,1.35418,0.00551,452.81677062499995,0.45214,0.54786,R,0.29154,0.23181,0.09451,0.08604,0.00956,0.01682,0.03299,0.02548,0.13012,0.14196,0.03093,0.03293,0.00289,0.00144,0.00429,0.00605,0.40317,0.45746
676962,Ben Brown,Chi,27,220.0,914.0,1200,0.25779,0.07476,0.00792,0.00853,0.03088,0.00252,0.03725,0.14311,0.43724,0.03224,0.01574,0.00281,0.00286,0.00377,0.00027,0.00303,0.00494,0.0062,0.26165,0.07513,0.00792,0.03073,0.14025,0.03352,0.00276,0.00853,0.4395,0.22816,0.29032,0.28657,0.22816,0.28657,112,0.99,0.96,0.8,1.19,1.01,1.03,0.995,0.98,0.9,1.095,1.005,1.015,starter,3.8023043173580904,0.934,4.05292,3.86576,3.78542,3.61062,0.10876,0.10464,4.14043,4.10467,0.79237,0.79237,0.01177,664.35575,0.47935,0.52065,R,0.27382,0.24302,0.08642,0.06402,0.0079,0.00795,0.03736,0.02492,0.14429,0.14203,0.03748,0.03704,0.00231,0.00272,0.00637,0.01051,0.40405,0.46779
623454,Drew Anderson,Det,33,180.0,180.0,800,0.25776,0.08892,0.00722,0.00606,0.02448,0.00202,0.03427,0.13931,0.43995,0.05286,0.02793,0.00524,0.00447,0.00388,0.00023,0.00329,0.0057,0.00711,0.25648,0.08847,0.00722,0.02461,0.14001,0.0329,0.00256,0.00606,0.44169,0.22274,0.29577,0.28432,0.22274,0.28432,116,1.01,1.01,0.92,1.54,0.99,0.99,1.005,1.005,0.96,1.27,0.995,0.995,reliever,1.7777777777777777,0.889,3.70282,3.69706,3.2918,3.28669,0.0994,0.09931,4.13906,4.13641,0.72159,0.72159,0.0077,153.0,0.45,0.55,R,0.25258,0.262,0.08865,0.08913,0.00586,0.00833,0.02467,0.02433,0.14061,0.13825,0.03009,0.03769,0.00254,0.00158,0.0069,0.00538,0.44809,0.43329
670950,Trevor Richards,Chi,34,83.0,985.0,1200,0.25743,0.10486,0.00552,0.0107,0.02611,0.00225,0.03545,0.129,0.42869,0.03474,0.01977,0.00227,0.00309,0.00333,0.00026,0.00278,0.00476,0.00594,0.25356,0.10644,0.00552,0.02571,0.12835,0.03421,0.00194,0.0107,0.43358,0.2168,0.30216,0.27504,0.2168,0.27504,145,0.97,0.99,0.93,0.72,1.03,0.97,0.985,0.995,0.965,0.86,1.015,0.985,reliever,1.274044471004208,0.889,3.85153,3.78834,3.42401,3.36783,0.10237,0.10084,4.18044,4.17433,0.55175,0.55175,0.01717,550.7282865624999,0.42784,0.57216,R,0.23245,0.2761,0.11333,0.09853,0.00591,0.00522,0.02456,0.02726,0.12496,0.13201,0.03721,0.03414,0.00278,0.00186,0.01083,0.01059,0.44798,0.41428
656464,Kevin Ginkel,Ari,33,102.0,892.0,1200,0.25707,0.07688,0.00913,0.01069,0.02604,0.00262,0.03907,0.14033,0.43817,0.03499,0.01732,0.00305,0.00323,0.00352,0.00028,0.00315,0.00493,0.00621,0.24422,0.07611,0.00913,0.025,0.14173,0.042,0.00399,0.01069,0.44712,0.2353,0.29797,0.2957,0.2353,0.2957,109,0.92,1.02,1.15,2.05,0.98,0.9,0.96,1.01,1.075,1.525,0.99,0.95,reliever,0.9382876229939761,0.889,3.83995,3.97564,3.41371,3.53435,0.1034,0.10646,4.12647,4.14938,0.91318,0.91318,0.01055,540.44192125,0.43978,0.56022,R,0.28059,0.23862,0.08689,0.06903,0.00863,0.00953,0.02673,0.02549,0.13664,0.14323,0.03501,0.04226,0.00379,0.0017,0.01027,0.01102,0.41145,0.45913
656529,Sam Hentges,San,30,47.0,606.0,800,0.25696,0.09436,0.00565,0.00388,0.02265,0.00196,0.03593,0.14346,0.43515,0.04235,0.02301,0.00286,0.00231,0.00398,0.00028,0.00374,0.00624,0.00749,0.2531,0.09106,0.00565,0.02016,0.14561,0.03736,0.0023,0.00388,0.44087,0.22842,0.30215,0.29591,0.22842,0.29591,137,0.78,1.03,1.08,1.35,0.93,0.97,0.89,1.015,1.04,1.175,0.965,0.985,reliever,0.8870318876523362,0.889,3.8076,3.72698,3.38496,3.31329,0.10108,0.09921,4.18542,4.17425,0.56503,0.56503,0.00852,320.95057031249996,0.41124,0.58876,L,0.26776,0.24941,0.09599,0.09322,0.0069,0.00478,0.02372,0.02191,0.14573,0.14188,0.03552,0.03622,0.00287,0.00132,0.0048,0.00324,0.41671,0.44803
689147,Orion Kerkering,Phi,26,109.0,646.0,1200,0.25683,0.08806,0.01911,0.0089,0.02151,0.00145,0.03096,0.14352,0.42966,0.03752,0.01976,0.00508,0.00339,0.00316,0.00016,0.0027,0.00494,0.00595,0.26068,0.0863,0.01911,0.02301,0.14567,0.03003,0.00145,0.0089,0.42483,0.226,0.30558,0.29428,0.226,0.29428,143,1.14,1.03,0.94,1.01,0.96,1.03,1.07,1.015,0.97,1.005,0.98,1.015,reliever,0.9222299091718182,0.889,3.68891,3.75809,3.27944,3.34094,0.09785,0.09954,4.18898,4.19487,1.91131,1.91131,0.0088,442.66512499999993,0.41346,0.58654,R,0.2641,0.25171,0.10249,0.07789,0.01674,0.02079,0.02561,0.01861,0.14089,0.14537,0.03101,0.03092,0.00155,0.00138,0.0111,0.00735,0.40651,0.44598
657024,Erik Swanson,Tor,33,30.0,666.0,800,0.25646,0.07972,0.0052,0.00359,0.03172,0.00214,0.03709,0.13863,0.44545,0.04096,0.02063,0.00263,0.00213,0.00483,0.00032,0.0037,0.0063,0.0079,0.25261,0.07892,0.0052,0.03331,0.13863,0.03783,0.00184,0.00359,0.44807,0.23196,0.29573,0.28466,0.23196,0.28466,141,1.1,1.0,1.04,0.72,0.98,0.97,1.05,1.0,1.02,0.86,0.99,0.985,reliever,0.8761122257252956,0.889,4.01262,4.10598,3.56722,3.65021,0.10798,0.1103,4.129,4.13622,0.51959,0.51959,0.00641,353.01693187499995,0.4196,0.5804,R,0.26757,0.24842,0.08708,0.0744,0.00417,0.00594,0.03165,0.03178,0.12918,0.14546,0.03918,0.03559,0.00239,0.00196,0.00361,0.00357,0.43518,0.45288
669062,Erik Miller,San,29,90.0,502.0,1200,0.25573,0.13119,0.0101,0.00614,0.01927,0.00196,0.03292,0.13362,0.40907,0.04132,0.02596,0.00414,0.00313,0.00281,0.00021,0.00278,0.00446,0.00549,0.2519,0.1266,0.0101,0.01715,0.13562,0.03424,0.00231,0.00614,0.41595,0.22087,0.32601,0.29274,0.22087,0.29274,137,0.78,1.03,1.08,1.35,0.93,0.97,0.89,1.015,1.04,1.175,0.965,0.985,reliever,0.8811694245269667,0.889,3.99623,3.90395,3.55265,3.47061,0.10227,0.10036,4.34168,4.32205,1.00964,1.00964,0.00846,343.39149999999995,0.39601,0.60399,L,0.28186,0.2386,0.11939,0.13893,0.0111,0.00944,0.01472,0.02226,0.13891,0.13015,0.03257,0.03316,0.00192,0.00199,0.00593,0.00628,0.39361,0.4192
641154,Pablo López,Min,31,312.0,2621.0,923,0.25567,0.06316,0.01106,0.00577,0.02081,0.00248,0.02928,0.16102,0.45075,0.02298,0.01041,0.00201,0.00145,0.00354,0.00036,0.0029,0.00626,0.00726,0.25184,0.06285,0.01106,0.0205,0.16424,0.03089,0.00228,0.00577,0.45058,0.23677,0.29182,0.30465,0.23677,0.30465,142,0.97,1.04,1.11,0.84,0.99,0.97,0.985,1.02,1.055,0.92,0.995,0.985,starter,5.666127242778186,0.934,3.47475,3.57096,3.24542,3.33528,0.09439,0.09646,4.09021,4.11334,1.10611,1.10611,0.00633,1444.2186162499997,0.49688,0.50312,R,0.22241,0.28852,0.06985,0.05656,0.00907,0.01303,0.02117,0.02045,0.17982,0.14245,0.02925,0.02931,0.00267,0.0023,0.00487,0.00666,0.4609,0.44072
694037,Daniel Palencia,Chi,27,64.0,467.0,1200,0.25554,0.09075,0.01074,0.0048,0.02815,0.00255,0.03386,0.14576,0.42786,0.04258,0.02277,0.0044,0.00285,0.00362,0.00039,0.00285,0.0052,0.00626,0.25937,0.0912,0.01074,0.028,0.14284,0.03048,0.00279,0.0048,0.42977,0.2285,0.30606,0.29066,0.2285,0.29066,112,0.99,0.96,0.8,1.19,1.01,1.03,0.995,0.98,0.9,1.095,1.005,1.015,reliever,1.0367591601708825,0.889,4.16829,3.98886,3.70561,3.54609,0.10942,0.10558,4.23281,4.19776,1.07425,1.07425,0.00985,314.2308687499999,0.45255,0.54745,R,0.25094,0.25933,0.12326,0.06388,0.00676,0.01403,0.03469,0.02273,0.14096,0.14972,0.03495,0.03297,0.0042,0.00118,0.00474,0.00485,0.3995,0.4513
543243,Sonny Gray,Bos,37,233.0,2899.0,1348,0.25526,0.06383,0.00734,0.00458,0.02325,0.00321,0.03524,0.15901,0.44828,0.02096,0.00954,0.00156,0.00123,0.00309,0.00049,0.00277,0.00504,0.00602,0.2527,0.06319,0.00734,0.02139,0.16298,0.03824,0.00305,0.00458,0.44652,0.24399,0.2962,0.31388,0.24399,0.31388,111,0.84,1.05,1.17,0.9,0.98,0.98,0.92,1.025,1.085,0.95,0.99,0.99,starter,5.6635725577338745,0.934,3.74573,3.81499,3.49851,3.5632,0.10117,0.10241,4.11373,4.13894,0.73434,0.73434,0.00641,1764.2912799999997,0.50242,0.49758,R,0.25498,0.25553,0.06667,0.06096,0.0082,0.00648,0.02219,0.02433,0.15487,0.16319,0.03546,0.03502,0.00488,0.00152,0.00427,0.00488,0.44848,0.44809
676395,Robert Garcia,Tex,31,34.0,681.0,1200,0.25505,0.08494,0.00378,0.00477,0.02649,0.00172,0.03123,0.14744,0.44459,0.03763,0.01954,0.00222,0.00243,0.00354,0.00021,0.00277,0.00503,0.00608,0.2576,0.08281,0.00378,0.0253,0.14302,0.02967,0.00154,0.00477,0.45151,0.21959,0.28612,0.27844,0.21959,0.27844,140,0.91,0.94,0.9,0.8,0.95,1.02,0.955,0.97,0.95,0.9,0.975,1.01,reliever,0.8707533175758935,0.889,3.75497,3.49458,3.33816,3.10668,0.10089,0.09516,4.13541,4.08054,0.37794,0.37794,0.00879,443.69266874999994,0.39523,0.60477,L,0.2454,0.26135,0.07474,0.0916,0.00481,0.00311,0.02608,0.02676,0.13948,0.15264,0.03412,0.02934,0.00239,0.00128,0.00556,0.00425,0.46743,0.42966
673540,Kodai Senga,New,34,97.0,1293.0,1200,0.25457,0.10896,0.00792,0.00483,0.02574,0.0027,0.03299,0.13534,0.42695,0.02965,0.01722,0.00239,0.00184,0.00329,0.00031,0.00263,0.00477,0.00583,0.25839,0.11332,0.00792,0.026,0.13263,0.03183,0.00242,0.00483,0.42266,0.22071,0.31413,0.28308,0.22071,0.28308,121,1.02,0.96,0.93,0.79,1.08,1.03,1.01,0.98,0.965,0.895,1.04,1.015,starter,4.965723352898857,0.934,4.02739,3.99729,3.76158,3.73347,0.10543,0.10457,4.24423,4.24714,0.79214,0.79214,0.01139,792.9673375,0.50313,0.49687,R,0.24742,0.26181,0.12523,0.09249,0.00615,0.00971,0.02509,0.0264,0.13996,0.13066,0.02924,0.03678,0.00296,0.00244,0.00472,0.00494,0.41923,0.43477
592332,Kevin Gausman,Tor,36,325.0,3344.0,1541,0.25422,0.06268,0.00318,0.00457,0.02517,0.00276,0.03683,0.14324,0.46737,0.01966,0.00889,0.00096,0.00115,0.00293,0.00028,0.0027,0.00455,0.00558,0.25041,0.06205,0.00318,0.02642,0.14324,0.03757,0.00237,0.00457,0.4702,0.22533,0.27483,0.28036,0.22533,0.28036,141,1.1,1.0,1.04,0.72,0.98,0.97,1.05,1.0,1.02,0.86,0.99,0.985,starter,5.8964231894648265,0.934,3.45612,3.52661,3.22801,3.29386,0.09573,0.09755,4.01156,4.01699,0.31764,0.31764,0.00413,2020.4431203124996,0.50486,0.49514,R,0.23758,0.27119,0.06461,0.06071,0.00193,0.00445,0.02401,0.02634,0.13466,0.15198,0.03864,0.03499,0.00377,0.00173,0.00539,0.00373,0.48942,0.44488
669203,Corbin Burnes,Ari,32,265.0,2630.0,975,0.254,0.07431,0.00992,0.00466,0.02258,0.00245,0.03203,0.14622,0.45384,0.02299,0.01125,0.0019,0.0013,0.00367,0.00031,0.00307,0.00548,0.00671,0.2413,0.07356,0.00992,0.02168,0.14768,0.03443,0.00373,0.00466,0.46303,0.22759,0.29101,0.28642,0.22759,0.28642,109,0.92,1.02,1.15,2.05,0.98,0.9,0.96,1.01,1.075,1.525,0.99,0.95,starter,6.0100086121911875,0.934,3.50522,3.6254,3.27387,3.38613,0.09526,0.09804,4.08844,4.10864,0.99174,0.99174,0.00964,1435.8225340625,0.48279,0.51721,R,0.2613,0.24718,0.08545,0.0639,0.00795,0.01176,0.0169,0.02788,0.14314,0.1491,0.03041,0.03354,0.00361,0.00136,0.00509,0.00427,0.44615,0.46101
642397,Gregory Soto,Pit,32,111.0,1147.0,1200,0.25368,0.09868,0.02516,0.00775,0.01626,0.00162,0.02833,0.14113,0.42739,0.03152,0.01755,0.00447,0.00246,0.00259,0.00036,0.00253,0.00455,0.00549,0.25115,0.09819,0.02516,0.01471,0.14254,0.03074,0.00145,0.00775,0.42831,0.21802,0.31279,0.28975,0.21802,0.28975,134,0.81,1.02,1.17,0.79,0.99,0.98,0.905,1.01,1.085,0.895,0.995,0.99,reliever,0.8704444473978006,0.889,3.54053,3.55286,3.14753,3.15849,0.09302,0.09313,4.22896,4.23888,2.51639,2.51639,0.01699,692.9700596875,0.39329,0.60671,L,0.24774,0.25754,0.09071,0.10384,0.02627,0.02445,0.01994,0.01387,0.1269,0.15035,0.02721,0.02905,0.00173,0.00155,0.00665,0.00846,0.45285,0.41088
665660,Elvis Alvarado,Ath,28,56.0,239.0,800,0.25356,0.10411,0.00902,0.00228,0.03442,0.00244,0.03454,0.12858,0.43106,0.05039,0.02872,0.00528,0.00251,0.00465,0.00039,0.00334,0.00557,0.0072,0.23581,0.11452,0.00902,0.03718,0.13501,0.03834,0.00223,0.00228,0.42562,0.24337,0.33629,0.29204,0.24337,0.29204,133,1.16,1.1,1.22,0.83,1.2,0.86,1.08,1.05,1.11,0.915,1.1,0.93,reliever,1.1280051742794173,0.889,4.35991,5.02791,3.87596,4.46981,0.11423,0.12729,4.24079,4.38893,0.90161,0.90161,0.0082,179.81749999999997,0.42369,0.57631,R,0.29498,0.2231,0.11373,0.09703,0.01065,0.00781,0.04163,0.02913,0.12896,0.12829,0.03298,0.03569,0.00316,0.0019,0.0023,0.00227,0.37159,0.47478
669022,MacKenzie Gore,Tex,28,283.0,2585.0,1305,0.25343,0.09613,0.00896,0.00696,0.0244,0.00206,0.03484,0.15159,0.42164,0.02174,0.01196,0.00182,0.0016,0.0032,0.00025,0.00277,0.00495,0.00585,0.25596,0.09373,0.00896,0.02331,0.14704,0.0331,0.00185,0.00696,0.4291,0.23057,0.30798,0.29781,0.23057,0.29781,140,0.91,0.94,0.9,0.8,0.95,1.02,0.955,0.97,0.95,0.9,0.975,1.01,starter,5.225518299898479,0.934,4.15847,3.87419,3.88401,3.61849,0.10818,0.10226,4.27113,4.20943,0.89591,0.89591,0.01261,1621.6879540624998,0.27244,0.72756,L,0.2496,0.25486,0.10997,0.09095,0.0065,0.00988,0.02291,0.02496,0.15353,0.15086,0.03404,0.03514,0.00356,0.00149,0.00468,0.00781,0.41521,0.42404
670036,Matt Festa,Cle,34,122.0,710.0,1200,0.25331,0.08243,0.01503,0.00701,0.02461,0.0019,0.03288,0.1418,0.44102,0.03741,0.01921,0.00433,0.00289,0.0034,0.00025,0.0028,0.00499,0.00613,0.25965,0.08366,0.01503,0.02387,0.14039,0.03354,0.00143,0.00701,0.43542,0.22278,0.29792,0.28711,0.22278,0.28711,114,0.94,0.98,1.04,0.51,1.03,1.05,0.97,0.99,1.02,0.755,1.015,1.025,reliever,0.9789707596422683,0.889,3.75081,3.69231,3.33447,3.28246,0.10034,0.09888,4.15343,4.14913,1.50331,1.50331,0.00633,448.0152321875,0.43519,0.56481,R,0.2321,0.26966,0.09297,0.0743,0.01414,0.01572,0.0272,0.02261,0.13908,0.1439,0.03302,0.03278,0.00247,0.00146,0.00541,0.00825,0.45361,0.43132
669199,Lake Bachar,Mia,32,135.0,471.0,1200,0.25269,0.09137,0.01066,0.00985,0.03275,0.00282,0.0347,0.12638,0.43879,0.04075,0.02194,0.00437,0.00406,0.00368,0.00032,0.00261,0.00453,0.0059,0.2489,0.09137,0.01066,0.03062,0.12701,0.03574,0.00332,0.00985,0.44254,0.22146,0.29872,0.27286,0.22146,0.27286,146,0.87,1.01,1.06,1.35,1.0,0.97,0.935,1.005,1.03,1.175,1.0,0.985,reliever,1.4402414856227257,0.889,4.04584,4.00067,3.59676,3.55659,0.10823,0.10701,4.15359,4.15381,1.06645,1.06645,0.01076,353.17499999999995,0.47243,0.52757,R,0.24397,0.26049,0.11065,0.0741,0.00928,0.01191,0.02587,0.0389,0.12582,0.12687,0.03347,0.0358,0.00437,0.00144,0.0087,0.01087,0.43786,0.43962
458677,Justin Wilson,Bos,39,207.0,429.0,800,0.25252,0.08053,0.00958,0.00696,0.02182,0.00167,0.03287,0.15523,0.43882,0.04388,0.02232,0.00431,0.00354,0.00404,0.00023,0.0035,0.00643,0.00764,0.24999,0.07973,0.00958,0.02007,0.15911,0.03567,0.00159,0.00696,0.4373,0.23949,0.30575,0.30989,0.23949,0.30989,111,0.84,1.05,1.17,0.9,0.98,0.98,0.92,1.025,1.085,0.95,0.99,0.99,reliever,0.7857813103714743,0.889,3.75021,3.81867,3.33394,3.39479,0.09989,0.10112,4.17159,4.19587,0.95798,0.95798,0.0102,277.90962499999995,0.44156,0.55844,L,0.25204,0.25289,0.08005,0.08092,0.00934,0.00977,0.02336,0.0206,0.15166,0.15805,0.02972,0.03537,0.00215,0.00129,0.00781,0.00628,0.44386,0.43484
453286,Max Scherzer,Tor,42,84.0,1805.0,1200,0.25249,0.06548,0.01054,0.0051,0.03555,0.00323,0.03798,0.13672,0.45291,0.02679,0.01239,0.00235,0.00162,0.00405,0.0004,0.00305,0.00515,0.00656,0.2487,0.06482,0.01054,0.03733,0.13672,0.03874,0.00278,0.0051,0.45527,0.23442,0.29093,0.28134,0.23442,0.28134,141,1.1,1.0,1.04,0.72,0.98,0.97,1.05,1.0,1.02,0.86,0.99,0.985,starter,4.759114060539028,0.934,4.1291,4.229,3.85658,3.94988,0.1119,0.11438,4.0999,4.10817,1.05444,1.05444,0.00564,1013.6145078124998,0.51893,0.48107,R,0.22352,0.28374,0.08389,0.04561,0.01071,0.01037,0.03921,0.03161,0.1268,0.14741,0.03969,0.03614,0.00387,0.00253,0.00487,0.00535,0.46745,0.43723
667297,Tommy Nance,Tor,36,89.0,504.0,1200,0.25193,0.08506,0.01177,0.00452,0.02376,0.00186,0.03472,0.14362,0.44275,0.04254,0.0222,0.00446,0.00268,0.00316,0.00023,0.00298,0.00488,0.00602,0.24816,0.08421,0.01177,0.02495,0.14362,0.03541,0.0016,0.00452,0.44576,0.22855,0.30157,0.28837,0.22855,0.28837,141,1.1,1.0,1.04,0.72,0.98,0.97,1.05,1.0,1.02,0.86,0.99,0.985,reliever,1.0637615051506584,0.889,3.79033,3.86041,3.3696,3.4319,0.10109,0.10284,4.16616,4.17076,1.17742,1.17742,0.01188,310.76486624999995,0.40354,0.59646,R,0.27134,0.23881,0.10061,0.07454,0.01081,0.01243,0.02676,0.02173,0.13105,0.15212,0.03403,0.03518,0.00291,0.00115,0.00367,0.00509,0.41882,0.45895
681676,Ryan Fernandez,St.,29,43.0,468.0,1200,0.25181,0.10363,0.00707,0.0065,0.02571,0.00219,0.02959,0.14012,0.43338,0.04245,0.0242,0.00358,0.00331,0.00341,0.00041,0.00256,0.00469,0.00574,0.23922,0.09949,0.00707,0.02314,0.14572,0.03048,0.00188,0.0065,0.4465,0.22687,0.30778,0.28512,0.22687,0.28512,138,0.8,1.08,1.06,0.72,0.92,0.9,0.9,1.04,1.03,0.86,0.96,0.95,reliever,1.0713387175615197,0.889,3.88795,3.82693,3.45638,3.40214,0.10258,0.10104,4.21144,4.20821,0.70732,0.70732,0.00635,312.725625,0.41317,0.58683,R,0.26249,0.2443,0.12021,0.09196,0.00745,0.00681,0.02831,0.02388,0.12923,0.14778,0.02877,0.03018,0.00259,0.0019,0.0073,0.00593,0.41365,0.44727
571946,Shelby Miller,Mil,36,186.0,604.0,800,0.25174,0.0817,0.01736,0.0108,0.02791,0.00257,0.03105,0.14064,0.43623,0.04,0.0205,0.00499,0.00384,0.00446,0.00036,0.00303,0.00605,0.00742,0.26433,0.08374,0.01736,0.02818,0.13783,0.02903,0.00248,0.0108,0.42624,0.22242,0.29863,0.28433,0.22242,0.28433,158,1.02,0.96,0.87,0.93,1.05,1.1,1.01,0.98,0.935,0.965,1.025,1.05,reliever,1.0258577920660434,0.889,3.91291,3.81262,3.47857,3.38942,0.10429,0.102,4.16876,4.15331,1.73628,1.73628,0.00701,370.961303125,0.45827,0.54173,R,0.28249,0.22573,0.0989,0.06715,0.01091,0.02283,0.02972,0.02637,0.11292,0.1641,0.02835,0.03333,0.00325,0.00199,0.0117,0.01004,0.42176,0.44847
690925,Clayton Beeter,Was,28,84.0,203.0,1200,0.25173,0.12154,0.01016,0.00873,0.02672,0.00217,0.03358,0.12975,0.41563,0.05221,0.03192,0.00595,0.00517,0.0035,0.00027,0.00281,0.00451,0.00576,0.24417,0.11911,0.01016,0.02672,0.13365,0.03324,0.00213,0.00873,0.4221,0.22706,0.325,0.28593,0.22706,0.28593,120,1.0,1.06,0.98,0.96,0.96,0.94,1.0,1.03,0.99,0.98,0.98,0.97,reliever,1.0337501457400344,0.889,4.21811,4.26156,3.7499,3.78852,0.10878,0.10972,4.30865,4.31556,1.0163,1.0163,0.01443,146.53999999999996,0.45906,0.54094,R,0.22895,0.27106,0.14128,0.10478,0.00951,0.01072,0.02749,0.02606,0.13038,0.12922,0.03507,0.03231,0.00272,0.00171,0.00875,0.00871,0.41585,0.41544
680694,Kyle Bradish,Bal,30,302.0,1771.0,1200,0.25142,0.08766,0.01128,0.00413,0.02609,0.00222,0.03025,0.14473,0.44221,0.02663,0.0141,0.00245,0.00148,0.00347,0.00028,0.00271,0.00492,0.00611,0.24891,0.08459,0.01128,0.02727,0.14762,0.0304,0.00246,0.00413,0.44334,0.23083,0.30361,0.28931,0.23083,0.28931,110,1.09,1.04,1.01,1.21,0.93,0.98,1.045,1.02,1.005,1.105,0.965,0.99,starter,5.238568913313149,0.934,3.8464,3.94597,3.59254,3.68554,0.10237,0.10481,4.17473,4.18303,1.12783,1.12783,0.0107,1023.9495728124998,0.53603,0.46397,R,0.25667,0.24536,0.10058,0.07273,0.01028,0.01243,0.02385,0.02868,0.1377,0.15284,0.03109,0.02928,0.00282,0.00153,0.00414,0.00413,0.43286,0.45301
676760,Ron Marinaccio,San,31,140.0,667.0,1200,0.25117,0.10004,0.02393,0.00866,0.02302,0.00177,0.03683,0.13661,0.41797,0.03899,0.0219,0.00559,0.0033,0.00328,0.00019,0.00314,0.0048,0.00599,0.25368,0.10054,0.02393,0.02382,0.13388,0.03462,0.00153,0.00866,0.41934,0.22362,0.31832,0.28849,0.22362,0.28849,135,1.07,0.96,0.88,0.72,1.01,1.02,1.035,0.98,0.94,0.86,1.005,1.01,reliever,1.5264569305677036,0.889,4.14229,4.04147,3.6825,3.59286,0.10709,0.10508,4.29773,4.27324,2.39306,2.39306,0.01079,397.46531781249996,0.45946,0.54054,R,0.25302,0.2496,0.11212,0.08976,0.01809,0.02889,0.02113,0.02462,0.13783,0.13557,0.03351,0.03966,0.00279,0.00091,0.00511,0.01169,0.4164,0.4193
605400,Aaron Nola,Phi,34,287.0,3111.0,1396,0.25108,0.06041,0.0056,0.00304,0.02732,0.00246,0.03396,0.15555,0.46058,0.0206,0.00919,0.00132,0.00097,0.00331,0.00025,0.0026,0.00494,0.00598,0.25485,0.0592,0.0056,0.02924,0.15788,0.03294,0.00247,0.00304,0.45478,0.23873,0.28733,0.29826,0.23873,0.29826,143,1.14,1.03,0.94,1.01,0.96,1.03,1.07,1.015,0.97,1.005,0.98,1.015,starter,5.6855108844702285,0.934,3.73987,3.84038,3.49304,3.58692,0.10195,0.10439,4.07584,4.08745,0.5602,0.5602,0.00401,1811.4436434375,0.52893,0.47107,R,0.23171,0.27283,0.076,0.0429,0.00559,0.00562,0.03017,0.02413,0.1481,0.16392,0.03229,0.03583,0.00275,0.00213,0.0036,0.00241,0.46978,0.45024
579328,Yusei Kikuchi,Los,36,142.0,2804.0,1433,0.251,0.08427,0.00689,0.00541,0.02544,0.00216,0.03911,0.14857,0.43714,0.02122,0.01104,0.00154,0.00136,0.00319,0.0002,0.0029,0.00464,0.00573,0.25728,0.08427,0.00689,0.02633,0.14709,0.03793,0.00212,0.00541,0.43268,0.23629,0.30463,0.30193,0.23629,0.30193,108,1.07,0.98,0.94,0.96,1.0,1.05,1.035,0.99,0.97,0.98,1.0,1.025,starter,5.341415704920189,0.934,4.06212,4.02977,3.79402,3.7638,0.10746,0.10688,4.20008,4.18914,0.68919,0.68919,0.00902,1697.3125868749999,0.22595,0.77405,L,0.26152,0.24793,0.07763,0.08621,0.01203,0.00539,0.01976,0.02709,0.14482,0.14967,0.03547,0.04017,0.00338,0.00181,0.00426,0.00574,0.44113,0.43598
455119,Chris Martin,Tex,41,49.0,827.0,1200,0.2509,0.04466,0.00758,0.0072,0.02368,0.00202,0.03562,0.16284,0.4655,0.03629,0.01404,0.00288,0.00275,0.0034,0.00019,0.00296,0.0056,0.00655,0.25341,0.04354,0.00758,0.02262,0.15795,0.03383,0.00182,0.0072,0.47204,0.22961,0.26735,0.29085,0.22961,0.29085,140,0.91,0.94,0.9,0.8,0.95,1.02,0.955,0.97,0.95,0.9,0.975,1.01,reliever,0.9131381644677872,0.889,3.51338,3.26729,3.12339,2.90462,0.09697,0.09131,4.02569,3.97596,0.75812,0.75812,0.0104,481.6204390624999,0.43615,0.56385,R,0.24946,0.25201,0.06292,0.03054,0.00561,0.00911,0.02195,0.02502,0.15595,0.16817,0.03628,0.0351,0.00302,0.00124,0.00775,0.00678,0.45707,0.47202
663158,Robert Suarez,Atl,36,111.0,937.0,1200,0.25081,0.07134,0.00676,0.00361,0.0211,0.00244,0.03505,0.15233,0.45656,0.03356,0.01618,0.00257,0.00184,0.00315,0.00031,0.00288,0.00532,0.00631,0.25583,0.07098,0.00676,0.02047,0.15537,0.03418,0.00234,0.00361,0.45046,0.23116,0.2901,0.29873,0.23116,0.29873,144,0.94,1.04,0.95,0.92,0.99,1.04,0.97,1.02,0.975,0.96,0.995,1.02,reliever,1.002944574745985,0.889,3.55518,3.54073,3.16056,3.14771,0.09641,0.09588,4.09712,4.10337,0.67612,0.67612,0.00675,588.2711396875,0.48568,0.51432,R,0.25489,0.24696,0.08884,0.05481,0.00648,0.00703,0.01979,0.02234,0.14198,0.16209,0.0343,0.03577,0.00334,0.00158,0.00391,0.00333,0.44648,0.46608
669165,Kyle Hurt,Los,29,83.0,116.0,800,0.25081,0.07931,0.00957,0.00347,0.02281,0.00245,0.03263,0.14806,0.45087,0.05883,0.02978,0.00694,0.00382,0.00407,0.00042,0.00324,0.00606,0.0074,0.25207,0.0801,0.00957,0.02623,0.14288,0.03149,0.00204,0.00347,0.45213,0.22347,0.29233,0.28067,0.22347,0.28067,119,1.3,0.93,0.93,0.67,1.02,1.01,1.15,0.965,0.965,0.835,1.01,1.005,reliever,1.228032422351338,0.889,3.65678,3.69133,3.25088,3.28159,0.09836,0.09964,4.13099,4.11632,0.95721,0.95721,0.0072,87.13137499999999,0.41935,0.58065,R,0.25575,0.24725,0.09281,0.06956,0.00791,0.01077,0.0221,0.02333,0.13269,0.15917,0.03198,0.03311,0.00317,0.00192,0.00348,0.00346,0.4501,0.45143
625643,Reynaldo López,Atl,33,166.0,1266.0,1200,0.25065,0.08624,0.00437,0.00925,0.02823,0.00297,0.03591,0.14781,0.43458,0.03038,0.01598,0.0018,0.00257,0.00372,0.00051,0.00296,0.0051,0.00639,0.25566,0.08581,0.00437,0.02738,0.15077,0.03501,0.00285,0.00925,0.4289,0.23986,0.30619,0.30545,0.23986,0.30545,144,0.94,1.04,0.95,0.92,0.99,1.04,0.97,1.02,0.975,0.96,0.995,1.02,starter,4.482727227797885,0.934,4.1188,4.08739,3.84696,3.81762,0.1091,0.10817,4.19454,4.19854,0.43656,0.43656,0.00806,750.4512618749999,0.51285,0.48715,R,0.24262,0.2591,0.12215,0.04845,0.0028,0.00602,0.02842,0.02802,0.14713,0.14853,0.03368,0.03826,0.00388,0.00201,0.00883,0.00969,0.4105,0.45992
573124,Taylor Rogers,Min,36,112.0,1072.0,1200,0.25038,0.08843,0.01812,0.01075,0.02663,0.00254,0.03543,0.13496,0.43275,0.03238,0.01723,0.00393,0.00299,0.00351,0.00036,0.00296,0.00471,0.00602,0.24662,0.08799,0.01812,0.02623,0.13765,0.03738,0.00234,0.01075,0.4329,0.23055,0.30972,0.29065,0.23055,0.29065,142,0.97,1.04,1.11,0.84,0.99,0.97,0.985,1.02,1.055,0.92,0.995,0.985,reliever,0.9042718092234021,0.889,3.99143,4.0855,3.54838,3.63201,0.10564,0.10757,4.19813,4.22004,1.81216,1.81216,0.0056,642.118230625,0.45396,0.54604,L,0.28467,0.22187,0.09982,0.07897,0.01495,0.02075,0.01864,0.03327,0.13269,0.13684,0.03283,0.0376,0.00263,0.00247,0.00786,0.01316,0.4059,0.45507
666661,Juan Morillo,Ari,28,108.0,260.0,800,0.25016,0.10321,0.0114,0.00742,0.01634,0.0021,0.03125,0.14652,0.4316,0.04859,0.02771,0.00575,0.0044,0.00332,0.00028,0.00322,0.00572,0.00689,0.23766,0.10218,0.0114,0.01569,0.14798,0.03359,0.0032,0.00742,0.44088,0.22805,0.31404,0.29533,0.22805,0.29533,109,0.92,1.02,1.15,2.05,0.98,0.9,0.96,1.01,1.075,1.525,0.99,0.95,reliever,0.8638832216772053,0.889,3.61771,3.74152,3.21615,3.32621,0.0951,0.0979,4.22674,4.24661,1.14004,1.14004,0.00993,201.62,0.46522,0.53478,R,0.27472,0.22881,0.1195,0.08904,0.00939,0.01315,0.01348,0.01882,0.13969,0.15246,0.03082,0.03163,0.00274,0.00154,0.00714,0.00767,0.40253,0.45689
594027,Tyron Guerrero,Bos,36,31.0,31.0,400,0.25009,0.07565,0.00789,0.00543,0.01835,0.00221,0.03674,0.15245,0.45119,0.0686,0.03401,0.00836,0.00596,0.00514,0.00058,0.00526,0.00943,0.01129,0.24759,0.0749,0.00789,0.01688,0.15626,0.03986,0.0021,0.00543,0.44909,0.23592,0.2979,0.30623,0.23592,0.30623,111,0.84,1.05,1.17,0.9,0.98,0.98,0.92,1.025,1.085,0.95,0.99,0.99,reliever,0.9166666666666666,0.889,3.54047,3.6318,3.14747,3.22867,0.09544,0.09726,4.12197,4.14897,0.7893,0.7893,0.0079,26.349999999999998,0.41991,0.58009,R,0.25009,0.25009,0.07565,0.07565,0.00789,0.00789,0.01835,0.01835,0.15245,0.15245,0.03674,0.03674,0.00221,0.00221,0.00543,0.00543,0.45119,0.45119
592662,Robbie Ray,San,35,290.0,1968.0,1302,0.25009,0.0983,0.00873,0.0071,0.02761,0.00243,0.03443,0.13387,0.43744,0.02457,0.01371,0.00205,0.00184,0.0033,0.00022,0.00259,0.00473,0.0059,0.24634,0.09486,0.00873,0.02457,0.13588,0.03581,0.00285,0.0071,0.44386,0.22389,0.3027,0.28224,0.22389,0.28224,137,0.78,1.03,1.08,1.35,0.93,0.97,0.89,1.015,1.04,1.175,0.965,0.985,starter,5.442511484667624,0.934,3.97745,3.86086,3.71494,3.60605,0.10538,0.10269,4.19359,4.17755,0.87286,0.87286,0.00949,1215.0812421874998,0.25182,0.74818,L,0.23783,0.25422,0.08984,0.10115,0.01257,0.00743,0.02005,0.03016,0.13781,0.13254,0.03382,0.03464,0.00418,0.00184,0.00491,0.00783,0.45899,0.43019
665795,Edward Cabrera,Chi,29,247.0,1971.0,1200,0.24992,0.10403,0.01457,0.00422,0.02683,0.00217,0.03216,0.14859,0.41751,0.02441,0.01398,0.00264,0.00142,0.00348,0.00024,0.00262,0.00501,0.0061,0.25367,0.10455,0.01457,0.02669,0.14562,0.02894,0.00238,0.00422,0.41936,0.23229,0.32276,0.29674,0.23229,0.29674,112,0.99,0.96,0.8,1.19,1.01,1.03,0.995,0.98,0.9,1.095,1.005,1.015,starter,5.146241814274775,0.934,4.39606,4.2151,4.10592,3.93691,0.11262,0.10889,4.33709,4.30126,1.45666,1.45666,0.00692,1242.0957084375,0.51591,0.48409,R,0.22747,0.27385,0.11273,0.09477,0.01235,0.01693,0.02536,0.02839,0.14889,0.14828,0.02965,0.03484,0.00282,0.00148,0.00415,0.00429,0.43658,0.39718
668909,Gavin Williams,Cle,27,345.0,1726.0,1272,0.24991,0.10123,0.00713,0.00424,0.02791,0.00305,0.03621,0.13652,0.43381,0.02492,0.0141,0.00198,0.00151,0.00343,0.00046,0.00274,0.00471,0.00587,0.25615,0.10274,0.00713,0.02707,0.13515,0.03693,0.0023,0.00424,0.42827,0.22741,0.31134,0.28937,0.22741,0.28937,114,0.94,0.98,1.04,0.51,1.03,1.05,0.97,0.99,1.02,0.755,1.015,1.025,starter,5.5198281773433315,0.934,4.16751,4.09712,3.89246,3.82671,0.10936,0.10762,4.23429,4.22994,0.71296,0.71296,0.0094,1185.87165625,0.52625,0.47375,R,0.25731,0.24169,0.11036,0.09108,0.00658,0.00773,0.03111,0.02435,0.11174,0.16404,0.03599,0.03646,0.00268,0.00346,0.00475,0.00367,0.43948,0.42751
592773,Ryne Stanek,St.,35,119.0,1052.0,1200,0.24974,0.11459,0.00519,0.00582,0.02852,0.00207,0.03372,0.1332,0.42715,0.03231,0.01931,0.00213,0.00222,0.00353,0.00024,0.00271,0.00478,0.00601,0.23725,0.11001,0.00519,0.02567,0.13853,0.03473,0.00178,0.00582,0.44102,0.22834,0.31591,0.28413,0.22834,0.28413,138,0.8,1.08,1.06,0.72,0.92,0.9,0.9,1.04,1.03,0.86,0.96,0.95,reliever,0.8754558887117156,0.889,4.18978,4.10208,3.72472,3.64675,0.1091,0.10704,4.26683,4.25818,0.51909,0.51909,0.01199,643.9689462499999,0.43804,0.56196,R,0.23975,0.25753,0.11751,0.11232,0.00511,0.00526,0.02644,0.03014,0.13784,0.12958,0.03375,0.03369,0.00224,0.00194,0.00588,0.00577,0.43148,0.42377
693855,Ian Seymour,Tam,28,148.0,390.0,800,0.24952,0.08836,0.01037,0.01141,0.02578,0.00175,0.0293,0.14543,0.43807,0.04288,0.02284,0.00467,0.0047,0.00421,0.00026,0.00325,0.00627,0.00745,0.25201,0.08703,0.01037,0.02591,0.14397,0.02769,0.00197,0.01141,0.43963,0.2239,0.29695,0.28312,0.2239,0.28312,139,1.01,0.98,0.89,1.24,0.97,1.02,1.005,0.99,0.945,1.12,0.985,1.01,reliever,2.2854448216940724,0.889,3.78785,3.69269,3.3674,3.2828,0.10099,0.09903,4.16738,4.14336,1.03747,1.03747,0.00738,300.645,0.37797,0.62203,L,0.27184,0.23595,0.07663,0.09549,0.01111,0.00993,0.03239,0.02176,0.13266,0.15319,0.02863,0.02971,0.00279,0.00113,0.00894,0.01291,0.435,0.43994
677952,Braxton Ashcraft,Pit,27,322.0,614.0,800,0.24942,0.06977,0.01279,0.00929,0.01843,0.00188,0.03387,0.15514,0.44941,0.03613,0.01727,0.00426,0.00354,0.00341,0.00037,0.00345,0.00648,0.00758,0.24693,0.06942,0.01279,0.01668,0.15669,0.03675,0.00168,0.00929,0.44977,0.23313,0.29401,0.30256,0.23313,0.30256,134,0.81,1.02,1.17,0.79,0.99,0.98,0.905,1.01,1.085,0.895,0.995,0.99,starter,4.657750925421632,0.934,3.48424,3.50444,3.25428,3.27315,0.09411,0.09437,4.11368,4.12611,1.27898,1.27898,0.00523,484.66999999999996,0.46929,0.53071,R,0.27538,0.22647,0.0847,0.05657,0.01598,0.00997,0.02117,0.01601,0.14402,0.16497,0.03387,0.03387,0.00227,0.00154,0.00939,0.0092,0.41323,0.48141
683003,Jared Jones,Pit,25,42.0,546.0,800,0.24932,0.08045,0.00939,0.00724,0.02834,0.00275,0.03892,0.14219,0.44141,0.04089,0.02088,0.00385,0.00328,0.00441,0.00036,0.00375,0.00613,0.00769,0.24683,0.08005,0.00939,0.02565,0.14361,0.04223,0.00246,0.00724,0.44256,0.23684,0.30338,0.29847,0.23684,0.29847,134,0.81,1.02,1.17,0.79,0.99,0.98,0.905,1.01,1.085,0.895,0.995,0.99,starter,5.447406965918343,0.934,4.08755,4.06233,3.81777,3.79422,0.10882,0.10794,4.17355,4.18162,0.93868,0.93868,0.00808,345.21899999999994,0.47721,0.52279,R,0.2695,0.23089,0.09087,0.07095,0.00829,0.01039,0.02893,0.0278,0.13914,0.14497,0.04177,0.03632,0.00373,0.00185,0.00598,0.00838,0.41179,0.46845
686752,Ryan Pepiot,Tam,29,679.0,1537.0,845,0.24897,0.0894,0.01229,0.00351,0.02473,0.00326,0.03285,0.1356,0.44937,0.02711,0.01453,0.00274,0.00145,0.00378,0.00055,0.00313,0.00574,0.00708,0.25146,0.08806,0.01229,0.02485,0.13424,0.03105,0.00366,0.00351,0.45087,0.21626,0.29415,0.27257,0.21626,0.27257,139,1.01,0.98,0.89,1.24,0.97,1.02,1.005,0.99,0.945,1.12,0.985,1.01,starter,5.246287455626638,0.934,3.75166,3.66015,3.50405,3.41858,0.10044,0.09854,4.15042,4.12697,1.2292,1.2292,0.00727,975.5827187499999,0.50635,0.49365,R,0.26012,0.23753,0.1077,0.07064,0.01194,0.01265,0.02262,0.02689,0.11769,0.15397,0.03145,0.03429,0.00383,0.00268,0.00322,0.00382,0.44143,0.45752
690986,Kyle Harrison,Mil,25,246.0,1081.0,1200,0.24855,0.07934,0.01367,0.00651,0.02867,0.00252,0.03661,0.14972,0.4344,0.03073,0.0156,0.00341,0.00232,0.00372,0.00027,0.00302,0.00527,0.00639,0.26098,0.08132,0.01367,0.02896,0.14672,0.03423,0.00243,0.00651,0.42517,0.23634,0.30735,0.30135,0.23634,0.30135,158,1.02,0.96,0.87,0.93,1.05,1.1,1.01,0.98,0.935,0.965,1.025,1.05,starter,4.784656623610149,0.934,4.25124,4.13114,3.97066,3.85849,0.1118,0.10914,4.22503,4.20556,1.36745,1.36745,0.00649,725.25941875,0.26896,0.73104,L,0.22799,0.25611,0.06986,0.08283,0.01818,0.01202,0.02939,0.02841,0.15959,0.14608,0.03129,0.03857,0.00528,0.0015,0.00574,0.00679,0.45268,0.42768
673929,Jordan Leasure,Chi,28,78.0,489.0,1200,0.24845,0.10449,0.00505,0.00791,0.034,0.00247,0.04423,0.12371,0.42968,0.04074,0.02342,0.00297,0.00359,0.00399,0.00029,0.00341,0.00467,0.00631,0.24472,0.10606,0.00505,0.03349,0.12309,0.04269,0.00212,0.00791,0.43486,0.2286,0.3125,0.27855,0.2286,0.27855,145,0.97,0.99,0.93,0.72,1.03,0.97,0.985,0.995,0.965,0.86,1.015,0.985,reliever,0.9645727440337896,0.889,4.50472,4.4205,4.0047,3.92982,0.11788,0.11592,4.2461,4.23711,0.50547,0.50547,0.01035,347.85825,0.42235,0.57765,R,0.23583,0.25767,0.11254,0.0986,0.00495,0.00513,0.04246,0.02781,0.11258,0.13185,0.04591,0.04301,0.00232,0.00258,0.00978,0.00655,0.43362,0.4268
605130,Scott Barlow,Ath,34,126.0,1259.0,1200,0.24831,0.11571,0.01783,0.01147,0.02218,0.0018,0.02922,0.13298,0.42051,0.03015,0.01812,0.00362,0.00287,0.00303,0.00021,0.00239,0.00464,0.00563,0.23092,0.12728,0.01783,0.02395,0.13963,0.03243,0.00165,0.01147,0.41484,0.23435,0.34276,0.29514,0.23435,0.29514,133,1.16,1.1,1.22,0.83,1.2,0.86,1.08,1.05,1.11,0.915,1.1,0.93,reliever,0.91187834772945,0.889,3.89894,4.50423,3.46616,4.00426,0.10117,0.11292,4.28199,4.43219,1.78313,1.78313,0.00902,758.776034375,0.41379,0.58621,R,0.25358,0.24458,0.1129,0.11769,0.02213,0.0148,0.0236,0.02117,0.12995,0.13512,0.03054,0.02828,0.00298,0.00097,0.01043,0.01221,0.4139,0.42518
686973,Louis Varland,Tor,29,137.0,1060.0,1200,0.248,0.07093,0.00779,0.00747,0.02236,0.00225,0.03944,0.15186,0.44989,0.0317,0.0153,0.0026,0.00251,0.00329,0.00025,0.00327,0.00502,0.00623,0.24428,0.07022,0.00779,0.02348,0.15186,0.04023,0.00194,0.00747,0.45273,0.23784,0.29552,0.3,0.23784,0.3,141,1.1,1.0,1.04,0.72,0.98,0.97,1.05,1.0,1.02,0.86,0.99,0.985,reliever,1.5886711047218387,0.889,3.7704,3.83894,3.35189,3.41282,0.10144,0.10316,4.12977,4.13495,0.77861,0.77861,0.00573,671.232281875,0.46728,0.53272,R,0.23983,0.25516,0.06574,0.07548,0.0072,0.0083,0.02211,0.02259,0.15169,0.15202,0.03931,0.03955,0.00275,0.00182,0.00685,0.00802,0.46453,0.43706
663574,Tony Santillan,Cin,30,114.0,651.0,1200,0.2479,0.09802,0.01351,0.00495,0.03188,0.00258,0.03259,0.1364,0.43216,0.03735,0.02089,0.00427,0.00253,0.00384,0.00039,0.00274,0.00493,0.00619,0.25162,0.10145,0.01351,0.03555,0.13299,0.03292,0.00221,0.00495,0.4248,0.23142,0.31863,0.28355,0.23142,0.28355,113,1.23,0.95,1.02,0.71,1.07,1.03,1.115,0.975,1.01,0.855,1.035,1.015,reliever,0.9323803501138067,0.889,4.31631,4.50469,3.8372,4.00467,0.11278,0.11708,4.25249,4.2752,1.35104,1.35104,0.00991,431.89145999999994,0.47626,0.52374,R,0.22343,0.27015,0.1143,0.08321,0.01662,0.01068,0.03002,0.03358,0.1319,0.1405,0.03597,0.02952,0.00381,0.00147,0.00477,0.00512,0.43918,0.42577
640455,Sean Manaea,New,35,192.0,2363.0,1347,0.24783,0.07818,0.01305,0.00677,0.02894,0.00246,0.03602,0.14254,0.44421,0.02334,0.01178,0.0023,0.00165,0.00344,0.00046,0.00291,0.00476,0.00593,0.25155,0.0813,0.01305,0.02923,0.13969,0.03476,0.0022,0.00677,0.44145,0.22904,0.30023,0.2858,0.22904,0.2858,121,1.02,0.96,0.93,0.79,1.08,1.03,1.01,0.98,0.965,0.895,1.04,1.015,starter,4.808107263961485,0.934,4.04738,3.99309,3.78025,3.72954,0.10788,0.10658,4.1685,4.16282,1.30479,1.30479,0.00573,1364.6491334374998,0.26849,0.73151,L,0.25826,0.244,0.06903,0.08154,0.01335,0.01294,0.02385,0.03081,0.15001,0.13979,0.0332,0.03706,0.00308,0.00224,0.00405,0.00777,0.44517,0.44386
694361,Will Klein,Los,27,111.0,219.0,1200,0.24783,0.09757,0.01296,0.00832,0.01438,0.00175,0.02577,0.15737,0.43406,0.05091,0.02841,0.00653,0.00493,0.00257,0.00024,0.00229,0.00501,0.00569,0.24907,0.09854,0.01296,0.01654,0.15186,0.02487,0.00146,0.00832,0.43638,0.22124,0.30623,0.28994,0.22124,0.28994,119,1.3,0.93,0.93,0.67,1.02,1.01,1.15,0.965,0.965,0.835,1.01,1.005,reliever,1.1530079569069975,0.889,3.47951,3.45232,3.09329,3.06911,0.0916,0.09136,4.22052,4.19883,1.29636,1.29636,0.00834,168.26175,0.47017,0.52983,R,0.24864,0.2471,0.09816,0.09704,0.01098,0.01472,0.01551,0.01338,0.15838,0.15648,0.02474,0.02669,0.00218,0.00136,0.00925,0.00749,0.43216,0.43573
686642,Fraser Ellard,Chi,29,74.0,175.0,800,0.24771,0.12651,0.01128,0.01295,0.02039,0.00226,0.03317,0.13372,0.41201,0.05573,0.03485,0.0066,0.00657,0.00349,0.00033,0.00315,0.00545,0.00672,0.24399,0.12841,0.01128,0.02009,0.13305,0.03201,0.00195,0.01295,0.41628,0.22079,0.32678,0.28632,0.22079,0.28632,145,0.97,0.99,0.93,0.72,1.03,0.97,0.985,0.995,0.965,0.86,1.015,0.985,reliever,0.9529292929292928,0.889,4.03829,3.98543,3.59004,3.54305,0.10361,0.10234,4.33055,4.32699,1.12789,1.12789,0.01423,115.49162499999998,0.432,0.568,L,0.2452,0.24962,0.1368,0.11869,0.00861,0.01331,0.01881,0.02159,0.14146,0.12784,0.03504,0.03175,0.0029,0.00178,0.01171,0.01389,0.39947,0.42154
594580,Sam Moll,Cin,35,121.0,809.0,1200,0.2476,0.10458,0.01898,0.00734,0.02075,0.00192,0.0316,0.14143,0.42579,0.03624,0.02086,0.00457,0.0028,0.00301,0.00026,0.00279,0.00457,0.00566,0.25131,0.10824,0.01898,0.02314,0.13789,0.03191,0.00164,0.00734,0.41953,0.22484,0.32181,0.29011,0.22484,0.29011,113,1.23,0.95,1.02,0.71,1.07,1.03,1.115,0.975,1.01,0.855,1.035,1.015,reliever,0.8231513673100553,0.889,3.93012,4.04682,3.49387,3.59762,0.10205,0.10468,4.2792,4.29528,1.89833,1.89833,0.01003,477.5900684374999,0.4657,0.5343,L,0.29217,0.20875,0.08093,0.1252,0.01712,0.02061,0.02202,0.01965,0.12873,0.1525,0.03021,0.03281,0.00166,0.00215,0.00539,0.00904,0.42178,0.42929
694335,Matt Svanson,St.,28,129.0,363.0,1200,0.24721,0.09258,0.01326,0.00998,0.02515,0.00203,0.0342,0.14059,0.43499,0.04383,0.02391,0.00543,0.00452,0.00339,0.00023,0.00278,0.00493,0.00602,0.23485,0.08888,0.01326,0.02264,0.14621,0.03523,0.00174,0.00998,0.4472,0.23182,0.30797,0.29059,0.23182,0.29059,138,0.8,1.08,1.06,0.72,0.92,0.9,0.9,1.04,1.03,0.86,0.96,0.95,reliever,1.3826837643386714,0.889,3.95176,3.90745,3.51311,3.47372,0.10433,0.10314,4.20846,4.20935,1.32644,1.32644,0.00935,278.715,0.43339,0.56661,R,0.23892,0.25355,0.10635,0.08205,0.0165,0.01079,0.0192,0.02971,0.13128,0.14771,0.03423,0.03418,0.00247,0.00169,0.01015,0.00985,0.44089,0.43048
693433,Bryan Woo,Sea,27,306.0,1880.0,1324,0.24707,0.05245,0.00861,0.00491,0.02721,0.00254,0.03293,0.14575,0.47853,0.02406,0.0101,0.00209,0.00156,0.00331,0.00041,0.00276,0.00492,0.00605,0.26931,0.05114,0.00861,0.02694,0.13846,0.03145,0.00176,0.00491,0.46742,0.21234,0.25836,0.26862,0.21234,0.26862,136,0.98,0.9,0.91,0.39,0.95,1.18,0.99,0.95,0.955,0.695,0.975,1.09,starter,5.959276120349946,0.934,3.4249,3.1375,3.19886,2.93043,0.09543,0.08876,3.98759,3.92777,0.86103,0.86103,0.00408,1271.7788187499998,0.51024,0.48976,R,0.22662,0.26837,0.06707,0.03721,0.00886,0.00835,0.02902,0.02532,0.14025,0.15148,0.03554,0.03021,0.00318,0.00187,0.0062,0.00357,0.48326,0.47362
680885,Spencer Schwellenbach,Atl,27,434.0,934.0,800,0.24646,0.05141,0.00875,0.00457,0.02246,0.00287,0.03335,0.1592,0.47093,0.03266,0.01359,0.00292,0.00208,0.00413,0.00058,0.00353,0.00658,0.00787,0.25139,0.05116,0.00875,0.02178,0.16239,0.03251,0.00275,0.00457,0.46469,0.23456,0.27935,0.29841,0.23456,0.29841,144,0.94,1.04,0.95,0.92,0.99,1.04,0.97,1.02,0.975,0.96,0.995,1.02,starter,6.207331448323002,0.934,3.46272,3.45133,3.23418,3.22355,0.09536,0.09487,4.03486,4.04217,0.87536,0.87536,0.00675,620.6274999999998,0.50441,0.49559,R,0.20977,0.2838,0.06432,0.03828,0.00728,0.01026,0.02665,0.01819,0.16138,0.15699,0.03152,0.0352,0.00359,0.00213,0.00516,0.00397,0.49034,0.45117
682171,Penn Murfee,Chi,33,63.0,393.0,400,0.24639,0.0846,0.01031,0.0055,0.03059,0.00187,0.03009,0.14498,0.44567,0.0487,0.02554,0.00464,0.00326,0.00665,0.00039,0.00447,0.00897,0.01065,0.24269,0.08586,0.01031,0.03013,0.14426,0.02904,0.00161,0.0055,0.4506,0.22825,0.30121,0.27963,0.22825,0.27963,145,0.97,0.99,0.93,0.72,1.03,0.97,0.985,0.995,0.965,0.86,1.015,0.985,reliever,0.8444444444444444,0.889,4.02541,3.95991,3.57859,3.52036,0.1071,0.10555,4.17601,4.16865,1.03089,1.03089,0.00732,196.48170749999997,0.38403,0.61597,R,0.24327,0.24833,0.09293,0.0794,0.01164,0.00948,0.02853,0.03187,0.14927,0.14231,0.0276,0.03165,0.0028,0.0013,0.00497,0.00582,0.43898,0.44984
680570,Grayson Rodriguez,Los,27,111.0,1117.0,800,0.24625,0.08294,0.00658,0.00551,0.03361,0.00313,0.04452,0.13812,0.43933,0.03175,0.0165,0.00234,0.0021,0.00485,0.00041,0.00435,0.0063,0.00803,0.25241,0.08294,0.00658,0.03478,0.13674,0.04318,0.00307,0.00551,0.43478,0.24064,0.3073,0.29621,0.24064,0.29621,108,1.07,0.98,0.94,0.96,1.0,1.05,1.035,0.99,0.97,0.98,1.0,1.025,starter,5.5803974706413735,0.934,4.50909,4.48813,4.21149,4.19192,0.11886,0.11859,4.21501,4.20526,0.65799,0.65799,0.00848,664.71859375,0.47631,0.52369,R,0.23999,0.25196,0.09764,0.06958,0.00463,0.00835,0.03589,0.03153,0.13175,0.14391,0.04159,0.04718,0.00393,0.00241,0.00386,0.00701,0.44073,0.43807
670970,Adrian Morejon,San,28,141.0,884.0,1200,0.24625,0.06889,0.00402,0.00679,0.01739,0.00158,0.02834,0.1554,0.47134,0.03356,0.01602,0.00204,0.00259,0.00287,0.00017,0.00272,0.00504,0.00601,0.24871,0.06923,0.00402,0.018,0.15229,0.02664,0.00136,0.00679,0.47295,0.21554,0.27154,0.27599,0.21554,0.27599,135,1.07,0.96,0.88,0.72,1.01,1.02,1.035,0.98,0.94,0.86,1.005,1.01,reliever,1.0377031318060717,0.889,3.07878,2.98693,2.73703,2.65538,0.08507,0.08299,4.02136,3.99886,0.40209,0.40209,0.00951,579.0577240624999,0.41713,0.58287,L,0.25829,0.23764,0.06643,0.07065,0.00411,0.00396,0.01474,0.01928,0.1407,0.16593,0.02565,0.03026,0.00177,0.00145,0.0085,0.00557,0.47983,0.46526
666157,Nick Lodolo,Cin,29,145.0,1887.0,1256,0.24614,0.06961,0.03197,0.00439,0.02566,0.00177,0.02907,0.14374,0.44765,0.02492,0.01195,0.00397,0.00148,0.00316,0.00021,0.00234,0.00484,0.00583,0.24983,0.07205,0.03197,0.02861,0.14014,0.02936,0.00152,0.00439,0.44213,0.2239,0.30364,0.27892,0.2239,0.27892,113,1.23,0.95,1.02,0.71,1.07,1.03,1.115,0.975,1.01,0.855,1.035,1.015,starter,5.437844824208707,0.934,3.81969,3.94369,3.56759,3.6834,0.10172,0.10475,4.17224,4.18319,3.19655,3.19655,0.00604,1172.1857053125,0.24257,0.75743,L,0.22441,0.2531,0.08315,0.06527,0.02459,0.03433,0.01638,0.02863,0.16971,0.13542,0.02741,0.0296,0.00231,0.0016,0.00622,0.00381,0.44582,0.44824
450203,Charlie Morton,Atl,43,654.0,2799.0,872,0.24609,0.10042,0.02184,0.00679,0.02652,0.00274,0.03287,0.14513,0.4176,0.02166,0.01227,0.00272,0.00152,0.00404,0.00057,0.00311,0.00562,0.00686,0.25101,0.09992,0.02184,0.02572,0.14803,0.03205,0.00263,0.00679,0.41201,0.23918,0.33019,0.30723,0.23918,0.30723,144,0.94,1.04,0.95,0.92,0.99,1.04,0.97,1.02,0.975,0.96,0.995,1.02,starter,4.903935056082295,0.934,4.42972,4.40134,4.13736,4.11086,0.11329,0.11245,4.34464,4.34901,2.18396,2.18396,0.00555,1599.7905674999997,0.51897,0.48103,R,0.26342,0.22739,0.11798,0.08147,0.03227,0.01059,0.02558,0.02753,0.13256,0.1587,0.03041,0.03553,0.00361,0.0018,0.00888,0.00454,0.3853,0.45246
552640,Andrew Kittredge,Bal,37,65.0,685.0,1200,0.24608,0.06437,0.00245,0.00847,0.0266,0.00207,0.03247,0.15132,0.46617,0.03726,0.01724,0.00179,0.00323,0.00351,0.00022,0.00265,0.00514,0.00619,0.24362,0.06212,0.00245,0.0278,0.15434,0.03264,0.00229,0.00847,0.46628,0.23417,0.28163,0.28871,0.23417,0.28871,110,1.09,1.04,1.01,1.21,0.93,0.98,1.045,1.02,1.005,1.105,0.965,0.99,reliever,0.9532931677578222,0.889,3.55622,3.66884,3.16148,3.2616,0.09776,0.10053,4.0418,4.05502,0.24525,0.24525,0.00544,441.1620859374999,0.40921,0.59079,R,0.25236,0.24172,0.06541,0.06365,0.0023,0.00256,0.02902,0.02493,0.13979,0.1593,0.03262,0.03237,0.00355,0.00104,0.00806,0.00875,0.46689,0.46567
701581,David Festa,Min,27,229.0,506.0,800,0.24607,0.08309,0.01173,0.0045,0.03564,0.00262,0.03761,0.13734,0.4414,0.04112,0.0214,0.00444,0.00267,0.0051,0.00036,0.00365,0.00627,0.00802,0.24238,0.08267,0.01173,0.03511,0.14009,0.03967,0.00241,0.0045,0.44144,0.24112,0.31168,0.29212,0.24112,0.29212,142,0.97,1.04,1.11,0.84,0.99,0.97,0.985,1.02,1.055,0.92,0.995,0.985,starter,4.720278923874049,0.934,4.44229,4.53654,4.1491,4.23713,0.11725,0.11911,4.20968,4.23203,1.1734,1.1734,0.00737,335.56512499999997,0.46742,0.53258,R,0.24862,0.24383,0.09208,0.07519,0.01129,0.01213,0.03072,0.03996,0.13081,0.14307,0.03725,0.03792,0.00338,0.00195,0.00354,0.00535,0.44232,0.4406
650911,Cristopher Sánchez,Phi,30,375.0,2509.0,1557,0.24594,0.05694,0.00575,0.00183,0.01636,0.00155,0.03239,0.16374,0.4755,0.02135,0.00933,0.00149,0.00083,0.00233,0.00015,0.00257,0.00452,0.00528,0.24963,0.0558,0.00575,0.0175,0.1662,0.03142,0.00155,0.00183,0.47032,0.23133,0.27822,0.2975,0.23133,0.2975,143,1.14,1.03,0.94,1.01,0.96,1.03,1.07,1.015,0.97,1.005,0.98,1.015,starter,6.246112016128185,0.934,3.17139,3.23221,2.96208,3.01888,0.08749,0.08899,4.02749,4.03585,0.57459,0.57459,0.00673,1650.1080653124998,0.23502,0.76498,L,0.27356,0.23746,0.05411,0.05781,0.00993,0.00446,0.01331,0.01729,0.1476,0.1687,0.02425,0.03489,0.00302,0.00109,0.00195,0.0018,0.47227,0.4765
680704,Nick Sandlin,Los,30,40.0,774.0,1200,0.24589,0.10564,0.01976,0.00763,0.02767,0.00181,0.03049,0.13642,0.42469,0.03731,0.02162,0.00476,0.00291,0.00359,0.00023,0.00256,0.00477,0.00594,0.25204,0.10564,0.01976,0.02863,0.13506,0.02958,0.00177,0.00763,0.41989,0.22497,0.32044,0.28383,0.22497,0.28383,108,1.07,0.98,0.94,0.96,1.0,1.05,1.035,0.99,0.97,0.98,1.0,1.025,reliever,0.8823057959601106,0.889,4.21352,4.19727,3.74582,3.73137,0.109,0.10879,4.29514,4.28662,1.97613,1.97613,0.00647,439.55369999999994,0.42162,0.57838,R,0.23372,0.25477,0.10551,0.10573,0.01901,0.02031,0.02312,0.03098,0.13738,0.13573,0.03256,0.02899,0.00249,0.00131,0.00602,0.0088,0.44019,0.41339
683175,Connor Phillips,Cin,26,133.0,327.0,800,0.24584,0.13477,0.01689,0.00631,0.02747,0.00215,0.03192,0.12864,0.406,0.04622,0.02977,0.00638,0.00374,0.00423,0.00038,0.00321,0.00583,0.00716,0.24953,0.13949,0.01689,0.03063,0.12543,0.03224,0.00184,0.00631,0.39765,0.22708,0.34652,0.28629,0.22708,0.28629,113,1.23,0.95,1.02,0.71,1.07,1.03,1.115,0.975,1.01,0.855,1.035,1.015,reliever,1.1430745517968686,0.889,4.55942,4.75772,4.05332,4.22961,0.11446,0.11859,4.42605,4.45766,1.68947,1.68947,0.00993,233.96759999999998,0.46404,0.53596,R,0.24737,0.24452,0.15729,0.11527,0.01814,0.01582,0.02443,0.0301,0.12872,0.12857,0.0324,0.03151,0.00302,0.00141,0.00627,0.00634,0.38237,0.42646
813349,Connelly Early,Bos,25,300.0,379.0,800,0.24564,0.08295,0.01716,0.00565,0.02984,0.002,0.0401,0.13648,0.44017,0.04212,0.02192,0.00605,0.00335,0.00444,0.00026,0.00371,0.00592,0.00747,0.24318,0.08213,0.01716,0.02745,0.13989,0.04351,0.0019,0.00565,0.43912,0.23771,0.31205,0.29677,0.23771,0.29677,111,0.84,1.05,1.17,0.9,0.98,0.98,0.92,1.025,1.085,0.95,0.99,0.99,starter,5.3434655952764984,0.934,4.2447,4.2886,3.96455,4.00555,0.11195,0.11254,4.21285,4.2343,1.71593,1.71593,0.00915,312.0775,0.30915,0.69085,L,0.27064,0.23445,0.08103,0.08382,0.01511,0.01808,0.03265,0.02858,0.12743,0.14053,0.03799,0.04105,0.00308,0.00152,0.00668,0.00519,0.42539,0.44678
671737,Taj Bradley,Min,26,284.0,1927.0,1227,0.24559,0.08909,0.00542,0.00822,0.02879,0.00262,0.03776,0.13914,0.44337,0.024,0.0129,0.00164,0.00199,0.00358,0.00025,0.00305,0.00492,0.00614,0.24191,0.08864,0.00542,0.02836,0.14192,0.03984,0.00241,0.00822,0.44328,0.23675,0.3066,0.29353,0.23675,0.29353,142,0.97,1.04,1.11,0.84,0.99,0.97,0.985,1.02,1.055,0.92,0.995,0.985,starter,5.396415769123865,0.934,4.0765,4.17467,3.80745,3.89914,0.1084,0.11041,4.17828,4.20101,0.54191,0.54191,0.01014,1273.5996249999998,0.5117,0.4883,R,0.26137,0.22906,0.09691,0.08089,0.00446,0.00643,0.02751,0.03013,0.1294,0.14934,0.04005,0.03537,0.00321,0.00201,0.00854,0.00787,0.42855,0.4589
607481,Aaron Bummer,Atl,33,77.0,940.0,1200,0.24533,0.09301,0.02145,0.00926,0.02463,0.00222,0.03406,0.14929,0.42075,0.03358,0.01841,0.00453,0.00294,0.00345,0.00031,0.00288,0.00505,0.00606,0.25024,0.09254,0.02145,0.02389,0.15228,0.03321,0.00213,0.00926,0.415,0.24124,0.3255,0.31134,0.24124,0.31134,144,0.94,1.04,0.95,0.92,0.99,1.04,0.97,1.02,0.975,0.96,0.995,1.02,reliever,1.099776103449476,0.889,4.29282,4.27049,3.81632,3.79646,0.11058,0.10987,4.31336,4.31874,2.14472,2.14472,0.00853,576.3731903125,0.4127,0.5873,L,0.25124,0.24118,0.09938,0.08852,0.01202,0.02807,0.02295,0.0258,0.14521,0.15217,0.03479,0.03355,0.00253,0.002,0.00812,0.01007,0.42376,0.41863
806185,Hayden Birdsong,San,25,298.0,613.0,800,0.24532,0.11746,0.01425,0.00794,0.02765,0.00379,0.03672,0.12567,0.42119,0.03829,0.02327,0.0045,0.00328,0.00408,0.0005,0.00356,0.00566,0.00724,0.24164,0.11335,0.01425,0.02461,0.12755,0.03819,0.00446,0.00794,0.428,0.22536,0.32241,0.28452,0.22536,0.28452,137,0.78,1.03,1.08,1.35,0.93,0.97,0.89,1.015,1.04,1.175,0.965,0.985,starter,3.7893217893217894,0.934,4.38219,4.25984,4.09297,3.97869,0.11273,0.1101,4.31908,4.29909,1.42513,1.42513,0.01164,408.754375,0.50923,0.49077,R,0.23822,0.25269,0.13294,0.1014,0.01228,0.01629,0.02779,0.02752,0.12391,0.1275,0.0386,0.03477,0.00558,0.00193,0.00939,0.00643,0.41128,0.43146
669308,Sean Reynolds,San,29,117.0,166.0,800,0.24511,0.10522,0.01982,0.00636,0.03294,0.00221,0.03387,0.12868,0.42579,0.05562,0.03222,0.00887,0.00469,0.00471,0.00034,0.00347,0.00584,0.00738,0.24756,0.10575,0.01982,0.03409,0.1261,0.03184,0.0019,0.00636,0.42658,0.2234,0.3195,0.27257,0.2234,0.27257,135,1.07,0.96,0.88,0.72,1.01,1.02,1.035,0.98,0.94,0.86,1.005,1.01,reliever,1.369909183780175,0.889,4.47997,4.40569,3.98269,3.91666,0.11573,0.11436,4.30113,4.28068,1.98217,1.98217,0.00793,114.62462499999998,0.41257,0.58743,R,0.24252,0.24692,0.13086,0.08722,0.01906,0.02036,0.03843,0.02908,0.12977,0.12791,0.03158,0.03548,0.00288,0.00174,0.00567,0.00685,0.39922,0.44445
689520,Cody Laweryson,Min,29,50.0,76.0,800,0.24474,0.07924,0.01844,0.01949,0.02687,0.00259,0.039,0.13362,0.43602,0.06222,0.03174,0.01074,0.00985,0.00417,0.00038,0.00365,0.00581,0.00737,0.24107,0.07884,0.01844,0.02647,0.13629,0.04115,0.00238,0.01949,0.43588,0.23356,0.30356,0.29206,0.23356,0.29206,142,0.97,1.04,1.11,0.84,0.99,0.97,0.985,1.02,1.055,0.92,0.995,0.985,reliever,1.3593180482069371,0.889,3.95668,4.05625,3.51749,3.60601,0.10568,0.10775,4.15996,4.18273,1.84367,1.84367,0.00748,61.285,0.44565,0.55435,R,0.24285,0.24626,0.08954,0.07096,0.01743,0.01925,0.02923,0.02497,0.13156,0.13528,0.03745,0.04026,0.00328,0.00203,0.01932,0.01962,0.42935,0.44138
676282,Joey Cantillo,Cle,27,291.0,855.0,1200,0.24455,0.10499,0.00201,0.00494,0.02629,0.00197,0.03517,0.13761,0.44247,0.03223,0.01866,0.00146,0.00224,0.00351,0.00024,0.00292,0.0048,0.00605,0.25066,0.10657,0.00201,0.0255,0.13623,0.03587,0.00149,0.00494,0.43673,0.22458,0.30767,0.28443,0.22458,0.28443,114,0.94,0.98,1.04,0.51,1.03,1.05,0.97,0.99,1.02,0.755,1.015,1.025,starter,3.795409250354222,0.934,3.98621,3.93152,3.72312,3.67204,0.10521,0.10382,4.20975,4.2075,0.20066,0.20066,0.01059,637.1748749999999,0.29384,0.70616,L,0.22264,0.25367,0.11438,0.10109,0.0022,0.00192,0.02691,0.02603,0.15176,0.13172,0.03054,0.0371,0.00329,0.00142,0.00388,0.00539,0.4444,0.44167
701542,Will Warren,New,28,291.0,1112.0,1294,0.24424,0.08527,0.00661,0.01041,0.03027,0.00241,0.03741,0.14676,0.43663,0.02889,0.01525,0.00235,0.00289,0.00355,0.00027,0.00281,0.00477,0.00603,0.24668,0.09252,0.00661,0.03285,0.14089,0.0361,0.00211,0.01041,0.43184,0.23802,0.31107,0.29315,0.23802,0.29315,147,1.17,0.92,0.93,0.75,1.17,1.02,1.085,0.96,0.965,0.875,1.085,1.01,starter,4.947097927414183,0.934,4.2736,4.35216,3.99154,4.06492,0.11268,0.11437,4.214,4.22831,0.66075,0.66075,0.00626,828.60125,0.5282,0.4718,R,0.20461,0.28861,0.10551,0.06261,0.00413,0.00938,0.03099,0.02948,0.15361,0.13909,0.03324,0.04207,0.0031,0.00164,0.01076,0.01001,0.45405,0.41712
682790,Wikelman González,Chi,25,87.0,87.0,400,0.24413,0.09942,0.00525,0.00879,0.02285,0.00253,0.03333,0.14527,0.43844,0.06194,0.03503,0.00557,0.00647,0.00574,0.00071,0.00479,0.00884,0.01057,0.24047,0.10091,0.00525,0.0225,0.14455,0.03216,0.00217,0.00879,0.4432,0.22754,0.30754,0.28755,0.22754,0.28755,145,0.97,0.99,0.93,0.72,1.03,0.97,0.985,0.995,0.965,0.86,1.015,0.985,reliever,1.2708333333333333,0.889,3.88801,3.82445,3.45644,3.39994,0.10253,0.10101,4.21343,4.20675,0.52463,0.52463,0.00746,62.857499999999995,0.45993,0.54007,R,0.23024,0.25596,0.11316,0.08771,0.00478,0.00565,0.02388,0.02197,0.13885,0.15075,0.03423,0.03256,0.00315,0.002,0.00746,0.00992,0.44426,0.43348
688158,David Morgan,San,27,83.0,276.0,800,0.24411,0.10919,0.0137,0.00207,0.01831,0.00228,0.03214,0.14693,0.43126,0.04762,0.02808,0.00615,0.00228,0.00348,0.00031,0.00331,0.00583,0.00711,0.24655,0.10974,0.0137,0.01895,0.144,0.03022,0.00196,0.00207,0.43281,0.22313,0.31857,0.28929,0.22313,0.28929,135,1.07,0.96,0.88,0.72,1.01,1.02,1.035,0.98,0.94,0.86,1.005,1.01,reliever,1.1999826624313463,0.889,3.9341,3.82747,3.49741,3.40262,0.10166,0.09948,4.30005,4.27481,1.3697,1.3697,0.00999,209.9925,0.40336,0.59664,R,0.20436,0.27098,0.13537,0.0915,0.01335,0.01393,0.01611,0.0198,0.14722,0.14675,0.03351,0.03122,0.00247,0.00216,0.00213,0.00203,0.44549,0.42163
657240,Julian Merryweather,Chi,35,88.0,584.0,800,0.24405,0.10184,0.01036,0.00827,0.0252,0.00215,0.03883,0.13777,0.43154,0.04168,0.02383,0.00393,0.00341,0.00425,0.00029,0.00396,0.00598,0.00743,0.24771,0.10235,0.01036,0.02508,0.13502,0.03495,0.00235,0.00827,0.43393,0.22456,0.3101,0.28423,0.22456,0.28423,112,0.99,0.96,0.8,1.19,1.01,1.03,0.995,0.98,0.9,1.095,1.005,1.015,reliever,0.9339817270851755,0.889,4.16738,3.97331,3.7048,3.53228,0.1087,0.10456,4.2597,4.22233,1.03556,1.03556,0.00968,319.99407593749993,0.42818,0.57182,R,0.25124,0.23866,0.11564,0.0915,0.00874,0.01156,0.02691,0.02392,0.13592,0.13916,0.03404,0.04242,0.0027,0.00173,0.0064,0.00966,0.4184,0.44138
670329,Rico Garcia,Bal,33,100.0,337.0,800,0.24403,0.08279,0.0021,0.00617,0.02835,0.00254,0.0373,0.14245,0.45427,0.04608,0.02401,0.00224,0.00366,0.00469,0.00057,0.00388,0.00597,0.00772,0.24159,0.0799,0.0021,0.02962,0.14529,0.03749,0.0028,0.00617,0.45503,0.23602,0.29721,0.2897,0.23602,0.2897,110,1.09,1.04,1.01,1.21,0.93,0.98,1.045,1.02,1.005,1.105,0.965,0.99,reliever,1.0612133455277606,0.889,3.93993,4.04904,3.5026,3.5996,0.10587,0.10854,4.13504,4.14492,0.2101,0.2101,0.00829,234.4450609375,0.47511,0.52489,R,0.27281,0.21797,0.09798,0.06904,0.00198,0.00221,0.02747,0.02915,0.12627,0.15708,0.03774,0.03691,0.00352,0.00165,0.00635,0.00601,0.42587,0.47997
671212,Joe Boyle,Tam,27,66.0,578.0,1200,0.24398,0.12048,0.01197,0.0069,0.02343,0.00193,0.03514,0.13532,0.42085,0.0389,0.02394,0.00424,0.00313,0.00316,0.0003,0.00292,0.0047,0.00588,0.24642,0.11867,0.01197,0.02355,0.13396,0.03321,0.00216,0.0069,0.42315,0.22364,0.32352,0.2858,0.22364,0.2858,139,1.01,0.98,0.89,1.24,0.97,1.02,1.005,0.99,0.945,1.12,0.985,1.01,starter,4.08131443893636,0.934,4.22383,4.10488,3.94506,3.83396,0.10822,0.10592,4.33652,4.30611,1.19698,1.19698,0.01166,389.49762499999997,0.50139,0.49861,R,0.24134,0.24665,0.13425,0.10663,0.00897,0.01499,0.0214,0.02547,0.13661,0.13402,0.03847,0.03178,0.00256,0.0013,0.00685,0.00695,0.40955,0.43221
664299,Cristian Javier,Hou,30,48.0,1627.0,1200,0.24398,0.09668,0.00989,0.00619,0.03154,0.00269,0.03952,0.12612,0.44339,0.02836,0.01585,0.00239,0.00188,0.00368,0.00032,0.00297,0.00458,0.00612,0.2513,0.09765,0.00989,0.0339,0.12486,0.03892,0.0023,0.00619,0.43499,0.22565,0.30752,0.27632,0.22565,0.27632,117,1.15,0.98,0.97,0.71,1.02,1.06,1.075,0.99,0.985,0.855,1.01,1.03,starter,4.53492210174194,0.934,4.21866,4.29709,3.94023,4.01348,0.1116,0.1135,4.20003,4.20663,0.98864,0.98864,0.00822,864.5371515624997,0.46486,0.53514,R,0.21393,0.27009,0.10083,0.09307,0.00933,0.01037,0.02833,0.03432,0.14063,0.11352,0.04336,0.03618,0.00399,0.00157,0.00583,0.00651,0.45376,0.43439
800048,Parker Messick,Cle,26,299.0,464.0,800,0.24392,0.06951,0.00345,0.00312,0.0292,0.00202,0.03017,0.15312,0.4655,0.03949,0.01899,0.00251,0.0023,0.0047,0.00028,0.00319,0.00636,0.00774,0.25002,0.07055,0.00345,0.02833,0.15159,0.03078,0.00152,0.00312,0.46066,0.22994,0.28621,0.2853,0.22994,0.2853,114,0.94,0.98,1.04,0.51,1.03,1.05,0.97,0.99,1.02,0.755,1.015,1.025,starter,5.5017396902555635,0.934,3.76329,3.68955,3.51492,3.44604,0.10228,0.10045,4.08822,4.08103,0.34488,0.34488,0.00744,373.3625,0.30909,0.69091,L,0.22211,0.25367,0.07695,0.06618,0.00466,0.00291,0.02942,0.0291,0.15234,0.15347,0.02801,0.03114,0.00241,0.00184,0.00312,0.00311,0.48098,0.45858
676684,Will Vest,Det,32,91.0,1135.0,1200,0.24385,0.07523,0.00731,0.01181,0.01772,0.00195,0.02798,0.15829,0.45588,0.03127,0.0156,0.00244,0.00305,0.00286,0.00027,0.00248,0.00504,0.00589,0.24263,0.07486,0.00731,0.0178,0.15908,0.02686,0.00248,0.01181,0.45718,0.2276,0.28838,0.29184,0.2276,0.29184,116,1.01,1.01,0.92,1.54,0.99,0.99,1.005,1.005,0.96,1.27,0.995,0.995,reliever,1.0378116321111914,0.889,3.31692,3.32013,2.94875,2.95159,0.09002,0.09012,4.09397,4.09345,0.73055,0.73055,0.01109,684.5892137499999,0.43171,0.56829,R,0.25357,0.23647,0.10496,0.05265,0.00496,0.00908,0.01695,0.0183,0.15006,0.16454,0.02716,0.0286,0.00234,0.00165,0.01503,0.00936,0.42497,0.47935
542888,Shawn Armstrong,Cle,36,78.0,1133.0,1200,0.2438,0.0772,0.01474,0.00943,0.02718,0.00193,0.03458,0.14247,0.44869,0.03135,0.01582,0.00346,0.00273,0.00359,0.00024,0.0029,0.00502,0.0062,0.2499,0.07836,0.01474,0.02636,0.14104,0.03527,0.00145,0.00943,0.44345,0.22744,0.29722,0.28615,0.22744,0.28615,114,0.94,0.98,1.04,0.51,1.03,1.05,0.97,0.99,1.02,0.755,1.015,1.025,reliever,1.0693247461846862,0.889,3.8894,3.82609,3.45768,3.4014,0.10413,0.10256,4.15004,4.14495,1.47371,1.47371,0.00708,680.0688978124998,0.3944,0.6056,R,0.24668,0.24193,0.08553,0.07177,0.01268,0.01608,0.03688,0.02086,0.13996,0.1441,0.0442,0.02831,0.00276,0.00138,0.00682,0.01113,0.42448,0.46445
664991,Grant Wolfram,Bal,30,81.0,214.0,800,0.24354,0.07677,0.01659,0.00545,0.02604,0.00199,0.03707,0.14842,0.44415,0.05088,0.02562,0.00744,0.00402,0.00444,0.00027,0.00394,0.00629,0.00773,0.2411,0.07409,0.01659,0.02721,0.15138,0.03725,0.0022,0.00545,0.44474,0.24123,0.30872,0.30026,0.24123,0.30026,110,1.09,1.04,1.01,1.21,0.93,0.98,1.045,1.02,1.005,1.105,0.965,0.99,reliever,1.0699264305821685,0.889,4.07495,4.18384,3.62263,3.71943,0.10773,0.11032,4.20266,4.2139,1.65855,1.65855,0.0093,164.9425,0.43478,0.56522,L,0.26259,0.22888,0.07744,0.07626,0.02249,0.01204,0.02369,0.02784,0.15488,0.14344,0.03583,0.03802,0.00168,0.00223,0.00617,0.00489,0.41523,0.46639
622491,Luis Castillo,Sea,34,271.0,3152.0,1464,0.24306,0.06986,0.00955,0.00483,0.02898,0.00269,0.03664,0.14995,0.45443,0.01992,0.00961,0.00171,0.00121,0.00324,0.00027,0.00274,0.00481,0.0058,0.26494,0.06812,0.00955,0.02869,0.14245,0.03499,0.00187,0.00483,0.44456,0.2267,0.28567,0.28741,0.2267,0.28741,136,0.98,0.9,0.91,0.39,0.95,1.18,0.99,0.95,0.955,0.695,0.975,1.09,starter,5.549112972403423,0.934,4.04815,3.71982,3.78097,3.47431,0.10845,0.10135,4.14763,4.07794,0.95533,0.95533,0.00381,1901.6961546874995,0.49044,0.50956,R,0.21677,0.26837,0.08598,0.05435,0.01012,0.00901,0.03634,0.0219,0.14551,0.15421,0.04085,0.03259,0.00311,0.00228,0.00671,0.00303,0.45462,0.45425
641755,Tyler Kinley,Atl,36,119.0,888.0,1200,0.24301,0.09675,0.00917,0.00776,0.02756,0.00258,0.03087,0.14148,0.44082,0.03333,0.01865,0.00306,0.00276,0.00364,0.00033,0.00257,0.00516,0.00629,0.24787,0.09627,0.00917,0.02673,0.14431,0.0301,0.00248,0.00776,0.43532,0.2296,0.30905,0.28893,0.2296,0.28893,144,0.94,1.04,0.95,0.92,0.99,1.04,0.97,1.02,0.975,0.96,0.995,1.02,reliever,0.9648689796048296,0.889,4.02034,3.99137,3.57408,3.54833,0.10605,0.10519,4.21202,4.21594,0.91696,0.91696,0.01287,582.7486312499999,0.45943,0.54057,R,0.24056,0.24509,0.11048,0.08508,0.01132,0.00734,0.03345,0.02256,0.12714,0.15366,0.0293,0.0322,0.00351,0.00179,0.00737,0.00808,0.43686,0.44419
686993,Justin Sterner,Ath,30,124.0,409.0,1200,0.24297,0.07453,0.01611,0.011,0.02575,0.00185,0.03499,0.14206,0.45074,0.0421,0.02093,0.00569,0.00453,0.0035,0.00018,0.00285,0.00499,0.00625,0.22596,0.08198,0.01611,0.02781,0.14916,0.03884,0.00169,0.011,0.44744,0.24414,0.31559,0.29773,0.24414,0.29773,133,1.16,1.1,1.22,0.83,1.2,0.86,1.08,1.05,1.11,0.915,1.1,0.93,reliever,1.0845848560443863,0.889,3.7913,4.34747,3.37046,3.8649,0.10191,0.11349,4.13359,4.25624,1.61066,1.61066,0.00632,297.585,0.422,0.578,R,0.2383,0.24638,0.07968,0.07077,0.01748,0.0151,0.0236,0.02732,0.12409,0.15518,0.03097,0.03793,0.00244,0.00142,0.0112,0.01085,0.47224,0.43505
596133,Luke Weaver,New,33,116.0,1446.0,1200,0.24291,0.07543,0.00909,0.0101,0.03121,0.0022,0.03369,0.13732,0.45804,0.02835,0.01418,0.00243,0.00253,0.00379,0.00024,0.00284,0.00508,0.00638,0.24655,0.07845,0.00909,0.03152,0.13457,0.03251,0.00197,0.0101,0.45523,0.22228,0.28812,0.2708,0.22228,0.2708,121,1.02,0.96,0.93,0.79,1.08,1.03,1.01,0.98,0.965,0.895,1.04,1.015,reliever,1.167678956261367,0.889,3.85561,3.80831,3.42764,3.38559,0.10457,0.10341,4.09674,4.09197,0.90931,0.90931,0.00597,862.2646181249999,0.48515,0.51485,R,0.239,0.24659,0.08646,0.06504,0.0074,0.01069,0.02942,0.03289,0.13702,0.1376,0.03054,0.03666,0.00248,0.00194,0.01033,0.00989,0.45735,0.4587
673513,Yuki Matsui,San,31,76.0,605.0,1200,0.2429,0.10645,0.0042,0.01768,0.03124,0.00208,0.0311,0.12591,0.43845,0.03782,0.02209,0.00247,0.00489,0.00362,0.00027,0.0026,0.00454,0.00584,0.24533,0.10698,0.0042,0.03233,0.12339,0.02923,0.00179,0.01768,0.43907,0.21436,0.29792,0.26018,0.21436,0.26018,135,1.07,0.96,0.88,0.72,1.01,1.02,1.035,0.98,0.94,0.86,1.005,1.01,reliever,1.0943064412711783,0.889,3.93751,3.87251,3.50045,3.44266,0.10499,0.1037,4.1672,4.1491,0.41987,0.41987,0.01322,418.95012499999996,0.41863,0.58137,L,0.24837,0.23896,0.10761,0.10561,0.00429,0.00413,0.03554,0.02814,0.13268,0.12103,0.03041,0.0316,0.00227,0.00194,0.0121,0.0217,0.42672,0.44689
675848,Juan Mejia,Col,26,140.0,401.0,800,0.24277,0.10021,0.01845,0.00925,0.02127,0.00174,0.03294,0.14858,0.42479,0.04216,0.02398,0.00613,0.00419,0.00399,0.00021,0.00343,0.00623,0.00746,0.23063,0.10021,0.01845,0.02191,0.16121,0.03673,0.00254,0.00925,0.41907,0.25501,0.34106,0.32359,0.25501,0.32359,115,1.06,1.17,1.23,1.92,1.0,0.9,1.03,1.085,1.115,1.46,1.0,0.95,reliever,1.1048061998416607,0.889,4.08587,4.62208,3.63234,4.10903,0.10548,0.11617,4.30407,4.42071,1.84535,1.84535,0.00798,307.5725,0.44592,0.55408,R,0.20823,0.27056,0.11814,0.08578,0.01592,0.02049,0.02439,0.01876,0.15776,0.1412,0.03285,0.03301,0.00234,0.00126,0.00952,0.00903,0.43085,0.41991
702056,Trey Yesavage,Tor,23,173.0,235.0,800,0.2424,0.09858,0.00596,0.00512,0.02524,0.00214,0.03631,0.13847,0.44578,0.04875,0.02754,0.00433,0.00378,0.00421,0.00027,0.00388,0.00585,0.00746,0.23876,0.09759,0.00596,0.0265,0.13847,0.03704,0.00184,0.00512,0.44871,0.22871,0.3074,0.28328,0.22871,0.28328,141,1.1,1.0,1.04,0.72,0.98,0.97,1.05,1.0,1.02,0.86,0.99,0.985,starter,5.187945428629607,0.934,3.95928,4.0313,3.69797,3.76524,0.1047,0.1065,4.20165,4.20591,0.5956,0.5956,0.00947,191.84499999999997,0.49425,0.50575,R,0.23246,0.25211,0.10173,0.0955,0.00471,0.00717,0.02427,0.02619,0.13388,0.14296,0.03649,0.03614,0.0026,0.00169,0.00423,0.006,0.45964,0.43223
801139,Payton Tolle,Bos,24,215.0,289.0,800,0.24217,0.07812,0.00779,0.00445,0.02033,0.00152,0.0337,0.15764,0.45427,0.04585,0.02332,0.00457,0.00329,0.00385,0.00021,0.00367,0.00654,0.0078,0.23975,0.07734,0.00779,0.01871,0.16158,0.03656,0.00145,0.00445,0.45237,0.23978,0.30343,0.30613,0.23978,0.30613,111,0.84,1.05,1.17,0.9,0.98,0.98,0.92,1.025,1.085,0.95,0.99,0.99,starter,5.18389031233068,0.934,3.68,3.75896,3.43712,3.51087,0.09838,0.09987,4.15614,4.18192,0.77944,0.77944,0.00678,236.215,0.32311,0.67689,L,0.20246,0.26113,0.07121,0.08142,0.00881,0.00731,0.02269,0.01921,0.16246,0.15533,0.02995,0.03548,0.00227,0.00116,0.00438,0.00448,0.49576,0.43447
677651,Luis Garcia,Hou,30,28.0,786.0,400,0.24207,0.0762,0.00448,0.00642,0.03382,0.00173,0.03181,0.14518,0.45829,0.03968,0.01996,0.00227,0.00265,0.00732,0.00037,0.00468,0.0091,0.01144,0.24934,0.07697,0.00448,0.03635,0.14373,0.03134,0.00148,0.00642,0.4499,0.2334,0.29434,0.28182,0.2334,0.28182,117,1.15,0.98,0.97,0.71,1.02,1.06,1.075,0.99,0.985,0.855,1.01,1.03,starter,3.8333333333333335,0.934,4.02259,4.11162,3.7571,3.84025,0.10844,0.11067,4.1215,4.12803,0.44759,0.44759,0.0088,365.56323468749997,0.39035,0.60965,R,0.22808,0.25103,0.07502,0.07696,0.00373,0.00496,0.03226,0.03482,0.14615,0.14456,0.03582,0.02925,0.00303,0.00089,0.00712,0.00598,0.4688,0.45155
687570,Connor Prielipp,Min,26,191.0,191.0,400,0.24188,0.08898,0.01061,0.01228,0.02558,0.00252,0.04073,0.13427,0.44314,0.05097,0.02752,0.00621,0.00624,0.00591,0.00047,0.00525,0.00807,0.01044,0.23826,0.08853,0.01061,0.0252,0.13696,0.04297,0.00232,0.01228,0.44287,0.23346,0.30659,0.29154,0.23346,0.29154,142,0.97,1.04,1.11,0.84,0.99,0.97,0.985,1.02,1.055,0.92,0.995,0.985,starter,4.851851851851851,0.934,3.97795,4.08217,3.7154,3.81275,0.1058,0.10797,4.17751,4.20097,1.0613,1.0613,0.0076,162.35,0.34271,0.65729,L,0.23343,0.24629,0.08987,0.08851,0.00838,0.01178,0.02645,0.02513,0.12998,0.13651,0.04553,0.03823,0.00275,0.0024,0.0152,0.01076,0.4484,0.4404
820862,José Fermin,Los,25,71.0,223.0,800,0.24168,0.12543,0.01279,0.0053,0.02794,0.00241,0.03147,0.13156,0.42141,0.05033,0.03162,0.00645,0.00392,0.00417,0.00037,0.00316,0.00562,0.00706,0.24773,0.12543,0.01279,0.02892,0.13025,0.03052,0.00236,0.0053,0.41669,0.22424,0.33028,0.28135,0.22424,0.28135,108,1.07,0.98,0.94,0.96,1.0,1.05,1.035,0.99,0.97,0.98,1.0,1.025,reliever,0.885209983653967,0.889,4.40388,4.38724,3.91505,3.90026,0.11228,0.11207,4.3582,4.34955,1.27925,1.27925,0.01067,170.17,0.43735,0.56265,R,0.2232,0.25605,0.14895,0.10715,0.01388,0.01194,0.03351,0.02361,0.11878,0.1415,0.03352,0.02988,0.00309,0.00189,0.00461,0.00584,0.42046,0.42214
543056,Danny Coulombe,Bos,37,56.0,602.0,1200,0.24167,0.08713,0.00568,0.0039,0.02352,0.00193,0.03032,0.15241,0.45343,0.03935,0.02105,0.00288,0.00232,0.00333,0.00027,0.0027,0.00527,0.00622,0.23926,0.08626,0.00568,0.02164,0.15622,0.0329,0.00183,0.0039,0.45231,0.23512,0.30453,0.29685,0.23512,0.29685,111,0.84,1.05,1.17,0.9,0.98,0.98,0.92,1.025,1.085,0.95,0.99,0.99,reliever,0.8033611415619176,0.889,3.76005,3.80978,3.34268,3.3869,0.10025,0.10106,4.16734,4.18854,0.56835,0.56835,0.00861,373.60906906249994,0.42115,0.57885,L,0.21603,0.26033,0.08482,0.08882,0.00635,0.0052,0.01561,0.02927,0.17497,0.13599,0.02839,0.03173,0.00255,0.00148,0.00487,0.0032,0.46642,0.44398
657006,Justin Steele,Chi,31,92.0,1875.0,800,0.24154,0.0689,0.00812,0.00542,0.02126,0.00179,0.02977,0.15138,0.47182,0.02646,0.01271,0.00203,0.00164,0.00386,0.00026,0.00346,0.00618,0.0075,0.24516,0.06925,0.00812,0.02115,0.14835,0.02679,0.00196,0.00542,0.47379,0.21615,0.27562,0.27209,0.21615,0.27209,112,0.99,0.96,0.8,1.19,1.01,1.03,0.995,0.98,0.9,1.095,1.005,1.015,starter,5.6202938475665745,0.934,3.33602,3.17899,3.11584,2.96917,0.09146,0.08784,4.05269,4.02138,0.81208,0.81208,0.00748,1008.2429699999998,0.25974,0.74026,L,0.2674,0.23247,0.0807,0.06476,0.0118,0.00683,0.02333,0.02053,0.14443,0.15382,0.02673,0.03084,0.00231,0.0016,0.00658,0.00502,0.43671,0.48414
506433,Yu Darvish,San,40,296.0,1972.0,800,0.24151,0.06501,0.01456,0.00804,0.03485,0.00229,0.03477,0.13373,0.46524,0.02589,0.01211,0.00264,0.00195,0.00496,0.0003,0.00357,0.00586,0.00768,0.24392,0.06534,0.01456,0.03607,0.13106,0.03268,0.00197,0.00804,0.46636,0.22124,0.28168,0.26217,0.22124,0.26217,135,1.07,0.96,0.88,0.72,1.01,1.02,1.035,0.98,0.94,0.86,1.005,1.01,starter,4.949305146336672,0.934,3.94977,3.87773,3.68909,3.6218,0.10769,0.10625,4.07537,4.05531,1.45595,1.45595,0.00685,1058.8637584374999,0.47642,0.52358,R,0.24622,0.23722,0.07632,0.05473,0.0121,0.0168,0.03371,0.03589,0.12614,0.14064,0.04001,0.03,0.00261,0.002,0.00707,0.00892,0.45583,0.4738
678022,Jack Perkins,Ath,27,144.0,305.0,800,0.24127,0.08527,0.02305,0.00899,0.02197,0.00251,0.0356,0.14375,0.43759,0.04565,0.0242,0.00764,0.00457,0.00391,0.00036,0.00365,0.00609,0.00748,0.22438,0.0938,0.02305,0.02373,0.15094,0.03952,0.00229,0.00899,0.4333,0.24765,0.33333,0.30788,0.24765,0.30788,133,1.16,1.1,1.22,0.83,1.2,0.86,1.08,1.05,1.11,0.915,1.1,0.93,reliever,2.509649423318488,0.889,3.97398,4.55304,3.53287,4.04765,0.10426,0.11578,4.23499,4.3695,2.30549,2.30549,0.00848,238.72249999999997,0.46139,0.53861,R,0.26546,0.22054,0.08632,0.08437,0.02835,0.01852,0.01977,0.02386,0.13669,0.1498,0.03674,0.03463,0.00253,0.00249,0.00772,0.01007,0.41642,0.45572
519151,Ryan Pressly,Chi,38,182.0,876.0,800,0.24114,0.07661,0.00615,0.00885,0.02738,0.00233,0.03588,0.15538,0.44629,0.03524,0.01779,0.00253,0.00297,0.00455,0.00031,0.00377,0.00652,0.00789,0.24476,0.07699,0.00615,0.02724,0.15227,0.03229,0.00255,0.00885,0.4489,0.23607,0.29749,0.2942,0.23607,0.2942,112,0.99,0.96,0.8,1.19,1.01,1.03,0.995,0.98,0.9,1.095,1.005,1.015,reliever,0.9507268499788147,0.889,4.09044,3.90084,3.6364,3.46784,0.10864,0.10453,4.18366,4.14657,0.61466,0.61466,0.00934,501.9935418749999,0.47284,0.52716,R,0.25662,0.22726,0.07854,0.07488,0.00516,0.00703,0.02905,0.02588,0.15658,0.1543,0.03098,0.04027,0.00281,0.0019,0.0086,0.00908,0.43167,0.4594
676263,Jack Dreyer,Los,28,101.0,408.0,800,0.24105,0.07633,0.00384,0.00913,0.01951,0.0021,0.03174,0.15049,0.46581,0.04206,0.0212,0.0028,0.00413,0.00354,0.00025,0.00324,0.00627,0.00749,0.24225,0.07709,0.00384,0.02244,0.14522,0.03063,0.00175,0.00913,0.46764,0.21984,0.28098,0.27525,0.21984,0.27525,119,1.3,0.93,0.93,0.67,1.02,1.01,1.15,0.965,0.965,0.835,1.01,1.005,reliever,1.1232914831673286,0.889,3.34266,3.35188,2.97163,2.97982,0.09129,0.09193,4.0685,4.05133,0.38445,0.38445,0.00718,307.65749999999997,0.39309,0.60691,L,0.20785,0.26255,0.08866,0.06834,0.00446,0.00345,0.01647,0.02149,0.15414,0.14812,0.02489,0.03618,0.00268,0.00172,0.0078,0.00999,0.49305,0.44817
669211,Keegan Akin,Bal,32,83.0,1105.0,1200,0.241,0.07989,0.00411,0.00965,0.02606,0.00204,0.03513,0.15109,0.45104,0.03159,0.01626,0.00186,0.00279,0.00349,0.0002,0.00301,0.00544,0.00648,0.23859,0.0771,0.00411,0.02723,0.15411,0.0353,0.00225,0.00965,0.45166,0.24077,0.3001,0.29793,0.24077,0.29793,110,1.09,1.04,1.01,1.21,0.93,0.98,1.045,1.02,1.005,1.105,0.965,0.99,reliever,1.0804172165163461,0.889,3.8966,4.00295,3.46408,3.55862,0.10429,0.10686,4.15144,4.16204,0.41149,0.41149,0.0082,660.8448728124998,0.42245,0.57755,L,0.23788,0.24328,0.07089,0.08648,0.00367,0.00444,0.02272,0.02849,0.16018,0.14443,0.03275,0.03686,0.00232,0.00183,0.0072,0.01144,0.4624,0.44273
681293,Spencer Arrighetti,Hou,27,243.0,1031.0,1200,0.24069,0.10871,0.01879,0.00592,0.02204,0.00301,0.0368,0.13676,0.42726,0.03071,0.01816,0.00407,0.00226,0.00315,0.00044,0.00288,0.00484,0.00599,0.24791,0.1098,0.01879,0.0237,0.1354,0.03625,0.00257,0.00592,0.41966,0.22867,0.3265,0.29336,0.22867,0.29336,117,1.15,0.98,0.97,0.71,1.02,1.06,1.075,0.99,0.985,0.855,1.01,1.03,starter,5.215490388982166,0.934,4.21217,4.24914,3.93417,3.9687,0.10827,0.10916,4.32273,4.32519,1.87904,1.87904,0.00584,707.387,0.51584,0.48416,R,0.25332,0.22724,0.13093,0.08505,0.018,0.01964,0.01814,0.0262,0.13193,0.14192,0.0381,0.03542,0.00418,0.00176,0.00554,0.00634,0.39988,0.45644
656731,Tylor Megill,New,31,305.0,1409.0,800,0.24067,0.09566,0.01268,0.00642,0.02582,0.00176,0.02732,0.14968,0.44,0.02899,0.0162,0.0029,0.00204,0.00445,0.00025,0.00312,0.00614,0.00749,0.24428,0.09949,0.01268,0.02608,0.14668,0.02636,0.00158,0.00642,0.43644,0.2277,0.31287,0.28577,0.2277,0.28577,121,1.02,0.96,0.93,0.79,1.08,1.03,1.01,0.98,0.965,0.895,1.04,1.015,starter,4.878021139131562,0.934,3.99417,3.96016,3.73056,3.69879,0.10468,0.10379,4.23966,4.23935,1.2677,1.2677,0.01005,812.0412312499999,0.47862,0.52138,R,0.24097,0.24039,0.10775,0.08456,0.01234,0.01299,0.02458,0.02695,0.14888,0.15041,0.02742,0.02723,0.00203,0.00152,0.00755,0.00539,0.42848,0.45057
660825,Eduard Bazardo,Sea,31,129.0,682.0,1200,0.24065,0.08238,0.00771,0.011,0.02893,0.00275,0.0333,0.1421,0.45118,0.03623,0.01892,0.00317,0.00368,0.00361,0.00038,0.00282,0.00499,0.00618,0.26231,0.08032,0.00771,0.02864,0.13499,0.0318,0.00191,0.011,0.44132,0.21904,0.28538,0.27656,0.21904,0.27656,136,0.98,0.9,0.91,0.39,0.95,1.18,0.99,0.95,0.955,0.695,0.975,1.09,reliever,1.06780453389766,0.889,3.93699,3.61859,3.49999,3.21692,0.10554,0.09864,4.14467,4.07628,0.77115,0.77115,0.00814,465.9332640624999,0.44933,0.55067,R,0.23321,0.24672,0.09936,0.06852,0.00637,0.00881,0.0308,0.0274,0.15409,0.13231,0.03091,0.03525,0.00395,0.00178,0.00957,0.01216,0.43173,0.46705
680742,Jonathan Bowlan,Phi,30,82.0,293.0,1200,0.24053,0.08168,0.00235,0.00925,0.02809,0.00283,0.03744,0.14329,0.45454,0.0469,0.0244,0.0025,0.0047,0.00384,0.00034,0.00308,0.00491,0.00631,0.24414,0.08004,0.00235,0.03005,0.14544,0.03632,0.00284,0.00925,0.44956,0.23631,0.29705,0.29109,0.23631,0.29109,143,1.14,1.03,0.94,1.01,0.96,1.03,1.07,1.015,0.97,1.005,0.98,1.015,reliever,1.2684333449427385,0.889,3.95133,4.04229,3.51273,3.59359,0.10615,0.10839,4.13586,4.14394,0.23489,0.23489,0.00709,199.75,0.44468,0.55532,R,0.2333,0.24633,0.09394,0.07186,0.00219,0.00248,0.03549,0.02216,0.14616,0.14099,0.04119,0.03445,0.00286,0.0028,0.01049,0.00825,0.43439,0.47069
702303,Riley Martin,Chi,29,31.0,31.0,400,0.24045,0.08047,0.00789,0.00543,0.02902,0.00238,0.03978,0.14006,0.45451,0.06769,0.03499,0.00836,0.00596,0.0065,0.00043,0.00573,0.00857,0.01097,0.24405,0.08088,0.00789,0.02888,0.13726,0.0358,0.00261,0.00543,0.4572,0.22582,0.29332,0.27758,0.22582,0.27758,112,0.99,0.96,0.8,1.19,1.01,1.03,0.995,0.98,0.9,1.095,1.005,1.015,reliever,1.0416666666666667,0.889,4.07455,3.87979,3.62228,3.44913,0.10885,0.10458,4.15914,4.12209,0.7893,0.7893,0.0079,26.349999999999998,0.41126,0.58874,L,0.24045,0.24045,0.08047,0.08047,0.00789,0.00789,0.02902,0.02902,0.14006,0.14006,0.03978,0.03978,0.00238,0.00238,0.00543,0.00543,0.45451,0.45451
656629,Michael Kopech,Los,31,53.0,1417.0,800,0.24022,0.13023,0.01328,0.01029,0.02827,0.00183,0.0301,0.13105,0.41472,0.03017,0.0193,0.00296,0.00257,0.00426,0.00021,0.00313,0.00566,0.00705,0.24142,0.13153,0.01328,0.03251,0.12647,0.02905,0.00153,0.01029,0.41391,0.22436,0.33437,0.27506,0.22436,0.27506,119,1.3,0.93,0.93,0.67,1.02,1.01,1.15,0.965,0.965,0.835,1.01,1.005,reliever,0.9739503130696037,0.889,4.43336,4.5493,3.94126,4.04432,0.11249,0.1155,4.37895,4.37632,1.32773,1.32773,0.01225,737.3294931249999,0.46053,0.53947,R,0.28148,0.205,0.14509,0.11755,0.01106,0.01517,0.02512,0.03096,0.11919,0.14118,0.0326,0.02797,0.00279,0.00102,0.01107,0.00962,0.3716,0.45152
605154,John Brebbia,Atl,37,115.0,806.0,1200,0.2398,0.08108,0.01002,0.00736,0.0321,0.00267,0.03345,0.14253,0.45099,0.03686,0.01914,0.00334,0.00281,0.00399,0.00045,0.00283,0.00518,0.00643,0.24459,0.08068,0.01002,0.03114,0.14538,0.03262,0.00256,0.00736,0.44566,0.23471,0.30239,0.28833,0.23471,0.28833,144,0.94,1.04,0.95,0.92,0.99,1.04,0.97,1.02,0.975,0.96,0.995,1.02,reliever,0.9785575447122307,0.889,4.15174,4.11478,3.6909,3.65804,0.11056,0.10949,4.17244,4.17566,1.00182,1.00182,0.00671,443.5358862499999,0.44165,0.55835,R,0.25964,0.2241,0.09809,0.06762,0.01059,0.00956,0.03858,0.02698,0.12479,0.15655,0.03235,0.03433,0.00326,0.0022,0.00563,0.00873,0.42706,0.46992
689296,Anthony Nunez,Bal,25,140.0,140.0,400,0.23979,0.08436,0.00853,0.00315,0.03525,0.00241,0.03545,0.13721,0.45385,0.05476,0.02894,0.00619,0.00347,0.007,0.00057,0.00515,0.00839,0.01086,0.23739,0.0814,0.00853,0.03684,0.13995,0.03563,0.00267,0.00315,0.45444,0.23716,0.30502,0.28173,0.23716,0.28173,110,1.09,1.04,1.01,1.21,0.93,0.98,1.045,1.02,1.005,1.105,0.965,0.99,reliever,1.077777777777778,0.889,4.29917,4.42411,3.82196,3.93304,0.11426,0.11728,4.1806,4.19148,0.85278,0.85278,0.00924,119.0,0.46765,0.53235,R,0.2121,0.26411,0.0833,0.08528,0.00887,0.00823,0.0405,0.03065,0.12601,0.14705,0.03033,0.03995,0.00337,0.00158,0.00306,0.00323,0.49248,0.41992
657097,Jacob Webb,Chi,33,120.0,856.0,1200,0.23903,0.0941,0.00841,0.00494,0.02889,0.002,0.03295,0.13626,0.45342,0.03363,0.0187,0.00298,0.00224,0.00354,0.00022,0.00275,0.00487,0.00611,0.24261,0.09457,0.00841,0.02874,0.13354,0.02966,0.00219,0.00494,0.45534,0.21761,0.29711,0.26644,0.21761,0.26644,112,0.99,0.96,0.8,1.19,1.01,1.03,0.995,0.98,0.9,1.095,1.005,1.015,reliever,1.074039996412878,0.889,3.96967,3.79953,3.52904,3.37778,0.10559,0.10187,4.17705,4.14434,0.84147,0.84147,0.00471,561.560575,0.45267,0.54733,R,0.25447,0.22626,0.09634,0.09226,0.0071,0.0095,0.02484,0.03223,0.14369,0.13011,0.02858,0.03657,0.00249,0.00159,0.00484,0.00502,0.43764,0.46646
697812,Joe Rock,Tam,26,35.0,35.0,400,0.23875,0.07951,0.02501,0.00529,0.01534,0.0027,0.03359,0.15416,0.44565,0.06773,0.0349,0.0145,0.00581,0.00456,0.0007,0.00477,0.00864,0.01029,0.24114,0.07831,0.02501,0.01542,0.15262,0.03175,0.00302,0.00529,0.44744,0.22752,0.30613,0.29518,0.22752,0.29518,139,1.01,0.98,0.89,1.24,0.97,1.02,1.005,0.99,0.945,1.12,0.985,1.01,reliever,2.555555555555556,0.889,3.70504,3.60347,3.29378,3.20349,0.09747,0.09537,4.22367,4.19822,2.50098,2.50098,0.00791,25.287499999999998,0.42128,0.57872,L,0.23875,0.23875,0.07951,0.07951,0.02501,0.02501,0.01534,0.01534,0.15416,0.15416,0.03359,0.03359,0.0027,0.0027,0.00529,0.00529,0.44565,0.44565
669854,Ronel Blanco,Hou,33,199.0,1133.0,850,0.23871,0.10117,0.00484,0.00704,0.03268,0.00231,0.03378,0.12517,0.45429,0.03092,0.01776,0.00199,0.00236,0.00437,0.00031,0.0034,0.00551,0.00719,0.24587,0.10218,0.00484,0.03513,0.12392,0.03328,0.00198,0.00704,0.44576,0.21933,0.30133,0.26313,0.21933,0.26313,117,1.15,0.98,0.97,0.71,1.02,1.06,1.075,0.99,0.985,0.855,1.01,1.03,starter,5.525173135353301,0.934,4.03459,4.12364,3.7683,3.85148,0.10773,0.10989,4.16121,4.16937,0.48443,0.48443,0.00607,691.0979825,0.47814,0.52186,R,0.21559,0.25989,0.11245,0.09084,0.00466,0.00501,0.0392,0.02671,0.11511,0.1344,0.0321,0.03533,0.00298,0.0017,0.00803,0.00613,0.46988,0.44
669622,Anthony Bender,Mia,32,108.0,618.0,1200,0.23833,0.08854,0.01415,0.00518,0.01926,0.00246,0.03221,0.14729,0.45259,0.03774,0.02043,0.00447,0.00264,0.00294,0.00034,0.00282,0.00492,0.00602,0.23475,0.08854,0.01415,0.01801,0.14803,0.03318,0.00289,0.00518,0.45528,0.22654,0.30479,0.28793,0.22654,0.28793,146,0.87,1.01,1.06,1.35,1.0,0.97,0.935,1.005,1.03,1.175,1.0,0.985,reliever,0.950259069819887,0.889,3.67203,3.67334,3.26443,3.2656,0.0975,0.09741,4.18481,4.19011,1.41492,1.41492,0.00976,413.819514375,0.4027,0.5973,R,0.21336,0.25516,0.1105,0.07372,0.01044,0.01665,0.02175,0.01758,0.15774,0.14025,0.03552,0.02998,0.00322,0.00195,0.00394,0.00601,0.44352,0.4587
661403,Emmanuel Clase,Cle,29,201.0,1044.0,800,0.23814,0.05426,0.0079,0.01015,0.02079,0.00218,0.03368,0.16076,0.47215,0.03296,0.01423,0.00264,0.00294,0.0039,0.00031,0.00361,0.00648,0.00781,0.24409,0.05507,0.0079,0.02017,0.15915,0.03435,0.00164,0.01015,0.46747,0.2323,0.27828,0.2945,0.2323,0.2945,114,0.94,0.98,1.04,0.51,1.03,1.05,0.97,0.99,1.02,0.755,1.015,1.025,reliever,0.9966267730556676,0.889,3.42397,3.36104,3.04391,2.98797,0.09409,0.09253,4.04335,4.03619,0.78969,0.78969,0.01131,588.9262771874999,0.44262,0.55738,R,0.24441,0.23316,0.05823,0.0511,0.0049,0.01028,0.01906,0.02217,0.16388,0.15828,0.0299,0.03668,0.00314,0.00142,0.00658,0.01299,0.4699,0.47394
683618,Edgardo Henriquez,Los,25,99.0,191.0,1200,0.23814,0.08352,0.0143,0.00585,0.02303,0.00193,0.03329,0.14723,0.4527,0.05181,0.02733,0.0072,0.00432,0.00327,0.00022,0.00287,0.00498,0.00612,0.23933,0.08436,0.0143,0.02648,0.14208,0.03213,0.00161,0.00585,0.45386,0.22591,0.30096,0.27922,0.22591,0.27922,119,1.3,0.93,0.93,0.67,1.02,1.01,1.15,0.965,0.965,0.835,1.01,1.005,reliever,0.9965936258842439,0.889,3.81901,3.85969,3.3951,3.43127,0.10149,0.10291,4.18117,4.16713,1.43031,1.43031,0.00863,140.505,0.39386,0.60614,R,0.23669,0.23908,0.10006,0.07278,0.01272,0.01533,0.02985,0.01859,0.13908,0.15253,0.03816,0.03012,0.00258,0.00151,0.0069,0.00517,0.43396,0.46488
660853,Enyel De Los Santos,Hou,31,112.0,1147.0,1200,0.23808,0.08235,0.01131,0.00538,0.02884,0.00223,0.03656,0.14638,0.44886,0.03072,0.0161,0.00302,0.00205,0.00379,0.00027,0.00305,0.00518,0.00647,0.24522,0.08317,0.01131,0.03101,0.14492,0.03601,0.00191,0.00538,0.44107,0.23757,0.30833,0.29305,0.23757,0.29305,117,1.15,0.98,0.97,0.71,1.02,1.06,1.075,0.99,0.985,0.855,1.01,1.03,reliever,1.0231465634258332,0.889,4.18826,4.25264,3.72336,3.7806,0.1106,0.1122,4.20757,4.21153,1.1309,1.1309,0.00769,700.3890296874999,0.40345,0.59655,R,0.18421,0.27451,0.09737,0.07219,0.00596,0.01493,0.02887,0.02883,0.16103,0.13648,0.03464,0.03786,0.00258,0.00199,0.00613,0.00488,0.4792,0.42834
676206,Freddy Tarnok,Mia,28,28.0,96.0,400,0.23787,0.1028,0.01066,0.00379,0.0231,0.0019,0.0273,0.15203,0.44056,0.06248,0.03619,0.00772,0.00417,0.00583,0.00034,0.00434,0.00903,0.01044,0.2343,0.1028,0.01066,0.02159,0.15279,0.02812,0.00224,0.00379,0.44372,0.23193,0.31819,0.29216,0.23193,0.29216,146,0.87,1.01,1.06,1.35,1.0,0.97,0.935,1.005,1.03,1.175,1.0,0.985,reliever,1.4666666666666666,0.889,3.98314,3.96097,3.54101,3.5213,0.10365,0.10301,4.26989,4.27246,1.06598,1.06598,0.00916,54.16040624999999,0.44298,0.55702,R,0.24199,0.23459,0.10119,0.10407,0.01003,0.01116,0.02002,0.02554,0.15671,0.14831,0.02742,0.0272,0.00243,0.00149,0.00378,0.0038,0.43644,0.44384
672391,Kaleb Ort,Hou,35,194.0,528.0,800,0.23732,0.09903,0.00638,0.00589,0.02435,0.00205,0.03422,0.14497,0.4458,0.04161,0.02372,0.00323,0.003,0.00409,0.00034,0.00361,0.00618,0.00763,0.24444,0.10002,0.00638,0.02617,0.14352,0.03371,0.00175,0.00589,0.43812,0.23111,0.31155,0.29004,0.23111,0.29004,117,1.15,0.98,0.97,0.71,1.02,1.06,1.075,0.99,0.985,0.855,1.01,1.03,reliever,0.9958947876177487,0.889,3.99974,4.05022,3.55577,3.60064,0.10512,0.10636,4.22782,4.23124,0.63752,0.63752,0.00931,312.58980562499994,0.40246,0.59754,R,0.22158,0.24792,0.09784,0.09983,0.00509,0.00724,0.02771,0.02208,0.13067,0.1546,0.03717,0.03223,0.00275,0.00158,0.00792,0.00453,0.46926,0.42999
687606,Paxton Schultz,Was,29,108.0,218.0,800,0.23728,0.07539,0.00965,0.01426,0.02735,0.00241,0.03486,0.14523,0.45356,0.04993,0.02516,0.00565,0.00644,0.00441,0.00037,0.0034,0.00633,0.00778,0.23016,0.07388,0.00965,0.02735,0.14959,0.03451,0.00236,0.01426,0.45823,0.23699,0.29735,0.28923,0.23699,0.28923,120,1.0,1.06,0.98,0.96,0.96,0.94,1.0,1.03,0.99,0.98,0.98,0.97,reliever,1.5661511848336527,0.889,3.87703,3.94288,3.44668,3.50522,0.10427,0.10567,4.1313,4.14572,0.96514,0.96514,0.00752,171.27499999999998,0.46411,0.53589,R,0.23654,0.23792,0.09495,0.05845,0.00706,0.0119,0.02469,0.02965,0.15212,0.13927,0.03164,0.03765,0.00241,0.00241,0.01381,0.01465,0.43677,0.46811
682120,Tim Herrin,Cle,30,107.0,679.0,1200,0.23705,0.11382,0.02223,0.01479,0.02004,0.00266,0.03719,0.12935,0.42286,0.03646,0.02211,0.00535,0.00427,0.00274,0.00044,0.00284,0.00449,0.00565,0.24298,0.11553,0.02223,0.01944,0.12806,0.03794,0.00201,0.01479,0.41702,0.22118,0.32521,0.28717,0.22118,0.28717,114,0.94,0.98,1.04,0.51,1.03,1.05,0.97,0.99,1.02,0.755,1.015,1.025,reliever,0.8299550283858064,0.889,4.07677,4.02978,3.62425,3.58247,0.10492,0.10372,4.31748,4.31687,2.22347,2.22347,0.01043,452.10788124999993,0.41953,0.58047,L,0.24724,0.22969,0.10747,0.11841,0.02803,0.01804,0.01921,0.02064,0.12402,0.1332,0.03066,0.04191,0.00332,0.00218,0.01732,0.01297,0.42272,0.42296
647336,Michael Soroka,Ari,29,306.0,1177.0,1200,0.23693,0.08346,0.02138,0.00526,0.02315,0.00375,0.03479,0.14591,0.44538,0.02868,0.01515,0.00408,0.00201,0.00321,0.00049,0.00283,0.00502,0.00618,0.22508,0.08262,0.02138,0.02222,0.14737,0.0374,0.00572,0.00526,0.45295,0.2388,0.31671,0.29605,0.2388,0.29605,109,0.92,1.02,1.15,2.05,0.98,0.9,0.96,1.01,1.075,1.525,0.99,0.95,starter,4.40519616208592,0.934,4.06328,4.22611,3.7951,3.94719,0.10656,0.11014,4.23669,4.26321,2.13812,2.13812,0.00669,822.7197812499999,0.53166,0.46834,R,0.22578,0.24959,0.09051,0.07545,0.02012,0.02282,0.02397,0.02221,0.1469,0.14479,0.03587,0.03356,0.00539,0.00189,0.00573,0.00472,0.44573,0.44499
678226,Daysbel Hernández,Atl,30,164.0,258.0,800,0.2369,0.12909,0.01147,0.00217,0.0303,0.00188,0.03234,0.1287,0.42716,0.04966,0.0318,0.00578,0.00239,0.00444,0.00022,0.00334,0.00558,0.00721,0.24164,0.12845,0.01147,0.02939,0.13128,0.03153,0.00181,0.00217,0.42228,0.22613,0.33391,0.28048,0.22613,0.28048,144,0.94,1.04,0.95,0.92,0.99,1.04,0.97,1.02,0.975,0.96,0.995,1.02,reliever,1.0002880325538068,0.889,4.53091,4.4872,4.02798,3.98912,0.11514,0.11401,4.3724,4.3733,1.14678,1.14678,0.00917,163.93524999999997,0.42237,0.57763,R,0.25518,0.22353,0.1474,0.1157,0.0121,0.01101,0.03001,0.03051,0.11991,0.13513,0.03133,0.03308,0.00244,0.00147,0.00219,0.00215,0.39945,0.44742
543135,Nathan Eovaldi,Tex,37,337.0,2566.0,1279,0.23681,0.06012,0.01054,0.00477,0.02741,0.00223,0.03185,0.1565,0.46976,0.02152,0.00977,0.00198,0.00133,0.00358,0.00034,0.00268,0.00511,0.00619,0.23918,0.05862,0.01054,0.02618,0.15181,0.03025,0.00201,0.00477,0.47664,0.22703,0.2794,0.27859,0.22703,0.27859,140,0.91,0.94,0.9,0.8,0.95,1.02,0.955,0.97,0.95,0.9,0.975,1.01,starter,5.9688042554170755,0.934,3.78343,3.52387,3.53372,3.2913,0.10266,0.09686,4.09503,4.04248,1.05352,1.05352,0.00756,1577.5430499999998,0.50607,0.49393,R,0.22999,0.2438,0.05937,0.06089,0.0073,0.01385,0.02923,0.02556,0.15067,0.16248,0.03651,0.02706,0.0015,0.00297,0.00325,0.00633,0.48217,0.45705
681217,Chase Silseth,Los,27,99.0,536.0,1200,0.23652,0.10941,0.00954,0.0043,0.02118,0.00196,0.03358,0.14449,0.43903,0.04143,0.02471,0.00391,0.00255,0.00312,0.00022,0.00284,0.00496,0.00596,0.24243,0.10941,0.00954,0.02192,0.14304,0.03257,0.00192,0.0043,0.43487,0.22749,0.3184,0.2899,0.22749,0.2899,108,1.07,0.98,0.94,0.96,1.0,1.05,1.035,0.99,0.97,0.98,1.0,1.025,reliever,1.3692796458913399,0.889,4.01628,3.98205,3.57048,3.54005,0.10415,0.10353,4.28479,4.27379,0.95392,0.95392,0.0128,315.49061656249995,0.46891,0.53109,R,0.22712,0.24481,0.13143,0.08997,0.00771,0.01116,0.02289,0.01967,0.13474,0.1531,0.03411,0.03311,0.00277,0.00124,0.00438,0.00423,0.43487,0.44271
663542,Bryan Hudson,Chi,30,129.0,479.0,1200,0.23641,0.09498,0.01767,0.01305,0.02043,0.0021,0.03324,0.14129,0.44083,0.04085,0.02289,0.00557,0.00463,0.00298,0.00023,0.00261,0.0047,0.00576,0.23286,0.0964,0.01767,0.02012,0.14058,0.03208,0.00181,0.01305,0.44543,0.22293,0.30866,0.28145,0.22293,0.28145,145,0.97,0.99,0.93,0.72,1.03,0.97,0.985,0.995,0.965,0.86,1.015,0.985,reliever,1.2105584877798674,0.889,3.79813,3.73872,3.37654,3.32372,0.1,0.09859,4.21995,4.21356,1.76675,1.76675,0.00599,328.66864999999996,0.3874,0.6126,L,0.2198,0.24691,0.11105,0.08481,0.01384,0.02009,0.02052,0.02037,0.14385,0.13967,0.03674,0.03103,0.00322,0.0014,0.01415,0.01236,0.43683,0.44337
676534,Calvin Faucher,Mia,31,123.0,834.0,1200,0.23617,0.1089,0.01081,0.00924,0.01975,0.00212,0.03328,0.14873,0.43099,0.034,0.02025,0.00342,0.0031,0.00289,0.00023,0.00293,0.00503,0.00596,0.23262,0.1089,0.01081,0.01847,0.14948,0.03428,0.00249,0.00924,0.43371,0.23503,0.32442,0.30043,0.23503,0.30043,146,0.87,1.01,1.06,1.35,1.0,0.97,0.935,1.005,1.03,1.175,1.0,0.985,reliever,0.9698145364184803,0.889,4.04354,4.04198,3.59471,3.59332,0.10432,0.10416,4.30658,4.31187,1.08054,1.08054,0.01389,540.5618615624999,0.47478,0.52522,R,0.23664,0.23574,0.11303,0.10516,0.01027,0.01129,0.01891,0.02052,0.14839,0.14904,0.03296,0.03358,0.00286,0.00146,0.01078,0.00785,0.42616,0.43536
805673,Zebby Matthews,Min,27,122.0,653.0,1200,0.23617,0.07019,0.00665,0.00753,0.02664,0.0026,0.03541,0.15969,0.45513,0.03593,0.01755,0.003,0.00311,0.00355,0.00028,0.00296,0.00562,0.0066,0.23262,0.06984,0.00665,0.02624,0.16288,0.03735,0.00239,0.00753,0.45449,0.24987,0.30536,0.30837,0.24987,0.30837,142,0.97,1.04,1.11,0.84,0.99,0.97,0.985,1.02,1.055,0.92,0.995,0.985,starter,5.058979660831945,0.934,4.04722,4.15332,3.7801,3.8792,0.10788,0.11005,4.16845,4.19355,0.66523,0.66523,0.00735,468.16512499999993,0.50879,0.49121,R,0.24516,0.22685,0.08272,0.05721,0.00729,0.00599,0.03244,0.02064,0.15403,0.16556,0.03576,0.03505,0.00313,0.00206,0.00783,0.00721,0.43165,0.47944
657571,Caleb Ferguson,Cin,30,30.0,961.0,1200,0.23597,0.08934,0.02005,0.00538,0.01504,0.00146,0.02828,0.15806,0.44642,0.03312,0.01806,0.00434,0.00222,0.00265,0.00017,0.00269,0.00511,0.00586,0.23951,0.09247,0.02005,0.01677,0.15411,0.02856,0.00125,0.00538,0.4419,0.22751,0.31321,0.29388,0.22751,0.29388,113,1.23,0.95,1.02,0.71,1.07,1.03,1.115,0.975,1.01,0.855,1.035,1.015,reliever,0.9372723998886019,0.889,3.61168,3.67154,3.21078,3.264,0.09475,0.09618,4.23543,4.24145,2.00539,2.00539,0.00771,577.439966875,0.41389,0.58611,L,0.22419,0.24429,0.09394,0.08609,0.02612,0.01577,0.0148,0.01522,0.15238,0.16206,0.02375,0.03148,0.00176,0.00125,0.0055,0.0053,0.45757,0.43854
682825,Luis Mey,Cin,26,46.0,142.0,800,0.23592,0.12874,0.02196,0.00694,0.0308,0.0019,0.03367,0.12678,0.41328,0.05555,0.03558,0.00981,0.00512,0.00452,0.00025,0.00343,0.00567,0.00723,0.23946,0.13325,0.02196,0.03435,0.12361,0.03401,0.00163,0.00694,0.40481,0.23105,0.34879,0.28232,0.23105,0.28232,113,1.23,0.95,1.02,0.71,1.07,1.03,1.115,0.975,1.01,0.855,1.035,1.015,reliever,1.019282896937093,0.889,4.77518,4.99961,4.24513,4.44465,0.11951,0.12419,4.43956,4.47324,2.19645,2.19645,0.01262,108.45999999999998,0.44444,0.55556,R,0.25113,0.22375,0.15801,0.10532,0.02049,0.02315,0.02699,0.03385,0.12225,0.13039,0.03359,0.03374,0.00237,0.00152,0.00583,0.00783,0.37933,0.44044
621363,Colin Poche,New,33,52.0,696.0,800,0.23591,0.10196,0.00371,0.01448,0.0277,0.00269,0.03123,0.14507,0.43726,0.03922,0.02269,0.00218,0.00418,0.00445,0.00055,0.00318,0.00642,0.00767,0.23945,0.10603,0.00371,0.02798,0.14217,0.03013,0.00241,0.01448,0.43364,0.23144,0.31243,0.28719,0.23144,0.28719,121,1.02,0.96,0.93,0.79,1.08,1.03,1.01,0.98,0.965,0.895,1.04,1.015,reliever,0.8224101479915434,0.889,4.12415,4.08852,3.66637,3.63469,0.10817,0.10723,4.23616,4.23664,0.37063,0.37063,0.00994,368.6524640624999,0.41235,0.58765,L,0.27138,0.21102,0.11246,0.09459,0.00345,0.00389,0.03033,0.02586,0.14748,0.14338,0.02953,0.03242,0.00456,0.00137,0.00865,0.01858,0.39215,0.4689
641482,Nestor Cortes,San,32,157.0,1748.0,910,0.23546,0.07037,0.0065,0.00526,0.03098,0.00241,0.03751,0.14406,0.46746,0.02677,0.01311,0.00188,0.00167,0.00431,0.00043,0.00347,0.00602,0.0075,0.23781,0.07072,0.0065,0.03206,0.14118,0.03526,0.00207,0.00526,0.46914,0.2295,0.28779,0.27562,0.2295,0.27562,135,1.07,0.96,0.88,0.72,1.01,1.02,1.035,0.98,0.94,0.86,1.005,1.01,starter,5.373094517808066,0.934,4.00797,3.91697,3.74344,3.65845,0.10826,0.10641,4.11335,4.09006,0.64968,0.64968,0.00424,961.1936796874999,0.25679,0.74321,L,0.26618,0.22484,0.07474,0.06886,0.00484,0.00707,0.02919,0.03159,0.15108,0.14163,0.02688,0.04119,0.00475,0.00159,0.00727,0.00456,0.43506,0.47866
621121,Lance McCullers Jr.,Hou,33,172.0,641.0,800,0.23543,0.11905,0.0137,0.00239,0.02434,0.00296,0.04438,0.13557,0.42218,0.03704,0.02296,0.00433,0.00177,0.00401,0.0005,0.0042,0.00597,0.00749,0.24249,0.12024,0.0137,0.02616,0.13422,0.04371,0.00253,0.00239,0.41455,0.23924,0.34056,0.30329,0.23924,0.30329,117,1.15,0.98,0.97,0.71,1.02,1.06,1.075,0.99,0.985,0.855,1.01,1.03,starter,4.122491316094172,0.934,4.69584,4.74304,4.38591,4.43,0.11822,0.1193,4.41363,4.41741,1.36978,1.36978,0.00923,430.68753593749994,0.48607,0.51393,R,0.25653,0.21547,0.12828,0.11032,0.01224,0.01508,0.02278,0.02581,0.12639,0.14426,0.04237,0.04628,0.0035,0.00245,0.00251,0.00228,0.40539,0.43806
669456,Shane Bieber,Tor,32,159.0,1528.0,800,0.23503,0.05629,0.00428,0.00474,0.0347,0.00218,0.04112,0.1558,0.46587,0.02938,0.01297,0.00163,0.00169,0.00541,0.00032,0.00435,0.00675,0.00829,0.2315,0.05573,0.00428,0.03643,0.1558,0.04194,0.00187,0.00474,0.4677,0.25239,0.29605,0.29913,0.25239,0.29913,141,1.1,1.0,1.04,0.72,0.98,0.97,1.05,1.0,1.02,0.86,0.99,0.985,starter,5.809963563261716,0.934,4.3193,4.42804,4.03423,4.13579,0.11625,0.1189,4.12819,4.1381,0.42762,0.42762,0.00827,771.7133584374999,0.45545,0.54455,R,0.25112,0.22157,0.06318,0.05053,0.0036,0.00484,0.03629,0.03336,0.1532,0.15798,0.03822,0.04355,0.00222,0.00214,0.00623,0.0035,0.44595,0.48252
683232,Nick Mears,Kan,30,83.0,655.0,1200,0.23499,0.09162,0.00391,0.01912,0.02528,0.0029,0.0355,0.14623,0.44046,0.03683,0.02035,0.0023,0.00492,0.00345,0.0003,0.00289,0.00519,0.00623,0.22441,0.09162,0.00391,0.02313,0.14696,0.03887,0.00404,0.01912,0.44794,0.24058,0.30853,0.29769,0.24058,0.29769,118,0.83,1.01,1.19,1.79,1.0,0.91,0.915,1.005,1.095,1.395,1.0,0.955,reliever,0.9675031197114399,0.889,3.99573,4.07013,3.55221,3.61834,0.10586,0.10735,4.19397,4.21277,0.39131,0.39131,0.0093,432.8530437499999,0.44605,0.55395,R,0.21955,0.24741,0.08983,0.09306,0.00367,0.00411,0.02759,0.02342,0.15779,0.13691,0.02931,0.04049,0.00262,0.00312,0.01799,0.02003,0.45165,0.43145
676974,Max Meyer,Mia,28,325.0,884.0,1200,0.23498,0.08059,0.01128,0.0048,0.02602,0.00225,0.03049,0.15568,0.45392,0.03161,0.01648,0.0034,0.00218,0.00358,0.00029,0.00266,0.00532,0.00633,0.23146,0.08059,0.01128,0.02432,0.15646,0.03141,0.00264,0.0048,0.45705,0.23782,0.3067,0.29419,0.23782,0.29419,146,0.87,1.01,1.06,1.35,1.0,0.97,0.935,1.005,1.03,1.175,1.0,0.985,starter,5.454751621147884,0.934,3.9978,3.97149,3.73394,3.70937,0.10578,0.10502,4.19924,4.20164,1.12823,1.12823,0.0067,646.001838125,0.5,0.5,R,0.25709,0.21287,0.0921,0.06907,0.00716,0.01541,0.02237,0.02966,0.14036,0.171,0.03182,0.02917,0.00287,0.00162,0.00535,0.00425,0.44089,0.46695
686580,Justin Slaten,Bos,29,52.0,413.0,1200,0.23491,0.06847,0.00583,0.00717,0.02783,0.00193,0.03364,0.15197,0.46826,0.04297,0.02079,0.00343,0.00365,0.00372,0.00023,0.00287,0.00534,0.00652,0.23256,0.06779,0.00583,0.0256,0.15576,0.0365,0.00183,0.00717,0.46696,0.23901,0.29332,0.29362,0.23901,0.29362,111,0.84,1.05,1.17,0.9,0.98,0.98,0.92,1.025,1.085,0.95,0.99,0.99,reliever,1.093057455370448,0.889,3.80937,3.85138,3.38653,3.42387,0.10321,0.10381,4.1009,4.12208,0.58339,0.58339,0.00923,280.74649999999997,0.44372,0.55628,R,0.24368,0.2279,0.08414,0.05597,0.00562,0.006,0.02642,0.02895,0.13096,0.16872,0.03413,0.03325,0.00209,0.0018,0.00519,0.00874,0.46776,0.46866
571510,Matthew Boyd,Chi,36,100.0,1340.0,1342,0.23486,0.06991,0.01048,0.00536,0.02483,0.0021,0.03379,0.15251,0.46617,0.02769,0.01352,0.0027,0.00191,0.00322,0.00025,0.00265,0.00496,0.00601,0.23838,0.07026,0.01048,0.02471,0.14946,0.03041,0.0023,0.00536,0.46865,0.22636,0.28761,0.2799,0.22636,0.2799,112,0.99,0.96,0.8,1.19,1.01,1.03,0.995,0.98,0.9,1.095,1.005,1.015,starter,5.562492449261326,0.934,3.7718,3.5952,3.52286,3.35791,0.10163,0.09769,4.12379,4.08903,1.04761,1.04761,0.005,887.3840253125,0.26605,0.73395,L,0.23719,0.23402,0.06805,0.07058,0.01453,0.00901,0.02044,0.02642,0.15347,0.15216,0.02736,0.03612,0.00223,0.00205,0.00487,0.00553,0.47186,0.46411
592254,José De León,Bos,34,28.0,98.0,400,0.23483,0.08352,0.01054,0.00376,0.02849,0.00179,0.03529,0.14654,0.45523,0.06201,0.03286,0.00763,0.00413,0.00673,0.00034,0.00544,0.00921,0.01138,0.23249,0.08268,0.01054,0.02621,0.15021,0.03829,0.0017,0.00376,0.45412,0.23965,0.30963,0.2952,0.23965,0.2952,111,0.84,1.05,1.17,0.9,0.98,0.98,0.92,1.025,1.085,0.95,0.99,0.99,starter,6.666666666666668,0.934,4.11592,4.15698,3.84427,3.88262,0.10893,0.10946,4.19846,4.2195,1.054,1.054,0.00753,56.77043749999999,0.42982,0.57018,R,0.23353,0.23582,0.09533,0.07461,0.00904,0.01167,0.03183,0.02597,0.13906,0.15218,0.03606,0.03471,0.0023,0.00142,0.00373,0.00378,0.44912,0.45984
663485,Cole Sands,Min,29,50.0,884.0,1200,0.23471,0.07044,0.01647,0.01177,0.03157,0.00259,0.03451,0.14179,0.45616,0.03362,0.01648,0.0041,0.0034,0.00375,0.00032,0.00282,0.00499,0.00618,0.23119,0.07009,0.01647,0.0311,0.14462,0.03641,0.00238,0.01177,0.45598,0.2379,0.30107,0.28686,0.2379,0.28686,142,0.97,1.04,1.11,0.84,0.99,0.97,0.985,1.02,1.055,0.92,0.995,0.985,reliever,1.0811483000884636,0.889,4.08126,4.17279,3.62824,3.70961,0.10938,0.11124,4.14583,4.16778,1.6469,1.6469,0.01024,553.3458828124999,0.43995,0.56005,R,0.21884,0.24717,0.0852,0.05884,0.01811,0.01518,0.03521,0.02871,0.14067,0.14266,0.0324,0.03617,0.00241,0.00274,0.01227,0.01138,0.4549,0.45715
660896,Jorge Alcala,St.,31,257.0,577.0,1200,0.2346,0.10038,0.00894,0.00978,0.02909,0.00246,0.03524,0.13673,0.44278,0.03895,0.02243,0.00367,0.00373,0.00365,0.00033,0.00286,0.00488,0.00614,0.22287,0.09636,0.00894,0.02618,0.1422,0.03629,0.00212,0.00978,0.45525,0.23369,0.3121,0.28404,0.23369,0.28404,138,0.8,1.08,1.06,0.72,0.92,0.9,0.9,1.04,1.03,0.86,0.96,0.95,reliever,1.0286543420673566,0.889,4.21695,4.13782,3.74886,3.67852,0.11053,0.10857,4.23918,4.23461,0.89439,0.89439,0.01211,369.15234374999994,0.4263,0.5737,R,0.23458,0.23461,0.10425,0.0975,0.00582,0.01126,0.03056,0.028,0.12985,0.14185,0.03513,0.03532,0.00274,0.00225,0.00675,0.01204,0.45032,0.43717
800311,Didier Fuentes,Atl,22,107.0,176.0,800,0.23409,0.08417,0.01905,0.0129,0.02179,0.00257,0.0331,0.14659,0.44575,0.05223,0.02781,0.00853,0.00655,0.00382,0.00035,0.00321,0.00604,0.00731,0.23877,0.08375,0.01905,0.02114,0.14952,0.03227,0.00247,0.0129,0.44014,0.23227,0.30819,0.2951,0.23227,0.2951,144,0.94,1.04,0.95,0.92,0.99,1.04,0.97,1.02,0.975,0.96,0.995,1.02,reliever,1.9829434697855748,0.889,3.85836,3.84095,3.43008,3.41461,0.10195,0.10135,4.20506,4.21069,1.90474,1.90474,0.00765,140.8025,0.46011,0.53989,R,0.23616,0.23232,0.09056,0.07872,0.01492,0.02257,0.02277,0.02095,0.14176,0.1507,0.03612,0.03053,0.00321,0.00203,0.0114,0.01419,0.44311,0.448
656550,Grant Holmes,Atl,31,287.0,1061.0,1200,0.23402,0.09253,0.01041,0.00747,0.02272,0.0025,0.03299,0.14511,0.45225,0.02932,0.0163,0.003,0.0025,0.0032,0.00032,0.00274,0.00498,0.00601,0.2387,0.09207,0.01041,0.02204,0.14801,0.03217,0.0024,0.00747,0.44673,0.2299,0.3071,0.29013,0.2299,0.29013,144,0.94,1.04,0.95,0.92,0.99,1.04,0.97,1.02,0.975,0.96,0.995,1.02,starter,4.596166419092222,0.934,3.8544,3.83423,3.60001,3.58118,0.10199,0.10134,4.19901,4.20406,1.04085,1.04085,0.00837,772.6032499999999,0.49722,0.50278,R,0.21521,0.25263,0.10034,0.08481,0.00815,0.01265,0.0203,0.02512,0.14518,0.14503,0.03498,0.03103,0.00362,0.0014,0.00645,0.00848,0.46577,0.43887
663474,Triston McKenzie,Cle,29,30.0,1184.0,800,0.23401,0.09895,0.00544,0.0037,0.03391,0.0032,0.03799,0.13502,0.44779,0.03258,0.01866,0.00207,0.00168,0.00486,0.00056,0.00357,0.00622,0.0078,0.23986,0.10043,0.00544,0.03289,0.13367,0.03875,0.00242,0.0037,0.44284,0.23329,0.3136,0.28305,0.23329,0.28305,114,0.94,0.98,1.04,0.51,1.03,1.05,0.97,0.99,1.02,0.755,1.015,1.025,starter,4.460948043184885,0.934,4.50176,4.41989,4.20464,4.12817,0.11771,0.11572,4.24948,4.24386,0.544,0.544,0.01191,597.3695928125,0.45965,0.54035,R,0.22808,0.23906,0.10619,0.09278,0.00539,0.00548,0.03302,0.03466,0.13209,0.13751,0.03503,0.0405,0.00267,0.00366,0.0042,0.00327,0.45333,0.44308
696062,Wilber Dotel,Pit,24,67.0,67.0,400,0.23364,0.085,0.00596,0.00438,0.03605,0.0018,0.02991,0.14547,0.45778,0.06187,0.03311,0.00633,0.00482,0.00739,0.00031,0.00452,0.00898,0.0112,0.23131,0.08458,0.00596,0.03262,0.14693,0.03246,0.00161,0.00438,0.46016,0.23602,0.30416,0.2823,0.23602,0.2823,134,0.81,1.02,1.17,0.79,0.99,0.98,0.905,1.01,1.085,0.895,0.995,0.99,reliever,2.0833333333333335,0.889,4.28276,4.19319,3.80737,3.72775,0.11367,0.11129,4.18652,4.18628,0.596,0.596,0.00753,56.949999999999996,0.43446,0.56554,R,0.23493,0.23266,0.09757,0.07535,0.00549,0.00632,0.03118,0.03979,0.14181,0.14829,0.02947,0.03025,0.00228,0.00143,0.0043,0.00444,0.45296,0.46148
668674,Lucas Erceg,Kan,32,112.0,865.0,1200,0.23352,0.09517,0.01786,0.00185,0.01906,0.00224,0.036,0.14713,0.44718,0.03336,0.01879,0.00431,0.00137,0.00304,0.0003,0.0029,0.00476,0.00591,0.22301,0.09517,0.01786,0.01744,0.14786,0.03942,0.00313,0.00185,0.45426,0.23483,0.32088,0.29536,0.23483,0.29536,118,0.83,1.01,1.19,1.79,1.0,0.91,0.915,1.005,1.095,1.395,1.0,0.955,reliever,0.991098154655642,0.889,3.96512,4.06165,3.525,3.61081,0.10323,0.10521,4.26789,4.2894,1.78583,1.78583,0.01175,561.4996937499999,0.4914,0.5086,R,0.23476,0.23232,0.10302,0.08758,0.01481,0.0208,0.02087,0.01732,0.13795,0.15599,0.03726,0.03479,0.00236,0.00213,0.00168,0.00201,0.44729,0.44707
687911,Bryan King,Hou,30,122.0,506.0,1200,0.23349,0.06919,0.01856,0.0061,0.0184,0.00178,0.03036,0.15776,0.46436,0.03905,0.01902,0.00557,0.00311,0.0029,0.00025,0.00256,0.00526,0.00617,0.24049,0.06988,0.01856,0.01978,0.15618,0.0299,0.00152,0.0061,0.45758,0.22904,0.29583,0.29078,0.22904,0.29078,117,1.15,0.98,0.97,0.71,1.02,1.06,1.075,0.99,0.985,0.855,1.01,1.03,reliever,1.0251550842619144,0.889,3.52727,3.54733,3.13574,3.15357,0.09471,0.09528,4.13807,4.13678,1.85599,1.85599,0.00734,369.32712499999997,0.35977,0.64023,L,0.2334,0.23354,0.08146,0.06229,0.0157,0.02017,0.01911,0.018,0.1711,0.15027,0.03087,0.03007,0.00293,0.00113,0.00617,0.00606,0.43926,0.47847
656876,Drew Rasmussen,Tam,31,261.0,1723.0,1216,0.23339,0.05965,0.00603,0.0037,0.0205,0.00221,0.02981,0.16254,0.48218,0.0255,0.01159,0.00182,0.00141,0.00318,0.00028,0.00256,0.00537,0.0063,0.23573,0.05875,0.00603,0.0206,0.16091,0.02817,0.00248,0.0037,0.48364,0.22775,0.27694,0.28371,0.22775,0.28371,139,1.01,0.98,0.89,1.24,0.97,1.02,1.005,0.99,0.945,1.12,0.985,1.01,starter,4.643575296985625,0.934,3.37752,3.29058,3.15461,3.0734,0.09266,0.09075,4.04994,4.0287,0.60322,0.60322,0.00894,1067.2700087499998,0.54185,0.45815,R,0.24703,0.21726,0.06232,0.05648,0.00663,0.00532,0.02119,0.01968,0.17027,0.1534,0.02752,0.03251,0.00235,0.00205,0.00428,0.00301,0.45842,0.51028
608371,Lucas Sims,Chi,33,46.0,622.0,1200,0.23331,0.13421,0.03116,0.01458,0.02443,0.0024,0.03521,0.122,0.40269,0.03895,0.02549,0.00655,0.0044,0.00315,0.00032,0.00276,0.00433,0.00555,0.22981,0.13622,0.03116,0.02407,0.12139,0.03398,0.00207,0.01458,0.40673,0.22188,0.34889,0.27907,0.22188,0.27907,145,0.97,0.99,0.93,0.72,1.03,0.97,0.985,0.995,0.965,0.86,1.015,0.985,reliever,0.8661026335098937,0.889,4.6397,4.58046,4.12469,4.07203,0.11514,0.11376,4.47753,4.47387,3.11626,3.11626,0.0102,371.58935218749997,0.394,0.606,R,0.19893,0.25565,0.13554,0.13334,0.04411,0.02275,0.02411,0.02464,0.11963,0.12355,0.03905,0.03272,0.00204,0.00264,0.01252,0.01592,0.42406,0.3888
676617,Riley O'Brien,St.,32,123.0,373.0,1200,0.23313,0.09257,0.03063,0.00775,0.01707,0.00155,0.02697,0.15332,0.43702,0.04295,0.02391,0.00809,0.00394,0.00277,0.00019,0.00241,0.00496,0.00578,0.22147,0.08887,0.03063,0.01536,0.15945,0.02778,0.00133,0.00775,0.44736,0.23366,0.32342,0.29652,0.23366,0.29652,138,0.8,1.08,1.06,0.72,0.92,0.9,0.9,1.04,1.03,0.86,0.96,0.95,reliever,1.081220727753525,0.889,3.83444,3.84332,3.40882,3.41672,0.09915,0.09918,4.29714,4.3055,3.06316,3.06316,0.01366,276.57725,0.4419,0.5581,R,0.24442,0.22418,0.09336,0.09194,0.03874,0.02421,0.01492,0.01877,0.14481,0.16006,0.03015,0.02445,0.00184,0.00132,0.00892,0.00682,0.42284,0.44825
543518,Scott McGough,Ath,37,75.0,526.0,800,0.23313,0.10168,0.00805,0.0121,0.02498,0.0033,0.0372,0.13873,0.44082,0.04177,0.02424,0.00363,0.0043,0.00413,0.00068,0.00381,0.00612,0.00754,0.21681,0.11185,0.00805,0.02698,0.14567,0.04129,0.00302,0.0121,0.43422,0.24996,0.33686,0.30436,0.24996,0.30436,133,1.16,1.1,1.22,0.83,1.2,0.86,1.08,1.05,1.11,0.915,1.1,0.93,reliever,1.247036537973324,0.889,4.13834,4.76654,3.67899,4.23745,0.10829,0.12057,4.24601,4.39273,0.80464,0.80464,0.00789,303.43013124999993,0.41882,0.58118,R,0.24525,0.22439,0.12217,0.08692,0.00913,0.00727,0.01955,0.02889,0.13321,0.14272,0.0311,0.04159,0.00313,0.00343,0.00984,0.01374,0.42662,0.45105
623474,Jimmy Herget,Col,33,70.0,862.0,1200,0.233,0.07,0.01473,0.00796,0.02389,0.00309,0.03984,0.14838,0.45911,0.03419,0.01676,0.00392,0.00283,0.00324,0.00035,0.00306,0.00527,0.00643,0.22135,0.07,0.01473,0.02461,0.16099,0.04442,0.00452,0.00796,0.45143,0.2585,0.31926,0.31742,0.2585,0.31742,115,1.06,1.17,1.23,1.92,1.0,0.9,1.03,1.085,1.115,1.46,1.0,0.95,reliever,1.3666762887365453,0.889,3.95891,4.53543,3.51947,4.032,0.10571,0.11776,4.16102,4.27919,1.47305,1.47305,0.00718,526.4624068749999,0.42601,0.57399,R,0.20486,0.25388,0.09337,0.05265,0.01467,0.01478,0.02787,0.02094,0.1381,0.156,0.03812,0.04112,0.00484,0.0018,0.00761,0.00823,0.47056,0.45061
663460,Kris Bubic,Kan,29,207.0,1459.0,1200,0.23283,0.09118,0.00642,0.00939,0.02112,0.00248,0.03612,0.14827,0.4522,0.02757,0.01525,0.00203,0.00243,0.00313,0.00039,0.00302,0.00518,0.00624,0.22235,0.09118,0.00642,0.01933,0.14901,0.03955,0.00346,0.00939,0.45932,0.23666,0.30894,0.2948,0.23666,0.2948,118,0.83,1.01,1.19,1.79,1.0,0.91,0.915,1.005,1.095,1.395,1.0,0.955,starter,5.1497331472334595,0.934,3.84548,3.93431,3.59168,3.67465,0.10186,0.10371,4.19488,4.21525,0.64172,0.64172,0.00804,890.1205684375,0.27888,0.72112,L,0.21754,0.23875,0.0892,0.09195,0.011,0.00464,0.025,0.01962,0.14436,0.14978,0.03363,0.03708,0.00558,0.00128,0.01048,0.00896,0.46321,0.44794
674444,Steven Cruz,Kan,28,77.0,346.0,1200,0.23278,0.10265,0.00675,0.0039,0.01965,0.00192,0.03587,0.14683,0.44965,0.0447,0.02607,0.00396,0.00289,0.00291,0.00018,0.00291,0.00512,0.00613,0.2223,0.10265,0.00675,0.01798,0.14757,0.03928,0.00268,0.0039,0.45689,0.23402,0.3169,0.29319,0.23402,0.29319,118,0.83,1.01,1.19,1.79,1.0,0.91,0.915,1.005,1.095,1.395,1.0,0.955,reliever,1.0023356351011103,0.889,3.89456,3.98079,3.46226,3.53893,0.10195,0.10372,4.24432,4.26439,0.67515,0.67515,0.00742,234.36688749999996,0.46281,0.53719,R,0.26244,0.20722,0.11976,0.0879,0.00749,0.00611,0.02285,0.0169,0.13564,0.15647,0.0315,0.03963,0.0026,0.00133,0.00336,0.00437,0.41435,0.48006
669372,J.T. Ginn,Ath,28,290.0,824.0,1200,0.23273,0.08595,0.01424,0.00299,0.02782,0.00212,0.03531,0.14146,0.45738,0.0321,0.01729,0.00394,0.00178,0.00363,0.00029,0.00294,0.00487,0.00618,0.21644,0.09454,0.01424,0.03004,0.14853,0.03919,0.00194,0.00299,0.45207,0.24736,0.3285,0.29555,0.24736,0.29555,133,1.16,1.1,1.22,0.83,1.2,0.86,1.08,1.05,1.11,0.915,1.1,0.93,starter,4.315456398388907,0.934,4.08995,4.69471,3.82002,4.38486,0.10813,0.12025,4.20285,4.33802,1.42435,1.42435,0.00536,616.92575,0.50488,0.49512,R,0.19332,0.27292,0.10384,0.0677,0.01337,0.01514,0.03099,0.02459,0.15349,0.1292,0.04043,0.03008,0.00301,0.00122,0.00281,0.00316,0.45874,0.45599
670990,Yohan Ramírez,Pit,32,162.0,868.0,1200,0.23272,0.0974,0.04312,0.00488,0.02232,0.00202,0.03349,0.14217,0.42187,0.03376,0.01923,0.00659,0.00222,0.00315,0.00032,0.00274,0.00472,0.00582,0.2304,0.09692,0.04312,0.0202,0.14359,0.03634,0.00181,0.00488,0.42275,0.23616,0.34197,0.30065,0.23616,0.30065,134,0.81,1.02,1.17,0.79,0.99,0.98,0.905,1.01,1.085,0.895,0.995,0.99,reliever,1.2908024058922392,0.889,4.47679,4.47087,3.97986,3.9746,0.11261,0.11222,4.41716,4.42688,4.31183,4.31183,0.01478,543.3973871875,0.40414,0.59586,R,0.23647,0.23018,0.12144,0.0811,0.03716,0.04716,0.02625,0.01966,0.13902,0.1443,0.0332,0.03369,0.00292,0.00142,0.0045,0.00513,0.39903,0.43736
669923,George Kirby,Sea,29,323.0,2924.0,1370,0.23271,0.04307,0.00928,0.00684,0.02084,0.00232,0.03609,0.17204,0.47682,0.0203,0.00792,0.00175,0.00149,0.00296,0.00027,0.00284,0.00531,0.00616,0.25366,0.04199,0.00928,0.02063,0.16344,0.03447,0.00161,0.00684,0.46809,0.23372,0.27141,0.29885,0.23372,0.29885,136,0.98,0.9,0.91,0.39,0.95,1.18,0.99,0.95,0.955,0.695,0.975,1.09,starter,5.736455844321722,0.934,3.60519,3.28893,3.36724,3.07186,0.09851,0.0914,4.06634,3.99815,0.92797,0.92797,0.00527,1766.5762606249996,0.48986,0.51014,R,0.23645,0.22913,0.05579,0.03085,0.00666,0.0118,0.02126,0.02043,0.16345,0.18029,0.03572,0.03645,0.00283,0.00182,0.0072,0.00649,0.47065,0.48274
675660,Shane Drohan,Mil,28,154.0,154.0,400,0.23265,0.07776,0.00374,0.01029,0.02314,0.0021,0.03396,0.15351,0.46285,0.05303,0.02729,0.00398,0.00609,0.00556,0.00035,0.00522,0.00907,0.01087,0.24429,0.0797,0.00374,0.02337,0.15043,0.03175,0.00203,0.01029,0.4544,0.22905,0.29103,0.28846,0.22905,0.28846,158,1.02,0.96,0.87,0.93,1.05,1.1,1.01,0.98,0.935,0.965,1.025,1.05,reliever,2.8974358974358974,0.889,3.71466,3.60167,3.30234,3.20189,0.1,0.0974,4.12725,4.10876,0.37441,0.37441,0.00677,130.9,0.4096,0.5904,L,0.21755,0.24313,0.07766,0.07782,0.00358,0.00386,0.02112,0.02454,0.15203,0.15453,0.038,0.03115,0.00314,0.00138,0.01046,0.01017,0.47646,0.45341
681343,Shane Smith,Chi,27,49.0,665.0,800,0.23247,0.09745,0.01863,0.00359,0.02235,0.00271,0.03533,0.14471,0.44276,0.03521,0.02008,0.00495,0.00213,0.00376,0.00035,0.00345,0.00591,0.0072,0.22898,0.09891,0.01863,0.02202,0.14399,0.0341,0.00233,0.00359,0.44746,0.23033,0.31997,0.28734,0.23033,0.28734,145,0.97,0.99,0.93,0.72,1.03,0.97,0.985,0.995,0.965,0.86,1.015,0.985,starter,4.903555861568568,0.934,4.15716,4.08808,3.88279,3.81827,0.10764,0.10604,4.29128,4.28362,1.86257,1.86257,0.00987,486.7099999999999,0.51561,0.48439,R,0.23417,0.23066,0.09922,0.09556,0.01316,0.02444,0.02766,0.0167,0.14216,0.14743,0.03418,0.03656,0.00397,0.00137,0.0027,0.00454,0.44278,0.44274
608331,Max Fried,New,33,240.0,2799.0,1488,0.23246,0.06676,0.00899,0.00508,0.01439,0.0017,0.02845,0.16271,0.47947,0.02061,0.00989,0.00176,0.00132,0.00231,0.00029,0.00247,0.00477,0.00548,0.23478,0.07243,0.00899,0.01561,0.1562,0.02745,0.00149,0.00508,0.47796,0.21977,0.28218,0.27921,0.21977,0.27921,147,1.17,0.92,0.93,0.75,1.17,1.02,1.085,0.96,0.965,0.875,1.085,1.01,starter,6.08205911547498,0.934,3.14075,3.1152,2.93346,2.9096,0.0859,0.08529,4.06275,4.05811,0.89879,0.89879,0.00865,1708.7876878124998,0.24399,0.75601,L,0.25719,0.22448,0.07336,0.06463,0.01439,0.00724,0.02194,0.01195,0.15923,0.16384,0.0259,0.02927,0.00195,0.00162,0.00507,0.00508,0.44097,0.49189
837227,Tatsuya Imai,Hou,29,150.0,150.0,400,0.23244,0.11546,0.0212,0.00303,0.02856,0.00194,0.03439,0.1306,0.43236,0.05334,0.03277,0.00948,0.00334,0.0059,0.0003,0.00469,0.00756,0.01,0.23942,0.11662,0.0212,0.0307,0.1293,0.03388,0.00165,0.00303,0.4242,0.22759,0.33335,0.27983,0.22759,0.27983,117,1.15,0.98,0.97,0.71,1.02,1.06,1.075,0.99,0.985,0.855,1.01,1.03,starter,4.291666666666667,0.934,4.49856,4.57783,4.20165,4.2757,0.11459,0.11641,4.36181,4.36963,2.12006,2.12006,0.00797,127.5,0.48,0.52,R,0.21214,0.25118,0.14184,0.09112,0.01594,0.02606,0.03233,0.02509,0.12814,0.13288,0.03191,0.03669,0.00237,0.00153,0.00292,0.00314,0.43242,0.43232
519141,Drew Pomeranz,Los,38,100.0,303.0,800,0.23236,0.08785,0.02056,0.00666,0.02802,0.00241,0.03554,0.13897,0.44762,0.04547,0.02475,0.00724,0.00395,0.00436,0.00033,0.00356,0.00616,0.0076,0.23817,0.08785,0.02056,0.029,0.13758,0.03447,0.00236,0.00666,0.44334,0.22986,0.31182,0.28233,0.22986,0.28233,108,1.07,0.98,0.94,0.96,1.0,1.05,1.035,0.99,0.97,0.98,1.0,1.025,reliever,0.8772343920383177,0.889,4.21879,4.19732,3.7505,3.73141,0.11049,0.11018,4.24232,4.23293,2.05643,2.05643,0.00682,231.6675,0.40755,0.59245,L,0.27169,0.20531,0.08187,0.09196,0.01651,0.02335,0.02411,0.0307,0.13462,0.14196,0.03458,0.0362,0.0032,0.00186,0.00517,0.00769,0.42824,0.46096
681882,Colin Selby,Bal,29,60.0,202.0,800,0.23236,0.0897,0.00665,0.00254,0.02259,0.00238,0.03957,0.14782,0.45639,0.05406,0.0297,0.00483,0.0028,0.0039,0.00033,0.00397,0.00629,0.00786,0.23003,0.08656,0.00665,0.0236,0.15078,0.03976,0.00263,0.00254,0.45743,0.23974,0.30999,0.29692,0.23974,0.29692,110,1.09,1.04,1.01,1.21,0.93,0.98,1.045,1.02,1.005,1.105,0.965,0.99,reliever,1.3106858054226476,0.889,4.01565,4.10969,3.56991,3.65351,0.10588,0.10816,4.21387,4.22169,0.66529,0.66529,0.0099,120.05421249999998,0.44444,0.55556,R,0.24592,0.2215,0.08746,0.09149,0.00621,0.007,0.02539,0.02034,0.14854,0.14725,0.0422,0.03746,0.00303,0.00187,0.00252,0.00256,0.43873,0.47052
663321,Nick Hernandez,Hou,32,52.0,104.0,800,0.23228,0.09628,0.01563,0.00366,0.02469,0.00204,0.03503,0.14696,0.44343,0.06018,0.03414,0.00912,0.00402,0.00426,0.00028,0.00358,0.00639,0.0077,0.23925,0.09724,0.01563,0.02654,0.14549,0.0345,0.00175,0.00366,0.43594,0.23575,0.32115,0.29423,0.23575,0.29423,117,1.15,0.98,0.97,0.71,1.02,1.06,1.075,0.99,0.985,0.855,1.01,1.03,reliever,1.2743002544529265,0.889,4.22824,4.27997,3.75891,3.80489,0.10957,0.11082,4.28778,4.29108,1.56311,1.56311,0.00751,58.45024999999999,0.41958,0.58042,R,0.25117,0.21863,0.09024,0.10064,0.01473,0.01628,0.02668,0.02325,0.15069,0.14426,0.03221,0.03706,0.00264,0.00161,0.00365,0.00366,0.42798,0.45461
642016,Daniel Robert,Phi,32,59.0,85.0,800,0.23215,0.10041,0.01743,0.004,0.02172,0.00194,0.04158,0.13811,0.44266,0.06149,0.03554,0.01016,0.0044,0.00375,0.00022,0.00394,0.00576,0.00736,0.23563,0.0984,0.01743,0.02324,0.14019,0.04034,0.00195,0.004,0.43883,0.23371,0.32154,0.29369,0.23371,0.29369,143,1.14,1.03,0.94,1.01,0.96,1.03,1.07,1.015,0.97,1.005,0.98,1.015,reliever,1.0153570314936078,0.889,4.18198,4.23717,3.71778,3.76685,0.10828,0.10965,4.29135,4.29354,1.74311,1.74311,0.00751,58.59475,0.42456,0.57544,R,0.22406,0.23812,0.09951,0.10107,0.01617,0.01836,0.01938,0.02344,0.13052,0.14372,0.03997,0.04277,0.00202,0.00188,0.00395,0.00403,0.46442,0.42661
689017,Landon Knack,Los,29,185.0,471.0,800,0.23214,0.08115,0.01066,0.00646,0.03547,0.00307,0.03609,0.13889,0.45606,0.04144,0.02176,0.00437,0.00329,0.00507,0.00049,0.00353,0.00622,0.00801,0.2333,0.08196,0.01066,0.04079,0.13403,0.03483,0.00256,0.00646,0.4554,0.23555,0.30483,0.27347,0.23555,0.27347,119,1.3,0.93,0.93,0.67,1.02,1.01,1.15,0.965,0.965,0.835,1.01,1.005,starter,4.446289266655664,0.934,4.3966,4.53878,4.10643,4.23922,0.1165,0.12035,4.19338,4.19037,1.06645,1.06645,0.00691,309.30224999999996,0.49776,0.50224,R,0.25605,0.20845,0.0898,0.07258,0.00901,0.01231,0.02736,0.0435,0.13163,0.14609,0.03765,0.03454,0.00455,0.0016,0.00698,0.00595,0.43697,0.47499
641401,Connor Brogdon,Cle,32,67.0,600.0,1200,0.23199,0.08474,0.00423,0.00947,0.02772,0.00238,0.03997,0.13886,0.46065,0.03924,0.02102,0.00249,0.00361,0.00345,0.00022,0.00319,0.0049,0.00632,0.23779,0.08602,0.00423,0.02689,0.13747,0.04077,0.00179,0.00947,0.45558,0.22983,0.29716,0.28324,0.22983,0.28324,114,0.94,0.98,1.04,0.51,1.03,1.05,0.97,0.99,1.02,0.755,1.015,1.025,reliever,1.061185271066707,0.889,3.99283,3.93023,3.54962,3.49397,0.10693,0.10536,4.14892,4.1446,0.42296,0.42296,0.01101,350.43889249999995,0.45361,0.54639,R,0.20202,0.25688,0.09067,0.07982,0.00403,0.0044,0.02847,0.0271,0.13923,0.13854,0.04197,0.0383,0.00334,0.00158,0.00849,0.01029,0.48179,0.44309
694477,Chad Patrick,Mil,28,210.0,713.0,800,0.23198,0.08562,0.00615,0.00458,0.02153,0.00306,0.03598,0.15603,0.45506,0.03375,0.01817,0.00277,0.00234,0.00395,0.00061,0.00369,0.00662,0.00796,0.24358,0.08776,0.00615,0.02175,0.15291,0.03364,0.00295,0.00458,0.44667,0.23434,0.30516,0.29788,0.23434,0.29788,158,1.02,0.96,0.87,0.93,1.05,1.1,1.01,0.98,0.935,0.965,1.025,1.05,starter,3.9769947843032196,0.934,3.9686,3.84735,3.70667,3.59343,0.10469,0.10197,4.21182,4.19236,0.6149,0.6149,0.00496,541.9175,0.47317,0.52683,R,0.21487,0.24734,0.09184,0.08003,0.00688,0.00549,0.01685,0.02574,0.15988,0.15258,0.04116,0.03133,0.00462,0.00165,0.00509,0.00413,0.4588,0.45171
657376,Clarke Schmidt,New,31,316.0,1599.0,800,0.23198,0.08173,0.01422,0.0092,0.02376,0.00275,0.03465,0.13879,0.46291,0.02724,0.01436,0.00289,0.0023,0.00394,0.0004,0.00351,0.00609,0.00752,0.2343,0.08868,0.01422,0.02578,0.13324,0.03343,0.00241,0.0092,0.45873,0.21947,0.29776,0.26932,0.21947,0.26932,147,1.17,0.92,0.93,0.75,1.17,1.02,1.085,0.96,0.965,0.875,1.085,1.01,starter,5.481985386747292,0.934,3.73234,3.77975,3.486,3.53028,0.10024,0.10124,4.13723,4.14818,1.42204,1.42204,0.00884,912.0829162499998,0.49252,0.50748,R,0.23239,0.23159,0.09709,0.06683,0.0169,0.01162,0.02505,0.02251,0.13884,0.13875,0.04073,0.02875,0.00283,0.00268,0.00873,0.00966,0.43746,0.48761
684049,Brandan Bidois,Pit,26,56.0,56.0,400,0.2318,0.10623,0.00644,0.01034,0.03671,0.00188,0.03369,0.13296,0.43996,0.06315,0.03744,0.00684,0.0076,0.00723,0.00039,0.00513,0.0088,0.01111,0.22948,0.1057,0.00644,0.03322,0.13429,0.03656,0.00168,0.01034,0.4423,0.23446,0.31789,0.28061,0.23446,0.28061,134,0.81,1.02,1.17,0.79,0.99,0.98,0.905,1.01,1.085,0.895,0.995,0.99,reliever,1.0909090909090908,0.889,4.55584,4.46698,4.05014,3.97115,0.11853,0.11622,4.2707,4.27056,0.64421,0.64421,0.01026,47.6,0.45703,0.54297,R,0.22561,0.23701,0.11598,0.09803,0.00583,0.00695,0.0448,0.0299,0.12407,0.14044,0.03374,0.03365,0.00233,0.00149,0.00854,0.01185,0.43908,0.44069
622088,Tejay Antone,Cin,33,60.0,92.0,800,0.23174,0.08866,0.01091,0.00386,0.02964,0.0022,0.03473,0.14289,0.45537,0.06001,0.03283,0.0079,0.00425,0.00453,0.00026,0.00342,0.00599,0.00766,0.23521,0.09177,0.01091,0.03305,0.13932,0.03508,0.00188,0.00386,0.44893,0.23428,0.312,0.28194,0.23428,0.28194,113,1.23,0.95,1.02,0.71,1.07,1.03,1.115,0.975,1.01,0.855,1.035,1.015,reliever,0.953221107154419,0.889,4.19759,4.36255,3.73166,3.8783,0.11063,0.11448,4.21579,4.23399,1.09077,1.09077,0.0076,51.0,0.40221,0.59779,R,0.19769,0.25465,0.102,0.07969,0.01193,0.01022,0.03343,0.02709,0.13397,0.14889,0.03388,0.0353,0.00329,0.00146,0.00388,0.00386,0.47994,0.43884
678906,Kai-Wei Teng,Hou,28,215.0,409.0,1200,0.23135,0.10726,0.02633,0.00344,0.02026,0.0026,0.03565,0.14074,0.43236,0.04105,0.02446,0.00723,0.00254,0.00304,0.00035,0.00281,0.00478,0.00586,0.23829,0.10834,0.02633,0.02178,0.13933,0.03512,0.00222,0.00344,0.42515,0.23026,0.33312,0.29356,0.23026,0.29356,117,1.15,0.98,0.97,0.71,1.02,1.06,1.075,0.99,0.985,0.855,1.01,1.03,reliever,2.9159372720641867,0.889,4.27144,4.30332,3.79731,3.82565,0.1087,0.10946,4.36634,4.36813,2.63315,2.63315,0.00792,316.954375,0.46634,0.53366,R,0.21428,0.24626,0.10729,0.10724,0.02837,0.02455,0.02277,0.01808,0.13632,0.14461,0.03811,0.0335,0.00366,0.00167,0.00383,0.0031,0.44537,0.421
664285,Framber Valdez,Det,33,317.0,3457.0,1438,0.23134,0.08013,0.01156,0.00694,0.01819,0.00188,0.03219,0.16083,0.45695,0.01883,0.00984,0.0018,0.00139,0.00262,0.00024,0.00255,0.0048,0.00558,0.23018,0.07973,0.01156,0.01828,0.16163,0.0309,0.00239,0.00694,0.45839,0.23643,0.30449,0.29836,0.23643,0.29836,116,1.01,1.01,0.92,1.54,0.99,0.99,1.005,1.005,0.96,1.27,0.995,0.995,starter,6.109263960152692,0.934,3.70616,3.70276,3.46155,3.45837,0.09828,0.09823,4.18999,4.18827,1.15567,1.15567,0.0109,2069.3502184374997,0.21266,0.78734,L,0.26164,0.22316,0.08031,0.08008,0.00961,0.01208,0.02332,0.0168,0.15652,0.16199,0.03582,0.0312,0.00174,0.00192,0.00562,0.0073,0.42542,0.46546
668678,Zac Gallen,Ari,31,312.0,3306.0,1405,0.23118,0.07309,0.00823,0.00491,0.03127,0.00413,0.03794,0.15155,0.45771,0.01916,0.0096,0.00155,0.00119,0.00354,0.00051,0.00276,0.00474,0.00588,0.21962,0.07235,0.00823,0.03002,0.15307,0.04078,0.00629,0.00491,0.46472,0.25168,0.31075,0.30103,0.25168,0.30103,109,0.92,1.02,1.15,2.05,0.98,0.9,0.96,1.01,1.075,1.525,0.99,0.95,starter,5.477991655225099,0.934,4.37315,4.53778,4.08452,4.23829,0.11573,0.1193,4.19865,4.22633,0.82328,0.82328,0.00644,1992.3870056249998,0.48972,0.51028,R,0.22176,0.24022,0.07705,0.06928,0.00918,0.00733,0.03048,0.03203,0.15341,0.14977,0.03482,0.04092,0.00551,0.0028,0.00446,0.00534,0.46333,0.45231
445926,Jesse Chavez,Atl,43,43.0,743.0,800,0.23115,0.07831,0.00714,0.00558,0.02715,0.00268,0.03955,0.14802,0.46042,0.03788,0.0196,0.00293,0.00254,0.00439,0.00036,0.00371,0.00631,0.00782,0.23577,0.07792,0.00714,0.02633,0.15098,0.03856,0.00257,0.00558,0.45514,0.24022,0.30351,0.29682,0.24022,0.29682,144,0.94,1.04,0.95,0.92,0.99,1.04,0.97,1.02,0.975,0.96,0.995,1.02,reliever,1.45743974373999,0.889,4.11242,4.08157,3.65594,3.62851,0.10936,0.10843,4.17845,4.1824,0.71399,0.71399,0.00585,397.92735124999996,0.42406,0.57594,R,0.20015,0.25397,0.097,0.06456,0.00676,0.00742,0.01946,0.03281,0.15245,0.14475,0.03671,0.04164,0.00328,0.00224,0.00488,0.0061,0.47931,0.4465
671936,Adam Macko,Tor,26,48.0,48.0,400,0.23115,0.07438,0.01466,0.00488,0.03255,0.00176,0.02813,0.15083,0.46167,0.0642,0.03245,0.01058,0.00536,0.00714,0.00031,0.00414,0.0086,0.01086,0.22768,0.07364,0.01466,0.03418,0.15083,0.02869,0.00152,0.00488,0.46394,0.23732,0.3035,0.28069,0.23732,0.28069,141,1.1,1.0,1.04,0.72,0.98,0.97,1.05,1.0,1.02,0.86,0.99,0.985,reliever,1.0,0.889,4.12139,4.215,3.66392,3.74714,0.10968,0.11198,4.17517,4.18236,1.46572,1.46572,0.00772,40.8,0.43952,0.56048,L,0.23994,0.22425,0.08024,0.06978,0.01542,0.01406,0.02992,0.03461,0.15218,0.14976,0.02851,0.02784,0.00222,0.0014,0.00476,0.00497,0.44682,0.47332
691172,Yosver Zulueta,Cin,29,32.0,101.0,1200,0.23109,0.09133,0.01037,0.00823,0.02389,0.00205,0.03522,0.14741,0.45042,0.0604,0.03352,0.00751,0.00606,0.00335,0.00025,0.00295,0.00505,0.00618,0.23455,0.09452,0.01037,0.02664,0.14373,0.03557,0.00175,0.00823,0.44464,0.23418,0.31258,0.28936,0.23418,0.28936,113,1.23,0.95,1.02,0.71,1.07,1.03,1.115,0.975,1.01,0.855,1.035,1.015,reliever,1.252755645332236,0.889,4.01337,4.13921,3.56789,3.67976,0.10559,0.10853,4.22336,4.23758,1.03653,1.03653,0.00944,65.49462499999998,0.40532,0.59468,R,0.2294,0.23223,0.09633,0.08792,0.00876,0.01146,0.0247,0.02334,0.15138,0.14471,0.03448,0.03572,0.00266,0.00163,0.0082,0.00825,0.44407,0.45474
685126,Brandon Eisert,Chi,29,65.0,397.0,1200,0.23105,0.08616,0.01232,0.00739,0.02903,0.00231,0.03313,0.14247,0.45614,0.04216,0.02279,0.00505,0.00376,0.00366,0.00041,0.00287,0.00497,0.00628,0.22759,0.08746,0.01232,0.02859,0.14176,0.03197,0.00198,0.00739,0.46094,0.22883,0.30408,0.276,0.22883,0.276,145,0.97,0.99,0.93,0.72,1.03,0.97,0.985,0.995,0.965,0.86,1.015,0.985,reliever,1.0592934065244528,0.889,4.08516,4.01459,3.63171,3.56897,0.10823,0.10657,4.1939,4.18583,1.23189,1.23189,0.00797,292.30224999999996,0.44054,0.55946,L,0.21492,0.24376,0.07933,0.09155,0.01713,0.00853,0.0306,0.02779,0.1515,0.13537,0.02698,0.03797,0.00279,0.00192,0.0067,0.00793,0.47005,0.44519
684007,Shota Imanaga,Chi,33,308.0,1569.0,1322,0.23099,0.05179,0.00478,0.00285,0.03923,0.00265,0.03974,0.13967,0.48829,0.0251,0.01072,0.0017,0.0013,0.00411,0.00031,0.00302,0.00505,0.00657,0.23445,0.05205,0.00478,0.03904,0.13688,0.03577,0.00291,0.00285,0.49128,0.22821,0.27142,0.26326,0.22821,0.26326,112,0.99,0.96,0.8,1.19,1.01,1.03,0.995,0.98,0.9,1.095,1.005,1.015,starter,5.874139038296541,0.934,4.12573,3.93279,3.85344,3.67322,0.11364,0.10929,4.0339,3.99817,0.47763,0.47763,0.00593,1097.66025,0.2589,0.7411,L,0.25804,0.22154,0.06691,0.04651,0.00459,0.00484,0.03069,0.04222,0.14574,0.13755,0.03883,0.04006,0.00397,0.00219,0.00338,0.00267,0.44785,0.50242
606160,Rafael Montero,Det,36,253.0,985.0,800,0.23074,0.10755,0.00833,0.00436,0.02353,0.00213,0.03177,0.14142,0.45017,0.03329,0.01988,0.00278,0.00198,0.00385,0.00024,0.0031,0.00579,0.00719,0.22958,0.10701,0.00833,0.02365,0.14212,0.0305,0.00271,0.00436,0.45173,0.22604,0.31432,0.27961,0.22604,0.27961,116,1.01,1.01,0.92,1.54,0.99,0.99,1.005,1.005,0.96,1.27,0.995,0.995,reliever,0.9918660875443595,0.889,3.97917,3.97626,3.53748,3.5349,0.10401,0.10399,4.25089,4.24836,0.83344,0.83344,0.00465,558.867296875,0.44246,0.55754,R,0.20436,0.25167,0.12324,0.09509,0.00618,0.01004,0.02631,0.02132,0.13396,0.14733,0.03104,0.03235,0.00237,0.00195,0.00439,0.00434,0.46815,0.4359
666129,Braxton Garrett,Mia,29,28.0,1221.0,800,0.23064,0.06077,0.02066,0.00285,0.02449,0.00257,0.03625,0.15627,0.46551,0.03168,0.01459,0.00394,0.00145,0.00427,0.00054,0.00361,0.00669,0.00799,0.22718,0.06077,0.02066,0.0229,0.15705,0.03734,0.00301,0.00285,0.46824,0.24057,0.30173,0.29656,0.24057,0.29656,146,0.87,1.01,1.06,1.35,1.0,0.97,0.935,1.005,1.03,1.175,1.0,0.985,starter,4.850642325118572,0.934,3.97882,3.96689,3.71622,3.70508,0.10608,0.10566,4.1674,4.17174,2.06581,2.06581,0.00693,632.1783253124997,0.32134,0.67866,L,0.24059,0.22592,0.07638,0.05338,0.01772,0.02205,0.02137,0.02597,0.14954,0.15946,0.02828,0.04003,0.00256,0.00257,0.0033,0.00263,0.46026,0.468
623211,Huascar Brazobán,New,37,132.0,1009.0,1200,0.23057,0.10954,0.01366,0.00781,0.01876,0.00186,0.03008,0.14239,0.44533,0.03169,0.01908,0.00352,0.00262,0.00295,0.00024,0.00268,0.00477,0.00585,0.23403,0.11392,0.01366,0.01895,0.13954,0.02903,0.00166,0.00781,0.4414,0.21881,0.31676,0.27833,0.21881,0.27833,121,1.02,0.96,0.93,0.79,1.08,1.03,1.01,0.98,0.965,0.895,1.04,1.015,reliever,1.236881998780354,0.889,3.78418,3.75498,3.36413,3.33818,0.09869,0.09786,4.26058,4.26353,1.36604,1.36604,0.01167,631.4781803125,0.43403,0.56597,R,0.19255,0.25973,0.13508,0.08995,0.00584,0.01966,0.02042,0.01749,0.14307,0.14187,0.03428,0.02686,0.0019,0.00182,0.00606,0.00916,0.46081,0.43346
543859,Michael Tonkin,Min,37,103.0,768.0,800,0.23053,0.08078,0.01872,0.01106,0.026,0.0021,0.0327,0.14564,0.45247,0.03608,0.01896,0.00465,0.00351,0.00418,0.00024,0.00323,0.00636,0.00772,0.22707,0.08038,0.01872,0.02561,0.14855,0.0345,0.00193,0.01106,0.45218,0.23666,0.30969,0.29031,0.23666,0.29031,142,0.97,1.04,1.11,0.84,0.99,0.97,0.985,1.02,1.055,0.92,0.995,0.985,reliever,1.3264653918183476,0.889,3.98526,4.08142,3.54289,3.62838,0.1055,0.10747,4.19704,4.21983,1.87218,1.87218,0.00871,452.87203124999996,0.40435,0.59565,R,0.2118,0.24325,0.08488,0.078,0.01513,0.02116,0.02917,0.02386,0.15232,0.1411,0.03531,0.03093,0.00262,0.00174,0.01264,0.00999,0.45615,0.44998
606303,Joel Payamps,Atl,33,36.0,916.0,1200,0.23043,0.07418,0.01192,0.00851,0.03678,0.00268,0.0385,0.14527,0.45173,0.03432,0.01734,0.00344,0.00285,0.00437,0.0003,0.00309,0.00522,0.00657,0.23504,0.07381,0.01192,0.03568,0.14817,0.03753,0.00257,0.00851,0.44676,0.24726,0.30969,0.29648,0.24726,0.29648,144,0.94,1.04,0.95,0.92,0.99,1.04,0.97,1.02,0.975,0.96,0.995,1.02,reliever,0.8466356952391145,0.889,4.59306,4.54536,4.08323,4.04082,0.121,0.11968,4.21764,4.21984,1.19238,1.19238,0.00656,516.2006490624999,0.43878,0.56122,R,0.22996,0.2308,0.07966,0.0699,0.01074,0.01285,0.0477,0.02824,0.12795,0.15881,0.04477,0.03359,0.00455,0.00121,0.00839,0.00861,0.44629,0.45598
694738,Landen Roupp,San,28,293.0,986.0,1200,0.23043,0.09869,0.00645,0.00526,0.01868,0.0029,0.03563,0.15038,0.45157,0.02993,0.01721,0.00245,0.00217,0.00291,0.00037,0.00304,0.00513,0.00614,0.22698,0.09523,0.00645,0.01663,0.15264,0.03705,0.00341,0.00526,0.45635,0.23484,0.31141,0.29733,0.23484,0.29733,137,0.78,1.03,1.08,1.35,0.93,0.97,0.89,1.015,1.04,1.175,0.965,0.985,starter,4.5374927385098145,0.934,3.88526,3.83528,3.62884,3.58215,0.10185,0.10073,4.23852,4.2304,0.64504,0.64504,0.00957,726.2251249999999,0.51518,0.48482,R,0.20963,0.25254,0.12466,0.07109,0.00598,0.00695,0.01725,0.02021,0.1407,0.16067,0.03421,0.03713,0.00413,0.0016,0.00455,0.00602,0.4589,0.44379
670167,John Schreiber,Kan,33,106.0,1056.0,1200,0.23035,0.0878,0.0131,0.0075,0.02388,0.00308,0.03458,0.15202,0.44769,0.03152,0.0172,0.00337,0.00251,0.00339,0.00039,0.00291,0.00517,0.00624,0.21999,0.0878,0.0131,0.02185,0.15278,0.03786,0.0043,0.0075,0.45483,0.24315,0.31769,0.30002,0.24315,0.30002,118,0.83,1.01,1.19,1.79,1.0,0.91,0.915,1.005,1.095,1.395,1.0,0.955,reliever,0.8753003154024951,0.889,4.13537,4.21919,3.67635,3.75086,0.10814,0.10981,4.24917,4.2693,1.30952,1.30952,0.00956,639.6480403124999,0.43522,0.56478,R,0.19226,0.25971,0.10995,0.07073,0.01476,0.01181,0.02925,0.01974,0.15162,0.15233,0.03741,0.0324,0.00481,0.00175,0.00661,0.00818,0.45333,0.44335
693686,Spencer Miles,Tor,26,166.0,166.0,400,0.23034,0.08087,0.00356,0.00286,0.03166,0.00235,0.02777,0.15282,0.46775,0.05191,0.02729,0.00379,0.00315,0.00699,0.00047,0.00403,0.00868,0.01087,0.22689,0.08006,0.00356,0.03324,0.15282,0.02832,0.00202,0.00286,0.47021,0.2369,0.30004,0.28034,0.2369,0.28034,141,1.1,1.0,1.04,0.72,0.98,0.97,1.05,1.0,1.02,0.86,0.99,0.985,reliever,2.392156862745098,0.889,4.03561,4.12093,3.58766,3.66351,0.1079,0.11002,4.15572,4.16166,0.35615,0.35615,0.00782,141.1,0.46721,0.53279,R,0.22454,0.23544,0.07429,0.08664,0.00325,0.00384,0.03874,0.02545,0.15596,0.15008,0.02791,0.02764,0.00292,0.00186,0.00278,0.00293,0.46961,0.46613
690953,Mick Abel,Min,25,93.0,267.0,800,0.2301,0.09176,0.01405,0.00212,0.02508,0.00283,0.03361,0.14966,0.45081,0.04701,0.02618,0.00631,0.00233,0.00432,0.00053,0.0034,0.00636,0.00766,0.22665,0.0913,0.01405,0.02471,0.15265,0.03545,0.0026,0.00212,0.45048,0.24135,0.32076,0.29743,0.24135,0.29743,142,0.97,1.04,1.11,0.84,0.99,0.97,0.985,1.02,1.055,0.92,0.995,0.985,starter,4.349880544302483,0.934,4.19281,4.29246,3.91608,4.00916,0.10923,0.11121,4.26489,4.28862,1.40522,1.40522,0.00794,204.765,0.48394,0.51606,R,0.23838,0.22233,0.10027,0.08377,0.01082,0.01709,0.03091,0.01962,0.14721,0.15196,0.03287,0.03429,0.00328,0.0024,0.00205,0.00218,0.43421,0.46637
670059,Colin Holderman,Cle,31,94.0,800.0,1200,0.23003,0.09902,0.01577,0.01176,0.0244,0.00212,0.037,0.13852,0.44138,0.03514,0.02025,0.0042,0.00355,0.00336,0.00026,0.00285,0.00467,0.00592,0.23578,0.1005,0.01577,0.02367,0.13714,0.03774,0.0016,0.01176,0.43604,0.22953,0.31642,0.28812,0.22953,0.28812,114,0.94,0.98,1.04,0.51,1.03,1.05,0.97,0.99,1.02,0.755,1.015,1.025,reliever,1.0453417019563258,0.889,4.14096,4.08706,3.68131,3.63339,0.10791,0.10657,4.26392,4.26136,1.57683,1.57683,0.00992,484.801101875,0.42835,0.57165,R,0.23939,0.22302,0.10882,0.09167,0.01393,0.01715,0.02395,0.02474,0.13105,0.14412,0.0385,0.03588,0.00275,0.00164,0.01081,0.01247,0.4308,0.44931
699134,Bradgley Rodriguez,San,23,130.0,161.0,800,0.22996,0.08186,0.01608,0.00647,0.02465,0.00214,0.03259,0.14808,0.45815,0.05263,0.02784,0.00809,0.00478,0.00407,0.00031,0.00323,0.00597,0.00742,0.23226,0.08227,0.01608,0.02552,0.14512,0.03064,0.00184,0.00647,0.45979,0.2269,0.30147,0.27864,0.2269,0.27864,135,1.07,0.96,0.88,0.72,1.01,1.02,1.035,0.98,0.94,0.86,1.005,1.01,reliever,1.1149483130989077,0.889,3.93141,3.83744,3.49503,3.41148,0.10416,0.10224,4.19389,4.17021,1.60835,1.60835,0.00675,132.8975,0.44044,0.55956,R,0.24976,0.21437,0.08241,0.08144,0.01112,0.01999,0.02364,0.02545,0.14256,0.15242,0.03099,0.03386,0.00218,0.00211,0.00747,0.00569,0.44986,0.46467
663671,Nic Enright,Cle,30,127.0,127.0,400,0.22989,0.08753,0.01389,0.00332,0.02831,0.00263,0.03398,0.14669,0.45375,0.05692,0.03105,0.00812,0.00365,0.00656,0.00057,0.0047,0.00904,0.01114,0.23564,0.08884,0.01389,0.02746,0.14523,0.03466,0.00199,0.00332,0.44897,0.23417,0.31207,0.2883,0.23417,0.2883,114,0.94,0.98,1.04,0.51,1.03,1.05,0.97,0.99,1.02,0.755,1.015,1.025,reliever,1.1481481481481481,0.889,4.24086,4.16742,3.77013,3.70484,0.11112,0.10935,4.24044,4.23447,1.38943,1.38943,0.00715,91.7575,0.41284,0.58716,R,0.22492,0.23339,0.08536,0.08906,0.01333,0.01429,0.03122,0.02626,0.15241,0.14267,0.03337,0.03442,0.00342,0.00208,0.00332,0.00331,0.45265,0.45452
805123,AJ Blubaugh,Hou,26,182.0,306.0,800,0.22988,0.10358,0.00486,0.01366,0.03064,0.0022,0.03301,0.13573,0.44645,0.04457,0.02621,0.00354,0.00562,0.00453,0.00029,0.00324,0.00594,0.00752,0.23678,0.10461,0.00486,0.03293,0.13437,0.03252,0.00188,0.01366,0.43839,0.23003,0.31117,0.27796,0.23003,0.27796,117,1.15,0.98,0.97,0.71,1.02,1.06,1.075,0.99,0.985,0.855,1.01,1.03,reliever,2.0975831255729473,0.889,4.17714,4.2582,3.71348,3.78554,0.10994,0.11188,4.22181,4.22893,0.48604,0.48604,0.00989,244.28999999999996,0.46443,0.53557,R,0.24416,0.2175,0.11731,0.09167,0.00395,0.00565,0.02935,0.03176,0.11384,0.15471,0.03608,0.03035,0.00275,0.00172,0.01729,0.01051,0.43528,0.45613
691441,Cristian Mena,Ari,24,26.0,41.0,800,0.22984,0.09271,0.00724,0.00509,0.02502,0.00232,0.03256,0.15064,0.45458,0.06634,0.03713,0.00768,0.00559,0.00421,0.00042,0.00347,0.00623,0.00759,0.21835,0.09178,0.00724,0.02402,0.15214,0.03501,0.00354,0.00509,0.46283,0.23966,0.31373,0.29179,0.23966,0.29179,109,0.92,1.02,1.15,2.05,0.98,0.9,0.96,1.01,1.075,1.525,0.99,0.95,reliever,2.437412095639944,0.889,4.03916,4.15506,3.59082,3.69385,0.10623,0.10877,4.22475,4.24469,0.72407,0.72407,0.00916,18.784999999999997,0.42324,0.57676,R,0.22984,0.22984,0.09271,0.09271,0.00724,0.00724,0.02502,0.02502,0.15064,0.15064,0.03256,0.03256,0.00232,0.00232,0.00509,0.00509,0.45458,0.45458
689818,David Sandlin,Chi,26,58.0,58.0,400,0.22982,0.09253,0.00635,0.0046,0.03046,0.00287,0.03793,0.13786,0.45758,0.06269,0.03506,0.00674,0.00506,0.0061,0.0006,0.00515,0.00802,0.01043,0.22637,0.09392,0.00635,0.03001,0.13717,0.0366,0.00247,0.0046,0.46252,0.23041,0.30651,0.27591,0.23041,0.27591,145,0.97,0.99,0.93,0.72,1.03,0.97,0.985,0.995,0.965,0.86,1.015,0.985,starter,4.444444444444445,0.934,4.25627,4.17649,3.97536,3.90084,0.11234,0.11048,4.20953,4.2005,0.63487,0.63487,0.00762,49.3,0.45736,0.54264,R,0.23121,0.22865,0.10481,0.08218,0.00575,0.00685,0.0334,0.02798,0.14099,0.13521,0.03799,0.03788,0.00357,0.00228,0.00446,0.00473,0.43782,0.47424
656271,Brock Burke,Cin,30,138.0,1127.0,1200,0.22976,0.08216,0.00901,0.00787,0.02596,0.00187,0.0312,0.15158,0.46058,0.03083,0.01634,0.00272,0.0025,0.00353,0.00023,0.00276,0.00513,0.00627,0.23321,0.08504,0.00901,0.02894,0.14779,0.03151,0.0016,0.00787,0.45502,0.23366,0.3039,0.28447,0.23366,0.28447,113,1.23,0.95,1.02,0.71,1.07,1.03,1.115,0.975,1.01,0.855,1.035,1.015,reliever,0.9399848558761736,0.889,3.8998,4.02938,3.46693,3.58212,0.10386,0.10699,4.17206,4.18471,0.90109,0.90109,0.0054,673.5946549999999,0.40587,0.59413,L,0.21716,0.23837,0.08686,0.07895,0.01303,0.00627,0.02617,0.02582,0.15537,0.14899,0.03015,0.03192,0.00179,0.00193,0.00959,0.0067,0.45988,0.46106
681035,Christian Scott,New,28,156.0,353.0,800,0.2297,0.08712,0.01819,0.00385,0.01837,0.00241,0.03643,0.15238,0.45154,0.04404,0.02398,0.00641,0.00284,0.00373,0.00032,0.00375,0.00651,0.00775,0.23315,0.09061,0.01819,0.01856,0.14933,0.03515,0.00216,0.00385,0.449,0.23125,0.314,0.29363,0.23125,0.29363,121,1.02,0.96,0.93,0.79,1.08,1.03,1.01,0.98,0.965,0.895,1.04,1.015,starter,4.869886292189766,0.934,3.94029,3.88059,3.68023,3.62447,0.10297,0.10154,4.25199,4.24637,1.81897,1.81897,0.00579,253.58262499999998,0.49548,0.50452,R,0.23288,0.22658,0.09101,0.08331,0.01055,0.0257,0.01807,0.01868,0.15584,0.14899,0.03814,0.03475,0.0025,0.00232,0.0033,0.00438,0.44771,0.45531
668941,JoJo Romero,St.,30,121.0,833.0,1200,0.22962,0.08989,0.01191,0.00611,0.02229,0.00196,0.03606,0.15389,0.44826,0.03361,0.01856,0.00359,0.00252,0.00327,0.00025,0.00305,0.00511,0.00618,0.21814,0.0863,0.01191,0.02006,0.16005,0.03714,0.00169,0.00611,0.45861,0.24444,0.31715,0.30248,0.24444,0.30248,138,0.8,1.08,1.06,0.72,0.92,0.9,0.9,1.04,1.03,0.86,0.96,0.95,reliever,0.939460248080576,0.889,4.10073,4.08843,3.64555,3.63461,0.10699,0.10649,4.25883,4.26593,1.19125,1.19125,0.00704,542.7830496875,0.37973,0.62027,L,0.27619,0.20111,0.08699,0.09167,0.01076,0.01262,0.02048,0.02339,0.14689,0.15817,0.02912,0.04031,0.00252,0.00162,0.0053,0.0066,0.42174,0.4645
676440,Tanner Bibee,Cle,28,317.0,2374.0,1491,0.2296,0.07153,0.01014,0.00674,0.02849,0.00267,0.03657,0.14534,0.46891,0.02139,0.01064,0.00202,0.00164,0.00331,0.00028,0.00269,0.00458,0.00576,0.23534,0.0726,0.01014,0.02763,0.14389,0.03731,0.00201,0.00674,0.46433,0.23156,0.29358,0.28293,0.23156,0.28293,114,0.94,0.98,1.04,0.51,1.03,1.05,0.97,0.99,1.02,0.755,1.015,1.025,starter,5.701359765129358,0.934,3.96727,3.89349,3.70543,3.63652,0.10672,0.10491,4.13039,4.12362,1.0137,1.0137,0.00634,1561.39740625,0.53343,0.46657,R,0.23471,0.22376,0.08007,0.06177,0.0087,0.01177,0.02895,0.02796,0.13987,0.1516,0.03686,0.03625,0.0037,0.00149,0.00609,0.00749,0.46106,0.47789
669212,Eli Morgan,Kan,31,81.0,838.0,1200,0.2296,0.07546,0.00749,0.00503,0.02571,0.00279,0.03752,0.14806,0.46833,0.03563,0.01817,0.00284,0.00228,0.00346,0.0004,0.00307,0.00522,0.00643,0.21927,0.07546,0.00749,0.02352,0.1488,0.04109,0.0039,0.00503,0.47544,0.23827,0.30025,0.28956,0.23827,0.28956,118,0.83,1.01,1.19,1.79,1.0,0.91,0.915,1.005,1.095,1.395,1.0,0.955,reliever,1.2639809509848412,0.889,3.92535,4.00122,3.48964,3.55709,0.10525,0.10679,4.14385,4.16294,0.74903,0.74903,0.00562,466.36480374999996,0.44928,0.55072,R,0.21214,0.24385,0.08134,0.07066,0.00762,0.00738,0.02702,0.02464,0.14459,0.15088,0.03592,0.03883,0.00307,0.00257,0.00441,0.00553,0.48387,0.45566
687830,Sawyer Gipson-Long,Det,29,133.0,215.0,400,0.22935,0.0727,0.00975,0.01439,0.02955,0.00231,0.03881,0.14104,0.46211,0.05203,0.02609,0.00571,0.0065,0.00641,0.00037,0.00493,0.00847,0.01105,0.22821,0.07234,0.00975,0.0297,0.14174,0.03725,0.00293,0.01439,0.4637,0.23422,0.29371,0.28179,0.23422,0.28179,116,1.01,1.01,0.92,1.54,0.99,0.99,1.005,1.005,0.96,1.27,0.995,0.995,starter,3.916666666666666,0.934,4.00457,3.99879,3.74027,3.73487,0.10782,0.10773,4.12694,4.12437,0.97496,0.97496,0.00963,138.8970125,0.45646,0.54354,R,0.24052,0.21998,0.07754,0.06864,0.00724,0.01186,0.02159,0.03624,0.12795,0.15203,0.04321,0.03511,0.00314,0.00161,0.01693,0.01225,0.4619,0.46229
682608,Peyton Gray,Tex,32,89.0,89.0,400,0.22935,0.08173,0.0111,0.0087,0.02652,0.00171,0.02649,0.15753,0.45687,0.05887,0.03115,0.00804,0.00641,0.00617,0.00029,0.00417,0.00934,0.0109,0.23164,0.07968,0.0111,0.02533,0.15281,0.02517,0.00154,0.0087,0.46403,0.22747,0.29562,0.27894,0.22747,0.27894,140,0.91,0.94,0.9,0.8,0.95,1.02,0.955,0.97,0.95,0.9,0.975,1.01,reliever,1.4523809523809523,0.889,3.92764,3.66437,3.49167,3.25763,0.10411,0.09845,4.19185,4.13556,1.11013,1.11013,0.00732,75.64999999999999,0.43599,0.56401,R,0.23215,0.22719,0.09646,0.07033,0.00896,0.01276,0.02305,0.0292,0.15449,0.15988,0.02522,0.02748,0.00217,0.00135,0.00729,0.0098,0.45022,0.46201
664351,Luis Contreras,Hou,31,54.0,80.0,800,0.22919,0.09513,0.00548,0.0041,0.02649,0.00176,0.03307,0.15042,0.45437,0.06175,0.035,0.00582,0.00451,0.00458,0.00021,0.00358,0.00649,0.00783,0.23607,0.09608,0.00548,0.02848,0.14891,0.03257,0.0015,0.0041,0.44681,0.23645,0.31303,0.29055,0.23645,0.29055,117,1.15,0.98,0.97,0.71,1.02,1.06,1.075,0.99,0.985,0.855,1.01,1.03,reliever,1.2935672514619883,0.889,4.12136,4.18239,3.66389,3.71814,0.1081,0.10959,4.23613,4.24034,0.54758,0.54758,0.00866,54.98224999999999,0.41071,0.58929,R,0.22707,0.23067,0.10446,0.08863,0.00506,0.00576,0.02354,0.02855,0.15627,0.14634,0.03381,0.03256,0.00226,0.00141,0.00404,0.00414,0.44349,0.46195
680732,Sean Burke,Chi,27,291.0,963.0,1204,0.22919,0.09359,0.01139,0.00353,0.03009,0.00288,0.04096,0.14106,0.44731,0.0299,0.01682,0.00328,0.0018,0.00377,0.00042,0.00321,0.00511,0.00648,0.22575,0.09499,0.01139,0.02964,0.14035,0.03953,0.00248,0.00353,0.45234,0.23818,0.31838,0.28732,0.23818,0.28732,145,0.97,0.99,0.93,0.72,1.03,0.97,0.985,0.995,0.965,0.86,1.015,0.985,starter,4.992246790563274,0.934,4.53671,4.4512,4.23729,4.15742,0.11767,0.11573,4.28367,4.27367,1.13865,1.13865,0.0085,724.6334999999999,0.51677,0.48323,R,0.23416,0.22387,0.11235,0.07353,0.00786,0.01516,0.02993,0.03026,0.13951,0.14272,0.03543,0.04688,0.00427,0.0014,0.00304,0.00405,0.43345,0.46213
681982,Grant Anderson,Mil,30,109.0,682.0,1200,0.22911,0.0904,0.0064,0.00601,0.02476,0.00231,0.0341,0.15296,0.45396,0.03571,0.01979,0.00289,0.00273,0.0034,0.00038,0.00284,0.0052,0.00632,0.24056,0.09266,0.0064,0.025,0.1499,0.03188,0.00223,0.00601,0.44535,0.23356,0.30808,0.29238,0.23356,0.29238,158,1.02,0.96,0.87,0.93,1.05,1.1,1.01,0.98,0.935,0.965,1.025,1.05,reliever,1.08251314104088,0.889,4.0759,3.96465,3.62347,3.52457,0.10713,0.10464,4.22742,4.21001,0.63991,0.63991,0.00515,462.76146249999994,0.3956,0.6044,R,0.23456,0.22553,0.11711,0.07291,0.00693,0.00605,0.03423,0.01856,0.13838,0.16249,0.03219,0.03535,0.00393,0.00126,0.00563,0.00626,0.42703,0.47158
621383,Tanner Banks,Phi,35,116.0,1166.0,1200,0.22879,0.07217,0.00793,0.00841,0.0206,0.00183,0.02954,0.16394,0.46679,0.0301,0.01506,0.00251,0.00255,0.00313,0.00018,0.00263,0.00553,0.00633,0.23222,0.07073,0.00793,0.02204,0.1664,0.02865,0.00184,0.00841,0.46178,0.23981,0.29759,0.29892,0.23981,0.29892,143,1.14,1.03,0.94,1.01,0.96,1.03,1.07,1.015,0.97,1.005,0.98,1.015,reliever,1.061225415182532,0.889,3.62614,3.70477,3.22364,3.29354,0.09737,0.09926,4.13782,4.14713,0.79263,0.79263,0.00595,711.8960215624999,0.4038,0.5962,L,0.25363,0.21196,0.06981,0.07377,0.00731,0.00834,0.01669,0.02325,0.1544,0.17039,0.03108,0.02849,0.00159,0.002,0.00739,0.0091,0.45809,0.47269
621051,Steven Wilson,Chi,32,241.0,837.0,800,0.22873,0.10627,0.01404,0.0134,0.02503,0.00182,0.03146,0.1461,0.43316,0.0351,0.02091,0.00388,0.00371,0.00422,0.00024,0.00327,0.00637,0.00754,0.2253,0.10786,0.01404,0.02465,0.14537,0.03036,0.00156,0.0134,0.43745,0.23354,0.32385,0.2884,0.23354,0.2884,145,0.97,0.99,0.93,0.72,1.03,0.97,0.985,0.995,0.965,0.86,1.015,0.985,reliever,0.913116938492698,0.889,4.24051,4.18145,3.76981,3.7173,0.10922,0.10784,4.31374,4.30821,1.40416,1.40416,0.0081,483.49718062499994,0.41225,0.58775,R,0.2139,0.23914,0.13213,0.08813,0.01105,0.01614,0.0268,0.02378,0.16038,0.13609,0.02631,0.03508,0.00247,0.00136,0.00813,0.01709,0.41883,0.4432
669358,Shane Baz,Bal,28,331.0,1478.0,1262,0.22873,0.08786,0.01083,0.01053,0.0235,0.00239,0.0391,0.14306,0.45401,0.02558,0.014,0.00262,0.00255,0.0031,0.00023,0.00304,0.00486,0.00606,0.22645,0.08479,0.01083,0.02455,0.14592,0.03929,0.00264,0.01053,0.455,0.23763,0.30802,0.29222,0.23763,0.29222,110,1.09,1.04,1.01,1.21,0.93,0.98,1.045,1.02,1.005,1.105,0.965,0.99,starter,5.583883578620957,0.934,3.99416,4.08911,3.73055,3.81922,0.10562,0.10793,4.20185,4.20968,1.08319,1.08319,0.00769,1042.8668965625,0.50224,0.49776,R,0.23985,0.21752,0.09454,0.08112,0.01144,0.01022,0.02085,0.02616,0.14073,0.14541,0.04137,0.0368,0.00319,0.00159,0.01147,0.00957,0.43656,0.47162
696149,Bubba Chandler,Pit,24,279.0,403.0,800,0.22864,0.10358,0.0101,0.00539,0.02673,0.00229,0.03608,0.13738,0.44982,0.04046,0.02384,0.00454,0.0032,0.00419,0.00028,0.00352,0.00597,0.00746,0.22635,0.10306,0.0101,0.02419,0.13875,0.03915,0.00205,0.00539,0.45096,0.2316,0.3173,0.28522,0.2316,0.28522,134,0.81,1.02,1.17,0.79,0.99,0.98,0.905,1.01,1.085,0.895,0.995,0.99,starter,4.699470380999044,0.934,4.20053,4.17428,3.9233,3.89878,0.10957,0.1087,4.25975,4.26688,1.00955,1.00955,0.00887,326.74,0.46269,0.53731,R,0.21894,0.23699,0.10596,0.10153,0.00633,0.01334,0.032,0.02219,0.12173,0.15085,0.03689,0.03538,0.00347,0.00128,0.00536,0.00542,0.46933,0.43301
686930,Mason Barnett,Ath,26,29.0,133.0,800,0.22862,0.09544,0.00881,0.00719,0.02508,0.00193,0.03492,0.14827,0.44974,0.05589,0.03175,0.00639,0.0053,0.00431,0.00025,0.0035,0.00645,0.00783,0.21262,0.10498,0.00881,0.02708,0.15569,0.03876,0.00177,0.00719,0.4431,0.25403,0.33709,0.30692,0.25403,0.30692,133,1.16,1.1,1.22,0.83,1.2,0.86,1.08,1.05,1.11,0.915,1.1,0.93,starter,3.9330039118797617,0.934,4.13142,4.75622,3.85874,4.44231,0.10803,0.12026,4.24913,4.39424,0.88081,0.88081,0.00913,99.78999999999999,0.4024,0.5976,R,0.21413,0.23838,0.10535,0.08876,0.00736,0.00978,0.0216,0.02742,0.14846,0.14815,0.03141,0.03728,0.00253,0.00154,0.00623,0.00784,0.46293,0.44086
663455,Konnor Pilkington,Was,29,123.0,389.0,400,0.22851,0.11047,0.0104,0.0075,0.02945,0.00268,0.04432,0.13141,0.43526,0.04671,0.02832,0.00468,0.00382,0.00665,0.00064,0.00615,0.00842,0.01101,0.22166,0.10826,0.0104,0.02945,0.13535,0.04388,0.00263,0.0075,0.44088,0.24182,0.32997,0.29203,0.24182,0.29203,120,1.0,1.06,0.98,0.96,0.96,0.94,1.0,1.03,0.99,0.98,0.98,0.97,reliever,0.8854166666666666,0.889,4.66976,4.71432,4.15142,4.19103,0.11957,0.12049,4.33953,4.34754,1.03969,1.03969,0.00851,203.34347062499998,0.40248,0.59752,L,0.21893,0.23496,0.10916,0.11135,0.00795,0.01204,0.03431,0.02618,0.13618,0.1282,0.04078,0.04671,0.004,0.00179,0.00595,0.00855,0.44274,0.43021
674841,Andrew Alvarez,Was,28,103.0,201.0,800,0.22848,0.09426,0.00668,0.00255,0.02556,0.00215,0.03405,0.14802,0.45826,0.05029,0.02842,0.00485,0.00281,0.00426,0.00033,0.00341,0.00602,0.00754,0.22163,0.09238,0.00668,0.02556,0.15246,0.03371,0.0021,0.00255,0.46294,0.23801,0.31289,0.28911,0.23801,0.28911,120,1.0,1.06,0.98,0.96,0.96,0.94,1.0,1.03,0.99,0.98,0.98,0.97,starter,4.010781671159029,0.934,4.07237,4.13601,3.80359,3.86303,0.10707,0.1084,4.22611,4.23947,0.66766,0.66766,0.00955,158.355,0.32419,0.67581,L,0.22253,0.23133,0.09235,0.09518,0.00717,0.00644,0.02997,0.02344,0.15229,0.14597,0.03447,0.03385,0.00289,0.00179,0.00284,0.00241,0.45549,0.45958
477132,Clayton Kershaw,Los,39,463.0,1612.0,800,0.2284,0.07032,0.00584,0.00625,0.02358,0.00189,0.03619,0.15932,0.46822,0.02715,0.01343,0.00185,0.00189,0.00438,0.00025,0.00392,0.00649,0.00796,0.22954,0.07102,0.00584,0.02712,0.15375,0.03492,0.00158,0.00625,0.46999,0.23707,0.29422,0.28815,0.23707,0.28815,119,1.3,0.93,0.93,0.67,1.02,1.01,1.15,0.965,0.965,0.835,1.01,1.005,starter,4.785445808889455,0.934,3.85438,3.88462,3.59999,3.62823,0.10333,0.10458,4.14447,4.12736,0.5837,0.5837,0.00857,907.9521128125,0.26382,0.73618,L,0.20253,0.23767,0.07986,0.0669,0.01104,0.00397,0.02107,0.02448,0.16808,0.15618,0.03282,0.0374,0.00276,0.00158,0.00604,0.00632,0.47578,0.46551
815083,Mitch Farris,Los,26,106.0,213.0,800,0.22839,0.09385,0.0064,0.01147,0.02833,0.00184,0.04339,0.13864,0.44769,0.04957,0.02796,0.00465,0.00583,0.00451,0.00028,0.00434,0.00641,0.00811,0.2341,0.09385,0.0064,0.02932,0.13725,0.04209,0.00181,0.01147,0.44371,0.23694,0.31072,0.2899,0.23694,0.2899,108,1.07,0.98,0.94,0.96,1.0,1.05,1.035,0.99,0.97,0.98,1.0,1.025,reliever,3.4392948225362776,0.889,4.32133,4.29265,3.84166,3.81617,0.11333,0.11286,4.23681,4.22616,0.64032,0.64032,0.01182,167.40749999999997,0.41162,0.58838,L,0.2625,0.20453,0.09961,0.08982,0.00546,0.00706,0.02514,0.03056,0.13455,0.14149,0.03984,0.04588,0.00166,0.00197,0.01042,0.0122,0.42081,0.46649
669084,DL Hall,Mil,28,126.0,623.0,1200,0.22839,0.11296,0.00836,0.00514,0.02057,0.00212,0.03999,0.14136,0.44112,0.03729,0.02283,0.00343,0.00262,0.00308,0.00023,0.00323,0.00482,0.00603,0.23981,0.11579,0.00836,0.02077,0.13853,0.03739,0.00204,0.00514,0.43217,0.22824,0.32288,0.29167,0.22824,0.29167,158,1.02,0.96,0.87,0.93,1.05,1.1,1.01,0.98,0.935,0.965,1.025,1.05,reliever,2.1735653969833795,0.889,4.19335,4.07879,3.72789,3.62605,0.10791,0.10535,4.31779,4.30204,0.83586,0.83586,0.00942,410.74977125,0.36873,0.63127,L,0.22485,0.23045,0.12174,0.10783,0.01012,0.00733,0.0189,0.02155,0.13029,0.14782,0.03721,0.04161,0.0034,0.00137,0.00512,0.00515,0.44837,0.43689
681857,Reese Olson,Det,27,285.0,1172.0,800,0.2282,0.07896,0.00869,0.0076,0.02077,0.00292,0.03667,0.15388,0.46231,0.03007,0.01569,0.00262,0.00242,0.00383,0.00062,0.00363,0.00644,0.0077,0.22706,0.07857,0.00869,0.02087,0.15465,0.0352,0.00371,0.0076,0.46365,0.2369,0.30169,0.29452,0.2369,0.29452,116,1.01,1.01,0.92,1.54,0.99,0.99,1.005,1.005,0.96,1.27,0.995,0.995,starter,5.179680423816884,0.934,3.83168,3.83479,3.57879,3.58169,0.10203,0.10214,4.17267,4.17148,0.8687,0.8687,0.00834,711.7672624999998,0.49053,0.50947,R,0.23871,0.21809,0.09463,0.06387,0.01125,0.00622,0.02225,0.01933,0.1519,0.15579,0.0332,0.04001,0.00366,0.00221,0.0088,0.00644,0.4356,0.48803
669713,Hayden Wesneski,Hou,29,131.0,925.0,800,0.22815,0.0734,0.00983,0.00461,0.03655,0.0018,0.03271,0.15004,0.46291,0.03398,0.01715,0.00311,0.00209,0.0052,0.00022,0.00344,0.00642,0.00804,0.235,0.07413,0.00983,0.03929,0.14854,0.03222,0.00154,0.00461,0.45484,0.24312,0.30555,0.28611,0.24312,0.28611,117,1.15,0.98,0.97,0.71,1.02,1.06,1.075,0.99,0.985,0.855,1.01,1.03,reliever,3.4593030472289454,0.889,4.39295,4.49389,3.90533,3.99507,0.11657,0.11904,4.18729,4.19467,0.9827,0.9827,0.00587,524.854345,0.42345,0.57655,R,0.19822,0.25014,0.08031,0.06832,0.00876,0.01061,0.03608,0.0369,0.14969,0.15029,0.03653,0.0299,0.00262,0.00119,0.00499,0.00433,0.48281,0.4483
663795,Justin Hagenman,New,30,99.0,99.0,800,0.22805,0.06291,0.01048,0.00374,0.02616,0.00239,0.04131,0.15042,0.47454,0.0593,0.02786,0.00759,0.00412,0.00446,0.00034,0.00426,0.00648,0.00814,0.23147,0.06543,0.01048,0.02642,0.14741,0.03986,0.00214,0.00374,0.47304,0.23451,0.29174,0.28593,0.23451,0.28593,121,1.02,0.96,0.93,0.79,1.08,1.03,1.01,0.98,0.965,0.895,1.04,1.015,reliever,2.6296296296296298,0.889,3.96125,3.8868,3.52155,3.45536,0.10672,0.105,4.12413,4.11291,1.04812,1.04812,0.00737,71.52749999999999,0.43813,0.56187,R,0.20643,0.24491,0.06529,0.06106,0.00862,0.01193,0.02922,0.02377,0.15653,0.14566,0.04199,0.04078,0.00303,0.00189,0.00368,0.00379,0.4852,0.46622
656794,Sean Newcomb,Chi,34,151.0,782.0,1200,0.22801,0.08912,0.0161,0.00313,0.02086,0.00211,0.03271,0.15709,0.45088,0.03385,0.01867,0.00428,0.00186,0.00327,0.0004,0.00304,0.00522,0.00625,0.22459,0.09045,0.0161,0.02055,0.15631,0.03156,0.00182,0.00313,0.4555,0.23613,0.31679,0.294,0.23613,0.294,145,0.97,0.99,0.93,0.72,1.03,0.97,0.985,0.995,0.965,0.86,1.015,0.985,reliever,1.7741668932716965,0.889,4.04667,3.9829,3.59749,3.54079,0.10527,0.10379,4.27118,4.26367,1.60976,1.60976,0.0069,529.7820181249999,0.34943,0.65057,L,0.22123,0.23165,0.09727,0.08474,0.01754,0.01532,0.01895,0.02188,0.13875,0.16694,0.03583,0.03103,0.0028,0.00174,0.00363,0.00285,0.46399,0.44383
677960,Ryan Weathers,New,27,285.0,1096.0,1200,0.22779,0.07924,0.0101,0.00561,0.03339,0.00203,0.03324,0.1546,0.45402,0.02972,0.01554,0.00291,0.00214,0.00407,0.00024,0.00287,0.0054,0.00661,0.23007,0.08598,0.0101,0.03622,0.14841,0.03207,0.00177,0.00561,0.44977,0.24321,0.31456,0.28837,0.24321,0.28837,147,1.17,0.92,0.93,0.75,1.17,1.02,1.085,0.96,0.965,0.875,1.085,1.01,starter,5.469948042776433,0.934,4.45279,4.53909,4.1589,4.23951,0.11675,0.11867,4.23761,4.2498,1.00987,1.00987,0.00754,721.7244812499999,0.24361,0.75639,L,0.25016,0.22059,0.08453,0.07754,0.00945,0.01031,0.031,0.03415,0.1632,0.15183,0.03226,0.03355,0.0021,0.00201,0.00554,0.00563,0.42177,0.4644
624522,Keegan Thompson,Col,32,57.0,794.0,800,0.22779,0.0974,0.01244,0.00746,0.03127,0.0026,0.03787,0.1362,0.44696,0.03738,0.02146,0.00375,0.00284,0.00464,0.00037,0.00349,0.00581,0.0076,0.2164,0.0974,0.01244,0.03221,0.14777,0.04223,0.00379,0.00746,0.44029,0.25604,0.33585,0.30563,0.25604,0.30563,115,1.06,1.17,1.23,1.92,1.0,0.9,1.03,1.085,1.115,1.46,1.0,0.95,reliever,1.6658643674018743,0.889,4.45706,5.03093,3.96233,4.4725,0.11598,0.12745,4.26993,4.38608,1.24441,1.24441,0.01069,406.8917328124999,0.42708,0.57292,R,0.2172,0.23568,0.09581,0.09859,0.01144,0.01319,0.03034,0.03197,0.14232,0.13163,0.03994,0.03633,0.00448,0.0012,0.01051,0.00519,0.44796,0.44622
592426,Luke Jackson,Sea,35,219.0,597.0,800,0.22769,0.10721,0.01016,0.00951,0.02383,0.002,0.03091,0.14683,0.44187,0.03842,0.02302,0.00385,0.00362,0.00398,0.00036,0.00315,0.00587,0.00717,0.24818,0.10453,0.01016,0.02359,0.13949,0.02952,0.00139,0.00951,0.43364,0.22149,0.30867,0.28209,0.22149,0.28209,136,0.98,0.9,0.91,0.39,0.95,1.18,0.99,0.95,0.955,0.695,0.975,1.09,reliever,0.9988087134104834,0.889,4.11778,3.78811,3.66071,3.36763,0.10666,0.09989,4.28967,4.2136,1.01568,1.01568,0.00981,377.19376875,0.42202,0.57798,R,0.20342,0.24541,0.12141,0.09683,0.00752,0.01208,0.0252,0.02283,0.14665,0.14696,0.03386,0.02875,0.0029,0.00134,0.0131,0.00689,0.44593,0.43891
608337,Lucas Giolito,San,32,95.0,2200.0,833,0.22768,0.09545,0.00696,0.00725,0.02531,0.00244,0.03437,0.15088,0.44966,0.02359,0.01342,0.00174,0.00176,0.00419,0.00033,0.0033,0.00646,0.00768,0.22995,0.09593,0.00696,0.0262,0.14787,0.0323,0.0021,0.00725,0.45144,0.23427,0.31136,0.28763,0.23427,0.28763,135,1.07,0.96,0.88,0.72,1.01,1.02,1.035,0.98,0.94,0.86,1.005,1.01,starter,5.369621249239083,0.934,4.17619,4.07503,3.90057,3.80608,0.10905,0.10704,4.25515,4.23007,0.69632,0.69632,0.00729,1247.8217706249998,0.47357,0.52643,R,0.23724,0.21907,0.10644,0.08557,0.00601,0.00782,0.0231,0.0273,0.1356,0.16464,0.03651,0.03244,0.00209,0.00276,0.00764,0.0069,0.44538,0.45351
679883,Luinder Avila,Kan,25,134.0,190.0,800,0.22757,0.10835,0.00324,0.00909,0.0278,0.00236,0.03858,0.13815,0.44485,0.05055,0.03043,0.00345,0.00538,0.00431,0.00033,0.00384,0.00604,0.00758,0.21733,0.10835,0.00324,0.02544,0.13885,0.04224,0.0033,0.00909,0.45216,0.23862,0.32141,0.28967,0.23862,0.28967,118,0.83,1.01,1.19,1.79,1.0,0.91,0.915,1.005,1.095,1.395,1.0,0.955,reliever,2.188824967545091,0.889,4.32862,4.39246,3.84814,3.9049,0.11252,0.11369,4.27431,4.29275,0.32449,0.32449,0.00768,154.35999999999999,0.47436,0.52564,R,0.2226,0.23205,0.10475,0.1116,0.00295,0.00352,0.03083,0.02506,0.13736,0.13887,0.0385,0.03865,0.00292,0.00187,0.00901,0.00917,0.45108,0.43923
683004,Jack Leiter,Tex,27,310.0,1129.0,1247,0.22755,0.09903,0.01065,0.00466,0.03024,0.00251,0.02957,0.15016,0.44563,0.02808,0.01624,0.00295,0.00193,0.00363,0.00041,0.00249,0.00521,0.00623,0.22982,0.09655,0.01065,0.02888,0.14565,0.02809,0.00226,0.00466,0.45343,0.23069,0.31209,0.27962,0.23069,0.27962,140,0.91,0.94,0.9,0.8,0.95,1.02,0.955,0.97,0.95,0.9,0.975,1.01,starter,5.158103259389288,0.934,4.41852,4.12057,4.1269,3.84861,0.11424,0.10812,4.29747,4.23456,1.06502,1.06502,0.01094,836.478625,0.50564,0.49436,R,0.22355,0.23164,0.10623,0.09166,0.00813,0.01322,0.03188,0.02857,0.13676,0.16386,0.02747,0.03172,0.00323,0.00177,0.00341,0.00593,0.45933,0.43162
667755,José Soriano,Los,28,341.0,1718.0,1302,0.22754,0.10579,0.01384,0.0048,0.01839,0.00245,0.03084,0.15435,0.44201,0.02403,0.01431,0.00275,0.00161,0.00277,0.00035,0.00262,0.00468,0.00556,0.23323,0.10579,0.01384,0.01903,0.15281,0.02992,0.0024,0.0048,0.4382,0.23317,0.32378,0.297,0.23317,0.297,108,1.07,0.98,0.94,0.96,1.0,1.05,1.035,0.99,0.97,0.98,1.0,1.025,starter,5.476070766503964,0.934,4.03517,3.99524,3.76885,3.73155,0.10379,0.10305,4.31974,4.30777,1.38354,1.38354,0.00942,1196.9216562499998,0.53376,0.46624,R,0.21289,0.24431,0.11024,0.1007,0.01151,0.01649,0.01915,0.01751,0.15007,0.15925,0.02744,0.03474,0.00245,0.00245,0.00445,0.00519,0.4618,0.41935
670183,Garrett Acton,Min,29,28.0,65.0,800,0.22751,0.09838,0.01984,0.00983,0.02296,0.00204,0.03783,0.14154,0.44008,0.06329,0.03651,0.01154,0.00724,0.00413,0.00025,0.00387,0.00614,0.00757,0.22409,0.09788,0.01984,0.02262,0.14437,0.03992,0.00187,0.00983,0.43958,0.2393,0.32649,0.2975,0.2393,0.2975,142,0.97,1.04,1.11,0.84,0.99,0.97,0.985,1.02,1.055,0.92,0.995,0.985,reliever,1.591278640059128,0.889,4.22229,4.33179,3.75361,3.85096,0.1091,0.11128,4.30014,4.32512,1.98354,1.98354,0.00772,40.5042,0.4206,0.5794,R,0.22983,0.22582,0.11157,0.0888,0.02487,0.01618,0.01823,0.02639,0.14285,0.14059,0.03246,0.04174,0.00165,0.00231,0.01203,0.00824,0.4265,0.44994
628317,Kenta Maeda,Det,39,43.0,956.0,800,0.2274,0.07188,0.01146,0.00913,0.0279,0.00241,0.03926,0.14924,0.46131,0.03327,0.01665,0.00331,0.0029,0.00452,0.00031,0.00394,0.00654,0.00817,0.22627,0.07152,0.01146,0.02804,0.14999,0.03769,0.00306,0.00913,0.46284,0.24099,0.30177,0.29185,0.24099,0.29185,116,1.01,1.01,0.92,1.54,0.99,0.99,1.005,1.005,0.96,1.27,0.995,0.995,starter,3.662460155698558,0.934,4.13623,4.13149,3.86324,3.85882,0.1101,0.11003,4.17433,4.17199,1.14634,1.14634,0.00805,552.3367999999999,0.45467,0.54533,R,0.23176,0.22377,0.08221,0.06326,0.00838,0.01403,0.02467,0.0306,0.14915,0.14933,0.03806,0.04027,0.003,0.00192,0.01316,0.00576,0.4496,0.47106
593833,Wander Suero,Atl,35,32.0,68.0,800,0.22738,0.0937,0.00592,0.00436,0.02695,0.00203,0.04082,0.14209,0.45674,0.06363,0.03592,0.00628,0.00479,0.00443,0.00023,0.0042,0.00623,0.00792,0.23193,0.09324,0.00592,0.02614,0.14493,0.0398,0.00195,0.00436,0.45173,0.2374,0.31198,0.29242,0.2374,0.29242,144,0.94,1.04,0.95,0.92,0.99,1.04,0.97,1.02,0.975,0.96,0.995,1.02,reliever,1.2666666666666666,0.889,4.22779,4.19306,3.75851,3.72763,0.11103,0.11004,4.23107,4.23391,0.59198,0.59198,0.00771,41.390218749999995,0.40343,0.59657,R,0.21862,0.23331,0.09733,0.09125,0.00389,0.00729,0.02307,0.02958,0.1446,0.1404,0.04044,0.04108,0.00165,0.00229,0.00331,0.00507,0.46711,0.44972
680802,Ryan Weiss,Hou,30,131.0,131.0,400,0.22729,0.11284,0.00415,0.00326,0.03298,0.00193,0.03433,0.14027,0.44295,0.05453,0.03343,0.00442,0.00359,0.00731,0.00043,0.00497,0.00858,0.01085,0.23411,0.11397,0.00415,0.03545,0.13887,0.03381,0.00165,0.00326,0.43472,0.23876,0.3279,0.28623,0.23876,0.28623,117,1.15,0.98,0.97,0.71,1.02,1.06,1.075,0.99,0.985,0.855,1.01,1.03,reliever,2.888888888888889,0.889,4.61484,4.71123,4.10259,4.18829,0.11855,0.12078,4.32516,4.3342,0.41523,0.41523,0.00695,111.35,0.48943,0.51057,R,0.20776,0.24601,0.13094,0.0955,0.00371,0.00457,0.03147,0.03443,0.14684,0.13398,0.0327,0.03588,0.00262,0.00126,0.00312,0.0034,0.44083,0.44497
666974,Yennier Cano,Bal,33,81.0,961.0,1200,0.22714,0.08315,0.00949,0.00538,0.0244,0.00229,0.03207,0.15581,0.46028,0.03231,0.01729,0.003,0.00222,0.00352,0.00031,0.00274,0.00507,0.00626,0.22486,0.08024,0.00949,0.0255,0.15892,0.03223,0.00253,0.00538,0.46084,0.24222,0.30891,0.29591,0.24222,0.29591,110,1.09,1.04,1.01,1.21,0.93,0.98,1.045,1.02,1.005,1.105,0.965,0.99,reliever,0.8496101653278294,0.889,3.98335,4.08767,3.5412,3.63394,0.10526,0.10775,4.2047,4.21507,0.94872,0.94872,0.00697,593.8818090624999,0.38796,0.61204,R,0.18541,0.25359,0.0948,0.07577,0.00645,0.01141,0.02869,0.02168,0.15784,0.15451,0.0402,0.02691,0.00387,0.00129,0.00649,0.00468,0.47625,0.45015
695380,Alex Hoppe,Sea,28,74.0,74.0,400,0.22711,0.08263,0.01218,0.00938,0.03064,0.00179,0.03427,0.14433,0.45767,0.0604,0.03223,0.00881,0.0069,0.00666,0.00027,0.00493,0.00854,0.01071,0.24756,0.08056,0.01218,0.03034,0.13712,0.03272,0.00124,0.00938,0.4489,0.22433,0.29416,0.27595,0.22433,0.27595,136,0.98,0.9,0.91,0.39,0.95,1.18,0.99,0.95,0.955,0.695,0.975,1.09,reliever,1.1666666666666667,0.889,4.17832,3.86154,3.71453,3.43291,0.11063,0.10396,4.19643,4.12702,1.21826,1.21826,0.01003,62.9,0.45255,0.54745,R,0.22112,0.23207,0.09769,0.07018,0.00971,0.01423,0.02799,0.03283,0.14643,0.1426,0.03337,0.03501,0.00223,0.00142,0.00778,0.0107,0.45367,0.46097
664875,Justin Lawrence,Min,32,126.0,991.0,1200,0.22711,0.11121,0.02229,0.00884,0.0201,0.0019,0.03489,0.14597,0.4277,0.03255,0.01983,0.00451,0.00281,0.00299,0.00022,0.00297,0.00492,0.00599,0.2237,0.11065,0.02229,0.0198,0.14889,0.03681,0.00175,0.00884,0.42727,0.24147,0.34018,0.30492,0.24147,0.30492,142,0.97,1.04,1.11,0.84,0.99,0.97,0.985,1.02,1.055,0.92,0.995,0.985,reliever,1.025587292238461,0.889,4.32291,4.4334,3.84307,3.94129,0.10943,0.11158,4.3894,4.41487,2.22933,2.22933,0.00938,583.2151271875,0.4184,0.5816,R,0.19632,0.24926,0.12414,0.10191,0.02701,0.0189,0.025,0.01658,0.13908,0.15092,0.03464,0.03506,0.00232,0.0016,0.00823,0.00928,0.44326,0.4165
518489,Ryan Brasier,Chi,39,105.0,716.0,800,0.22707,0.06524,0.00613,0.01773,0.02121,0.00289,0.04259,0.15301,0.46415,0.03812,0.01825,0.00276,0.00456,0.00386,0.00038,0.00427,0.00652,0.00799,0.23048,0.06557,0.00613,0.0211,0.14995,0.03833,0.00316,0.01773,0.46756,0.23341,0.28423,0.2905,0.23341,0.2905,112,0.99,0.96,0.8,1.19,1.01,1.03,0.995,0.98,0.9,1.095,1.005,1.015,reliever,0.9462282628049145,0.889,3.76524,3.56393,3.3473,3.16834,0.10182,0.0973,4.10893,4.06976,0.61258,0.61258,0.00769,384.34823468749994,0.42892,0.57108,R,0.21529,0.23592,0.0726,0.05971,0.0047,0.0072,0.02216,0.0205,0.15434,0.15201,0.0496,0.03732,0.00328,0.00259,0.01204,0.022,0.466,0.46275
608650,Dietrich Enns,Bal,36,70.0,270.0,800,0.22699,0.09231,0.0025,0.01236,0.02315,0.00247,0.03412,0.154,0.4521,0.04683,0.02628,0.00267,0.00559,0.00416,0.00042,0.00374,0.00639,0.00778,0.22472,0.08908,0.0025,0.02419,0.15708,0.03429,0.00273,0.01236,0.45304,0.24361,0.30988,0.29994,0.24361,0.29994,110,1.09,1.04,1.01,1.21,0.93,0.98,1.045,1.02,1.005,1.105,0.965,0.99,reliever,1.7283903819790067,0.889,3.97629,4.07237,3.53492,3.62033,0.10487,0.1072,4.21292,4.22098,0.25032,0.25032,0.00811,203.99999999999997,0.39574,0.60426,L,0.23354,0.2227,0.08944,0.0942,0.00247,0.00253,0.02799,0.01998,0.16359,0.14772,0.03394,0.03424,0.00373,0.00165,0.01312,0.01186,0.43219,0.46513
682243,Bryce Miller,Sea,28,99.0,1732.0,1294,0.22695,0.06708,0.00766,0.0053,0.0254,0.00264,0.03971,0.15347,0.47179,0.02512,0.01218,0.00205,0.00169,0.00337,0.00033,0.00302,0.00513,0.00633,0.24737,0.06541,0.00766,0.02514,0.1458,0.03792,0.00184,0.0053,0.46356,0.22862,0.28377,0.28586,0.22862,0.28586,136,0.98,0.9,0.91,0.39,0.95,1.18,0.99,0.95,0.955,0.695,0.975,1.09,starter,5.5070877519771635,0.934,3.96244,3.63327,3.70092,3.39348,0.10641,0.09926,4.13757,4.06711,0.76579,0.76579,0.00516,1080.03135625,0.48961,0.51039,R,0.20972,0.24347,0.083,0.05182,0.00614,0.00912,0.03061,0.0204,0.14173,0.16474,0.04378,0.03581,0.00405,0.00129,0.00546,0.00515,0.47551,0.46821
696070,Kendry Rojas,Min,24,61.0,61.0,400,0.22691,0.104,0.01331,0.00453,0.02412,0.0018,0.03443,0.14637,0.44453,0.06201,0.0367,0.00962,0.00498,0.00601,0.00036,0.00526,0.00889,0.01084,0.22351,0.10348,0.01331,0.02376,0.1493,0.03633,0.00166,0.00453,0.44414,0.24017,0.32782,0.2966,0.24017,0.2966,142,0.97,1.04,1.11,0.84,0.99,0.97,0.985,1.02,1.055,0.92,0.995,0.985,reliever,2.8666666666666667,0.889,4.24651,4.35121,3.77514,3.86822,0.10949,0.11156,4.30933,4.33366,1.33059,1.33059,0.00889,51.85,0.4023,0.5977,L,0.23902,0.21877,0.13026,0.08632,0.01088,0.01494,0.0251,0.02347,0.14084,0.15009,0.03222,0.03592,0.00235,0.00143,0.00452,0.00453,0.41481,0.46454
702021,Will Dion,Cle,27,39.0,39.0,400,0.22688,0.08213,0.01577,0.00515,0.01868,0.00199,0.03334,0.158,0.45806,0.0651,0.03465,0.01137,0.00566,0.00504,0.00037,0.00468,0.00921,0.0107,0.23255,0.08336,0.01577,0.01812,0.15642,0.03401,0.00151,0.00515,0.45312,0.2345,0.30918,0.29754,0.2345,0.29754,114,0.94,0.98,1.04,0.51,1.03,1.05,0.97,0.99,1.02,0.755,1.015,1.025,reliever,2.0,0.889,3.83157,3.77859,3.40626,3.35917,0.10086,0.09957,4.22116,4.2167,1.57658,1.57658,0.00781,33.15,0.39749,0.60251,L,0.21827,0.23256,0.08865,0.07782,0.01727,0.01477,0.01346,0.02212,0.16864,0.15097,0.02723,0.03738,0.00161,0.00225,0.00443,0.00563,0.46044,0.4565
696147,Sam Bachman,Los,27,123.0,294.0,800,0.22684,0.10536,0.01304,0.00198,0.02426,0.00227,0.03261,0.14514,0.4485,0.04626,0.02754,0.00586,0.00218,0.00405,0.00036,0.00321,0.00599,0.00732,0.23251,0.10536,0.01304,0.02511,0.14369,0.03163,0.00222,0.00198,0.44446,0.23039,0.32105,0.28544,0.23039,0.28544,108,1.07,0.98,0.94,0.96,1.0,1.05,1.035,0.99,0.97,0.98,1.0,1.025,reliever,1.1358634782944528,0.889,4.20145,4.1739,3.73509,3.71059,0.10855,0.10809,4.30075,4.29045,1.30378,1.30378,0.01188,212.65948125,0.43645,0.56355,R,0.2413,0.21564,0.13273,0.08416,0.01096,0.01465,0.02708,0.02208,0.13807,0.15061,0.03553,0.03035,0.00254,0.00206,0.00201,0.00196,0.40978,0.47849
700712,Walbert Ureña,Los,23,242.0,242.0,800,0.22674,0.11398,0.01204,0.00779,0.01706,0.00219,0.03866,0.14174,0.4398,0.0467,0.02878,0.00607,0.00461,0.00318,0.00031,0.00376,0.00577,0.00721,0.23241,0.11398,0.01204,0.01766,0.14033,0.0375,0.00214,0.00779,0.43616,0.22815,0.32364,0.2921,0.22815,0.2921,108,1.07,0.98,0.94,0.96,1.0,1.05,1.035,0.99,0.97,0.98,1.0,1.025,starter,4.611111111111112,0.934,4.03929,3.99141,3.7727,3.72798,0.1039,0.10297,4.31981,4.30688,1.20377,1.20377,0.00825,205.7,0.46606,0.53394,R,0.21605,0.23608,0.12777,0.10194,0.00781,0.01573,0.01499,0.01887,0.13648,0.14634,0.03905,0.03832,0.00272,0.00172,0.00765,0.00791,0.44748,0.43311
657277,Logan Webb,San,30,278.0,3612.0,1591,0.22655,0.0564,0.00674,0.00317,0.01753,0.00355,0.03808,0.18284,0.46515,0.0183,0.00819,0.00135,0.00092,0.00254,0.00046,0.00274,0.00486,0.00575,0.22315,0.05442,0.00674,0.0156,0.18559,0.03961,0.00417,0.00317,0.46756,0.2618,0.30612,0.32911,0.2618,0.32911,137,0.78,1.03,1.08,1.35,0.93,0.97,0.89,1.015,1.04,1.175,0.965,0.985,starter,6.136926998593089,0.934,3.96036,3.96276,3.69897,3.70122,0.10497,0.10488,4.19219,4.19814,0.67378,0.67378,0.00435,2164.1405184375,0.51218,0.48782,R,0.22434,0.22886,0.06315,0.04931,0.00528,0.00827,0.01646,0.01865,0.18041,0.1854,0.04444,0.03141,0.00521,0.0018,0.00255,0.00382,0.45816,0.47248
663878,Nate Pearson,Hou,30,28.0,570.0,1200,0.2265,0.09118,0.01212,0.01713,0.0295,0.00242,0.03606,0.14268,0.44242,0.03945,0.02203,0.00429,0.00494,0.00359,0.00028,0.00297,0.00509,0.00622,0.2333,0.09209,0.01212,0.03171,0.14126,0.03552,0.00206,0.01713,0.43482,0.23962,0.31476,0.29143,0.23962,0.29143,117,1.15,0.98,0.97,0.71,1.02,1.06,1.075,0.99,0.985,0.855,1.01,1.03,reliever,1.1484529968698178,0.889,4.31508,4.38493,3.83611,3.8982,0.11292,0.11461,4.24606,4.25105,1.21171,1.21171,0.01003,348.0182625,0.44388,0.55612,R,0.22893,0.22456,0.10873,0.07717,0.00975,0.01401,0.02775,0.03089,0.1417,0.14347,0.03493,0.03696,0.00312,0.00185,0.01745,0.01687,0.42764,0.45421
656641,Jacob Latz,Tex,31,106.0,668.0,1200,0.2265,0.10061,0.00251,0.00612,0.02704,0.00238,0.03717,0.1371,0.46057,0.03533,0.02062,0.00183,0.00278,0.00349,0.00024,0.00296,0.0049,0.00624,0.22876,0.09809,0.00251,0.02583,0.13298,0.03531,0.00215,0.00612,0.46825,0.21972,0.29687,0.26686,0.21972,0.26686,140,0.91,0.94,0.9,0.8,0.95,1.02,0.955,0.97,0.95,0.9,0.975,1.01,reliever,1.9161068633679526,0.889,4.06217,3.77965,3.61127,3.36011,0.1074,0.10137,4.20234,4.14292,0.25082,0.25082,0.00915,459.442,0.38652,0.61348,L,0.21255,0.23529,0.09609,0.10346,0.00237,0.00259,0.02675,0.02723,0.13027,0.1414,0.03769,0.03685,0.00269,0.00219,0.00777,0.00507,0.48382,0.44592
656492,Foster Griffin,Was,31,297.0,329.0,400,0.2264,0.07815,0.01926,0.00628,0.03025,0.00266,0.04069,0.1412,0.45512,0.04313,0.02246,0.00679,0.00372,0.00666,0.00053,0.00581,0.00861,0.01121,0.2196,0.07658,0.01926,0.03025,0.14544,0.04028,0.0026,0.00628,0.4597,0.24343,0.31441,0.29061,0.24343,0.29061,120,1.0,1.06,0.98,0.96,0.96,0.94,1.0,1.03,0.99,0.98,0.98,0.97,starter,5.538461538461538,0.934,4.40751,4.47036,4.11661,4.17532,0.11563,0.1169,4.23525,4.24892,1.9257,1.9257,0.00669,266.64857,0.334,0.666,L,0.2426,0.21827,0.08317,0.07563,0.02191,0.01792,0.02609,0.03234,0.13004,0.1468,0.04192,0.04007,0.00392,0.00202,0.00552,0.00666,0.44483,0.46029
688883,Peyton Pallette,Cle,26,97.0,97.0,800,0.2263,0.11225,0.0219,0.00378,0.02174,0.00195,0.03756,0.13885,0.43569,0.05773,0.03537,0.01097,0.00415,0.0038,0.00025,0.00378,0.00576,0.00728,0.23195,0.11393,0.0219,0.02108,0.13746,0.03831,0.00147,0.00378,0.43012,0.23051,0.33415,0.29182,0.23051,0.29182,114,0.94,0.98,1.04,0.51,1.03,1.05,0.97,0.99,1.02,0.755,1.015,1.025,reliever,1.2916666666666667,0.889,4.36295,4.31842,3.87866,3.83908,0.11079,0.10968,4.37544,4.37489,2.1899,2.1899,0.00974,82.45,0.43771,0.56229,R,0.24615,0.21084,0.10352,0.11904,0.02301,0.02103,0.02189,0.02161,0.14212,0.13631,0.03962,0.03595,0.00247,0.00154,0.00371,0.00382,0.41751,0.44984
656848,Michael Petersen,Mia,33,109.0,278.0,1200,0.22615,0.09959,0.00803,0.00708,0.03116,0.00388,0.03919,0.13823,0.44668,0.0467,0.02715,0.00471,0.0042,0.00386,0.00066,0.00305,0.00514,0.00649,0.22276,0.09959,0.00803,0.02914,0.13892,0.04037,0.00455,0.00708,0.44956,0.24057,0.3206,0.29025,0.24057,0.29025,146,0.87,1.01,1.06,1.35,1.0,0.97,0.935,1.005,1.03,1.175,1.0,0.985,reliever,1.138258706282053,0.889,4.56213,4.53637,4.05573,4.03283,0.11832,0.11756,4.28434,4.28761,0.80339,0.80339,0.00794,204.99874999999997,0.46444,0.53556,R,0.23113,0.22183,0.11485,0.08636,0.00595,0.00984,0.03576,0.02717,0.12937,0.14591,0.0392,0.03919,0.00544,0.00252,0.00835,0.00598,0.42994,0.4612
686701,Ryan Bergert,Kan,27,323.0,323.0,800,0.22601,0.09855,0.00466,0.00411,0.02769,0.00252,0.0303,0.14698,0.45919,0.04493,0.026,0.00339,0.00304,0.0044,0.0003,0.00302,0.00645,0.00768,0.21584,0.09855,0.00466,0.02533,0.14772,0.03318,0.00352,0.00411,0.4671,0.23496,0.31295,0.28306,0.23496,0.28306,118,0.83,1.01,1.19,1.79,1.0,0.91,0.915,1.005,1.095,1.395,1.0,0.955,starter,4.017543859649122,0.934,4.09709,4.13578,3.82669,3.86282,0.10772,0.10838,4.22599,4.23987,0.46554,0.46554,0.00767,233.36749999999998,0.5086,0.4914,R,0.21998,0.23225,0.10674,0.09006,0.00374,0.0056,0.02639,0.02903,0.14352,0.15057,0.03193,0.02861,0.00334,0.00168,0.00345,0.00478,0.46091,0.45741
677161,Zack Kelly,Bos,32,71.0,566.0,1200,0.22555,0.09606,0.01374,0.00703,0.02279,0.00192,0.03593,0.1446,0.45239,0.03867,0.02214,0.00458,0.00319,0.00324,0.00023,0.00295,0.00491,0.00611,0.2233,0.0951,0.01374,0.02097,0.14822,0.03899,0.00182,0.00703,0.45085,0.2375,0.31883,0.2954,0.2375,0.2954,111,0.84,1.05,1.17,0.9,0.98,0.98,0.92,1.025,1.085,0.95,0.99,0.99,reliever,1.1561270112702904,0.889,4.05483,4.12128,3.60474,3.66382,0.10594,0.10708,4.25278,4.27644,1.37401,1.37401,0.00855,366.7990071875,0.42169,0.57831,R,0.20886,0.23772,0.10838,0.08708,0.01354,0.01388,0.02456,0.0215,0.13308,0.153,0.03884,0.03381,0.00251,0.00148,0.0067,0.00726,0.46351,0.44427
656686,Corbin Martin,Chi,31,25.0,215.0,800,0.22555,0.1019,0.00975,0.00842,0.02427,0.00227,0.03522,0.14451,0.44811,0.05251,0.03086,0.00571,0.00498,0.00411,0.00047,0.0034,0.00604,0.00751,0.22894,0.10241,0.00975,0.02414,0.14162,0.0317,0.00248,0.00842,0.45054,0.22736,0.31211,0.28069,0.22736,0.28069,112,0.99,0.96,0.8,1.19,1.01,1.03,0.995,0.98,0.9,1.095,1.005,1.015,reliever,0.9739619985925404,0.889,4.15727,3.97353,3.69582,3.53247,0.10816,0.10426,4.27073,4.23467,0.97496,0.97496,0.01014,130.3667365625,0.43312,0.56688,R,0.21333,0.23489,0.11237,0.09389,0.00928,0.01011,0.02415,0.02436,0.1365,0.15064,0.03372,0.03637,0.00291,0.00178,0.00708,0.00944,0.46066,0.43853
691945,Carter Baumler,Tex,25,27.0,27.0,400,0.22551,0.10171,0.01753,0.00557,0.02446,0.00187,0.04187,0.13692,0.44455,0.06685,0.03926,0.01263,0.00612,0.00568,0.00025,0.00563,0.00788,0.01048,0.22777,0.09917,0.01753,0.02336,0.13281,0.03978,0.00168,0.00557,0.45232,0.22516,0.31433,0.27813,0.22516,0.27813,140,0.91,0.94,0.9,0.8,0.95,1.02,0.955,0.97,0.95,0.9,0.975,1.01,reliever,1.4166666666666667,0.889,4.35755,4.06407,3.87386,3.61296,0.1123,0.10629,4.3115,4.24842,1.75339,1.75339,0.00794,22.95,0.42291,0.57709,R,0.22551,0.22551,0.10171,0.10171,0.01753,0.01753,0.02446,0.02446,0.13692,0.13692,0.04187,0.04187,0.00187,0.00187,0.00557,0.00557,0.44455,0.44455
664123,Scott Effross,New,33,51.0,294.0,800,0.22547,0.07589,0.00502,0.00439,0.02938,0.00225,0.03461,0.15122,0.47178,0.051,0.02624,0.00365,0.00325,0.00451,0.00026,0.00352,0.00645,0.00793,0.22772,0.08234,0.00502,0.03188,0.14517,0.03339,0.00197,0.00439,0.46812,0.23387,0.29976,0.27832,0.23387,0.27832,147,1.17,0.92,0.93,0.75,1.17,1.02,1.085,0.96,0.965,0.875,1.085,1.01,reliever,0.9993764808579624,0.889,4.04774,4.10686,3.59844,3.651,0.10833,0.10969,4.15169,4.16003,0.50164,0.50164,0.00768,138.4560165625,0.40377,0.59623,R,0.21915,0.22975,0.09544,0.06265,0.00455,0.00533,0.03122,0.02813,0.13879,0.15964,0.03372,0.03521,0.00186,0.00251,0.00413,0.00457,0.47115,0.47221
607455,Anthony Banda,Min,33,122.0,769.0,1200,0.22517,0.10199,0.01634,0.0088,0.02067,0.00249,0.03369,0.14174,0.44912,0.03436,0.02022,0.00435,0.00313,0.00296,0.00032,0.0028,0.00487,0.00592,0.22179,0.10148,0.01634,0.02036,0.14457,0.03555,0.00229,0.0088,0.44883,0.23216,0.32059,0.28897,0.23216,0.28897,142,0.97,1.04,1.11,0.84,0.99,0.97,0.985,1.02,1.055,0.92,0.995,0.985,reliever,0.9438157217326099,0.889,3.96408,4.06312,3.52406,3.61212,0.10328,0.1053,4.26452,4.28755,1.63441,1.63441,0.01357,503.85256093749996,0.41927,0.58073,L,0.23474,0.21825,0.09357,0.10807,0.01599,0.0166,0.01543,0.02444,0.13712,0.14506,0.03354,0.03381,0.00239,0.00256,0.00786,0.00947,0.45935,0.44173
614179,José Ruiz,Atl,32,79.0,768.0,800,0.22475,0.09724,0.00929,0.01218,0.02688,0.00171,0.03138,0.14879,0.44777,0.03691,0.02127,0.00329,0.00368,0.0044,0.00019,0.00331,0.00618,0.00751,0.22925,0.09676,0.00929,0.02608,0.15177,0.0306,0.00164,0.01218,0.44244,0.23825,0.31613,0.29373,0.23825,0.29373,144,0.94,1.04,0.95,0.92,0.99,1.04,0.97,1.02,0.975,0.96,0.995,1.02,reliever,0.9606925519380141,0.889,4.159,4.13602,3.69735,3.67693,0.10862,0.10789,4.25441,4.25958,0.92879,0.92879,0.00816,415.97982656249997,0.39315,0.60685,R,0.23469,0.21831,0.09179,0.10078,0.00796,0.01015,0.02956,0.02515,0.14964,0.14824,0.03293,0.03038,0.00228,0.00134,0.01592,0.00977,0.43523,0.45589
605218,Carl Edwards Jr.,New,35,25.0,450.0,1200,0.22468,0.10381,0.00543,0.0067,0.02975,0.00196,0.03139,0.14574,0.45055,0.04515,0.02679,0.00319,0.00341,0.00393,0.0003,0.00261,0.00512,0.00629,0.22805,0.10796,0.00543,0.03005,0.14282,0.03029,0.00176,0.0067,0.44694,0.23288,0.3183,0.28122,0.23288,0.28122,121,1.02,0.96,0.93,0.79,1.08,1.03,1.01,0.98,0.965,0.895,1.04,1.015,reliever,2.310810810810811,0.889,4.31088,4.28077,3.83237,3.8056,0.11213,0.11131,4.2717,4.27314,0.54267,0.54267,0.0085,208.96344749999997,0.40873,0.59127,R,0.1918,0.24741,0.11461,0.09634,0.00517,0.00561,0.02539,0.03276,0.16016,0.13577,0.03223,0.0308,0.00278,0.0014,0.00557,0.00748,0.46229,0.44243
676272,Bobby Miller,Los,28,28.0,791.0,800,0.22458,0.08284,0.01134,0.00419,0.02894,0.00234,0.03621,0.15197,0.4576,0.03607,0.01935,0.00359,0.00214,0.00459,0.00041,0.00373,0.00647,0.00796,0.2257,0.08367,0.01134,0.03328,0.14665,0.03494,0.00195,0.00419,0.45828,0.2407,0.31183,0.28597,0.2407,0.28597,119,1.3,0.93,0.93,0.67,1.02,1.01,1.15,0.965,0.965,0.835,1.01,1.005,starter,4.135858438139808,0.934,4.34091,4.42197,4.05441,4.13012,0.11365,0.11607,4.24407,4.23295,1.13388,1.13388,0.01388,442.28740625,0.45267,0.54733,R,0.23499,0.21597,0.09443,0.07325,0.00821,0.01393,0.02819,0.02955,0.14234,0.15994,0.03283,0.039,0.0037,0.00121,0.00377,0.00454,0.45153,0.46262
642121,Cole Sulser,Tam,37,114.0,442.0,1200,0.22449,0.09346,0.00168,0.0068,0.0247,0.00214,0.03785,0.14758,0.4613,0.0423,0.02396,0.00179,0.00346,0.00327,0.00024,0.003,0.00509,0.00628,0.22673,0.09206,0.00168,0.02482,0.1461,0.03577,0.0024,0.0068,0.46364,0.23247,0.30283,0.28442,0.23247,0.28442,139,1.01,0.98,0.89,1.24,0.97,1.02,1.005,0.99,0.945,1.12,0.985,1.01,reliever,1.2891323711745986,0.889,4.04226,3.92877,3.59357,3.49268,0.10679,0.10447,4.20597,4.17834,0.16784,0.16784,0.00863,268.5693415625,0.48723,0.51277,R,0.23013,0.21913,0.09143,0.09539,0.00154,0.00181,0.02017,0.029,0.13408,0.16041,0.03181,0.0436,0.00226,0.00203,0.00745,0.00617,0.48113,0.44246
624133,Ranger Suarez,Bos,31,263.0,2742.0,1310,0.22448,0.07321,0.00633,0.00413,0.01644,0.00201,0.03358,0.16926,0.47055,0.02066,0.01048,0.00149,0.0012,0.00269,0.00032,0.00289,0.00536,0.0062,0.22224,0.07248,0.00633,0.01512,0.17349,0.03644,0.00191,0.00413,0.46786,0.24749,0.30577,0.31166,0.24749,0.31166,111,0.84,1.05,1.17,0.9,0.98,0.98,0.92,1.025,1.085,0.95,0.99,0.99,starter,5.750474759194882,0.934,3.64565,3.74818,3.40504,3.5008,0.09722,0.09925,4.16639,4.19603,0.63346,0.63346,0.00418,1653.9560418749998,0.23161,0.76839,L,0.25052,0.21663,0.05045,0.08007,0.01383,0.00407,0.01853,0.01581,0.15665,0.17306,0.03217,0.03401,0.00271,0.0018,0.003,0.00447,0.47214,0.47008
656849,David Peterson,New,31,266.0,2445.0,1298,0.22434,0.09312,0.01223,0.00656,0.01692,0.00226,0.0368,0.16503,0.44275,0.02147,0.01215,0.00219,0.00159,0.00268,0.00025,0.00297,0.00507,0.00594,0.2277,0.09684,0.01223,0.01708,0.16173,0.03551,0.00202,0.00656,0.44032,0.24464,0.32542,0.31156,0.24464,0.31156,121,1.02,0.96,0.93,0.79,1.08,1.03,1.01,0.98,0.965,0.895,1.04,1.015,starter,5.4234364867776,0.934,4.15261,4.08942,3.87854,3.81952,0.1067,0.10522,4.32423,4.31826,1.22282,1.22282,0.00742,1519.940536875,0.2678,0.7322,L,0.28781,0.20112,0.06692,0.1027,0.01922,0.00967,0.02062,0.01556,0.15572,0.16844,0.03017,0.03923,0.00256,0.00214,0.00524,0.00704,0.41173,0.4541
641927,Bailey Ober,Min,31,281.0,2418.0,1347,0.22411,0.05761,0.00916,0.00623,0.03409,0.00336,0.03707,0.1388,0.48957,0.02142,0.00972,0.00191,0.00156,0.00386,0.00045,0.00303,0.00504,0.0065,0.22075,0.05732,0.00916,0.03358,0.14158,0.03911,0.00309,0.00623,0.48918,0.2344,0.28384,0.27309,0.2344,0.27309,142,0.97,1.04,1.11,0.84,0.99,0.97,0.985,1.02,1.055,0.92,0.995,0.985,starter,5.5866162189434965,0.934,3.94332,4.03141,3.68306,3.76534,0.10828,0.11013,4.04633,4.0675,0.91578,0.91578,0.0032,1527.0233371874997,0.48787,0.51213,R,0.19862,0.2484,0.0577,0.05752,0.00839,0.00989,0.03504,0.03319,0.13825,0.13933,0.03518,0.03886,0.00318,0.00353,0.00529,0.00714,0.51835,0.46214
641816,Tyler Mahle,San,32,249.0,1256.0,1200,0.22408,0.08455,0.0029,0.00786,0.02164,0.00252,0.03363,0.15549,0.46734,0.02888,0.01565,0.00147,0.00238,0.00303,0.00031,0.00289,0.00531,0.00628,0.22072,0.08159,0.0029,0.01926,0.15782,0.03498,0.00296,0.00786,0.47192,0.23689,0.2995,0.29319,0.23689,0.29319,137,0.78,1.03,1.08,1.35,0.93,0.97,0.89,1.015,1.04,1.175,0.965,0.985,starter,5.230579202547515,0.934,3.78749,3.72406,3.53752,3.47827,0.10102,0.0995,4.16572,4.15846,0.29013,0.29013,0.00688,772.4544096875,0.45828,0.54172,R,0.25197,0.20048,0.08125,0.08734,0.00222,0.00348,0.01972,0.02326,0.1281,0.17865,0.03456,0.03285,0.00322,0.00192,0.00995,0.0061,0.46902,0.46592
686790,Trevor McDonald,San,26,165.0,235.0,1200,0.22394,0.07285,0.01865,0.00512,0.02317,0.0027,0.03677,0.15512,0.46167,0.04758,0.02408,0.00761,0.00378,0.00339,0.00038,0.00316,0.00509,0.00624,0.22058,0.0703,0.01865,0.02062,0.15744,0.03824,0.00317,0.00512,0.46586,0.24227,0.30843,0.29916,0.24227,0.29916,137,0.78,1.03,1.08,1.35,0.93,0.97,0.89,1.015,1.04,1.175,0.965,0.985,starter,5.332929276871409,0.934,4.0774,4.01564,3.80829,3.75061,0.10743,0.10593,4.21722,4.21217,1.86544,1.86544,0.0094,183.6,0.45977,0.54023,R,0.21068,0.23523,0.08019,0.06661,0.02586,0.01252,0.02612,0.02065,0.16242,0.1489,0.03739,0.03624,0.00381,0.00176,0.00578,0.00457,0.44774,0.47353
571760,Andrew Heaney,Los,36,536.0,2180.0,878,0.22391,0.07409,0.01809,0.0047,0.03056,0.00213,0.04009,0.15412,0.45231,0.02315,0.01181,0.0028,0.00143,0.00452,0.00024,0.00381,0.00624,0.00765,0.22503,0.07483,0.01809,0.03514,0.14873,0.03869,0.00177,0.0047,0.45301,0.2486,0.31725,0.2946,0.2486,0.2946,119,1.3,0.93,0.93,0.67,1.02,1.01,1.15,0.965,0.965,0.835,1.01,1.005,starter,4.77784149741139,0.934,4.59368,4.68257,4.2905,4.37352,0.11931,0.12194,4.27802,4.26659,1.80868,1.80868,0.00487,1285.0032781249997,0.25962,0.74038,L,0.20179,0.23167,0.0927,0.06756,0.01544,0.01901,0.02685,0.03186,0.16628,0.14986,0.04085,0.03983,0.00415,0.00142,0.00409,0.00492,0.44784,0.45387
660761,José Suarez,Ath,29,154.0,1102.0,1200,0.22389,0.09748,0.01005,0.00476,0.0212,0.00243,0.03675,0.15865,0.44478,0.03144,0.01816,0.0029,0.00197,0.00325,0.00045,0.00332,0.00542,0.00645,0.20822,0.10722,0.01005,0.0229,0.16658,0.0408,0.00223,0.00476,0.43724,0.26483,0.34978,0.32404,0.26483,0.32404,133,1.16,1.1,1.22,0.83,1.2,0.86,1.08,1.05,1.11,0.915,1.1,0.93,reliever,2.1668848815191684,0.889,4.30093,4.94634,3.82353,4.39729,0.11048,0.12268,4.3256,4.48002,1.00475,1.00475,0.00712,627.935385625,0.39852,0.60148,L,0.23869,0.21408,0.09571,0.09864,0.00778,0.01155,0.01839,0.02307,0.14428,0.16817,0.03171,0.0401,0.00347,0.00175,0.00449,0.00494,0.45548,0.43769
676428,Brant Hurter,Det,28,101.0,553.0,1200,0.22388,0.08443,0.02034,0.00568,0.02277,0.00215,0.03547,0.14535,0.45993,0.03761,0.02037,0.00561,0.00289,0.00329,0.00037,0.003,0.00486,0.0061,0.22276,0.08401,0.02034,0.02289,0.14607,0.03405,0.00273,0.00568,0.46147,0.23118,0.31009,0.28379,0.23118,0.28379,116,1.01,1.01,0.92,1.54,0.99,0.99,1.005,1.005,0.96,1.27,0.995,0.995,reliever,2.3065862567508617,0.889,3.99066,3.98494,3.5477,3.54261,0.10495,0.10487,4.22486,4.22229,2.03414,2.03414,0.00643,393.4543749999999,0.42497,0.57503,L,0.23906,0.21266,0.07959,0.08801,0.02523,0.01673,0.01753,0.02665,0.14189,0.1479,0.03194,0.03808,0.00239,0.00197,0.00548,0.00582,0.45689,0.46218
700187,Troy Taylor,Sea,25,37.0,118.0,800,0.22387,0.08371,0.00948,0.01185,0.02071,0.00223,0.03839,0.14918,0.46058,0.05826,0.03143,0.00687,0.007,0.00381,0.00028,0.00375,0.00623,0.00769,0.24402,0.08162,0.00948,0.02051,0.14172,0.03666,0.00155,0.01185,0.4526,0.22344,0.29153,0.28447,0.22344,0.28447,136,0.98,0.9,0.91,0.39,0.95,1.18,0.99,0.95,0.955,0.695,0.975,1.09,reliever,0.8954396573444193,0.889,3.85037,3.5279,3.42298,3.13631,0.10226,0.09534,4.18355,4.1117,0.94754,0.94754,0.00913,76.476625,0.42453,0.57547,R,0.2363,0.2147,0.09364,0.07638,0.00806,0.01052,0.0207,0.02072,0.13861,0.15698,0.03812,0.03859,0.0029,0.00174,0.0104,0.01291,0.45126,0.46746
682052,Jacob Lopez,Ath,29,243.0,742.0,1200,0.22379,0.10355,0.01566,0.00559,0.02351,0.0017,0.03771,0.14175,0.44673,0.03311,0.01965,0.00433,0.00254,0.00332,0.00018,0.0033,0.00513,0.00637,0.20812,0.11391,0.01566,0.0254,0.14884,0.04185,0.00156,0.00559,0.43907,0.25166,0.34722,0.30452,0.25166,0.30452,133,1.16,1.1,1.22,0.83,1.2,0.86,1.08,1.05,1.11,0.915,1.1,0.93,starter,4.242437855189638,0.934,4.25585,4.90602,3.97497,4.58222,0.10975,0.12216,4.30846,4.46242,1.56644,1.56644,0.00475,551.2655874999999,0.28378,0.71622,L,0.22146,0.22471,0.10546,0.10279,0.01649,0.01534,0.01698,0.0261,0.1412,0.14197,0.03798,0.0376,0.00201,0.00158,0.00575,0.00553,0.45266,0.44438
694462,Hurston Waldrep,Atl,25,229.0,265.0,800,0.22361,0.09865,0.01413,0.00473,0.02399,0.0021,0.03426,0.1503,0.44824,0.0477,0.02772,0.00635,0.00349,0.00437,0.0003,0.00352,0.00617,0.00761,0.22808,0.09815,0.01413,0.02327,0.15331,0.0334,0.00202,0.00473,0.44291,0.24008,0.32428,0.29879,0.24008,0.29879,144,0.94,1.04,0.95,0.92,0.99,1.04,0.97,1.02,0.975,0.96,0.995,1.02,starter,5.42953349388993,0.934,4.2637,4.24305,3.9823,3.96301,0.11003,0.10936,4.30552,4.31095,1.41337,1.41337,0.00628,187.56099999999998,0.49247,0.50753,R,0.22482,0.22244,0.10991,0.08772,0.01166,0.01654,0.02673,0.02132,0.15021,0.15039,0.03574,0.03282,0.00254,0.00167,0.00396,0.00547,0.43444,0.46163
661563,Luis Gil,New,29,85.0,985.0,1217,0.22352,0.11759,0.01209,0.00346,0.0305,0.0023,0.03916,0.13323,0.43815,0.03102,0.01948,0.00335,0.00176,0.00375,0.00025,0.00298,0.00483,0.00619,0.22576,0.12759,0.01209,0.03309,0.1279,0.03779,0.00201,0.00346,0.43031,0.23434,0.34047,0.28043,0.23434,0.28043,147,1.17,0.92,0.93,0.75,1.17,1.02,1.085,0.96,0.965,0.875,1.085,1.01,starter,5.173528686806335,0.934,4.74246,4.89209,4.42946,4.56921,0.12032,0.12307,4.37961,4.4168,1.20903,1.20903,0.01066,639.737625,0.47513,0.52487,R,0.20452,0.24073,0.12373,0.11203,0.00881,0.01506,0.02953,0.03138,0.13499,0.13164,0.04,0.03839,0.00335,0.00135,0.00446,0.00255,0.45061,0.42687
677955,Jaden Hill,Col,27,109.0,283.0,1200,0.22349,0.09771,0.01619,0.01692,0.02228,0.00328,0.03746,0.14365,0.43901,0.04596,0.0266,0.00661,0.00642,0.0032,0.00051,0.00311,0.00492,0.00606,0.21231,0.09771,0.01619,0.02295,0.15587,0.04177,0.00479,0.01692,0.43149,0.2593,0.33928,0.31932,0.2593,0.31932,115,1.06,1.17,1.23,1.92,1.0,0.9,1.03,1.085,1.115,1.46,1.0,0.95,reliever,0.9900977453780375,0.889,4.19941,4.78124,3.73327,4.25052,0.10883,0.1205,4.28748,4.4088,1.61877,1.61877,0.01054,213.48812499999997,0.4617,0.5383,R,0.21081,0.23436,0.11334,0.08431,0.01666,0.01578,0.01813,0.02584,0.14088,0.14604,0.03507,0.03952,0.00329,0.00327,0.01652,0.01727,0.44531,0.43361
686228,Juan Burgos,Ari,27,65.0,65.0,400,0.22348,0.09277,0.01294,0.00443,0.03212,0.00171,0.03191,0.14603,0.45462,0.06244,0.03531,0.00935,0.00487,0.00697,0.00027,0.00488,0.00874,0.01087,0.21231,0.09184,0.01294,0.03084,0.14749,0.0343,0.00261,0.00443,0.46325,0.24162,0.32001,0.28471,0.24162,0.28471,109,0.92,1.02,1.15,2.05,0.98,0.9,0.96,1.01,1.075,1.525,0.99,0.95,reliever,1.0256410256410258,0.889,4.41533,4.49867,3.92523,3.99932,0.11495,0.11668,4.26795,4.28388,1.29388,1.29388,0.00765,46.96249999999999,0.39245,0.60755,R,0.21704,0.22764,0.09556,0.09096,0.01391,0.01231,0.02947,0.03384,0.14442,0.14707,0.03335,0.03097,0.00225,0.00136,0.00444,0.00442,0.45957,0.45142
687209,Zach Maxwell,Cin,26,33.0,76.0,800,0.2233,0.09388,0.00562,0.00418,0.01973,0.00176,0.03514,0.15528,0.46112,0.06058,0.03445,0.00596,0.0046,0.00348,0.0002,0.00361,0.00637,0.00763,0.22665,0.09716,0.00562,0.022,0.15139,0.03549,0.00151,0.00418,0.456,0.23559,0.31317,0.29235,0.23559,0.29235,113,1.23,0.95,1.02,0.71,1.07,1.03,1.115,0.975,1.01,0.855,1.035,1.015,reliever,1.146551724137931,0.889,3.89866,3.99531,3.46591,3.55183,0.1024,0.10467,4.23033,4.24122,0.56162,0.56162,0.00879,59.11749999999999,0.41667,0.58333,R,0.22231,0.224,0.1023,0.08786,0.00363,0.00704,0.01307,0.02448,0.16202,0.15045,0.0311,0.03803,0.00131,0.00208,0.00313,0.00493,0.46112,0.46112
668390,Cole Winn,Tex,27,91.0,330.0,1200,0.22298,0.08471,0.02165,0.00849,0.02766,0.00194,0.03314,0.13916,0.46027,0.04424,0.02403,0.00718,0.00432,0.00355,0.00018,0.00277,0.00474,0.00604,0.22521,0.08259,0.02165,0.02642,0.13499,0.03148,0.00174,0.00849,0.46743,0.21935,0.29887,0.26463,0.21935,0.26463,140,0.91,0.94,0.9,0.8,0.95,1.02,0.955,0.97,0.95,0.9,0.975,1.01,reliever,1.1599513628733784,0.889,4.07229,3.80165,3.62027,3.37966,0.10745,0.10167,4.21111,4.15472,2.16491,2.16491,0.01049,241.68262499999997,0.39623,0.60377,R,0.18976,0.24478,0.12277,0.05974,0.01617,0.02524,0.02221,0.03124,0.14515,0.13523,0.03707,0.03056,0.00293,0.00128,0.00761,0.00906,0.45633,0.46286
685801,Hunter Bigge,Tam,29,85.0,218.0,1200,0.22295,0.1001,0.0063,0.00538,0.0178,0.00228,0.0389,0.14916,0.45713,0.04969,0.0291,0.00457,0.00397,0.00279,0.00031,0.00318,0.005,0.00612,0.22518,0.0986,0.0063,0.01789,0.14766,0.03676,0.00255,0.00538,0.45967,0.23026,0.30976,0.28914,0.23026,0.28914,139,1.01,0.98,0.89,1.24,0.97,1.02,1.005,0.99,0.945,1.12,0.985,1.01,reliever,1.0514519327889997,0.889,3.92167,3.80253,3.48636,3.38045,0.10254,0.10011,4.24964,4.22027,0.62957,0.62957,0.00812,160.43112499999998,0.44019,0.55981,R,0.25473,0.19797,0.09795,0.10179,0.00528,0.0071,0.0176,0.01797,0.14603,0.15162,0.03472,0.04218,0.0032,0.00155,0.00458,0.00602,0.43591,0.47382
681869,Shawn Dubin,Bal,31,145.0,394.0,1200,0.22279,0.09403,0.0124,0.00938,0.02201,0.00222,0.0341,0.15042,0.45265,0.04356,0.02481,0.00508,0.00425,0.00321,0.00026,0.00276,0.00522,0.00623,0.22057,0.09074,0.0124,0.023,0.15342,0.03427,0.00246,0.00938,0.45376,0.24018,0.31629,0.29531,0.24018,0.29531,110,1.09,1.04,1.01,1.21,0.93,0.98,1.045,1.02,1.005,1.105,0.965,0.99,reliever,1.3037576491691407,0.889,4.03561,4.12572,3.58766,3.66777,0.10542,0.10759,4.25368,4.26059,1.23969,1.23969,0.00651,253.81063749999996,0.46377,0.53623,R,0.23015,0.21643,0.10697,0.08284,0.0088,0.01551,0.01989,0.02384,0.14513,0.15499,0.03474,0.03355,0.00277,0.00175,0.00671,0.01168,0.44483,0.45941
687888,Brandon Walter,Hou,30,212.0,318.0,400,0.22266,0.0531,0.01225,0.00187,0.03024,0.00273,0.04343,0.14981,0.48391,0.04622,0.02023,0.00551,0.00206,0.00702,0.00055,0.00587,0.00906,0.01174,0.22934,0.05363,0.01225,0.03251,0.14831,0.04278,0.00234,0.00187,0.47698,0.24235,0.29181,0.28852,0.24235,0.28852,117,1.15,0.98,0.97,0.71,1.02,1.06,1.075,0.99,0.985,0.855,1.01,1.03,starter,5.962962962962963,0.934,4.14091,4.19764,3.86761,3.9206,0.1119,0.11339,4.11184,4.11331,1.22516,1.22516,0.00676,208.50266249999999,0.29369,0.70631,L,0.20967,0.22807,0.067,0.04732,0.01389,0.01157,0.02431,0.0327,0.14432,0.15209,0.04173,0.04414,0.00331,0.00249,0.00219,0.00174,0.49359,0.47988
676917,Cade Cavalli,Was,28,313.0,555.0,800,0.22253,0.07779,0.02815,0.00714,0.01598,0.00241,0.03016,0.16138,0.45445,0.03619,0.01892,0.00656,0.00324,0.00329,0.0005,0.00304,0.00639,0.00741,0.21585,0.07623,0.02815,0.01598,0.16622,0.02986,0.00236,0.00714,0.45819,0.24135,0.31882,0.30222,0.24135,0.30222,120,1.0,1.06,0.98,0.96,0.96,0.94,1.0,1.03,0.99,0.98,0.98,0.97,starter,4.935386198910666,0.934,3.82058,3.89974,3.56842,3.64236,0.0997,0.10132,4.25804,4.2764,2.81514,2.81514,0.00861,424.27750000000003,0.52869,0.47131,R,0.23965,0.20333,0.07637,0.07938,0.03381,0.0218,0.016,0.01597,0.15633,0.16706,0.03151,0.02865,0.00239,0.00244,0.00683,0.00749,0.43711,0.47389
605463,Tayler Scott,Hou,35,134.0,563.0,800,0.22249,0.11151,0.0138,0.00998,0.02246,0.00235,0.03002,0.14405,0.44334,0.03944,0.02424,0.0046,0.0038,0.0039,0.00038,0.00299,0.00592,0.00714,0.22916,0.11262,0.0138,0.02414,0.14261,0.02957,0.00201,0.00998,0.4361,0.22966,0.32476,0.28543,0.22966,0.28543,117,1.15,0.98,0.97,0.71,1.02,1.06,1.075,0.99,0.985,0.855,1.01,1.03,reliever,1.1175295444501603,0.889,4.10797,4.1542,3.65198,3.69308,0.10589,0.107,4.31039,4.31401,1.38042,1.38042,0.0058,342.11341343749996,0.45292,0.54708,R,0.19347,0.24651,0.13288,0.09381,0.01598,0.012,0.02367,0.02145,0.12668,0.15844,0.02625,0.03313,0.00379,0.00116,0.01197,0.00834,0.46531,0.42515
680735,Austin Cox,Atl,30,102.0,251.0,400,0.22232,0.08765,0.00869,0.01299,0.03266,0.003,0.03986,0.13586,0.45697,0.05037,0.02782,0.00509,0.00587,0.00657,0.00063,0.00525,0.00803,0.01072,0.22677,0.08721,0.00869,0.03168,0.13858,0.03886,0.00288,0.01299,0.45234,0.23791,0.3079,0.28502,0.23791,0.28502,144,0.94,1.04,0.95,0.92,0.99,1.04,0.97,1.02,0.975,0.96,0.995,1.02,reliever,1.641025641025641,0.889,4.38005,4.33239,3.89387,3.85149,0.11566,0.11437,4.20782,4.20893,0.86892,0.86892,0.0092,151.47393124999996,0.4106,0.5894,L,0.21259,0.2291,0.09525,0.08235,0.00846,0.00885,0.03412,0.03163,0.12384,0.14424,0.0374,0.04157,0.00376,0.00248,0.00891,0.01583,0.47567,0.44395
668716,Noah Murdock,Ath,28,98.0,98.0,400,0.22226,0.12201,0.01616,0.00835,0.02512,0.00181,0.02726,0.14614,0.4309,0.05886,0.03762,0.00942,0.00615,0.00598,0.00029,0.00415,0.0088,0.01044,0.2067,0.13422,0.01616,0.02713,0.15344,0.03026,0.00165,0.00835,0.42209,0.25258,0.36287,0.30515,0.25258,0.30515,133,1.16,1.1,1.22,0.83,1.2,0.86,1.08,1.05,1.11,0.915,1.1,0.93,reliever,1.2142857142857142,0.889,4.42969,5.10663,3.93799,4.53979,0.11177,0.1241,4.40365,4.57204,1.6158,1.6158,0.00737,70.80499999999999,0.37919,0.62081,R,0.22394,0.22123,0.1249,0.12025,0.0158,0.01638,0.02703,0.02395,0.13772,0.15128,0.02515,0.02855,0.00242,0.00144,0.00977,0.00748,0.43326,0.42945
695001,Alimber Santa,Hou,24,39.0,39.0,400,0.22224,0.09141,0.00736,0.01773,0.02448,0.00171,0.02392,0.15796,0.45319,0.06462,0.03637,0.0078,0.01043,0.00577,0.00034,0.00327,0.00875,0.01022,0.2289,0.09232,0.00736,0.02632,0.15638,0.02356,0.00146,0.01773,0.44596,0.23536,0.30741,0.28916,0.23536,0.28916,117,1.15,0.98,0.97,0.71,1.02,1.06,1.075,0.99,0.985,0.855,1.01,1.03,reliever,1.6666666666666667,0.889,3.83373,3.88824,3.40818,3.45664,0.10136,0.10272,4.20252,4.20594,0.73624,0.73624,0.00781,33.15,0.41004,0.58996,R,0.22886,0.21764,0.09993,0.08549,0.00573,0.0085,0.02299,0.02552,0.16724,0.1515,0.01689,0.02881,0.00125,0.00204,0.02544,0.01237,0.43167,0.46814
640448,Kyle Finnegan,Det,35,130.0,1186.0,1200,0.22218,0.09328,0.00227,0.00599,0.02343,0.00243,0.034,0.15507,0.46134,0.02979,0.01692,0.00134,0.00213,0.00332,0.00044,0.00288,0.0052,0.00628,0.22106,0.09282,0.00227,0.02355,0.15584,0.03264,0.00309,0.00599,0.46273,0.23932,0.31022,0.29279,0.23932,0.29279,116,1.01,1.01,0.92,1.54,0.99,0.99,1.005,1.005,0.96,1.27,0.995,0.995,reliever,1.0104481824931808,0.889,4.02944,4.02982,3.58217,3.58251,0.10597,0.10603,4.22477,4.22307,0.22718,0.22718,0.00801,711.6311987499998,0.45904,0.54096,R,0.23129,0.21444,0.10949,0.07953,0.00228,0.00226,0.02226,0.02443,0.14102,0.16699,0.03202,0.03568,0.00249,0.00238,0.00571,0.00622,0.45344,0.46805
681810,Austin Warren,New,31,91.0,243.0,1200,0.22216,0.0908,0.00581,0.01052,0.02295,0.00222,0.03556,0.14998,0.46,0.04951,0.02779,0.00422,0.00535,0.00321,0.00025,0.00309,0.00514,0.00623,0.22549,0.09443,0.00581,0.02318,0.14698,0.03431,0.00199,0.01052,0.45729,0.23218,0.3067,0.28612,0.23218,0.28612,121,1.02,0.96,0.93,0.79,1.08,1.03,1.01,0.98,0.965,0.895,1.04,1.015,reliever,1.5717145560237202,0.889,3.95315,3.9024,3.51435,3.46923,0.10445,0.1032,4.20539,4.20165,0.58084,0.58084,0.0071,158.76762187499997,0.44687,0.55313,R,0.20333,0.23737,0.09295,0.08907,0.00481,0.00661,0.02201,0.02371,0.1507,0.1494,0.03556,0.03555,0.00284,0.00173,0.01195,0.00936,0.47585,0.4472
680744,Ty Madden,Det,27,71.0,172.0,800,0.22209,0.07638,0.01141,0.00623,0.01967,0.00246,0.03974,0.15642,0.46559,0.05298,0.02749,0.00668,0.0046,0.00375,0.00043,0.00397,0.0066,0.00801,0.22098,0.076,0.01141,0.01977,0.1572,0.03815,0.00313,0.00623,0.46713,0.2408,0.30566,0.2982,0.2408,0.2982,116,1.01,1.01,0.92,1.54,0.99,0.99,1.005,1.005,0.96,1.27,0.995,0.995,starter,3.6461345245984798,0.934,3.92453,3.91786,3.66551,3.65928,0.10387,0.10376,4.19794,4.19536,1.14132,1.14132,0.00802,122.37662499999999,0.46237,0.53763,R,0.22911,0.21606,0.08797,0.06641,0.01097,0.01179,0.02124,0.01831,0.16349,0.15034,0.03855,0.04076,0.00307,0.00194,0.00542,0.00693,0.44017,0.48744
687075,Brandon Sproat,Mil,26,240.0,324.0,800,0.22206,0.10176,0.0195,0.0041,0.02447,0.00204,0.02987,0.15196,0.44426,0.04293,0.02536,0.00687,0.00303,0.0041,0.0003,0.00325,0.00637,0.0075,0.23316,0.1043,0.0195,0.02471,0.14892,0.02792,0.00197,0.0041,0.43542,0.23337,0.32732,0.29112,0.23337,0.29112,158,1.02,0.96,0.87,0.93,1.05,1.1,1.01,0.98,0.935,0.965,1.025,1.05,starter,4.663639186461729,0.934,4.33298,4.23381,4.047,3.95438,0.1108,0.10863,4.34509,4.33047,1.94954,1.94954,0.00867,264.69,0.46565,0.53435,R,0.23465,0.21109,0.11095,0.09375,0.02267,0.01673,0.02145,0.0271,0.13939,0.1629,0.03566,0.02481,0.00241,0.00172,0.00353,0.00459,0.42928,0.4573
663432,Tanner Rainey,Det,34,47.0,411.0,800,0.2216,0.11187,0.01197,0.00719,0.02534,0.00272,0.03561,0.14273,0.44097,0.04451,0.02743,0.0049,0.00366,0.00417,0.0004,0.00349,0.00621,0.00759,0.2205,0.11131,0.01197,0.02546,0.14345,0.03419,0.00346,0.00719,0.44248,0.23755,0.32983,0.29041,0.23755,0.29041,116,1.01,1.01,0.92,1.54,0.99,0.99,1.005,1.005,0.96,1.27,0.995,0.995,reliever,0.9696013993341879,0.889,4.44209,4.44111,3.94902,3.94815,0.11348,0.11353,4.3493,4.34665,1.19677,1.19677,0.01016,232.61465499999997,0.42678,0.57322,R,0.22067,0.2223,0.12728,0.10039,0.0128,0.01135,0.02098,0.02858,0.13109,0.1514,0.03967,0.03259,0.00349,0.00215,0.00631,0.00785,0.43772,0.44338
593423,Frankie Montas,New,34,178.0,1448.0,844,0.22157,0.0867,0.00908,0.00754,0.02777,0.0027,0.03773,0.15209,0.45481,0.02828,0.01556,0.00243,0.00218,0.0044,0.00043,0.00372,0.00638,0.00784,0.22489,0.09017,0.00908,0.02805,0.14905,0.03641,0.00242,0.00754,0.45238,0.24175,0.31518,0.29345,0.24175,0.29345,121,1.02,0.96,0.93,0.79,1.08,1.03,1.01,0.98,0.965,0.895,1.04,1.015,starter,4.853874746397737,0.934,4.37524,4.31732,4.08647,4.03237,0.11414,0.11277,4.2593,4.2537,0.90812,0.90812,0.00758,800.6297049999998,0.49661,0.50339,R,0.20314,0.23976,0.10159,0.07202,0.00931,0.00885,0.03432,0.02131,0.15344,0.15076,0.03657,0.03888,0.00328,0.00213,0.00628,0.00878,0.45207,0.45751
663687,Hogan Harris,Ath,30,144.0,1010.0,1200,0.22152,0.11232,0.00906,0.00692,0.02049,0.00215,0.04164,0.14443,0.44147,0.03073,0.01897,0.00287,0.00246,0.00306,0.00023,0.00331,0.00499,0.00624,0.20601,0.12355,0.00906,0.02212,0.15165,0.04622,0.00197,0.00692,0.43249,0.25796,0.35458,0.31604,0.25796,0.31604,133,1.16,1.1,1.22,0.83,1.2,0.86,1.08,1.05,1.11,0.915,1.1,0.93,reliever,2.0415206967233286,0.889,4.33379,5.01325,3.85274,4.45677,0.11074,0.12342,4.34834,4.51334,0.90607,0.90607,0.00639,658.0903999999999,0.35529,0.64471,L,0.23229,0.21559,0.12294,0.10647,0.011,0.00799,0.01982,0.02086,0.15901,0.1364,0.03704,0.04417,0.0039,0.00119,0.00545,0.00773,0.40856,0.45961
702193,Andrew Morris,Min,25,130.0,130.0,400,0.22151,0.08058,0.00893,0.01128,0.02402,0.0022,0.02872,0.1595,0.46326,0.05412,0.02881,0.00648,0.00666,0.00594,0.00059,0.00447,0.00918,0.01079,0.21819,0.08018,0.00893,0.02366,0.16269,0.0303,0.00202,0.01128,0.46275,0.24307,0.30778,0.29647,0.24307,0.29647,142,0.97,1.04,1.11,0.84,0.99,0.97,0.985,1.02,1.055,0.92,0.995,0.985,reliever,1.4736842105263157,0.889,3.87719,3.97238,3.44682,3.53145,0.10294,0.10488,4.18507,4.20823,0.89339,0.89339,0.01294,110.5,0.45152,0.54848,R,0.22959,0.21486,0.0814,0.07991,0.00942,0.00854,0.02397,0.02407,0.13727,0.17779,0.03275,0.02541,0.00312,0.00144,0.01109,0.01143,0.47141,0.45656
669711,Greg Weissert,Bos,32,111.0,787.0,1200,0.22151,0.08017,0.00908,0.00972,0.02196,0.00171,0.02931,0.15844,0.46809,0.03366,0.01787,0.00322,0.00326,0.00333,0.00024,0.00257,0.00541,0.00637,0.21929,0.07937,0.00908,0.0202,0.1624,0.0318,0.00163,0.00972,0.4665,0.23955,0.30449,0.29567,0.23955,0.29567,111,0.84,1.05,1.17,0.9,0.98,0.98,0.92,1.025,1.085,0.95,0.99,0.99,reliever,0.9645849897288898,0.889,3.7296,3.78814,3.31561,3.36766,0.09948,0.1005,4.16549,4.18829,0.90843,0.90843,0.0066,523.43227375,0.40376,0.59624,R,0.20007,0.23602,0.1072,0.06187,0.00572,0.01136,0.02216,0.02183,0.15476,0.16094,0.02907,0.02947,0.00237,0.00127,0.0091,0.01014,0.46956,0.46709
699823,Tyler Davis,Chi,28,85.0,85.0,800,0.22138,0.09445,0.00531,0.01375,0.02898,0.00213,0.02877,0.14868,0.45654,0.05858,0.03351,0.00564,0.00811,0.00453,0.00029,0.00296,0.00615,0.00759,0.21806,0.09587,0.00531,0.02855,0.14794,0.02776,0.00183,0.01375,0.46092,0.23284,0.30726,0.27807,0.23284,0.27807,145,0.97,0.99,0.93,0.72,1.03,0.97,0.985,0.995,0.965,0.86,1.015,0.985,reliever,1.1228070175438596,0.889,4.08647,4.02336,3.63287,3.57677,0.10781,0.10631,4.21152,4.20503,0.53099,0.53099,0.00736,72.25,0.40351,0.59649,R,0.22058,0.22193,0.10139,0.08976,0.00503,0.0055,0.03269,0.02647,0.15122,0.14697,0.02919,0.02848,0.00278,0.00169,0.01386,0.01368,0.44326,0.46552
678020,Seth Halvorsen,Col,27,68.0,287.0,1200,0.22102,0.10592,0.00511,0.00447,0.0234,0.00231,0.03741,0.15049,0.44987,0.04594,0.02766,0.00372,0.0033,0.00341,0.00029,0.00312,0.00499,0.00618,0.20997,0.10592,0.00511,0.0241,0.16328,0.04171,0.00338,0.00447,0.44206,0.26283,0.34351,0.32036,0.26283,0.32036,115,1.06,1.17,1.23,1.92,1.0,0.9,1.03,1.085,1.115,1.46,1.0,0.95,reliever,0.971790811678452,0.889,4.31496,4.89805,3.836,4.35437,0.11115,0.12265,4.3133,4.43721,0.51121,0.51121,0.01087,211.04224999999997,0.46612,0.53388,R,0.19594,0.24291,0.11911,0.0944,0.00468,0.00549,0.02711,0.02016,0.15524,0.14635,0.0332,0.04108,0.00276,0.00192,0.00493,0.00407,0.45703,0.44361
685107,Anthony Veneziano,St.,29,117.0,187.0,800,0.22099,0.08439,0.01452,0.0157,0.02154,0.00181,0.03609,0.15478,0.45019,0.0525,0.02856,0.00731,0.00708,0.00402,0.00026,0.00391,0.00648,0.00781,0.20994,0.08101,0.01452,0.01939,0.16097,0.03717,0.00156,0.0157,0.45975,0.2465,0.31461,0.30282,0.2465,0.30282,138,0.8,1.08,1.06,0.72,0.92,0.9,0.9,1.04,1.03,0.86,0.96,0.95,reliever,1.0081941503959853,0.889,4.0346,4.03177,3.58675,3.58425,0.10571,0.1054,4.24091,4.25013,1.45173,1.45173,0.00872,120.15174999999998,0.464,0.536,L,0.227,0.21579,0.0847,0.08411,0.01505,0.01406,0.02441,0.01906,0.1526,0.15666,0.03269,0.03903,0.00189,0.00175,0.01539,0.01596,0.44628,0.45358
605488,Jeffrey Springs,Ath,34,320.0,1779.0,1318,0.2208,0.07223,0.00424,0.0078,0.02697,0.0022,0.03878,0.14256,0.48443,0.02423,0.01228,0.00151,0.00202,0.0034,0.00028,0.00299,0.00494,0.00619,0.20534,0.07945,0.00424,0.02913,0.14969,0.04304,0.00201,0.0078,0.47929,0.24641,0.30756,0.28892,0.24641,0.28892,133,1.16,1.1,1.22,0.83,1.2,0.86,1.08,1.05,1.11,0.915,1.1,0.93,starter,5.2864036935146315,0.934,3.78883,4.3521,3.53876,4.06486,0.10305,0.11495,4.08538,4.20684,0.42368,0.42368,0.00309,1146.6528103125,0.24945,0.75055,L,0.20487,0.2261,0.06269,0.0754,0.00402,0.00431,0.02498,0.02763,0.14877,0.14049,0.03649,0.03954,0.00572,0.00103,0.00927,0.00732,0.5032,0.47819
702674,Caden Dana,Los,23,141.0,193.0,800,0.22078,0.10498,0.01054,0.01859,0.03382,0.00176,0.02786,0.1426,0.43908,0.05179,0.03108,0.00617,0.00762,0.00502,0.00021,0.0031,0.00638,0.00776,0.2263,0.10498,0.01054,0.035,0.14117,0.02702,0.00172,0.01859,0.43468,0.23665,0.32044,0.28104,0.23665,0.28104,108,1.07,0.98,0.94,0.96,1.0,1.05,1.035,0.99,0.97,0.98,1.0,1.025,starter,4.368129145997003,0.934,4.46713,4.46542,4.1723,4.1707,0.1156,0.11575,4.2936,4.28657,1.05353,1.05353,0.00871,133.807,0.43766,0.56234,R,0.24344,0.20314,0.1302,0.08536,0.00805,0.01247,0.03438,0.03338,0.13035,0.15213,0.03063,0.0257,0.00224,0.00138,0.02056,0.01706,0.40016,0.46938
808963,Roki Sasaki,Los,25,247.0,408.0,800,0.22074,0.09708,0.01614,0.00155,0.02056,0.00262,0.03717,0.14605,0.45809,0.03998,0.02317,0.0057,0.00171,0.00361,0.00043,0.0038,0.00609,0.00751,0.22184,0.09805,0.01614,0.02364,0.14094,0.03587,0.00219,0.00155,0.45978,0.22916,0.31683,0.28022,0.22916,0.28022,119,1.3,0.93,0.93,0.67,1.02,1.01,1.15,0.965,0.965,0.835,1.01,1.005,starter,4.703104739500764,0.934,4.10303,4.11521,3.83223,3.8436,0.10648,0.10724,4.28142,4.26393,1.61396,1.61396,0.01057,326.2725,0.49507,0.50493,R,0.21901,0.22244,0.11961,0.07499,0.00964,0.02251,0.02113,0.02001,0.15376,0.13849,0.03153,0.0427,0.00266,0.00258,0.00149,0.00161,0.44117,0.47468
805299,Brandyn Garcia,Ari,27,52.0,118.0,800,0.22063,0.08608,0.02463,0.00344,0.02582,0.00222,0.0328,0.14964,0.45474,0.05609,0.0308,0.01099,0.00379,0.0045,0.00048,0.00349,0.00627,0.00777,0.2096,0.08522,0.02463,0.02479,0.15113,0.03526,0.00338,0.00344,0.46255,0.24197,0.32441,0.29092,0.24197,0.29092,109,0.92,1.02,1.15,2.05,0.98,0.9,0.96,1.01,1.075,1.525,0.99,0.95,reliever,0.9341208436953118,0.889,4.293,4.40848,3.81648,3.91913,0.11116,0.1136,4.29128,4.31177,2.46269,2.46269,0.00942,91.88499999999999,0.41824,0.58176,L,0.21493,0.22473,0.08918,0.08386,0.02418,0.02495,0.02672,0.02518,0.14267,0.15464,0.03402,0.03192,0.00286,0.00175,0.00344,0.00345,0.46201,0.44952
664062,Tony Gonsolin,Los,33,157.0,1090.0,400,0.22062,0.08701,0.01271,0.00564,0.03349,0.00219,0.03422,0.14686,0.45726,0.0327,0.01805,0.00327,0.00215,0.00714,0.00041,0.005,0.00951,0.01159,0.22172,0.08788,0.01271,0.03851,0.14172,0.03302,0.00183,0.00564,0.45696,0.24065,0.31568,0.27872,0.24065,0.27872,119,1.3,0.93,0.93,0.67,1.02,1.01,1.15,0.965,0.965,0.835,1.01,1.005,starter,5.142857142857143,0.934,4.51764,4.648,4.21947,4.34123,0.11778,0.12132,4.26182,4.2568,1.27146,1.27146,0.00769,561.4704643749999,0.4902,0.5098,R,0.21383,0.22715,0.09815,0.0763,0.01465,0.01086,0.02792,0.03884,0.14116,0.15235,0.03653,0.03201,0.00313,0.00128,0.00613,0.00516,0.45851,0.45605
684320,Yariel Rodríguez,Tor,30,45.0,711.0,1200,0.22061,0.10733,0.01375,0.00339,0.02408,0.00203,0.0322,0.14101,0.45558,0.03476,0.02107,0.00414,0.00202,0.00324,0.00024,0.00275,0.00493,0.00606,0.21731,0.10626,0.01375,0.02529,0.14101,0.03285,0.00175,0.00339,0.4584,0.22917,0.3209,0.27698,0.22917,0.27698,141,1.1,1.0,1.04,0.72,0.98,0.97,1.05,1.0,1.02,0.86,0.99,0.985,reliever,2.505672844292248,0.889,4.12364,4.18969,3.66592,3.72463,0.10689,0.10853,4.2864,4.2895,1.37498,1.37498,0.00671,479.55299999999994,0.43249,0.56751,R,0.18333,0.24903,0.14193,0.08097,0.01294,0.01437,0.02562,0.02291,0.14076,0.1412,0.03276,0.03178,0.00258,0.00161,0.00277,0.00387,0.4573,0.45427
656234,Jake Bird,New,31,85.0,1110.0,1200,0.22061,0.09431,0.01838,0.01205,0.02228,0.00212,0.03578,0.15094,0.44353,0.03069,0.01757,0.00389,0.00311,0.00328,0.00025,0.00311,0.00515,0.0063,0.22282,0.10232,0.01838,0.02417,0.1449,0.03452,0.00186,0.01205,0.43897,0.2369,0.32616,0.29227,0.2369,0.29227,147,1.17,0.92,0.93,0.75,1.17,1.02,1.085,0.96,0.965,0.875,1.085,1.01,reliever,1.0774847567772428,0.889,4.24108,4.29438,3.77032,3.8177,0.10939,0.11038,4.30793,4.32298,1.83833,1.83833,0.00896,657.5493271874999,0.42201,0.57799,R,0.21885,0.2219,0.09865,0.09113,0.01495,0.02089,0.02493,0.02034,0.14116,0.15808,0.03812,0.03407,0.00267,0.00173,0.01118,0.01268,0.4495,0.43918
804636,Jonah Tong,New,24,47.0,134.0,800,0.22051,0.09867,0.00409,0.0111,0.0242,0.00235,0.03964,0.14541,0.45401,0.05485,0.03204,0.00435,0.00656,0.0041,0.00035,0.00387,0.00619,0.00764,0.22382,0.10261,0.00409,0.02445,0.1425,0.03826,0.0021,0.0111,0.45106,0.23499,0.31402,0.28846,0.23499,0.28846,121,1.02,0.96,0.93,0.79,1.08,1.03,1.01,0.98,0.965,0.895,1.04,1.015,starter,3.578694158075602,0.934,4.17682,4.12804,3.90115,3.85559,0.10923,0.10801,4.24867,4.24647,0.4094,0.4094,0.01012,102.80749999999999,0.44611,0.55389,R,0.22271,0.21875,0.10553,0.09314,0.00378,0.00435,0.01901,0.02839,0.1448,0.14591,0.03805,0.04093,0.00297,0.00186,0.01072,0.0114,0.45244,0.45528
683769,Hunter Gaddis,Cle,29,78.0,852.0,1200,0.22046,0.07166,0.0106,0.00907,0.03141,0.0026,0.03904,0.14687,0.46829,0.03301,0.01668,0.00335,0.00304,0.00384,0.00044,0.0032,0.00516,0.00652,0.22597,0.07274,0.0106,0.03047,0.1454,0.03982,0.00196,0.00907,0.46397,0.23981,0.30098,0.28746,0.23981,0.28746,114,0.94,0.98,1.04,0.51,1.03,1.05,0.97,0.99,1.02,0.755,1.015,1.025,reliever,0.9214371697646626,0.889,4.27322,4.1955,3.79889,3.7298,0.11374,0.11186,4.17441,4.16729,1.05967,1.05967,0.00709,547.7450999999999,0.44217,0.55783,R,0.21409,0.22551,0.08134,0.06399,0.0146,0.00743,0.03353,0.02973,0.14138,0.15122,0.03713,0.04056,0.00275,0.00248,0.00639,0.0112,0.4688,0.46789
592351,Jon Gray,Tex,35,63.0,1679.0,800,0.22043,0.07655,0.00903,0.00768,0.02545,0.00258,0.0396,0.15251,0.46617,0.02706,0.01409,0.00225,0.00206,0.00426,0.00042,0.00405,0.00665,0.00812,0.22264,0.07464,0.00903,0.0243,0.14793,0.03762,0.00232,0.00768,0.47384,0.23351,0.29584,0.28393,0.23351,0.28393,140,0.91,0.94,0.9,0.8,0.95,1.02,0.955,0.97,0.95,0.9,0.975,1.01,starter,4.169237961664329,0.934,4.13103,3.84683,3.85838,3.59293,0.1094,0.10332,4.19569,4.13687,0.90257,0.90257,0.00633,888.7249428124999,0.46724,0.53276,R,0.20102,0.23746,0.09766,0.05803,0.00892,0.00912,0.02704,0.02406,0.14658,0.15771,0.04313,0.03651,0.00356,0.00172,0.00863,0.00685,0.46346,0.46855
669330,Tyler Wells,Bal,32,122.0,1164.0,1200,0.22041,0.06594,0.00633,0.00609,0.0266,0.0024,0.03656,0.15394,0.48174,0.03108,0.01511,0.00225,0.00217,0.00364,0.00034,0.00315,0.00546,0.00668,0.2182,0.06363,0.00633,0.0278,0.15701,0.03675,0.00265,0.00609,0.48154,0.24266,0.29417,0.28971,0.24266,0.28971,110,1.09,1.04,1.01,1.21,0.93,0.98,1.045,1.02,1.005,1.105,0.965,0.99,reliever,3.258753458896328,0.889,3.88671,4.00463,3.45528,3.56012,0.105,0.10782,4.11305,4.12705,0.63313,0.63313,0.00595,637.1216596874999,0.46285,0.53715,R,0.24252,0.20136,0.05998,0.07107,0.00695,0.0058,0.02502,0.02796,0.16058,0.14821,0.03112,0.04125,0.00244,0.00236,0.00608,0.0061,0.46531,0.49589
668873,Caleb Kilian,San,30,124.0,261.0,800,0.22023,0.10795,0.02016,0.0074,0.0277,0.00223,0.03294,0.14075,0.44063,0.04821,0.02931,0.0076,0.00438,0.00447,0.00034,0.00345,0.00576,0.00728,0.21693,0.10417,0.02016,0.02465,0.14287,0.03425,0.00262,0.0074,0.44694,0.2354,0.32873,0.28681,0.2354,0.28681,137,0.78,1.03,1.08,1.35,0.93,0.97,0.89,1.015,1.04,1.175,0.965,0.985,reliever,1.9408159624891697,0.889,4.50867,4.37674,4.00821,3.89092,0.11492,0.11206,4.35906,4.33954,2.01646,2.01646,0.01021,176.95170374999998,0.45161,0.54839,R,0.20634,0.23167,0.10058,0.11402,0.01383,0.02538,0.02008,0.03397,0.14545,0.13689,0.03348,0.03249,0.00284,0.00173,0.00902,0.00606,0.46838,0.41779
657514,Brennan Bernardino,Col,35,114.0,793.0,1200,0.22016,0.09162,0.02048,0.00966,0.02027,0.00205,0.03186,0.1463,0.45761,0.03377,0.01909,0.00479,0.00324,0.00302,0.00023,0.00273,0.00494,0.00596,0.20915,0.09162,0.02048,0.02088,0.15873,0.03552,0.00299,0.00966,0.45097,0.24836,0.33022,0.30428,0.24836,0.30428,115,1.06,1.17,1.23,1.92,1.0,0.9,1.03,1.085,1.115,1.46,1.0,0.95,reliever,0.9019168694111844,0.889,3.86539,4.38154,3.43633,3.89519,0.10135,0.11194,4.2375,4.34916,2.04767,2.04767,0.01246,510.28559999999993,0.45288,0.54712,L,0.23864,0.20486,0.07281,0.10718,0.01755,0.0229,0.02283,0.01816,0.1338,0.15664,0.03098,0.03259,0.00307,0.0012,0.01073,0.00878,0.46961,0.44769
605513,Spencer Turnbull,Tor,34,33.0,400.0,800,0.22013,0.09198,0.01849,0.00158,0.02521,0.00246,0.0373,0.14604,0.45682,0.04437,0.02513,0.00614,0.00174,0.00426,0.00037,0.00367,0.00601,0.0076,0.21682,0.09106,0.01849,0.02647,0.14604,0.03804,0.00212,0.00158,0.45938,0.23926,0.32222,0.28842,0.23926,0.28842,141,1.1,1.0,1.04,0.72,0.98,0.97,1.05,1.0,1.02,0.86,0.99,0.985,reliever,3.0652350223914806,0.889,4.33182,4.40507,3.85099,3.91611,0.11211,0.11388,4.29318,4.29788,1.84919,1.84919,0.00864,235.86915624999997,0.43516,0.56484,R,0.20869,0.22894,0.09452,0.09003,0.01827,0.01866,0.02797,0.02307,0.13925,0.15127,0.03885,0.0361,0.00314,0.00195,0.00156,0.00159,0.46775,0.44839
681252,Jack Anderson,Bos,27,32.0,32.0,400,0.22011,0.08009,0.00782,0.00539,0.03951,0.00205,0.03372,0.14357,0.46775,0.06547,0.03483,0.00829,0.00592,0.00805,0.00055,0.00521,0.00932,0.01159,0.2179,0.07929,0.00782,0.03635,0.14716,0.03659,0.00195,0.00539,0.46756,0.24467,0.30915,0.28426,0.24467,0.28426,111,0.84,1.05,1.17,0.9,0.98,0.98,0.92,1.025,1.085,0.95,0.99,0.99,reliever,2.6666666666666665,0.889,4.55125,4.53581,4.04606,4.03234,0.12035,0.11952,4.20199,4.21653,0.78226,0.78226,0.00789,27.2,0.42241,0.57759,R,0.22011,0.22011,0.08009,0.08009,0.00782,0.00782,0.03951,0.03951,0.14357,0.14357,0.03372,0.03372,0.00205,0.00205,0.00539,0.00539,0.46775,0.46775
690155,Matt Pushard,St.,29,32.0,32.0,400,0.22011,0.08968,0.01675,0.01197,0.02256,0.00278,0.0364,0.14745,0.45231,0.06547,0.03666,0.01207,0.00879,0.00562,0.00059,0.00521,0.00846,0.01046,0.2091,0.08609,0.01675,0.0203,0.15335,0.03749,0.00239,0.01197,0.46256,0.24122,0.31637,0.29464,0.24122,0.29464,138,0.8,1.08,1.06,0.72,0.92,0.9,0.9,1.04,1.03,0.86,0.96,0.95,reliever,1.1666666666666667,0.889,4.11595,4.09075,3.65908,3.63667,0.10745,0.10667,4.25635,4.26107,1.67511,1.67511,0.0106,27.2,0.42672,0.57328,R,0.22011,0.22011,0.08968,0.08968,0.01675,0.01675,0.02256,0.02256,0.14745,0.14745,0.0364,0.0364,0.00278,0.00278,0.01197,0.01197,0.45231,0.45231
691946,George Klassen,Los,25,32.0,32.0,400,0.22011,0.11846,0.00782,0.00539,0.03323,0.00178,0.03279,0.13821,0.44222,0.06547,0.04147,0.00829,0.00592,0.00724,0.00032,0.00479,0.00909,0.01122,0.22561,0.11846,0.00782,0.03439,0.13682,0.0318,0.00174,0.00539,0.43795,0.23581,0.33105,0.28007,0.23581,0.28007,108,1.07,0.98,0.94,0.96,1.0,1.05,1.035,0.99,0.97,0.98,1.0,1.025,reliever,2.3333333333333335,0.889,4.70286,4.69505,4.18084,4.1739,0.11978,0.1198,4.36265,4.35458,0.78226,0.78226,0.0106,27.2,0.42672,0.57328,R,0.22011,0.22011,0.11846,0.11846,0.00782,0.00782,0.03323,0.03323,0.13821,0.13821,0.03279,0.03279,0.00178,0.00178,0.00539,0.00539,0.44222,0.44222
642701,Dennis Santana,Pit,31,124.0,986.0,1200,0.22005,0.08793,0.01396,0.01069,0.02425,0.00237,0.0324,0.14194,0.46643,0.03149,0.01748,0.00359,0.00309,0.0032,0.00031,0.00253,0.00493,0.00599,0.21785,0.08749,0.01396,0.02194,0.14336,0.03515,0.00212,0.01069,0.46745,0.22816,0.30402,0.27872,0.22816,0.27872,134,0.81,1.02,1.17,0.79,0.99,0.98,0.905,1.01,1.085,0.895,0.995,0.99,reliever,1.0468792743512962,0.889,3.84744,3.82575,3.42037,3.40109,0.10231,0.10156,4.17835,4.18544,1.39551,1.39551,0.0068,615.9740421875,0.39955,0.60045,R,0.23001,0.21342,0.10923,0.07375,0.01047,0.01627,0.0253,0.02354,0.13055,0.14952,0.03016,0.03389,0.0021,0.00255,0.01318,0.00903,0.44899,0.47804
572143,Burch Smith,Det,37,73.0,314.0,800,0.21984,0.07169,0.0073,0.0065,0.02036,0.00229,0.03416,0.16753,0.47034,0.04591,0.02322,0.00428,0.00385,0.00375,0.00039,0.00375,0.00682,0.00799,0.21874,0.07133,0.0073,0.02047,0.16837,0.0328,0.0029,0.0065,0.4716,0.24543,0.30316,0.30203,0.24543,0.30203,116,1.01,1.01,0.92,1.54,0.99,0.99,1.005,1.005,0.96,1.27,0.995,0.995,reliever,1.180001007258557,0.889,3.86156,3.86231,3.43293,3.43359,0.10261,0.10266,4.18134,4.18033,0.72998,0.72998,0.00838,210.054125,0.40661,0.59339,R,0.21093,0.22594,0.0822,0.06448,0.00585,0.00829,0.02019,0.02048,0.17955,0.1593,0.03632,0.03269,0.00303,0.00178,0.00529,0.00732,0.45664,0.47972
669371,Cole Henry,Was,27,61.0,302.0,800,0.21949,0.10828,0.03894,0.00431,0.03096,0.00243,0.03604,0.1328,0.42675,0.0449,0.02737,0.00989,0.00319,0.00476,0.00036,0.00367,0.00601,0.00769,0.21291,0.10612,0.03894,0.03096,0.13678,0.03568,0.00238,0.00431,0.43192,0.24194,0.35086,0.28815,0.24194,0.28815,120,1.0,1.06,0.98,0.96,0.96,0.94,1.0,1.03,0.99,0.98,0.98,0.97,reliever,0.9823256516707701,0.889,5.03543,5.08722,4.4765,4.52254,0.12495,0.12596,4.47776,4.48748,3.89427,3.89427,0.00877,225.97249999999997,0.41235,0.58765,R,0.22285,0.21713,0.11217,0.10555,0.04417,0.03527,0.03634,0.02719,0.12241,0.14009,0.03948,0.03362,0.00321,0.00188,0.00384,0.00464,0.41551,0.43463
518876,Merrill Kelly,Ari,38,259.0,2833.0,1327,0.21923,0.0783,0.00442,0.00265,0.03637,0.0043,0.03906,0.14803,0.46763,0.02035,0.01073,0.00123,0.00095,0.00399,0.00052,0.00286,0.00503,0.00641,0.20827,0.07752,0.00442,0.03492,0.14951,0.04199,0.00656,0.00265,0.47416,0.25451,0.31492,0.29464,0.25451,0.29464,109,0.92,1.02,1.15,2.05,0.98,0.9,0.96,1.01,1.075,1.525,0.99,0.95,starter,5.751588923201959,0.934,4.67153,4.83195,4.36321,4.51305,0.12286,0.12626,4.22473,4.25206,0.44202,0.44202,0.00422,1678.4450837499999,0.52953,0.47047,R,0.19436,0.24723,0.09324,0.0615,0.00529,0.00344,0.04397,0.02782,0.13285,0.16511,0.03896,0.03917,0.00676,0.00153,0.00233,0.00301,0.48224,0.45119
690382,Michael Darrell-Hicks,Pit,29,43.0,43.0,400,0.21916,0.08495,0.01525,0.0173,0.03038,0.00248,0.03611,0.14114,0.45323,0.06467,0.03539,0.01101,0.01018,0.00664,0.00055,0.00504,0.00876,0.01105,0.21697,0.08452,0.01525,0.0275,0.14255,0.03918,0.00222,0.0173,0.45451,0.23949,0.31123,0.28812,0.23949,0.28812,134,0.81,1.02,1.17,0.79,0.99,0.98,0.905,1.01,1.085,0.895,0.995,0.99,reliever,1.380952380952381,0.889,4.29454,4.24987,3.81785,3.77814,0.11298,0.11165,4.22369,4.22926,1.52531,1.52531,0.01013,31.067499999999995,0.39506,0.60494,R,0.23157,0.21106,0.08521,0.08478,0.01665,0.01434,0.03257,0.02895,0.13402,0.14578,0.03244,0.03851,0.00231,0.0026,0.02321,0.01343,0.44202,0.46055
672782,Yoendrys Gómez,Min,27,137.0,476.0,1200,0.21906,0.09902,0.01776,0.00976,0.03427,0.00255,0.03747,0.13499,0.44511,0.03876,0.02273,0.0056,0.00402,0.00396,0.00035,0.00309,0.00508,0.00647,0.21577,0.09852,0.01776,0.03375,0.13769,0.03953,0.00235,0.00976,0.44485,0.24409,0.32961,0.28758,0.24409,0.28758,142,0.97,1.04,1.11,0.84,0.99,0.97,0.985,1.02,1.055,0.92,0.995,0.985,reliever,2.3363479319005336,0.889,4.73691,4.83339,4.21111,4.29688,0.12177,0.12359,4.32238,4.34525,1.77628,1.77628,0.00827,349.74524999999994,0.49251,0.50749,R,0.2157,0.22232,0.09978,0.09828,0.01691,0.0186,0.04768,0.02125,0.12956,0.14027,0.03881,0.03617,0.00302,0.0021,0.00785,0.01162,0.44069,0.44941
666277,George Soriano,St.,28,110.0,642.0,1200,0.21906,0.09632,0.01783,0.00895,0.03227,0.00237,0.03234,0.14727,0.44358,0.03651,0.02115,0.00492,0.00341,0.00402,0.00035,0.00271,0.00502,0.00617,0.20811,0.09247,0.01783,0.02904,0.15317,0.03331,0.00204,0.00895,0.45508,0.24702,0.32787,0.29291,0.24702,0.29291,138,0.8,1.08,1.06,0.72,0.92,0.9,0.9,1.04,1.03,0.86,0.96,0.95,reliever,1.278880780257432,0.889,4.66932,4.57836,4.15103,4.07016,0.11961,0.11738,4.3375,4.33395,1.7834,1.7834,0.0088,417.96029999999996,0.45114,0.54886,R,0.23007,0.21001,0.0927,0.0993,0.01588,0.01944,0.04011,0.02582,0.14095,0.15247,0.03537,0.02986,0.0025,0.00226,0.00743,0.0102,0.43498,0.45064
641778,Eric Lauer,Los,32,224.0,1522.0,1200,0.219,0.0811,0.00304,0.00598,0.03287,0.00231,0.03861,0.14608,0.47101,0.02683,0.01438,0.00138,0.0019,0.00396,0.00027,0.00303,0.00548,0.00673,0.2201,0.08191,0.00304,0.0378,0.14096,0.03726,0.00193,0.00598,0.47102,0.23975,0.30291,0.27666,0.23975,0.27666,119,1.3,0.93,0.93,0.67,1.02,1.01,1.15,0.965,0.965,0.835,1.01,1.005,starter,4.128459561149606,0.934,4.33445,4.45059,4.04838,4.15685,0.11507,0.11834,4.18539,4.17877,0.30438,0.30438,0.00534,901.6175303125,0.29647,0.70353,L,0.21324,0.22143,0.08585,0.0791,0.00317,0.00299,0.02595,0.03579,0.15483,0.14239,0.0356,0.03988,0.00336,0.00186,0.00419,0.00673,0.47381,0.46983
685068,Carson Ragsdale,Bal,29,25.0,25.0,400,0.21892,0.07863,0.00834,0.00565,0.01935,0.00205,0.04271,0.15523,0.46912,0.0671,0.03546,0.00884,0.0062,0.00582,0.00051,0.00643,0.00987,0.01182,0.21673,0.07587,0.00834,0.02022,0.15833,0.04292,0.00227,0.00565,0.46966,0.24583,0.30796,0.30233,0.24583,0.30233,110,1.09,1.04,1.01,1.21,0.93,0.98,1.045,1.02,1.005,1.105,0.965,0.99,reliever,2.5,0.889,3.94837,4.04234,3.5101,3.59364,0.10447,0.1067,4.19927,4.20929,0.83441,0.83441,0.008,18.062499999999996,0.41778,0.58222,R,0.21892,0.21892,0.07863,0.07863,0.00834,0.00834,0.01935,0.01935,0.15523,0.15523,0.04271,0.04271,0.00205,0.00205,0.00565,0.00565,0.46912,0.46912
663462,Isaiah Campbell,Bos,29,35.0,192.0,1200,0.21861,0.08144,0.01057,0.00583,0.024,0.00199,0.03322,0.15856,0.46577,0.05385,0.02894,0.00619,0.0043,0.00355,0.00022,0.00295,0.00541,0.00645,0.21643,0.08063,0.01057,0.02208,0.16252,0.03605,0.00189,0.00583,0.464,0.24645,0.31374,0.30168,0.24645,0.30168,111,0.84,1.05,1.17,0.9,0.98,0.98,0.92,1.025,1.085,0.95,0.99,0.99,reliever,1.0888888888888888,0.889,4.05022,4.11269,3.60065,3.65618,0.10663,0.10765,4.22043,4.24475,1.0574,1.0574,0.00929,110.65087499999998,0.41544,0.58456,R,0.25885,0.19001,0.0879,0.07685,0.01007,0.01093,0.02437,0.02374,0.14915,0.16524,0.0322,0.03394,0.00188,0.00206,0.00537,0.00616,0.4302,0.49105
643338,Chad Green,Tor,36,190.0,514.0,800,0.2185,0.07388,0.00821,0.01076,0.04358,0.00204,0.03318,0.14203,0.46783,0.04006,0.02059,0.0037,0.00409,0.00586,0.00024,0.00337,0.0065,0.00833,0.21522,0.07314,0.00821,0.04576,0.14203,0.03384,0.00175,0.01076,0.46929,0.24604,0.30473,0.27457,0.24604,0.27457,141,1.1,1.0,1.04,0.72,0.98,0.97,1.05,1.0,1.02,0.86,0.99,0.985,reliever,0.9886661589156112,0.889,4.63195,4.76065,4.1178,4.23221,0.12316,0.12625,4.1788,4.18973,0.8209,0.8209,0.00604,320.8953043749999,0.42667,0.57333,R,0.24152,0.20137,0.07735,0.07129,0.0112,0.00598,0.04593,0.04183,0.12088,0.15777,0.03958,0.02841,0.00271,0.00154,0.01133,0.01033,0.4495,0.48148
663546,Sean Hjelle,San,30,73.0,664.0,800,0.21849,0.07112,0.01462,0.00487,0.02166,0.00297,0.03317,0.16014,0.47296,0.03764,0.01901,0.0044,0.00249,0.0041,0.00047,0.00363,0.00649,0.00782,0.21521,0.06863,0.01462,0.01928,0.16254,0.0345,0.00349,0.00487,0.47686,0.24105,0.30306,0.29603,0.24105,0.29603,137,0.78,1.03,1.08,1.35,0.93,0.97,0.89,1.015,1.04,1.175,0.965,0.985,reliever,1.365530537483552,0.889,3.89313,3.84138,3.461,3.41499,0.1034,0.10212,4.18343,4.17969,1.46184,1.46184,0.00814,383.28760468749994,0.44098,0.55902,R,0.20331,0.23046,0.07778,0.06587,0.01506,0.01427,0.02894,0.01592,0.13895,0.17685,0.03283,0.03344,0.00376,0.00235,0.00443,0.00522,0.49496,0.45561
669684,Chris Murphy,Chi,29,46.0,406.0,800,0.21836,0.10479,0.01621,0.00726,0.02245,0.00156,0.03738,0.14379,0.44821,0.04309,0.02594,0.00572,0.0037,0.00393,0.00018,0.00382,0.00574,0.00733,0.21508,0.10636,0.01621,0.02211,0.14307,0.03607,0.00134,0.00726,0.45249,0.23282,0.32516,0.28514,0.23282,0.28514,145,0.97,0.99,0.93,0.72,1.03,0.97,0.985,0.995,0.965,0.86,1.015,0.985,reliever,1.4253199860550825,0.889,4.26085,4.19787,3.78789,3.73191,0.10951,0.10806,4.32305,4.31658,1.6206,1.6206,0.01005,256.69532499999997,0.3934,0.6066,L,0.22044,0.21701,0.11051,0.10107,0.01126,0.01941,0.02103,0.02337,0.14294,0.14435,0.03724,0.03748,0.00168,0.00148,0.00691,0.00749,0.44799,0.44835
663767,Chase Shugart,Phi,30,79.0,296.0,1200,0.21826,0.08342,0.01297,0.01158,0.03142,0.00272,0.04451,0.13705,0.45806,0.04517,0.02455,0.00583,0.00524,0.00382,0.00032,0.0034,0.00494,0.00646,0.22153,0.08175,0.01297,0.03362,0.13911,0.04317,0.00274,0.01158,0.45353,0.24464,0.31335,0.28975,0.24464,0.28975,143,1.14,1.03,0.94,1.01,0.96,1.03,1.07,1.015,0.97,1.005,0.98,1.015,reliever,1.2963756470965973,0.889,4.50005,4.59798,4.00055,4.0876,0.11808,0.12042,4.23456,4.24237,1.29684,1.29684,0.00868,220.03099999999995,0.40927,0.59073,R,0.20011,0.23084,0.09558,0.07499,0.01046,0.01471,0.03026,0.03222,0.13889,0.13578,0.04254,0.04587,0.00362,0.0021,0.01209,0.01124,0.46645,0.45226
675989,Cody Bolton,Hou,29,95.0,295.0,1200,0.21824,0.10948,0.00767,0.00679,0.0219,0.00193,0.03921,0.14371,0.45107,0.04679,0.02872,0.0045,0.00403,0.00312,0.00021,0.00311,0.00488,0.00606,0.22479,0.11057,0.00767,0.02354,0.14227,0.03862,0.00165,0.00679,0.44409,0.23554,0.32433,0.29131,0.23554,0.29131,117,1.15,0.98,0.97,0.71,1.02,1.06,1.075,0.99,0.985,0.855,1.01,1.03,reliever,1.9384868005557658,0.889,4.22786,4.26943,3.75857,3.79553,0.10903,0.11003,4.30852,4.31128,0.76697,0.76697,0.00628,187.57704374999997,0.45619,0.54381,R,0.18339,0.24748,0.12647,0.09523,0.00756,0.00776,0.01836,0.02486,0.14854,0.13966,0.03899,0.03939,0.00206,0.00182,0.00519,0.00814,0.46945,0.43565
663804,Jackson Kowar,Sea,30,71.0,290.0,800,0.21805,0.10631,0.00777,0.002,0.03936,0.00194,0.03385,0.13778,0.45294,0.0494,0.02994,0.00456,0.0022,0.00554,0.00023,0.00376,0.00619,0.00799,0.23768,0.10365,0.00777,0.03897,0.13089,0.03232,0.00135,0.002,0.44537,0.22957,0.31495,0.2698,0.22957,0.2698,136,0.98,0.9,0.91,0.39,0.95,1.18,0.99,0.95,0.955,0.695,0.975,1.09,reliever,1.1333333333333333,0.889,4.88628,4.53892,4.3439,4.0351,0.12543,0.1186,4.32842,4.25225,0.77733,0.77733,0.01186,159.19619187499995,0.46125,0.53875,R,0.20537,0.22891,0.10773,0.10509,0.00769,0.00785,0.03842,0.04016,0.13923,0.13653,0.03253,0.03497,0.00197,0.00192,0.002,0.00199,0.46506,0.44257
642546,Jonathan Hernández,Los,30,40.0,510.0,1200,0.21804,0.109,0.01165,0.00765,0.02696,0.00208,0.0361,0.1443,0.44422,0.04156,0.02547,0.00441,0.00347,0.00369,0.00021,0.00297,0.00502,0.00628,0.21913,0.11009,0.01165,0.031,0.13925,0.03484,0.00174,0.00765,0.44465,0.23757,0.32858,0.28337,0.23757,0.28337,119,1.3,0.93,0.93,0.67,1.02,1.01,1.15,0.965,0.965,0.835,1.01,1.005,reliever,1.5218216259641857,0.889,4.51089,4.58909,4.01018,4.0797,0.11526,0.11753,4.34841,4.33854,1.16545,1.16545,0.01064,286.77231468749994,0.41898,0.58102,R,0.20871,0.22476,0.11349,0.10577,0.01183,0.01152,0.02626,0.02746,0.13203,0.15315,0.04124,0.03239,0.0027,0.00163,0.00554,0.00917,0.4582,0.43413
666659,Sauryn Lao,Was,27,49.0,49.0,800,0.21793,0.07517,0.01454,0.00485,0.02385,0.0021,0.03743,0.15645,0.46767,0.06378,0.03308,0.0105,0.00533,0.00456,0.00031,0.00392,0.00672,0.00815,0.21139,0.07367,0.01454,0.02385,0.16115,0.03706,0.00206,0.00485,0.47143,0.24711,0.31233,0.29815,0.24711,0.29815,120,1.0,1.06,0.98,0.96,0.96,0.94,1.0,1.03,0.99,0.98,0.98,0.97,reliever,1.375,0.889,4.11332,4.18802,3.65674,3.72315,0.10833,0.10985,4.219,4.23602,1.45436,1.45436,0.00778,35.402499999999996,0.42169,0.57831,R,0.20098,0.23029,0.08327,0.06926,0.01194,0.01644,0.02714,0.02145,0.14118,0.16759,0.03929,0.03608,0.00269,0.00167,0.00478,0.0049,0.48873,0.45231
676742,Cam Sanders,Pit,30,30.0,64.0,800,0.21789,0.10174,0.01303,0.00445,0.01968,0.00249,0.03561,0.15187,0.45323,0.06139,0.03651,0.00942,0.0049,0.0037,0.0004,0.00375,0.0062,0.00761,0.21571,0.10123,0.01303,0.01781,0.15339,0.03864,0.00223,0.00445,0.45351,0.24064,0.32633,0.29989,0.24064,0.29989,134,0.81,1.02,1.17,0.79,0.99,0.98,0.905,1.01,1.085,0.895,0.995,0.99,reliever,1.053968253968254,0.889,4.15155,4.166,3.69073,3.70357,0.10698,0.10705,4.31187,4.32406,1.30287,1.30287,0.00892,50.065,0.40909,0.59091,R,0.22441,0.21338,0.11146,0.095,0.01433,0.01213,0.01473,0.02311,0.15302,0.15107,0.03151,0.03846,0.00232,0.00262,0.00345,0.00515,0.44477,0.45909
700249,Cade Povich,Bal,27,82.0,922.0,1200,0.21781,0.08928,0.00586,0.00654,0.03155,0.0022,0.03474,0.14661,0.46541,0.03092,0.01735,0.00241,0.0025,0.00381,0.00023,0.00279,0.00512,0.00636,0.21563,0.08615,0.00586,0.03296,0.14955,0.03491,0.00243,0.00654,0.46596,0.24389,0.31187,0.28627,0.24389,0.28627,110,1.09,1.04,1.01,1.21,0.93,0.98,1.045,1.02,1.005,1.105,0.965,0.99,starter,5.033100049838246,0.934,4.32652,4.44289,4.04097,4.14966,0.11383,0.11662,4.22318,4.23319,0.58644,0.58644,0.00799,638.452,0.29055,0.70945,L,0.21727,0.21803,0.08407,0.09141,0.00838,0.00483,0.03216,0.03129,0.13543,0.1512,0.03619,0.03414,0.00394,0.00149,0.00724,0.00626,0.47532,0.46135
681402,Gus Varland,Was,30,112.0,330.0,1200,0.21774,0.09729,0.00701,0.00849,0.02532,0.00244,0.04033,0.14443,0.45695,0.04516,0.02633,0.00412,0.00432,0.00343,0.00026,0.00321,0.00516,0.00644,0.21121,0.09534,0.00701,0.02532,0.14876,0.03993,0.00239,0.00849,0.46155,0.24338,0.31876,0.29278,0.24338,0.29278,120,1.0,1.06,0.98,0.96,0.96,0.94,1.0,1.03,0.99,0.98,0.98,0.97,reliever,0.9766313137315026,0.889,4.28327,4.34161,3.80783,3.85969,0.11162,0.11282,4.2639,4.27601,0.70149,0.70149,0.01088,219.59101875,0.4192,0.5808,R,0.23505,0.20524,0.11471,0.08471,0.00675,0.00721,0.02922,0.02251,0.13448,0.15161,0.03782,0.04215,0.00403,0.00129,0.00565,0.01053,0.4323,0.47475
694350,Zach Brzykcy,Was,27,110.0,138.0,1200,0.2177,0.09326,0.01319,0.00318,0.03369,0.00233,0.03849,0.13941,0.45876,0.05527,0.03163,0.00771,0.0035,0.0041,0.00026,0.00308,0.00499,0.00647,0.21117,0.09139,0.01319,0.03369,0.14359,0.03811,0.00228,0.00318,0.4634,0.24396,0.32226,0.28419,0.24396,0.28419,120,1.0,1.06,0.98,0.96,0.96,0.94,1.0,1.03,0.99,0.98,0.98,0.97,reliever,0.8949752397924957,0.889,4.63925,4.69752,4.1243,4.1761,0.12026,0.12144,4.28615,4.29808,1.31932,1.31932,0.00917,96.67049999999999,0.4142,0.5858,R,0.23616,0.20464,0.11789,0.07584,0.01001,0.01544,0.02931,0.03678,0.12851,0.14712,0.03716,0.03943,0.00303,0.00183,0.00319,0.00316,0.43473,0.47575
671162,Connor Thomas,Mil,29,31.0,31.0,400,0.21761,0.08084,0.0169,0.01867,0.02933,0.00198,0.03256,0.1486,0.45351,0.0661,0.03546,0.01218,0.01098,0.00681,0.0004,0.00512,0.00928,0.01122,0.22849,0.08286,0.0169,0.02962,0.14562,0.03044,0.00191,0.01867,0.44547,0.2355,0.30737,0.28548,0.2355,0.28548,158,1.02,0.96,0.87,0.93,1.05,1.1,1.01,0.98,0.935,0.965,1.025,1.05,reliever,2.6666666666666665,0.889,4.21839,4.11189,3.75015,3.65547,0.11099,0.10863,4.22303,4.2057,1.6902,1.6902,0.00795,22.397499999999997,0.41126,0.58874,L,0.21761,0.21761,0.08084,0.08084,0.0169,0.0169,0.02933,0.02933,0.1486,0.1486,0.03256,0.03256,0.00198,0.00198,0.01867,0.01867,0.45351,0.45351
679775,Kyle Backhus,Phi,29,41.0,156.0,800,0.21758,0.07137,0.01642,0.01021,0.03004,0.00227,0.03509,0.15042,0.4666,0.05302,0.02686,0.00826,0.00604,0.0047,0.00032,0.00365,0.00637,0.00788,0.22084,0.06994,0.01642,0.03214,0.15268,0.03403,0.00228,0.01021,0.46144,0.24477,0.3075,0.29056,0.24477,0.29056,143,1.14,1.03,0.94,1.01,0.96,1.03,1.07,1.015,0.97,1.005,0.98,1.015,reliever,0.8458867521367521,0.889,4.22992,4.33962,3.7604,3.85792,0.11204,0.11463,4.19503,4.20648,1.64243,1.64243,0.0079,117.9375,0.39045,0.60955,L,0.22944,0.20999,0.088,0.06071,0.01183,0.01937,0.02787,0.03143,0.12942,0.16387,0.03437,0.03555,0.00248,0.00214,0.00813,0.01155,0.46846,0.4654
664139,Ian Gibaut,Cin,33,109.0,597.0,800,0.21758,0.08792,0.00868,0.00533,0.02964,0.00195,0.03346,0.14914,0.4663,0.03995,0.02227,0.00356,0.00272,0.00455,0.00024,0.00324,0.00625,0.00781,0.22084,0.091,0.00868,0.03305,0.14541,0.03379,0.00167,0.00533,0.46023,0.23903,0.3136,0.28213,0.23903,0.28213,113,1.23,0.95,1.02,0.71,1.07,1.03,1.115,0.975,1.01,0.855,1.035,1.015,reliever,1.0124948623099053,0.889,4.24729,4.41017,3.77584,3.92064,0.11165,0.11546,4.22661,4.24391,0.86797,0.86797,0.0054,315.74333749999994,0.42633,0.57367,R,0.20365,0.22793,0.10565,0.07475,0.00778,0.00935,0.02993,0.02943,0.15441,0.14522,0.03002,0.03601,0.00199,0.00193,0.00477,0.00574,0.46181,0.46964
700363,AJ Smith-Shawver,Atl,24,192.0,315.0,800,0.21756,0.09768,0.00728,0.00188,0.03135,0.00222,0.03822,0.14707,0.45674,0.04609,0.02693,0.00427,0.00208,0.00479,0.00025,0.00385,0.00653,0.00795,0.22191,0.09719,0.00728,0.03041,0.15001,0.03726,0.00214,0.00188,0.45192,0.24597,0.32428,0.29533,0.24597,0.29533,144,0.94,1.04,0.95,0.92,0.99,1.04,0.97,1.02,0.975,0.96,0.995,1.02,starter,4.880468458739893,0.934,4.63226,4.59352,4.32653,4.29034,0.11948,0.11839,4.30797,4.31096,0.72813,0.72813,0.01094,193.53065624999996,0.48293,0.51707,R,0.22453,0.21105,0.101,0.09457,0.00544,0.009,0.03545,0.02752,0.14006,0.15361,0.03726,0.03911,0.00225,0.0022,0.00181,0.00196,0.4522,0.46098
670102,Bowden Francis,Tor,31,288.0,835.0,800,0.21753,0.07296,0.01626,0.00714,0.03787,0.00227,0.03447,0.15006,0.46143,0.03326,0.01702,0.00418,0.00272,0.00514,0.00032,0.00364,0.0068,0.00824,0.21427,0.07223,0.01626,0.03977,0.15006,0.03516,0.00195,0.00714,0.46315,0.25095,0.31544,0.28782,0.25095,0.28782,141,1.1,1.0,1.04,0.72,0.98,0.97,1.05,1.0,1.02,0.86,0.99,0.985,starter,4.14744766627459,0.934,4.68615,4.79953,4.37686,4.48276,0.12264,0.12532,4.24576,4.25528,1.62581,1.62581,0.00676,529.6358499999999,0.47991,0.52009,R,0.18769,0.24506,0.08511,0.06176,0.00859,0.02334,0.04412,0.03211,0.15247,0.14784,0.03154,0.03718,0.00234,0.00221,0.00841,0.00597,0.47973,0.44454
676961,Caleb Boushley,Tex,33,193.0,223.0,800,0.21746,0.08105,0.00949,0.00239,0.02187,0.002,0.0338,0.16734,0.46459,0.04953,0.02661,0.00556,0.00263,0.00426,0.00033,0.0039,0.00708,0.00825,0.21964,0.07903,0.00949,0.02089,0.16232,0.03211,0.0018,0.00239,0.47234,0.23883,0.30564,0.29351,0.23883,0.29351,140,0.91,0.94,0.9,0.8,0.95,1.02,0.955,0.97,0.95,0.9,0.975,1.01,reliever,1.7527341892534476,0.889,4.12347,3.84542,3.66576,3.41858,0.10765,0.10185,4.25602,4.19521,0.94922,0.94922,0.00767,139.4425,0.43584,0.56416,R,0.23025,0.20758,0.0928,0.07198,0.00902,0.00985,0.0259,0.01876,0.16933,0.1658,0.03233,0.03494,0.00256,0.00157,0.00237,0.0024,0.43543,0.48712
622786,Jesus Tinoco,Mia,32,80.0,326.0,800,0.2174,0.08729,0.01201,0.00408,0.02184,0.00211,0.02842,0.15518,0.47166,0.04674,0.02597,0.0054,0.00301,0.00384,0.00032,0.00299,0.00635,0.00745,0.21414,0.08729,0.01201,0.02042,0.15596,0.02928,0.00248,0.00408,0.47434,0.23213,0.30744,0.28353,0.23213,0.28353,146,0.87,1.01,1.06,1.35,1.0,0.97,0.935,1.005,1.03,1.175,1.0,0.985,reliever,1.1617321170892598,0.889,3.81425,3.7999,3.39086,3.37811,0.10084,0.10038,4.20261,4.20612,1.20102,1.20102,0.007,194.55949625,0.45475,0.54525,R,0.21317,0.22093,0.09999,0.07671,0.01186,0.01214,0.02327,0.02064,0.1367,0.17059,0.02912,0.02784,0.00214,0.00209,0.00442,0.00379,0.47932,0.46527
702153,Brian Fitzpatrick,Mil,27,30.0,30.0,400,0.21739,0.08571,0.00796,0.00546,0.0249,0.00229,0.03573,0.15299,0.46757,0.06549,0.03609,0.00844,0.006,0.0059,0.00046,0.00525,0.00898,0.0112,0.22826,0.08785,0.00796,0.02514,0.14993,0.03341,0.00221,0.00546,0.45977,0.23443,0.3065,0.28752,0.23443,0.28752,158,1.02,0.96,0.87,0.93,1.05,1.1,1.01,0.98,0.935,0.965,1.025,1.05,reliever,1.3333333333333335,0.889,4.10243,3.98636,3.64706,3.54387,0.10804,0.10545,4.21913,4.20045,0.79648,0.79648,0.00791,25.5,0.40435,0.59565,L,0.21739,0.21739,0.08571,0.08571,0.00796,0.00796,0.0249,0.0249,0.15299,0.15299,0.03573,0.03573,0.00229,0.00229,0.00546,0.00546,0.46757,0.46757
686560,Gavin Collyer,Tex,26,76.0,76.0,400,0.21739,0.11366,0.03767,0.00418,0.02635,0.00233,0.03596,0.13454,0.42792,0.05923,0.03701,0.01519,0.0046,0.00606,0.00046,0.00495,0.0083,0.01032,0.21957,0.11082,0.03767,0.02516,0.1305,0.03416,0.0021,0.00418,0.43584,0.22651,0.34041,0.27674,0.22651,0.27674,140,0.91,0.94,0.9,0.8,0.95,1.02,0.955,0.97,0.95,0.9,0.975,1.01,reliever,0.9444444444444443,0.889,4.86181,4.54886,4.32215,4.04394,0.12045,0.11444,4.48503,4.41639,3.76675,3.76675,0.00872,64.6,0.43116,0.56884,R,0.2138,0.22012,0.11633,0.11164,0.02012,0.05097,0.02861,0.02463,0.13608,0.13337,0.03688,0.03527,0.00297,0.00185,0.00412,0.00423,0.4411,0.41793
666215,Forrest Whitley,Tam,29,66.0,86.0,800,0.21738,0.0958,0.01733,0.00883,0.02559,0.00301,0.04112,0.14046,0.45049,0.05988,0.03469,0.0101,0.0065,0.00411,0.00048,0.00398,0.00596,0.00761,0.21956,0.09436,0.01733,0.02571,0.13906,0.03886,0.00337,0.00883,0.45293,0.23537,0.31868,0.28584,0.23537,0.28584,139,1.01,0.98,0.89,1.24,0.97,1.02,1.005,0.99,0.945,1.12,0.985,1.01,reliever,1.1830212234706616,0.889,4.43509,4.31612,3.94279,3.83703,0.11448,0.11217,4.30471,4.27555,1.73261,1.73261,0.00875,47.684999999999995,0.44056,0.55944,R,0.24316,0.19709,0.11216,0.08291,0.01788,0.01689,0.0239,0.02692,0.13158,0.14746,0.03916,0.04267,0.0031,0.00293,0.0075,0.00988,0.42157,0.47326
676755,Isaac Mattson,Pit,31,87.0,308.0,1200,0.21738,0.09915,0.01257,0.01126,0.02818,0.00252,0.03428,0.14505,0.44961,0.04444,0.02615,0.00565,0.00509,0.00362,0.00035,0.00287,0.00511,0.00627,0.21521,0.09866,0.01257,0.02551,0.1465,0.03719,0.00226,0.01126,0.45086,0.24097,0.32268,0.292,0.24097,0.292,134,0.81,1.02,1.17,0.79,0.99,0.98,0.905,1.01,1.085,0.895,0.995,0.99,reliever,1.0800283485073447,0.889,4.39612,4.3571,3.90815,3.87346,0.11373,0.11257,4.29488,4.30075,1.25673,1.25673,0.00605,217.005,0.44291,0.55709,R,0.20507,0.22717,0.13132,0.07358,0.01077,0.014,0.02905,0.02749,0.13554,0.15261,0.04194,0.02818,0.00322,0.00197,0.00939,0.01275,0.4337,0.46226
687003,Brian Van Belle,Tam,30,36.0,36.0,400,0.21725,0.07097,0.00755,0.00525,0.03242,0.00232,0.03469,0.15388,0.47567,0.06538,0.03306,0.008,0.00577,0.00757,0.0005,0.00556,0.00969,0.01168,0.21942,0.06991,0.00755,0.03258,0.15234,0.03278,0.0026,0.00525,0.47757,0.24017,0.29776,0.28217,0.24017,0.28217,139,1.01,0.98,0.89,1.24,0.97,1.02,1.005,0.99,0.945,1.12,0.985,1.01,reliever,2.0833333333333335,0.889,4.26201,4.16165,3.78893,3.69971,0.1135,0.11147,4.17235,4.14817,0.75528,0.75528,0.00906,26.009999999999998,0.42797,0.57203,R,0.21725,0.21725,0.07097,0.07097,0.00755,0.00755,0.03242,0.03242,0.15388,0.15388,0.03469,0.03469,0.00232,0.00232,0.00525,0.00525,0.47567,0.47567
677961,Cole Wilcox,Sea,27,70.0,82.0,800,0.21715,0.11394,0.01775,0.00901,0.03349,0.00169,0.03303,0.13644,0.43749,0.05872,0.03674,0.01034,0.00663,0.00501,0.00023,0.00358,0.00582,0.0074,0.23669,0.11109,0.01775,0.03316,0.12961,0.03155,0.00117,0.00901,0.42996,0.22675,0.32434,0.27408,0.22675,0.27408,136,0.98,0.9,0.91,0.39,0.95,1.18,0.99,0.95,0.955,0.695,0.975,1.09,reliever,1.199408895061069,0.889,4.80172,4.45782,4.26873,3.963,0.12155,0.11489,4.38937,4.31136,1.77539,1.77539,0.00879,59.5,0.43617,0.56383,R,0.22322,0.21245,0.10876,0.11795,0.0126,0.02174,0.03592,0.03162,0.12861,0.14249,0.03241,0.03352,0.00214,0.00134,0.01022,0.00807,0.44613,0.43082
693312,Kyle Nicolas,Cin,28,42.0,478.0,1200,0.21709,0.12293,0.01411,0.00806,0.0207,0.00182,0.03338,0.14542,0.43648,0.04004,0.02589,0.00499,0.00365,0.0031,0.00018,0.00296,0.00499,0.006,0.22034,0.12723,0.01411,0.02308,0.14179,0.03372,0.00156,0.00806,0.43011,0.2353,0.34149,0.29162,0.2353,0.29162,113,1.23,0.95,1.02,0.71,1.07,1.03,1.115,0.975,1.01,0.855,1.035,1.015,reliever,1.1324704203959655,0.889,4.35125,4.48406,3.86826,3.98633,0.10981,0.11263,4.40279,4.42362,1.41149,1.41149,0.01326,319.16203749999994,0.40491,0.59509,R,0.22455,0.21201,0.13413,0.1153,0.02141,0.00915,0.01911,0.02178,0.12459,0.1596,0.03685,0.03103,0.00277,0.00118,0.00701,0.00878,0.42959,0.44117
701487,Pierson Ohl,Min,27,133.0,133.0,400,0.21703,0.07131,0.00411,0.00324,0.02258,0.00219,0.04021,0.16051,0.47882,0.05528,0.02802,0.00438,0.00356,0.00595,0.00045,0.00593,0.00975,0.01178,0.21378,0.07095,0.00411,0.02224,0.16372,0.04242,0.00201,0.00324,0.47752,0.24997,0.30546,0.30357,0.24997,0.30357,142,0.97,1.04,1.11,0.84,0.99,0.97,0.985,1.02,1.055,0.92,0.995,0.985,reliever,2.142857142857143,0.889,3.97331,4.09315,3.53227,3.63881,0.10595,0.10844,4.16685,4.19416,0.41133,0.41133,0.00711,96.09249999999999,0.47147,0.52853,R,0.19864,0.23344,0.07286,0.06993,0.00374,0.00445,0.02099,0.024,0.15666,0.16395,0.03902,0.04126,0.00224,0.00214,0.00314,0.00333,0.50271,0.45751
665622,Luis Medina,Ath,28,118.0,793.0,800,0.21702,0.10453,0.01246,0.00747,0.02606,0.0019,0.03627,0.14685,0.44744,0.03485,0.021,0.00375,0.00285,0.0043,0.00022,0.00347,0.00617,0.00756,0.20183,0.11498,0.01246,0.02814,0.15419,0.04026,0.00173,0.00747,0.43892,0.25932,0.35178,0.30891,0.25932,0.30891,133,1.16,1.1,1.22,0.83,1.2,0.86,1.08,1.05,1.11,0.915,1.1,0.93,reliever,3.1988757003488884,0.889,4.45068,5.12607,3.95665,4.55708,0.11407,0.12674,4.33526,4.49383,1.24583,1.24583,0.01446,469.23559374999996,0.45382,0.54618,R,0.21344,0.22,0.11373,0.09689,0.01458,0.01069,0.02165,0.02972,0.14651,0.14713,0.0344,0.03783,0.00251,0.00139,0.00458,0.00987,0.44859,0.44649
668984,Casey Legumina,Tam,30,121.0,448.0,1200,0.21701,0.08813,0.01302,0.00848,0.02643,0.00173,0.03228,0.15562,0.45728,0.03992,0.02229,0.00493,0.00385,0.0036,0.0002,0.00284,0.0053,0.00639,0.21918,0.08681,0.01302,0.02656,0.15407,0.03051,0.00194,0.00848,0.45942,0.23896,0.31291,0.28875,0.23896,0.28875,139,1.01,0.98,0.89,1.24,0.97,1.02,1.005,0.99,0.945,1.12,0.985,1.01,reliever,1.2085655698485995,0.889,4.24505,4.13727,3.77385,3.67803,0.11055,0.10843,4.26641,4.23963,1.3023,1.3023,0.00672,321.78375625,0.43782,0.56218,R,0.22048,0.21431,0.10724,0.07325,0.0122,0.01366,0.02664,0.02626,0.13021,0.17541,0.03368,0.0312,0.00226,0.00133,0.00703,0.00962,0.46027,0.45496
607625,Seth Lugo,Kan,37,321.0,2644.0,1463,0.21694,0.07106,0.0084,0.00428,0.03476,0.0046,0.04607,0.14728,0.4666,0.02036,0.0103,0.00175,0.00124,0.00368,0.00046,0.00315,0.00479,0.0061,0.20718,0.07106,0.0084,0.03181,0.14801,0.05045,0.00642,0.00428,0.47239,0.25832,0.31615,0.30251,0.25832,0.30251,118,0.83,1.01,1.19,1.79,1.0,0.91,0.915,1.005,1.095,1.395,1.0,0.955,starter,5.933615675911792,0.934,4.77467,4.87317,4.45954,4.55154,0.12527,0.12711,4.23509,4.25972,0.8398,0.8398,0.00633,1663.6856199999997,0.55539,0.44461,R,0.22088,0.21203,0.07729,0.06329,0.00966,0.00682,0.0364,0.03271,0.14962,0.14434,0.04781,0.0439,0.00612,0.00271,0.00395,0.00468,0.44827,0.48951
646241,Enmanuel De Jesus,Det,30,116.0,150.0,400,0.21687,0.09303,0.01685,0.00303,0.01721,0.00319,0.03582,0.15539,0.45859,0.05312,0.0304,0.00847,0.00334,0.00484,0.00114,0.00483,0.00904,0.01068,0.21579,0.09257,0.01685,0.0173,0.15617,0.03439,0.00405,0.00303,0.45985,0.23876,0.32133,0.29736,0.23876,0.29736,116,1.01,1.01,0.92,1.54,0.99,0.99,1.005,1.005,0.96,1.27,0.995,0.995,reliever,1.4629629629629628,0.889,4.04873,4.05429,3.59932,3.60427,0.10478,0.10495,4.29333,4.29223,1.68527,1.68527,0.00691,116.34821249999999,0.43038,0.56962,L,0.20816,0.22345,0.08853,0.09644,0.01359,0.01932,0.01668,0.01762,0.15866,0.15292,0.03763,0.03445,0.00427,0.00237,0.00305,0.00302,0.46943,0.4504
671382,Cameron Foster,Bal,28,49.0,49.0,400,0.21682,0.10066,0.00679,0.00485,0.02831,0.00275,0.0376,0.14407,0.45816,0.06261,0.03712,0.0072,0.00533,0.00603,0.00063,0.00526,0.00916,0.01117,0.21465,0.09714,0.00679,0.02958,0.14695,0.03779,0.00304,0.00485,0.45922,0.24389,0.32129,0.29023,0.24389,0.29023,110,1.09,1.04,1.01,1.21,0.93,0.98,1.045,1.02,1.005,1.105,0.965,0.99,reliever,1.5,0.889,4.42582,4.53014,3.93456,4.0273,0.11476,0.11728,4.28494,4.29194,0.67917,0.67917,0.01036,41.65,0.43775,0.56225,R,0.23061,0.20607,0.10737,0.09544,0.00622,0.00724,0.02607,0.03005,0.13547,0.15076,0.03682,0.0382,0.00347,0.00219,0.00474,0.00493,0.44922,0.46512
678215,Luarbert Arias,Mia,26,55.0,55.0,400,0.21676,0.08488,0.0213,0.0104,0.01784,0.00208,0.03784,0.15463,0.45427,0.06292,0.03456,0.01238,0.00765,0.00515,0.00038,0.00586,0.00958,0.01133,0.21351,0.08488,0.0213,0.01668,0.15541,0.03898,0.00245,0.0104,0.45641,0.24168,0.31969,0.30132,0.24168,0.30132,146,0.87,1.01,1.06,1.35,1.0,0.97,0.935,1.005,1.03,1.175,1.0,0.985,reliever,1.4761904761904763,0.889,4.03003,4.04072,3.58269,3.5922,0.10475,0.10485,4.27486,4.28186,2.13046,2.13046,0.00886,39.7375,0.42745,0.57255,R,0.20896,0.22259,0.10037,0.07331,0.02443,0.01897,0.0202,0.01607,0.14547,0.16147,0.0351,0.03989,0.00249,0.00178,0.01166,0.00945,0.45133,0.45646
674384,Eduarniel Núñez,Ath,28,60.0,60.0,400,0.21645,0.10571,0.02769,0.01011,0.02373,0.00247,0.03745,0.13851,0.43789,0.0623,0.03777,0.01382,0.00743,0.00569,0.0005,0.00531,0.00859,0.01075,0.2013,0.11628,0.02769,0.02563,0.14544,0.04157,0.00226,0.01011,0.42973,0.25404,0.35886,0.30576,0.25404,0.30576,133,1.16,1.1,1.22,0.83,1.2,0.86,1.08,1.05,1.11,0.915,1.1,0.93,reliever,1.2666666666666666,0.889,4.50453,5.17174,4.00453,4.59767,0.11416,0.12648,4.38412,4.54348,2.76866,2.76866,0.00993,43.349999999999994,0.41923,0.58077,R,0.21577,0.21694,0.11311,0.10037,0.02364,0.03061,0.02715,0.02126,0.13859,0.13846,0.03837,0.03679,0.00257,0.00239,0.00866,0.01115,0.43212,0.44205
605280,Clay Holmes,New,34,215.0,1716.0,1307,0.2162,0.087,0.01663,0.00644,0.01903,0.00185,0.0304,0.15862,0.46384,0.02437,0.01355,0.00302,0.00187,0.0028,0.00024,0.0026,0.005,0.00586,0.21944,0.09048,0.01663,0.01922,0.15544,0.02933,0.00166,0.00644,0.46136,0.23199,0.31277,0.2878,0.23199,0.2878,121,1.02,0.96,0.93,0.79,1.08,1.03,1.01,0.98,0.965,0.895,1.04,1.015,starter,4.426451857514074,0.934,3.86766,3.81596,3.6124,3.5641,0.10127,0.10003,4.24342,4.23873,1.66348,1.66348,0.00963,1112.83689375,0.51578,0.48422,R,0.19183,0.24215,0.10158,0.07148,0.0134,0.02008,0.02114,0.01678,0.15089,0.16685,0.03121,0.02953,0.00258,0.00107,0.00608,0.00682,0.4813,0.44525
702070,Noah Cameron,Kan,27,275.0,831.0,800,0.2162,0.07385,0.00425,0.00402,0.02681,0.00208,0.03651,0.1504,0.48588,0.0309,0.01594,0.00216,0.00205,0.0045,0.00024,0.00376,0.00645,0.00797,0.20647,0.07385,0.00425,0.02454,0.15115,0.03997,0.0029,0.00402,0.49284,0.23811,0.29667,0.28248,0.23811,0.28248,118,0.83,1.01,1.19,1.79,1.0,0.91,0.915,1.005,1.095,1.395,1.0,0.955,starter,5.659371684098834,0.934,3.90283,3.9564,3.64524,3.69527,0.10511,0.10614,4.12551,4.14171,0.42548,0.42548,0.00576,635.46,0.27546,0.72454,L,0.21061,0.21833,0.07323,0.07409,0.00513,0.00392,0.03233,0.02472,0.12563,0.15981,0.03887,0.03561,0.0032,0.00165,0.00471,0.00375,0.50629,0.47811
694851,Andrew Hoffmann,Ari,27,59.0,120.0,800,0.21608,0.10858,0.00938,0.00758,0.02732,0.00218,0.03742,0.14193,0.44954,0.0554,0.034,0.0068,0.00559,0.00447,0.00029,0.00368,0.0061,0.00774,0.20528,0.10749,0.00938,0.02623,0.14335,0.04022,0.00332,0.00758,0.45715,0.24341,0.32999,0.29019,0.24341,0.29019,109,0.92,1.02,1.15,2.05,0.98,0.9,0.96,1.01,1.075,1.525,0.99,0.95,reliever,1.2869433665927568,0.889,4.47733,4.59657,3.98035,4.08635,0.11497,0.11747,4.32709,4.34769,0.93806,0.93806,0.00817,94.2225,0.43125,0.56875,R,0.21539,0.21661,0.11745,0.10185,0.00762,0.01072,0.02289,0.03068,0.13565,0.14668,0.03781,0.03712,0.00278,0.00172,0.00637,0.00849,0.45403,0.44613
701519,Travis Adams,Min,27,56.0,214.0,800,0.21604,0.0931,0.01318,0.01742,0.02959,0.00229,0.03254,0.14366,0.45219,0.04903,0.02811,0.00664,0.00715,0.00458,0.00032,0.0035,0.00612,0.00768,0.2128,0.09263,0.01318,0.02915,0.14653,0.03433,0.0021,0.01742,0.45186,0.24192,0.31792,0.28821,0.24192,0.28821,142,0.97,1.04,1.11,0.84,0.99,0.97,0.985,1.02,1.055,0.92,0.995,0.985,reliever,1.7117053450660344,0.889,4.27826,4.37068,3.80337,3.88554,0.11189,0.11371,4.24855,4.27078,1.31841,1.31841,0.01235,161.755,0.5,0.5,R,0.20205,0.23002,0.10643,0.07977,0.01311,0.01326,0.0269,0.03228,0.16084,0.12647,0.03468,0.0304,0.00329,0.00129,0.01538,0.01947,0.43734,0.46704
681168,Luis Curvelo,Tex,26,34.0,118.0,1200,0.21601,0.08939,0.00442,0.01185,0.03021,0.00225,0.0379,0.14478,0.4632,0.05592,0.03148,0.00471,0.007,0.00386,0.00027,0.00313,0.00519,0.00659,0.21817,0.08715,0.00442,0.02885,0.14043,0.036,0.00202,0.01185,0.4711,0.23122,0.29889,0.27474,0.23122,0.27474,140,0.91,0.94,0.9,0.8,0.95,1.02,0.955,0.97,0.95,0.9,0.975,1.01,reliever,1.0957788367298658,0.889,4.29626,4.00044,3.81938,3.55639,0.11325,0.10698,4.21529,4.15483,0.44249,0.44249,0.00841,89.58999999999999,0.43082,0.56918,R,0.21262,0.21856,0.10248,0.07948,0.00411,0.00466,0.02551,0.03377,0.13531,0.15194,0.0398,0.03646,0.00287,0.00178,0.01465,0.00972,0.46264,0.46363
666201,Alek Manoah,Los,29,39.0,1343.0,800,0.21585,0.09563,0.02029,0.00534,0.03073,0.00271,0.04093,0.13383,0.45468,0.03037,0.01763,0.00374,0.00191,0.00436,0.00044,0.00395,0.00564,0.00751,0.22125,0.09563,0.02029,0.03181,0.13249,0.0397,0.00266,0.00534,0.45083,0.23518,0.32258,0.27946,0.23518,0.27946,108,1.07,0.98,0.94,0.96,1.0,1.05,1.035,0.99,0.97,0.98,1.0,1.025,starter,4.153700296945439,0.934,4.62129,4.59981,4.31629,4.29622,0.11914,0.11885,4.30997,4.30015,2.02924,2.02924,0.00741,661.7898443749998,0.48246,0.51754,R,0.19194,0.23815,0.11489,0.07768,0.01461,0.02559,0.03577,0.02604,0.13855,0.12943,0.04174,0.04017,0.00409,0.00143,0.0046,0.00604,0.45383,0.45547
605135,Chris Bassitt,Bal,38,261.0,3326.0,1454,0.21571,0.0771,0.01846,0.00488,0.01902,0.00217,0.02977,0.1742,0.45869,0.01874,0.00987,0.00231,0.00119,0.00275,0.00025,0.00236,0.00524,0.00597,0.21356,0.0744,0.01846,0.01988,0.17768,0.02992,0.0024,0.00488,0.45882,0.25478,0.32274,0.31398,0.25478,0.31398,110,1.09,1.04,1.01,1.21,0.93,0.98,1.045,1.02,1.005,1.105,0.965,0.99,starter,5.2873937120834995,0.934,4.08334,4.18687,3.81384,3.91054,0.1058,0.10816,4.28837,4.30115,1.84604,1.84604,0.00584,1980.8543703124997,0.53402,0.46598,R,0.20965,0.22266,0.095,0.05659,0.01396,0.02362,0.02437,0.0129,0.17498,0.17331,0.0329,0.02618,0.00337,0.00079,0.006,0.0036,0.43978,0.48036
608665,Kendall Graveman,Ari,36,82.0,649.0,400,0.21566,0.10663,0.01355,0.00627,0.0227,0.00288,0.04037,0.14331,0.44864,0.03937,0.02399,0.00428,0.00284,0.00582,0.00059,0.00542,0.00858,0.01073,0.20487,0.10556,0.01355,0.02179,0.14474,0.04339,0.0044,0.00627,0.45543,0.24505,0.33343,0.29714,0.24505,0.29714,109,0.92,1.02,1.15,2.05,0.98,0.9,0.96,1.01,1.075,1.525,0.99,0.95,reliever,0.9298245614035089,0.889,4.42107,4.57866,3.93033,4.07043,0.11308,0.11641,4.34408,4.37015,1.35475,1.35475,0.00841,332.90677656249994,0.40426,0.59574,R,0.1881,0.23436,0.13226,0.08923,0.01051,0.01561,0.02047,0.02421,0.13514,0.14885,0.04135,0.0397,0.00333,0.00258,0.00645,0.00614,0.46239,0.43932
573009,Joe Mantiply,Tor,36,71.0,772.0,1200,0.21566,0.06169,0.0069,0.00428,0.02993,0.0031,0.04235,0.14759,0.4885,0.03558,0.0169,0.00283,0.00218,0.00388,0.00035,0.00336,0.00506,0.00665,0.21243,0.06107,0.0069,0.03143,0.14759,0.04319,0.00267,0.00428,0.49045,0.24239,0.29284,0.28286,0.24239,0.28286,141,1.1,1.0,1.04,0.72,0.98,0.97,1.05,1.0,1.02,0.86,0.99,0.985,reliever,0.8783272375837637,0.889,4.10763,4.19554,3.65168,3.72984,0.111,0.11317,4.11181,4.11932,0.68969,0.68969,0.0083,441.26274718749994,0.43182,0.56818,L,0.24017,0.19704,0.05476,0.06695,0.00749,0.00644,0.03234,0.0281,0.14156,0.15216,0.03883,0.04502,0.00318,0.00304,0.00332,0.00501,0.47835,0.49622
679358,Eric Orze,Min,29,141.0,330.0,1200,0.21524,0.0992,0.01433,0.01071,0.03133,0.00191,0.03586,0.14123,0.45019,0.04295,0.02537,0.00586,0.00485,0.00395,0.00027,0.00306,0.00514,0.00653,0.21201,0.0987,0.01433,0.03086,0.14406,0.03783,0.00176,0.01071,0.44974,0.2448,0.32754,0.28994,0.2448,0.28994,142,0.97,1.04,1.11,0.84,0.99,0.97,0.985,1.02,1.055,0.92,0.995,0.985,reliever,1.21341978232779,0.889,4.56011,4.66019,4.05394,4.14291,0.1176,0.11953,4.30831,4.33188,1.4332,1.4332,0.00583,248.45499999999998,0.48868,0.51132,R,0.20546,0.22458,0.09292,0.1052,0.00878,0.01964,0.03057,0.03207,0.13779,0.14452,0.03513,0.03656,0.00279,0.00107,0.01253,0.00897,0.47403,0.4274
663855,Jordan Hicks,Chi,30,87.0,1430.0,1200,0.21524,0.10988,0.01979,0.00634,0.01913,0.00233,0.0344,0.15619,0.43672,0.02718,0.01679,0.00358,0.00201,0.003,0.00029,0.00297,0.0051,0.00613,0.21201,0.11152,0.01979,0.01885,0.15541,0.0332,0.002,0.00634,0.4409,0.24288,0.34076,0.30183,0.24288,0.30183,145,0.97,0.99,0.93,0.72,1.03,0.97,0.985,0.995,0.965,0.86,1.015,0.985,reliever,2.7805817653886282,0.889,4.45561,4.39236,3.96103,3.90481,0.11188,0.11045,4.42511,4.41873,1.97855,1.97855,0.01739,861.6754034375,0.44455,0.55545,R,0.19829,0.2288,0.13378,0.09075,0.03036,0.01133,0.0175,0.02044,0.1602,0.15297,0.03374,0.03493,0.00213,0.00249,0.00675,0.006,0.41725,0.4523
676051,Codi Heuer,Cle,30,34.0,55.0,800,0.2152,0.08495,0.0139,0.00468,0.02923,0.00249,0.04004,0.14543,0.46408,0.06205,0.03418,0.01004,0.00515,0.00499,0.00036,0.00411,0.00627,0.00803,0.22058,0.08622,0.0139,0.02835,0.14398,0.04084,0.00188,0.00468,0.45956,0.24022,0.31517,0.28889,0.24022,0.28889,114,0.94,0.98,1.04,0.51,1.03,1.05,0.97,0.99,1.02,0.755,1.015,1.025,reliever,1.3392330383480826,0.889,4.44645,4.3768,3.95289,3.89097,0.116,0.11433,4.25899,4.25361,1.38972,1.38972,0.00922,28.9,0.43529,0.56471,R,0.2152,0.2152,0.08495,0.08495,0.0139,0.0139,0.02923,0.02923,0.14543,0.14543,0.04004,0.04004,0.00249,0.00249,0.00468,0.00468,0.46408,0.46408
696131,Mason Black,Kan,27,41.0,229.0,1200,0.21515,0.08021,0.01254,0.00521,0.02818,0.0026,0.04072,0.14887,0.46652,0.04971,0.02668,0.00632,0.00385,0.00378,0.00029,0.00334,0.00534,0.00669,0.20547,0.08021,0.01254,0.02578,0.14961,0.04459,0.00363,0.00521,0.47296,0.24789,0.31636,0.29492,0.24789,0.29492,118,0.83,1.01,1.19,1.79,1.0,0.91,0.915,1.005,1.095,1.395,1.0,0.955,reliever,3.338364391818113,0.889,4.38396,4.45797,3.89734,3.96313,0.11486,0.11625,4.24092,4.26104,1.25441,1.25441,0.0067,138.637125,0.43823,0.56177,R,0.21446,0.21568,0.08788,0.07423,0.00893,0.01537,0.02915,0.02742,0.14365,0.15293,0.03679,0.04379,0.00331,0.00204,0.00578,0.00477,0.47005,0.46377
681347,Mike Burrows,Hou,27,326.0,742.0,1200,0.21513,0.08336,0.0108,0.00559,0.03008,0.00225,0.03648,0.15078,0.46553,0.03208,0.01752,0.0036,0.00254,0.00373,0.00022,0.00294,0.00533,0.00657,0.22158,0.08419,0.0108,0.03234,0.14927,0.03593,0.00193,0.00559,0.45837,0.24401,0.31446,0.2899,0.24401,0.2899,117,1.15,0.98,0.97,0.71,1.02,1.06,1.075,0.99,0.985,0.855,1.01,1.03,starter,4.844834251157148,0.934,4.39596,4.46642,4.10583,4.17163,0.11507,0.11679,4.24483,4.24921,1.07982,1.07982,0.0062,567.545,0.50849,0.49151,R,0.19692,0.23396,0.10514,0.06082,0.00614,0.01561,0.03204,0.02805,0.14897,0.15265,0.03646,0.0365,0.0023,0.00221,0.00633,0.00483,0.46569,0.46536
664199,Taylor Clarke,Ari,34,106.0,781.0,800,0.21497,0.06364,0.00915,0.00979,0.02935,0.00235,0.0405,0.14756,0.4827,0.03476,0.01677,0.00324,0.00328,0.00476,0.00029,0.00406,0.00629,0.00818,0.20422,0.06301,0.00915,0.02818,0.14903,0.04354,0.00358,0.00979,0.48951,0.24435,0.29648,0.28607,0.24435,0.28607,109,0.92,1.02,1.15,2.05,0.98,0.9,0.96,1.01,1.075,1.525,0.99,0.95,reliever,1.0246913580246915,0.889,4.05161,4.17933,3.60188,3.71542,0.10933,0.11215,4.11757,4.14059,0.91476,0.91476,0.01073,467.8608409374999,0.46289,0.53711,R,0.21149,0.21797,0.06959,0.05852,0.012,0.00669,0.03201,0.02706,0.15051,0.14501,0.04533,0.03634,0.00295,0.00182,0.00849,0.0109,0.46761,0.4957
623433,Nick Anderson,Col,36,61.0,355.0,1200,0.21494,0.077,0.00431,0.00804,0.0268,0.00263,0.03704,0.15443,0.47481,0.04544,0.02395,0.00314,0.00409,0.00368,0.0003,0.00289,0.00547,0.00657,0.20419,0.077,0.00431,0.0276,0.16756,0.0413,0.00384,0.00804,0.46615,0.26388,0.32162,0.31332,0.26388,0.31332,115,1.06,1.17,1.23,1.92,1.0,0.9,1.03,1.085,1.115,1.46,1.0,0.95,reliever,1.048168212673585,0.889,4.09175,4.66872,3.63756,4.1505,0.1089,0.12081,4.17464,4.29403,0.43129,0.43129,0.00749,211.63650624999997,0.44928,0.55072,R,0.21892,0.21169,0.07831,0.07593,0.00371,0.0048,0.02061,0.03185,0.13295,0.17196,0.03372,0.03974,0.00336,0.00204,0.00897,0.00729,0.49945,0.4547
680767,Victor Vodnik,Col,27,90.0,669.0,1200,0.21467,0.11078,0.00384,0.00484,0.02123,0.00283,0.03517,0.15117,0.45548,0.03522,0.02186,0.00226,0.00247,0.00306,0.00032,0.00272,0.00502,0.00604,0.20394,0.11078,0.00384,0.02187,0.16402,0.03921,0.00413,0.00484,0.44738,0.26032,0.34384,0.3167,0.26032,0.3167,115,1.06,1.17,1.23,1.92,1.0,0.9,1.03,1.085,1.115,1.46,1.0,0.95,reliever,1.0606767238784471,0.889,4.21401,4.79346,3.74626,4.26139,0.1085,0.11997,4.31562,4.43947,0.384,0.384,0.01222,451.32577499999996,0.45697,0.54303,R,0.19163,0.23406,0.12845,0.09591,0.00299,0.00455,0.02213,0.02047,0.14029,0.16032,0.03517,0.03516,0.00307,0.00263,0.00428,0.00531,0.472,0.44158
656222,Jalen Beeks,Tex,33,113.0,1098.0,1200,0.21464,0.0871,0.00753,0.00642,0.02758,0.0022,0.03436,0.15142,0.46875,0.03024,0.01686,0.00252,0.00229,0.00369,0.00032,0.003,0.00516,0.00636,0.21678,0.08492,0.00753,0.02634,0.14688,0.03264,0.00198,0.00642,0.4765,0.23064,0.30029,0.27583,0.23064,0.27583,140,0.91,0.94,0.9,0.8,0.95,1.02,0.955,0.97,0.95,0.9,0.975,1.01,reliever,0.9494741890262585,0.889,4.1899,3.90466,3.72482,3.47124,0.11024,0.10421,4.22293,4.16318,0.75349,0.75349,0.01016,665.7060281249999,0.39136,0.60864,L,0.25415,0.18923,0.08998,0.08524,0.00681,0.008,0.02929,0.02648,0.14496,0.15558,0.03423,0.03444,0.00366,0.00127,0.00781,0.00553,0.42911,0.49424
534910,Jesse Hahn,Sea,37,25.0,25.0,800,0.21462,0.09582,0.01787,0.00565,0.03238,0.00269,0.03428,0.14125,0.45543,0.06662,0.03878,0.01287,0.0062,0.00477,0.00046,0.00338,0.00601,0.00761,0.23394,0.09343,0.01787,0.03205,0.13419,0.03274,0.00187,0.00565,0.44826,0.22746,0.31215,0.27356,0.22746,0.27356,136,0.98,0.9,0.91,0.39,0.95,1.18,0.99,0.95,0.955,0.695,0.975,1.09,reliever,1.6666666666666667,0.889,4.61245,4.26493,4.10047,3.79152,0.11888,0.1119,4.31105,4.23493,1.78679,1.78679,0.008,18.062499999999996,0.39556,0.60444,R,0.21462,0.21462,0.09582,0.09582,0.01787,0.01787,0.03238,0.03238,0.14125,0.14125,0.03428,0.03428,0.00269,0.00269,0.00565,0.00565,0.45543,0.45543
680604,Blas Castaño,Col,28,65.0,81.0,1200,0.21459,0.0878,0.02408,0.00408,0.02935,0.00253,0.03471,0.14471,0.45816,0.05865,0.03283,0.01204,0.00448,0.00382,0.00034,0.00302,0.0052,0.00641,0.20386,0.0878,0.02408,0.03023,0.15701,0.0387,0.0037,0.00408,0.45055,0.25975,0.34151,0.3068,0.25975,0.3068,115,1.06,1.17,1.23,1.92,1.0,0.9,1.03,1.085,1.115,1.46,1.0,0.95,reliever,2.3447479632292074,0.889,4.49781,5.07612,3.99855,4.51267,0.11612,0.1275,4.30391,4.42376,2.40753,2.40753,0.00755,55.25,0.46619,0.53381,R,0.17858,0.24604,0.09996,0.07719,0.02264,0.02533,0.03336,0.02585,0.14539,0.14412,0.0354,0.03411,0.00296,0.00215,0.00401,0.00414,0.47771,0.44108
608334,Carson Fulmer,Los,33,123.0,541.0,1200,0.21457,0.09572,0.01107,0.00729,0.02717,0.00248,0.03281,0.14848,0.4604,0.03893,0.02266,0.0042,0.00331,0.00353,0.00026,0.00279,0.00513,0.00636,0.21993,0.09572,0.01107,0.02813,0.14699,0.03183,0.00243,0.00729,0.4566,0.23634,0.31617,0.28416,0.23634,0.28416,108,1.07,0.98,0.94,0.96,1.0,1.05,1.035,0.99,0.97,0.98,1.0,1.025,reliever,2.317869774180454,0.889,4.27521,4.25287,3.80066,3.7808,0.11126,0.11093,4.26963,4.25984,1.10727,1.10727,0.0106,341.97911874999994,0.46439,0.53561,R,0.21351,0.21549,0.10213,0.09016,0.01039,0.01166,0.03136,0.02355,0.14573,0.15086,0.03441,0.03143,0.00256,0.00241,0.0059,0.0085,0.45401,0.46594
663947,Tyler Holton,Det,31,125.0,1154.0,1200,0.21453,0.05906,0.00719,0.00535,0.02635,0.00233,0.03283,0.16223,0.49012,0.02902,0.01353,0.0024,0.00204,0.00374,0.00028,0.00289,0.0055,0.00665,0.21346,0.05876,0.00719,0.02648,0.16304,0.03152,0.00296,0.00535,0.49123,0.2412,0.28996,0.28679,0.2412,0.28679,116,1.01,1.01,0.92,1.54,0.99,0.99,1.005,1.005,0.96,1.27,0.995,0.995,reliever,1.227309151489899,0.889,3.83445,3.83968,3.40882,3.41348,0.10384,0.10399,4.10279,4.10259,0.7193,0.7193,0.0085,735.5047821874999,0.42684,0.57316,L,0.23945,0.19598,0.05169,0.06455,0.00828,0.00639,0.01776,0.03274,0.15633,0.16662,0.0341,0.03189,0.00255,0.00218,0.00508,0.00556,0.48476,0.49411
687362,Connor Gillispie,Mia,29,123.0,155.0,800,0.21443,0.09094,0.00798,0.01389,0.02694,0.00268,0.03735,0.15024,0.45555,0.05369,0.03054,0.00579,0.00704,0.00447,0.00042,0.00406,0.00666,0.00813,0.21121,0.09094,0.00798,0.02519,0.15099,0.03847,0.00315,0.01389,0.45817,0.2455,0.31673,0.29597,0.2455,0.29597,146,0.87,1.01,1.06,1.35,1.0,0.97,0.935,1.005,1.03,1.175,1.0,0.985,starter,3.98780487804878,0.934,4.33044,4.31033,4.04463,4.02585,0.11296,0.11234,4.25964,4.26332,0.79835,0.79835,0.00887,108.5195,0.47042,0.52958,R,0.23203,0.19879,0.09808,0.0846,0.00655,0.00926,0.03178,0.02264,0.14337,0.15634,0.03407,0.04026,0.00333,0.00211,0.01672,0.01137,0.43405,0.47464
596001,Jakob Junis,Tex,34,102.0,1474.0,1200,0.21436,0.05707,0.01215,0.00553,0.0251,0.0027,0.03876,0.15291,0.49142,0.02738,0.01257,0.00278,0.00186,0.00347,0.00033,0.00297,0.00528,0.00656,0.2165,0.05565,0.01215,0.02397,0.14832,0.03682,0.00243,0.00553,0.49863,0.22828,0.27934,0.27336,0.22828,0.27336,140,0.91,0.94,0.9,0.8,0.95,1.02,0.955,0.97,0.95,0.9,0.975,1.01,reliever,1.7635555795662716,0.889,3.83221,3.56807,3.40684,3.17201,0.10397,0.09808,4.09526,4.04212,1.21468,1.21468,0.00597,843.706058125,0.41616,0.58384,R,0.18956,0.23203,0.06312,0.05276,0.01004,0.01365,0.02746,0.02341,0.15133,0.15404,0.03863,0.03885,0.00466,0.00131,0.00511,0.00584,0.51011,0.4781
694297,Brandon Pfaadt,Ari,28,171.0,2119.0,1522,0.21428,0.06057,0.0104,0.00885,0.0307,0.00363,0.04027,0.16285,0.46843,0.02202,0.0104,0.00216,0.00198,0.00345,0.00035,0.00288,0.00488,0.00599,0.20357,0.05997,0.0104,0.02947,0.16448,0.0433,0.00554,0.00885,0.47442,0.26367,0.31315,0.31017,0.26367,0.31017,109,0.92,1.02,1.15,2.05,0.98,0.9,0.96,1.01,1.075,1.525,0.99,0.95,starter,5.197345165901944,0.934,4.50326,4.66877,4.20605,4.36063,0.11879,0.12231,4.21217,4.24113,1.0403,1.0403,0.00475,1386.0071312499997,0.5137,0.4863,R,0.19374,0.23599,0.06725,0.05352,0.01267,0.00801,0.03263,0.02866,0.16786,0.15756,0.03774,0.04295,0.00422,0.00301,0.01057,0.00703,0.47332,0.46327
663903,Brady Singer,Cin,30,258.0,3059.0,1421,0.21425,0.07326,0.01493,0.00749,0.02997,0.0034,0.04023,0.15689,0.45958,0.01932,0.00996,0.00216,0.00153,0.0035,0.00048,0.00289,0.00501,0.00613,0.21746,0.07582,0.01493,0.03341,0.15297,0.04063,0.00291,0.00749,0.45437,0.25497,0.32068,0.30191,0.25497,0.30191,113,1.23,0.95,1.02,0.71,1.07,1.03,1.115,0.975,1.01,0.855,1.035,1.015,starter,5.3052262919662665,0.934,4.62394,4.77069,4.31876,4.45582,0.12017,0.12362,4.27551,4.28808,1.49335,1.49335,0.00529,1846.5626365624998,0.55062,0.44938,R,0.22791,0.1975,0.08471,0.05922,0.0166,0.01289,0.03462,0.02427,0.15201,0.16287,0.04406,0.03552,0.00414,0.0025,0.00704,0.00805,0.4289,0.49718
666214,Joey Wentz,Atl,29,442.0,1373.0,800,0.21417,0.09676,0.00473,0.00926,0.02045,0.00289,0.03662,0.15553,0.45957,0.02767,0.01619,0.0018,0.00248,0.00375,0.00055,0.00367,0.00649,0.00777,0.21846,0.09628,0.00473,0.01984,0.15865,0.03571,0.00278,0.00926,0.4543,0.24386,0.31799,0.30261,0.24386,0.30261,144,0.94,1.04,0.95,0.92,0.99,1.04,0.97,1.02,0.975,0.96,0.995,1.02,reliever,2.126042981053204,0.889,4.09571,4.08052,3.64108,3.62758,0.1067,0.10615,4.26503,4.27117,0.47324,0.47324,0.00867,822.7662921874999,0.35095,0.64905,L,0.21487,0.2138,0.10442,0.09262,0.00442,0.0049,0.01553,0.02312,0.15114,0.15791,0.03746,0.03617,0.00294,0.00287,0.00962,0.00906,0.4596,0.45955
656288,Griffin Canning,San,31,139.0,1742.0,1339,0.21386,0.09005,0.00652,0.00581,0.02376,0.00273,0.03339,0.15653,0.46735,0.02451,0.01389,0.00188,0.00176,0.0031,0.00047,0.0026,0.00486,0.00586,0.216,0.0905,0.00652,0.02459,0.15339,0.03139,0.00235,0.00581,0.46945,0.23599,0.30874,0.28501,0.23599,0.28501,135,1.07,0.96,0.88,0.72,1.01,1.02,1.035,0.98,0.94,0.86,1.005,1.01,starter,5.087828567981095,0.934,4.1077,4.00146,3.83659,3.73736,0.10764,0.10551,4.24003,4.21405,0.65182,0.65182,0.00763,1088.763725,0.51849,0.48151,R,0.2099,0.21812,0.10284,0.07628,0.00514,0.008,0.02376,0.02375,0.1529,0.16042,0.03395,0.03279,0.00308,0.00234,0.00445,0.00727,0.46396,0.47101
687330,Kevin Kelly,Tam,29,110.0,835.0,1200,0.21385,0.05493,0.01954,0.004,0.02771,0.00176,0.03018,0.1677,0.48035,0.03303,0.0149,0.00457,0.00204,0.00372,0.0002,0.0028,0.00552,0.00655,0.21599,0.0541,0.01954,0.02784,0.16602,0.02852,0.00197,0.004,0.48202,0.24323,0.29799,0.2896,0.24323,0.2896,139,1.01,0.98,0.89,1.24,0.97,1.02,1.005,0.99,0.945,1.12,0.985,1.01,reliever,1.0138739740878828,0.889,4.07417,3.98001,3.62194,3.53823,0.1085,0.10657,4.17215,4.14951,1.95368,1.95368,0.00676,531.8479749999999,0.40711,0.59289,R,0.21518,0.21293,0.0689,0.04533,0.01639,0.0217,0.02964,0.02638,0.1641,0.17017,0.02917,0.03086,0.0022,0.00146,0.00473,0.0035,0.46969,0.48768
656605,Mitch Keller,Pit,31,305.0,3339.0,1473,0.21375,0.07171,0.01576,0.00602,0.0185,0.00309,0.0392,0.16354,0.46843,0.01855,0.00948,0.00213,0.00131,0.00263,0.00042,0.00284,0.0049,0.0058,0.21161,0.07135,0.01576,0.01675,0.16518,0.04253,0.00277,0.00602,0.46804,0.25056,0.31433,0.3102,0.25056,0.3102,134,0.81,1.02,1.17,0.79,0.99,0.98,0.905,1.01,1.085,0.895,0.995,0.99,starter,5.6169269948699805,0.934,4.03992,4.07347,3.77329,3.80462,0.10605,0.10654,4.2328,4.24839,1.57579,1.57579,0.0055,2010.6018309374997,0.51554,0.48446,R,0.21217,0.21543,0.07884,0.06411,0.01131,0.02049,0.02166,0.01515,0.1599,0.16742,0.04448,0.03358,0.00394,0.00218,0.00477,0.00735,0.46292,0.47429
660730,Elvin Rodríguez,Bal,29,90.0,243.0,400,0.21365,0.08532,0.0089,0.00226,0.03888,0.0024,0.03905,0.13984,0.46971,0.05119,0.02833,0.00522,0.00249,0.00753,0.00045,0.00551,0.00882,0.0113,0.21151,0.08233,0.0089,0.04063,0.14264,0.03924,0.00265,0.00226,0.46984,0.24838,0.3164,0.282,0.24838,0.282,110,1.09,1.04,1.01,1.21,0.93,0.98,1.045,1.02,1.005,1.105,0.965,0.99,reliever,2.8095238095238098,0.889,4.75714,4.89608,4.2291,4.35261,0.12441,0.12766,4.24877,4.26125,0.89044,0.89044,0.0074,128.4748596875,0.38966,0.61034,R,0.23322,0.20115,0.08637,0.08465,0.00718,0.01,0.03497,0.04137,0.13549,0.14262,0.03997,0.03846,0.0028,0.00214,0.00232,0.00222,0.45767,0.47739
678821,Luis Peralta,Col,26,101.0,150.0,800,0.21362,0.11288,0.0212,0.01044,0.02899,0.00236,0.03278,0.1399,0.43782,0.0542,0.03398,0.00948,0.00617,0.00456,0.00041,0.00328,0.00618,0.0076,0.20294,0.11288,0.0212,0.02986,0.15179,0.03655,0.00345,0.01044,0.43088,0.25909,0.35573,0.30801,0.25909,0.30801,115,1.06,1.17,1.23,1.92,1.0,0.9,1.03,1.085,1.115,1.46,1.0,0.95,reliever,0.8489108153325227,0.889,4.68861,5.26142,4.16818,4.6774,0.11837,0.1293,4.40107,4.52141,2.12006,2.12006,0.00981,103.06462499999999,0.44,0.56,L,0.20014,0.22422,0.11883,0.10821,0.0202,0.02199,0.02657,0.0309,0.14592,0.13516,0.03247,0.03302,0.003,0.00186,0.01017,0.01065,0.4427,0.43399
608723,Austin Voth,Tor,35,31.0,881.0,800,0.21354,0.08118,0.01028,0.00681,0.02609,0.00254,0.03904,0.15231,0.46821,0.03495,0.01891,0.00325,0.0026,0.00441,0.00039,0.00407,0.00663,0.00812,0.21034,0.08037,0.01028,0.0274,0.15231,0.03982,0.00219,0.00681,0.4705,0.24565,0.31235,0.29228,0.24565,0.29228,141,1.1,1.0,1.04,0.72,0.98,0.97,1.05,1.0,1.02,0.86,0.99,0.985,reliever,1.1490463827450197,0.889,4.25452,4.33176,3.78227,3.85093,0.11174,0.11362,4.23054,4.23619,1.02769,1.02769,0.00918,458.291748125,0.45303,0.54697,R,0.18745,0.23515,0.0779,0.0839,0.00976,0.0107,0.02289,0.02874,0.15191,0.15264,0.04487,0.03421,0.00318,0.00201,0.00481,0.00847,0.49723,0.44418
701719,Tyler Samaniego,Bos,28,90.0,90.0,800,0.21348,0.08517,0.01692,0.00866,0.01302,0.00275,0.03523,0.1606,0.46417,0.05727,0.03168,0.00986,0.00638,0.00299,0.00063,0.00366,0.00627,0.00739,0.21134,0.08432,0.01692,0.01198,0.16461,0.03823,0.00261,0.00866,0.46132,0.24428,0.31867,0.30813,0.24428,0.30813,111,0.84,1.05,1.17,0.9,0.98,0.98,0.92,1.025,1.085,0.95,0.99,0.99,reliever,1.0166666666666666,0.889,3.75059,3.86795,3.33427,3.43861,0.09818,0.10052,4.24445,4.27547,1.69184,1.69184,0.00731,76.5,0.42414,0.57586,L,0.22157,0.20752,0.09938,0.07471,0.01605,0.01756,0.01432,0.01207,0.14921,0.16899,0.03516,0.03528,0.00353,0.00217,0.00729,0.00967,0.4535,0.47202
641835,Tim Mayza,Phi,35,115.0,792.0,1200,0.21343,0.07178,0.00674,0.00967,0.02383,0.00187,0.03753,0.15728,0.47787,0.03465,0.01772,0.00277,0.00324,0.00342,0.00018,0.00322,0.00523,0.00639,0.21663,0.07035,0.00674,0.02549,0.15964,0.03641,0.00188,0.00967,0.4732,0.24465,0.30051,0.29492,0.24465,0.29492,143,1.14,1.03,0.94,1.01,0.96,1.03,1.07,1.015,0.97,1.005,0.98,1.015,reliever,1.0228781371695148,0.889,3.92578,4.00825,3.49002,3.56333,0.10496,0.10694,4.15568,4.16444,0.67387,0.67387,0.00799,468.8358440624999,0.43836,0.56164,L,0.20263,0.22185,0.06797,0.07475,0.0054,0.00779,0.01693,0.02921,0.15724,0.15732,0.0302,0.04326,0.00196,0.0018,0.00742,0.01143,0.51026,0.45259
669160,Dustin May,St.,29,301.0,1199.0,802,0.21338,0.08609,0.01945,0.00593,0.02372,0.00302,0.0374,0.15831,0.45271,0.0275,0.01529,0.00386,0.00211,0.00422,0.00052,0.00377,0.00663,0.00797,0.20271,0.08264,0.01945,0.02134,0.16464,0.03852,0.0026,0.00593,0.46216,0.25461,0.3292,0.30806,0.25461,0.30806,138,0.8,1.08,1.06,0.72,0.92,0.9,0.9,1.04,1.03,0.86,0.96,0.95,starter,5.4096668213114345,0.934,4.48662,4.46658,4.19051,4.17178,0.11501,0.11428,4.33471,4.34256,1.94497,1.94497,0.00729,831.7557434375,0.55945,0.44055,R,0.22873,0.19389,0.10759,0.05877,0.01613,0.02367,0.02708,0.01945,0.15256,0.16561,0.03748,0.03729,0.00417,0.00157,0.00601,0.00583,0.42025,0.49393
663554,Casey Mize,Det,30,185.0,1309.0,1267,0.21332,0.06372,0.00495,0.00897,0.02583,0.00385,0.04371,0.14264,0.49302,0.02649,0.01283,0.00188,0.00249,0.00329,0.00055,0.00335,0.00509,0.00653,0.21226,0.0634,0.00495,0.02596,0.14335,0.04196,0.00489,0.00897,0.49427,0.23427,0.2845,0.27788,0.23427,0.27788,116,1.01,1.01,0.92,1.54,0.99,0.99,1.005,1.005,0.96,1.27,0.995,0.995,starter,5.117085901188444,0.934,3.84687,3.85286,3.59298,3.59858,0.10496,0.10515,4.07234,4.07128,0.49504,0.49504,0.00505,907.8087390624999,0.51571,0.48429,R,0.22599,0.19984,0.06432,0.06307,0.00443,0.0055,0.02073,0.03125,0.14017,0.14527,0.0408,0.0468,0.00505,0.00257,0.01019,0.00767,0.48832,0.49802
608717,Chris Stratton,Los,36,104.0,978.0,800,0.2133,0.09386,0.00744,0.01714,0.02757,0.00262,0.03806,0.14572,0.45429,0.03297,0.01906,0.00264,0.00392,0.00451,0.00045,0.00389,0.00633,0.00785,0.21436,0.0948,0.00744,0.0317,0.14062,0.03673,0.00219,0.01714,0.45501,0.23988,0.31348,0.28294,0.23988,0.28294,119,1.3,0.93,0.93,0.67,1.02,1.01,1.15,0.965,0.965,0.835,1.01,1.005,reliever,1.1354405296989027,0.889,4.32635,4.39817,3.84613,3.90998,0.11299,0.11517,4.25427,4.24317,0.74444,0.74444,0.00878,533.2020196875,0.42781,0.57219,R,0.23216,0.19919,0.1272,0.06893,0.00592,0.00859,0.01844,0.03439,0.14229,0.14829,0.03907,0.0373,0.00242,0.00278,0.01359,0.0198,0.41891,0.48074
689546,Nick Davila,Sea,28,34.0,34.0,400,0.21326,0.09833,0.01646,0.00532,0.02503,0.00192,0.03293,0.15196,0.4548,0.06442,0.03803,0.01186,0.00584,0.00611,0.0005,0.00515,0.00935,0.01104,0.23246,0.09587,0.01646,0.02478,0.14436,0.03144,0.00133,0.00532,0.44798,0.22884,0.31425,0.28337,0.22884,0.28337,136,0.98,0.9,0.91,0.39,0.95,1.18,0.99,0.95,0.955,0.695,0.975,1.09,reliever,1.0416666666666667,0.889,4.36071,4.02057,3.87667,3.57429,0.112,0.10517,4.32593,4.24788,1.64573,1.64573,0.00787,28.9,0.41026,0.58974,R,0.21169,0.21436,0.11489,0.08681,0.01826,0.0152,0.02365,0.02599,0.16401,0.14357,0.02871,0.03586,0.0015,0.00221,0.00464,0.00579,0.43263,0.47022
554431,Tyler Matzek,New,36,35.0,267.0,800,0.21324,0.10759,0.00829,0.01245,0.02154,0.00273,0.03906,0.14652,0.44857,0.05091,0.03127,0.00486,0.00563,0.00372,0.00055,0.00406,0.0064,0.00773,0.21538,0.11673,0.00829,0.02337,0.14066,0.03769,0.00239,0.01245,0.44303,0.23665,0.32914,0.28976,0.23665,0.28976,147,1.17,0.92,0.93,0.75,1.17,1.02,1.085,0.96,0.965,0.875,1.085,1.01,reliever,0.9072425701639186,0.889,4.28975,4.3566,3.81358,3.87302,0.11033,0.11148,4.32023,4.34216,0.82885,0.82885,0.0126,136.4072775,0.41343,0.58657,L,0.2013,0.22167,0.11424,0.1029,0.00711,0.00912,0.02342,0.02021,0.14945,0.14446,0.03408,0.04257,0.00401,0.00184,0.01242,0.01248,0.45398,0.44476
676775,Keaton Winn,San,29,119.0,571.0,1200,0.21307,0.07353,0.01671,0.00842,0.02476,0.00242,0.03855,0.15468,0.46786,0.03787,0.0196,0.00502,0.00347,0.00353,0.0003,0.00322,0.00526,0.00652,0.20988,0.07095,0.01671,0.02203,0.157,0.0401,0.00284,0.00842,0.47207,0.24557,0.30963,0.29753,0.24557,0.29753,137,0.78,1.03,1.08,1.35,0.93,0.97,0.89,1.015,1.04,1.175,0.965,0.985,reliever,2.8923686013499346,0.889,4.19742,4.12464,3.7315,3.6668,0.11037,0.10861,4.22569,4.2195,1.67068,1.67068,0.00717,367.44182499999994,0.44073,0.55927,R,0.21438,0.21204,0.08496,0.06452,0.00994,0.02204,0.02529,0.02434,0.15023,0.15819,0.04683,0.03204,0.00226,0.00254,0.00959,0.0075,0.45653,0.47679
605347,Jorge López,Was,34,106.0,887.0,800,0.21305,0.08631,0.02159,0.00876,0.02505,0.00325,0.03271,0.15288,0.4564,0.03429,0.0191,0.00467,0.00293,0.00424,0.00067,0.0034,0.00643,0.00768,0.20665,0.08459,0.02159,0.02505,0.15747,0.03238,0.00319,0.00876,0.46033,0.24641,0.32426,0.29545,0.24641,0.29545,120,1.0,1.06,0.98,0.96,0.96,0.94,1.0,1.03,0.99,0.98,0.98,0.97,reliever,0.9942824129412702,0.889,4.32336,4.39413,3.84347,3.90638,0.11184,0.11326,4.29515,4.31084,2.15885,2.15885,0.01218,480.927970625,0.42256,0.57744,R,0.21894,0.20874,0.0996,0.07659,0.02224,0.02111,0.03108,0.02064,0.14798,0.15647,0.03095,0.034,0.00482,0.0021,0.00778,0.00947,0.43662,0.47088
686610,Ken Waldichuk,Was,29,41.0,826.0,400,0.21305,0.10132,0.01642,0.00827,0.02977,0.00233,0.04025,0.13686,0.45173,0.03567,0.02134,0.00422,0.00294,0.00661,0.00041,0.00593,0.00867,0.0112,0.20666,0.0993,0.01642,0.02977,0.14097,0.03985,0.00229,0.00827,0.45649,0.243,0.32859,0.28628,0.243,0.28628,120,1.0,1.06,0.98,0.96,0.96,0.94,1.0,1.03,0.99,0.98,0.98,0.97,reliever,1.8666666666666667,0.889,4.6245,4.6776,4.11118,4.15838,0.11872,0.11979,4.3281,4.33861,1.64196,1.64196,0.00875,433.19296937499996,0.42324,0.57676,L,0.20644,0.2179,0.10446,0.09902,0.01797,0.01528,0.02901,0.03033,0.1312,0.14102,0.03635,0.04311,0.00301,0.00184,0.00727,0.00899,0.4643,0.4425
620454,José Castillo,Bal,31,149.0,160.0,400,0.21301,0.09161,0.02448,0.01721,0.02526,0.00185,0.03547,0.14587,0.44524,0.05311,0.03038,0.00996,0.00776,0.006,0.00032,0.00514,0.00879,0.01062,0.21088,0.08841,0.02448,0.0264,0.14879,0.03564,0.00204,0.01721,0.44615,0.24471,0.32576,0.29476,0.24471,0.29476,110,1.09,1.04,1.01,1.21,0.93,0.98,1.045,1.02,1.005,1.105,0.965,0.99,reliever,1.103448275862069,0.889,4.3544,4.45271,3.87106,3.95846,0.11219,0.11451,4.31262,4.32042,2.44839,2.44839,0.00801,107.65249999999999,0.42693,0.57307,L,0.2097,0.21547,0.09264,0.09085,0.03246,0.01854,0.02601,0.02471,0.15768,0.13707,0.03096,0.03882,0.00237,0.00145,0.01721,0.01721,0.43096,0.45588
612434,Miguel Castro,Chi,32,28.0,491.0,800,0.21293,0.09238,0.0173,0.00134,0.02453,0.002,0.0339,0.15145,0.46417,0.04266,0.0245,0.00545,0.00148,0.00405,0.00029,0.00327,0.00607,0.00743,0.20974,0.09377,0.0173,0.02416,0.15069,0.03272,0.00172,0.00134,0.46857,0.23579,0.32035,0.2832,0.23579,0.2832,145,0.97,0.99,0.93,0.72,1.03,0.97,0.985,0.995,0.965,0.86,1.015,0.985,reliever,1.1598578022419082,0.889,4.26738,4.20013,3.7937,3.73391,0.11043,0.10888,4.29367,4.28605,1.72962,1.72962,0.0068,257.5570709375,0.41096,0.58904,R,0.19814,0.22325,0.11094,0.07944,0.01437,0.01934,0.02175,0.02647,0.14968,0.15268,0.03348,0.0342,0.00226,0.00181,0.00141,0.00129,0.46796,0.46153
669721,Davis Daniel,Atl,30,46.0,232.0,800,0.21286,0.0886,0.00922,0.01085,0.02612,0.00216,0.0338,0.15432,0.46205,0.05033,0.02837,0.0054,0.00551,0.00443,0.00033,0.00359,0.00663,0.00797,0.21712,0.08816,0.00922,0.02534,0.15741,0.03296,0.00207,0.01085,0.45687,0.24421,0.31516,0.29638,0.24421,0.29638,144,0.94,1.04,0.95,0.92,0.99,1.04,0.97,1.02,0.975,0.96,0.995,1.02,starter,4.574263830668116,0.934,4.2109,4.18998,3.93298,3.91344,0.11015,0.10945,4.24781,4.25356,0.92184,0.92184,0.00736,142.67207499999998,0.44474,0.55526,R,0.20332,0.22051,0.09226,0.08568,0.00868,0.00965,0.02551,0.02662,0.14601,0.16099,0.0348,0.033,0.00252,0.00188,0.0094,0.01201,0.47751,0.44967
664141,JT Brubaker,San,33,141.0,904.0,800,0.21259,0.09293,0.01105,0.00568,0.02113,0.00219,0.03774,0.15389,0.46279,0.03399,0.01959,0.00333,0.00235,0.00384,0.00032,0.00383,0.00651,0.00783,0.2094,0.08968,0.01105,0.0188,0.1562,0.03925,0.00258,0.00568,0.46736,0.24265,0.31756,0.29761,0.24265,0.29761,137,0.78,1.03,1.08,1.35,0.93,0.97,0.89,1.015,1.04,1.175,0.965,0.985,reliever,1.5651015154901133,0.889,4.15929,4.09409,3.6976,3.63965,0.10805,0.10657,4.27713,4.26852,1.1053,1.1053,0.01064,491.0161318749999,0.44323,0.55677,R,0.21708,0.20902,0.103,0.08492,0.00875,0.01289,0.02174,0.02064,0.14316,0.16243,0.03942,0.0364,0.00343,0.00121,0.00423,0.00684,0.45919,0.46566
642520,Gerson Garabito,Tex,31,41.0,156.0,800,0.21256,0.08225,0.02914,0.01021,0.0225,0.00235,0.03183,0.15458,0.45457,0.0544,0.02967,0.01092,0.00604,0.00403,0.00039,0.00321,0.00638,0.00763,0.21469,0.0802,0.02914,0.02149,0.14994,0.03024,0.00211,0.01021,0.46198,0.23145,0.31311,0.28294,0.23145,0.28294,140,0.91,0.94,0.9,0.8,0.95,1.02,0.955,0.97,0.95,0.9,0.975,1.01,reliever,1.7799008553259785,0.889,4.2118,3.9381,3.74429,3.50097,0.10882,0.10318,4.30057,4.24088,2.91361,2.91361,0.00794,100.24687499999999,0.4382,0.5618,R,0.22955,0.19932,0.09193,0.07471,0.02707,0.03075,0.0213,0.02344,0.15098,0.15738,0.03421,0.02998,0.00295,0.00188,0.00791,0.01202,0.43411,0.47054
687922,Easton Lucas,Tor,30,108.0,204.0,800,0.21256,0.10141,0.00661,0.01796,0.02876,0.00167,0.03152,0.14616,0.45335,0.05109,0.03061,0.0048,0.00737,0.00449,0.00021,0.00338,0.00631,0.00768,0.20937,0.1004,0.00661,0.0302,0.14616,0.03215,0.00144,0.01796,0.45572,0.23993,0.31695,0.28286,0.23993,0.28286,141,1.1,1.0,1.04,0.72,0.98,0.97,1.05,1.0,1.02,0.86,0.99,0.985,reliever,3.303561773452284,0.889,4.24764,4.33001,3.77615,3.84938,0.1108,0.11281,4.25959,4.26471,0.66061,0.66061,0.00915,133.76184374999997,0.35772,0.64228,L,0.22665,0.20471,0.11427,0.09425,0.00604,0.00692,0.02626,0.03015,0.14749,0.14541,0.02718,0.03394,0.00192,0.00153,0.01765,0.01813,0.43254,0.46494
657424,Matt Gage,San,34,102.0,316.0,800,0.21255,0.09797,0.00979,0.00876,0.02474,0.00277,0.03593,0.14653,0.46096,0.04462,0.02633,0.00494,0.00446,0.00421,0.00049,0.00374,0.00611,0.00767,0.20936,0.09454,0.00979,0.02202,0.14873,0.03737,0.00325,0.00876,0.46618,0.23832,0.3157,0.28886,0.23832,0.28886,137,0.78,1.03,1.08,1.35,0.93,0.97,0.89,1.015,1.04,1.175,0.965,0.985,reliever,0.8860992903385807,0.889,4.22782,4.13562,3.75853,3.67657,0.11002,0.10795,4.26956,4.25689,0.97882,0.97882,0.00865,221.961934375,0.44419,0.55581,L,0.23283,0.19635,0.10493,0.0924,0.01155,0.00838,0.02376,0.02552,0.13518,0.15561,0.03257,0.03862,0.00286,0.0027,0.00623,0.01078,0.45011,0.46964
655889,Manuel Rodríguez,Tam,30,121.0,336.0,800,0.21236,0.07665,0.01653,0.00618,0.02621,0.00175,0.03477,0.15379,0.47176,0.04536,0.02396,0.00624,0.00367,0.00442,0.00023,0.00382,0.00621,0.00782,0.21448,0.0755,0.01653,0.02634,0.15225,0.03286,0.00196,0.00618,0.47389,0.23666,0.30544,0.28303,0.23666,0.28303,139,1.01,0.98,0.89,1.24,0.97,1.02,1.005,0.99,0.945,1.12,0.985,1.01,reliever,0.9595835021973884,0.889,4.14926,4.04194,3.68869,3.59328,0.10925,0.10708,4.21992,4.19405,1.65292,1.65292,0.00961,209.74545281249996,0.40501,0.59499,R,0.20079,0.22024,0.08743,0.06931,0.01265,0.01917,0.02256,0.02869,0.15554,0.15259,0.03297,0.03599,0.00236,0.00134,0.00663,0.00588,0.47907,0.46678
676571,PJ Poulin,Was,30,106.0,216.0,800,0.21235,0.11103,0.0131,0.00839,0.02758,0.00176,0.03044,0.15057,0.44478,0.04812,0.03002,0.0066,0.00497,0.0045,0.00024,0.0034,0.00656,0.00783,0.20598,0.10881,0.0131,0.02758,0.15509,0.03014,0.00173,0.00839,0.44919,0.24668,0.33644,0.29388,0.24668,0.29388,120,1.0,1.06,0.98,0.96,0.96,0.94,1.0,1.03,0.99,0.98,0.98,0.97,reliever,0.9380952380952382,0.889,4.55075,4.61497,4.04562,4.10271,0.11552,0.11681,4.37707,4.38998,1.3095,1.3095,0.00753,169.575,0.41346,0.58654,L,0.25077,0.18526,0.11377,0.10911,0.01184,0.01398,0.03213,0.02437,0.13568,0.16107,0.02847,0.03183,0.00231,0.00138,0.00654,0.0097,0.41849,0.46331
669387,Carmen Mlodzinski,Pit,28,253.0,1033.0,1200,0.21229,0.08003,0.00887,0.00765,0.02127,0.00271,0.03649,0.16659,0.46411,0.02907,0.01566,0.00281,0.00256,0.0033,0.00041,0.00301,0.00571,0.00659,0.21017,0.07963,0.00887,0.01925,0.16825,0.03959,0.00242,0.00765,0.46417,0.25393,0.31802,0.31177,0.25393,0.31177,134,0.81,1.02,1.17,0.79,0.99,0.98,0.905,1.01,1.085,0.895,0.995,0.99,reliever,3.2347995129217892,0.889,4.17509,4.18742,3.71165,3.72261,0.10894,0.10893,4.25848,4.27136,0.88734,0.88734,0.00692,725.4745749999998,0.48659,0.51341,R,0.20561,0.21862,0.07799,0.08196,0.00939,0.00839,0.02182,0.02074,0.1626,0.17037,0.03994,0.03322,0.0035,0.00195,0.00849,0.00685,0.47066,0.4579
571948,Hoby Milner,Chi,36,121.0,1206.0,1200,0.21224,0.06314,0.01312,0.01118,0.0203,0.00237,0.03273,0.16332,0.4816,0.02897,0.01399,0.00317,0.00289,0.00311,0.0004,0.00293,0.00537,0.00637,0.21542,0.06346,0.01312,0.0202,0.16005,0.02946,0.0026,0.01118,0.48451,0.23273,0.28889,0.28392,0.23273,0.28392,112,0.99,0.96,0.8,1.19,1.01,1.03,0.995,0.98,0.9,1.095,1.005,1.015,reliever,0.9974751741158848,0.889,3.69127,3.5161,3.28154,3.12581,0.09926,0.09537,4.13186,4.09642,1.3123,1.3123,0.00444,731.36142,0.42517,0.57483,L,0.21501,0.21018,0.05444,0.06958,0.01099,0.0147,0.02049,0.02016,0.15679,0.16815,0.02862,0.03578,0.00258,0.00221,0.00977,0.01222,0.5013,0.46702
681892,Kody Funderburk,Min,30,82.0,473.0,1200,0.21222,0.10712,0.02148,0.0115,0.02449,0.00169,0.0318,0.14666,0.44305,0.03945,0.02423,0.00616,0.00437,0.00341,0.0002,0.00277,0.00493,0.00604,0.20904,0.10659,0.02148,0.02412,0.14959,0.03355,0.00156,0.0115,0.44259,0.24269,0.33688,0.29444,0.24269,0.29444,142,0.97,1.04,1.11,0.84,0.99,0.97,0.985,1.02,1.055,0.92,0.995,0.985,reliever,1.08399787319497,0.889,4.4093,4.51066,3.91987,4.00998,0.11214,0.11409,4.36886,4.39286,2.14758,2.14758,0.0119,325.32591874999997,0.42332,0.57668,L,0.22734,0.20112,0.14109,0.08219,0.01847,0.02368,0.01884,0.02863,0.13788,0.1531,0.03091,0.03245,0.00247,0.00112,0.00833,0.01383,0.41467,0.46388
687849,Zak Kent,Was,29,44.0,120.0,800,0.21218,0.09294,0.00938,0.00758,0.02249,0.00186,0.03754,0.15205,0.46398,0.05525,0.03186,0.0068,0.00559,0.00408,0.0003,0.00392,0.00639,0.00785,0.20581,0.09109,0.00938,0.02249,0.15661,0.03717,0.00182,0.00758,0.46805,0.24451,0.31856,0.29474,0.24451,0.29474,120,1.0,1.06,0.98,0.96,0.96,0.94,1.0,1.03,0.99,0.98,0.98,0.97,reliever,1.5041638147387637,0.889,4.14268,4.20883,3.68284,3.74165,0.10804,0.1094,4.26043,4.27475,0.93806,0.93806,0.01028,92.31,0.45938,0.54062,R,0.21871,0.20663,0.10838,0.07983,0.00766,0.01085,0.02474,0.02057,0.15391,0.15048,0.03665,0.0383,0.00186,0.00186,0.00631,0.00866,0.44179,0.48283
695611,Gage Jump,Ath,24,73.0,73.0,400,0.21199,0.07895,0.0188,0.01461,0.02602,0.00205,0.02885,0.15686,0.46187,0.05904,0.03163,0.01094,0.00861,0.00603,0.00046,0.00457,0.00897,0.01076,0.19715,0.08685,0.0188,0.0281,0.1647,0.03202,0.00188,0.01461,0.45589,0.25769,0.33235,0.30344,0.25769,0.30344,133,1.16,1.1,1.22,0.83,1.2,0.86,1.08,1.05,1.11,0.915,1.1,0.93,starter,6.111111111111111,0.934,4.09757,4.67591,3.82713,4.3673,0.1076,0.11908,4.23113,4.36306,1.87982,1.87982,0.01132,62.05,0.37363,0.62637,L,0.21052,0.21287,0.09179,0.07129,0.01386,0.02174,0.02821,0.02472,0.1576,0.15642,0.02772,0.02952,0.00276,0.00163,0.01963,0.01161,0.44792,0.47019
641386,Ben Bowden,Ath,32,47.0,47.0,400,0.21179,0.08754,0.0069,0.01688,0.02953,0.00218,0.03349,0.14885,0.46284,0.06337,0.03559,0.00732,0.00994,0.00659,0.0004,0.00466,0.00897,0.01098,0.19696,0.0963,0.0069,0.03189,0.15629,0.03718,0.00199,0.01688,0.45561,0.25837,0.33054,0.30021,0.25837,0.30021,133,1.16,1.1,1.22,0.83,1.2,0.86,1.08,1.05,1.11,0.915,1.1,0.93,reliever,0.9696969696969697,0.889,4.21134,4.83258,3.74388,4.29616,0.11108,0.1234,4.21249,4.35129,0.68986,0.68986,0.0078,33.957499999999996,0.40486,0.59514,L,0.2192,0.20675,0.09801,0.08042,0.00513,0.0081,0.02731,0.03103,0.1583,0.14241,0.02603,0.03857,0.00141,0.0027,0.02422,0.01189,0.44039,0.47812
650644,Aaron Civale,Ath,32,246.0,2281.0,1289,0.21177,0.07123,0.01138,0.00534,0.02865,0.00342,0.04434,0.14912,0.47475,0.0219,0.01119,0.00218,0.00149,0.00349,0.00033,0.00325,0.00514,0.00648,0.19695,0.07835,0.01138,0.03095,0.15657,0.04922,0.00312,0.00534,0.46811,0.26506,0.3296,0.30858,0.26506,0.30858,133,1.16,1.1,1.22,0.83,1.2,0.86,1.08,1.05,1.11,0.915,1.1,0.93,starter,4.9106395583079365,0.934,4.40677,5.03853,4.11592,4.70599,0.11629,0.12884,4.21039,4.34516,1.13834,1.13834,0.00518,1390.1988371874997,0.49427,0.50573,R,0.23187,0.19213,0.08125,0.06144,0.01038,0.01236,0.0304,0.02694,0.14333,0.15478,0.04762,0.04114,0.00377,0.00307,0.004,0.00665,0.44738,0.50149
702273,Noah Schultz,Chi,23,168.0,168.0,800,0.21159,0.10653,0.01966,0.00632,0.02819,0.00226,0.03334,0.14408,0.44804,0.05021,0.0308,0.0088,0.00466,0.00455,0.00053,0.00357,0.00614,0.00771,0.20841,0.10813,0.01966,0.02776,0.14336,0.03217,0.00195,0.00632,0.45224,0.23702,0.33303,0.28183,0.23702,0.28183,145,0.97,0.99,0.93,0.72,1.03,0.97,0.985,0.995,0.965,0.86,1.015,0.985,starter,4.833333333333333,0.934,4.60985,4.54114,4.3056,4.24142,0.1171,0.11553,4.37423,4.36748,1.96618,1.96618,0.0078,142.79999999999998,0.31522,0.68478,L,0.21843,0.20844,0.09689,0.11096,0.02665,0.01645,0.02584,0.02927,0.14964,0.14152,0.03001,0.03487,0.00203,0.00237,0.00582,0.00655,0.4447,0.44958
801403,Chase Dollander,Col,25,189.0,630.0,800,0.21151,0.10042,0.01391,0.01043,0.03306,0.0029,0.03403,0.14466,0.44907,0.03424,0.02047,0.00439,0.00371,0.00485,0.00043,0.00336,0.00618,0.00767,0.20094,0.10042,0.01391,0.03406,0.15696,0.03795,0.00423,0.01043,0.44112,0.26643,0.34752,0.31102,0.26643,0.31102,115,1.06,1.17,1.23,1.92,1.0,0.9,1.03,1.085,1.115,1.46,1.0,0.95,starter,4.574495941345903,0.934,4.7476,5.35036,4.43426,4.99724,0.12151,0.13316,4.34121,4.46453,1.391,1.391,0.00592,479.2724999999999,0.49398,0.50602,R,0.17576,0.24641,0.1188,0.08249,0.01259,0.0152,0.03732,0.02891,0.15025,0.1392,0.03324,0.03481,0.00391,0.00191,0.01078,0.01008,0.45736,0.44099
622379,Luis F. Castillo,Sea,32,41.0,55.0,400,0.21143,0.09443,0.00649,0.00468,0.03072,0.00204,0.03762,0.14627,0.46631,0.06301,0.03664,0.00689,0.00515,0.00648,0.00035,0.00533,0.00932,0.01146,0.23045,0.09207,0.00649,0.03042,0.13896,0.03593,0.00142,0.00468,0.45958,0.23052,0.30528,0.27726,0.23052,0.27726,136,0.98,0.9,0.91,0.39,0.95,1.18,0.99,0.95,0.955,0.695,0.975,1.09,starter,3.5,0.934,4.47745,4.13563,4.18193,3.86268,0.11655,0.10959,4.26864,4.19308,0.64898,0.64898,0.00786,29.622499999999995,0.39419,0.60581,R,0.20695,0.21434,0.09509,0.09401,0.0046,0.00772,0.03309,0.02918,0.14172,0.14924,0.03583,0.03878,0.00167,0.00228,0.00376,0.00528,0.47731,0.45916
692230,Carlos Rodriguez,Mil,25,42.0,149.0,1200,0.21095,0.09437,0.00383,0.00676,0.02382,0.00221,0.04091,0.14907,0.46808,0.05355,0.03116,0.00407,0.00499,0.00333,0.00032,0.00331,0.00506,0.00642,0.22149,0.09673,0.00383,0.02406,0.14609,0.03825,0.00213,0.00676,0.46065,0.23585,0.31109,0.28817,0.23585,0.28817,158,1.02,0.96,0.87,0.93,1.05,1.1,1.01,0.98,0.935,0.965,1.025,1.05,reliever,2.957886743859723,0.889,4.20845,4.08468,3.74131,3.63128,0.11009,0.10733,4.24767,4.22843,0.38259,0.38259,0.00802,106.83012499999998,0.4298,0.5702,R,0.22777,0.19826,0.09347,0.09504,0.00369,0.00393,0.02287,0.02454,0.15018,0.14824,0.04291,0.03941,0.00317,0.00149,0.0061,0.00726,0.44984,0.48182
685005,Christian Roa,Hou,28,43.0,55.0,800,0.21089,0.10557,0.02871,0.0104,0.02734,0.00197,0.03307,0.14071,0.44135,0.06142,0.03757,0.01432,0.00765,0.00434,0.00024,0.00348,0.00592,0.00737,0.21722,0.10662,0.02871,0.02939,0.13931,0.03257,0.00168,0.0104,0.4341,0.23757,0.33828,0.28562,0.23757,0.28562,117,1.15,0.98,0.97,0.71,1.02,1.06,1.075,0.99,0.985,0.855,1.01,1.03,reliever,1.2976367367154884,0.889,4.61718,4.6885,4.10467,4.16808,0.1167,0.11834,4.39608,4.40218,2.8712,2.8712,0.00777,36.55,0.43922,0.56078,R,0.20859,0.21269,0.10866,0.10314,0.01626,0.03846,0.02939,0.02573,0.13841,0.14251,0.03648,0.03039,0.00318,0.00102,0.00918,0.01135,0.44985,0.43469
681799,Ethan Roberts,Chi,29,77.0,272.0,1200,0.21053,0.08872,0.01669,0.00464,0.02266,0.00243,0.03588,0.1554,0.46305,0.047,0.02662,0.00682,0.00343,0.00339,0.00031,0.00296,0.00527,0.00641,0.21369,0.08916,0.01669,0.02254,0.15229,0.03229,0.00266,0.00464,0.46602,0.23585,0.31564,0.28663,0.23585,0.28663,112,0.99,0.96,0.8,1.19,1.01,1.03,0.995,0.98,0.9,1.095,1.005,1.015,reliever,1.2166297726297726,0.889,4.26656,4.07376,3.79297,3.62157,0.11037,0.10634,4.29506,4.25656,1.66935,1.66935,0.00802,182.95505187499998,0.43779,0.56221,R,0.21176,0.20958,0.11461,0.06856,0.01437,0.01851,0.01911,0.02542,0.14465,0.16377,0.03214,0.03879,0.00348,0.00161,0.00476,0.00454,0.45512,0.46922
702474,Mike Paredes,Min,26,32.0,32.0,400,0.21051,0.08968,0.00782,0.01197,0.02402,0.00204,0.0347,0.15408,0.46517,0.06442,0.03666,0.00829,0.00879,0.00601,0.00035,0.00491,0.00892,0.01093,0.20735,0.08923,0.00782,0.02366,0.15716,0.03661,0.00187,0.01197,0.46431,0.24615,0.31637,0.29646,0.24615,0.29646,142,0.97,1.04,1.11,0.84,0.99,0.97,0.985,1.02,1.055,0.92,0.995,0.985,starter,3.6666666666666665,0.934,4.10308,4.20952,3.83227,3.93169,0.10762,0.10977,4.23617,4.26108,0.78226,0.78226,0.00789,27.2,0.44397,0.55603,R,0.2027,0.21675,0.09131,0.08838,0.0087,0.00712,0.02771,0.02108,0.14245,0.16337,0.03747,0.0325,0.00293,0.00133,0.00972,0.01376,0.477,0.45572
663423,Trent Thornton,Chi,33,62.0,850.0,1200,0.21044,0.07684,0.01169,0.00703,0.02386,0.00172,0.03125,0.16313,0.47404,0.03332,0.01768,0.00352,0.00268,0.00346,0.00019,0.00273,0.00542,0.00641,0.2136,0.07722,0.01169,0.02374,0.15986,0.02812,0.00188,0.00703,0.47684,0.23628,0.30253,0.28478,0.23628,0.28478,112,0.99,0.96,0.8,1.19,1.01,1.03,0.995,0.98,0.9,1.095,1.005,1.015,reliever,1.1582041694796115,0.889,4.01606,3.83723,3.57028,3.4113,0.10593,0.10208,4.2125,4.17651,1.16948,1.16948,0.00847,512.4138353124999,0.44837,0.55163,R,0.22126,0.20165,0.08775,0.06797,0.00766,0.01497,0.02281,0.02471,0.16722,0.1598,0.03485,0.02831,0.00264,0.00097,0.00777,0.00643,0.44803,0.49519
671096,Andrew Abbott,Cin,28,322.0,2051.0,1311,0.2104,0.08338,0.00323,0.00637,0.02369,0.00234,0.03334,0.15306,0.4842,0.02201,0.01212,0.00123,0.00171,0.0031,0.0004,0.00265,0.00516,0.00609,0.21356,0.08629,0.00323,0.02642,0.14924,0.03367,0.002,0.00637,0.47923,0.23374,0.30085,0.27842,0.23374,0.27842,113,1.23,0.95,1.02,0.71,1.07,1.03,1.115,0.975,1.01,0.855,1.035,1.015,starter,5.572410948859362,0.934,3.83447,3.94628,3.58139,3.68583,0.10252,0.10524,4.1557,4.16647,0.32267,0.32267,0.00581,1367.36811875,0.26507,0.73493,L,0.23898,0.20009,0.06287,0.09077,0.00505,0.00257,0.01672,0.02621,0.17217,0.14617,0.03174,0.03391,0.00241,0.00231,0.00671,0.00624,0.46334,0.49172
622663,Luis Severino,Ath,33,271.0,2559.0,1506,0.21007,0.08144,0.01473,0.00404,0.02403,0.00264,0.03703,0.16428,0.46175,0.02046,0.01115,0.00234,0.00123,0.00309,0.00027,0.00275,0.00497,0.00589,0.19536,0.08958,0.01473,0.02595,0.17249,0.0411,0.00241,0.00404,0.45433,0.27136,0.34627,0.32224,0.27136,0.32224,133,1.16,1.1,1.22,0.83,1.2,0.86,1.08,1.05,1.11,0.915,1.1,0.93,starter,5.63979277772027,0.934,4.44292,5.07985,4.14968,4.74458,0.11454,0.12667,4.31009,4.45599,1.47314,1.47314,0.00534,1604.4388828124997,0.49819,0.50181,R,0.1948,0.22522,0.08518,0.07772,0.01557,0.0139,0.02552,0.02255,0.17442,0.15421,0.03749,0.03656,0.00388,0.0014,0.00318,0.00489,0.45995,0.46354
665152,Dean Kremer,Bal,31,43.0,2551.0,1307,0.21,0.0739,0.00603,0.00517,0.02934,0.0033,0.03761,0.15096,0.48368,0.0211,0.01101,0.00151,0.00139,0.00355,0.00043,0.00298,0.0052,0.00648,0.2079,0.07131,0.00603,0.03066,0.15398,0.0378,0.00364,0.00517,0.4835,0.24642,0.30343,0.28785,0.24642,0.28785,110,1.09,1.04,1.01,1.21,0.93,0.98,1.045,1.02,1.005,1.105,0.965,0.99,starter,5.485567903477949,0.934,4.19402,4.31993,3.91722,4.03481,0.1118,0.11478,4.16823,4.18192,0.60343,0.60343,0.00805,1498.5428387499999,0.52061,0.47939,R,0.21478,0.2048,0.08452,0.06236,0.00449,0.00771,0.03455,0.02368,0.14444,0.15805,0.03677,0.03853,0.00452,0.00197,0.00454,0.00586,0.47138,0.49704
702275,JR Ritchie,Atl,24,114.0,114.0,400,0.20961,0.10568,0.01998,0.0035,0.03163,0.00203,0.03317,0.14239,0.45202,0.05449,0.03342,0.01002,0.00385,0.00703,0.00037,0.00485,0.00855,0.01098,0.2138,0.10515,0.01998,0.03068,0.14524,0.03234,0.00195,0.0035,0.44736,0.24123,0.33533,0.28637,0.24123,0.28637,144,0.94,1.04,0.95,0.92,0.99,1.04,0.97,1.02,0.975,0.96,0.995,1.02,starter,5.133333333333334,0.934,4.75447,4.71687,4.44067,4.40555,0.12062,0.11958,4.37961,4.38264,1.998,1.998,0.0071,96.89999999999999,0.50637,0.49363,R,0.20423,0.21513,0.11668,0.09439,0.02361,0.01626,0.03658,0.02655,0.14223,0.14255,0.03322,0.03313,0.00243,0.00161,0.00332,0.00369,0.43772,0.46669
685326,McCade Brown,Col,26,126.0,126.0,400,0.2096,0.10278,0.02852,0.0074,0.03643,0.00194,0.03438,0.13465,0.44429,0.05515,0.03341,0.01157,0.00545,0.00727,0.0003,0.00504,0.00829,0.01082,0.19912,0.10278,0.02852,0.03752,0.1461,0.03834,0.00284,0.0074,0.43738,0.261,0.3561,0.2998,0.261,0.2998,115,1.06,1.17,1.23,1.92,1.0,0.9,1.03,1.085,1.115,1.46,1.0,0.95,starter,3.6666666666666665,0.934,5.02102,5.60305,4.68964,5.23325,0.12665,0.13761,4.40507,4.52402,2.85249,2.85249,0.0082,91.035,0.44479,0.55521,R,0.1947,0.22153,0.12098,0.0882,0.03874,0.02034,0.03659,0.0363,0.14123,0.12938,0.03216,0.03617,0.00245,0.00153,0.00634,0.00824,0.42681,0.45829
676092,Collin Snider,Sea,31,119.0,534.0,1200,0.20951,0.08382,0.00794,0.00584,0.02949,0.0024,0.03819,0.15143,0.47137,0.04007,0.02216,0.00358,0.00298,0.0038,0.0003,0.00312,0.00532,0.00668,0.22836,0.08172,0.00794,0.0292,0.14386,0.03648,0.00167,0.00584,0.46493,0.2335,0.30087,0.28134,0.2335,0.28134,136,0.98,0.9,0.91,0.39,0.95,1.18,0.99,0.95,0.955,0.695,0.975,1.09,reliever,1.036908510592721,0.889,4.4041,4.05932,3.91524,3.60873,0.11536,0.10825,4.24191,4.16659,0.79416,0.79416,0.00693,306.3547209375,0.42623,0.57377,R,0.20503,0.21283,0.08486,0.08305,0.01049,0.00605,0.03171,0.02784,0.1543,0.1493,0.04198,0.03538,0.00273,0.00216,0.00658,0.00529,0.46232,0.47809
802419,Thomas Harrington,Pit,25,50.0,50.0,400,0.20932,0.09429,0.00674,0.0107,0.03074,0.00202,0.03931,0.14369,0.46318,0.06273,0.03659,0.00715,0.00787,0.00663,0.00039,0.00564,0.00858,0.01093,0.20723,0.09381,0.00674,0.02782,0.14513,0.04265,0.00181,0.0107,0.46409,0.24464,0.31797,0.29004,0.24464,0.29004,134,0.81,1.02,1.17,0.79,0.99,0.98,0.905,1.01,1.085,0.895,0.995,0.99,reliever,2.888888888888889,0.889,4.48212,4.44699,3.9846,3.95337,0.1168,0.11569,4.26376,4.2711,0.67394,0.67394,0.01005,36.12499999999999,0.396,0.604,R,0.21829,0.20345,0.09873,0.09138,0.00495,0.00791,0.02937,0.03164,0.14286,0.14424,0.03518,0.04202,0.00165,0.00227,0.014,0.00854,0.45498,0.46855
680736,Justin Wrobleski,Los,26,274.0,708.0,1200,0.20916,0.0684,0.00873,0.00582,0.02368,0.00247,0.03676,0.15845,0.48653,0.03281,0.01654,0.00331,0.00264,0.00341,0.00026,0.00315,0.00535,0.00649,0.2102,0.06909,0.00873,0.02723,0.1529,0.03548,0.00206,0.00582,0.48848,0.23754,0.29549,0.28051,0.23754,0.28051,119,1.3,0.93,0.93,0.67,1.02,1.01,1.15,0.965,0.965,0.835,1.01,1.005,starter,4.652704977604923,0.934,3.92867,3.95499,3.66938,3.69396,0.10512,0.10628,4.15251,4.1348,0.8726,0.8726,0.00631,529.7752499999999,0.31278,0.68722,L,0.21313,0.20735,0.07211,0.06672,0.01245,0.00703,0.02883,0.02134,0.14882,0.16283,0.03248,0.03872,0.00392,0.00181,0.00734,0.00513,0.48092,0.48908
668964,Tobias Myers,New,28,134.0,923.0,1212,0.20906,0.06654,0.00785,0.0075,0.02733,0.00321,0.03652,0.15209,0.4899,0.03078,0.01532,0.00279,0.00267,0.0035,0.00048,0.00289,0.00546,0.00663,0.21219,0.0692,0.00785,0.02761,0.14904,0.03524,0.00288,0.0075,0.48849,0.23461,0.29182,0.27701,0.23461,0.27701,121,1.02,0.96,0.93,0.79,1.08,1.03,1.01,0.98,0.965,0.895,1.04,1.015,starter,3.7724239929174486,0.934,3.97255,3.90258,3.71036,3.64501,0.10705,0.10542,4.12341,4.11338,0.78526,0.78526,0.00606,622.287125,0.47551,0.52449,R,0.20657,0.21131,0.07429,0.05951,0.00713,0.0085,0.02728,0.02739,0.1542,0.15017,0.03103,0.0415,0.00374,0.00273,0.00815,0.00691,0.48761,0.49198
682610,Roddery Muñoz,Hou,27,25.0,455.0,1200,0.20893,0.11316,0.01098,0.01186,0.03884,0.00298,0.03518,0.13793,0.44014,0.04073,0.02577,0.0045,0.00451,0.00426,0.00034,0.00287,0.00508,0.00644,0.2152,0.11429,0.01098,0.04175,0.13655,0.03465,0.00255,0.01186,0.43216,0.24975,0.34078,0.28676,0.24975,0.28676,117,1.15,0.98,0.97,0.71,1.02,1.06,1.075,0.99,0.985,0.855,1.01,1.03,starter,3.982958874579547,0.934,5.16984,5.29003,4.82863,4.94089,0.13033,0.13302,4.40745,4.41885,1.09834,1.09834,0.01103,290.850875,0.45496,0.54504,R,0.20497,0.21223,0.11299,0.1133,0.01136,0.01067,0.04482,0.03385,0.13283,0.14218,0.03832,0.03256,0.00359,0.00248,0.01556,0.00877,0.43556,0.44396
656186,Dan Altavilla,Chi,34,120.0,141.0,1200,0.20892,0.10085,0.02659,0.00314,0.03053,0.00254,0.0375,0.13718,0.45276,0.05413,0.03256,0.0108,0.00346,0.00374,0.00029,0.00303,0.0045,0.006,0.20579,0.10236,0.02659,0.03007,0.1365,0.03618,0.00218,0.00314,0.45719,0.23612,0.33388,0.27666,0.23612,0.27666,145,0.97,0.99,0.93,0.72,1.03,0.97,0.985,0.995,0.965,0.86,1.015,0.985,reliever,1.0063706229767466,0.889,4.78927,4.70988,4.25766,4.18709,0.12145,0.11967,4.38164,4.3731,2.65888,2.65888,0.00826,86.69999999999999,0.46334,0.53666,R,0.2306,0.1902,0.0988,0.10262,0.02487,0.02807,0.03654,0.02533,0.12497,0.14773,0.03556,0.03916,0.00316,0.002,0.00305,0.00321,0.44244,0.46167
678606,José A. Ferrer,Sea,27,132.0,727.0,1200,0.20889,0.0623,0.01719,0.00569,0.01707,0.00188,0.03467,0.16296,0.48934,0.03355,0.0162,0.00457,0.00258,0.00288,0.00021,0.00298,0.00501,0.00613,0.22769,0.06074,0.01719,0.0169,0.15482,0.03311,0.00131,0.00569,0.48255,0.22495,0.28407,0.28169,0.22495,0.28169,136,0.98,0.9,0.91,0.39,0.95,1.18,0.99,0.95,0.955,0.695,0.975,1.09,reliever,1.016300803562941,0.889,3.60716,3.2997,3.20677,2.93343,0.09685,0.09011,4.13827,4.06885,1.71947,1.71947,0.01132,499.6370124999999,0.38471,0.61529,L,0.20836,0.20922,0.05366,0.0677,0.01165,0.02066,0.01697,0.01713,0.14087,0.17678,0.03224,0.0362,0.00208,0.00176,0.00604,0.00547,0.52814,0.46508
622503,Nabil Crismatt,Ari,32,153.0,524.0,800,0.20879,0.07456,0.00807,0.00904,0.01911,0.00282,0.03742,0.16478,0.47541,0.04101,0.02152,0.00364,0.00373,0.0039,0.00045,0.0039,0.007,0.0082,0.19835,0.07381,0.00807,0.01835,0.16643,0.04022,0.00431,0.00904,0.48142,0.25224,0.31119,0.30469,0.25224,0.30469,109,0.92,1.02,1.15,2.05,0.98,0.9,0.96,1.01,1.075,1.525,0.99,0.95,starter,3.825531914893617,0.934,3.9399,4.09876,3.67987,3.82824,0.10418,0.10769,4.20206,4.22906,0.80731,0.80731,0.00759,284.67764374999996,0.41161,0.58839,R,0.16055,0.24253,0.09121,0.06291,0.0058,0.00966,0.02418,0.01557,0.15814,0.16943,0.03218,0.04108,0.00352,0.00234,0.00842,0.00947,0.51601,0.44701
665625,Elvis Peguero,Chi,30,47.0,603.0,800,0.20868,0.1006,0.01153,0.0039,0.02013,0.00275,0.03619,0.15606,0.46016,0.03865,0.02323,0.00408,0.00232,0.00381,0.0005,0.00377,0.00647,0.00778,0.20555,0.1021,0.01153,0.01983,0.15528,0.03492,0.00237,0.0039,0.46452,0.24069,0.32603,0.29306,0.24069,0.29306,145,0.97,0.99,0.93,0.72,1.03,0.97,0.985,0.995,0.965,0.86,1.015,0.985,reliever,1.0188071840054218,0.889,4.2724,4.20218,3.79816,3.73574,0.10963,0.10803,4.33005,4.32217,1.15317,1.15317,0.01193,339.07475906249994,0.39873,0.60127,R,0.23383,0.192,0.09534,0.10408,0.01118,0.01176,0.01925,0.02071,0.14383,0.16416,0.0392,0.03419,0.00443,0.00165,0.00424,0.00367,0.44869,0.46777
687377,Orlando Ribalta,Was,29,71.0,214.0,1200,0.20843,0.10268,0.00978,0.00844,0.02811,0.0022,0.03366,0.14681,0.45989,0.04844,0.02939,0.00573,0.005,0.00368,0.00033,0.00291,0.00502,0.00634,0.20218,0.10063,0.00978,0.02811,0.15121,0.03333,0.00215,0.00844,0.46417,0.24377,0.32521,0.28684,0.24377,0.28684,120,1.0,1.06,0.98,0.96,0.96,0.94,1.0,1.03,0.99,0.98,0.98,0.97,reliever,1.0514617779755577,0.889,4.41554,4.4769,3.92541,3.97996,0.11398,0.11523,4.30435,4.31691,0.97827,0.97827,0.00662,147.04999999999998,0.42271,0.57729,R,0.20709,0.20941,0.12372,0.08728,0.00829,0.01088,0.02833,0.02795,0.14079,0.15122,0.0335,0.03379,0.00285,0.00172,0.00641,0.00993,0.44902,0.46784
661527,Seth Martinez,Mia,32,27.0,599.0,800,0.20833,0.08783,0.01749,0.00392,0.02224,0.00272,0.03943,0.15093,0.4671,0.03914,0.02215,0.00503,0.00233,0.00397,0.00054,0.00374,0.00663,0.00805,0.20521,0.08783,0.01749,0.02079,0.15168,0.04062,0.0032,0.00392,0.46926,0.24281,0.32161,0.29408,0.24281,0.29408,146,0.87,1.01,1.06,1.35,1.0,0.97,0.935,1.005,1.03,1.175,1.0,0.985,reliever,1.1858409107274956,0.889,4.27977,4.28024,3.80472,3.80513,0.1109,0.11076,4.28787,4.29399,1.74906,1.74906,0.00534,326.40879218749996,0.41648,0.58352,R,0.16463,0.23953,0.11277,0.07003,0.00872,0.02375,0.02539,0.01999,0.17331,0.13495,0.03473,0.04279,0.00426,0.00162,0.00412,0.00378,0.47206,0.46357
806188,Cade Gibson,Mia,29,43.0,273.0,800,0.20829,0.08807,0.02798,0.00463,0.01594,0.00201,0.03537,0.15787,0.45984,0.04548,0.02577,0.00876,0.00342,0.00334,0.00026,0.00391,0.00615,0.0074,0.20517,0.08807,0.02798,0.0149,0.15866,0.03643,0.00237,0.00463,0.4618,0.2415,0.3284,0.29951,0.2415,0.29951,146,0.87,1.01,1.06,1.35,1.0,0.97,0.935,1.005,1.03,1.175,1.0,0.985,reliever,1.2741807433464023,0.889,4.0952,4.11051,3.64064,3.65424,0.10509,0.1053,4.3299,4.33743,2.79777,2.79777,0.01156,202.72499999999997,0.45243,0.54757,L,0.20286,0.21278,0.09871,0.07928,0.02207,0.03286,0.01979,0.01276,0.13883,0.17361,0.03979,0.03172,0.00283,0.00134,0.00401,0.00514,0.47112,0.45052
674944,Sean Guenther,Det,31,43.0,116.0,800,0.20829,0.07673,0.01467,0.00347,0.02401,0.00258,0.03353,0.1619,0.47482,0.05683,0.03025,0.00857,0.00382,0.00431,0.00048,0.00375,0.00686,0.00808,0.20725,0.07634,0.01467,0.02413,0.16271,0.03219,0.00328,0.00347,0.47596,0.2455,0.31332,0.29397,0.2455,0.29397,116,1.01,1.01,0.92,1.54,0.99,0.99,1.005,1.005,0.96,1.27,0.995,0.995,reliever,1.2033423133363996,0.889,4.17356,4.17876,3.71029,3.71492,0.1093,0.10945,4.24276,4.24215,1.46741,1.46741,0.00732,75.89862499999998,0.43354,0.56646,L,0.20508,0.21074,0.07859,0.0753,0.01645,0.01331,0.02437,0.02373,0.16379,0.16046,0.0336,0.03347,0.00363,0.00178,0.00343,0.0035,0.47106,0.4777
806960,Luis Morales,Ath,24,55.0,254.0,800,0.20827,0.10483,0.00861,0.00486,0.02906,0.00189,0.03289,0.15142,0.45817,0.04629,0.02835,0.00505,0.00359,0.00459,0.00026,0.00342,0.00657,0.00792,0.19369,0.11531,0.00861,0.03138,0.159,0.0365,0.00173,0.00486,0.44891,0.26241,0.35253,0.30524,0.26241,0.30524,133,1.16,1.1,1.22,0.83,1.2,0.86,1.08,1.05,1.11,0.915,1.1,0.93,starter,4.5434874716925995,0.934,4.55746,5.24403,4.25667,4.89793,0.1167,0.12951,4.33933,4.49908,0.86112,0.86112,0.00916,190.52749999999997,0.46256,0.53744,R,0.20741,0.209,0.1224,0.0897,0.00793,0.00919,0.02383,0.03356,0.15104,0.15176,0.03204,0.03362,0.00223,0.0016,0.0054,0.0044,0.44771,0.46718
670245,Ryan Watson,Bos,29,164.0,164.0,400,0.2082,0.09016,0.01179,0.00641,0.03043,0.00173,0.03555,0.1503,0.46544,0.0502,0.02876,0.0069,0.00473,0.00663,0.00025,0.00496,0.0091,0.01115,0.20612,0.08926,0.01179,0.028,0.15406,0.03857,0.00165,0.00641,0.46417,0.24903,0.32331,0.29505,0.24903,0.29505,111,0.84,1.05,1.17,0.9,0.98,0.98,0.92,1.025,1.085,0.95,0.99,0.99,reliever,1.6666666666666665,0.889,4.49698,4.53316,3.99782,4.02998,0.11665,0.11701,4.28354,4.30479,1.17874,1.17874,0.00669,139.4,0.42857,0.57143,R,0.18556,0.22518,0.11347,0.07267,0.0113,0.01215,0.02463,0.03478,0.15167,0.14927,0.03698,0.03448,0.00275,0.00097,0.00742,0.00565,0.46622,0.46485
692285,Luis Guerrero,Bos,26,72.0,108.0,1200,0.20816,0.10634,0.00466,0.01237,0.02171,0.00199,0.03489,0.15414,0.45574,0.05705,0.03517,0.00495,0.0073,0.00328,0.00023,0.00299,0.00519,0.00632,0.20608,0.10528,0.00466,0.01998,0.15799,0.03785,0.00189,0.01237,0.4539,0.24805,0.32765,0.30344,0.24805,0.30344,111,0.84,1.05,1.17,0.9,0.98,0.98,0.92,1.025,1.085,0.95,0.99,0.99,reliever,1.2602150537634407,0.889,4.20791,4.28151,3.74083,3.80626,0.10854,0.1098,4.30748,4.33259,0.46602,0.46602,0.00734,74.12849999999999,0.41883,0.58117,R,0.19618,0.21679,0.1129,0.10162,0.00437,0.00487,0.02242,0.02121,0.15861,0.15092,0.0361,0.03401,0.00256,0.00157,0.01405,0.01115,0.4528,0.45786
690990,Cade Horton,Chi,25,26.0,502.0,800,0.20811,0.07371,0.01181,0.00614,0.02373,0.00258,0.03237,0.15929,0.48227,0.03759,0.01965,0.00448,0.00313,0.00386,0.00033,0.00318,0.0066,0.00777,0.21123,0.07408,0.01181,0.02361,0.1561,0.02913,0.00282,0.00614,0.48508,0.23312,0.29756,0.27937,0.23312,0.27937,112,0.99,0.96,0.8,1.19,1.01,1.03,0.995,0.98,0.9,1.095,1.005,1.015,starter,5.030704530051481,0.934,3.95101,3.77536,3.69025,3.52619,0.10497,0.10116,4.18224,4.14695,1.18147,1.18147,0.00587,366.01,0.50142,0.49858,R,0.19185,0.22446,0.07571,0.0717,0.00782,0.01583,0.02378,0.02368,0.17463,0.14385,0.03037,0.03437,0.00343,0.00172,0.00765,0.00462,0.48475,0.47977
680880,Grant Holman,Ath,27,103.0,176.0,800,0.20803,0.09107,0.01123,0.00277,0.02247,0.00254,0.04149,0.15185,0.46854,0.05203,0.02995,0.00657,0.00305,0.00392,0.00038,0.00423,0.00656,0.00802,0.19347,0.10018,0.01123,0.02427,0.15944,0.04606,0.00233,0.00277,0.46025,0.26202,0.34351,0.31108,0.26202,0.31108,133,1.16,1.1,1.22,0.83,1.2,0.86,1.08,1.05,1.11,0.915,1.1,0.93,reliever,0.9812543362336845,0.889,4.31816,4.96171,3.83885,4.41096,0.11189,0.12424,4.28803,4.43726,1.12349,1.12349,0.00874,119.24862499999998,0.41755,0.58245,R,0.21691,0.20166,0.09836,0.08585,0.00866,0.01308,0.02112,0.02344,0.14717,0.15521,0.04199,0.04114,0.0033,0.002,0.00278,0.00276,0.45971,0.47487
656212,Charlie Barnes,Los,31,25.0,25.0,400,0.2079,0.0928,0.01787,0.00565,0.02255,0.00226,0.03802,0.15032,0.46264,0.06523,0.03787,0.01287,0.0062,0.00571,0.00048,0.00539,0.00875,0.01088,0.20894,0.09373,0.01787,0.02594,0.14506,0.03669,0.00188,0.00565,0.46425,0.2374,0.32116,0.28343,0.2374,0.28343,119,1.3,0.93,0.93,0.67,1.02,1.01,1.15,0.965,0.965,0.835,1.01,1.005,reliever,1.6666666666666667,0.889,4.30794,4.3347,3.82976,3.85355,0.11111,0.11224,4.30797,4.29114,1.78679,1.78679,0.00796,21.25,0.40889,0.59111,L,0.2079,0.2079,0.0928,0.0928,0.01787,0.01787,0.02255,0.02255,0.15032,0.15032,0.03802,0.03802,0.00226,0.00226,0.00565,0.00565,0.46264,0.46264
663992,Richard Lovelady,Was,31,128.0,428.0,1200,0.20771,0.10208,0.02338,0.01244,0.02439,0.00178,0.03311,0.1485,0.44662,0.04066,0.02464,0.0067,0.00473,0.00346,0.00024,0.00297,0.00499,0.00613,0.20148,0.10004,0.02338,0.02439,0.15296,0.03277,0.00174,0.01244,0.4508,0.24517,0.33528,0.29372,0.24517,0.29372,120,1.0,1.06,0.98,0.96,0.96,0.94,1.0,1.03,0.99,0.98,0.98,0.97,reliever,1.0244575601104893,0.889,4.45084,4.5153,3.9568,4.0141,0.1132,0.11448,4.36882,4.38227,2.33782,2.33782,0.00625,290.371475,0.43985,0.56015,L,0.20748,0.20788,0.09866,0.10476,0.03292,0.01588,0.02006,0.02778,0.15128,0.14632,0.03233,0.03371,0.0023,0.00137,0.01284,0.01213,0.44213,0.45015
663362,Matt Waldron,San,30,110.0,933.0,1239,0.20746,0.07286,0.0137,0.00553,0.02717,0.00269,0.03959,0.15379,0.47721,0.03145,0.01637,0.00365,0.00228,0.00358,0.00031,0.0034,0.00547,0.00667,0.20954,0.07323,0.0137,0.02812,0.15071,0.03721,0.00232,0.00553,0.47965,0.24061,0.30529,0.28399,0.24061,0.28399,135,1.07,0.96,0.88,0.72,1.01,1.02,1.035,0.98,0.94,0.86,1.005,1.01,starter,5.1391189421871415,0.934,4.30472,4.19171,4.02061,3.91505,0.11333,0.11107,4.22052,4.19311,1.36981,1.36981,0.00859,585.6977062499999,0.5,0.5,R,0.20118,0.21375,0.089,0.05673,0.0098,0.0176,0.02785,0.02649,0.14914,0.15844,0.04721,0.03197,0.00319,0.0022,0.00478,0.00627,0.46786,0.48655
621244,José Berríos,Tor,33,698.0,3019.0,1072,0.20738,0.07089,0.01319,0.00313,0.0307,0.00269,0.03442,0.16034,0.47727,0.01967,0.01011,0.00205,0.001,0.00407,0.00034,0.00303,0.00599,0.00724,0.20427,0.07018,0.01319,0.03223,0.16034,0.03511,0.00232,0.00313,0.47924,0.25177,0.31336,0.29211,0.25177,0.29211,141,1.1,1.0,1.04,0.72,0.98,0.97,1.05,1.0,1.02,0.86,0.99,0.985,starter,5.680123963362863,0.934,4.43695,4.5256,4.14411,4.22691,0.1164,0.11853,4.23539,4.2424,1.31901,1.31901,0.00417,1729.3262378124996,0.5196,0.4804,R,0.20805,0.20665,0.08625,0.05428,0.01103,0.01553,0.03102,0.03035,0.15895,0.16183,0.03037,0.03879,0.00396,0.00133,0.00348,0.00275,0.46689,0.4885
641540,Dane Dunning,Atl,32,95.0,1909.0,800,0.20735,0.08537,0.01552,0.00829,0.03422,0.00299,0.03808,0.14795,0.46022,0.02513,0.01406,0.00277,0.00201,0.0051,0.00051,0.00373,0.00625,0.00794,0.2115,0.08495,0.01552,0.03319,0.15091,0.03713,0.00287,0.00829,0.45564,0.25145,0.32457,0.29528,0.25145,0.29528,144,0.94,1.04,0.95,0.92,0.99,1.04,0.97,1.02,0.975,0.96,0.995,1.02,reliever,3.260220241732156,0.889,4.8086,4.76521,4.27484,4.23627,0.12396,0.12277,4.31007,4.31284,1.55234,1.55234,0.00792,1001.7989021874998,0.46229,0.53771,R,0.19733,0.21597,0.10236,0.07077,0.01297,0.01772,0.03323,0.03507,0.14184,0.15321,0.04111,0.03547,0.00444,0.00174,0.0085,0.00811,0.45821,0.46194
621366,Ryan Borucki,San,33,104.0,563.0,1200,0.20732,0.08175,0.01691,0.00559,0.02548,0.00222,0.03806,0.15375,0.46891,0.03802,0.02086,0.00508,0.00285,0.00358,0.00024,0.00309,0.00526,0.00649,0.20421,0.07889,0.01691,0.02267,0.15606,0.03958,0.00261,0.00559,0.47346,0.24586,0.31673,0.29514,0.24586,0.29514,137,0.78,1.03,1.08,1.35,0.93,0.97,0.89,1.015,1.04,1.175,0.965,0.985,reliever,0.9714975880015195,0.889,4.34746,4.26113,3.86489,3.78814,0.11306,0.11105,4.27237,4.26332,1.69147,1.69147,0.01047,353.0791146874999,0.444,0.556,L,0.22477,0.19339,0.09432,0.07172,0.02192,0.01292,0.01615,0.03292,0.13752,0.16671,0.02842,0.04575,0.00283,0.00173,0.00629,0.00503,0.46777,0.46981
472610,Luis García,Min,40,74.0,1087.0,1200,0.20728,0.08295,0.0136,0.00482,0.02655,0.00225,0.03803,0.15892,0.4656,0.03031,0.01675,0.00339,0.00199,0.00367,0.00023,0.00306,0.00543,0.0066,0.20417,0.08254,0.0136,0.02615,0.1621,0.04012,0.00207,0.00482,0.46443,0.25631,0.32658,0.30549,0.25631,0.30549,142,0.97,1.04,1.11,0.84,0.99,0.97,0.985,1.02,1.055,0.92,0.995,0.985,reliever,0.9725502812359317,0.889,4.49155,4.60843,3.99299,4.0969,0.11611,0.11837,4.29836,4.32566,1.36042,1.36042,0.01588,641.5255946874998,0.44284,0.55716,R,0.2001,0.213,0.1024,0.06749,0.01373,0.0135,0.0244,0.02825,0.16207,0.15642,0.03344,0.04167,0.00189,0.00253,0.0055,0.00428,0.45646,0.47286
642216,Allan Winans,New,31,46.0,228.0,800,0.20723,0.0755,0.01583,0.01385,0.03095,0.00198,0.03788,0.14784,0.46895,0.05077,0.02687,0.0071,0.00626,0.00472,0.00022,0.00374,0.00631,0.00796,0.2093,0.08191,0.01583,0.03358,0.14193,0.03656,0.00173,0.01385,0.46531,0.24064,0.31153,0.27917,0.24064,0.27917,147,1.17,0.92,0.93,0.75,1.17,1.02,1.085,0.96,0.965,0.875,1.085,1.01,reliever,3.4080500058418037,0.889,4.38125,4.45015,3.89493,3.95619,0.11531,0.11686,4.22158,4.23115,1.58316,1.58316,0.00676,132.01700624999998,0.43554,0.56446,R,0.20265,0.21077,0.07831,0.07333,0.01442,0.01692,0.03645,0.02669,0.15342,0.14353,0.03986,0.03636,0.00255,0.00154,0.0154,0.01265,0.45693,0.47822
683742,Jose Franco,Cin,26,79.0,79.0,400,0.20701,0.11233,0.00551,0.00914,0.02765,0.00209,0.04227,0.13915,0.45484,0.05784,0.0366,0.00585,0.00673,0.00613,0.00038,0.0055,0.00861,0.011,0.21012,0.11626,0.00551,0.03083,0.13568,0.04269,0.00179,0.00914,0.44799,0.24277,0.33275,0.28681,0.24277,0.28681,113,1.23,0.95,1.02,0.71,1.07,1.03,1.115,0.975,1.01,0.855,1.035,1.015,reliever,1.851851851851852,0.889,4.60681,4.78646,4.09545,4.25516,0.11791,0.12182,4.3413,4.36571,0.55102,0.55102,0.00741,67.14999999999999,0.43728,0.56272,R,0.20125,0.21149,0.12574,0.1019,0.00508,0.00585,0.02593,0.029,0.13779,0.14022,0.04577,0.03954,0.0021,0.00209,0.00764,0.01031,0.44871,0.45961
642239,Rob Zastryzny,Mil,35,93.0,235.0,800,0.20696,0.09415,0.00913,0.00794,0.02404,0.00217,0.03663,0.15509,0.4639,0.04981,0.02915,0.00535,0.0047,0.00439,0.00043,0.00391,0.00694,0.00824,0.21731,0.0965,0.00913,0.02428,0.15199,0.03425,0.00209,0.00794,0.45651,0.23985,0.31824,0.29205,0.23985,0.29205,158,1.02,0.96,0.87,0.93,1.05,1.1,1.01,0.98,0.935,0.965,1.025,1.05,reliever,0.8474559620088551,0.889,4.31036,4.19232,3.83191,3.72697,0.1116,0.10902,4.29141,4.27275,0.91306,0.91306,0.01011,135.63673124999997,0.45652,0.54348,L,0.23488,0.18351,0.09107,0.09674,0.00754,0.01047,0.02191,0.02582,0.15565,0.15462,0.03345,0.0393,0.00272,0.0017,0.00783,0.00804,0.44496,0.4798
656557,Tanner Houck,Bos,31,203.0,1656.0,921,0.20659,0.07735,0.01951,0.00666,0.02469,0.00187,0.03346,0.17071,0.45916,0.02563,0.01373,0.00332,0.00193,0.00402,0.00027,0.00338,0.00632,0.00747,0.20452,0.07658,0.01951,0.02272,0.17498,0.0363,0.00178,0.00666,0.45696,0.26277,0.33187,0.31799,0.26277,0.31799,111,0.84,1.05,1.17,0.9,0.98,0.98,0.92,1.025,1.085,0.95,0.99,0.99,starter,5.709075526259297,0.934,4.49489,4.56736,4.19822,4.26591,0.11528,0.1164,4.33222,4.3599,1.95139,1.95139,0.00609,954.2464809374999,0.51745,0.48255,R,0.19183,0.22241,0.09182,0.06183,0.02042,0.01855,0.02942,0.01963,0.16309,0.17888,0.03577,0.03098,0.00225,0.00146,0.00812,0.00509,0.45729,0.46117
672578,Carlos Hernández,Cle,30,203.0,898.0,800,0.20658,0.10476,0.00601,0.01259,0.03153,0.00228,0.03003,0.14941,0.4568,0.03339,0.02051,0.00247,0.00349,0.00461,0.00032,0.00291,0.00646,0.00775,0.21175,0.10633,0.00601,0.03058,0.14792,0.03063,0.00172,0.01259,0.45247,0.24095,0.32319,0.28491,0.24095,0.28491,114,0.94,0.98,1.04,0.51,1.03,1.05,0.97,0.99,1.02,0.755,1.015,1.025,reliever,1.0769897045217427,0.889,4.52047,4.44556,4.0187,3.9521,0.11656,0.11476,4.3093,4.30403,0.60083,0.60083,0.01257,500.5171131249999,0.45489,0.54511,R,0.21577,0.19892,0.12133,0.09094,0.00636,0.00572,0.02853,0.03402,0.13518,0.16129,0.03033,0.02978,0.00297,0.00171,0.01107,0.01387,0.44847,0.46376
621057,Justin Garza,New,33,28.0,119.0,800,0.20642,0.08946,0.00943,0.00761,0.02617,0.00212,0.03086,0.15839,0.46955,0.0577,0.03304,0.00683,0.00561,0.00431,0.00027,0.00333,0.00661,0.00783,0.20952,0.09304,0.00943,0.02644,0.15522,0.02978,0.00189,0.00761,0.46708,0.23972,0.31579,0.28578,0.23972,0.28578,121,1.02,0.96,0.93,0.79,1.08,1.03,1.01,0.98,0.965,0.895,1.04,1.015,reliever,1.3333333333333335,0.889,4.22837,4.18038,3.75902,3.71635,0.11025,0.1091,4.26141,4.25748,0.94278,0.94278,0.01005,67.73256874999998,0.42982,0.57018,R,0.2166,0.19874,0.09645,0.08419,0.0097,0.00922,0.02583,0.02644,0.15266,0.1627,0.02974,0.03171,0.00234,0.00195,0.00836,0.00705,0.45832,0.47801
690928,Hunter Dobbins,St.,27,53.0,309.0,800,0.20609,0.08085,0.00739,0.00191,0.02927,0.00243,0.04533,0.14611,0.48062,0.04365,0.02389,0.00434,0.00211,0.00457,0.00034,0.00442,0.00618,0.00792,0.19578,0.07762,0.00739,0.02634,0.15195,0.04669,0.00209,0.00191,0.49022,0.24869,0.31208,0.29051,0.24869,0.29051,138,0.8,1.08,1.06,0.72,0.92,0.9,0.9,1.04,1.03,0.86,0.96,0.95,starter,4.620346756815532,0.934,4.46222,4.41405,4.16771,4.12273,0.11721,0.11582,4.23019,4.23452,0.73936,0.73936,0.00596,230.01,0.45776,0.54224,R,0.19451,0.21586,0.09002,0.07311,0.00557,0.00894,0.02807,0.03029,0.14407,0.14783,0.04934,0.04195,0.0034,0.00161,0.00189,0.00193,0.48314,0.4785
571927,Steven Matz,Tam,36,201.0,1356.0,1200,0.20604,0.06782,0.00757,0.00462,0.0271,0.00192,0.03976,0.15589,0.48928,0.02708,0.01367,0.00229,0.00176,0.00367,0.00018,0.00308,0.00517,0.00648,0.2081,0.06681,0.00757,0.02723,0.15433,0.03757,0.00215,0.00462,0.49161,0.24027,0.29567,0.28302,0.24027,0.28302,139,1.01,0.98,0.89,1.24,0.97,1.02,1.005,0.99,0.945,1.12,0.985,1.01,reliever,2.8670439047618443,0.889,4.11781,4.0057,3.66074,3.56107,0.10994,0.10762,4.16182,4.13584,0.75739,0.75739,0.0076,837.0140559375,0.34889,0.65111,L,0.19908,0.20977,0.0619,0.071,0.01192,0.00524,0.02236,0.02964,0.14556,0.16143,0.03282,0.04348,0.00224,0.00175,0.00439,0.00474,0.51973,0.47296
593958,Eduardo Rodriguez,Ari,34,321.0,2251.0,1302,0.20592,0.08375,0.00338,0.00583,0.02391,0.00332,0.03813,0.16487,0.47089,0.02154,0.01198,0.0012,0.00156,0.00331,0.00041,0.00307,0.00542,0.00644,0.19562,0.08291,0.00338,0.02296,0.16652,0.04099,0.00506,0.00583,0.47673,0.25942,0.32181,0.30838,0.25942,0.30838,109,0.92,1.02,1.15,2.05,0.98,0.9,0.96,1.01,1.075,1.525,0.99,0.95,starter,5.507859652698454,0.934,4.34612,4.51105,4.05927,4.21332,0.11316,0.11669,4.26725,4.29528,0.33789,0.33789,0.0049,1409.4836584374998,0.25365,0.74635,L,0.21172,0.20395,0.08068,0.08479,0.00373,0.00326,0.02048,0.02508,0.16144,0.16603,0.03988,0.03754,0.00361,0.00322,0.00514,0.00606,0.47331,0.47007
682847,Luis Ortiz,Cle,28,382.0,1407.0,802,0.2059,0.09745,0.00866,0.00905,0.03164,0.00262,0.03525,0.15482,0.45461,0.02681,0.01596,0.0024,0.00242,0.00488,0.0005,0.00345,0.00648,0.00798,0.21105,0.09892,0.00866,0.03069,0.15327,0.03595,0.00198,0.00905,0.45044,0.25118,0.32946,0.29799,0.25118,0.29799,114,0.94,0.98,1.04,0.51,1.03,1.05,0.97,0.99,1.02,0.755,1.015,1.025,starter,4.4816842334613405,0.934,4.78684,4.70718,4.47091,4.3965,0.12225,0.12039,4.3506,4.34429,0.86591,0.86591,0.00531,856.8666665624999,0.47715,0.52285,R,0.20098,0.2104,0.11336,0.08294,0.00548,0.01156,0.04275,0.02151,0.13759,0.17054,0.03846,0.03231,0.00255,0.00269,0.01057,0.00766,0.44827,0.4604
669391,Owen White,Chi,27,35.0,72.0,800,0.20547,0.08314,0.00576,0.00427,0.02655,0.00229,0.04106,0.15187,0.47959,0.06067,0.03366,0.00612,0.00469,0.00438,0.00027,0.00386,0.00646,0.00793,0.20239,0.08439,0.00576,0.02616,0.15111,0.03962,0.00197,0.00427,0.48434,0.24167,0.30901,0.28462,0.24167,0.28462,145,0.97,0.99,0.93,0.72,1.03,0.97,0.985,0.995,0.965,0.86,1.015,0.985,reliever,1.9773123909249561,0.889,4.2887,4.20736,3.81265,3.74035,0.11276,0.11089,4.22586,4.21566,0.5764,0.5764,0.00791,25.287499999999998,0.42688,0.57312,R,0.19625,0.21234,0.0885,0.07915,0.00377,0.00725,0.02589,0.02705,0.14863,0.15428,0.03843,0.04301,0.00202,0.00249,0.00323,0.00504,0.49328,0.46939
696270,Ryan Johnson,Los,24,47.0,119.0,800,0.20545,0.09114,0.0044,0.0118,0.03433,0.00215,0.03114,0.15021,0.46937,0.05464,0.0316,0.00468,0.00697,0.00506,0.0003,0.00338,0.0063,0.00784,0.21059,0.09114,0.0044,0.03553,0.14871,0.03021,0.00211,0.0118,0.46551,0.2426,0.31211,0.27999,0.2426,0.27999,108,1.07,0.98,0.94,0.96,1.0,1.05,1.035,0.99,0.97,0.98,1.0,1.025,reliever,1.4625686813186816,0.889,4.46398,4.4581,3.96848,3.96325,0.11691,0.11697,4.24254,4.23466,0.44026,0.44026,0.00838,91.97,0.41693,0.58307,R,0.19621,0.21206,0.11258,0.07581,0.00414,0.00459,0.03681,0.03256,0.13825,0.15876,0.03334,0.02957,0.00278,0.0017,0.01156,0.01196,0.46432,0.47298
680729,Garrett McDaniels,Los,27,50.0,50.0,400,0.20544,0.09817,0.01443,0.00482,0.02835,0.00214,0.0307,0.15499,0.46096,0.06229,0.03725,0.01042,0.0053,0.00686,0.00053,0.0051,0.00954,0.01148,0.21058,0.09817,0.01443,0.02934,0.15344,0.02978,0.00209,0.00482,0.45734,0.24322,0.32726,0.28836,0.24322,0.28836,108,1.07,0.98,0.94,0.96,1.0,1.05,1.035,0.99,0.97,0.98,1.0,1.025,reliever,1.0666666666666667,0.889,4.52966,4.51019,4.02687,4.00956,0.11597,0.11573,4.33986,4.33005,1.44317,1.44317,0.01005,36.12499999999999,0.404,0.596,L,0.21035,0.20211,0.10755,0.09181,0.01529,0.01385,0.02566,0.03017,0.15847,0.15263,0.02491,0.03463,0.00181,0.00236,0.00397,0.0054,0.45199,0.46704
689266,Dylan Dodd,Atl,29,54.0,363.0,1200,0.20526,0.06847,0.00649,0.00584,0.02597,0.00246,0.03885,0.15457,0.49209,0.04328,0.02198,0.00381,0.00346,0.00353,0.00027,0.00308,0.00526,0.00653,0.20937,0.06813,0.00649,0.02519,0.15766,0.03788,0.00236,0.00584,0.48708,0.24261,0.29771,0.28891,0.24261,0.28891,144,0.94,1.04,0.95,0.92,0.99,1.04,0.97,1.02,0.975,0.96,0.995,1.02,reliever,1.3315212749081768,0.889,4.0082,3.9849,3.56329,3.54257,0.10751,0.10675,4.14257,4.14789,0.64924,0.64924,0.00849,229.76902499999997,0.3985,0.6015,L,0.20227,0.20724,0.08613,0.05678,0.00557,0.00711,0.02612,0.02587,0.16199,0.14966,0.0368,0.04021,0.00379,0.00158,0.00632,0.00552,0.47102,0.50605
656240,Scott Blewett,Bal,31,194.0,279.0,1200,0.20517,0.08882,0.00801,0.00707,0.02465,0.002,0.03033,0.16407,0.46988,0.04591,0.02626,0.0047,0.00419,0.00349,0.00023,0.00268,0.00557,0.00646,0.20312,0.08571,0.00801,0.02576,0.16735,0.03048,0.00221,0.00707,0.47029,0.2511,0.31952,0.29841,0.2511,0.29841,110,1.09,1.04,1.01,1.21,0.93,0.98,1.045,1.02,1.005,1.105,0.965,0.99,reliever,1.7021314348201018,0.889,4.20982,4.31536,3.74253,3.83635,0.10953,0.11201,4.27049,4.2808,0.80115,0.80115,0.00715,192.365625,0.4405,0.5595,R,0.22226,0.19172,0.10652,0.07489,0.00616,0.00947,0.03233,0.0186,0.1502,0.17499,0.02767,0.03242,0.0021,0.00192,0.00708,0.00706,0.44568,0.48894
606996,Kyle Hart,San,34,68.0,247.0,800,0.20507,0.08004,0.01491,0.00768,0.02688,0.00223,0.04146,0.14483,0.4769,0.04626,0.02524,0.00669,0.00455,0.00431,0.00026,0.00392,0.00623,0.00798,0.20712,0.08044,0.01491,0.02782,0.14193,0.03897,0.00192,0.00768,0.4792,0.23484,0.30599,0.27615,0.23484,0.27615,135,1.07,0.96,0.88,0.72,1.01,1.02,1.035,0.98,0.94,0.86,1.005,1.01,reliever,1.9116313463479135,0.889,4.27598,4.1663,3.80135,3.70384,0.11248,0.11029,4.22386,4.19736,1.49117,1.49117,0.00628,187.1275,0.37808,0.62192,L,0.20877,0.20282,0.07562,0.08273,0.01212,0.01661,0.02103,0.03044,0.1424,0.1463,0.04046,0.04207,0.00304,0.00174,0.006,0.0087,0.49057,0.46859
669432,Trevor Rogers,Bal,29,266.0,1807.0,1205,0.20492,0.08434,0.00841,0.00977,0.02614,0.00221,0.03062,0.1597,0.47389,0.02373,0.01327,0.0021,0.00224,0.00359,0.00033,0.00254,0.00536,0.00633,0.20287,0.08139,0.00841,0.02732,0.16289,0.03078,0.00244,0.00977,0.47413,0.24814,0.31323,0.2926,0.24814,0.2926,110,1.09,1.04,1.01,1.21,0.93,0.98,1.045,1.02,1.005,1.105,0.965,0.99,starter,5.409188947087642,0.934,4.14546,4.25561,3.87186,3.97474,0.10888,0.11148,4.23049,4.2416,0.84134,0.84134,0.00548,1129.7416778124998,0.24397,0.75603,L,0.23868,0.19402,0.10013,0.07925,0.00661,0.009,0.01889,0.02848,0.14781,0.16354,0.02953,0.03097,0.00289,0.00199,0.00974,0.00977,0.44573,0.48298
622253,Dillon Tate,Tor,33,34.0,490.0,800,0.20474,0.0773,0.02259,0.00626,0.0246,0.00205,0.03596,0.15747,0.46904,0.04219,0.02267,0.00622,0.00319,0.00435,0.00047,0.0038,0.00656,0.00809,0.20167,0.07653,0.02259,0.02583,0.15747,0.03668,0.00176,0.00626,0.47122,0.24786,0.32086,0.29366,0.24786,0.29366,141,1.1,1.0,1.04,0.72,0.98,0.97,1.05,1.0,1.02,0.86,0.99,0.985,reliever,1.1017283950617283,0.889,4.33299,4.40844,3.85203,3.9191,0.11239,0.1142,4.28361,4.28922,2.25897,2.25897,0.00734,254.84345125,0.36683,0.63317,R,0.18328,0.21717,0.09934,0.06454,0.01383,0.02766,0.03108,0.02084,0.14949,0.1621,0.03419,0.03698,0.00288,0.00156,0.00653,0.0061,0.47937,0.46305
674370,Osvaldo Bido,Chi,31,81.0,939.0,1200,0.20453,0.0959,0.02539,0.01211,0.03213,0.0027,0.04022,0.14042,0.44661,0.03071,0.0182,0.00493,0.00336,0.00388,0.00028,0.00316,0.00515,0.00647,0.20146,0.09734,0.02539,0.03165,0.13972,0.03881,0.00232,0.01211,0.45121,0.24561,0.33523,0.28613,0.24561,0.28613,145,0.97,0.99,0.93,0.72,1.03,0.97,0.985,0.995,0.965,0.86,1.015,0.985,reliever,3.1806342870935795,0.889,4.96575,4.87772,4.41455,4.3363,0.12562,0.12368,4.39207,4.38196,2.53936,2.53936,0.00883,613.36935,0.43522,0.56478,R,0.22105,0.19179,0.10802,0.08657,0.01331,0.0347,0.03944,0.02649,0.13448,0.14499,0.0341,0.04493,0.0026,0.00278,0.01557,0.00943,0.43143,0.45831
690544,Bailey Horn,Det,29,50.0,138.0,800,0.20449,0.09864,0.00402,0.01093,0.03005,0.00223,0.03665,0.14891,0.46408,0.05475,0.03286,0.00428,0.00646,0.00476,0.00041,0.00383,0.00636,0.00794,0.20347,0.09815,0.00402,0.0302,0.14966,0.03519,0.00283,0.01093,0.46557,0.24565,0.32004,0.2873,0.24565,0.2873,116,1.01,1.01,0.92,1.54,0.99,0.99,1.005,1.005,0.96,1.27,0.995,0.995,reliever,1.0567375886524824,0.889,4.50982,4.50421,4.00923,4.00424,0.11689,0.11682,4.28699,4.28407,0.40189,0.40189,0.00821,90.16799999999998,0.46154,0.53846,L,0.18646,0.21994,0.10211,0.09567,0.00368,0.00431,0.03769,0.0235,0.15298,0.14542,0.03516,0.03793,0.00278,0.00176,0.0107,0.01113,0.46844,0.46035
682995,Hunter Barco,Pit,26,60.0,72.0,800,0.20447,0.09606,0.01892,0.00948,0.02986,0.00265,0.03407,0.14729,0.45721,0.05859,0.03476,0.01102,0.00697,0.00481,0.00051,0.00366,0.00642,0.00787,0.20242,0.09558,0.01892,0.02702,0.14876,0.03696,0.00237,0.00948,0.45848,0.24556,0.32962,0.29091,0.24556,0.29091,134,0.81,1.02,1.17,0.79,0.99,0.98,0.905,1.01,1.085,0.895,0.995,0.99,reliever,2.1838608831574833,0.889,4.63472,4.5853,4.12027,4.07633,0.11865,0.11725,4.34032,4.34532,1.89219,1.89219,0.0076,51.0,0.37868,0.62132,L,0.20415,0.20466,0.10018,0.09355,0.02355,0.0161,0.02641,0.03196,0.14703,0.14745,0.02888,0.03722,0.00261,0.00268,0.01192,0.00799,0.45527,0.45839
678024,Mike Vasil,Chi,27,423.0,423.0,400,0.20444,0.10988,0.01765,0.00151,0.02193,0.00249,0.03602,0.14793,0.45816,0.03974,0.02503,0.00586,0.00166,0.00516,0.00046,0.00483,0.00831,0.01031,0.20138,0.11152,0.01765,0.0216,0.14719,0.03476,0.00214,0.00151,0.46225,0.23661,0.33486,0.28482,0.23661,0.28482,145,0.97,0.99,0.93,0.72,1.03,0.97,0.985,0.995,0.965,0.86,1.015,0.985,reliever,2.148936170212766,0.889,4.46222,4.3946,3.96692,3.9068,0.11303,0.11149,4.38634,4.37955,1.76464,1.76464,0.00865,305.61749999999995,0.46067,0.53933,R,0.20166,0.20682,0.11332,0.10694,0.01715,0.01807,0.02427,0.01993,0.15032,0.1459,0.0321,0.03937,0.0026,0.00239,0.0015,0.00152,0.4571,0.45906
676467,Colton Gordon,Hou,28,50.0,429.0,800,0.2043,0.06169,0.00762,0.0106,0.03586,0.00225,0.0464,0.15412,0.47716,0.03927,0.01903,0.00385,0.00437,0.00531,0.00036,0.00454,0.00686,0.00864,0.21043,0.06231,0.00762,0.03855,0.15257,0.04571,0.00192,0.0106,0.47029,0.25966,0.30868,0.29859,0.25966,0.29859,117,1.15,0.98,0.97,0.71,1.02,1.06,1.075,0.99,0.985,0.855,1.01,1.03,starter,4.077328480927348,0.934,4.73228,4.81845,4.41995,4.50043,0.12492,0.12706,4.20914,4.21367,0.76152,0.76152,0.00869,316.3275,0.29253,0.70747,L,0.21759,0.19881,0.07541,0.05602,0.00618,0.00821,0.02537,0.0402,0.16974,0.14766,0.03763,0.05003,0.00335,0.00179,0.00932,0.01113,0.45541,0.48616
663436,Davis Martin,Chi,30,288.0,1378.0,1254,0.20421,0.07769,0.01226,0.00522,0.02316,0.00247,0.03737,0.15973,0.47789,0.02576,0.01389,0.00288,0.00186,0.00332,0.00027,0.00293,0.00522,0.00638,0.20114,0.07886,0.01226,0.02282,0.15893,0.03607,0.00212,0.00522,0.48259,0.24338,0.31105,0.29,0.24338,0.29,145,0.97,0.99,0.93,0.72,1.03,0.97,0.985,0.995,0.965,0.86,1.015,0.985,starter,5.509307957452478,0.934,4.18002,4.10274,3.90414,3.83196,0.10959,0.10781,4.23823,4.22817,1.22607,1.22607,0.00861,933.4867290624999,0.51261,0.48739,R,0.1933,0.21567,0.08381,0.07126,0.00917,0.01551,0.02419,0.02209,0.14856,0.17148,0.03966,0.03497,0.00207,0.00288,0.006,0.0044,0.49325,0.46174
543101,Anthony DeSclafani,Ari,37,169.0,682.0,400,0.20411,0.06268,0.01427,0.01224,0.03005,0.00225,0.03967,0.15047,0.48426,0.03674,0.01794,0.00429,0.00388,0.00667,0.00032,0.00557,0.00936,0.01176,0.1939,0.06205,0.01427,0.02885,0.15198,0.04264,0.00343,0.01224,0.49063,0.24895,0.30322,0.28757,0.24895,0.28757,109,0.92,1.02,1.15,2.05,0.98,0.9,0.96,1.01,1.075,1.525,0.99,0.95,reliever,2.974358974358974,0.889,4.21524,4.33914,3.74735,3.85749,0.11265,0.11532,4.15781,4.18066,1.42731,1.42731,0.00663,382.53141812499996,0.41734,0.58266,R,0.18334,0.21898,0.06762,0.05913,0.01119,0.01648,0.03009,0.03003,0.15599,0.14652,0.03896,0.04018,0.00254,0.00203,0.01414,0.01088,0.49612,0.47576
663562,Noah Davis,Min,30,65.0,314.0,800,0.20407,0.0877,0.03014,0.00419,0.02278,0.00252,0.03243,0.15615,0.46002,0.0463,0.02639,0.0086,0.0031,0.00406,0.00038,0.00345,0.00657,0.00771,0.20101,0.08726,0.03014,0.02244,0.15927,0.03422,0.00231,0.00419,0.45915,0.24846,0.33565,0.29896,0.24846,0.29896,142,0.97,1.04,1.11,0.84,0.99,0.97,0.985,1.02,1.055,0.92,0.995,0.985,reliever,1.8559331281782667,0.889,4.42451,4.53172,3.93339,4.0287,0.11278,0.11484,4.35895,4.38471,3.01425,3.01425,0.00992,182.13141249999995,0.42105,0.57895,R,0.20135,0.20605,0.10345,0.07624,0.03505,0.02657,0.0283,0.01877,0.1371,0.17,0.0329,0.03209,0.00324,0.00199,0.00375,0.00451,0.45485,0.46377
641745,Brad Keller,Phi,31,121.0,1417.0,1200,0.20405,0.09945,0.01061,0.00379,0.01958,0.00213,0.03236,0.1579,0.47014,0.02745,0.01655,0.00265,0.00157,0.00293,0.00024,0.00285,0.00533,0.00622,0.20711,0.09746,0.01061,0.02095,0.16027,0.03139,0.00214,0.00379,0.46629,0.2418,0.32281,0.2936,0.2418,0.2936,143,1.14,1.03,0.94,1.01,0.96,1.03,1.07,1.015,0.97,1.005,0.98,1.015,reliever,1.4110986701757264,0.889,4.08221,4.14628,3.62908,3.68605,0.10557,0.1071,4.29661,4.30162,1.06053,1.06053,0.01264,804.0814965624999,0.43346,0.56654,R,0.19723,0.20927,0.10843,0.09257,0.00727,0.01315,0.0174,0.02124,0.15995,0.15634,0.0315,0.03302,0.00261,0.00177,0.00371,0.00385,0.4719,0.46879
666120,Ian Anderson,Los,29,51.0,544.0,400,0.20395,0.10234,0.00301,0.00425,0.03346,0.00275,0.03602,0.14509,0.46914,0.04209,0.02571,0.00219,0.00252,0.00716,0.00049,0.00513,0.0089,0.01119,0.20905,0.10234,0.00301,0.03463,0.14364,0.03494,0.00269,0.00425,0.46545,0.24247,0.32125,0.28029,0.24247,0.28029,108,1.07,0.98,0.94,0.96,1.0,1.05,1.035,0.99,0.97,0.98,1.0,1.025,reliever,1.3333333333333335,0.889,4.67245,4.6596,4.15381,4.14239,0.12072,0.12064,4.30067,4.2917,0.30066,0.30066,0.00954,255.59421906249997,0.39044,0.60956,R,0.20995,0.20011,0.11496,0.09426,0.00268,0.00322,0.025,0.03887,0.12707,0.15663,0.0351,0.03661,0.00318,0.00247,0.00362,0.00465,0.47844,0.46318
687424,Anthony Maldonado,Ath,29,33.0,115.0,800,0.2039,0.091,0.00449,0.00349,0.02767,0.00268,0.04201,0.14637,0.47838,0.0566,0.03281,0.00478,0.00384,0.00449,0.00043,0.00401,0.00607,0.00793,0.18963,0.1001,0.00449,0.02988,0.15369,0.04663,0.00245,0.00349,0.46963,0.26085,0.33725,0.30156,0.26085,0.30156,133,1.16,1.1,1.22,0.83,1.2,0.86,1.08,1.05,1.11,0.915,1.1,0.93,reliever,1.13670993227991,0.889,4.39447,5.05443,3.90668,4.49339,0.11495,0.12777,4.24775,4.39534,0.4493,0.4493,0.00932,74.20074999999999,0.40635,0.59365,R,0.2006,0.20617,0.10265,0.08303,0.0043,0.00463,0.02323,0.03071,0.13916,0.15131,0.03759,0.04504,0.00418,0.00164,0.00353,0.00346,0.48476,0.47401
695418,Brad Lord,Was,27,179.0,725.0,800,0.20338,0.07717,0.00978,0.0057,0.0191,0.00199,0.0322,0.16917,0.4815,0.03208,0.01727,0.00347,0.00259,0.00382,0.00031,0.0035,0.00652,0.00776,0.19728,0.07563,0.00978,0.0191,0.17425,0.03188,0.00195,0.0057,0.48443,0.24995,0.31258,0.30046,0.24995,0.30046,120,1.0,1.06,0.98,0.96,0.96,0.94,1.0,1.03,0.99,0.98,0.98,0.97,reliever,2.5625150247608057,0.889,3.90134,3.98469,3.46829,3.54239,0.10277,0.10448,4.21816,4.23761,0.9784,0.9784,0.00643,546.635,0.47784,0.52216,R,0.22731,0.18148,0.09625,0.05971,0.01026,0.00935,0.02396,0.01466,0.16553,0.1725,0.03492,0.02971,0.00256,0.00147,0.00456,0.00675,0.43464,0.52438
687931,Carson Whisenhunt,San,26,102.0,102.0,400,0.20324,0.0946,0.0158,0.00369,0.02803,0.00273,0.03578,0.15082,0.46531,0.0566,0.03342,0.00922,0.00406,0.00633,0.00069,0.00476,0.00905,0.01095,0.20019,0.09129,0.0158,0.02495,0.15308,0.03721,0.00321,0.00369,0.47058,0.24567,0.32554,0.29138,0.24567,0.29138,137,0.78,1.03,1.08,1.35,0.93,0.97,0.89,1.015,1.04,1.175,0.965,0.985,starter,4.666666666666666,0.934,4.58842,4.47494,4.28559,4.1796,0.11765,0.11512,4.3333,4.31902,1.58029,1.58029,0.00949,73.695,0.37748,0.62252,L,0.22757,0.18848,0.0814,0.1026,0.01549,0.01599,0.02409,0.03042,0.15161,0.15034,0.03383,0.03696,0.00365,0.00217,0.00376,0.00365,0.45859,0.46938
686730,Carson Spiers,Cin,29,60.0,534.0,800,0.20321,0.07896,0.0112,0.00584,0.03246,0.00308,0.04086,0.14914,0.47526,0.03869,0.02106,0.00424,0.00298,0.0049,0.00053,0.00391,0.00664,0.0083,0.20625,0.08172,0.0112,0.03619,0.14541,0.04127,0.00264,0.00584,0.46948,0.25022,0.31842,0.28737,0.25022,0.28737,113,1.23,0.95,1.02,0.71,1.07,1.03,1.115,0.975,1.01,0.855,1.035,1.015,starter,4.1688865051696915,0.934,4.63696,4.81136,4.33092,4.49381,0.12103,0.12508,4.25687,4.27392,1.11989,1.11989,0.00533,328.54964999999993,0.4791,0.5209,R,0.17902,0.22545,0.09167,0.06727,0.01073,0.01163,0.0289,0.03573,0.15341,0.14521,0.04479,0.03725,0.00466,0.00164,0.00608,0.00562,0.48075,0.47021
699911,Dugan Darnell,Col,30,48.0,48.0,400,0.20314,0.09502,0.00684,0.00488,0.02495,0.00228,0.03413,0.15622,0.47254,0.06228,0.03686,0.00726,0.00536,0.00593,0.00043,0.00522,0.00858,0.01067,0.19298,0.09502,0.00684,0.0257,0.1695,0.03806,0.00333,0.00488,0.4637,0.26485,0.33845,0.31261,0.26485,0.31261,115,1.06,1.17,1.23,1.92,1.0,0.9,1.03,1.085,1.115,1.46,1.0,0.95,reliever,1.2962962962962963,0.889,4.28235,4.85895,3.80701,4.31961,0.11116,0.12261,4.28033,4.40327,0.68447,0.68447,0.00779,34.67999999999999,0.41129,0.58871,R,0.21083,0.19776,0.09743,0.09335,0.00637,0.00718,0.02382,0.02573,0.14412,0.16467,0.03191,0.03569,0.00294,0.00182,0.00483,0.00491,0.47776,0.46889
677958,Kumar Rocker,Tex,27,262.0,604.0,1200,0.203,0.08943,0.01151,0.0108,0.02575,0.00243,0.03348,0.15579,0.46779,0.03415,0.01967,0.00408,0.00384,0.00354,0.00028,0.00284,0.00529,0.00638,0.20503,0.08719,0.01151,0.02459,0.15112,0.03181,0.00219,0.0108,0.47575,0.2355,0.30842,0.28012,0.2355,0.28012,140,0.91,0.94,0.9,0.8,0.95,1.02,0.955,0.97,0.95,0.9,0.975,1.01,starter,4.787159733579313,0.934,4.29474,4.006,4.01129,3.74161,0.11166,0.10568,4.27379,4.21208,1.15148,1.15148,0.0125,463.83437499999997,0.51368,0.48632,R,0.19556,0.21086,0.10572,0.07222,0.0084,0.0148,0.02626,0.02521,0.15806,0.1534,0.03562,0.03123,0.00293,0.0019,0.01421,0.0072,0.45323,0.48318
663897,Luke Williams,Atl,30,25.0,47.0,800,0.20294,0.07627,0.01477,0.00491,0.02486,0.00253,0.03429,0.16033,0.47909,0.06283,0.03367,0.01066,0.00539,0.00431,0.00044,0.00385,0.00686,0.0081,0.207,0.07589,0.01477,0.02411,0.16353,0.03344,0.00243,0.00491,0.47391,0.24713,0.31418,0.29615,0.24713,0.29615,144,0.94,1.04,0.95,0.92,0.99,1.04,0.97,1.02,0.975,0.96,0.995,1.02,reliever,1.1205673758865247,0.889,4.21186,4.19619,3.74434,3.73041,0.11036,0.10977,4.24053,4.24746,1.47727,1.47727,0.008,18.062499999999996,0.41803,0.58197,R,0.20294,0.20294,0.07627,0.07627,0.01477,0.01477,0.02486,0.02486,0.16033,0.16033,0.03429,0.03429,0.00253,0.00253,0.00491,0.00491,0.47909,0.47909
650893,Génesis Cabrera,Min,30,187.0,891.0,800,0.20286,0.09769,0.0112,0.00872,0.02723,0.00226,0.03429,0.15287,0.46288,0.03287,0.0197,0.00338,0.00292,0.00432,0.00033,0.00348,0.00672,0.00796,0.19982,0.0972,0.0112,0.02682,0.15593,0.03617,0.00208,0.00872,0.46205,0.25032,0.3294,0.2959,0.25032,0.2959,142,0.97,1.04,1.11,0.84,0.99,0.97,0.985,1.02,1.055,0.92,0.995,0.985,reliever,0.9786855471962883,0.889,4.47766,4.58233,3.98064,4.07369,0.11519,0.11721,4.31899,4.34389,1.1201,1.1201,0.00837,512.3736993749999,0.40729,0.59271,L,0.20647,0.20039,0.09279,0.10106,0.01611,0.00783,0.02481,0.02889,0.13453,0.16547,0.03229,0.03566,0.00308,0.0017,0.00861,0.0088,0.48131,0.45021
608379,Michael Wacha,Kan,35,327.0,2796.0,1464,0.20275,0.06953,0.00691,0.00508,0.02414,0.00409,0.04168,0.15199,0.49382,0.01949,0.01001,0.00154,0.00132,0.00296,0.00055,0.00295,0.005,0.00614,0.19363,0.06953,0.00691,0.02208,0.15275,0.04564,0.00571,0.00508,0.49866,0.24626,0.30263,0.29042,0.24626,0.29042,118,0.83,1.01,1.19,1.79,1.0,0.91,0.915,1.005,1.095,1.395,1.0,0.955,starter,5.784931314229341,0.934,4.04509,4.16571,3.77811,3.89077,0.10826,0.11081,4.15159,4.1771,0.6911,0.6911,0.00605,1733.1133171875,0.51712,0.48288,R,0.20953,0.19549,0.07295,0.06587,0.00612,0.00775,0.02199,0.02643,0.15224,0.15171,0.03639,0.04735,0.00446,0.0037,0.00474,0.00545,0.49156,0.49624
694680,Trevor Martin,Tam,26,50.0,50.0,800,0.20261,0.08255,0.02212,0.00482,0.03114,0.00186,0.03907,0.14584,0.46998,0.06094,0.03388,0.01285,0.0053,0.00478,0.00024,0.00407,0.00615,0.00785,0.20464,0.08131,0.02212,0.03129,0.14438,0.03693,0.00209,0.00482,0.47242,0.24075,0.31812,0.27964,0.24075,0.27964,139,1.01,0.98,0.89,1.24,0.97,1.02,1.005,0.99,0.945,1.12,0.985,1.01,reliever,2.066666666666667,0.889,4.63909,4.5206,4.12415,4.01881,0.11987,0.11758,4.30019,4.27203,2.21241,2.21241,0.01034,42.5,0.44,0.56,R,0.19621,0.20764,0.08859,0.07781,0.01567,0.02719,0.02709,0.03432,0.14724,0.14473,0.03822,0.03975,0.00235,0.00148,0.0047,0.00491,0.47992,0.46217
605335,Brandon Leibrandt,Cin,34,30.0,62.0,800,0.20253,0.08337,0.00617,0.01,0.02979,0.00202,0.03765,0.14957,0.47892,0.06051,0.0338,0.00655,0.00735,0.00445,0.00025,0.00362,0.00611,0.00771,0.20556,0.08629,0.00617,0.03322,0.14583,0.03802,0.00173,0.01,0.47319,0.24377,0.31125,0.2817,0.24377,0.2817,113,1.23,0.95,1.02,0.71,1.07,1.03,1.115,0.975,1.01,0.855,1.035,1.015,starter,4.7741050087988866,0.934,4.30648,4.46824,4.02225,4.17334,0.11358,0.11739,4.21296,4.2294,0.61699,0.61699,0.00767,45.152,0.41603,0.58397,L,0.19189,0.21011,0.08893,0.07941,0.0042,0.00758,0.02919,0.03021,0.14956,0.14957,0.03547,0.03919,0.00164,0.0023,0.01239,0.00829,0.48673,0.47335
668820,Max Kranick,New,29,148.0,167.0,400,0.20252,0.0657,0.00355,0.00634,0.03038,0.00332,0.04044,0.15196,0.49579,0.05189,0.02598,0.00378,0.00468,0.00655,0.00071,0.00552,0.00927,0.01175,0.20556,0.06833,0.00355,0.03069,0.14892,0.03902,0.00297,0.00634,0.49463,0.2404,0.29348,0.27849,0.2404,0.27849,121,1.02,0.96,0.93,0.79,1.08,1.03,1.01,0.98,0.965,0.895,1.04,1.015,reliever,1.5416666666666667,0.889,4.19696,4.12239,3.73109,3.6648,0.1128,0.11109,4.13397,4.12302,0.35471,0.35471,0.007,106.92999999999999,0.46839,0.53161,R,0.21147,0.19463,0.07127,0.0608,0.00323,0.00382,0.0344,0.02684,0.13965,0.16281,0.04253,0.03859,0.00411,0.00262,0.00539,0.00717,0.48794,0.50271
448179,Rich Hill,Kan,47,43.0,1244.0,800,0.20251,0.08697,0.00973,0.005,0.02515,0.002,0.03644,0.15707,0.47513,0.0305,0.01737,0.0027,0.00191,0.00437,0.00025,0.00384,0.00671,0.0081,0.1934,0.08697,0.00973,0.02302,0.15786,0.0399,0.0028,0.005,0.48134,0.24888,0.32027,0.29412,0.24888,0.29412,118,0.83,1.01,1.19,1.79,1.0,0.91,0.915,1.005,1.095,1.395,1.0,0.955,starter,3.5782897753324163,0.934,4.29766,4.36156,4.01402,4.07369,0.1119,0.11308,4.26729,4.2855,0.97252,0.97252,0.00495,608.980619375,0.39535,0.60465,L,0.20913,0.19818,0.10457,0.07545,0.01094,0.00893,0.01908,0.02913,0.16098,0.15452,0.03062,0.04025,0.00211,0.00193,0.00644,0.00406,0.45613,0.48755
663567,Peter Lambert,Hou,30,214.0,869.0,800,0.20243,0.09458,0.01251,0.00791,0.03013,0.00302,0.03617,0.15056,0.4627,0.03196,0.0189,0.00361,0.00281,0.00475,0.0007,0.00366,0.00651,0.00806,0.2085,0.09552,0.01251,0.03239,0.14905,0.03563,0.00258,0.00791,0.45591,0.24845,0.32769,0.29116,0.24845,0.29116,117,1.15,0.98,0.97,0.71,1.02,1.06,1.075,0.99,0.985,0.855,1.01,1.03,starter,4.025077589898253,0.934,4.67188,4.7416,4.36354,4.42865,0.11993,0.12159,4.32817,4.33279,1.25144,1.25144,0.00891,549.6073437499999,0.48127,0.51873,R,0.21105,0.19443,0.12417,0.06712,0.01256,0.01247,0.02324,0.03651,0.13877,0.16149,0.03259,0.03949,0.00317,0.00288,0.00964,0.0063,0.44479,0.47931
519326,Hunter Strickland,Los,38,91.0,669.0,800,0.20226,0.094,0.01319,0.00738,0.02597,0.00274,0.03344,0.14472,0.4763,0.03697,0.02181,0.00417,0.00304,0.00435,0.0005,0.0033,0.00602,0.00753,0.20732,0.094,0.01319,0.02688,0.14328,0.03244,0.00268,0.00738,0.47284,0.23184,0.31247,0.27394,0.23184,0.27394,108,1.07,0.98,0.94,0.96,1.0,1.05,1.035,0.99,0.97,0.98,1.0,1.025,reliever,1.054877531994237,0.889,4.17518,4.15104,3.71173,3.69027,0.10924,0.10886,4.24675,4.23689,1.31857,1.31857,0.00692,372.31255874999994,0.39487,0.60513,R,0.2051,0.20041,0.10754,0.08517,0.01046,0.01496,0.02679,0.02545,0.15299,0.13933,0.02975,0.03585,0.00278,0.00271,0.00589,0.00834,0.45869,0.48778
672582,Angel Zerpa,Mil,27,55.0,795.0,1200,0.20225,0.07714,0.01014,0.00527,0.02608,0.00205,0.03775,0.16121,0.47811,0.03297,0.01778,0.00339,0.00239,0.00369,0.00022,0.00329,0.00528,0.00652,0.21236,0.07907,0.01014,0.02634,0.15799,0.0353,0.00198,0.00527,0.47155,0.24473,0.31082,0.29283,0.24473,0.29283,158,1.02,0.96,0.87,0.93,1.05,1.1,1.01,0.98,0.935,0.965,1.025,1.05,reliever,0.9357081231825984,0.889,4.33257,4.20438,3.85165,3.73769,0.1133,0.11052,4.24872,4.22677,1.01441,1.01441,0.00843,506.74154624999994,0.41092,0.58908,L,0.21819,0.19113,0.07611,0.07786,0.01018,0.01012,0.01872,0.03121,0.15823,0.1633,0.03153,0.04209,0.00241,0.0018,0.00478,0.0056,0.47984,0.4769
829272,Shinnosuke Ogasawara,Was,29,173.0,173.0,400,0.20211,0.09009,0.01532,0.01645,0.02968,0.00241,0.03511,0.14676,0.46207,0.05094,0.02949,0.00771,0.00742,0.00683,0.00046,0.00519,0.00876,0.011,0.19604,0.08829,0.01532,0.02968,0.15116,0.03476,0.00236,0.01645,0.46594,0.2477,0.32157,0.2878,0.2477,0.2878,120,1.0,1.06,0.98,0.96,0.96,0.94,1.0,1.03,0.99,0.98,0.98,0.97,reliever,1.681159420289855,0.889,4.45907,4.52383,3.96411,4.02168,0.11576,0.11706,4.27987,4.29376,1.53207,1.53207,0.00782,124.99249999999999,0.41823,0.58177,L,0.20884,0.19726,0.09902,0.08367,0.01339,0.01671,0.02964,0.02971,0.13989,0.15171,0.032,0.03735,0.00313,0.00189,0.02004,0.01386,0.45406,0.46783
502043,Kyle Gibson,Bal,39,73.0,2320.0,896,0.20181,0.07887,0.00828,0.00976,0.02913,0.00323,0.03615,0.16297,0.46979,0.02268,0.01237,0.00185,0.00199,0.00447,0.0006,0.00357,0.00649,0.00782,0.1998,0.07611,0.00828,0.03044,0.16623,0.03633,0.00357,0.00976,0.46948,0.26116,0.32096,0.3051,0.26116,0.3051,110,1.09,1.04,1.01,1.21,0.93,0.98,1.045,1.02,1.005,1.105,0.965,0.99,starter,5.4529105598731915,0.934,4.54865,4.68035,4.24844,4.37145,0.11822,0.12122,4.27523,4.2899,0.82817,0.82817,0.008,1235.980208125,0.50754,0.49246,R,0.1873,0.21677,0.08949,0.06793,0.00839,0.00817,0.03049,0.02772,0.1609,0.1651,0.04116,0.03099,0.00353,0.00293,0.00843,0.01113,0.47031,0.46925
663399,Brandon Waddell,New,33,134.0,134.0,400,0.20176,0.08281,0.00877,0.00716,0.02666,0.00348,0.04782,0.14361,0.47792,0.05373,0.02996,0.00636,0.00528,0.00649,0.0006,0.00676,0.00914,0.01189,0.20479,0.08612,0.00877,0.02693,0.14074,0.04614,0.00312,0.00716,0.47623,0.24158,0.31182,0.28519,0.24158,0.28519,121,1.02,0.96,0.93,0.79,1.08,1.03,1.01,0.98,0.965,0.895,1.04,1.015,reliever,2.848484848484848,0.889,4.45457,4.38126,3.96011,3.89494,0.1167,0.11501,4.24112,4.23291,0.87669,0.87669,0.0071,96.81499999999998,0.38323,0.61677,L,0.21413,0.19408,0.08663,0.08044,0.00966,0.00821,0.02562,0.02731,0.13945,0.1462,0.04983,0.04657,0.00527,0.00238,0.00632,0.00768,0.4631,0.48713
680684,Gunnar Hoglund,Ath,27,139.0,139.0,400,0.20174,0.08162,0.004,0.00702,0.02917,0.00241,0.03936,0.15617,0.47851,0.05334,0.02955,0.00426,0.00518,0.00685,0.00048,0.0057,0.00994,0.01194,0.18761,0.08978,0.004,0.0315,0.16398,0.04369,0.00221,0.00702,0.47021,0.26843,0.33515,0.3086,0.26843,0.3086,133,1.16,1.1,1.22,0.83,1.2,0.86,1.08,1.05,1.11,0.915,1.1,0.93,starter,5.388888888888889,0.934,4.43207,5.08328,4.13955,4.74779,0.11619,0.12891,4.23848,4.38147,0.40006,0.40006,0.00809,100.4275,0.44838,0.55162,R,0.21298,0.1926,0.08179,0.08147,0.00369,0.00425,0.02683,0.03107,0.15284,0.15887,0.03678,0.04146,0.00304,0.0019,0.00602,0.00784,0.47602,0.48054
688107,Robert Gasser,Mil,28,87.0,230.0,1200,0.20162,0.07509,0.02863,0.01091,0.03093,0.00203,0.03363,0.14731,0.46986,0.04756,0.02537,0.00946,0.00555,0.00387,0.00027,0.00271,0.00508,0.00637,0.2117,0.07696,0.02863,0.03124,0.14436,0.03144,0.00196,0.01091,0.46279,0.23656,0.3146,0.27751,0.23656,0.27751,158,1.02,0.96,0.87,0.93,1.05,1.1,1.01,0.98,0.935,0.965,1.025,1.05,starter,4.863139695712309,0.934,4.46548,4.35415,4.17076,4.06678,0.11623,0.11383,4.26884,4.25005,2.86327,2.86327,0.00647,164.91275,0.32326,0.67674,L,0.22776,0.18913,0.09906,0.06363,0.01449,0.03539,0.03509,0.02894,0.13063,0.15527,0.03909,0.03102,0.00345,0.00136,0.00843,0.0121,0.44201,0.48316
694918,Blade Tidwell,San,26,47.0,125.0,800,0.20149,0.0904,0.01403,0.00743,0.03054,0.00196,0.03348,0.1543,0.46638,0.05376,0.03121,0.00819,0.00547,0.00483,0.00033,0.00366,0.00685,0.00817,0.19847,0.08724,0.01403,0.02718,0.15661,0.03482,0.0023,0.00743,0.47193,0.24785,0.32218,0.29104,0.24785,0.29104,137,0.78,1.03,1.08,1.35,0.93,0.97,0.89,1.015,1.04,1.175,0.965,0.985,reliever,2.6590909090909087,0.889,4.59196,4.45653,4.08225,3.96185,0.11828,0.11522,4.31369,4.2976,1.40299,1.40299,0.0071,96.30499999999999,0.42154,0.57846,R,0.19647,0.20515,0.10277,0.08139,0.01363,0.01432,0.03338,0.02847,0.15058,0.15701,0.0305,0.03566,0.00252,0.00154,0.00843,0.00669,0.46172,0.46977
645261,Sandy Alcantara,Mia,31,374.0,2767.0,934,0.2012,0.06656,0.01049,0.00756,0.02191,0.0027,0.03564,0.16905,0.48488,0.01989,0.01004,0.00191,0.00161,0.00371,0.00031,0.00359,0.00661,0.00772,0.19818,0.06656,0.01049,0.02049,0.1699,0.03671,0.00318,0.00756,0.48694,0.25155,0.30732,0.3011,0.25155,0.3011,146,0.87,1.01,1.06,1.35,1.0,0.97,0.935,1.005,1.03,1.175,1.0,0.985,starter,5.914859587178423,0.934,4.04855,4.04776,3.78135,3.78061,0.10712,0.10695,4.19958,4.20542,1.04939,1.04939,0.00667,1647.0541693749997,0.50644,0.49356,R,0.18314,0.21974,0.08341,0.04927,0.00519,0.01594,0.02351,0.02026,0.15451,0.18397,0.03689,0.03435,0.0033,0.00209,0.01037,0.00468,0.49968,0.4697
592791,Jameson Taillon,Chi,35,287.0,2864.0,1330,0.2011,0.05811,0.00471,0.00497,0.03452,0.00314,0.03616,0.15384,0.50346,0.01961,0.0093,0.00126,0.00129,0.00389,0.00053,0.00272,0.0055,0.00675,0.20411,0.0584,0.00471,0.03434,0.15076,0.03254,0.00344,0.00497,0.50672,0.23724,0.28421,0.26929,0.23724,0.26929,112,0.99,0.96,0.8,1.19,1.01,1.03,0.995,0.98,0.9,1.095,1.005,1.015,starter,5.646540708281095,0.934,4.21367,4.02679,3.93557,3.76102,0.11404,0.10994,4.1056,4.06961,0.47134,0.47134,0.00494,1698.39343625,0.4997,0.5003,R,0.19979,0.2024,0.08027,0.03598,0.00346,0.00596,0.03749,0.03155,0.14046,0.1672,0.03582,0.03649,0.0044,0.00188,0.00411,0.00582,0.49419,0.51272
687562,Jake Bennett,Bos,26,42.0,42.0,400,0.20088,0.08558,0.00718,0.01123,0.02587,0.00225,0.03708,0.15395,0.47598,0.06185,0.03506,0.00761,0.00825,0.00615,0.00056,0.00535,0.00851,0.01099,0.19887,0.08472,0.00718,0.0238,0.1578,0.04024,0.00214,0.01123,0.47403,0.24973,0.31587,0.2969,0.24973,0.2969,111,0.84,1.05,1.17,0.9,0.98,0.98,0.92,1.025,1.085,0.95,0.99,0.99,starter,5.166666666666667,0.934,4.22938,4.29172,3.95024,4.00847,0.111,0.11199,4.23346,4.25798,0.71814,0.71814,0.00778,35.699999999999996,0.38017,0.61983,L,0.20657,0.19739,0.0863,0.08513,0.00552,0.0082,0.02353,0.0273,0.1521,0.15509,0.03544,0.03809,0.00197,0.00242,0.01325,0.00999,0.47531,0.4764
621112,Paul Blackburn,New,33,127.0,1549.0,1200,0.20073,0.07702,0.00852,0.00768,0.02309,0.00195,0.03184,0.16503,0.48413,0.02628,0.0142,0.00228,0.00214,0.00332,0.00024,0.00289,0.00553,0.00648,0.20274,0.08357,0.00852,0.02505,0.15843,0.03072,0.00171,0.00768,0.48158,0.23984,0.308,0.28384,0.23984,0.28384,147,1.17,0.92,0.93,0.75,1.17,1.02,1.085,0.96,0.965,0.875,1.085,1.01,starter,3.6050022649454423,0.934,4.00113,4.02418,3.73705,3.75858,0.10569,0.10622,4.20619,4.20953,0.85182,0.85182,0.00449,877.8722809374999,0.47311,0.52689,R,0.2059,0.1961,0.07822,0.07594,0.00856,0.00848,0.01887,0.02688,0.15818,0.17118,0.03517,0.02884,0.00195,0.00196,0.00616,0.00905,0.48699,0.48157
669674,Sam Long,Kan,31,189.0,745.0,800,0.2006,0.09675,0.00712,0.00557,0.02693,0.00231,0.03313,0.15286,0.47474,0.03501,0.02099,0.00293,0.00253,0.00449,0.00031,0.0035,0.00656,0.00799,0.19157,0.09675,0.00712,0.02464,0.15362,0.03628,0.00322,0.00557,0.48123,0.24452,0.32163,0.28638,0.24452,0.28638,118,0.83,1.01,1.19,1.79,1.0,0.91,0.915,1.005,1.095,1.395,1.0,0.955,reliever,1.0143313371803262,0.889,4.32498,4.37382,3.84491,3.88833,0.11233,0.11317,4.27811,4.29409,0.71226,0.71226,0.01242,428.82840531249997,0.40885,0.59115,L,0.20246,0.19931,0.09535,0.09772,0.00897,0.00585,0.02744,0.02657,0.16616,0.14365,0.03238,0.03365,0.00359,0.00142,0.0051,0.0059,0.45854,0.48594
669438,Mason Englert,Tam,27,92.0,623.0,1200,0.20057,0.06494,0.00836,0.00783,0.0315,0.00224,0.03842,0.15671,0.48944,0.03588,0.01793,0.00343,0.00323,0.00409,0.00029,0.00322,0.00558,0.00695,0.20257,0.06396,0.00836,0.03166,0.15514,0.0363,0.00251,0.00783,0.49166,0.24527,0.29794,0.28289,0.24527,0.28289,139,1.01,0.98,0.89,1.24,0.97,1.02,1.005,0.99,0.945,1.12,0.985,1.01,reliever,1.6996965278175264,0.889,4.32992,4.22236,3.84929,3.75368,0.11525,0.11307,4.17434,4.1492,0.83586,0.83586,0.0112,401.04370624999996,0.44386,0.55614,R,0.18807,0.21054,0.07983,0.05305,0.00534,0.01077,0.02879,0.03366,0.16647,0.14892,0.03623,0.04016,0.00354,0.00121,0.00906,0.00686,0.48267,0.49484
681146,Jonah Bride,Min,31,37.0,37.0,400,0.20001,0.08294,0.02458,0.01159,0.02509,0.00219,0.03712,0.1505,0.46598,0.06329,0.03544,0.01425,0.00851,0.006,0.00055,0.00534,0.00863,0.01075,0.19701,0.08253,0.02458,0.02471,0.15351,0.03916,0.00201,0.01159,0.4649,0.24894,0.32651,0.29516,0.24894,0.29516,142,0.97,1.04,1.11,0.84,0.99,0.97,0.985,1.02,1.055,0.92,0.995,0.985,reliever,1.5,0.889,4.39107,4.50286,3.90366,4.00304,0.11349,0.11567,4.29913,4.32521,2.45823,2.45823,0.00789,26.732499999999998,0.39662,0.60338,R,0.20091,0.19942,0.08645,0.08064,0.03161,0.01996,0.02378,0.02595,0.14561,0.15371,0.03265,0.04006,0.00186,0.0024,0.01563,0.00893,0.46149,0.46894
676664,JP Sears,San,31,583.0,2364.0,1002,0.19974,0.06877,0.01591,0.00637,0.0359,0.00252,0.04737,0.13846,0.48496,0.02137,0.01099,0.00253,0.0016,0.0045,0.00031,0.00401,0.0058,0.00766,0.20174,0.06911,0.01591,0.03716,0.13569,0.04453,0.00217,0.00637,0.48732,0.24163,0.30456,0.27234,0.24163,0.27234,135,1.07,0.96,0.88,0.72,1.01,1.02,1.035,0.98,0.94,0.86,1.005,1.01,starter,5.354482885078617,0.934,4.70593,4.59982,4.39534,4.29623,0.12405,0.12202,4.2152,4.18874,1.59068,1.59068,0.00336,1398.18597375,0.21415,0.78585,L,0.20818,0.19745,0.06983,0.06848,0.01277,0.01676,0.02911,0.03775,0.14888,0.13562,0.04672,0.04755,0.00392,0.00214,0.00763,0.00603,0.47297,0.48823
696136,Jordan Wicks,Chi,27,34.0,460.0,1200,0.1997,0.0739,0.00718,0.00486,0.03207,0.00231,0.03926,0.15829,0.48244,0.04036,0.02144,0.00363,0.00289,0.00411,0.00028,0.0034,0.0055,0.00687,0.20269,0.07427,0.00718,0.03191,0.15512,0.03533,0.00252,0.00486,0.48611,0.24613,0.30633,0.28417,0.24613,0.28417,112,0.99,0.96,0.8,1.19,1.01,1.03,0.995,0.98,0.9,1.095,1.005,1.015,reliever,3.4948972023542892,0.889,4.57096,4.36017,4.06359,3.87619,0.11978,0.11536,4.24015,4.19942,0.7178,0.7178,0.00945,284.23691875,0.35867,0.64133,L,0.20185,0.19849,0.08543,0.06745,0.00812,0.00665,0.03275,0.0317,0.16378,0.15521,0.03405,0.04217,0.00282,0.00202,0.00457,0.00502,0.46664,0.49128
595928,John Curtiss,Ari,34,141.0,234.0,1200,0.19968,0.06726,0.00279,0.00514,0.03251,0.00247,0.03701,0.15933,0.49381,0.04843,0.02464,0.00297,0.0038,0.00407,0.00024,0.00306,0.00576,0.00699,0.1897,0.06659,0.00279,0.03121,0.16093,0.03979,0.00376,0.00514,0.5001,0.25466,0.30506,0.29021,0.25466,0.29021,109,0.92,1.02,1.15,2.05,0.98,0.9,0.96,1.01,1.075,1.525,0.99,0.95,reliever,1.1994154568540079,0.889,4.34606,4.46457,3.86365,3.969,0.11581,0.11834,4.16959,4.19173,0.27902,0.27902,0.00665,144.15500624999999,0.4221,0.5779,R,0.21948,0.18522,0.07675,0.06033,0.00268,0.00287,0.03498,0.03071,0.14779,0.16776,0.02934,0.04261,0.00322,0.00192,0.00575,0.00469,0.48001,0.50389
681517,Kyle Leahy,St.,30,269.0,838.0,1200,0.19968,0.08077,0.00858,0.00921,0.02745,0.00261,0.03739,0.16743,0.46688,0.03038,0.01682,0.00304,0.00308,0.00375,0.0003,0.00315,0.00565,0.00668,0.18969,0.07754,0.00858,0.02471,0.17413,0.03851,0.00225,0.00921,0.47539,0.26484,0.32571,0.31131,0.26484,0.31131,138,0.8,1.08,1.06,0.72,0.92,0.9,0.9,1.04,1.03,0.86,0.96,0.95,reliever,2.652114312280279,0.889,4.61457,4.58703,4.10235,4.07787,0.11894,0.11798,4.31067,4.32012,0.85797,0.85797,0.01002,608.215375,0.45259,0.54741,R,0.20397,0.19613,0.10484,0.06087,0.00563,0.01102,0.03525,0.021,0.17483,0.16132,0.03808,0.03682,0.00378,0.00165,0.00571,0.01209,0.42791,0.4991
695549,Jackson Jobe,Det,24,218.0,234.0,800,0.1995,0.10277,0.00916,0.00796,0.03124,0.00265,0.03958,0.14089,0.46624,0.04719,0.02912,0.00537,0.00472,0.00464,0.00041,0.00392,0.00608,0.00785,0.19851,0.10226,0.00916,0.0314,0.1416,0.038,0.00336,0.00796,0.46776,0.24341,0.32577,0.28117,0.24341,0.28117,116,1.01,1.01,0.92,1.54,0.99,0.99,1.005,1.005,0.96,1.27,0.995,0.995,starter,4.711832061068703,0.934,4.69927,4.69355,4.38912,4.38378,0.12076,0.1207,4.32386,4.32051,0.91596,0.91596,0.00748,157.505,0.44009,0.55991,R,0.2007,0.19856,0.10121,0.104,0.00688,0.01096,0.03332,0.02961,0.12428,0.15395,0.03857,0.04038,0.00376,0.00177,0.00792,0.008,0.48335,0.45279
666711,Joel Peguero,San,30,48.0,134.0,800,0.1994,0.08568,0.01344,0.00716,0.01961,0.00247,0.04125,0.15508,0.47591,0.05285,0.03006,0.00785,0.00528,0.0038,0.00043,0.00422,0.00634,0.00784,0.19641,0.08268,0.01344,0.01745,0.15741,0.0429,0.0029,0.00716,0.47965,0.24608,0.31678,0.29759,0.24608,0.29759,137,0.78,1.03,1.08,1.35,0.93,0.97,0.89,1.015,1.04,1.175,0.965,0.985,reliever,1.2077731687407334,0.889,4.16864,4.12526,3.70592,3.66736,0.10852,0.10751,4.26831,4.26364,1.34398,1.34398,0.00825,102.93499999999999,0.40419,0.59581,R,0.17437,0.21638,0.09291,0.08078,0.00987,0.01586,0.02331,0.0171,0.15201,0.15717,0.0448,0.03884,0.00324,0.00195,0.00827,0.00641,0.49123,0.46551
691251,Andry Lara,Was,24,78.0,78.0,400,0.19931,0.08854,0.01187,0.00919,0.02278,0.00178,0.03625,0.16068,0.46961,0.0585,0.03378,0.00859,0.00676,0.00637,0.00036,0.00586,0.00983,0.01166,0.19333,0.08677,0.01187,0.02278,0.1655,0.03588,0.00174,0.00919,0.47294,0.2532,0.32455,0.30045,0.2532,0.30045,120,1.0,1.06,0.98,0.96,0.96,0.94,1.0,1.03,0.99,0.98,0.98,0.97,reliever,1.5925925925925928,0.889,4.29728,4.37238,3.82028,3.88705,0.11115,0.11265,4.29579,4.31265,1.18742,1.18742,0.00754,56.355,0.40288,0.59712,R,0.21652,0.18769,0.10552,0.07709,0.00991,0.0132,0.02078,0.02412,0.14714,0.16981,0.03346,0.03812,0.00232,0.00141,0.00795,0.01003,0.4564,0.47852
690916,Richard Fitts,Bos,27,195.0,280.0,800,0.19916,0.08263,0.01077,0.00705,0.03179,0.0018,0.03375,0.15949,0.47356,0.04535,0.02539,0.00543,0.00418,0.00494,0.00025,0.00352,0.00665,0.00805,0.19717,0.08181,0.01077,0.02925,0.16347,0.03662,0.00171,0.00705,0.47216,0.25661,0.32362,0.29943,0.25661,0.29943,111,0.84,1.05,1.17,0.9,0.98,0.98,0.92,1.025,1.085,0.95,0.99,0.99,starter,4.392946513617797,0.934,4.58989,4.62107,4.28696,4.31608,0.11901,0.11922,4.28524,4.30676,1.0767,1.0767,0.00792,193.088125,0.425,0.575,R,0.19806,0.19997,0.10827,0.06368,0.00754,0.01316,0.02951,0.03347,0.15352,0.16389,0.03182,0.03517,0.00234,0.0014,0.00716,0.00697,0.46177,0.48228
547184,Michael Kelly,Ath,34,32.0,413.0,1200,0.19908,0.10146,0.01192,0.00717,0.01862,0.00169,0.0365,0.15853,0.46503,0.04099,0.02517,0.00488,0.00365,0.00296,0.00019,0.00309,0.0054,0.00637,0.18514,0.1116,0.01192,0.02011,0.16646,0.04052,0.00155,0.00717,0.45554,0.26301,0.35216,0.31401,0.26301,0.31401,133,1.16,1.1,1.22,0.83,1.2,0.86,1.08,1.05,1.11,0.915,1.1,0.93,reliever,1.0133956732848428,0.889,4.23578,4.87558,3.76561,4.33439,0.10846,0.12048,4.3395,4.49647,1.19191,1.19191,0.0091,262.80544374999994,0.40304,0.59696,R,0.20984,0.19181,0.11334,0.09343,0.0165,0.00883,0.02051,0.01735,0.15137,0.16337,0.03146,0.0399,0.00216,0.00137,0.00676,0.00744,0.44805,0.4765
688297,Chris Roycroft,St.,30,25.0,281.0,1200,0.19904,0.10563,0.01628,0.01451,0.0266,0.00206,0.0334,0.14717,0.45532,0.04559,0.0285,0.00665,0.00596,0.00348,0.00026,0.00269,0.0049,0.00608,0.18909,0.1014,0.01628,0.02394,0.15305,0.03441,0.00177,0.01451,0.46555,0.24564,0.33085,0.289,0.24564,0.289,138,0.8,1.08,1.06,0.72,0.92,0.9,0.9,1.04,1.03,0.86,0.96,0.95,reliever,1.1378210134643367,0.889,4.51077,4.44914,4.01007,3.95529,0.11508,0.11356,4.35511,4.35326,1.62774,1.62774,0.00979,189.41187499999998,0.40125,0.59875,R,0.20254,0.19669,0.12377,0.09347,0.02037,0.01354,0.02569,0.0272,0.14683,0.14739,0.03427,0.03282,0.003,0.00143,0.01885,0.0116,0.42469,0.47584
672335,Cionel Pérez,New,31,87.0,916.0,1200,0.19894,0.11058,0.01293,0.00658,0.02292,0.00203,0.03155,0.15566,0.4588,0.03215,0.02051,0.00358,0.00251,0.00339,0.00026,0.00277,0.0051,0.00614,0.20192,0.115,0.01293,0.02315,0.15255,0.03045,0.00182,0.00658,0.4556,0.24029,0.3359,0.28859,0.24029,0.28859,121,1.02,0.96,0.93,0.79,1.08,1.03,1.01,0.98,0.965,0.895,1.04,1.015,reliever,0.9796069743950532,0.889,4.44869,4.4137,3.95489,3.92378,0.11273,0.1118,4.3849,4.38636,1.29278,1.29278,0.01133,532.349336875,0.42835,0.57165,L,0.20718,0.19277,0.10844,0.11218,0.0122,0.01347,0.01986,0.02521,0.14186,0.16601,0.03065,0.03222,0.00258,0.00163,0.005,0.00777,0.47224,0.44874
677944,Slade Cecconi,Cle,28,316.0,1310.0,1207,0.19877,0.0628,0.00926,0.00896,0.03259,0.00293,0.03706,0.16313,0.48448,0.02557,0.01262,0.00257,0.00249,0.004,0.00035,0.00308,0.00566,0.00684,0.20374,0.06374,0.00926,0.03161,0.1615,0.0378,0.00222,0.00896,0.48116,0.25395,0.30614,0.29519,0.25395,0.29519,114,0.94,0.98,1.04,0.51,1.03,1.05,0.97,0.99,1.02,0.755,1.015,1.025,starter,5.1363594314209475,0.934,4.50924,4.41765,4.21163,4.12609,0.11906,0.11692,4.20822,4.19825,0.92634,0.92634,0.00602,927.8794437499998,0.49893,0.50107,R,0.20276,0.19479,0.07254,0.0531,0.00808,0.01044,0.03091,0.03426,0.15255,0.17367,0.03229,0.04181,0.00382,0.00205,0.01155,0.00639,0.48549,0.48348
685299,Tanner Gordon,Col,29,158.0,655.0,1200,0.19873,0.05632,0.00936,0.00493,0.0341,0.00347,0.05201,0.15652,0.48455,0.03355,0.01574,0.00355,0.00251,0.00417,0.0004,0.00381,0.00572,0.00725,0.1888,0.05632,0.00936,0.03513,0.16983,0.05799,0.00507,0.00493,0.47258,0.28838,0.33369,0.33012,0.28838,0.33012,115,1.06,1.17,1.23,1.92,1.0,0.9,1.03,1.085,1.115,1.46,1.0,0.95,starter,4.564328229421983,0.934,4.88915,5.60061,4.56647,5.23097,0.12834,0.14234,4.2327,4.37187,0.93553,0.93553,0.00606,476.0424999999999,0.48187,0.51813,R,0.20746,0.19061,0.06484,0.0484,0.00644,0.01206,0.04099,0.02769,0.14727,0.16513,0.04811,0.05564,0.00382,0.00315,0.00423,0.00558,0.47684,0.49173
680573,Simeon Woods Richardson,Tor,26,240.0,1324.0,1201,0.19871,0.09286,0.00632,0.00888,0.02884,0.00245,0.03585,0.15023,0.47586,0.02572,0.01519,0.00211,0.00247,0.00375,0.00028,0.00292,0.00525,0.00651,0.19573,0.09193,0.00632,0.03028,0.15023,0.03656,0.00211,0.00888,0.47796,0.24548,0.31744,0.28327,0.24548,0.28327,141,1.1,1.0,1.04,0.72,0.98,0.97,1.05,1.0,1.02,0.86,0.99,0.985,starter,4.629758551921867,0.934,4.39793,4.48005,4.10767,4.18436,0.11465,0.11664,4.2622,4.26774,0.6322,0.6322,0.00762,893.7346249999999,0.46081,0.53919,R,0.1988,0.19863,0.09959,0.0871,0.00691,0.00582,0.027,0.03041,0.15365,0.1473,0.03177,0.03933,0.00228,0.0026,0.01028,0.00768,0.46971,0.48112
691725,Andrew Painter,Phi,24,261.0,261.0,400,0.19861,0.07702,0.01137,0.01002,0.03169,0.00221,0.03202,0.15854,0.47852,0.04352,0.02362,0.00573,0.0051,0.00707,0.0005,0.0048,0.00973,0.01182,0.20159,0.07548,0.01137,0.03391,0.16091,0.03105,0.00222,0.01002,0.47344,0.25257,0.31495,0.29087,0.25257,0.29087,143,1.14,1.03,0.94,1.01,0.96,1.03,1.07,1.015,0.97,1.005,0.98,1.015,starter,4.833333333333333,0.934,4.42894,4.55171,4.13663,4.2513,0.11608,0.11894,4.23921,4.25225,1.13669,1.13669,0.00705,221.85,0.52928,0.47072,R,0.19458,0.20314,0.07206,0.0826,0.01114,0.01162,0.03039,0.03316,0.16285,0.15368,0.0336,0.03023,0.00213,0.0023,0.01043,0.00956,0.48281,0.4737
657044,Ryan Thompson,Ari,35,92.0,841.0,1200,0.19847,0.06931,0.01181,0.00293,0.02284,0.00289,0.04225,0.16327,0.48623,0.03253,0.01682,0.00356,0.00174,0.00356,0.00041,0.00353,0.00537,0.00672,0.18855,0.06862,0.01181,0.02193,0.1649,0.04542,0.00441,0.00293,0.49144,0.25817,0.31708,0.30407,0.25817,0.30407,109,0.92,1.02,1.15,2.05,0.98,0.9,0.96,1.01,1.075,1.525,0.99,0.95,reliever,0.9125498882968699,0.889,4.28697,4.45519,3.81112,3.96066,0.11244,0.11605,4.23627,4.2655,1.1809,1.1809,0.00687,515.1529178124999,0.43302,0.56698,R,0.16382,0.22494,0.07742,0.06312,0.0117,0.01189,0.0239,0.02203,0.16617,0.16105,0.04221,0.04228,0.00392,0.0021,0.00375,0.00231,0.50712,0.47027
663738,Daniel Lynch IV,Kan,30,111.0,1397.0,1200,0.19827,0.08285,0.01278,0.00779,0.02629,0.00252,0.0398,0.14879,0.4809,0.02732,0.01534,0.00292,0.00226,0.00349,0.00032,0.0033,0.00513,0.0065,0.18935,0.08285,0.01278,0.02406,0.14954,0.04358,0.00352,0.00779,0.48653,0.24616,0.31633,0.28783,0.24616,0.28783,118,0.83,1.01,1.19,1.79,1.0,0.91,0.915,1.005,1.095,1.395,1.0,0.955,reliever,1.5560158189020097,0.889,4.30547,4.38313,3.82756,3.89661,0.11282,0.1143,4.24044,4.26082,1.278,1.278,0.00668,792.64083125,0.39793,0.60207,L,0.20412,0.1944,0.08098,0.08409,0.0189,0.00874,0.01933,0.0309,0.1517,0.14687,0.03231,0.04476,0.00359,0.00181,0.00712,0.00823,0.48195,0.4802
605182,Mike Clevinger,Chi,36,31.0,1143.0,1200,0.19815,0.08338,0.01625,0.0054,0.02764,0.00197,0.03487,0.1534,0.47894,0.0312,0.01757,0.00361,0.00206,0.00357,0.00017,0.00283,0.0052,0.0064,0.19518,0.08463,0.01625,0.02723,0.15263,0.03365,0.0017,0.0054,0.48334,0.24079,0.31609,0.28001,0.24079,0.28001,145,0.97,0.99,0.93,0.72,1.03,0.97,0.985,0.995,0.965,0.86,1.015,0.985,reliever,3.031862745098039,0.889,4.36804,4.29431,3.88319,3.81764,0.11371,0.11202,4.26822,4.25931,1.62519,1.62519,0.00969,572.0777578125,0.45631,0.54369,R,0.20187,0.19503,0.09087,0.0771,0.00989,0.02159,0.03302,0.02313,0.14029,0.1644,0.03253,0.03683,0.00202,0.00193,0.00492,0.0058,0.4846,0.47418
663372,Ryan Feltner,Col,30,130.0,1586.0,1314,0.19796,0.08512,0.00953,0.00634,0.02894,0.00323,0.0384,0.16225,0.46823,0.02553,0.01452,0.00238,0.00192,0.00364,0.00037,0.003,0.00522,0.00635,0.18806,0.08512,0.00953,0.0298,0.17604,0.04282,0.00472,0.00634,0.45756,0.28185,0.34803,0.32824,0.28185,0.32824,115,1.06,1.17,1.23,1.92,1.0,0.9,1.03,1.085,1.115,1.46,1.0,0.95,starter,5.2052653339054435,0.934,4.7472,5.40677,4.43389,5.04992,0.12178,0.13446,4.33139,4.46801,0.95295,0.95295,0.00601,927.8411299999999,0.49697,0.50303,R,0.19577,0.20013,0.09599,0.07437,0.01039,0.00867,0.02699,0.03086,0.15298,0.17141,0.04083,0.036,0.00381,0.00267,0.00547,0.00721,0.46776,0.46869
669461,Matthew Liberatore,St.,27,289.0,1731.0,1293,0.1979,0.07833,0.00711,0.01179,0.02869,0.00235,0.04105,0.16295,0.46983,0.02326,0.01274,0.00197,0.00251,0.00371,0.00026,0.00315,0.00535,0.0065,0.188,0.0752,0.00711,0.02582,0.16947,0.04228,0.00202,0.01179,0.47831,0.26448,0.3219,0.30888,0.26448,0.30888,138,0.8,1.08,1.06,0.72,0.92,0.9,0.9,1.04,1.03,0.86,0.96,0.95,starter,4.280550928747813,0.934,4.62973,4.59808,4.32417,4.29461,0.12,0.11893,4.28686,4.29583,0.711,0.711,0.0098,1148.6750240625,0.28361,0.71639,L,0.2196,0.18931,0.0699,0.08167,0.0111,0.00553,0.02942,0.0284,0.16147,0.16354,0.03502,0.04344,0.00257,0.00226,0.00795,0.01331,0.46298,0.47254
682227,Brandon Williamson,Cin,29,128.0,678.0,800,0.19694,0.09599,0.01039,0.00729,0.03217,0.00272,0.03405,0.14944,0.47101,0.03563,0.02143,0.00368,0.00301,0.00478,0.00042,0.00373,0.00663,0.00822,0.19989,0.09934,0.01039,0.03587,0.1457,0.03439,0.00233,0.00729,0.46479,0.24722,0.32803,0.28186,0.24722,0.28186,113,1.23,0.95,1.02,0.71,1.07,1.03,1.115,0.975,1.01,0.855,1.035,1.015,starter,4.374173492370421,0.934,4.66568,4.85172,4.35774,4.53151,0.12017,0.12436,4.31402,4.335,1.03907,1.03907,0.00787,401.33844374999995,0.30491,0.69509,L,0.20767,0.19223,0.09264,0.09745,0.01248,0.00948,0.03221,0.03215,0.16207,0.1439,0.03078,0.03549,0.00308,0.00257,0.00843,0.00679,0.45064,0.47995
672710,Roansy Contreras,Col,27,51.0,1059.0,800,0.19688,0.09454,0.00779,0.00578,0.02619,0.0025,0.03827,0.14889,0.47916,0.03142,0.01877,0.0026,0.00221,0.00421,0.00031,0.00384,0.00634,0.00792,0.18704,0.09454,0.00779,0.02697,0.16154,0.04267,0.00365,0.00578,0.47002,0.2633,0.33716,0.30663,0.2633,0.30663,115,1.06,1.17,1.23,1.92,1.0,0.9,1.03,1.085,1.115,1.46,1.0,0.95,reliever,1.5984375375591933,0.889,4.35864,4.94556,3.87483,4.39661,0.11336,0.12504,4.27233,4.39474,0.77929,0.77929,0.01142,558.5344049999999,0.41894,0.58106,R,0.16682,0.21855,0.09823,0.09187,0.0059,0.00916,0.02754,0.02521,0.14541,0.15139,0.03464,0.04088,0.00295,0.00218,0.0063,0.00541,0.5122,0.45534
685314,Andrew Saalfrank,Ari,29,113.0,162.0,800,0.19679,0.09405,0.00362,0.01,0.02139,0.00241,0.03499,0.16167,0.47509,0.05207,0.03104,0.00385,0.00591,0.00403,0.00034,0.00375,0.00669,0.00786,0.18695,0.09311,0.00362,0.02053,0.16328,0.03761,0.00368,0.01,0.48122,0.252,0.32184,0.29831,0.252,0.29831,109,0.92,1.02,1.15,2.05,0.98,0.9,0.96,1.01,1.075,1.525,0.99,0.95,reliever,1.02045944005743,0.889,4.16427,4.3001,3.70204,3.82279,0.10831,0.11123,4.27206,4.29544,0.36204,0.36204,0.00909,103.04475624999998,0.38006,0.61994,L,0.19697,0.19667,0.12032,0.07794,0.00359,0.00364,0.02237,0.02079,0.15413,0.16629,0.03725,0.0336,0.00327,0.00189,0.00792,0.01127,0.45418,0.48791
666168,Mason Thompson,Was,29,60.0,401.0,800,0.19666,0.10081,0.01222,0.00541,0.02561,0.00192,0.03793,0.15267,0.46677,0.04386,0.02698,0.005,0.00321,0.00455,0.00028,0.00393,0.00654,0.00802,0.19076,0.09879,0.01222,0.02561,0.15725,0.03756,0.00188,0.00541,0.47052,0.25159,0.33331,0.29479,0.25159,0.29479,120,1.0,1.06,0.98,0.96,0.96,0.94,1.0,1.03,0.99,0.98,0.98,0.97,reliever,0.7619047619047619,0.889,4.57785,4.64372,4.06971,4.12827,0.11679,0.11809,4.35532,4.36934,1.22165,1.22165,0.00919,213.44573656249997,0.41923,0.58077,R,0.20337,0.19181,0.13595,0.07544,0.01296,0.01168,0.02409,0.02671,0.14348,0.1593,0.03901,0.03716,0.00322,0.00098,0.00452,0.00606,0.4334,0.49086
608718,Brent Suter,Los,37,156.0,1281.0,1200,0.19659,0.07161,0.00873,0.00415,0.02754,0.00199,0.03372,0.16608,0.48959,0.02739,0.01443,0.00252,0.00172,0.00377,0.00022,0.00293,0.0056,0.00676,0.20151,0.07161,0.00873,0.0285,0.16441,0.03271,0.00195,0.00415,0.48642,0.24858,0.30792,0.29041,0.24858,0.29041,108,1.07,0.98,0.94,0.96,1.0,1.05,1.035,0.99,0.97,0.98,1.0,1.025,reliever,1.431146687784459,0.889,4.26752,4.24212,3.79382,3.77125,0.11237,0.11198,4.21972,4.20906,0.8726,0.8726,0.00651,781.77492,0.3904,0.6096,L,0.18885,0.20155,0.07112,0.07193,0.01104,0.00725,0.03286,0.02413,0.16395,0.16744,0.02825,0.03723,0.00353,0.001,0.0037,0.00444,0.49669,0.48504
593974,Wandy Peralta,San,35,128.0,1053.0,1200,0.1963,0.09634,0.0149,0.00496,0.02396,0.00179,0.03075,0.15862,0.47237,0.02951,0.0178,0.0036,0.00205,0.00347,0.00023,0.0029,0.00522,0.00633,0.19826,0.09682,0.0149,0.0248,0.15545,0.02891,0.00154,0.00496,0.47436,0.23853,0.32242,0.28155,0.23853,0.28155,135,1.07,0.96,0.88,0.72,1.01,1.02,1.035,0.98,0.94,0.86,1.005,1.01,reliever,1.0085044661542426,0.889,4.32414,4.22655,3.84416,3.75741,0.11111,0.10924,4.32431,4.29912,1.48951,1.48951,0.00664,651.8724534374999,0.42715,0.57285,L,0.22007,0.17857,0.09243,0.09926,0.02211,0.00952,0.02691,0.02177,0.1546,0.16162,0.02934,0.03181,0.00222,0.00147,0.00398,0.0057,0.44835,0.49028
693821,Bryce Elder,Atl,28,342.0,2206.0,1296,0.19629,0.07993,0.00957,0.00637,0.02421,0.00356,0.03224,0.15762,0.49021,0.0212,0.01175,0.00204,0.00165,0.00331,0.00056,0.0026,0.00516,0.00618,0.20022,0.07953,0.00957,0.02348,0.16077,0.03143,0.00342,0.00637,0.48521,0.24223,0.30821,0.28733,0.24223,0.28733,144,0.94,1.04,0.95,0.92,0.99,1.04,0.97,1.02,0.975,0.96,0.995,1.02,starter,5.6511259068093365,0.934,4.0593,4.04316,3.79139,3.77631,0.10728,0.10669,4.20424,4.21079,0.95696,0.95696,0.00698,1402.8994309374998,0.52315,0.47685,R,0.18329,0.21056,0.09257,0.06605,0.00813,0.01115,0.02333,0.02517,0.14052,0.17638,0.03,0.0347,0.00399,0.00308,0.00899,0.0035,0.50917,0.46941
676568,Ricky Vanasco,Det,28,40.0,55.0,800,0.19625,0.09105,0.00649,0.00468,0.02929,0.00221,0.03844,0.15083,0.48076,0.0601,0.03535,0.00689,0.00515,0.00461,0.0003,0.0039,0.00618,0.00796,0.19526,0.09059,0.00649,0.02944,0.15159,0.0369,0.0028,0.00468,0.48224,0.24574,0.31781,0.28401,0.24574,0.28401,116,1.01,1.01,0.92,1.54,0.99,0.99,1.005,1.005,0.96,1.27,0.995,0.995,reliever,1.1831104686182385,0.889,4.49465,4.48684,3.99575,3.9888,0.11687,0.11675,4.2732,4.27009,0.64898,0.64898,0.00914,34.0,0.40392,0.59608,R,0.19324,0.19828,0.09331,0.08952,0.00463,0.00775,0.02841,0.02989,0.15153,0.15036,0.03324,0.04196,0.0019,0.00241,0.00377,0.0053,0.48996,0.47453
471911,Carlos Carrasco,Atl,40,37.0,1758.0,1200,0.19624,0.0754,0.01136,0.0047,0.03011,0.00307,0.04446,0.1533,0.48137,0.02504,0.01352,0.00247,0.00158,0.00384,0.00052,0.0035,0.00548,0.00684,0.20017,0.07502,0.01136,0.0292,0.15636,0.04335,0.00295,0.0047,0.47689,0.2551,0.31824,0.29823,0.2551,0.29823,144,0.94,1.04,0.95,0.92,0.99,1.04,0.97,1.02,0.975,0.96,0.995,1.02,starter,4.458172149634131,0.934,4.67291,4.63502,4.3645,4.32911,0.12161,0.12053,4.26933,4.27279,1.13581,1.13581,0.00801,963.0004078124999,0.51562,0.48438,R,0.18856,0.20443,0.09107,0.05872,0.00629,0.01675,0.02929,0.03097,0.15394,0.15261,0.03841,0.0509,0.00346,0.00265,0.00428,0.00514,0.48469,0.47783
675512,Troy Melton,Det,26,102.0,282.0,800,0.19581,0.07752,0.00795,0.00701,0.03557,0.00288,0.0344,0.14951,0.48936,0.04359,0.02385,0.00466,0.00416,0.00512,0.00044,0.00346,0.00639,0.00818,0.19483,0.07713,0.00795,0.03574,0.15026,0.03302,0.00366,0.00701,0.4904,0.24527,0.30775,0.27598,0.24527,0.27598,116,1.01,1.01,0.92,1.54,0.99,0.99,1.005,1.005,0.96,1.27,0.995,0.995,starter,4.272168734384423,0.934,4.50649,4.51593,4.20906,4.21788,0.11898,0.11924,4.2084,4.20804,0.79451,0.79451,0.00887,216.75,0.5083,0.4917,R,0.1768,0.21546,0.09275,0.06177,0.00729,0.00862,0.03903,0.03198,0.13393,0.16561,0.0341,0.03471,0.00345,0.00229,0.00824,0.00575,0.50441,0.47381
544150,Albert Suárez,Bal,37,116.0,725.0,1210,0.19566,0.08056,0.00606,0.00925,0.02792,0.00243,0.03823,0.15264,0.48724,0.03332,0.01856,0.00273,0.00329,0.00361,0.00029,0.00309,0.00545,0.0066,0.19371,0.07774,0.00606,0.02918,0.15569,0.03842,0.00269,0.00925,0.48726,0.24916,0.30978,0.28769,0.24916,0.28769,110,1.09,1.04,1.01,1.21,0.93,0.98,1.045,1.02,1.005,1.105,0.965,0.99,starter,3.6887422454555128,0.934,4.2647,4.38067,3.98323,4.09155,0.11259,0.11533,4.20857,4.22038,0.60573,0.60573,0.0092,477.370625,0.45622,0.54378,R,0.1883,0.20184,0.09711,0.06668,0.00452,0.00734,0.03278,0.02385,0.15166,0.15346,0.03586,0.04021,0.00324,0.00176,0.00615,0.01186,0.48038,0.493
676106,Emerson Hancock,Sea,28,292.0,992.0,1200,0.19563,0.07231,0.01481,0.00523,0.02742,0.0024,0.03507,0.16029,0.48685,0.02837,0.01504,0.00369,0.00216,0.00373,0.00031,0.00293,0.00547,0.0066,0.21323,0.07051,0.01481,0.02714,0.15227,0.03349,0.00167,0.00523,0.48164,0.23594,0.29989,0.28013,0.23594,0.28013,136,0.98,0.9,0.91,0.39,0.95,1.18,0.99,0.95,0.955,0.695,0.975,1.09,starter,4.9743625785896555,0.934,4.32201,3.98156,4.03676,3.71878,0.11337,0.10633,4.23583,4.16077,1.48098,1.48098,0.00615,715.29805625,0.50219,0.49781,R,0.19919,0.19204,0.08878,0.0557,0.00974,0.01992,0.02863,0.0262,0.15662,0.16398,0.02992,0.04027,0.00277,0.00202,0.00459,0.00589,0.47976,0.49399
607067,Colin Rea,Chi,36,304.0,2197.0,1437,0.19553,0.07008,0.01092,0.00726,0.02781,0.00361,0.04102,0.16522,0.47855,0.02089,0.01092,0.00218,0.00176,0.00329,0.00039,0.00281,0.00513,0.00617,0.19847,0.07043,0.01092,0.02767,0.16192,0.03692,0.00395,0.00726,0.48247,0.25286,0.31181,0.29592,0.25286,0.29592,112,0.99,0.96,0.8,1.19,1.01,1.03,0.995,0.98,0.9,1.095,1.005,1.015,starter,5.070265113188188,0.934,4.6177,4.40192,4.31293,4.11139,0.12001,0.11555,4.27539,4.23281,1.0925,1.0925,0.00465,1445.05748125,0.51702,0.48298,R,0.18983,0.20164,0.08163,0.05771,0.00726,0.01485,0.03039,0.02505,0.17017,0.15992,0.04499,0.03677,0.00446,0.00269,0.00724,0.00728,0.46403,0.49409
621199,Matt Bowman,Bal,36,114.0,266.0,1200,0.19518,0.07983,0.01409,0.00471,0.03709,0.00215,0.03548,0.14737,0.4841,0.04633,0.02572,0.00633,0.00348,0.00436,0.0002,0.00288,0.00528,0.00676,0.19323,0.07703,0.01409,0.03876,0.15032,0.03565,0.00237,0.00471,0.48382,0.25118,0.31824,0.28021,0.25118,0.28021,110,1.09,1.04,1.01,1.21,0.93,0.98,1.045,1.02,1.005,1.105,0.965,0.99,reliever,1.2299080157687252,0.889,4.71398,4.85342,4.19073,4.31469,0.12299,0.12621,4.25884,4.27275,1.40929,1.40929,0.00743,163.4295,0.41704,0.58296,R,0.18589,0.20183,0.08909,0.0732,0.01382,0.01429,0.03768,0.03668,0.15129,0.14457,0.0315,0.03832,0.00281,0.00168,0.00477,0.00467,0.48316,0.48477
592866,Trevor Williams,Was,35,373.0,1664.0,800,0.1951,0.07038,0.00681,0.01055,0.02461,0.00404,0.03422,0.16683,0.48747,0.02527,0.01324,0.00197,0.00242,0.00432,0.00118,0.00353,0.00705,0.00833,0.18925,0.06897,0.00681,0.02461,0.17183,0.03388,0.00396,0.01055,0.49015,0.25641,0.31005,0.2996,0.25641,0.2996,120,1.0,1.06,0.98,0.96,0.96,0.94,1.0,1.03,0.99,0.98,0.98,0.97,starter,4.970707311264587,0.934,4.16959,4.25171,3.89439,3.9711,0.11023,0.11189,4.20274,4.22207,0.68097,0.68097,0.00397,938.2254949999998,0.5114,0.4886,R,0.1555,0.23655,0.0774,0.06303,0.00576,0.0079,0.02394,0.0253,0.184,0.14886,0.03611,0.03223,0.00657,0.0014,0.0111,0.00998,0.49963,0.47475
664353,José Urquidy,Pit,32,36.0,1006.0,800,0.19502,0.0727,0.00909,0.00694,0.02636,0.00242,0.04066,0.15722,0.48959,0.03304,0.01758,0.00288,0.00247,0.00438,0.00036,0.00408,0.00667,0.00826,0.19307,0.07234,0.00909,0.02385,0.15879,0.04411,0.00217,0.00694,0.48963,0.25112,0.31036,0.29519,0.25112,0.29519,134,0.81,1.02,1.17,0.79,0.99,0.98,0.905,1.01,1.085,0.895,0.995,0.99,reliever,1.242818971275885,0.889,4.28552,4.28191,3.80982,3.80662,0.11304,0.11264,4.21227,4.22392,0.9094,0.9094,0.00666,476.3150365624999,0.448,0.552,R,0.20332,0.18828,0.07413,0.07154,0.01046,0.00798,0.02251,0.02948,0.13672,0.17385,0.0491,0.03381,0.00295,0.00199,0.00587,0.00781,0.49493,0.48525
700669,Gordon Graceffo,St.,27,121.0,345.0,1200,0.1947,0.07892,0.01147,0.01682,0.02635,0.00262,0.03758,0.15583,0.47571,0.04107,0.02271,0.00516,0.00596,0.00352,0.00039,0.0031,0.00538,0.00645,0.18497,0.07576,0.01147,0.02372,0.16206,0.0387,0.00226,0.01682,0.48424,0.25307,0.31397,0.2954,0.25307,0.2954,138,0.8,1.08,1.06,0.72,0.92,0.9,0.9,1.04,1.03,0.86,0.96,0.95,reliever,1.6178133461567756,0.889,4.30853,4.27756,3.83029,3.80275,0.11294,0.11193,4.23878,4.2462,1.14732,1.14732,0.00742,261.330375,0.41651,0.58349,R,0.18851,0.19912,0.09186,0.06968,0.00727,0.01447,0.02719,0.02575,0.1396,0.16741,0.03826,0.03709,0.00278,0.00251,0.01391,0.01889,0.4906,0.46507
663465,Kolby Allard,Cle,29,45.0,571.0,1200,0.19464,0.06695,0.00595,0.00553,0.02998,0.00197,0.03548,0.16133,0.49816,0.03652,0.01872,0.00301,0.00282,0.00395,0.00021,0.00313,0.00568,0.00696,0.19951,0.06795,0.00595,0.02908,0.15972,0.03619,0.00149,0.00553,0.49458,0.24602,0.30038,0.28527,0.24602,0.28527,114,0.94,0.98,1.04,0.51,1.03,1.05,0.97,0.99,1.02,0.755,1.015,1.025,reliever,2.4315106490635165,0.889,4.22918,4.15479,3.75974,3.69361,0.11265,0.11087,4.17135,4.1637,0.59541,0.59541,0.00564,370.12233718749997,0.33599,0.66401,L,0.21094,0.1864,0.07256,0.0641,0.00643,0.00571,0.02546,0.03226,0.16019,0.16191,0.03228,0.0371,0.00239,0.00176,0.00444,0.00608,0.48531,0.50467
669194,Ryne Nelson,Ari,29,304.0,2241.0,1323,0.19459,0.06736,0.00555,0.00967,0.02781,0.00435,0.04283,0.15468,0.49318,0.02084,0.01072,0.00154,0.00201,0.00359,0.00054,0.00314,0.00526,0.00658,0.18486,0.06668,0.00555,0.02669,0.15623,0.04604,0.00664,0.00967,0.49765,0.25661,0.30783,0.29566,0.25661,0.29566,109,0.92,1.02,1.15,2.05,0.98,0.9,0.96,1.01,1.075,1.525,0.99,0.95,starter,5.123808170140958,0.934,4.3163,4.50616,4.03143,4.20875,0.11482,0.11897,4.17675,4.20848,0.55477,0.55477,0.00633,1446.2637853124997,0.48203,0.51797,R,0.1764,0.21152,0.07637,0.05897,0.00622,0.00492,0.02559,0.02987,0.14557,0.16316,0.03879,0.04658,0.00531,0.00346,0.0095,0.00982,0.51626,0.4717
623437,Justin Topa,Min,36,92.0,682.0,1200,0.1945,0.07827,0.01165,0.00975,0.02136,0.00226,0.04179,0.16208,0.47834,0.03434,0.01892,0.00388,0.00347,0.00323,0.00031,0.00346,0.00531,0.00662,0.19159,0.07788,0.01165,0.02104,0.16532,0.04409,0.00208,0.00975,0.47661,0.25815,0.32205,0.30735,0.25815,0.30735,142,0.97,1.04,1.11,0.84,0.99,0.97,0.985,1.02,1.055,0.92,0.995,0.985,reliever,1.0277277827225288,0.889,4.28571,4.41429,3.81,3.9243,0.11158,0.11415,4.26752,4.29678,1.16485,1.16485,0.00561,432.9994296874999,0.42077,0.57923,R,0.19561,0.1937,0.0914,0.06874,0.01036,0.01259,0.02207,0.02084,0.14938,0.17131,0.04446,0.03985,0.00353,0.00133,0.00995,0.0096,0.47325,0.48204
594902,Ben Lively,Cle,35,178.0,1193.0,860,0.19449,0.0767,0.00697,0.00139,0.02672,0.00309,0.0389,0.15825,0.49349,0.02828,0.01544,0.00233,0.00103,0.00427,0.00048,0.00353,0.00648,0.00794,0.19936,0.07785,0.00697,0.02592,0.15666,0.03968,0.00233,0.00139,0.48984,0.24578,0.30942,0.28855,0.24578,0.28855,114,0.94,0.98,1.04,0.51,1.03,1.05,0.97,0.99,1.02,0.755,1.015,1.025,starter,5.143921692088269,0.934,4.33012,4.25337,4.04433,3.97265,0.11386,0.11204,4.22558,4.21816,0.69726,0.69726,0.00509,716.6603937499999,0.47129,0.52871,R,0.18843,0.1999,0.09553,0.05991,0.00449,0.00919,0.03133,0.02262,0.14765,0.16769,0.03943,0.03842,0.00349,0.00273,0.00152,0.00127,0.48813,0.49828
677865,Justin Bruihl,St.,30,132.0,445.0,1200,0.1944,0.08682,0.02834,0.01738,0.02711,0.00194,0.03622,0.1473,0.46049,0.03999,0.02311,0.00723,0.00549,0.00357,0.00025,0.00325,0.00517,0.00642,0.18468,0.08335,0.02834,0.02439,0.15319,0.03731,0.00167,0.01738,0.46969,0.24866,0.32825,0.29035,0.24866,0.29035,138,0.8,1.08,1.06,0.72,0.92,0.9,0.9,1.04,1.03,0.86,0.96,0.95,reliever,0.9452917903327686,0.889,4.5427,4.49586,4.03846,3.99682,0.11649,0.1152,4.33304,4.33641,2.83355,2.83355,0.00844,283.2771625,0.45755,0.54245,L,0.20853,0.18249,0.07876,0.09362,0.02917,0.02763,0.02295,0.03061,0.15058,0.14453,0.03276,0.03914,0.00264,0.00135,0.01365,0.02053,0.46095,0.46011
668933,Graham Ashcraft,Cin,29,109.0,1831.0,1200,0.19407,0.08472,0.01302,0.0035,0.02242,0.00281,0.03799,0.16389,0.4776,0.02407,0.01376,0.00259,0.00134,0.00335,0.00044,0.00305,0.00539,0.0065,0.19698,0.08769,0.01302,0.025,0.15979,0.03837,0.0024,0.0035,0.47327,0.25179,0.32626,0.29764,0.25179,0.29764,113,1.23,0.95,1.02,0.71,1.07,1.03,1.115,0.975,1.01,0.855,1.035,1.015,reliever,2.7066292473506057,0.889,4.42409,4.52591,3.93302,4.02353,0.11393,0.11631,4.31454,4.32362,1.30173,1.30173,0.01111,1044.3949149999999,0.44857,0.55143,R,0.20254,0.18718,0.08694,0.08291,0.00837,0.0168,0.02405,0.02109,0.1611,0.16616,0.02858,0.04564,0.00373,0.00205,0.00322,0.00372,0.48147,0.47445
678394,Brayan Bello,Bos,28,282.0,2620.0,1401,0.19405,0.08377,0.01255,0.00796,0.02417,0.00212,0.03342,0.1739,0.46807,0.01964,0.01117,0.00214,0.0017,0.00327,0.00026,0.00275,0.00517,0.00609,0.19211,0.08293,0.01255,0.02223,0.17825,0.03626,0.00201,0.00796,0.4657,0.2663,0.33423,0.31738,0.2663,0.31738,111,0.84,1.05,1.17,0.9,0.98,0.98,0.92,1.025,1.085,0.95,0.99,0.99,starter,5.497398065244019,0.934,4.54465,4.62018,4.2447,4.31525,0.11616,0.11733,4.34723,4.37539,1.25467,1.25467,0.00684,1644.1789487499998,0.54989,0.45011,R,0.16684,0.22729,0.09643,0.0683,0.01242,0.0127,0.02757,0.02,0.16841,0.18061,0.03515,0.03131,0.00279,0.00129,0.00809,0.00781,0.4823,0.45068
641302,Tyler Alexander,Tex,32,117.0,1603.0,1200,0.1934,0.06206,0.00765,0.00918,0.02704,0.00222,0.03687,0.16224,0.49934,0.02484,0.01232,0.00212,0.0023,0.00365,0.00027,0.00313,0.00561,0.00679,0.19533,0.06051,0.00765,0.02582,0.15738,0.03503,0.002,0.00918,0.5071,0.23869,0.28838,0.27712,0.23869,0.27712,140,0.91,0.94,0.9,0.8,0.95,1.02,0.955,0.97,0.95,0.9,0.975,1.01,reliever,2.9077985704226847,0.889,4.08942,3.81086,3.6355,3.38785,0.10949,0.10344,4.15008,4.0935,0.76507,0.76507,0.00361,968.4396746874999,0.36736,0.63264,L,0.18864,0.19616,0.04885,0.06973,0.00934,0.00667,0.02799,0.02649,0.16708,0.15943,0.03456,0.03822,0.00215,0.00226,0.00966,0.00891,0.51172,0.49214
702795,Ryan Loutos,Was,28,68.0,78.0,800,0.19332,0.092,0.0182,0.00919,0.03415,0.0026,0.03585,0.14847,0.46622,0.05798,0.03446,0.0106,0.00676,0.0053,0.0004,0.00376,0.00665,0.00816,0.18752,0.09016,0.0182,0.03415,0.15292,0.0355,0.00254,0.00919,0.46982,0.25509,0.33347,0.28899,0.25509,0.28899,120,1.0,1.06,0.98,0.96,0.96,0.94,1.0,1.03,0.99,0.98,0.98,0.97,reliever,0.9684809958945835,0.889,4.91153,4.97871,4.36635,4.42607,0.12528,0.12658,4.35601,4.37041,1.82033,1.82033,0.00762,49.129999999999995,0.41367,0.58633,R,0.2048,0.18522,0.10232,0.08472,0.01724,0.01888,0.03111,0.03629,0.14412,0.15153,0.03467,0.03669,0.00376,0.00177,0.0079,0.0101,0.45408,0.47479
691951,Sam Aldegheri,Los,25,51.0,191.0,1200,0.19327,0.10482,0.02537,0.0155,0.03313,0.00237,0.03494,0.14203,0.44859,0.04901,0.03087,0.00954,0.00699,0.00399,0.00031,0.00296,0.00527,0.00648,0.1981,0.10482,0.02537,0.03429,0.14061,0.03389,0.00232,0.0155,0.44511,0.2471,0.34129,0.2843,0.2471,0.2843,108,1.07,0.98,0.94,0.96,1.0,1.05,1.035,0.99,0.97,0.98,1.0,1.025,starter,3.5260239159156126,0.934,5.0378,5.0258,4.7053,4.69409,0.12631,0.12627,4.43142,4.4223,2.53732,2.53732,0.00936,137.23887499999998,0.35294,0.64706,L,0.18896,0.19562,0.1284,0.09195,0.01467,0.03121,0.03522,0.03199,0.142,0.14204,0.03353,0.0357,0.0033,0.00186,0.01103,0.01793,0.44289,0.4517
687223,Carson Palmquist,Col,26,175.0,175.0,400,0.19321,0.11053,0.0152,0.02312,0.02871,0.00298,0.04038,0.13809,0.44778,0.04995,0.03221,0.00765,0.00873,0.00633,0.00057,0.00535,0.00854,0.01088,0.18355,0.11053,0.0152,0.02957,0.14983,0.04502,0.00436,0.02312,0.43883,0.26879,0.35451,0.31222,0.26879,0.31222,115,1.06,1.17,1.23,1.92,1.0,0.9,1.03,1.085,1.115,1.46,1.0,0.95,starter,3.814814814814815,0.934,4.79833,5.4156,4.48164,5.05817,0.12155,0.13334,4.38633,4.51283,1.52005,1.52005,0.0078,126.43749999999999,0.344,0.656,L,0.23061,0.17359,0.11159,0.10997,0.01412,0.01577,0.02735,0.02943,0.13928,0.13746,0.03819,0.04152,0.00477,0.00205,0.01234,0.02877,0.42174,0.46144
702352,Spencer Bivens,San,33,343.0,545.0,1200,0.19296,0.07149,0.011,0.00574,0.02652,0.00304,0.03208,0.16708,0.49009,0.03634,0.01926,0.00417,0.00293,0.00368,0.00041,0.00287,0.00553,0.00669,0.19006,0.06899,0.011,0.0236,0.16959,0.03336,0.00357,0.00574,0.49408,0.2517,0.31011,0.29478,0.2517,0.29478,137,0.78,1.03,1.08,1.35,0.93,0.97,0.89,1.015,1.04,1.175,0.965,0.985,reliever,1.6022512115311538,0.889,4.26696,4.18377,3.79333,3.71938,0.1121,0.11009,4.22917,4.22244,1.10018,1.10018,0.00732,371.87074999999993,0.46174,0.53826,R,0.17933,0.20464,0.0874,0.05784,0.00767,0.01386,0.02956,0.02391,0.17205,0.16282,0.02912,0.03461,0.00314,0.00295,0.00525,0.00617,0.48647,0.49319
663623,Jake Irvin,Was,30,228.0,2314.0,1562,0.19278,0.08193,0.01039,0.00445,0.03666,0.00363,0.03974,0.15697,0.47345,0.02036,0.01149,0.00207,0.00135,0.00369,0.00037,0.00276,0.00474,0.00593,0.187,0.08029,0.01039,0.03666,0.16168,0.03935,0.00356,0.00445,0.47663,0.2666,0.33192,0.30032,0.2666,0.30032,120,1.0,1.06,0.98,0.96,0.96,0.94,1.0,1.03,0.99,0.98,0.98,0.97,starter,5.4320891145657795,0.934,5.12109,5.19667,4.7831,4.85369,0.13101,0.13242,4.34336,4.36027,1.0391,1.0391,0.00572,1511.3329374999996,0.54133,0.45867,R,0.18602,0.20076,0.09151,0.07061,0.01093,0.00976,0.04204,0.03031,0.14724,0.16844,0.04327,0.03559,0.00478,0.00227,0.0038,0.00521,0.47041,0.47704
669422,Matt Sauer,Los,28,129.0,213.0,800,0.19258,0.0849,0.01323,0.01147,0.03048,0.00287,0.04077,0.14947,0.47423,0.04831,0.02773,0.00666,0.00583,0.00472,0.00042,0.00428,0.00678,0.00836,0.19354,0.08575,0.01323,0.03505,0.14424,0.03935,0.00239,0.01147,0.47498,0.24848,0.32001,0.28138,0.24848,0.28138,119,1.3,0.93,0.93,0.67,1.02,1.01,1.15,0.965,0.965,0.835,1.01,1.005,reliever,2.392843474933027,0.889,4.67505,4.76278,4.15612,4.23411,0.12095,0.12353,4.2947,4.28389,1.32291,1.32291,0.00844,144.789,0.42857,0.57143,R,0.18529,0.19805,0.09967,0.07382,0.01169,0.01439,0.02808,0.03228,0.14777,0.15075,0.04516,0.03748,0.00442,0.00171,0.01262,0.0106,0.46529,0.48093
695076,Rhett Lowder,Cin,25,182.0,310.0,800,0.19244,0.10602,0.00481,0.00191,0.02173,0.00236,0.03666,0.16391,0.47016,0.04236,0.02686,0.0035,0.0021,0.00396,0.0003,0.00374,0.00693,0.00811,0.19533,0.10973,0.00481,0.02422,0.15981,0.03703,0.00202,0.00191,0.46514,0.25249,0.33763,0.29949,0.25249,0.29949,113,1.23,0.95,1.02,0.71,1.07,1.03,1.115,0.975,1.01,0.855,1.035,1.015,starter,4.773544584643445,0.934,4.54274,4.65831,4.24292,4.35086,0.11514,0.11769,4.3837,4.39783,0.48106,0.48106,0.00594,233.308,0.4902,0.5098,R,0.18662,0.19803,0.14228,0.07116,0.00381,0.00577,0.02375,0.01978,0.14594,0.18119,0.03615,0.03715,0.00322,0.00153,0.00183,0.00198,0.45639,0.48341
641672,Thomas Hatch,Min,32,152.0,307.0,400,0.19234,0.09426,0.00743,0.00426,0.03265,0.00224,0.0324,0.15133,0.48307,0.04505,0.02712,0.00436,0.00315,0.00696,0.00037,0.0045,0.00895,0.01118,0.18946,0.09379,0.00743,0.03216,0.15436,0.03418,0.00206,0.00426,0.48229,0.24904,0.32399,0.28327,0.24904,0.28327,142,0.97,1.04,1.11,0.84,0.99,0.97,0.985,1.02,1.055,0.92,0.995,0.985,reliever,2.8333333333333335,0.889,4.57188,4.66701,4.0644,4.14897,0.11853,0.12034,4.28588,4.30914,0.74319,0.74319,0.0076,188.69514437499998,0.49148,0.50852,R,0.17812,0.20609,0.1027,0.0861,0.00633,0.0085,0.03372,0.03162,0.14644,0.15607,0.03665,0.0283,0.00276,0.00174,0.00455,0.00398,0.48874,0.4776
670174,Josh Winckowski,Bos,29,52.0,1071.0,800,0.19234,0.083,0.00945,0.00908,0.02532,0.002,0.03538,0.16723,0.4762,0.03078,0.01749,0.00285,0.00275,0.00427,0.00024,0.00353,0.00679,0.00803,0.19041,0.08217,0.00945,0.02329,0.17141,0.03839,0.0019,0.00908,0.47389,0.2613,0.32661,0.30878,0.2613,0.30878,111,0.84,1.05,1.17,0.9,0.98,0.98,0.92,1.025,1.085,0.95,0.99,0.99,reliever,1.9067987567987568,0.889,4.44535,4.51631,3.95192,4.015,0.1149,0.116,4.29885,4.32587,0.94493,0.94493,0.00562,575.7031724999999,0.45408,0.54592,R,0.20195,0.18434,0.08849,0.07843,0.01037,0.00868,0.02521,0.02541,0.16714,0.1673,0.0321,0.03811,0.00256,0.00154,0.00857,0.00951,0.4636,0.48668
641343,Jake Bauers,Mil,31,29.0,49.0,800,0.19232,0.09341,0.0223,0.01076,0.02529,0.00229,0.03708,0.15072,0.46583,0.06125,0.03672,0.01295,0.00791,0.00425,0.00038,0.00378,0.00638,0.00777,0.20193,0.09574,0.0223,0.02554,0.1477,0.03467,0.00221,0.01076,0.45913,0.2412,0.32817,0.28676,0.2412,0.28676,158,1.02,0.96,0.87,0.93,1.05,1.1,1.01,0.98,0.935,0.965,1.025,1.05,reliever,1.0,0.889,4.5677,4.44888,4.06068,3.95505,0.11654,0.11401,4.35484,4.33593,2.22956,2.22956,0.00797,20.952499999999997,0.40161,0.59839,L,0.19232,0.19232,0.09341,0.09341,0.0223,0.0223,0.02529,0.02529,0.15072,0.15072,0.03708,0.03708,0.00229,0.00229,0.01076,0.01076,0.46583,0.46583
669020,Ryan Rolison,Chi,29,92.0,285.0,800,0.19221,0.10103,0.0024,0.00943,0.02718,0.00245,0.0315,0.16208,0.47172,0.04323,0.02685,0.00256,0.0048,0.00454,0.00035,0.0034,0.00677,0.00788,0.1951,0.10153,0.0024,0.02704,0.15884,0.02835,0.00268,0.00943,0.47463,0.24465,0.32085,0.28574,0.24465,0.28574,112,0.99,0.96,0.8,1.19,1.01,1.03,0.995,0.98,0.9,1.095,1.005,1.015,reliever,1.3051252172213799,0.889,4.50279,4.31926,4.00298,3.83982,0.11565,0.11189,4.32604,4.28916,0.24003,0.24003,0.00901,217.64249999999998,0.41443,0.58557,L,0.20971,0.17983,0.1033,0.09942,0.00233,0.00245,0.02055,0.03187,0.15101,0.16992,0.03079,0.032,0.00362,0.00162,0.00886,0.00983,0.46984,0.47306
687064,Brandon Young,Bal,28,214.0,470.0,800,0.19214,0.08288,0.00341,0.01156,0.0306,0.00257,0.04069,0.15159,0.48455,0.03645,0.02071,0.00248,0.0044,0.0048,0.00037,0.00409,0.00662,0.0084,0.19022,0.07998,0.00341,0.03198,0.15463,0.0409,0.00284,0.01156,0.48449,0.25451,0.31373,0.29049,0.25451,0.29049,110,1.09,1.04,1.01,1.21,0.93,0.98,1.045,1.02,1.005,1.105,0.965,0.99,starter,5.144606689387235,0.934,4.48607,4.60963,4.18999,4.30539,0.11777,0.12066,4.23248,4.2447,0.34111,0.34111,0.00687,366.86,0.52388,0.47612,R,0.16871,0.21792,0.09617,0.06826,0.00341,0.00342,0.03056,0.03066,0.14066,0.16362,0.0435,0.0376,0.00304,0.00206,0.01123,0.01191,0.50272,0.46455
663773,Bryan Hoeing,San,30,36.0,611.0,800,0.19206,0.07851,0.00416,0.00796,0.0209,0.0019,0.03308,0.17129,0.49014,0.03741,0.02074,0.00245,0.00328,0.00394,0.00022,0.00352,0.00689,0.00802,0.19398,0.0789,0.00416,0.02163,0.16786,0.0311,0.00164,0.00796,0.49277,0.24448,0.30529,0.28931,0.24448,0.28931,135,1.07,0.96,0.88,0.72,1.01,1.02,1.035,0.98,0.94,0.86,1.005,1.01,reliever,1.5134405020945274,0.889,4.01203,3.89958,3.5667,3.46673,0.10562,0.10333,4.22076,4.1931,0.41623,0.41623,0.01228,340.7321740624999,0.38117,0.61883,R,0.19251,0.19179,0.0951,0.06828,0.00368,0.00446,0.02335,0.01939,0.1595,0.17855,0.02969,0.03517,0.00175,0.002,0.00668,0.00875,0.48773,0.49162
606930,Jacob Barnes,Tor,37,36.0,471.0,800,0.1919,0.0772,0.00703,0.01323,0.02787,0.00232,0.03507,0.16239,0.48299,0.04037,0.02222,0.00356,0.0047,0.00469,0.00032,0.00359,0.00696,0.00835,0.18903,0.07643,0.00703,0.02926,0.16239,0.03577,0.00199,0.01323,0.48487,0.25396,0.31287,0.29218,0.25396,0.29218,141,1.1,1.0,1.04,0.72,0.98,0.97,1.05,1.0,1.02,0.86,0.99,0.985,reliever,1.0832776168189584,0.889,4.33498,4.41659,3.8538,3.92635,0.11378,0.11576,4.23321,4.23936,0.70347,0.70347,0.0083,271.00442156249994,0.35673,0.64327,R,0.18778,0.19419,0.10122,0.06388,0.00818,0.0064,0.03439,0.02425,0.13585,0.1771,0.03414,0.03558,0.00278,0.00206,0.01244,0.01367,0.48322,0.48287
681151,Jayden Murray,Hou,30,53.0,100.0,800,0.19184,0.08999,0.00487,0.00827,0.03206,0.00219,0.03911,0.15077,0.4809,0.05473,0.0323,0.00517,0.00609,0.005,0.00024,0.00392,0.00657,0.00823,0.1976,0.09089,0.00487,0.03446,0.14926,0.03852,0.00187,0.00827,0.47425,0.25014,0.31988,0.28567,0.25014,0.28567,117,1.15,0.98,0.97,0.71,1.02,1.06,1.075,0.99,0.985,0.855,1.01,1.03,reliever,1.4684303350970016,0.889,4.63581,4.71702,4.12124,4.19343,0.12042,0.12237,4.27746,4.28308,0.48674,0.48674,0.00728,79.0075,0.46333,0.53667,R,0.18033,0.20178,0.10493,0.0771,0.00441,0.00526,0.03132,0.03269,0.14551,0.15532,0.03917,0.03906,0.00271,0.00173,0.00923,0.00744,0.48239,0.47961
665871,Javier Assad,Chi,29,129.0,1535.0,1243,0.19177,0.09058,0.00859,0.00533,0.02267,0.00233,0.03155,0.16769,0.47949,0.02532,0.01499,0.0023,0.00179,0.00327,0.00028,0.00278,0.0055,0.00641,0.19465,0.09104,0.00859,0.02255,0.16433,0.0284,0.00255,0.00533,0.48256,0.24338,0.31747,0.2881,0.24338,0.2881,112,0.99,0.96,0.8,1.19,1.01,1.03,0.995,0.98,0.9,1.095,1.005,1.015,starter,4.706011984957469,0.934,4.29529,4.11148,4.0118,3.84012,0.11085,0.10704,4.30544,4.26792,0.8592,0.8592,0.00763,920.0401381249999,0.49732,0.50268,R,0.20513,0.17855,0.09763,0.08361,0.0071,0.01007,0.02353,0.02181,0.16537,0.16998,0.02973,0.03336,0.0031,0.00157,0.00451,0.00614,0.4639,0.49491
670810,Logan Gillaspie,San,30,31.0,200.0,1200,0.19166,0.07451,0.02099,0.00881,0.02953,0.00233,0.03784,0.15319,0.48114,0.05141,0.02785,0.00855,0.00522,0.00389,0.00028,0.00327,0.00523,0.00661,0.19358,0.07488,0.02099,0.03056,0.15013,0.03557,0.00201,0.00881,0.48347,0.24379,0.31414,0.27967,0.24379,0.27967,135,1.07,0.96,0.88,0.72,1.01,1.02,1.035,0.98,0.94,0.86,1.005,1.01,reliever,1.7112744006531582,0.889,4.54022,4.43588,4.03626,3.9435,0.11804,0.11605,4.27373,4.24721,2.09862,2.09862,0.00833,109.33610562499999,0.41429,0.58571,R,0.1985,0.18682,0.0777,0.07225,0.02001,0.02168,0.02824,0.03044,0.14565,0.15853,0.03663,0.03871,0.00331,0.00165,0.00736,0.00983,0.48261,0.48009
701552,Andre Granillo,Was,27,50.0,141.0,800,0.19151,0.09429,0.01301,0.01846,0.024,0.00205,0.0373,0.15109,0.46827,0.05151,0.03106,0.00761,0.00832,0.00423,0.00024,0.00369,0.00636,0.0079,0.18577,0.0924,0.01301,0.024,0.15562,0.03693,0.00201,0.01846,0.47178,0.24948,0.32399,0.29199,0.24948,0.29199,120,1.0,1.06,0.98,0.96,0.96,0.94,1.0,1.03,0.99,0.98,0.98,0.97,reliever,1.3855507868383405,0.889,4.32858,4.3939,3.84811,3.90618,0.11198,0.1133,4.29489,4.30908,1.30141,1.30141,0.00902,108.24749999999999,0.42229,0.57771,R,0.20312,0.18303,0.09795,0.09161,0.00963,0.01549,0.01819,0.02826,0.16054,0.14419,0.03409,0.03965,0.00249,0.00174,0.02656,0.01255,0.44744,0.48349
669947,Jesse Scholtens,Tam,33,164.0,579.0,800,0.19147,0.07723,0.00892,0.00689,0.02571,0.00249,0.04043,0.15776,0.4891,0.03652,0.02012,0.00366,0.00313,0.00446,0.00034,0.00441,0.00678,0.00845,0.19339,0.07607,0.00892,0.02584,0.15618,0.03821,0.00279,0.00689,0.49172,0.24557,0.308,0.28622,0.24557,0.28622,139,1.01,0.98,0.89,1.24,0.97,1.02,1.005,0.99,0.945,1.12,0.985,1.01,starter,4.182253948548176,0.934,4.33578,4.21898,4.04962,3.94053,0.11369,0.11136,4.23728,4.20952,0.89167,0.89167,0.00642,363.65135624999994,0.44527,0.55473,R,0.18763,0.19455,0.08385,0.07192,0.00732,0.0102,0.02086,0.0296,0.14413,0.16869,0.04462,0.03707,0.00361,0.00159,0.00713,0.00671,0.50086,0.47967
547179,Michael Lorenzen,Col,35,301.0,2478.0,1254,0.19137,0.08345,0.00855,0.0057,0.02844,0.00303,0.03793,0.17127,0.47026,0.02018,0.01152,0.00182,0.00148,0.00372,0.00047,0.00308,0.0056,0.00669,0.1818,0.08345,0.00855,0.02929,0.18583,0.04229,0.00442,0.0057,0.45866,0.29018,0.35383,0.33643,0.29018,0.33643,115,1.06,1.17,1.23,1.92,1.0,0.9,1.03,1.085,1.115,1.46,1.0,0.95,starter,4.965468815045007,0.934,4.86872,5.54957,4.54738,5.1833,0.12393,0.13678,4.36513,4.50811,0.8552,0.8552,0.01006,1530.9507834374997,0.47657,0.52343,R,0.19993,0.18358,0.09784,0.07035,0.00694,0.01002,0.0292,0.02773,0.15604,0.18514,0.03939,0.0366,0.00417,0.00198,0.00574,0.00567,0.46075,0.47891
682990,Quinn Priester,Mil,26,653.0,1108.0,874,0.19136,0.08106,0.01084,0.00637,0.02279,0.00258,0.03732,0.16635,0.48133,0.0279,0.01572,0.003,0.00227,0.00389,0.00035,0.00371,0.00631,0.00761,0.20093,0.08309,0.01084,0.02302,0.16302,0.0349,0.00249,0.00637,0.47535,0.24833,0.31736,0.29657,0.24833,0.29657,158,1.02,0.96,0.87,0.93,1.05,1.1,1.01,0.98,0.935,0.965,1.025,1.05,starter,5.232739616767473,0.934,4.36444,4.23299,4.07639,3.95361,0.11304,0.11022,4.28978,4.26723,1.08385,1.08385,0.00832,729.6635875,0.45996,0.54004,R,0.17068,0.20897,0.10244,0.06285,0.01073,0.01093,0.02353,0.02216,0.16842,0.16458,0.03781,0.03691,0.00409,0.0013,0.0067,0.00609,0.4756,0.48621
672841,Carlos Vargas,Sea,27,331.0,353.0,800,0.19113,0.07787,0.0205,0.00596,0.01754,0.00211,0.03032,0.16962,0.48495,0.04132,0.02287,0.0068,0.00354,0.00334,0.00048,0.00326,0.00646,0.00748,0.20833,0.07592,0.0205,0.01737,0.16114,0.02895,0.00147,0.00596,0.48036,0.23276,0.30535,0.28509,0.23276,0.28509,136,0.98,0.9,0.91,0.39,0.95,1.18,0.99,0.95,0.955,0.695,0.975,1.09,reliever,1.1,0.889,3.98688,3.65436,3.54433,3.24872,0.10372,0.09683,4.27101,4.19347,2.04991,2.04991,0.0102,239.14749999999998,0.42185,0.57815,R,0.19974,0.18484,0.07762,0.07805,0.01067,0.02767,0.01716,0.01782,0.14599,0.18686,0.02847,0.03166,0.0031,0.0014,0.0061,0.00586,0.51115,0.46583
663941,Tristan Beck,San,31,39.0,692.0,1200,0.19103,0.06792,0.00761,0.00717,0.02658,0.00262,0.03733,0.16373,0.49601,0.03443,0.0179,0.00313,0.00296,0.00367,0.00029,0.00307,0.00558,0.00681,0.18817,0.06554,0.00761,0.02365,0.16618,0.03883,0.00308,0.00717,0.49977,0.25199,0.3049,0.29397,0.25199,0.29397,137,0.78,1.03,1.08,1.35,0.93,0.97,0.89,1.015,1.04,1.175,0.965,0.985,reliever,1.847663925459238,0.889,4.23413,4.15628,3.76414,3.69493,0.11212,0.1102,4.19616,4.19077,0.76116,0.76116,0.00845,426.70658749999996,0.46654,0.53346,R,0.18514,0.19619,0.08274,0.05496,0.00844,0.00689,0.03101,0.0227,0.1499,0.17582,0.03503,0.03935,0.00322,0.0021,0.00759,0.0068,0.49694,0.49519
695684,Elmer Rodríguez,New,23,64.0,64.0,400,0.19082,0.09854,0.02692,0.00989,0.02789,0.00235,0.03665,0.14528,0.46167,0.05781,0.03561,0.01344,0.00727,0.00628,0.00048,0.00496,0.00845,0.01057,0.19272,0.10692,0.02692,0.03026,0.13947,0.03537,0.00206,0.00989,0.4564,0.24192,0.34099,0.27933,0.24192,0.27933,147,1.17,0.92,0.93,0.75,1.17,1.02,1.085,0.96,0.965,0.875,1.085,1.01,starter,4.333333333333333,0.934,4.77206,4.86846,4.4571,4.54714,0.12057,0.12238,4.39784,4.42025,2.69175,2.69175,0.00886,54.4,0.43561,0.56439,R,0.18782,0.19313,0.11461,0.08614,0.03407,0.0214,0.02794,0.02785,0.13135,0.15603,0.03606,0.03711,0.00298,0.00187,0.01124,0.00884,0.45393,0.46764
689441,Coleman Crow,Mil,26,85.0,85.0,400,0.19079,0.07915,0.01137,0.01375,0.02423,0.00274,0.03898,0.1577,0.48128,0.05544,0.03093,0.00823,0.00811,0.00588,0.00047,0.00568,0.00982,0.01176,0.20033,0.08113,0.01137,0.02448,0.15455,0.03645,0.00265,0.01375,0.4753,0.24405,0.31062,0.28947,0.24405,0.28947,158,1.02,0.96,0.87,0.93,1.05,1.1,1.01,0.98,0.935,0.965,1.025,1.05,starter,3.7333333333333334,0.934,4.28978,4.15998,4.00665,3.88542,0.11222,0.10939,4.24748,4.22553,1.13705,1.13705,0.00736,72.25,0.43509,0.56491,R,0.18319,0.19664,0.09646,0.06582,0.01208,0.01082,0.02106,0.02668,0.16608,0.15125,0.03509,0.04198,0.00276,0.00273,0.01359,0.01388,0.46969,0.4902
573186,Marcus Stroman,New,36,175.0,1994.0,905,0.19058,0.08364,0.00862,0.00417,0.02219,0.00276,0.03528,0.17456,0.4782,0.02343,0.01341,0.00203,0.0014,0.00387,0.00042,0.00341,0.00663,0.00776,0.19249,0.09075,0.00862,0.02407,0.16758,0.03405,0.00241,0.00417,0.47586,0.25445,0.32748,0.3001,0.25445,0.3001,147,1.17,0.92,0.93,0.75,1.17,1.02,1.085,0.96,0.965,0.875,1.085,1.01,starter,4.9674444878981445,0.934,4.46321,4.47466,4.16864,4.17933,0.11456,0.11478,4.32867,4.33146,0.86192,0.86192,0.00552,1093.5937915624997,0.49048,0.50952,R,0.18287,0.198,0.08877,0.0787,0.00873,0.00852,0.02384,0.02059,0.17151,0.17749,0.03549,0.03508,0.00433,0.00125,0.00307,0.00523,0.48139,0.47514
676661,Max Lazar,Phi,28,170.0,224.0,800,0.19025,0.07317,0.00288,0.00529,0.03747,0.00244,0.03908,0.16201,0.48741,0.0472,0.02543,0.00307,0.0039,0.00583,0.00032,0.00404,0.00717,0.00889,0.19311,0.07171,0.00288,0.04009,0.16444,0.0379,0.00245,0.00529,0.48213,0.26615,0.31948,0.29813,0.26615,0.29813,143,1.14,1.03,0.94,1.01,0.96,1.03,1.07,1.015,0.97,1.005,0.98,1.015,reliever,1.1688313202320126,0.889,4.89483,5.03939,4.3515,4.48002,0.12751,0.13081,4.26531,4.28053,0.2882,0.2882,0.00941,155.98774999999998,0.42689,0.57311,R,0.20714,0.17767,0.07845,0.06924,0.00273,0.00299,0.03441,0.03975,0.16404,0.1605,0.04064,0.03791,0.00315,0.00191,0.00462,0.00579,0.46484,0.50423
527048,Martín Pérez,Atl,36,225.0,2472.0,1232,0.19025,0.08495,0.00779,0.00572,0.02974,0.00325,0.04023,0.14921,0.48887,0.02097,0.0121,0.00174,0.00148,0.00381,0.00057,0.00321,0.0051,0.00656,0.19406,0.08453,0.00779,0.02884,0.15219,0.03923,0.00312,0.00572,0.48453,0.24766,0.31569,0.28647,0.24766,0.28647,144,0.94,1.04,0.95,0.92,0.99,1.04,0.97,1.02,0.975,0.96,0.995,1.02,starter,4.934390343481252,0.934,4.51831,4.4819,4.2201,4.18609,0.11803,0.11698,4.25357,4.25687,0.77885,0.77885,0.00494,1399.9756115624998,0.2671,0.7329,L,0.1993,0.18696,0.0644,0.09244,0.01203,0.00624,0.02797,0.03038,0.14438,0.15097,0.03634,0.04165,0.00386,0.00302,0.00331,0.00659,0.5084,0.48175
607259,Nick Martinez,Tam,36,318.0,2480.0,1349,0.19013,0.06107,0.00815,0.00647,0.02241,0.00218,0.03839,0.1664,0.5048,0.02,0.00991,0.00178,0.00157,0.00317,0.00023,0.00298,0.00546,0.00654,0.19203,0.06015,0.00815,0.02252,0.16474,0.03628,0.00244,0.00647,0.50721,0.24425,0.29429,0.2863,0.24425,0.2863,139,1.01,0.98,0.89,1.24,0.97,1.02,1.005,0.99,0.945,1.12,0.985,1.01,starter,4.34372922379655,0.934,3.9646,3.85585,3.70293,3.60137,0.10607,0.10379,4.15316,4.12775,0.81547,0.81547,0.0074,1553.2436112499997,0.47544,0.52456,R,0.21012,0.17201,0.06699,0.0557,0.00694,0.00926,0.02346,0.02145,0.16509,0.16759,0.03481,0.04164,0.00354,0.00095,0.00484,0.00795,0.48421,0.52346
669270,Joel Kuhnel,Mil,32,119.0,471.0,1200,0.19004,0.06514,0.01792,0.01154,0.03082,0.00242,0.03873,0.15719,0.4862,0.04034,0.0206,0.00565,0.00439,0.00405,0.00034,0.00335,0.00542,0.00674,0.19954,0.06677,0.01792,0.03113,0.15404,0.03621,0.00233,0.01154,0.48051,0.24754,0.30841,0.28613,0.24754,0.28613,158,1.02,0.96,0.87,0.93,1.05,1.1,1.01,0.98,0.935,0.965,1.025,1.05,reliever,1.174806945059269,0.889,4.52019,4.38861,4.01845,3.90148,0.11858,0.11577,4.23537,4.21204,1.7924,1.7924,0.00718,268.5220921875,0.44693,0.55307,R,0.16944,0.20669,0.07112,0.06031,0.00964,0.02462,0.03488,0.02753,0.16423,0.1515,0.03725,0.03993,0.00313,0.00183,0.01439,0.00923,0.49592,0.47835
688138,Logan Evans,Sea,26,350.0,350.0,400,0.18996,0.0866,0.01134,0.00387,0.02155,0.00304,0.0417,0.15836,0.48358,0.04111,0.02393,0.0051,0.00286,0.00548,0.00062,0.00559,0.00967,0.01147,0.20706,0.08444,0.01134,0.02133,0.15044,0.03983,0.00211,0.00387,0.47959,0.23736,0.30948,0.28629,0.23736,0.28629,136,0.98,0.9,0.91,0.39,0.95,1.18,0.99,0.95,0.955,0.695,0.975,1.09,starter,5.083333333333333,0.934,4.39116,4.02498,4.10135,3.75933,0.11346,0.10601,4.30017,4.21857,1.13398,1.13398,0.01004,252.87499999999997,0.46545,0.53455,R,0.17478,0.20318,0.08989,0.08373,0.01078,0.01183,0.02089,0.02212,0.159,0.1578,0.03876,0.04427,0.00453,0.00174,0.00431,0.00349,0.49706,0.47185
641585,J.P. France,Hou,32,31.0,749.0,1200,0.18947,0.08858,0.00588,0.01015,0.02708,0.00271,0.03716,0.15805,0.48092,0.03466,0.02041,0.00265,0.0034,0.00376,0.00037,0.00315,0.00552,0.00672,0.19516,0.08946,0.00588,0.02911,0.15647,0.03661,0.00231,0.01015,0.47485,0.25098,0.31985,0.29152,0.25098,0.29152,117,1.15,0.98,0.97,0.71,1.02,1.06,1.075,0.99,0.985,0.855,1.01,1.03,starter,4.030726249689943,0.934,4.46369,4.51795,4.16908,4.21976,0.11587,0.11721,4.28042,4.28285,0.58819,0.58819,0.01073,403.94475624999995,0.47283,0.52717,R,0.20902,0.17194,0.10116,0.07729,0.00649,0.00534,0.02436,0.02952,0.15497,0.16081,0.03741,0.03694,0.00291,0.00252,0.00982,0.01044,0.45386,0.50519
641312,Shaun Anderson,Los,32,73.0,221.0,1200,0.18905,0.07171,0.00956,0.00827,0.0317,0.00211,0.03581,0.15863,0.49317,0.04694,0.02512,0.0056,0.0049,0.00414,0.00022,0.00311,0.00553,0.00686,0.19377,0.07171,0.00956,0.03281,0.15704,0.03474,0.00207,0.00827,0.49004,0.24895,0.30792,0.28345,0.24895,0.28345,108,1.07,0.98,0.94,0.96,1.0,1.05,1.035,0.99,0.97,0.98,1.0,1.025,reliever,2.0625667942983843,0.889,4.44359,4.42592,3.95035,3.93464,0.11703,0.11684,4.21877,4.20906,0.95552,0.95552,0.00931,154.710625,0.46377,0.53623,R,0.18154,0.19554,0.08249,0.06239,0.00919,0.00987,0.0318,0.03161,0.14383,0.17142,0.03425,0.03716,0.00288,0.00144,0.00899,0.00764,0.50503,0.48292
657756,Connor Seabold,Tor,31,87.0,641.0,800,0.18886,0.07949,0.01647,0.0129,0.02207,0.00295,0.04038,0.15681,0.48006,0.03628,0.02036,0.00474,0.00409,0.00399,0.00052,0.00384,0.00651,0.00792,0.18603,0.07869,0.01647,0.02318,0.15681,0.04119,0.00253,0.0129,0.48219,0.25082,0.31888,0.29373,0.25082,0.29373,141,1.1,1.0,1.04,0.72,0.98,0.97,1.05,1.0,1.02,0.86,0.99,0.985,reliever,1.2787656754363412,0.889,4.30755,4.37183,3.82941,3.88656,0.11203,0.11358,4.27235,4.27677,1.64717,1.64717,0.0113,365.09167062499995,0.4597,0.5403,R,0.18271,0.19411,0.09031,0.07027,0.01553,0.01727,0.02184,0.02228,0.15477,0.15855,0.03854,0.04195,0.00413,0.00194,0.01402,0.01195,0.47815,0.48168
542881,Tyler Anderson,Los,37,599.0,2700.0,977,0.1886,0.08674,0.00967,0.00774,0.03803,0.00267,0.03919,0.1398,0.48757,0.01999,0.01168,0.00186,0.00165,0.00482,0.00031,0.00368,0.00584,0.0076,0.19331,0.08674,0.00967,0.03936,0.1384,0.03801,0.00262,0.00774,0.48415,0.24378,0.3148,0.26995,0.24378,0.26995,108,1.07,0.98,0.94,0.96,1.0,1.05,1.035,0.99,0.97,0.98,1.0,1.025,starter,5.529359481826965,0.934,4.79381,4.78875,4.47742,4.47269,0.12505,0.12516,4.25939,4.25134,0.96677,0.96677,0.00755,1544.6247121874999,0.28133,0.71867,L,0.1866,0.18938,0.09987,0.08161,0.01304,0.00835,0.04769,0.03425,0.1379,0.14054,0.03783,0.03972,0.00328,0.00244,0.00561,0.00857,0.46818,0.49516
674072,Tommy Henry,Ari,29,26.0,794.0,800,0.18844,0.09091,0.01473,0.00418,0.02606,0.00255,0.04348,0.15553,0.47411,0.03444,0.02056,0.00407,0.00213,0.00452,0.00035,0.00448,0.00689,0.00841,0.17902,0.09,0.01473,0.02502,0.15709,0.04674,0.00389,0.00418,0.47933,0.26118,0.33747,0.30233,0.26118,0.30233,109,0.92,1.02,1.15,2.05,0.98,0.9,0.96,1.01,1.075,1.525,0.99,0.95,starter,4.101989462923646,0.934,4.78804,4.94507,4.47203,4.61869,0.12177,0.12497,4.36906,4.39678,1.47324,1.47324,0.00666,420.3997203124999,0.35539,0.64461,L,0.18856,0.18838,0.08465,0.09437,0.02109,0.01123,0.02625,0.02596,0.16114,0.15244,0.0423,0.04413,0.00294,0.00234,0.00374,0.00442,0.46934,0.47674
621111,Walker Buehler,San,32,266.0,1449.0,1200,0.18839,0.08952,0.01431,0.00307,0.02395,0.00324,0.03693,0.16713,0.47347,0.02461,0.01459,0.00304,0.0014,0.00343,0.0005,0.00303,0.00554,0.00661,0.19028,0.08996,0.01431,0.02479,0.16378,0.03471,0.00279,0.00307,0.47631,0.25325,0.33034,0.29706,0.25325,0.29706,135,1.07,0.96,0.88,0.72,1.01,1.02,1.035,0.98,0.94,0.86,1.005,1.01,starter,4.7983657537669675,0.934,4.69954,4.57018,4.38937,4.26855,0.11919,0.11674,4.38089,4.34997,1.43075,1.43075,0.00462,967.146755625,0.52145,0.47855,R,0.18812,0.18868,0.09989,0.07821,0.0124,0.01638,0.01943,0.02887,0.18541,0.1472,0.03922,0.03443,0.00493,0.00141,0.0029,0.00326,0.44769,0.50156
641743,Anthony Kay,Chi,32,279.0,355.0,400,0.18795,0.09326,0.0319,0.01436,0.0309,0.00264,0.03521,0.14643,0.45735,0.03981,0.02406,0.00842,0.00545,0.00652,0.00051,0.00489,0.0086,0.01078,0.18513,0.09466,0.0319,0.03044,0.1457,0.03397,0.00227,0.01436,0.46157,0.24722,0.33894,0.28273,0.24722,0.28273,145,0.97,0.99,0.93,0.72,1.03,0.97,0.985,0.995,0.965,0.86,1.015,0.985,starter,4.717948717948718,0.934,4.95332,4.87124,4.6264,4.54974,0.12463,0.12283,4.41592,4.40657,3.18991,3.18991,0.00725,271.6024125,0.30898,0.69102,L,0.24067,0.16438,0.08753,0.09583,0.03287,0.03146,0.02606,0.03307,0.12904,0.15421,0.02988,0.03759,0.0037,0.00217,0.00873,0.01687,0.44152,0.46442
663969,Tyler Phillips,Mia,29,189.0,662.0,1200,0.18781,0.08319,0.00792,0.00233,0.02208,0.00214,0.02798,0.17244,0.49411,0.0326,0.01872,0.00325,0.00172,0.00332,0.00036,0.0027,0.00575,0.00669,0.18499,0.08319,0.00792,0.02064,0.1733,0.02882,0.00252,0.00233,0.49629,0.2485,0.31639,0.29195,0.2485,0.29195,146,0.87,1.01,1.06,1.35,1.0,0.97,0.935,1.005,1.03,1.175,1.0,0.985,reliever,2.3607706790691476,0.889,4.09572,4.08176,3.6411,3.62868,0.1069,0.10643,4.25722,4.26121,0.79193,0.79193,0.0109,485.0525,0.47332,0.52668,R,0.1976,0.17901,0.09752,0.07031,0.00708,0.00867,0.0192,0.02467,0.15368,0.1893,0.02857,0.02745,0.00257,0.00175,0.00205,0.00257,0.49173,0.49626
672456,Keider Montero,Det,26,264.0,1065.0,1200,0.1878,0.07433,0.00688,0.00238,0.0366,0.00336,0.04104,0.14952,0.49808,0.02726,0.01487,0.00244,0.00141,0.00439,0.00049,0.00338,0.00537,0.00699,0.18686,0.07396,0.00688,0.03679,0.15027,0.0394,0.00427,0.00238,0.49919,0.25167,0.31157,0.2798,0.25167,0.2798,116,1.01,1.01,0.92,1.54,0.99,0.99,1.005,1.005,0.96,1.27,0.995,0.995,starter,5.0443679693717325,0.934,4.76031,4.76688,4.44613,4.45226,0.12497,0.12517,4.23242,4.23135,0.68787,0.68787,0.00561,758.4719999999999,0.49881,0.50119,R,0.17025,0.20526,0.08835,0.06038,0.00597,0.00778,0.04075,0.03247,0.14376,0.15526,0.03676,0.04531,0.0046,0.00213,0.00231,0.00245,0.50725,0.48896
674285,Eduardo Salazar,Was,29,150.0,344.0,800,0.18745,0.09481,0.01622,0.01039,0.03176,0.00254,0.03555,0.15804,0.46325,0.04257,0.02595,0.00613,0.0047,0.0052,0.00051,0.00392,0.00673,0.00825,0.18183,0.09291,0.01622,0.03176,0.16278,0.03519,0.00249,0.01039,0.46643,0.26375,0.34136,0.30059,0.26375,0.30059,120,1.0,1.06,0.98,0.96,0.96,0.94,1.0,1.03,0.99,0.98,0.98,0.97,reliever,1.0413457576621976,0.889,5.01078,5.08528,4.45458,4.52081,0.12635,0.12776,4.40642,4.42273,1.62173,1.62173,0.01004,221.89600624999997,0.4058,0.5942,R,0.18205,0.19113,0.10876,0.08528,0.01174,0.01927,0.03011,0.03289,0.15357,0.16109,0.03676,0.03472,0.00274,0.00241,0.01275,0.00877,0.46152,0.46442
641793,Zack Littell,Was,31,278.0,2262.0,1496,0.18738,0.05167,0.00849,0.0058,0.03501,0.00356,0.04155,0.15784,0.5087,0.0204,0.00939,0.0019,0.00156,0.00374,0.0004,0.00295,0.0052,0.00651,0.18176,0.05063,0.00849,0.03501,0.16258,0.04114,0.00349,0.0058,0.51111,0.25902,0.30133,0.28846,0.25902,0.28846,120,1.0,1.06,0.98,0.96,0.96,0.94,1.0,1.03,0.99,0.98,0.98,0.97,starter,5.515149137112583,0.934,4.51479,4.59538,4.21681,4.29209,0.12087,0.12246,4.15024,4.16934,0.84868,0.84868,0.00466,1469.6878781249998,0.50185,0.49815,R,0.18257,0.19223,0.06009,0.04318,0.00429,0.01271,0.03698,0.03302,0.14676,0.16901,0.0434,0.0397,0.00446,0.00265,0.00524,0.00636,0.5162,0.50115
695534,Chase Petty,Cin,24,45.0,85.0,800,0.18725,0.09589,0.01743,0.00887,0.02574,0.00181,0.03087,0.1591,0.47305,0.05569,0.03413,0.01016,0.00653,0.00429,0.00021,0.00319,0.00648,0.00782,0.19005,0.09924,0.01743,0.0287,0.15512,0.03118,0.00154,0.00887,0.46785,0.24764,0.33322,0.28648,0.24764,0.28648,113,1.23,0.95,1.02,0.71,1.07,1.03,1.115,0.975,1.01,0.855,1.035,1.015,starter,4.255109231853418,0.934,4.5008,4.64184,4.20374,4.33548,0.11488,0.11806,4.35319,4.36876,1.74311,1.74311,0.00741,67.15,0.41053,0.58947,R,0.2011,0.1776,0.0922,0.09845,0.01307,0.02047,0.01995,0.02977,0.15366,0.16288,0.02804,0.03285,0.00236,0.00142,0.0076,0.00976,0.48201,0.4668
663978,Chris Paddack,Cin,31,224.0,1393.0,1336,0.18673,0.06108,0.00535,0.01046,0.02909,0.00344,0.03935,0.16239,0.50212,0.02457,0.01226,0.0019,0.00261,0.00356,0.00039,0.00298,0.00543,0.00661,0.18953,0.06321,0.00535,0.03244,0.15833,0.03974,0.00294,0.01046,0.498,0.25348,0.30201,0.28757,0.25348,0.28757,113,1.23,0.95,1.02,0.71,1.07,1.03,1.115,0.975,1.01,0.855,1.035,1.015,starter,4.805719299489325,0.934,4.30027,4.42566,4.01646,4.13357,0.1147,0.11783,4.16555,4.17342,0.5347,0.5347,0.00918,951.5635940624999,0.51286,0.48714,R,0.16898,0.20542,0.06822,0.05355,0.00644,0.00419,0.03015,0.02798,0.16672,0.15784,0.03465,0.0443,0.00465,0.00216,0.0069,0.0142,0.51329,0.49036
669920,Jason Alexander,Hou,34,84.0,741.0,800,0.18658,0.08325,0.01081,0.0114,0.02699,0.00367,0.03532,0.16282,0.47916,0.03327,0.01916,0.00361,0.00362,0.00471,0.00068,0.00374,0.00672,0.00816,0.19217,0.08409,0.01081,0.02902,0.16119,0.03479,0.00314,0.0114,0.47339,0.25527,0.32303,0.29607,0.25527,0.29607,117,1.15,0.98,0.97,0.71,1.02,1.06,1.075,0.99,0.985,0.855,1.01,1.03,starter,4.3588935882750315,0.934,4.55533,4.60183,4.25468,4.29811,0.11766,0.11883,4.30192,4.30298,1.08114,1.08114,0.00579,456.58940531249993,0.50161,0.49839,R,0.17992,0.19328,0.09223,0.07422,0.00818,0.01346,0.03062,0.02335,0.15913,0.16653,0.03503,0.03561,0.00577,0.00156,0.01368,0.00912,0.47546,0.48288
642232,Ryan Yarbrough,New,35,90.0,1484.0,1200,0.18622,0.06948,0.02294,0.00425,0.02401,0.00207,0.03104,0.16329,0.49669,0.02569,0.01363,0.00378,0.00162,0.00356,0.00043,0.00281,0.00551,0.00666,0.18809,0.07539,0.02294,0.02605,0.15675,0.02996,0.00181,0.00425,0.49476,0.2391,0.3129,0.27591,0.2391,0.27591,147,1.17,0.92,0.93,0.75,1.17,1.02,1.085,0.96,0.965,0.875,1.085,1.01,reliever,2.5717970464335087,0.889,4.14975,4.16854,3.68913,3.70583,0.10877,0.10925,4.23914,4.23956,2.29387,2.29387,0.00464,865.9734921874999,0.3687,0.6313,L,0.21304,0.17057,0.06324,0.07313,0.01693,0.02645,0.02237,0.02496,0.13479,0.17993,0.02661,0.03363,0.00307,0.00149,0.0037,0.00457,0.51625,0.48527
624431,Jose Trevino,Cin,34,29.0,54.0,1200,0.18544,0.07994,0.014,0.01046,0.03486,0.0022,0.03221,0.15561,0.48528,0.05911,0.03349,0.01011,0.00769,0.00427,0.00028,0.00281,0.00551,0.00678,0.18822,0.08273,0.014,0.03886,0.15172,0.03254,0.00188,0.01046,0.47958,0.25202,0.32174,0.27961,0.25202,0.27961,113,1.23,0.95,1.02,0.71,1.07,1.03,1.115,0.975,1.01,0.855,1.035,1.015,reliever,1.187528837914442,0.889,4.67406,4.86604,4.15524,4.32591,0.12144,0.12589,4.27642,4.29482,1.40009,1.40009,0.00792,24.65,0.38583,0.61417,R,0.17693,0.19079,0.08737,0.07527,0.01613,0.01266,0.04013,0.03154,0.14642,0.16139,0.02758,0.03512,0.00188,0.0024,0.01349,0.00855,0.49005,0.48229
642528,Jonathan Loáisiga,Ari,32,98.0,525.0,1200,0.18533,0.07509,0.01137,0.00747,0.0338,0.00228,0.04212,0.15539,0.48716,0.03773,0.02078,0.00431,0.00339,0.00422,0.00028,0.0035,0.00545,0.00686,0.17606,0.07434,0.01137,0.03245,0.15694,0.04528,0.00347,0.00747,0.49262,0.26261,0.32385,0.29456,0.26261,0.29456,109,0.92,1.02,1.15,2.05,0.98,0.9,0.96,1.01,1.075,1.525,0.99,0.95,reliever,0.961933498237234,0.889,4.82916,4.95662,4.29312,4.40644,0.12525,0.12783,4.2841,4.30821,1.13655,1.13655,0.00625,306.92810968749995,0.42163,0.57837,R,0.1982,0.17594,0.08844,0.06536,0.00667,0.01479,0.03288,0.03447,0.15756,0.15381,0.05068,0.03588,0.00301,0.00174,0.00892,0.00642,0.45364,0.5116
669145,Bruce Zimmermann,Mil,32,28.0,409.0,400,0.18507,0.05598,0.00997,0.00911,0.0251,0.0021,0.03934,0.16842,0.50491,0.04404,0.02117,0.00449,0.00413,0.00659,0.00043,0.00624,0.01008,0.01221,0.19432,0.05738,0.00997,0.02535,0.16505,0.03678,0.00203,0.00911,0.5,0.24819,0.29657,0.28963,0.24819,0.28963,158,1.02,0.96,0.87,0.93,1.05,1.1,1.01,0.98,0.935,0.965,1.025,1.05,starter,6.0,0.934,4.14683,4.00663,3.87314,3.74219,0.11058,0.1075,4.16687,4.14111,0.99716,0.99716,0.00745,194.05808124999996,0.40351,0.59649,L,0.21927,0.16193,0.06867,0.0474,0.0084,0.01103,0.0228,0.02665,0.15696,0.17618,0.03892,0.03962,0.00235,0.00193,0.00753,0.01018,0.4751,0.52507
647315,Zach Pop,Phi,30,31.0,492.0,1200,0.1849,0.07657,0.01202,0.00787,0.03102,0.00202,0.0338,0.16456,0.48722,0.0393,0.02186,0.00455,0.00357,0.0041,0.0003,0.00312,0.00548,0.00679,0.18768,0.07504,0.01202,0.03319,0.16703,0.03279,0.00203,0.00787,0.48234,0.2597,0.3221,0.29502,0.2597,0.29502,143,1.14,1.03,0.94,1.01,0.96,1.03,1.07,1.015,0.97,1.005,0.98,1.015,reliever,0.9252508063481022,0.889,4.60896,4.73135,4.09737,4.20617,0.11954,0.12234,4.28381,4.29711,1.20212,1.20212,0.0074,281.77370906249996,0.42797,0.57203,R,0.17374,0.19326,0.09756,0.06087,0.00813,0.01493,0.03763,0.02608,0.15788,0.16956,0.03442,0.03334,0.00267,0.00153,0.00822,0.00762,0.47975,0.49281
571771,Enrique Hernández,Los,35,37.0,55.0,800,0.18439,0.0973,0.00649,0.0104,0.03287,0.00259,0.03902,0.14855,0.4784,0.05953,0.03694,0.00689,0.00765,0.00509,0.00042,0.00387,0.0066,0.00833,0.18531,0.09827,0.00649,0.0378,0.14335,0.03765,0.00217,0.0104,0.47857,0.24973,0.32573,0.2768,0.24973,0.2768,119,1.3,0.93,0.93,0.67,1.02,1.01,1.15,0.965,0.965,0.835,1.01,1.005,reliever,1.0734750462107208,0.889,4.8239,4.94143,4.28845,4.39293,0.12386,0.12709,4.32723,4.32023,0.64898,0.64898,0.00905,26.732499999999998,0.42353,0.57647,R,0.17333,0.19251,0.10307,0.09306,0.0046,0.00788,0.03386,0.03214,0.14503,0.15114,0.03765,0.04002,0.00247,0.00269,0.0131,0.00841,0.4869,0.47215
686826,Bryce Jarvis,Ari,29,98.0,448.0,1200,0.18414,0.10457,0.01302,0.00848,0.02295,0.00346,0.04078,0.14441,0.47818,0.03944,0.02529,0.00493,0.00385,0.00308,0.00039,0.00324,0.0052,0.00641,0.17493,0.10353,0.01302,0.02204,0.14585,0.04384,0.00528,0.00848,0.48303,0.24802,0.33356,0.28757,0.24802,0.28757,109,0.92,1.02,1.15,2.05,0.98,0.9,0.96,1.01,1.075,1.525,0.99,0.95,reliever,1.4957466984618388,0.889,4.49493,4.66701,3.99599,4.14897,0.11501,0.11864,4.34259,4.37098,1.3023,1.3023,0.00844,277.273825,0.41547,0.58453,R,0.16201,0.19986,0.12345,0.09116,0.00944,0.01557,0.01777,0.02664,0.14796,0.14188,0.04199,0.03992,0.00394,0.00312,0.00881,0.00825,0.48462,0.4736
681867,Cooper Criswell,Sea,30,121.0,789.0,1200,0.18403,0.07341,0.01482,0.0141,0.02074,0.00167,0.03004,0.16778,0.49341,0.03183,0.0174,0.0041,0.00391,0.00316,0.00021,0.0026,0.00541,0.00634,0.20059,0.07157,0.01482,0.02053,0.15939,0.02869,0.00116,0.0141,0.48914,0.23321,0.29616,0.27895,0.23321,0.27895,136,0.98,0.9,0.91,0.39,0.95,1.18,0.99,0.95,0.955,0.695,0.975,1.09,reliever,2.9651514875082015,0.889,3.92617,3.60841,3.49036,3.20788,0.10356,0.09687,4.2123,4.13873,1.48172,1.48172,0.00734,499.8619437499999,0.47273,0.52727,R,0.18751,0.18091,0.08497,0.06304,0.01293,0.01651,0.0185,0.02275,0.15866,0.17596,0.0308,0.02935,0.0026,0.00084,0.01285,0.01523,0.49118,0.49542
676083,Janson Junk,Mia,31,255.0,820.0,1200,0.18396,0.05016,0.00653,0.01257,0.02556,0.00398,0.03802,0.16948,0.50974,0.0297,0.01359,0.00268,0.00363,0.00352,0.00057,0.00315,0.00581,0.00706,0.1812,0.05016,0.00653,0.0239,0.17032,0.03916,0.00468,0.01257,0.51148,0.25577,0.29475,0.29514,0.25577,0.29514,146,0.87,1.01,1.06,1.35,1.0,0.97,0.935,1.005,1.03,1.175,1.0,0.985,starter,5.177933819068928,0.934,4.07503,4.07311,3.80608,3.80428,0.10978,0.10957,4.12447,4.13046,0.6529,0.6529,0.00653,602.8288028125,0.52421,0.47579,R,0.1708,0.19845,0.05876,0.0407,0.00727,0.00571,0.02867,0.02213,0.18093,0.15686,0.04031,0.03548,0.00583,0.00195,0.01284,0.01228,0.49459,0.52644
643361,Kevin Herget,New,36,56.0,234.0,800,0.18361,0.07396,0.00916,0.01079,0.02999,0.00198,0.03756,0.15986,0.49309,0.04824,0.02648,0.00537,0.00548,0.00486,0.00037,0.00401,0.00698,0.00868,0.18636,0.07692,0.00916,0.03029,0.15667,0.03624,0.00177,0.01079,0.4918,0.2491,0.31105,0.28359,0.2491,0.28359,121,1.02,0.96,0.93,0.79,1.08,1.03,1.01,0.98,0.965,0.895,1.04,1.015,reliever,1.7558033522687424,0.889,4.46711,4.40238,3.97126,3.91371,0.11714,0.11569,4.23718,4.22819,0.91596,0.91596,0.01039,134.989190625,0.4214,0.5786,R,0.18014,0.18613,0.08053,0.06918,0.00893,0.00933,0.032,0.02853,0.17377,0.14974,0.03413,0.04005,0.00281,0.00137,0.00954,0.0117,0.47815,0.50397
663568,Stephen Kolek,Kan,30,172.0,844.0,1200,0.18315,0.06577,0.01285,0.00604,0.02158,0.00263,0.03403,0.17057,0.50339,0.02954,0.01537,0.0037,0.00249,0.00337,0.00035,0.00272,0.00562,0.00665,0.17491,0.06577,0.01285,0.01974,0.17142,0.03726,0.00367,0.00604,0.50834,0.25356,0.31071,0.29465,0.25356,0.29465,118,0.83,1.01,1.19,1.79,1.0,0.91,0.915,1.005,1.095,1.395,1.0,0.955,starter,5.04098184715178,0.934,4.05518,4.13884,3.78754,3.86567,0.10713,0.10882,4.20603,4.22611,1.2853,1.2853,0.00651,608.852875,0.50383,0.49617,R,0.19847,0.1676,0.07454,0.05686,0.00864,0.01714,0.02107,0.02209,0.15877,0.18254,0.03459,0.03346,0.00301,0.00225,0.0063,0.00577,0.49463,0.51229
541640,Erasmo Ramírez,Min,37,42.0,748.0,800,0.18174,0.06246,0.01434,0.01477,0.03013,0.00241,0.04263,0.15444,0.49708,0.03525,0.01796,0.00413,0.00409,0.00489,0.00038,0.00429,0.0065,0.00842,0.17902,0.06215,0.01434,0.02968,0.15752,0.04497,0.00222,0.01477,0.49533,0.25793,0.31088,0.29243,0.25793,0.29243,142,0.97,1.04,1.11,0.84,0.99,0.97,0.985,1.02,1.055,0.92,0.995,0.985,reliever,1.4482242766956888,0.889,4.4458,4.56427,3.95232,4.05764,0.11762,0.11997,4.19988,4.22716,1.43431,1.43431,0.00856,379.54108093749994,0.44954,0.55046,R,0.1861,0.17818,0.07281,0.05401,0.00845,0.01916,0.02842,0.03153,0.15649,0.15276,0.04272,0.04255,0.0032,0.00177,0.01766,0.0124,0.48415,0.50764
571578,Patrick Corbin,Tor,37,252.0,3182.0,1458,0.18099,0.07398,0.00701,0.00782,0.02643,0.00263,0.03913,0.17608,0.48593,0.01793,0.0099,0.00146,0.00153,0.00333,0.00043,0.00301,0.00531,0.00631,0.17828,0.07324,0.00701,0.02775,0.17608,0.03991,0.00226,0.00782,0.48765,0.26976,0.32626,0.30919,0.26976,0.30919,141,1.1,1.0,1.04,0.72,0.98,0.97,1.05,1.0,1.02,0.86,0.99,0.985,starter,5.147416085761327,0.934,4.69272,4.77343,4.383,4.45839,0.12078,0.12267,4.31722,4.3236,0.70129,0.70129,0.00642,1891.1558253124997,0.24162,0.75838,L,0.20232,0.1742,0.08613,0.0701,0.00781,0.00676,0.01838,0.029,0.15721,0.1821,0.03646,0.03998,0.00218,0.00277,0.00766,0.00787,0.48185,0.48722
680730,Mitchell Parker,Was,27,139.0,1510.0,1423,0.17986,0.0737,0.00558,0.00909,0.03504,0.00308,0.04383,0.16372,0.48611,0.02343,0.01294,0.00187,0.00235,0.00389,0.00034,0.00319,0.00518,0.00644,0.17447,0.07222,0.00558,0.03504,0.16863,0.04339,0.00302,0.00909,0.48857,0.27387,0.32788,0.30562,0.27387,0.30562,120,1.0,1.06,0.98,0.96,0.96,0.94,1.0,1.03,0.99,0.98,0.98,0.97,starter,4.733719495267995,0.934,5.0738,5.15554,4.73893,4.81528,0.13065,0.13217,4.31517,4.33403,0.55825,0.55825,0.008,1038.68725,0.28012,0.71988,L,0.19797,0.17282,0.08159,0.07063,0.00596,0.00543,0.02808,0.03775,0.17953,0.15756,0.03371,0.04776,0.00589,0.00198,0.00784,0.00958,0.45942,0.49649
500779,Jose Quintana,Col,38,181.0,2452.0,1388,0.17985,0.08375,0.00864,0.00732,0.03059,0.00263,0.03302,0.16524,0.48898,0.02011,0.01178,0.00184,0.00168,0.00365,0.00043,0.00267,0.00531,0.00638,0.17086,0.08375,0.00864,0.0315,0.17928,0.03682,0.00384,0.00732,0.478,0.27928,0.34382,0.31512,0.27928,0.31512,115,1.06,1.17,1.23,1.92,1.0,0.9,1.03,1.085,1.115,1.46,1.0,0.95,starter,5.351663548827903,0.934,4.66995,5.29399,4.36174,4.94459,0.12044,0.1325,4.30823,4.43934,0.86399,0.86399,0.00596,1463.6835259374998,0.2503,0.7497,L,0.21186,0.16916,0.08454,0.08348,0.00969,0.00829,0.04044,0.02729,0.14408,0.1723,0.03124,0.03361,0.0053,0.00174,0.00529,0.00799,0.46756,0.49613
683155,Joey Estes,Ath,25,55.0,645.0,813,0.17963,0.0629,0.02052,0.01022,0.03852,0.00292,0.05076,0.13879,0.49574,0.0345,0.01772,0.00526,0.00363,0.00528,0.00035,0.00462,0.00667,0.00891,0.16706,0.06919,0.02052,0.0416,0.14573,0.05635,0.00267,0.01022,0.48667,0.2737,0.33605,0.29612,0.2737,0.29612,133,1.16,1.1,1.22,0.83,1.2,0.86,1.08,1.05,1.11,0.915,1.1,0.93,starter,4.9741328499047075,0.934,5.01903,5.7227,4.68777,5.345,0.13125,0.14493,4.24887,4.3874,2.05188,2.05188,0.00733,397.74166875,0.44987,0.55013,R,0.17708,0.18171,0.08294,0.04651,0.01314,0.02655,0.03855,0.0385,0.1255,0.14965,0.04699,0.05385,0.00354,0.0024,0.00807,0.01198,0.50418,0.48884
592836,Taijuan Walker,Phi,34,115.0,2416.0,1224,0.17956,0.08562,0.00917,0.00466,0.02964,0.0027,0.03862,0.16456,0.48547,0.02057,0.01217,0.00191,0.00135,0.0038,0.00036,0.0032,0.00568,0.00686,0.18226,0.0839,0.00917,0.03172,0.16703,0.03746,0.00271,0.00466,0.48109,0.2648,0.33199,0.30104,0.2648,0.30104,143,1.14,1.03,0.94,1.01,0.96,1.03,1.07,1.015,0.97,1.005,0.98,1.015,starter,3.991234788568294,0.934,4.85322,4.96367,4.5329,4.63606,0.12397,0.12647,4.34974,4.36072,0.91651,0.91651,0.00363,1391.0319540624998,0.51053,0.48947,R,0.18145,0.1776,0.10231,0.06821,0.00578,0.0127,0.02982,0.02946,0.15771,0.17171,0.03949,0.03771,0.00309,0.00229,0.00529,0.004,0.47507,0.49632
694346,Trey Gibson,Bal,25,74.0,74.0,400,0.17921,0.09061,0.00569,0.00938,0.03368,0.00299,0.0365,0.15366,0.4883,0.05529,0.0336,0.00604,0.0069,0.00714,0.0006,0.00514,0.00905,0.01167,0.17741,0.08744,0.00569,0.03519,0.15673,0.03668,0.0033,0.00938,0.48818,0.25839,0.32503,0.28721,0.25839,0.28721,110,1.09,1.04,1.01,1.21,0.93,0.98,1.045,1.02,1.005,1.105,0.965,0.99,starter,4.25,0.934,4.78837,4.92038,4.47234,4.59564,0.12363,0.12668,4.30356,4.31575,0.56891,0.56891,0.00874,62.9,0.45255,0.54745,R,0.1748,0.18285,0.09538,0.08667,0.00518,0.00611,0.03317,0.03409,0.15157,0.15538,0.038,0.03526,0.00373,0.00237,0.00778,0.0107,0.49038,0.48658
518397,Scott Alexander,San,37,81.0,512.0,800,0.17897,0.07758,0.00824,0.00446,0.02719,0.00244,0.04004,0.16547,0.4956,0.0383,0.0217,0.00371,0.00265,0.00479,0.0003,0.00425,0.00687,0.00836,0.17629,0.07486,0.00824,0.0242,0.16796,0.04164,0.00287,0.00446,0.49948,0.25938,0.31977,0.29843,0.25938,0.29843,137,0.78,1.03,1.08,1.35,0.93,0.97,0.89,1.015,1.04,1.175,0.965,0.985,reliever,0.8529700827853862,0.889,4.59896,4.51155,4.08847,4.01077,0.11912,0.11706,4.28992,4.28238,0.82367,0.82367,0.011,293.31323468749997,0.4263,0.5737,L,0.20278,0.16128,0.06857,0.08427,0.0082,0.00826,0.0243,0.02935,0.14745,0.17887,0.03935,0.04055,0.00349,0.00167,0.0046,0.00436,0.50126,0.4914
669724,Brenan Hanifee,Det,29,55.0,458.0,1200,0.17774,0.06313,0.0072,0.00315,0.02603,0.00273,0.04293,0.16902,0.50805,0.03708,0.01916,0.00364,0.00233,0.00363,0.00033,0.00354,0.00567,0.00692,0.17686,0.06282,0.0072,0.02616,0.16987,0.04121,0.00346,0.00315,0.50926,0.25971,0.31073,0.29641,0.25971,0.29641,116,1.01,1.01,0.92,1.54,0.99,0.99,1.005,1.005,0.96,1.27,0.995,0.995,reliever,1.1620543630913653,0.889,4.45197,4.44799,3.9578,3.95426,0.11699,0.11694,4.22819,4.22622,0.72047,0.72047,0.00704,308.29499999999996,0.34173,0.65827,R,0.16987,0.18183,0.09304,0.0476,0.00563,0.00802,0.03262,0.02261,0.15925,0.1741,0.04873,0.03992,0.00277,0.00271,0.00412,0.00264,0.48397,0.52056
643511,Tyler Rogers,Tor,36,119.0,1336.0,1200,0.17747,0.05259,0.01192,0.00606,0.01775,0.00192,0.03885,0.17447,0.51898,0.0261,0.01238,0.00288,0.00203,0.00311,0.00025,0.0034,0.00528,0.00657,0.17481,0.05206,0.01192,0.01864,0.17447,0.03962,0.00165,0.00606,0.52077,0.25203,0.29836,0.29292,0.25203,0.29292,141,1.1,1.0,1.04,0.72,0.98,0.97,1.05,1.0,1.02,0.86,0.99,0.985,reliever,0.9430705450922323,0.889,3.82362,3.88295,3.3992,3.45195,0.10246,0.10392,4.14656,4.1517,1.19182,1.19182,0.00429,798.1156759374998,0.47577,0.52423,R,0.1639,0.18979,0.05545,0.04998,0.01762,0.00675,0.01751,0.01798,0.17485,0.17412,0.04262,0.03542,0.00227,0.00159,0.00619,0.00593,0.51958,0.51843
596271,Casey Lawrence,Sea,39,80.0,281.0,800,0.17708,0.06593,0.01351,0.01202,0.03271,0.00175,0.03515,0.1623,0.49956,0.04586,0.02421,0.00607,0.00543,0.00509,0.0002,0.00369,0.00661,0.00824,0.19302,0.06428,0.01351,0.03239,0.15418,0.03357,0.00122,0.01202,0.49583,0.24319,0.29914,0.27595,0.24319,0.27595,136,0.98,0.9,0.91,0.39,0.95,1.18,0.99,0.95,0.955,0.695,0.975,1.09,reliever,2.9444444444444446,0.889,4.53635,4.20071,4.03282,3.73444,0.11916,0.1123,4.22999,4.15632,1.35073,1.35073,0.00749,156.53748218749996,0.41071,0.58929,R,0.17977,0.1752,0.06965,0.06333,0.00971,0.01615,0.03165,0.03346,0.16117,0.16308,0.03271,0.03685,0.00233,0.00135,0.01306,0.01129,0.49995,0.49928
669060,Bryse Wilson,Chi,29,224.0,1489.0,800,0.17613,0.07291,0.01139,0.00735,0.03256,0.00281,0.03728,0.17559,0.48398,0.02569,0.01424,0.00268,0.00213,0.00522,0.00048,0.00385,0.00742,0.0088,0.17349,0.074,0.01139,0.03207,0.17471,0.03598,0.00242,0.00735,0.4886,0.27023,0.33056,0.3037,0.27023,0.3037,145,0.97,0.99,0.93,0.72,1.03,0.97,0.985,0.995,0.965,0.86,1.015,0.985,reliever,2.8312545854732214,0.889,5.07049,4.97396,4.50766,4.42185,0.12909,0.12701,4.36428,4.35143,1.13933,1.13933,0.0076,823.0392165624999,0.43418,0.56582,R,0.17578,0.17641,0.10396,0.04907,0.00862,0.01352,0.03422,0.03128,0.1699,0.17995,0.03899,0.03597,0.00449,0.00153,0.0055,0.00876,0.45854,0.50351
800049,Adam Mazur,Mia,26,139.0,297.0,800,0.17597,0.09802,0.01028,0.00916,0.03442,0.00325,0.04063,0.14708,0.48118,0.04297,0.02725,0.00519,0.00466,0.00514,0.00081,0.00402,0.00653,0.00842,0.17333,0.09802,0.01028,0.03219,0.14782,0.04185,0.00382,0.00916,0.48353,0.25572,0.33398,0.2858,0.25572,0.2858,146,0.87,1.01,1.06,1.35,1.0,0.97,0.935,1.005,1.03,1.175,1.0,0.985,starter,4.613508198275046,0.934,5.0777,5.03519,4.74258,4.70287,0.12905,0.12791,4.37187,4.37375,1.02815,1.02815,0.00801,197.45925,0.51107,0.48893,R,0.15988,0.19278,0.11615,0.07907,0.00876,0.01188,0.03804,0.03064,0.14521,0.14904,0.04194,0.03927,0.00336,0.00314,0.00939,0.00892,0.47728,0.48526
489119,Wade Miley,Cin,40,55.0,734.0,800,0.17559,0.08481,0.00968,0.00564,0.03025,0.00206,0.0365,0.16081,0.49467,0.03462,0.02058,0.00343,0.00256,0.00469,0.00027,0.00358,0.007,0.00836,0.17822,0.08778,0.00968,0.03373,0.15679,0.03687,0.00176,0.00564,0.48954,0.25548,0.32659,0.28529,0.25548,0.28529,113,1.23,0.95,1.02,0.71,1.07,1.03,1.115,0.975,1.01,0.855,1.035,1.015,starter,3.8342618384401117,0.934,4.68794,4.85201,4.37853,4.53178,0.12086,0.12463,4.30981,4.32577,0.96758,0.96758,0.00654,384.4934571874999,0.35439,0.64561,L,0.21482,0.15406,0.07721,0.08899,0.00983,0.00959,0.02488,0.0332,0.16163,0.16035,0.03447,0.03762,0.00247,0.00183,0.005,0.006,0.4697,0.50838
688642,Zach Agnos,Col,26,185.0,323.0,800,0.17552,0.0943,0.00714,0.01314,0.03076,0.0034,0.0375,0.16325,0.47501,0.03967,0.02474,0.00419,0.0054,0.0051,0.00052,0.00383,0.00719,0.00852,0.16675,0.0943,0.00714,0.03169,0.17712,0.04181,0.00496,0.01314,0.46311,0.28864,0.35701,0.32589,0.28864,0.32589,115,1.06,1.17,1.23,1.92,1.0,0.9,1.03,1.085,1.115,1.46,1.0,0.95,reliever,1.8299352290524349,0.889,5.01039,5.69164,4.45424,5.05987,0.12683,0.13959,4.38925,4.53037,0.71368,0.71368,0.00845,256.955,0.44359,0.55641,R,0.19207,0.16233,0.10414,0.08645,0.00528,0.00862,0.02817,0.03283,0.16337,0.16314,0.03484,0.03962,0.00445,0.00255,0.01478,0.01182,0.4529,0.49263
700241,Michael McGreevy,St.,26,285.0,771.0,1200,0.17507,0.05806,0.00573,0.00316,0.02897,0.00266,0.03834,0.17989,0.50812,0.0295,0.01474,0.00259,0.00188,0.00396,0.00028,0.00326,0.00586,0.00705,0.16632,0.05574,0.00573,0.02607,0.18709,0.03949,0.00229,0.00316,0.51412,0.27255,0.3164,0.30803,0.27255,0.30803,138,0.8,1.08,1.06,0.72,0.92,0.9,0.9,1.04,1.03,0.86,0.96,0.95,starter,5.612499543516178,0.934,4.59839,4.58993,4.2949,4.287,0.12038,0.11968,4.24419,4.26128,0.57299,0.57299,0.00561,584.06475,0.50051,0.49949,R,0.16222,0.18795,0.06858,0.04752,0.00521,0.00625,0.03323,0.0247,0.18379,0.17598,0.039,0.03767,0.00315,0.00218,0.00371,0.00262,0.50112,0.51513
605288,Adrian Houser,San,34,296.0,2059.0,1200,0.17471,0.0836,0.00929,0.00818,0.02548,0.00361,0.04279,0.16345,0.48889,0.02121,0.01255,0.00207,0.00193,0.00353,0.00045,0.0034,0.00554,0.00687,0.17209,0.08068,0.00929,0.02268,0.1659,0.0445,0.00424,0.00818,0.49244,0.26315,0.32729,0.30356,0.26315,0.30356,137,0.78,1.03,1.08,1.35,0.93,0.97,0.89,1.015,1.04,1.175,0.965,0.985,starter,5.0078150077344725,0.934,4.74141,4.67334,4.42848,4.3649,0.12149,0.11991,4.33629,4.33026,0.92923,0.92923,0.00718,1268.5905484374996,0.52003,0.47997,R,0.17946,0.16955,0.10315,0.06242,0.01031,0.00818,0.03187,0.01857,0.15563,0.17192,0.04901,0.03606,0.005,0.00209,0.00854,0.00778,0.45701,0.52343
663559,Bailey Falter,Kan,30,57.0,1860.0,1261,0.17416,0.07592,0.00406,0.00698,0.02598,0.00237,0.04179,0.16573,0.50303,0.02238,0.01269,0.00144,0.00187,0.0035,0.00023,0.00326,0.00559,0.00676,0.16632,0.07592,0.00406,0.02377,0.16656,0.04576,0.0033,0.00698,0.50734,0.26219,0.31936,0.29824,0.26219,0.29824,118,0.83,1.01,1.19,1.79,1.0,0.91,0.915,1.005,1.095,1.395,1.0,0.955,starter,4.81648592115582,0.934,4.4852,4.57039,4.18918,4.26874,0.11705,0.11865,4.25777,4.27982,0.40599,0.40599,0.00598,1120.4139478124998,0.2632,0.7368,L,0.17766,0.1729,0.06429,0.08007,0.00546,0.00356,0.0249,0.02636,0.18316,0.1595,0.04093,0.04209,0.00324,0.00206,0.0058,0.0074,0.49455,0.50605
608566,Germán Márquez,San,32,128.0,1598.0,1285,0.17254,0.08231,0.00708,0.00804,0.03338,0.00348,0.04617,0.15811,0.48889,0.02412,0.01425,0.00205,0.00215,0.00403,0.00049,0.00356,0.00552,0.00695,0.17427,0.08272,0.00708,0.03455,0.15494,0.0434,0.003,0.00804,0.492,0.26147,0.32569,0.29039,0.26147,0.29039,135,1.07,0.96,0.88,0.72,1.01,1.02,1.035,0.98,0.94,0.86,1.005,1.01,starter,4.859354354959614,0.934,5.14476,5.01494,4.80521,4.68395,0.13138,0.12899,4.35118,4.31994,0.70775,0.70775,0.00954,923.2044384374999,0.49627,0.50373,R,0.1741,0.17101,0.10246,0.06246,0.00699,0.00716,0.03641,0.03039,0.15749,0.15871,0.03982,0.05242,0.00444,0.00254,0.00931,0.0068,0.46897,0.50851
607200,Erick Fedde,Chi,34,276.0,2198.0,1409,0.17211,0.09054,0.00521,0.00855,0.02298,0.00319,0.03708,0.15817,0.50216,0.02027,0.01251,0.00151,0.00191,0.003,0.00043,0.00283,0.00508,0.00613,0.16953,0.0919,0.00521,0.02264,0.15738,0.03578,0.00274,0.00855,0.50626,0.24436,0.31566,0.279,0.24436,0.279,145,0.97,0.99,0.93,0.72,1.03,0.97,0.985,0.995,0.965,0.86,1.015,0.985,starter,5.041834347236523,0.934,4.28477,4.20554,4.00197,3.92797,0.1116,0.10978,4.26614,4.25665,0.52134,0.52134,0.00635,1384.8153940624998,0.50192,0.49808,R,0.16107,0.18323,0.10396,0.07702,0.00279,0.00765,0.02317,0.02279,0.15535,0.16102,0.03737,0.03678,0.00434,0.00203,0.00961,0.00748,0.50234,0.50198
669467,Andre Pallante,St.,28,274.0,2257.0,1329,0.17171,0.08885,0.00679,0.00413,0.0224,0.00272,0.03289,0.16778,0.50273,0.02001,0.01226,0.0017,0.00132,0.00326,0.00041,0.0028,0.00504,0.00621,0.16313,0.0853,0.00679,0.02016,0.17449,0.03387,0.00234,0.00413,0.50979,0.25544,0.32295,0.29244,0.25544,0.29244,138,0.8,1.08,1.06,0.72,0.92,0.9,0.9,1.04,1.03,0.86,0.96,0.95,starter,4.938215258415917,0.934,4.30518,4.2946,4.02104,4.01115,0.11143,0.11091,4.29286,4.30252,0.67934,0.67934,0.01406,1422.4963403124998,0.4788,0.5212,R,0.1719,0.17153,0.08508,0.09232,0.00369,0.00964,0.02254,0.02227,0.15593,0.17866,0.03405,0.03181,0.00294,0.00252,0.00281,0.00534,0.52104,0.4859
607536,Kyle Freeland,Col,34,252.0,2894.0,1353,0.17167,0.06145,0.01005,0.0089,0.02894,0.00363,0.04253,0.18126,0.49158,0.01834,0.00948,0.00183,0.00171,0.00358,0.00034,0.0031,0.00579,0.00671,0.16309,0.06145,0.01005,0.02981,0.19667,0.04742,0.00529,0.0089,0.47733,0.3036,0.35069,0.34317,0.3036,0.34317,115,1.06,1.17,1.23,1.92,1.0,0.9,1.03,1.085,1.115,1.46,1.0,0.95,starter,5.20886694009107,0.934,4.98455,5.722,4.65557,5.34435,0.12779,0.14172,4.33387,4.48627,1.00458,1.00458,0.00497,1720.650250625,0.21502,0.78498,L,0.1954,0.16517,0.06345,0.0609,0.01511,0.00866,0.02248,0.03071,0.17439,0.18314,0.03928,0.04342,0.00352,0.00366,0.01246,0.00792,0.47393,0.49641
678368,Valente Bellozo,Col,27,48.0,691.0,1200,0.17122,0.07693,0.01022,0.00718,0.03856,0.00341,0.04075,0.15281,0.49893,0.03174,0.01823,0.00362,0.00296,0.00443,0.00046,0.00329,0.00572,0.00728,0.16266,0.07693,0.01022,0.03971,0.1658,0.04543,0.00498,0.00718,0.48709,0.28258,0.34307,0.30743,0.28258,0.30743,115,1.06,1.17,1.23,1.92,1.0,0.9,1.03,1.085,1.115,1.46,1.0,0.95,starter,3.6757982845661705,0.934,5.08524,5.76073,4.74961,5.38053,0.13138,0.14435,4.30071,4.43427,1.02155,1.02155,0.00461,473.39687499999997,0.44893,0.55107,R,0.17007,0.17216,0.08013,0.07432,0.0081,0.01194,0.03697,0.03985,0.16376,0.14389,0.04381,0.03826,0.00428,0.0027,0.00445,0.0094,0.48844,0.50748
694363,Jared Shuster,St.,28,32.0,665.0,1200,0.17037,0.09481,0.0052,0.01123,0.01994,0.00242,0.03988,0.1599,0.49624,0.03361,0.02127,0.00263,0.00376,0.00303,0.00032,0.00326,0.00551,0.00664,0.16185,0.09102,0.0052,0.01795,0.1663,0.04107,0.00208,0.01123,0.50329,0.25478,0.32363,0.29387,0.25478,0.29387,138,0.8,1.08,1.06,0.72,0.92,0.9,0.9,1.04,1.03,0.86,0.96,0.95,reliever,1.7806246942682276,0.889,4.28736,4.28914,3.81147,3.81305,0.11085,0.11066,4.29747,4.30679,0.52029,0.52029,0.00989,403.64056249999993,0.3874,0.6126,L,0.18045,0.164,0.08238,0.10268,0.00536,0.0051,0.02182,0.01876,0.16423,0.15717,0.03335,0.044,0.00297,0.00207,0.01614,0.00813,0.49331,0.49808
519008,T.J. McFarland,Ath,38,74.0,465.0,800,0.17004,0.07299,0.01629,0.00995,0.02409,0.00307,0.03763,0.16696,0.49897,0.03866,0.02174,0.00542,0.0041,0.00427,0.00064,0.0039,0.00682,0.00829,0.15814,0.08029,0.01629,0.02602,0.17531,0.04177,0.00281,0.00995,0.48942,0.27523,0.3425,0.31001,0.27523,0.31001,133,1.16,1.1,1.22,0.83,1.2,0.86,1.08,1.05,1.11,0.915,1.1,0.93,reliever,0.6836626316856788,0.889,4.47724,5.09679,3.98026,4.53105,0.11595,0.12782,4.29039,4.43039,1.62865,1.62865,0.0076,262.12164531249994,0.4499,0.5501,L,0.20216,0.14377,0.06013,0.08351,0.01737,0.0154,0.02084,0.02676,0.16424,0.16919,0.04018,0.03555,0.00347,0.00275,0.00634,0.0129,0.48527,0.51017
543294,Kyle Hendricks,Los,37,695.0,2196.0,967,0.16954,0.06487,0.00698,0.00769,0.02878,0.00257,0.03251,0.16756,0.51951,0.02066,0.01101,0.00174,0.00182,0.0043,0.00036,0.00325,0.00647,0.00785,0.17378,0.06487,0.00698,0.02979,0.16588,0.03154,0.00252,0.00769,0.51696,0.24958,0.30157,0.27889,0.24958,0.27889,108,1.07,0.98,0.94,0.96,1.0,1.05,1.035,0.99,0.97,0.98,1.0,1.025,starter,4.987134856481411,0.934,4.2378,4.21638,3.9581,3.9381,0.11262,0.11233,4.18092,4.17077,0.69755,0.69755,0.00259,1310.02507875,0.48906,0.51094,R,0.17205,0.16714,0.08117,0.04927,0.00587,0.00804,0.02915,0.02843,0.15587,0.17874,0.03329,0.03177,0.00279,0.00236,0.00647,0.00886,0.51335,0.5254
623167,Chris Flexen,Chi,32,178.0,1941.0,918,0.16925,0.08402,0.00439,0.00671,0.02589,0.00329,0.03627,0.15746,0.51272,0.0226,0.01358,0.00147,0.0018,0.00383,0.00058,0.00317,0.00652,0.00775,0.17179,0.08444,0.00439,0.02576,0.15432,0.03265,0.00361,0.00671,0.51636,0.23917,0.30515,0.26957,0.23917,0.26957,112,0.99,0.96,0.8,1.19,1.01,1.03,0.995,0.98,0.9,1.095,1.005,1.015,starter,4.17547058177856,0.934,4.28743,4.09815,4.00446,3.82767,0.11262,0.10862,4.22986,4.19228,0.43919,0.43919,0.00948,1067.832421875,0.44516,0.55484,R,0.18486,0.15672,0.0919,0.07769,0.00396,0.00474,0.02552,0.02618,0.14613,0.16656,0.03474,0.03751,0.00478,0.0021,0.00532,0.00782,0.5028,0.52068
571945,Miles Mikolas,Was,38,262.0,3316.0,1509,0.16764,0.0503,0.00674,0.00897,0.03762,0.00341,0.04407,0.16222,0.51903,0.01713,0.00814,0.0014,0.00161,0.00393,0.00038,0.00311,0.00501,0.00644,0.16261,0.04929,0.00674,0.03762,0.16709,0.04363,0.00334,0.00897,0.52071,0.26918,0.30771,0.29133,0.26918,0.29133,120,1.0,1.06,0.98,0.96,0.96,0.94,1.0,1.03,0.99,0.98,0.98,0.97,starter,5.036865783780074,0.934,4.81698,4.90194,4.49906,4.57841,0.12781,0.12944,4.18748,4.20776,0.67362,0.67362,0.00354,1954.3306515624997,0.50621,0.49379,R,0.16803,0.16725,0.05265,0.04789,0.0068,0.00668,0.03778,0.03746,0.15435,0.1703,0.04589,0.04221,0.00466,0.00213,0.01007,0.00784,0.51978,0.51826
615698,Cal Quantrill,Tex,32,100.0,2483.0,1265,0.16713,0.08024,0.014,0.00646,0.03247,0.00368,0.03995,0.16593,0.49015,0.01973,0.01167,0.00232,0.00157,0.00399,0.0005,0.00317,0.00573,0.00692,0.1688,0.07823,0.014,0.031,0.16095,0.03796,0.00331,0.00646,0.49929,0.25876,0.32545,0.28826,0.25876,0.28826,140,0.91,0.94,0.9,0.8,0.95,1.02,0.955,0.97,0.95,0.9,0.975,1.01,starter,4.53524688381679,0.934,5.17241,4.82381,4.83103,4.50544,0.13095,0.12411,4.38876,4.31843,1.39977,1.39977,0.00793,1431.9323656249999,0.46971,0.53029,R,0.2001,0.13793,0.10923,0.05455,0.00776,0.01953,0.02913,0.03542,0.14474,0.18469,0.04114,0.0389,0.00429,0.00314,0.0052,0.00758,0.45843,0.51825
681190,Randy Vásquez,San,28,291.0,1458.0,1233,0.16425,0.08123,0.01357,0.00749,0.03702,0.0035,0.03895,0.15929,0.49469,0.02288,0.0137,0.00295,0.00217,0.00413,0.00039,0.00303,0.00561,0.0068,0.16589,0.08163,0.01357,0.03832,0.15611,0.03661,0.00301,0.00749,0.49736,0.26084,0.32926,0.28241,0.26084,0.28241,135,1.07,0.96,0.88,0.72,1.01,1.02,1.035,0.98,0.94,0.86,1.005,1.01,starter,4.961898694309879,0.934,5.25341,5.14567,4.90668,4.80605,0.13354,0.13165,4.37109,4.343,1.35736,1.35736,0.0073,1010.5159124999999,0.48794,0.51206,R,0.14744,0.18026,0.09525,0.06787,0.01211,0.01497,0.03624,0.03777,0.16873,0.15031,0.04011,0.03785,0.00484,0.00223,0.00862,0.00641,0.48667,0.50233
596295,Austin Gomber,Col,33,272.0,2100.0,1354,0.16417,0.06471,0.00361,0.00487,0.03263,0.00365,0.04831,0.17061,0.50744,0.02142,0.01155,0.00128,0.00148,0.00389,0.00044,0.00353,0.00566,0.00699,0.15596,0.06471,0.00361,0.03361,0.18511,0.05386,0.00532,0.00487,0.49294,0.29985,0.34623,0.33137,0.29985,0.33137,115,1.06,1.17,1.23,1.92,1.0,0.9,1.03,1.085,1.115,1.46,1.0,0.95,starter,5.297660818713451,0.934,5.0992,5.84491,4.76265,5.45915,0.13158,0.14575,4.30606,4.45566,0.36129,0.36129,0.00793,1173.4408790624998,0.25942,0.74058,L,0.17435,0.16061,0.06964,0.06299,0.00379,0.00355,0.03534,0.03168,0.15918,0.17461,0.03941,0.05142,0.0041,0.00349,0.00708,0.0041,0.50712,0.50756
663765,Jake Woodford,Mil,30,112.0,859.0,1200,0.16312,0.07423,0.01158,0.01207,0.02748,0.00243,0.03825,0.17176,0.49907,0.03003,0.0173,0.00349,0.00349,0.00403,0.00026,0.00338,0.00585,0.00711,0.17128,0.07609,0.01158,0.02776,0.16832,0.03576,0.00234,0.01207,0.49479,0.26013,0.32186,0.29438,0.26013,0.29438,158,1.02,0.96,0.87,0.93,1.05,1.1,1.01,0.98,0.935,0.965,1.025,1.05,reliever,2.306449538093582,0.889,4.72639,4.58885,4.20176,4.07949,0.12156,0.1187,4.32023,4.29554,1.15827,1.15827,0.00875,519.88586125,0.40832,0.59168,R,0.14495,0.17566,0.08613,0.06602,0.01033,0.01245,0.03395,0.02303,0.17632,0.16861,0.03671,0.03932,0.0025,0.00238,0.01618,0.00924,0.49294,0.5033
608372,Tomoyuki Sugano,Col,37,287.0,962.0,923,0.16292,0.06295,0.01044,0.01,0.03771,0.00374,0.04195,0.16849,0.50179,0.02616,0.01397,0.00315,0.00302,0.00501,0.00045,0.00363,0.00671,0.00823,0.15478,0.06295,0.01044,0.03884,0.18282,0.04678,0.00546,0.01,0.48794,0.29881,0.34729,0.32511,0.29881,0.32511,115,1.06,1.17,1.23,1.92,1.0,0.9,1.03,1.085,1.115,1.46,1.0,0.95,starter,5.241148265572153,0.934,5.23308,5.96332,4.88769,5.56975,0.13468,0.14847,4.31739,4.4629,1.04377,1.04377,0.00598,731.6374999999999,0.49828,0.50172,R,0.16088,0.16495,0.07115,0.05482,0.00866,0.0122,0.04542,0.03005,0.15717,0.17974,0.04173,0.04218,0.00563,0.00187,0.00607,0.0139,0.50329,0.50031
667463,John King,Mia,32,101.0,950.0,1200,0.16217,0.06781,0.00668,0.01105,0.02439,0.00193,0.0311,0.18156,0.51331,0.02872,0.01591,0.00254,0.00319,0.00359,0.00022,0.00279,0.00585,0.00682,0.15973,0.06781,0.00668,0.02281,0.18246,0.03203,0.00227,0.01105,0.51515,0.26199,0.31407,0.29617,0.26199,0.29617,146,0.87,1.01,1.06,1.35,1.0,0.97,0.935,1.005,1.03,1.175,1.0,0.985,reliever,0.9944294589671349,0.889,4.28124,4.26089,3.80602,3.78793,0.11211,0.11148,4.2431,4.24677,0.66759,0.66759,0.00835,579.0055606249999,0.45136,0.54864,L,0.17358,0.15277,0.0535,0.07959,0.00938,0.00445,0.02558,0.02342,0.16517,0.19504,0.03063,0.03149,0.00228,0.00165,0.01024,0.01171,0.52965,0.49988
570632,José Ureña,Los,35,245.0,1343.0,800,0.15902,0.09199,0.00694,0.01013,0.03025,0.00344,0.04163,0.15854,0.49805,0.02551,0.01637,0.0022,0.00262,0.00485,0.00062,0.00406,0.00666,0.00838,0.16299,0.09199,0.00694,0.03131,0.15696,0.04038,0.00337,0.01013,0.49592,0.26043,0.33096,0.28812,0.26043,0.28812,108,1.07,0.98,0.94,0.96,1.0,1.05,1.035,0.99,0.97,0.98,1.0,1.025,reliever,3.1509399518560586,0.889,4.98979,4.96012,4.43592,4.40954,0.12698,0.12658,4.36604,4.354,0.69404,0.69404,0.00748,759.0003387499999,0.46145,0.53855,R,0.15838,0.15957,0.10641,0.07964,0.00472,0.00884,0.02895,0.03137,0.16072,0.15668,0.04143,0.0418,0.00528,0.00186,0.00848,0.01155,0.48562,0.50869
686799,Jack Kochanowicz,Los,26,296.0,1074.0,1200,0.15106,0.09749,0.01809,0.0099,0.02922,0.00231,0.03043,0.17282,0.48868,0.02464,0.01657,0.00392,0.00286,0.00388,0.00029,0.00259,0.00559,0.00664,0.15484,0.09749,0.01809,0.03024,0.17109,0.02952,0.00227,0.0099,0.48657,0.26657,0.34869,0.29426,0.26657,0.29426,108,1.07,0.98,0.94,0.96,1.0,1.05,1.035,0.99,0.97,0.98,1.0,1.025,starter,5.111945412434443,0.934,5.15907,5.13655,4.81857,4.79754,0.12784,0.12761,4.48402,4.47256,1.80902,1.80902,0.00978,784.8772499999999,0.55102,0.44898,R,0.14383,0.15994,0.10485,0.08845,0.01821,0.01794,0.03017,0.02805,0.17381,0.1716,0.03321,0.02703,0.00327,0.00114,0.00981,0.01001,0.48285,0.49583
622608,Antonio Senzatela,Col,32,145.0,1260.0,1299,0.1506,0.0756,0.00961,0.00712,0.0254,0.00367,0.0389,0.19133,0.49777,0.02439,0.01464,0.00266,0.00226,0.00348,0.00057,0.00299,0.00593,0.00683,0.14307,0.0756,0.00961,0.02617,0.2076,0.04337,0.00536,0.00712,0.48211,0.31123,0.36771,0.34712,0.31123,0.34712,115,1.06,1.17,1.23,1.92,1.0,0.9,1.03,1.085,1.115,1.46,1.0,0.95,starter,3.7565894599296605,0.934,5.17687,5.94024,4.8352,5.54819,0.12943,0.14326,4.44407,4.60706,0.9609,0.9609,0.00848,801.8282315624999,0.50246,0.49754,R,0.14003,0.16127,0.07713,0.07406,0.00721,0.01203,0.0217,0.02915,0.19809,0.18452,0.03671,0.0411,0.00418,0.00316,0.00486,0.00939,0.51008,0.48533
687134,Bradley Blalock,Col,26,275.0,422.0,800,0.14965,0.09429,0.00971,0.01074,0.03509,0.00324,0.03822,0.16453,0.49453,0.03582,0.02382,0.00437,0.00442,0.00536,0.00041,0.00379,0.00714,0.00864,0.14217,0.09429,0.00971,0.03614,0.17851,0.04262,0.00473,0.01074,0.48109,0.29595,0.366,0.31948,0.29595,0.31948,115,1.06,1.17,1.23,1.92,1.0,0.9,1.03,1.085,1.115,1.46,1.0,0.95,starter,4.2490727211419586,0.934,5.4211,6.1348,5.06331,5.72991,0.13542,0.14836,4.44787,4.59465,0.97134,0.97134,0.00719,288.963875,0.51608,0.48392,R,0.14928,0.15005,0.10259,0.08545,0.01043,0.00895,0.03396,0.0363,0.16091,0.16838,0.04081,0.03546,0.00421,0.0022,0.00945,0.01211,0.48836,0.50111
657612,Tim Hill,New,37,111.0,1072.0,1200,0.14225,0.06699,0.01291,0.00824,0.02128,0.00151,0.03138,0.18295,0.53248,0.0258,0.01499,0.00332,0.00262,0.00344,0.00016,0.00297,0.00557,0.00667,0.14367,0.07268,0.01291,0.02309,0.17563,0.03028,0.00132,0.00824,0.53216,0.25418,0.31593,0.28028,0.25418,0.28028,147,1.17,0.92,0.93,0.75,1.17,1.02,1.085,0.96,0.965,0.875,1.085,1.01,reliever,0.9757000695948409,0.889,4.24885,4.2352,3.77722,3.76509,0.11068,0.11051,4.26521,4.25833,1.29133,1.29133,0.00485,661.1554946875,0.47072,0.52928,L,0.16314,0.12368,0.06333,0.07025,0.01318,0.01268,0.01317,0.02849,0.16591,0.1981,0.02967,0.0329,0.00187,0.0012,0.0066,0.0097,0.54313,0.523
