PlayerId,Name,Team,Age,Bats,Pos,Tier,Role,RoleSource,Origin,LineupSlot,PA,G,AB,H,1B,2B,3B,HR,TB,BB,HBP,SF,SO,SB,CS,R,RBI,AVG,OBP,SLG,OPS,r_1B,r_2B,r_3B,r_HR,r_BB,r_HBP,r_SF,r_SO,r_SB,r_CS,r_R,r_RBI
646240,Rafael Devers,SF,30,L,1B,projected,Full Time,feed:record over depth,MLB,3,760.0,162.0,664.8,162.9,87.7,35.1,2.0,38.1,316.3,84.2,6.4,4.6,182.3,2.7,0.8,96.0,102.2,0.245,0.334,0.476,0.81,0.11544,0.04624,0.00263,0.05014,0.11081,0.00844,0.00606,0.23989,0.00351,0.00099,0.126291117546835,0.1344708404787734
671056,Iván Herrera,STL,27,R,C,projected,Everyday DH / 1B-DH,feed:order+depth+record,MLB,3,741.9,162.0,640.1,160.9,107.6,28.9,1.1,23.3,261.9,72.7,23.3,5.8,149.7,8.7,2.3,91.3,78.7,0.251,0.346,0.409,0.755,0.14499,0.03891,0.00152,0.03138,0.09798,0.03134,0.0078,0.20176,0.01169,0.00309,0.1230956499067283,0.106028247771921
687263,Zach Neto,LAA,26,R,SS,projected,Full Time,feed:depth+record,MLB,3,739.0,162.0,661.6,158.4,83.3,37.9,2.5,34.7,305.4,55.5,19.2,2.7,201.8,27.5,8.6,96.3,82.0,0.239,0.315,0.462,0.777,0.11268,0.05133,0.0034,0.04691,0.07509,0.02595,0.00368,0.27311,0.03728,0.01161,0.1302985367019068,0.1109639151267851
805808,Kevin McGonigle,DET,22,L,SS,projected,Full Time,feed:order+depth+record,MLB,2,735.5,162.0,636.1,161.5,102.2,31.8,5.8,21.7,270.0,91.7,3.5,4.2,115.3,13.2,3.8,95.5,75.5,0.254,0.349,0.424,0.773,0.13896,0.04324,0.00789,0.02951,0.12461,0.0048,0.00566,0.15674,0.01801,0.00514,0.1298761563936541,0.1026211974747489
672640,Otto Lopez,MIA,28,R,SS,projected,Full Time,feed:order+depth+record,MLB,3,712.6,162.0,655.6,171.6,123.5,29.6,3.7,14.8,253.0,45.3,5.3,6.4,107.3,25.9,6.9,82.5,73.9,0.262,0.312,0.386,0.698,0.17324,0.04149,0.00515,0.02082,0.06364,0.00746,0.00897,0.15055,0.03639,0.00962,0.1158270028212871,0.1036571873181647
624413,Pete Alonso,BAL,32,R,1B,projected,Full Time,feed:order+depth+record,MLB,4,708.1,162.0,618.3,165.2,91.2,32.1,0.7,41.2,322.3,69.2,14.4,6.2,166.3,3.1,0.9,88.8,107.1,0.267,0.351,0.521,0.872,0.12882,0.04535,0.00096,0.05813,0.09767,0.02029,0.00874,0.23484,0.00442,0.00125,0.1254375408763872,0.1512785785322997
683002,Gunnar Henderson,BAL,26,L,SS,projected,Full Time,feed:order+depth+record,MLB,2,701.1,162.0,624.3,159.9,102.1,33.0,4.2,20.6,263.1,66.9,6.5,3.4,161.7,18.8,5.2,92.2,72.9,0.256,0.333,0.421,0.754,0.14566,0.04705,0.00604,0.02935,0.09536,0.00929,0.00489,0.23061,0.02686,0.00739,0.1315361061396605,0.1040473506860926
691406,Junior Caminero,TB,23,R,3B,projected,Full Time,feed:order+depth+record,MLB,4,696.2,162.0,628.9,164.4,96.0,29.7,0.9,37.8,309.3,59.3,3.6,4.4,137.2,6.3,1.8,88.1,95.6,0.261,0.326,0.492,0.818,0.13788,0.04268,0.0013,0.05434,0.08524,0.00523,0.00626,0.197,0.00901,0.00258,0.1266139999023735,0.1372503940783403
695578,James Wood,WSH,24,L,RF,projected,Everyday DH / 1B-DH,feed:order+depth+record,MLB,3,694.5,162.0,596.0,148.6,83.2,31.9,2.2,31.3,278.8,91.7,3.8,3.0,209.2,20.3,6.0,91.4,82.7,0.249,0.351,0.468,0.819,0.11984,0.04589,0.00315,0.04509,0.13208,0.00554,0.00426,0.30125,0.02916,0.00865,0.1315694309066432,0.1190587729880755
676475,Alec Burleson,STL,28,L,1B,projected,Full Time,feed:order+depth+record,MLB,4,693.2,162.0,633.9,171.6,110.2,32.6,1.3,27.5,289.3,49.4,5.0,4.9,111.2,6.1,1.7,76.4,90.7,0.271,0.326,0.456,0.782,0.15897,0.04708,0.00192,0.03972,0.07129,0.00715,0.00706,0.16048,0.00887,0.00248,0.1101779690752859,0.1307927136145827
691023,Jordan Walker,STL,25,R,RF,projected,Full Time,feed:order+depth+record,MLB,4,690.1,162.0,630.4,149.4,94.4,30.7,2.5,21.8,250.5,50.2,5.9,3.6,186.8,17.0,4.8,79.4,82.4,0.237,0.298,0.397,0.695,0.13678,0.04442,0.00356,0.03162,0.07277,0.0086,0.00522,0.27063,0.02463,0.00694,0.115035246545584,0.1194048839548876
682985,Riley Greene,DET,26,L,LF,projected,Full Time,feed:order+depth+record,MLB,3,681.4,161.4,609.1,148.3,80.1,32.0,2.4,33.8,286.5,63.5,4.5,4.3,192.8,4.6,1.3,88.3,87.8,0.243,0.317,0.47,0.787,0.11759,0.04699,0.00354,0.04956,0.09321,0.00665,0.00624,0.28288,0.00672,0.00196,0.1295825479951964,0.1288333403577525
650490,Yandy Díaz,TB,35,R,1B,projected,Everyday DH / 1B-DH,feed:order+depth+record,MLB,3,680.4,161.1,606.9,166.7,120.5,24.8,1.2,20.2,254.5,62.4,7.2,3.9,101.7,2.6,0.8,80.1,76.7,0.275,0.347,0.419,0.766,0.17709,0.03649,0.00173,0.02962,0.09177,0.01059,0.00568,0.14952,0.00386,0.00113,0.1177698186644817,0.1127438302077062
679529,Spencer Torkelson,DET,27,R,1B,projected,Full Time,feed:order+depth+record,MLB,4,675.1,159.9,594.7,133.6,68.5,32.8,1.2,31.1,262.1,68.2,8.1,4.1,187.9,2.4,0.7,80.2,79.7,0.225,0.311,0.441,0.752,0.10141,0.04856,0.00172,0.04609,0.10103,0.01201,0.00609,0.27828,0.00357,0.00103,0.118789908244991,0.1180609494626131
545361,Mike Trout,LAA,35,R,CF,projected,Everyday DH / 1B-DH,feed:depth+record,MLB,3,665.5,157.6,559.7,131.2,74.3,24.2,2.1,30.6,251.4,93.4,9.1,3.3,188.4,8.2,2.2,89.7,72.0,0.234,0.351,0.449,0.8,0.11165,0.03637,0.00315,0.04595,0.14029,0.01368,0.005,0.28316,0.0123,0.00325,0.1347819272120799,0.1082365192330964
666018,Jonathan Aranda,TB,29,L,1B,projected,Full Time,feed:order+depth+record,MLB,4,662.5,156.9,581.9,150.5,96.6,28.5,1.2,24.2,254.0,64.2,10.6,5.8,166.8,1.9,0.6,75.6,80.4,0.259,0.34,0.437,0.777,0.14586,0.04295,0.00178,0.03656,0.09695,0.01603,0.0088,0.25179,0.00285,0.00085,0.1141756525006248,0.1212958028143901
695734,Daylen Lile,WSH,24,L,LF,projected,Strong Side Platoon,feed:order+depth,MLB,3,660.2,156.4,606.7,155.8,95.1,31.6,9.1,20.0,265.6,40.8,6.4,6.3,126.5,17.5,5.5,76.8,75.2,0.257,0.307,0.438,0.745,0.144,0.04791,0.01378,0.03032,0.06187,0.00971,0.00949,0.19166,0.02656,0.00826,0.1163016848685807,0.113880585982286
682928,CJ Abrams,WSH,26,L,SS,projected,Full Time,feed:order+depth+record,MLB,3,659.2,156.1,598.6,146.8,87.8,29.5,5.0,24.5,259.8,42.2,14.3,4.1,142.2,31.6,7.8,86.0,73.2,0.245,0.308,0.434,0.742,0.13319,0.04479,0.00755,0.0372,0.06406,0.02176,0.00628,0.2157,0.04791,0.01179,0.1304231146992547,0.1110246775000854
650402,Gleyber Torres,DET,30,R,2B,projected,Everyday DH / 1B-DH,feed:order+depth+record,MLB,2,653.3,154.7,574.3,139.9,103.3,22.3,0.8,13.5,204.3,69.9,3.5,5.6,123.7,6.1,1.8,78.7,65.7,0.244,0.326,0.356,0.682,0.15816,0.03414,0.00125,0.02059,0.10702,0.00539,0.00855,0.1893,0.00934,0.00281,0.1205211853531384,0.1005355654029455
668804,Bryan Reynolds,PIT,32,S,LF,projected,Full Time,feed:order+depth+record,MLB,3,648.6,153.6,574.7,148.0,89.6,32.1,3.7,22.6,255.3,61.3,9.3,3.3,155.4,8.3,2.2,79.5,74.8,0.258,0.337,0.444,0.781,0.13819,0.04945,0.00573,0.03479,0.09456,0.01429,0.00507,0.23952,0.01286,0.00344,0.1225080858347683,0.1153370698944322
808982,Jung Hoo Lee,SF,28,L,RF,projected,Full Time,feed:order+depth+record,MLB,2,648.2,153.5,596.1,162.9,119.6,29.5,4.3,9.5,229.5,40.9,6.5,4.7,76.0,12.6,3.5,70.8,58.3,0.273,0.324,0.385,0.709,0.18455,0.04557,0.00671,0.01458,0.06315,0.01008,0.0072,0.1173,0.01942,0.00543,0.1092753915872562,0.0898818391939743
702616,Jackson Holliday,BAL,23,L,2B,projected,Full Time,feed:record over depth,MLB,2,648.2,153.5,585.5,135.9,93.3,24.1,3.8,14.7,211.7,55.2,4.3,3.2,157.4,17.5,5.4,75.3,59.2,0.232,0.301,0.362,0.663,0.14401,0.03721,0.00585,0.02269,0.08518,0.00667,0.00495,0.24281,0.02702,0.00829,0.1161942459139301,0.0913378201127141
621566,Matt Olson,ATL,33,L,1B,projected,Full Time,feed:order+depth+record,MLB,4,642.6,152.2,563.8,137.9,74.9,31.7,1.0,30.3,262.5,70.2,4.3,4.3,158.7,0.9,0.3,81.9,86.1,0.245,0.331,0.466,0.797,0.11652,0.04933,0.00157,0.04717,0.10922,0.00668,0.00665,0.24703,0.00144,0.00039,0.1274234403525706,0.133926316184517
669364,Xavier Edwards,MIA,27,S,2B,projected,Full Time,feed:order+depth+record,MLB,2,642.0,152.1,574.6,147.3,119.2,20.0,3.4,4.7,188.2,60.5,1.8,5.1,100.2,27.5,7.1,70.3,50.5,0.256,0.326,0.328,0.654,0.18568,0.03121,0.00535,0.00733,0.09419,0.00282,0.00789,0.15608,0.04288,0.01112,0.1095378397743964,0.0787190407953728
802139,JJ Wetherholt,STL,24,L,2B,projected,Full Time,feed:order+depth+record,MLB,1,640.5,151.7,560.3,130.6,91.4,20.6,2.1,16.5,204.9,62.9,15.0,2.3,115.9,12.2,3.3,81.3,54.0,0.233,0.326,0.366,0.692,0.14275,0.03217,0.00331,0.02574,0.09823,0.02343,0.00357,0.18091,0.01911,0.0051,0.1270063319645077,0.084342607412401
805300,Jakob Marsee,MIA,26,L,CF,projected,Full Time,feed:order+depth+record,MLB,2,638.9,151.3,553.8,133.9,92.4,25.3,4.9,11.3,202.9,71.5,11.9,1.7,135.2,28.1,8.9,76.0,54.0,0.242,0.34,0.366,0.706,0.14463,0.03967,0.00765,0.01771,0.11184,0.01864,0.00268,0.21169,0.04402,0.01387,0.1190095853299101,0.0845141910349549
596019,Francisco Lindor,NYM,33,S,SS,projected,Full Time,feed:depth+record,MLB,3,637.0,150.9,566.6,140.5,80.7,29.2,2.3,28.3,259.2,55.6,10.3,4.5,124.7,18.3,4.7,91.4,78.3,0.248,0.324,0.457,0.781,0.12671,0.04579,0.00357,0.0444,0.08731,0.0161,0.00714,0.1957,0.0287,0.0074,0.1434249697952488,0.1229327178585735
667670,Brent Rooker,OAK,32,R,RF,projected,Full Time,feed:record over depth,MLB,4,635.4,150.5,567.2,136.2,72.2,31.0,1.5,31.5,264.7,57.8,6.8,3.6,176.3,7.0,1.9,80.6,92.9,0.24,0.316,0.467,0.783,0.11356,0.04871,0.00231,0.04958,0.09095,0.0107,0.00567,0.27742,0.01097,0.00299,0.1268878531280687,0.1462417673562669
665489,Vladimir Guerrero Jr.,TOR,28,R,1B,projected,Full Time,feed:order+depth+record,MLB,3,634.6,150.3,563.0,158.9,112.9,28.2,1.2,16.6,239.3,61.8,5.7,4.1,94.7,6.7,2.1,77.0,74.8,0.282,0.357,0.425,0.782,0.17789,0.04447,0.0019,0.02612,0.09739,0.00896,0.00639,0.14926,0.01052,0.00325,0.1214144212590957,0.1178387861993618
665487,Fernando Tatis Jr.,SD,28,R,RF,projected,Full Time,feed:order+depth+record,MLB,2,632.3,149.7,563.6,150.4,97.0,27.4,2.8,23.2,253.0,60.0,5.7,3.0,128.9,27.7,7.6,88.1,69.6,0.267,0.342,0.449,0.791,0.15333,0.04331,0.00444,0.03671,0.09485,0.00908,0.00481,0.20385,0.04381,0.01202,0.1393515456896483,0.1100875196906514
693307,Dillon Dingler,DET,28,R,C,projected,Catcher - Primary,feed:order+depth+record,MLB,4,631.5,149.6,582.0,150.8,91.1,33.4,2.0,24.3,261.1,34.1,12.2,3.2,152.4,2.3,0.6,68.8,81.6,0.259,0.312,0.449,0.761,0.14421,0.05292,0.00311,0.03852,0.05404,0.01937,0.00514,0.24132,0.00362,0.00102,0.1088882181176918,0.1292281930315405
656941,Kyle Schwarber,PHI,34,L,1B,projected,Everyday DH / 1B-DH,feed:order+depth+record,MLB,3,631.1,149.5,530.0,123.8,60.4,23.6,1.0,38.8,265.8,91.7,5.9,3.5,187.4,4.8,1.4,87.0,88.8,0.234,0.351,0.502,0.853,0.09573,0.03736,0.00154,0.06149,0.14529,0.00941,0.00559,0.29689,0.00756,0.00217,0.1378304656574029,0.1407186357431397
668930,Brice Turang,MIL,27,L,2B,projected,Full Time,feed:order+depth+record,MLB,2,622.5,147.4,554.7,141.9,95.2,27.9,3.4,15.4,222.8,63.0,1.7,3.1,140.1,26.4,6.8,75.2,66.0,0.256,0.332,0.402,0.734,0.15294,0.04479,0.00553,0.02475,0.10121,0.00268,0.00493,0.22511,0.04242,0.01085,0.1207747349432223,0.1060508769006468
665742,Juan Soto,NYM,28,L,LF,projected,Full Time,feed:depth+record,MLB,3,622.2,147.4,509.0,138.2,76.4,23.9,1.3,36.6,274.5,107.3,2.7,3.2,107.7,13.0,3.5,89.8,83.0,0.272,0.399,0.539,0.938,0.12283,0.03835,0.00212,0.05879,0.17239,0.0043,0.00511,0.17308,0.02096,0.00568,0.1443502921810246,0.1334127736435399
677800,Wilyer Abreu,BOS,28,L,RF,projected,Full Time,feed:order+depth+record,MLB,4,619.3,146.7,552.3,130.3,72.1,29.2,3.3,25.7,243.2,59.1,2.4,5.5,148.0,10.4,3.1,72.9,75.7,0.236,0.31,0.44,0.75,0.11648,0.04712,0.0054,0.04153,0.09546,0.0039,0.00888,0.23893,0.01681,0.00503,0.1177740615488596,0.1223034485835513
672695,Geraldo Perdomo,ARI,27,S,SS,projected,Full Time,feed:depth+record,MLB,2,618.1,146.4,530.9,136.1,96.7,24.5,3.1,11.8,202.2,74.4,6.3,6.5,93.0,18.4,5.3,75.6,61.6,0.256,0.351,0.381,0.732,0.15647,0.03971,0.00495,0.01904,0.12042,0.01013,0.01045,0.15047,0.02984,0.00853,0.1223796933744213,0.0995942849984029
678246,Miguel Vargas,CWS,27,R,3B,projected,Full Time,feed:depth+record,MLB,3,613.6,145.3,530.1,128.8,72.2,29.0,1.9,25.7,238.7,71.4,6.4,5.7,119.9,12.3,3.2,77.3,65.1,0.243,0.337,0.45,0.787,0.11763,0.04729,0.00311,0.04186,0.11639,0.01042,0.00933,0.1954,0.02012,0.00521,0.1260028395068356,0.1061142409568224
691718,Pete Crow-Armstrong,CHC,25,L,CF,projected,Full Time,feed:depth+record,MLB,3,612.2,145.0,549.9,137.2,71.6,27.0,6.6,32.0,273.4,47.3,8.8,6.2,154.3,30.2,7.5,81.4,78.7,0.249,0.316,0.497,0.813,0.11697,0.04408,0.01075,0.05221,0.07724,0.01434,0.01014,0.25209,0.0493,0.01219,0.1329071933673432,0.1285291750487677
607208,Trea Turner,PHI,34,R,SS,projected,Full Time,feed:order+depth+record,MLB,2,610.2,144.5,564.7,150.9,104.8,27.9,3.7,14.5,229.7,38.7,4.4,2.4,121.4,23.6,5.6,82.9,60.8,0.267,0.318,0.407,0.725,0.1717,0.04572,0.00604,0.02373,0.06341,0.00718,0.00394,0.19898,0.03872,0.0091,0.135857054068572,0.0996572852359566
677951,Bobby Witt Jr.,KC,27,R,SS,projected,Full Time,feed:order+depth+record,MLB,3,610.0,144.5,553.5,159.8,97.5,35.2,6.3,20.8,270.0,45.8,5.1,5.6,111.0,35.0,9.5,89.8,75.5,0.289,0.345,0.488,0.833,0.1598,0.05775,0.01039,0.03411,0.07516,0.00843,0.00926,0.1819,0.05736,0.01551,0.1471777200664347,0.1238138250498473
592518,Manny Machado,SD,34,R,3B,projected,Full Time,feed:order+depth+record,MLB,4,608.9,144.2,548.8,135.4,86.5,25.8,0.8,22.3,229.7,53.6,1.6,4.9,124.3,7.2,2.1,75.5,84.6,0.247,0.313,0.419,0.732,0.142,0.04229,0.00131,0.03667,0.088,0.00259,0.0081,0.20415,0.01184,0.00339,0.1239642670501207,0.1390091585995017
664040,Brandon Lowe,PIT,32,L,2B,projected,Full Time,feed:order+depth+record,MLB,3,608.7,144.2,546.6,130.7,71.7,27.0,2.2,29.8,251.5,52.5,4.8,4.8,167.5,4.6,1.3,76.9,79.0,0.239,0.309,0.46,0.769,0.11787,0.04433,0.0036,0.04898,0.08618,0.00796,0.00789,0.2751,0.0075,0.00207,0.1262777144844855,0.129853531892572
681198,TJ Rumfield,COL,27,L,1B,projected,Full Time,feed:order+depth+record,MLB,6,607.3,143.8,531.1,140.8,102.6,25.2,1.4,11.6,203.6,65.1,9.0,2.1,93.2,1.6,0.5,58.4,61.4,0.265,0.354,0.383,0.737,0.16891,0.0415,0.0023,0.01912,0.10718,0.01487,0.00351,0.1535,0.00271,0.00076,0.0962413183703264,0.1010599211530829
802415,Chandler Simpson,TB,26,L,LF,projected,Full Time,feed:order+depth+record,MLB,9,607.0,143.8,573.5,159.3,141.3,15.4,2.5,0.1,180.0,28.5,0.5,4.5,62.3,45.6,13.0,64.6,40.4,0.278,0.31,0.314,0.624,0.23284,0.02542,0.00406,0.00012,0.04693,0.00077,0.00738,0.10266,0.07513,0.02138,0.1064613446367369,0.0664872038874991
670541,Yordan Alvarez,HOU,30,L,LF,projected,Everyday DH / 1B-DH,feed:order+depth+record,MLB,3,607.0,143.8,511.6,145.0,83.3,27.4,1.4,32.9,273.9,80.5,9.0,5.9,108.4,1.9,0.5,84.5,90.1,0.283,0.386,0.535,0.921,0.13715,0.04507,0.00235,0.05419,0.13264,0.0149,0.00976,0.17851,0.00311,0.00087,0.1392553487144233,0.1483794795630943
682663,Agustín Ramírez,MIA,25,R,C,projected,Full Time,feed:record over depth,MLB,3,606.8,143.7,550.8,136.0,91.8,27.1,1.2,15.9,213.2,45.4,7.0,3.6,130.6,14.1,3.9,68.5,61.4,0.247,0.31,0.387,0.697,0.15122,0.04471,0.00196,0.02618,0.07474,0.01146,0.00589,0.21525,0.0232,0.00638,0.1128154247459633,0.1011206215575607
677594,Julio Rodríguez,SEA,26,R,CF,projected,Full Time,feed:order+depth+record,MLB,3,606.5,143.6,556.8,140.6,90.7,26.2,2.2,21.5,235.7,39.8,7.9,2.0,144.9,23.1,6.0,77.2,73.2,0.253,0.31,0.423,0.733,0.14949,0.04317,0.00355,0.0354,0.0657,0.01304,0.00338,0.23884,0.03816,0.00984,0.1272294325316972,0.120725595815707
645277,Ozzie Albies,ATL,30,S,2B,projected,Full Time,feed:order+depth+record,MLB,5,606.2,143.6,550.5,128.6,82.9,27.0,2.1,16.6,209.6,42.3,5.9,7.5,97.0,9.1,2.6,70.5,68.9,0.234,0.292,0.381,0.673,0.13673,0.04448,0.00343,0.02733,0.06973,0.00968,0.01244,0.15997,0.01505,0.00436,0.1163315097404847,0.1136562760121523
666182,Bo Bichette,NYM,29,R,3B,projected,Full Time,feed:depth+record,MLB,5,605.7,143.5,563.2,156.3,110.6,29.5,1.2,15.0,233.2,37.0,2.5,3.0,114.1,6.4,2.0,68.2,72.7,0.278,0.323,0.414,0.737,0.18263,0.04878,0.00206,0.02471,0.06114,0.00411,0.005,0.18841,0.01058,0.0033,0.112619012165432,0.1200735756553337
668227,Randy Arozarena,SEA,32,R,LF,projected,Full Time,feed:order+depth+record,MLB,3,605.7,143.4,525.2,124.2,76.1,27.0,1.4,19.7,213.1,58.8,18.1,3.6,150.8,22.7,6.8,80.9,67.2,0.236,0.332,0.406,0.738,0.12564,0.04463,0.00237,0.03257,0.09716,0.02982,0.00589,0.24905,0.03745,0.01128,0.1335434491284803,0.1109248833450674
686469,Vinnie Pasquantino,KC,29,L,1B,projected,Full Time,feed:order+depth+record,MLB,4,605.6,143.4,542.0,138.1,85.6,26.0,1.6,24.9,242.0,51.7,5.2,6.7,92.1,2.3,0.6,65.4,86.0,0.255,0.322,0.446,0.768,0.14141,0.04301,0.0026,0.04113,0.08533,0.0086,0.01103,0.152,0.00382,0.00104,0.1079184732182663,0.1420109897942675
701398,Sal Stewart,CIN,23,R,1B,projected,Full Time,feed:order+depth+record,MLB,4,604.4,143.1,542.2,137.8,81.6,27.3,1.2,27.7,250.6,51.4,3.4,7.4,138.1,12.4,3.7,75.3,88.7,0.254,0.319,0.462,0.781,0.13506,0.04512,0.002,0.04575,0.08507,0.00565,0.01229,0.22857,0.02048,0.00616,0.1245796675165315,0.1467669329855709
547180,Bryce Harper,PHI,34,L,1B,projected,Full Time,feed:order+depth+record,MLB,3,604.1,143.1,518.1,132.9,78.1,28.4,2.1,24.3,238.4,77.6,3.5,4.9,132.0,10.4,3.2,77.3,74.9,0.257,0.354,0.46,0.814,0.12927,0.04706,0.00342,0.04027,0.12848,0.00587,0.00812,0.21857,0.01725,0.00524,0.1279531295278902,0.1240576972770211
682829,Elly De La Cruz,CIN,25,S,SS,projected,Full Time,feed:order+depth+record,MLB,3,603.5,142.9,540.4,134.6,79.6,28.3,4.6,22.1,238.4,58.6,3.0,1.5,175.1,35.5,9.3,85.3,67.4,0.249,0.325,0.441,0.766,0.1319,0.0469,0.00758,0.03668,0.09705,0.00491,0.00252,0.29016,0.05876,0.01549,0.1414077365995106,0.1116290780450107
660271,Shohei Ohtani,LAD,32,L,P,projected,Everyday DH / 1B-DH,feed:depth+record,MLB,3,600.7,142.3,517.5,140.5,68.2,29.5,4.0,38.8,294.4,75.8,4.2,3.2,148.0,19.3,5.0,98.8,88.0,0.271,0.367,0.569,0.936,0.11354,0.04918,0.0066,0.06453,0.12625,0.00705,0.0053,0.24633,0.03207,0.00838,0.1644138519289828,0.1465757633664612
607043,Brandon Nimmo,TEX,34,L,RF,projected,Full Time,feed:order+depth+record,MLB,5,599.4,142.0,531.6,132.6,85.1,27.1,3.2,17.2,217.7,54.9,9.2,3.7,133.0,8.0,2.1,67.2,62.0,0.249,0.328,0.41,0.738,0.14195,0.04515,0.00533,0.02865,0.09164,0.01533,0.00618,0.22195,0.01342,0.00351,0.1121896871016649,0.1034173777786412
663728,Cal Raleigh,SEA,30,S,C,projected,Catcher - Primary,feed:order+depth+record,MLB,4,599.2,141.9,521.9,110.5,49.1,22.1,0.8,38.5,249.7,69.1,4.3,3.9,172.1,4.8,1.4,71.8,86.4,0.212,0.307,0.478,0.785,0.08191,0.03681,0.00131,0.06429,0.11537,0.00723,0.00652,0.28722,0.00805,0.00226,0.1198564194803903,0.1442732811299756
683737,Michael Busch,CHC,29,L,1B,projected,Full Time,feed:depth+record,MLB,5,598.7,141.8,521.8,120.1,68.7,25.0,2.2,24.2,222.1,65.3,8.0,3.6,151.3,3.3,0.9,68.3,68.6,0.23,0.323,0.426,0.749,0.11467,0.04168,0.00365,0.04034,0.10911,0.0133,0.00604,0.25278,0.00556,0.00158,0.114161119831678,0.1145044938174486
701538,Jackson Merrill,SD,24,L,CF,projected,Full Time,feed:order+depth+record,MLB,4,596.3,141.2,553.3,141.8,81.8,31.6,5.8,22.6,252.8,35.9,2.8,4.3,131.9,14.1,3.8,72.7,77.9,0.256,0.303,0.457,0.76,0.13721,0.05297,0.00967,0.03792,0.06022,0.00473,0.00727,0.22115,0.02372,0.00634,0.121849523258039,0.1305904642653099
672960,Kazuma Okamoto,TOR,31,R,3B,projected,Full Time,feed:order+depth+record,MLB,4,593.6,140.6,532.2,115.6,60.3,24.3,0.5,30.5,232.4,53.0,5.5,2.9,168.1,3.4,1.0,76.6,83.8,0.217,0.293,0.437,0.73,0.10151,0.04086,0.00092,0.0514,0.08925,0.00931,0.00484,0.28322,0.00572,0.00163,0.1290372036941328,0.1411786458200424
608324,Alex Bregman,CHC,33,R,3B,projected,Full Time,feed:depth+record,MLB,5,592.0,140.2,518.4,135.5,87.4,27.2,0.9,20.0,224.5,61.3,8.0,4.3,83.8,2.8,0.8,73.9,72.2,0.261,0.346,0.433,0.779,0.14763,0.04598,0.00146,0.03376,0.10362,0.01353,0.0073,0.14154,0.00476,0.00139,0.1248593655758441,0.1219084953856278
694384,Nolan Schanuel,LAA,25,L,1B,projected,Full Time,feed:record over depth,MLB,5,592.0,140.2,517.0,133.5,102.0,19.5,1.0,11.0,188.0,60.7,9.1,5.2,89.5,5.0,1.4,62.2,56.1,0.258,0.343,0.364,0.707,0.17235,0.03301,0.00175,0.01863,0.10245,0.01533,0.00886,0.15115,0.00843,0.00234,0.1050421034945981,0.0947956880994732
672580,Maikel Garcia,KC,27,R,3B,projected,Full Time,feed:order+depth+record,MLB,2,591.4,140.1,537.0,139.3,102.2,26.6,2.6,7.9,194.8,47.6,1.0,5.8,98.8,22.4,6.2,72.2,62.1,0.259,0.318,0.363,0.681,0.17287,0.04495,0.00435,0.01342,0.0805,0.00167,0.00978,0.16701,0.03792,0.01053,0.1220751165834966,0.1050436768335615
670770,TJ Friedl,CIN,31,L,CF,projected,Full Time,feed:record over depth,MLB,6,591.4,140.1,518.6,118.0,85.5,21.2,1.6,9.7,171.5,54.3,13.3,5.2,107.4,14.3,3.9,62.7,54.4,0.228,0.314,0.331,0.645,0.14451,0.03578,0.00278,0.01633,0.09175,0.02251,0.00872,0.18159,0.02425,0.00653,0.1059908570715254,0.091914547712807
680757,Steven Kwan,CLE,29,L,CF,projected,Full Time,feed:order+depth+record,MLB,1,586.2,138.8,520.2,142.4,113.2,21.5,1.7,6.0,185.3,58.5,3.9,3.6,60.7,14.7,4.1,75.1,43.8,0.274,0.349,0.356,0.705,0.19319,0.03665,0.0029,0.01022,0.09977,0.00672,0.00609,0.10357,0.02502,0.00691,0.128191956957969,0.0746765189986994
671732,Lawrence Butler,OAK,26,L,RF,projected,Full Time,feed:order+depth+record,MLB,3,584.3,138.4,527.6,125.3,83.8,22.6,1.5,17.4,203.1,53.1,1.2,2.4,155.3,16.4,4.7,72.8,64.7,0.237,0.307,0.385,0.692,0.14348,0.03861,0.00262,0.02971,0.09093,0.00206,0.00403,0.26571,0.02804,0.00805,0.124613269394033,0.1107063846341833
605137,Josh Bell,MIN,34,S,1B,projected,Everyday DH / 1B-DH,feed:order+depth+record,MLB,5,582.6,138.0,519.3,126.2,79.3,24.0,0.9,22.0,218.0,55.2,4.2,3.9,113.2,1.6,0.5,60.2,69.7,0.243,0.319,0.42,0.739,0.13611,0.04115,0.00162,0.03782,0.09478,0.00713,0.00677,0.19427,0.0027,0.00082,0.1034076510508885,0.1195713518297489
686797,Brooks Lee,MIN,26,S,3B,projected,Full Time,feed:order+depth+record,MLB,5,582.6,138.0,540.1,129.6,86.1,24.8,1.2,17.5,209.3,34.8,3.5,4.2,101.2,6.9,2.0,58.3,71.8,0.24,0.288,0.388,0.676,0.14785,0.04252,0.00207,0.03012,0.0597,0.00605,0.00725,0.17362,0.0119,0.00349,0.100064817577118,0.1232644822244235
663538,Nico Hoerner,CHC,30,R,2B,projected,Full Time,feed:depth+record,MLB,6,581.0,137.6,531.7,150.8,122.4,21.0,1.9,5.5,192.1,36.8,8.6,3.9,60.2,26.2,6.4,68.1,54.3,0.284,0.338,0.361,0.699,0.21065,0.03607,0.00333,0.00946,0.06335,0.01483,0.00676,0.10362,0.04504,0.01109,0.1171763726442263,0.0933977241296104
676391,Ernie Clement,TOR,31,R,2B,projected,Full Time,feed:order+depth,MLB,6,579.6,137.3,548.2,141.9,103.4,27.9,1.5,9.1,200.1,23.2,3.4,4.8,63.8,9.3,2.7,64.4,51.0,0.259,0.291,0.365,0.656,0.17842,0.04809,0.00259,0.01572,0.04006,0.00585,0.00821,0.11002,0.01606,0.00468,0.1111786747419454,0.0880451017593264
691016,Tyler Soderstrom,OAK,25,L,LF,projected,Full Time,feed:record over depth,MLB,4,578.8,137.1,516.3,128.0,76.5,30.5,1.9,19.1,219.6,55.2,5.2,2.1,133.2,5.7,1.6,65.9,72.2,0.248,0.326,0.425,0.751,0.13211,0.05278,0.00334,0.03293,0.09545,0.00892,0.0036,0.23013,0.00977,0.00281,0.1137890441684685,0.1247828655496409
670623,Isaac Paredes,HOU,28,R,3B,projected,Full Time,feed:order+depth+record,MLB,4,578.0,136.9,498.3,125.3,76.9,25.1,0.5,22.8,219.8,62.0,13.9,3.8,96.8,0.7,0.2,64.5,76.7,0.251,0.348,0.441,0.789,0.1331,0.04336,0.0008,0.03943,0.10732,0.02413,0.00655,0.16746,0.00118,0.00034,0.1116112180217147,0.1326604729234596
596115,Trevor Story,BOS,34,R,SS,projected,Full Time,feed:order+depth+record,MLB,5,577.3,136.7,536.2,124.2,82.0,25.2,1.5,15.5,198.9,33.6,5.0,2.5,170.0,18.7,4.6,62.8,69.4,0.232,0.282,0.371,0.653,0.14211,0.04362,0.00254,0.02679,0.0582,0.00861,0.00441,0.29449,0.0324,0.0079,0.1088152739482332,0.1201637381521517
682998,Corbin Carroll,ARI,26,L,RF,projected,Full Time,feed:depth+record,MLB,2,576.0,136.4,505.6,124.6,66.2,24.5,12.6,21.3,238.2,57.1,8.2,5.1,127.4,26.8,6.4,84.7,64.5,0.246,0.33,0.471,0.801,0.11496,0.04249,0.0218,0.03691,0.09918,0.0143,0.0088,0.22112,0.04656,0.01107,0.1470341352485647,0.111942506311858
664983,Jake McCarthy,COL,29,L,LF,projected,Full Time,feed:order+depth,MLB,5,573.6,135.9,526.9,134.9,93.6,21.5,8.4,11.4,207.4,33.9,9.7,3.1,103.7,28.1,7.0,61.2,55.1,0.256,0.311,0.394,0.705,0.16315,0.03752,0.01464,0.01982,0.05904,0.01689,0.00548,0.18078,0.04897,0.01214,0.1066162557572304,0.0960171973106633
514888,Jose Altuve,HOU,37,R,2B,projected,Full Time,feed:order+depth+record,MLB,2,573.6,135.9,518.8,125.3,82.8,25.2,1.2,16.1,201.2,47.0,5.5,2.3,103.7,11.9,3.5,77.9,58.8,0.242,0.31,0.388,0.698,0.14432,0.04388,0.00205,0.02809,0.08187,0.00964,0.00409,0.18083,0.0208,0.00609,0.1358063645448226,0.1024348298371407
807712,Luke Keaschall,MIN,24,R,2B,projected,Full Time,feed:order+depth+record,MLB,2,572.5,135.6,496.7,124.1,84.4,28.5,2.1,9.1,184.1,52.2,17.7,5.9,88.5,20.2,5.8,72.3,55.3,0.25,0.339,0.371,0.71,0.14742,0.04983,0.00362,0.01587,0.09123,0.03091,0.01031,0.15457,0.03532,0.01005,0.1263671120952883,0.0965218144342595
701807,Carson Benge,NYM,24,L,RF,projected,Full Time,feed:depth+record,MLB,2,569.2,134.8,518.1,136.3,96.6,20.6,3.2,15.9,211.0,43.2,6.7,1.2,126.8,16.8,4.6,75.2,60.5,0.263,0.327,0.407,0.734,0.16966,0.03614,0.00554,0.0279,0.07589,0.01173,0.00207,0.22269,0.02944,0.00813,0.1321963385970706,0.106256121153131
608070,José Ramírez,CLE,34,S,3B,projected,Full Time,feed:order+depth+record,MLB,3,569.2,134.8,505.6,136.6,86.0,29.4,3.1,18.1,226.5,54.7,3.3,5.6,70.9,29.6,6.9,79.0,74.8,0.27,0.342,0.448,0.79,0.15105,0.05171,0.00539,0.03176,0.09602,0.00575,0.00979,0.12455,0.05196,0.01221,0.1388255690443583,0.1314244978372253
521692,Salvador Perez,KC,37,R,C,projected,Everyday DH / 1B-DH,feed:order+depth+record,MLB,4,569.2,134.8,527.9,126.0,75.1,26.8,0.3,23.8,224.8,26.3,10.3,4.7,119.2,0.0,0.0,52.3,81.6,0.239,0.286,0.426,0.712,0.13199,0.04708,0.00049,0.04187,0.04612,0.01803,0.00817,0.20936,0.0,0.0,0.0918848150314075,0.1433545372455385
671739,Michael Harris II,ATL,26,L,CF,projected,Full Time,feed:order+depth+record,MLB,5,568.9,134.7,538.9,145.4,96.0,26.5,3.3,19.6,237.3,22.8,3.9,3.3,117.0,15.8,4.4,65.1,67.9,0.27,0.303,0.44,0.743,0.16871,0.04658,0.00579,0.03444,0.04,0.00689,0.00579,0.2056,0.02781,0.00776,0.1144897142121328,0.1193771604465862
669394,Jake Burger,TEX,31,R,1B,projected,Full Time,feed:order+depth+record,MLB,4,567.3,134.4,519.7,115.1,65.5,24.9,1.4,23.3,212.7,35.9,7.8,3.9,152.5,3.4,1.0,66.9,78.3,0.221,0.28,0.409,0.689,0.11546,0.04397,0.0025,0.04108,0.06327,0.01378,0.00679,0.26882,0.00594,0.00175,0.1178940849674563,0.1381039516919743
553993,Eugenio Suárez,CIN,35,R,3B,projected,Everyday DH / 1B-DH,feed:order+depth+record,MLB,4,567.2,134.3,500.5,107.3,53.7,23.0,0.7,29.9,221.4,50.3,9.9,6.5,174.9,2.2,0.6,60.6,76.5,0.214,0.295,0.442,0.737,0.09461,0.04062,0.00126,0.05266,0.08873,0.01749,0.01145,0.30829,0.0039,0.00112,0.1067990662213083,0.1348362264887761
621493,Taylor Ward,SEA,33,R,LF,projected,Full Time,feed:record over depth,MLB,3,566.4,134.1,490.2,114.9,73.8,23.4,1.6,16.1,189.8,65.4,5.5,5.3,133.8,6.1,1.9,72.5,64.9,0.234,0.328,0.387,0.715,0.13037,0.04133,0.00288,0.02843,0.11555,0.00969,0.00934,0.2362,0.01085,0.00337,0.1280186846062951,0.1145314656100021
687597,Jordan Beck,COL,26,R,RF,projected,Full Time,feed:record over depth,MLB,6,565.9,134.0,519.9,116.3,78.8,22.4,2.2,12.9,181.8,41.0,3.1,1.9,172.4,15.7,4.6,57.6,49.4,0.224,0.283,0.35,0.633,0.13922,0.0395,0.00387,0.02287,0.07246,0.00552,0.00335,0.30463,0.02766,0.00806,0.1018256681069318,0.0872484608513448
693304,Nick Gonzales,PIT,28,R,3B,projected,Full Time,feed:order+depth,MLB,5,564.2,133.6,518.1,138.5,106.0,21.7,2.6,8.2,190.0,33.7,8.4,4.0,106.0,7.7,2.3,60.5,55.4,0.267,0.32,0.367,0.687,0.18788,0.03848,0.00459,0.01455,0.05977,0.01497,0.00701,0.1878,0.01365,0.00416,0.1071776166217796,0.0981363221997072
671218,Heliot Ramos,NYY,27,R,LF,projected,Full Time,feed:record over depth,MLB,5,563.1,133.4,511.5,121.4,76.7,24.6,2.2,17.9,204.1,40.3,7.5,3.8,144.1,6.0,1.7,68.0,66.0,0.237,0.3,0.399,0.699,0.13622,0.04376,0.00385,0.03176,0.07159,0.01325,0.00674,0.25597,0.01064,0.00307,0.120779386387595,0.1171906882505236
656305,Matt Chapman,SF,34,R,3B,projected,Full Time,feed:record over depth,MLB,3,562.1,133.1,491.9,110.1,70.2,24.3,1.9,13.7,179.3,60.1,6.9,3.2,143.6,8.1,2.4,66.9,59.3,0.224,0.315,0.365,0.68,0.12491,0.04329,0.00336,0.02436,0.107,0.01233,0.00574,0.25551,0.01446,0.00428,0.1190435025769082,0.1055850049621491
572233,Christian Walker,HOU,36,R,1B,projected,Full Time,feed:order+depth+record,MLB,4,561.3,133.0,501.4,116.3,69.3,22.8,0.8,23.4,210.9,46.7,8.0,5.2,132.5,2.8,0.8,66.7,77.6,0.232,0.305,0.421,0.726,0.12339,0.04067,0.00141,0.04176,0.08324,0.01433,0.00922,0.23608,0.00507,0.00144,0.1188540847778762,0.1383356196025298
805367,Chase Meidroth,CWS,25,R,2B,projected,Full Time,feed:depth+record,MLB,1,560.5,132.7,502.0,125.7,93.2,21.3,1.1,10.1,179.5,50.3,5.7,2.5,110.0,9.0,2.6,65.0,42.8,0.25,0.324,0.358,0.682,0.16628,0.03796,0.00202,0.01799,0.08972,0.01017,0.00442,0.19627,0.01609,0.00461,0.1159430207823614,0.0763005963733806
664023,Ian Happ,CHC,32,S,LF,projected,Full Time,feed:depth+record,MLB,5,559.1,132.4,484.4,109.6,61.3,23.0,2.7,22.6,205.8,67.2,4.5,3.0,142.6,7.8,2.2,69.7,63.5,0.226,0.324,0.425,0.749,0.10969,0.04117,0.00485,0.04045,0.12014,0.00802,0.00538,0.25497,0.01393,0.00392,0.1246769481459035,0.1136138675418561
663586,Austin Riley,ATL,30,R,3B,projected,Full Time,feed:order+depth+record,MLB,5,559.1,132.4,504.9,118.6,68.5,27.6,1.8,20.7,211.9,41.8,8.2,4.2,154.6,4.3,1.2,65.3,63.7,0.235,0.302,0.42,0.722,0.12247,0.04945,0.00314,0.03703,0.0747,0.01462,0.00757,0.27657,0.00766,0.00214,0.1167122160787474,0.1138929313035048
641487,J.P. Crawford,SEA,32,L,SS,projected,Full Time,feed:order+depth+record,MLB,6,558.7,132.3,483.6,116.8,83.6,19.9,1.0,12.3,175.6,66.6,6.1,2.4,109.1,4.3,1.2,63.1,48.1,0.242,0.339,0.363,0.702,0.14972,0.03562,0.00183,0.02197,0.11927,0.01094,0.00421,0.19535,0.00762,0.00218,0.1129229898630368,0.0860584477289391
666176,Jo Adell,CLE,28,R,RF,projected,Everyday DH / 1B-DH,feed:order+depth+record,MLB,4,558.2,132.2,513.0,123.0,71.5,23.4,1.7,26.4,229.0,32.3,10.2,2.7,151.8,9.0,2.7,60.6,78.5,0.24,0.296,0.446,0.742,0.12816,0.04192,0.00311,0.04722,0.05789,0.01826,0.00487,0.27194,0.01617,0.00477,0.1086326722945288,0.1406589504385634
695657,Colson Montgomery,CWS,25,L,SS,projected,Full Time,feed:depth+record,MLB,4,556.1,131.7,498.8,103.9,51.3,20.9,1.9,29.8,218.0,46.3,9.1,1.9,184.0,2.6,0.8,62.6,74.2,0.208,0.286,0.437,0.723,0.09225,0.03762,0.00344,0.05351,0.08327,0.01628,0.00345,0.33093,0.00473,0.00135,0.1124966905399099,0.1334827238598658
647304,Josh Naylor,SEA,30,L,1B,projected,Full Time,feed:order+depth+record,MLB,4,555.3,131.5,504.4,130.5,92.0,23.6,0.4,14.5,198.4,41.9,4.7,4.3,82.7,14.8,3.9,61.3,77.2,0.259,0.319,0.393,0.712,0.16569,0.04252,0.00065,0.02605,0.07554,0.00848,0.00778,0.14896,0.02657,0.00697,0.1104453377807548,0.1390182609877162
592450,Aaron Judge,NYY,35,R,RF,projected,Full Time,feed:depth+record,MLB,3,550.2,130.3,449.8,124.1,54.7,25.8,1.1,42.5,279.6,92.4,4.6,3.4,142.9,8.3,2.3,93.3,90.3,0.276,0.402,0.622,1.024,0.09938,0.04685,0.00197,0.07718,0.16795,0.00831,0.00625,0.25979,0.01509,0.00427,0.1695222223651959,0.1641610574653026
689414,Liam Hicks,TB,28,L,C,projected,Strong Side Platoon,feed:order+depth,MLB,4,549.5,130.1,478.1,121.9,90.5,18.0,1.1,12.3,179.0,55.0,10.9,5.5,72.3,3.2,0.9,57.6,67.5,0.255,0.342,0.374,0.716,0.16475,0.0327,0.00203,0.02242,0.10011,0.01981,0.01009,0.13159,0.00579,0.00159,0.1047665345757312,0.122825027984378
643289,Mauricio Dubón,ATL,32,R,LF,projected,Full Time,feed:order+depth,MLB,6,549.4,130.1,514.4,133.7,100.3,23.3,1.6,8.5,185.7,28.1,2.8,4.1,71.9,7.4,2.1,61.6,55.5,0.26,0.3,0.361,0.661,0.18262,0.04248,0.00288,0.01553,0.05113,0.00505,0.00752,0.13082,0.01342,0.00389,0.1121643187405823,0.1009283370815863
542303,Marcell Ozuna,PIT,36,R,LF,projected,Full Time,feed:record over depth,MLB,5,549.3,130.1,484.6,115.4,71.5,19.7,0.6,23.6,207.1,58.6,2.7,3.4,137.7,0.4,0.1,56.8,62.8,0.238,0.322,0.427,0.749,0.13023,0.03594,0.0011,0.043,0.10675,0.00491,0.00626,0.25072,0.00064,0.00018,0.1033498445995731,0.1142517269413003
673548,Seiya Suzuki,CHC,32,R,RF,projected,Full Time,feed:depth+record,MLB,4,549.0,130.0,482.0,119.1,68.3,27.7,1.9,21.2,214.2,59.0,3.4,4.6,138.7,7.9,2.4,68.0,69.5,0.247,0.331,0.444,0.775,0.12442,0.05043,0.00349,0.03866,0.10739,0.00614,0.00837,0.25262,0.01447,0.00444,0.1238614349296982,0.1265225833194206
664761,Alec Bohm,PHI,30,R,3B,projected,Full Time,feed:order+depth+record,MLB,5,548.3,129.9,501.7,131.6,94.6,24.6,1.2,11.2,192.2,35.5,5.2,5.9,87.4,3.3,0.9,55.9,70.9,0.262,0.314,0.383,0.697,0.17258,0.04479,0.00218,0.02043,0.06477,0.00946,0.01072,0.15943,0.006,0.00171,0.1019801551269762,0.1292687372537775
605141,Mookie Betts,LAD,34,R,SS,projected,Full Time,feed:depth+record,MLB,3,547.8,129.7,484.6,124.3,82.6,26.1,1.2,14.4,196.0,55.1,3.9,4.2,72.7,8.7,2.4,77.4,68.4,0.257,0.335,0.404,0.739,0.15079,0.04759,0.0021,0.02625,0.10061,0.00712,0.00771,0.13264,0.01591,0.00442,0.1412321458421035,0.1249223988262145
543807,George Springer,TOR,37,R,LF,projected,Everyday DH / 1B-DH,feed:order+depth+record,MLB,2,546.9,129.5,486.7,123.9,75.4,25.7,1.4,21.4,216.6,52.1,5.2,2.9,104.0,12.5,3.1,70.2,58.9,0.255,0.331,0.445,0.776,0.13787,0.047,0.00261,0.03904,0.09522,0.00946,0.00528,0.19013,0.02278,0.0056,0.1283299352207788,0.1076325092019346
677649,Ezequiel Duran,TEX,28,R,SS,projected,Full Time,feed:order+depth,MLB,5,546.3,129.4,504.5,118.8,84.1,22.1,2.5,10.1,176.2,33.3,5.4,3.1,135.1,12.4,3.6,56.5,56.7,0.235,0.288,0.349,0.637,0.15398,0.04039,0.00464,0.01846,0.06103,0.00993,0.00559,0.24732,0.02275,0.00662,0.1034365522252489,0.1038775644972261
686948,Drake Baldwin,ATL,26,L,C,projected,Everyday DH / 1B-DH,feed:order+depth+record,MLB,4,545.8,129.3,491.9,133.3,86.2,24.1,1.3,21.7,225.1,46.7,6.0,1.2,108.4,2.7,0.8,69.8,75.7,0.271,0.341,0.458,0.799,0.15802,0.04407,0.00233,0.03979,0.0855,0.01095,0.00219,0.19863,0.00492,0.00139,0.1279481977377435,0.1386697113720602
702284,Cole Young,SEA,23,L,2B,projected,Full Time,feed:order+depth+record,MLB,5,545.0,129.1,490.9,116.5,82.2,19.3,2.0,13.0,178.8,42.5,8.6,3.0,100.2,6.3,1.9,62.6,56.8,0.237,0.308,0.364,0.672,0.15081,0.03535,0.00359,0.02383,0.07805,0.01579,0.00557,0.18391,0.01159,0.00349,0.1149310869135959,0.1042312265098702
593428,Xander Bogaerts,SD,34,R,SS,projected,Full Time,feed:order+depth+record,MLB,6,544.3,128.9,483.9,118.5,85.4,20.8,1.1,11.2,175.1,49.9,4.7,5.8,98.6,13.8,3.3,61.5,51.4,0.245,0.318,0.362,0.68,0.15696,0.03823,0.00193,0.02058,0.09159,0.0087,0.01062,0.18124,0.0254,0.00604,0.1130582312080995,0.0944082050036459
621020,Dansby Swanson,CHC,33,R,SS,projected,Full Time,feed:depth+record,MLB,3,543.9,128.8,491.5,109.8,69.4,20.1,1.6,18.7,189.2,46.8,2.5,3.1,137.3,13.8,3.5,71.4,64.3,0.223,0.293,0.385,0.678,0.12768,0.03701,0.00291,0.03434,0.0861,0.00459,0.00577,0.25247,0.02532,0.00635,0.1312976278090434,0.1182923380979809
686217,Sal Frelick,MIL,27,L,RF,projected,Full Time,feed:record over depth,MLB,6,543.8,128.8,491.2,121.9,93.6,19.2,3.0,6.1,165.4,44.2,4.4,4.0,77.3,15.6,4.3,59.0,48.0,0.248,0.314,0.337,0.651,0.17217,0.03537,0.00545,0.01121,0.08119,0.008,0.00735,0.14209,0.02877,0.00796,0.1084071057558179,0.0882814130016057
518692,Freddie Freeman,LAD,37,L,1B,projected,Full Time,feed:depth+record,MLB,5,542.9,128.6,475.6,130.0,86.9,24.8,1.0,17.3,208.7,55.7,6.6,5.0,96.8,6.9,1.8,69.4,66.1,0.273,0.354,0.439,0.793,0.16002,0.04574,0.00184,0.03178,0.10265,0.01209,0.00925,0.17836,0.0128,0.00327,0.1278340568092152,0.1217764695112482
700250,Ben Rice,NYY,28,L,1B,projected,Everyday DH / 1B-DH,feed:depth+record,MLB,3,540.4,128.0,471.7,118.3,62.2,25.0,2.2,28.9,234.4,58.8,6.1,3.8,124.7,4.0,1.2,75.7,70.4,0.251,0.339,0.497,0.836,0.11509,0.04631,0.004,0.05344,0.10885,0.01124,0.00708,0.23076,0.00738,0.00215,0.1399920508043553,0.1303091305259767
694192,Jackson Chourio,MIL,23,R,LF,projected,Full Time,feed:order+depth+record,MLB,3,539.2,127.7,497.2,126.1,81.4,22.5,2.7,19.5,212.5,36.3,2.6,3.1,120.2,19.1,5.4,71.9,63.3,0.254,0.306,0.427,0.733,0.15092,0.04175,0.005,0.03608,0.06729,0.00474,0.00567,0.22295,0.0355,0.01001,0.1334201727729395,0.1174101636085457
665019,Kody Clemens,MIN,31,L,2B,projected,Full Time,feed:order+depth,MLB,4,538.3,127.5,494.6,116.7,63.7,25.1,3.8,24.1,221.7,35.6,5.4,2.7,127.4,7.4,2.0,63.7,68.7,0.236,0.293,0.448,0.741,0.1183,0.04654,0.00704,0.0448,0.0662,0.00998,0.0051,0.23667,0.01382,0.0038,0.1183703338152206,0.1275681301098166
606466,Ketel Marte,ARI,33,S,2B,projected,Full Time,feed:depth+record,MLB,3,535.7,126.9,472.7,121.3,76.8,21.9,2.1,20.5,208.9,52.9,5.4,4.7,89.3,5.1,1.4,70.8,64.3,0.257,0.335,0.442,0.777,0.14331,0.04087,0.00394,0.03826,0.09871,0.01014,0.00883,0.16677,0.00954,0.00262,0.1322393700864403,0.1201116527250112
678882,Ceddanne Rafaela,BOS,26,R,CF,projected,Full Time,feed:order+depth,MLB,3,533.8,126.4,502.7,125.0,83.1,25.6,2.5,13.8,197.0,21.7,6.8,2.6,121.1,17.9,5.6,63.3,59.1,0.249,0.288,0.392,0.68,0.15576,0.04798,0.00476,0.0258,0.0406,0.01265,0.0049,0.2269,0.0336,0.0105,0.1185839519457912,0.1106950195608647
702332,Caleb Durbin,BOS,27,R,3B,projected,Full Time,feed:order+depth,MLB,5,532.9,126.2,471.7,116.4,85.1,20.8,1.2,9.3,167.5,39.8,17.6,3.8,71.1,18.5,5.3,62.2,55.2,0.247,0.326,0.355,0.681,0.15969,0.03905,0.00217,0.01745,0.07469,0.03304,0.00714,0.13347,0.03471,0.00997,0.116764198214414,0.1036359748666211
641355,Cody Bellinger,NYY,31,L,LF,projected,Full Time,feed:depth+record,MLB,4,531.5,125.9,478.0,116.5,76.3,20.7,2.6,16.9,193.1,44.4,2.2,6.9,92.6,11.7,3.3,69.6,71.9,0.244,0.307,0.404,0.711,0.14358,0.03895,0.00484,0.0318,0.08346,0.0042,0.013,0.17418,0.02202,0.00626,0.1309327762388214,0.1352545316173068
669065,Kyle Stowers,MIA,29,L,1B,projected,Everyday DH / 1B-DH,feed:order+depth+record,MLB,4,531.0,125.8,471.8,110.2,60.9,23.3,2.2,23.8,209.3,48.7,7.7,2.8,161.3,3.6,1.0,56.3,64.9,0.234,0.314,0.444,0.758,0.11477,0.0439,0.00411,0.04479,0.09166,0.01454,0.0053,0.30375,0.00675,0.00194,0.1060037481528807,0.1222206685774163
681082,Bryson Stott,PHI,29,L,2B,projected,Full Time,feed:order+depth,MLB,6,530.0,125.5,476.9,119.4,82.6,23.4,3.4,10.0,179.6,45.8,2.8,4.5,91.2,21.2,4.7,59.5,54.1,0.25,0.317,0.377,0.694,0.15581,0.04422,0.0064,0.01882,0.08643,0.00527,0.00854,0.17209,0.03992,0.00887,0.1122275059293946,0.1021343279073536
641343,Jake Bauers,MIL,31,L,1B,projected,Full Time,feed:order+depth,MLB,3,529.2,125.3,452.5,104.8,58.9,23.1,1.8,21.0,194.5,70.0,4.1,2.6,156.5,12.2,3.5,66.5,63.8,0.232,0.338,0.43,0.768,0.1113,0.0437,0.00341,0.03973,0.13227,0.0077,0.00493,0.29567,0.02302,0.00656,0.1256929768330554,0.1206203968086041
592206,Nick Castellanos,SD,35,R,RF,projected,Full Time,feed:record over depth,MLB,5,529.0,125.3,492.1,124.0,76.0,27.3,1.5,19.2,211.9,29.3,4.0,3.6,128.0,5.8,1.6,55.2,63.4,0.252,0.297,0.431,0.728,0.14369,0.05156,0.00277,0.0363,0.05541,0.00754,0.00675,0.24196,0.01088,0.00294,0.1043877816605647,0.1198052709256934
694671,Wyatt Langford,TEX,25,R,LF,projected,Full Time,feed:order+depth,MLB,3,524.3,124.2,460.1,111.6,66.5,22.3,1.7,21.1,200.6,57.1,4.2,2.9,124.9,16.9,4.6,66.3,56.4,0.243,0.33,0.436,0.766,0.12681,0.04259,0.00323,0.04033,0.10885,0.008,0.00555,0.23824,0.03228,0.00881,0.126407539261276,0.1075015349060818
681715,Heriberto Hernández,MIA,27,R,LF,projected,Full Time,feed:order+depth,MLB,4,523.8,124.1,464.3,110.3,64.5,21.5,1.7,22.6,203.0,51.7,4.6,3.2,138.3,10.7,3.1,55.4,64.8,0.238,0.318,0.437,0.755,0.12311,0.04102,0.00319,0.04315,0.09879,0.00869,0.00616,0.26405,0.02035,0.00594,0.1057187407640488,0.1236932067530478
663616,Trevor Larnach,MIN,30,L,LF,projected,Full Time,feed:record over depth,MLB,3,523.5,124.0,465.7,109.9,76.6,19.2,1.1,13.0,170.3,51.2,3.2,3.4,120.1,5.1,1.5,63.1,59.9,0.236,0.314,0.366,0.68,0.14626,0.03675,0.00216,0.02478,0.09788,0.00615,0.00655,0.22948,0.00966,0.00294,0.120542174724826,0.1144470083010947
663656,Kyle Tucker,LAD,30,L,RF,projected,Full Time,feed:depth+record,MLB,3,518.1,122.7,447.6,115.5,73.0,22.2,1.8,18.5,196.8,64.2,2.2,4.1,83.6,15.6,3.6,73.0,70.2,0.258,0.351,0.44,0.791,0.1409,0.04291,0.00349,0.03576,0.12399,0.00427,0.00788,0.1613,0.03009,0.00698,0.140964407177,0.1354534529869527
681624,Andy Pages,LAD,26,R,CF,projected,Full Time,feed:depth,MLB,5,515.6,122.1,470.1,119.7,75.5,24.9,1.8,17.5,200.7,34.1,6.6,4.8,113.4,10.9,3.5,63.7,65.5,0.255,0.311,0.427,0.738,0.1465,0.04837,0.0035,0.03387,0.06622,0.01287,0.00939,0.21992,0.02122,0.00671,0.1235613939452716,0.1269415945922035
571448,Nolan Arenado,ARI,36,R,3B,projected,Full Time,feed:depth+record,MLB,4,514.2,121.8,466.9,117.8,76.0,22.8,0.4,18.6,197.2,38.0,4.8,4.5,82.9,2.9,0.8,62.3,70.5,0.252,0.312,0.422,0.734,0.14786,0.04442,0.0008,0.03614,0.07399,0.00939,0.00871,0.16125,0.00566,0.00163,0.1210776700386488,0.1370274559018617
621043,Carlos Correa,HOU,32,R,SS,projected,Full Time,feed:record over depth,MLB,5,512.2,121.3,458.3,126.1,85.6,26.0,1.2,13.3,194.4,48.5,2.5,2.9,104.4,1.7,0.5,61.9,56.8,0.275,0.346,0.424,0.77,0.16719,0.05074,0.00233,0.02587,0.09468,0.00492,0.00565,0.20388,0.00341,0.00097,0.1208294120750111,0.1108691638518915
575929,Willson Contreras,BOS,35,R,1B,projected,Full Time,feed:order+depth+record,MLB,4,512.0,121.3,440.9,110.9,65.2,21.1,1.1,23.5,204.7,49.7,19.1,2.3,127.1,5.7,1.7,64.5,67.9,0.252,0.351,0.464,0.815,0.12736,0.0412,0.00219,0.04594,0.09716,0.03726,0.00448,0.24829,0.01109,0.00329,0.1258929628119273,0.1326120535123971
691594,Javier Sanoja,MIA,24,R,3B,projected,Full Time,feed:order+depth,MLB,5,508.2,120.4,474.8,124.8,90.3,26.0,1.9,6.6,174.4,29.0,1.5,2.9,57.9,13.1,4.0,51.7,58.7,0.263,0.306,0.367,0.673,0.17761,0.05122,0.00383,0.01305,0.05699,0.00296,0.00573,0.11402,0.02578,0.00788,0.1017001365815189,0.1154279924769225
672820,Lenyn Sosa,TOR,27,R,2B,projected,Full Time,default,MLB,5,507.7,120.2,484.4,117.7,76.3,23.0,1.2,17.2,194.7,17.5,3.3,2.5,116.9,3.5,1.0,52.9,61.4,0.243,0.273,0.402,0.675,0.15036,0.04535,0.00228,0.0338,0.03452,0.00652,0.00484,0.2302,0.00681,0.00196,0.1042926302999854,0.1208937930773213
695600,Carter Jensen,KC,23,L,C,projected,Catcher - Primary,feed:order+depth+record,MLB,3,507.3,120.2,446.6,101.1,50.1,26.0,3.4,21.6,198.7,52.5,3.2,5.0,137.2,3.9,1.1,66.5,66.9,0.226,0.309,0.445,0.754,0.09875,0.05117,0.00673,0.04262,0.10347,0.0063,0.0098,0.27041,0.00766,0.00218,0.1310650296765599,0.1319541419604891
665833,Oneil Cruz,PIT,28,L,CF,projected,Full Time,feed:order+depth+record,MLB,3,504.8,119.6,448.9,103.2,61.5,21.5,2.3,17.9,183.0,50.0,3.1,2.8,161.0,23.8,5.8,64.9,66.6,0.23,0.31,0.408,0.718,0.12182,0.04262,0.00452,0.03538,0.09903,0.0061,0.00551,0.31893,0.0472,0.01156,0.1286615927565431,0.1320048366746728
656811,Ryan O'Hearn,PIT,33,L,1B,projected,Strong Side Platoon,feed:order+depth,MLB,4,504.8,119.6,455.2,116.3,78.5,21.4,1.7,14.7,185.2,41.1,5.1,3.4,102.7,3.4,0.9,56.4,61.5,0.255,0.322,0.407,0.729,0.15554,0.04248,0.00338,0.02918,0.08148,0.01018,0.00683,0.20347,0.00668,0.00187,0.1116449657413673,0.1218297464890608
457705,Andrew McCutchen,TEX,40,R,RF,projected,Full Time,feed:record over depth,MLB,5,504.2,119.4,438.9,100.2,65.8,18.9,1.2,14.3,164.4,58.4,3.8,3.1,116.9,6.2,1.8,56.1,51.6,0.228,0.322,0.375,0.697,0.13053,0.03757,0.00232,0.02842,0.11577,0.00759,0.00623,0.23185,0.01222,0.00365,0.1112309647712798,0.1022764982054829
663697,Jonathan India,KC,30,R,2B,projected,Full Time,feed:record over depth,MLB,2,503.4,119.2,436.9,99.2,64.9,21.1,1.5,11.7,158.4,50.1,12.9,3.5,103.6,7.4,2.2,61.8,48.1,0.227,0.322,0.363,0.685,0.12888,0.04201,0.00301,0.02332,0.09956,0.02563,0.00703,0.20587,0.01475,0.00435,0.1228061644613941,0.0955005383193867
677587,Brayan Rocchio,CLE,26,S,SS,projected,Full Time,feed:order+depth,MLB,5,500.7,118.6,452.3,107.4,76.3,19.1,1.7,10.3,160.8,35.1,8.5,4.8,94.0,14.2,4.4,53.0,54.5,0.237,0.302,0.356,0.658,0.15233,0.03809,0.00338,0.02062,0.07009,0.01707,0.0096,0.18765,0.02843,0.00869,0.1058054051971494,0.1088932054400211
663457,Lars Nootbaar,ARI,29,L,LF,projected,Full Time,feed:depth+record,MLB,2,500.5,118.5,432.9,99.2,63.8,20.9,1.9,12.6,161.7,61.9,2.1,3.6,104.2,7.1,2.1,62.8,50.6,0.229,0.326,0.374,0.7,0.12745,0.04181,0.00379,0.02519,0.12366,0.00426,0.00718,0.20828,0.01421,0.00423,0.1254142477618265,0.1011378126625848
621439,Byron Buxton,MIN,33,R,CF,projected,Full Time,feed:record over depth,MLB,3,500.4,118.5,451.4,111.9,54.1,26.1,2.3,29.4,230.8,37.4,8.1,3.5,137.2,11.6,2.8,76.1,63.8,0.248,0.315,0.511,0.826,0.10803,0.05212,0.00465,0.05868,0.07466,0.01616,0.00706,0.27409,0.02327,0.00561,0.1521589739572841,0.127428011341455
680574,Matt McLain,CIN,27,R,2B,projected,Full Time,feed:order+depth+record,MLB,2,498.2,118.0,445.9,94.5,59.8,19.0,1.7,14.0,158.9,44.5,5.8,2.0,142.1,15.9,4.2,60.7,44.8,0.212,0.291,0.356,0.647,0.12009,0.03813,0.00339,0.02809,0.08931,0.01174,0.00411,0.28517,0.03195,0.0085,0.1218279077922708,0.089990240213324
701358,Cam Smith,HOU,24,R,RF,projected,Full Time,feed:order+depth,MLB,5,498.2,118.0,448.5,105.2,65.3,20.5,2.6,16.8,181.3,39.8,6.3,3.6,133.8,9.8,2.6,58.9,52.5,0.235,0.304,0.404,0.708,0.13099,0.04122,0.00513,0.0337,0.07994,0.01262,0.00731,0.26853,0.01968,0.00531,0.1181851908783172,0.1052985318446274
687093,Vaughn Grissom,LAA,26,R,1B,projected,Full Time,feed:depth,MLB,4,497.5,117.8,449.7,107.3,77.3,17.5,1.0,11.5,161.3,32.0,10.1,5.7,99.6,5.2,1.5,48.7,59.9,0.239,0.3,0.359,0.659,0.15539,0.03517,0.00205,0.02313,0.06437,0.02024,0.0114,0.20014,0.01045,0.00296,0.097962082647283,0.1204444179764221
673237,Yainer Diaz,HOU,28,R,C,projected,Catcher - Primary,feed:order+depth+record,MLB,5,497.3,117.8,470.7,127.2,86.1,22.5,1.2,17.4,204.3,18.8,3.1,4.7,88.9,1.9,0.6,54.8,64.3,0.27,0.3,0.434,0.734,0.17308,0.04523,0.00239,0.03506,0.03778,0.0062,0.00948,0.17884,0.00383,0.00113,0.1102943331569581,0.1292114887538589
663647,Ke'Bryan Hayes,CIN,30,R,3B,projected,Strong Side Platoon,feed:order+depth,MLB,7,492.1,116.6,455.6,104.9,79.0,17.5,1.3,7.1,146.3,31.0,3.4,2.1,100.9,10.7,3.0,48.5,40.1,0.23,0.283,0.321,0.604,0.16057,0.03564,0.00256,0.01439,0.06292,0.00689,0.00434,0.20507,0.02173,0.00615,0.0985053008985364,0.0814463149156193
695506,Jac Caglianone,KC,24,L,RF,projected,Full Time,feed:order+depth,MLB,4,491.0,116.3,451.4,113.0,68.2,24.2,2.1,18.5,196.9,32.2,6.5,0.9,123.8,5.9,1.6,57.7,58.2,0.25,0.309,0.436,0.745,0.13887,0.0493,0.00423,0.03775,0.0655,0.0133,0.00175,0.25216,0.01192,0.00335,0.1175208858847031,0.1185384254985333
678662,Ezequiel Tovar,COL,25,R,SS,projected,Full Time,feed:order+depth,MLB,2,487.0,115.3,457.4,107.7,70.3,21.1,1.9,14.4,175.8,23.0,2.4,4.2,131.2,7.8,2.3,53.9,46.6,0.235,0.273,0.384,0.657,0.14445,0.04337,0.00387,0.02951,0.04725,0.00495,0.00863,0.2694,0.01597,0.00479,0.110669111586138,0.0957557227410564
527038,Wilmer Flores,SF,35,R,1B,projected,Full Time,feed:record over depth,MLB,5,486.4,115.2,434.1,104.5,73.3,17.5,0.1,13.6,163.0,40.6,6.9,4.8,84.5,0.7,0.2,48.4,59.0,0.241,0.312,0.375,0.687,0.15064,0.03607,0.0003,0.02802,0.08357,0.01416,0.00985,0.17382,0.00134,0.00037,0.0994692353746649,0.1212406142016498
701675,Nathan Church,STL,26,L,CF,projected,Full Time,feed:order+depth,MLB,5,486.3,115.2,446.8,106.0,79.4,17.6,2.3,6.7,148.3,27.7,6.0,5.8,94.7,11.4,3.3,52.7,49.7,0.237,0.287,0.332,0.619,0.16329,0.0361,0.00469,0.01378,0.05701,0.01243,0.012,0.19477,0.02344,0.00684,0.1083134629597187,0.1021462504236118
669003,Garrett Mitchell,MIL,28,L,CF,projected,Full Time,feed:order+depth,MLB,2,486.1,115.1,430.3,103.6,67.4,19.5,5.0,11.7,168.2,50.2,4.0,1.6,153.5,18.0,5.5,59.2,48.7,0.241,0.325,0.391,0.716,0.13874,0.04019,0.01033,0.02401,0.10329,0.00815,0.00329,0.31573,0.03707,0.01137,0.1218756803034988,0.1002271846210537
803011,Sam Antonacci,CWS,24,L,LF,projected,Full Time,feed:depth,MLB,2,485.5,115.0,424.2,115.1,87.0,19.0,2.8,6.3,158.6,37.3,22.1,1.9,79.8,17.7,5.2,59.0,40.7,0.271,0.359,0.374,0.733,0.17914,0.03922,0.00577,0.01297,0.07686,0.04553,0.00392,0.16428,0.03644,0.0107,0.1214975809775974,0.0839056267966674
805779,Jacob Wilson,OAK,25,R,SS,projected,Full Time,feed:record over depth,MLB,5,485.1,114.9,453.4,126.8,97.3,20.0,0.9,8.6,174.4,24.7,5.4,1.6,53.9,5.6,1.6,54.3,51.4,0.28,0.323,0.385,0.708,0.20068,0.04133,0.00193,0.01779,0.05096,0.01106,0.00333,0.11104,0.01161,0.00323,0.1119434389456764,0.1059975972549516
669127,Shea Langeliers,OAK,29,R,C,projected,Everyday DH / 1B-DH,feed:order+depth+record,MLB,4,485.1,114.9,443.1,111.7,63.0,25.1,1.5,22.1,206.1,35.0,3.5,3.5,122.1,5.4,1.5,59.9,67.0,0.252,0.31,0.465,0.775,0.1299,0.05178,0.00314,0.04553,0.07214,0.00727,0.00719,0.25179,0.01103,0.00315,0.12341612006033,0.1381809618426668
683083,Nasim Nuñez,WSH,26,S,2B,projected,Weak Side Platoon,feed:order+depth,MLB,6,483.1,114.4,431.8,97.0,79.7,11.1,2.4,3.8,124.3,47.2,1.8,2.3,101.4,38.1,9.9,52.8,38.3,0.225,0.302,0.288,0.59,0.16496,0.02303,0.00496,0.00791,0.0976,0.00377,0.00467,0.20992,0.07879,0.02051,0.1093842594791673,0.0792934590352189
808959,Munetaka Murakami,CWS,27,L,1B,projected,Full Time,feed:depth+record,MLB,3,482.0,114.2,404.2,80.3,35.7,14.7,1.6,28.3,183.1,71.5,5.1,1.2,162.9,4.2,1.3,59.4,56.1,0.199,0.326,0.453,0.779,0.07398,0.03041,0.00337,0.05864,0.14828,0.01053,0.00239,0.33801,0.00876,0.0026,0.1232207460988231,0.1163280856139202
665750,Leody Taveras,BAL,28,S,CF,projected,Full Time,feed:order+depth,MLB,6,481.4,114.0,443.6,98.1,69.9,16.0,2.5,9.7,148.2,33.5,1.1,3.2,116.3,15.6,4.5,51.6,48.0,0.221,0.276,0.334,0.61,0.14516,0.0332,0.00529,0.02009,0.06966,0.00219,0.00655,0.24168,0.03231,0.00938,0.1072724568632107,0.0996869267581509
592663,J.T. Realmuto,PHI,36,R,C,projected,Catcher - Primary,feed:order+depth+record,MLB,5,479.4,113.6,434.6,106.3,70.4,22.0,1.7,12.2,168.3,33.0,8.1,3.7,113.1,8.6,2.3,53.5,51.7,0.245,0.307,0.387,0.694,0.14679,0.04592,0.00348,0.02545,0.06876,0.017,0.00768,0.23595,0.01785,0.00484,0.1114977547689416,0.1078181644106007
666969,Adolis García,PHI,34,R,RF,projected,Full Time,feed:record over depth,MLB,4,476.8,112.9,433.6,94.9,57.1,20.5,1.1,16.2,166.2,33.9,4.6,4.7,133.0,9.5,2.7,55.8,63.1,0.219,0.28,0.383,0.663,0.11969,0.04295,0.00228,0.03407,0.07103,0.00959,0.0099,0.2789,0.01993,0.00556,0.1170685312332452,0.1323008019345332
665161,Jeremy Peña,HOU,29,R,SS,projected,Full Time,feed:order+depth+record,MLB,2,476.3,112.8,440.3,118.2,78.3,21.0,2.4,16.5,193.5,25.2,8.0,2.8,99.2,13.1,3.6,62.7,50.7,0.268,0.318,0.439,0.757,0.16433,0.04411,0.00498,0.03454,0.05283,0.01671,0.00581,0.20832,0.0274,0.00755,0.1315944232710375,0.1063436785626882
543760,Marcus Semien,NYM,36,R,2B,projected,Full Time,feed:depth+record,MLB,2,476.0,112.7,428.6,104.6,70.3,18.2,1.5,14.6,169.6,40.5,2.7,4.2,81.6,10.0,2.8,61.1,52.2,0.244,0.311,0.396,0.707,0.14774,0.03828,0.0032,0.03057,0.08509,0.00574,0.0089,0.17146,0.02111,0.00585,0.1283494927236206,0.1096247105125845
641857,Ryan McMahon,NYY,32,L,3B,projected,Full Time,feed:depth,MLB,6,474.8,112.5,422.3,92.9,57.0,18.4,1.0,16.5,162.8,47.7,2.5,2.3,142.8,4.6,1.5,53.7,51.9,0.22,0.301,0.386,0.687,0.12009,0.0388,0.00217,0.03476,0.1005,0.00531,0.0049,0.30075,0.00966,0.00309,0.113197167457746,0.1092255289706822
696285,Jacob Young,WSH,27,R,CF,projected,Full Time,feed:order+depth,MLB,6,474.7,112.4,432.9,108.5,84.0,15.7,2.1,6.7,148.5,32.2,7.6,2.0,88.8,24.6,7.2,53.4,41.5,0.251,0.312,0.343,0.655,0.17694,0.03308,0.0045,0.01415,0.06792,0.01611,0.00411,0.18698,0.05172,0.0152,0.1124674547955916,0.0874461389584562
800050,Chase DeLauter,CLE,25,L,RF,projected,Full Time,feed:order+depth+record,MLB,4,472.8,112.0,421.0,112.9,79.2,22.3,1.2,10.2,168.2,47.8,1.4,2.6,77.4,8.7,2.4,52.2,54.6,0.268,0.343,0.4,0.743,0.16747,0.04724,0.0026,0.02159,0.10115,0.00287,0.00544,0.16367,0.01846,0.0051,0.1104660536887339,0.1153775859500516
672386,Alejandro Kirk,TOR,28,R,C,projected,Catcher - Primary,feed:order+depth+record,MLB,6,472.2,111.8,418.3,113.1,84.6,16.8,0.3,11.4,164.7,46.1,2.8,5.0,60.2,0.0,0.0,39.2,57.4,0.27,0.343,0.394,0.737,0.17911,0.03566,0.00061,0.0242,0.0977,0.006,0.01069,0.12742,0.0,0.0,0.0830942224458487,0.1215028298182649
663757,Trent Grisham,NYY,30,L,CF,projected,Full Time,feed:record over depth,MLB,5,470.8,111.5,407.5,90.6,51.4,18.5,1.5,19.2,169.7,57.4,3.9,2.0,115.2,7.2,2.1,60.3,54.0,0.222,0.323,0.416,0.739,0.10912,0.03932,0.00321,0.04068,0.12199,0.00831,0.00424,0.24475,0.01531,0.00437,0.1281099588017348,0.1147617523162863
805811,Bryce Eldridge,SF,22,L,1B,projected,Full Time,feed:record over depth,MLB,4,470.7,111.5,407.8,94.9,59.1,19.1,1.3,15.4,162.8,57.7,1.5,3.7,125.8,3.3,1.0,50.1,55.6,0.233,0.327,0.399,0.726,0.12565,0.04063,0.00278,0.03267,0.12249,0.00324,0.00786,0.26727,0.00708,0.00202,0.1065361355356303,0.118139928532101
668709,JJ Bleday,CIN,29,L,LF,projected,Full Time,feed:order+depth,MLB,2,470.5,111.4,412.6,94.3,53.1,20.0,2.2,19.0,175.7,53.8,2.1,2.0,109.6,6.0,1.9,55.4,47.7,0.229,0.319,0.426,0.745,0.11279,0.04242,0.00457,0.0403,0.11436,0.00445,0.00434,0.23287,0.01276,0.004,0.1177195112808745,0.1013628975352687
686668,Brenton Doyle,CWS,29,R,CF,projected,Full Time,feed:record over depth,MLB,3,468.9,111.1,434.5,97.6,63.7,19.9,2.8,11.2,156.7,28.7,1.9,3.8,133.9,19.1,4.9,57.0,49.9,0.225,0.273,0.361,0.634,0.13586,0.04253,0.00592,0.02386,0.06129,0.00407,0.00808,0.28564,0.04067,0.01051,0.121603473806276,0.1063741597181246
666971,Lourdes Gurriel Jr.,ARI,33,R,LF,projected,Full Time,feed:record over depth,MLB,6,468.7,111.0,433.3,107.3,74.8,19.4,1.1,12.0,164.9,26.4,5.0,4.0,81.9,5.5,1.6,46.2,56.5,0.248,0.296,0.381,0.677,0.15963,0.04136,0.00242,0.0257,0.05622,0.01057,0.00854,0.17483,0.0118,0.00337,0.0986702684375321,0.1206051615700217
571970,Max Muncy,LAD,36,L,3B,projected,Full Time,feed:depth,MLB,4,463.5,109.8,390.4,91.1,44.5,21.8,2.1,22.7,185.2,63.2,5.4,4.5,116.5,2.9,0.8,61.1,64.6,0.233,0.345,0.474,0.819,0.09609,0.04697,0.00448,0.04908,0.13639,0.01174,0.00973,0.25134,0.00623,0.00172,0.1317608905640667,0.1393914425195169
687401,Joey Ortiz,MIL,28,R,SS,projected,Full Time,feed:order+depth,MLB,6,463.3,109.7,420.4,101.1,79.0,13.8,1.8,6.5,138.0,36.3,2.9,3.7,87.9,12.9,3.9,49.6,45.0,0.24,0.303,0.328,0.631,0.17051,0.02969,0.00387,0.01397,0.07829,0.0062,0.00793,0.18972,0.02794,0.00837,0.1069666164993814,0.097161000346639
630105,Jake Cronenworth,SD,33,L,2B,projected,Full Time,feed:order+depth,MLB,5,462.5,109.5,403.6,93.3,66.0,15.9,1.8,9.6,141.6,45.7,9.5,3.7,94.8,5.9,1.7,50.8,50.0,0.231,0.321,0.351,0.672,0.14272,0.03448,0.0038,0.02068,0.09883,0.02047,0.00799,0.20502,0.01273,0.00364,0.1098559048943758,0.1080634077753733
691720,Kyle Karros,COL,24,R,3B,projected,Full Time,feed:order+depth,MLB,2,457.2,108.3,400.2,96.2,66.0,19.3,1.6,9.3,146.6,47.3,6.2,3.5,103.8,4.5,1.2,53.4,40.7,0.24,0.327,0.366,0.693,0.1444,0.04231,0.00341,0.02033,0.10336,0.01348,0.00763,0.227,0.00995,0.00273,0.1167297185745275,0.0889573839312759
666139,Josh Lowe,LAA,29,L,LF,projected,Full Time,feed:depth+record,MLB,5,456.6,108.1,419.3,91.1,58.8,18.0,2.0,12.3,150.0,33.1,2.0,2.2,129.6,17.1,4.0,48.7,43.6,0.217,0.276,0.358,0.634,0.12882,0.03933,0.00446,0.02703,0.07243,0.00442,0.00479,0.2838,0.03742,0.00885,0.1066393113638473,0.0954401754853106
593871,Jorge Polanco,NYM,33,S,1B,projected,Full Time,feed:record over depth,MLB,5,456.0,108.0,407.3,93.5,55.6,22.6,1.3,14.0,160.7,42.9,2.6,3.2,104.6,4.6,1.3,48.3,53.2,0.23,0.305,0.395,0.7,0.12194,0.0495,0.0029,0.03075,0.09402,0.00574,0.00708,0.22939,0.01005,0.00295,0.1058402459235689,0.1167361769380974
686527,Dominic Canzone,SEA,29,L,RF,projected,Everyday DH / 1B-DH,feed:order+depth,MLB,4,455.3,107.8,412.4,105.1,64.7,20.6,1.1,18.7,184.0,36.7,3.5,2.7,100.8,3.6,1.0,51.7,57.2,0.255,0.319,0.446,0.765,0.14217,0.04531,0.00247,0.04107,0.0805,0.00765,0.00589,0.22148,0.00791,0.00224,0.1135723744813768,0.1256009757195522
701762,Nick Kurtz,OAK,24,L,1B,projected,Full Time,feed:record over depth,MLB,3,453.6,107.4,384.2,91.2,47.9,18.8,1.3,23.2,182.2,65.2,2.6,1.6,141.5,4.8,1.3,67.4,68.5,0.237,0.351,0.474,0.825,0.10566,0.04134,0.00285,0.05108,0.14375,0.00568,0.00345,0.31184,0.01065,0.00297,0.1486061372903303,0.1510602934244214
691723,Coby Mayo,BAL,25,R,3B,projected,Everyday DH / 1B-DH,feed:order+depth,MLB,3,453.4,107.4,410.0,88.5,46.1,20.3,1.0,21.1,174.1,37.1,5.5,0.8,136.0,4.4,1.2,55.1,52.1,0.216,0.289,0.425,0.714,0.10174,0.04488,0.00231,0.04643,0.08189,0.01204,0.00173,0.30003,0.0098,0.00267,0.1215593758160519,0.1149785516851722
661388,William Contreras,MIL,29,R,C,projected,Catcher - Primary,feed:order+depth+record,MLB,3,452.5,107.2,398.9,97.6,64.9,19.3,0.7,12.7,156.4,47.9,2.4,3.3,88.3,3.6,1.1,55.8,53.5,0.245,0.327,0.392,0.719,0.14345,0.04265,0.00154,0.02813,0.1059,0.00538,0.00724,0.19522,0.00793,0.00234,0.1233779048137825,0.1182024326995858
606192,Teoscar Hernández,LAD,34,R,LF,projected,Full Time,feed:depth+record,MLB,5,451.2,106.9,414.9,100.2,64.2,17.6,1.4,17.0,171.6,30.1,3.8,2.4,127.4,6.1,1.7,54.2,62.6,0.242,0.297,0.414,0.711,0.14232,0.03903,0.00316,0.0377,0.0668,0.00839,0.00541,0.28226,0.01361,0.00387,0.1200807912989259,0.1386997843013328
664034,Ty France,SD,32,R,1B,projected,Full Time,feed:order+depth,MLB,6,449.1,106.4,401.8,103.5,70.1,18.3,0.6,14.5,166.5,28.2,15.7,3.4,87.2,0.6,0.2,46.5,49.2,0.258,0.328,0.414,0.742,0.15603,0.04066,0.00141,0.0322,0.06269,0.03492,0.00765,0.19419,0.00134,0.00038,0.1035217437266645,0.1094530965530269
700932,Kyle Manzardo,CLE,26,L,1B,projected,Everyday DH / 1B-DH,default,MLB,5,449.1,106.4,400.3,87.9,51.9,15.4,1.0,19.6,164.1,39.4,6.1,3.3,125.7,1.6,0.4,44.7,52.8,0.22,0.297,0.41,0.707,0.11561,0.03435,0.00224,0.04375,0.08768,0.01368,0.00743,0.27986,0.00346,0.00097,0.0994464665719856,0.1176451892534105
676572,Eric Wagaman,NYM,29,R,1B,projected,Everyday DH / 1B-DH,default,MLB,5,447.3,105.9,414.0,102.0,70.0,20.9,1.0,10.1,155.2,28.2,1.7,3.4,93.8,4.3,1.2,49.8,49.5,0.246,0.295,0.375,0.67,0.15655,0.04677,0.00226,0.02261,0.06304,0.00389,0.00753,0.2097,0.00965,0.00272,0.1112882114308331,0.1106228110635337
686611,Dylan Crews,WSH,25,R,RF,projected,Full Time,feed:order+depth,MLB,2,446.5,105.8,406.8,94.1,59.4,18.5,2.2,14.0,159.0,32.0,6.6,1.1,106.2,16.8,4.5,50.5,39.0,0.231,0.297,0.391,0.688,0.13293,0.04148,0.00494,0.03143,0.07173,0.01475,0.00255,0.2379,0.03758,0.01,0.113060376971827,0.0872979084143973
663968,Jake Mangum,PIT,31,S,CF,projected,Full Time,feed:order+depth,MLB,7,444.5,105.3,413.3,110.8,85.4,17.6,3.1,4.7,148.7,23.1,6.5,1.6,82.1,21.6,6.2,43.4,35.6,0.268,0.316,0.36,0.676,0.1922,0.0397,0.00698,0.0105,0.052,0.01461,0.00352,0.18476,0.04851,0.01392,0.097661484657712,0.0799858994209917
671277,Luis García Jr.,NYY,27,L,1B,projected,Full Time,feed:depth,MLB,4,440.0,104.2,413.7,108.9,67.7,21.7,1.8,17.7,187.3,21.6,0.7,4.0,76.6,9.0,2.7,57.0,64.1,0.263,0.298,0.453,0.751,0.15393,0.04933,0.00408,0.04022,0.04917,0.00149,0.00907,0.17399,0.02037,0.00603,0.1295651321317058,0.1457470972070979
703607,Henry Bolte,OAK,23,R,CF,projected,Full Time,feed:order+depth,MLB,2,438.7,103.9,389.0,100.3,75.6,13.4,3.0,8.3,144.6,35.5,12.2,2.0,120.7,18.6,5.4,51.9,39.4,0.258,0.337,0.372,0.709,0.17244,0.03044,0.00683,0.01891,0.08091,0.0278,0.0045,0.2752,0.04235,0.01237,0.1182983066587497,0.0898759862277514
665862,Jazz Chisholm Jr.,NYY,29,L,2B,projected,Full Time,feed:depth,MLB,3,431.1,102.1,385.8,86.1,49.9,15.2,2.3,18.7,162.0,39.7,2.9,2.7,121.0,23.4,6.2,57.2,55.5,0.223,0.299,0.42,0.719,0.11575,0.0352,0.00524,0.04347,0.09215,0.00684,0.00635,0.28075,0.05432,0.01437,0.1325739491673602,0.1286898399031518
670764,Taylor Walls,TB,30,S,SS,projected,Full Time,feed:order+depth,MLB,2,429.4,101.7,380.4,77.4,58.1,14.1,1.8,3.4,105.3,44.1,1.5,3.4,107.6,18.7,4.9,50.3,36.8,0.203,0.286,0.277,0.563,0.13528,0.03273,0.00412,0.00795,0.10275,0.00352,0.008,0.25062,0.04363,0.01148,0.1170782582372898,0.0857437526840983
805999,A.J. Ewing,NYM,22,L,CF,projected,Full Time,feed:depth+record,MLB,6,428.2,101.4,384.4,91.7,65.0,15.0,2.9,8.8,138.9,38.4,2.1,3.3,108.4,18.3,5.2,50.2,42.1,0.239,0.309,0.361,0.67,0.15171,0.03505,0.00688,0.02044,0.0896,0.0049,0.00777,0.25325,0.04269,0.01223,0.1171936396906157,0.0983856824336672
671976,Tristan Peters,CWS,27,L,CF,projected,Full Time,feed:depth,MLB,5,428.0,101.4,386.0,93.7,59.1,18.2,3.5,12.9,157.6,31.7,8.5,1.8,86.4,7.6,2.1,47.5,43.3,0.243,0.313,0.408,0.721,0.13812,0.04244,0.00828,0.03008,0.07417,0.01976,0.00428,0.20182,0.01786,0.00501,0.1109853110760415,0.1011180247673467
662139,Daulton Varsho,HOU,30,L,CF,projected,Bench Bat,feed:order+depth,MLB,3,420.9,99.7,383.2,83.6,48.9,18.4,2.1,14.2,148.8,32.2,3.0,2.5,102.6,8.7,2.4,51.9,47.9,0.218,0.282,0.388,0.67,0.11628,0.04368,0.00491,0.03382,0.0765,0.00713,0.00592,0.2438,0.02077,0.00566,0.1233795700670795,0.1137433173265588
664770,Nathan Lukes,TOR,32,L,RF,projected,Full Time,feed:order+depth,MLB,5,420.0,99.5,381.5,97.9,74.0,15.3,1.1,7.5,137.9,30.8,3.7,4.0,64.3,3.9,1.2,47.5,45.8,0.257,0.315,0.361,0.676,0.17618,0.03648,0.0027,0.01784,0.07345,0.0088,0.00947,0.15303,0.00929,0.00279,0.1130843703507047,0.1090470461486425
650333,Luis Arraez,PHI,30,L,2B,projected,Bench Bat,feed:order+depth,MLB,6,418.3,99.1,389.6,111.5,86.5,18.3,1.7,5.0,148.2,22.4,2.8,3.5,23.2,5.2,1.5,47.8,39.1,0.286,0.327,0.38,0.707,0.20686,0.04381,0.00408,0.01204,0.05347,0.00673,0.00847,0.05535,0.01249,0.00361,0.1143345339278859,0.0935725995037282
660670,Ronald Acuña Jr.,ATL,29,R,RF,projected,Full Time,feed:order+depth+record,MLB,2,416.2,98.6,360.6,92.8,53.7,17.1,1.2,20.8,174.7,48.9,5.1,1.6,86.6,20.1,5.5,60.1,42.8,0.257,0.353,0.484,0.837,0.12906,0.04101,0.00288,0.05008,0.11755,0.01221,0.00381,0.20802,0.04825,0.01311,0.1444317532484684,0.1028421581333933
681351,Logan O'Hoppe,TEX,27,R,C,projected,Full Time,feed:record over depth,MLB,5,412.7,97.7,381.8,82.2,50.7,17.2,1.0,13.3,141.3,25.4,4.1,1.4,116.3,2.6,0.8,41.9,42.5,0.215,0.271,0.37,0.641,0.12276,0.04178,0.00241,0.03229,0.06144,0.00996,0.00351,0.28172,0.00634,0.00188,0.101567043680998,0.1030914121863103
671289,Tyler Freeman,COL,28,R,RF,projected,Full Time,default,MLB,2,411.9,97.6,368.3,98.6,76.3,16.8,1.7,3.8,130.2,26.4,14.5,2.7,58.6,14.4,4.5,45.4,33.3,0.268,0.339,0.354,0.693,0.18524,0.04088,0.00403,0.00919,0.06421,0.03513,0.00652,0.14237,0.03491,0.01093,0.1101555008244101,0.0809450560483203
683146,Brett Baty,NYM,27,L,3B,projected,Full Time,feed:depth,MLB,5,411.6,97.5,373.1,86.6,53.6,17.7,1.2,14.1,149.0,33.6,2.5,2.4,107.8,4.0,1.1,46.2,45.2,0.232,0.298,0.399,0.697,0.13022,0.04298,0.00295,0.03434,0.08172,0.00603,0.00587,0.26191,0.00972,0.00261,0.1123590901469557,0.1097494730814531
624424,Michael Conforto,CHC,34,L,RF,projected,Everyday DH / 1B-DH,feed:depth,MLB,5,409.8,97.1,359.1,84.4,48.3,19.5,1.0,15.6,152.7,41.9,5.6,3.2,101.3,1.7,0.5,46.7,47.7,0.235,0.322,0.425,0.747,0.11793,0.0476,0.00246,0.03809,0.10218,0.01364,0.00773,0.2471,0.0042,0.00117,0.1138928589052947,0.1164788942356297
643217,Andrew Benintendi,CWS,32,L,LF,projected,Everyday DH / 1B-DH,feed:depth+record,MLB,4,409.7,97.0,370.5,91.1,51.1,19.7,1.6,18.7,170.1,34.1,1.6,3.5,77.3,3.4,0.9,46.9,49.9,0.246,0.309,0.459,0.768,0.12482,0.04801,0.004,0.04562,0.08325,0.00393,0.00858,0.18875,0.00819,0.0023,0.1143931348353371,0.1216901133933768
682657,Angel Martínez,CLE,25,S,LF,projected,Full Time,feed:order+depth,MLB,4,409.4,97.0,382.0,91.0,57.9,20.0,1.5,11.6,148.8,20.0,4.8,2.6,91.9,8.6,2.4,46.7,46.3,0.238,0.283,0.39,0.673,0.1415,0.04891,0.00363,0.02825,0.0488,0.0117,0.00641,0.22441,0.02099,0.0059,0.1141424658529029,0.1130906838951748
683734,Andrew Vaughn,MIL,29,R,1B,projected,Full Time,feed:record over depth,MLB,4,409.2,96.9,372.5,95.4,66.5,17.5,0.7,10.7,146.4,28.2,5.4,3.1,80.1,0.7,0.2,43.1,55.6,0.256,0.315,0.393,0.708,0.16248,0.04288,0.00159,0.02625,0.06893,0.01313,0.00758,0.19563,0.00161,0.00045,0.1054026567352504,0.1359410289717033
608369,Corey Seager,TEX,33,L,SS,projected,Full Time,feed:order+depth+record,MLB,3,407.2,96.4,360.4,92.6,52.4,17.0,0.5,22.7,178.7,40.6,3.5,2.7,79.5,1.5,0.4,51.4,49.1,0.257,0.336,0.496,0.832,0.1288,0.04178,0.00111,0.05581,0.09959,0.0086,0.00673,0.19523,0.00361,0.001,0.1261774459019836,0.1205209841527115
467793,Carlos Santana,ARI,41,S,1B,projected,Everyday DH / 1B-DH,default,MLB,5,406.9,96.4,358.5,81.1,53.8,14.8,0.8,11.7,132.6,44.2,2.0,2.2,75.3,2.9,0.8,44.3,48.3,0.226,0.313,0.37,0.683,0.13214,0.03632,0.00189,0.02879,0.10873,0.00501,0.00534,0.18495,0.00711,0.00188,0.1089814532417948,0.1186101258135962
596146,Max Kepler,ARI,34,L,LF,projected,Full Time,default,MLB,5,406.9,96.4,364.8,86.4,54.2,18.3,1.7,12.2,144.7,35.0,3.7,3.4,82.3,2.6,0.7,47.4,44.4,0.237,0.307,0.397,0.704,0.13308,0.04486,0.00415,0.03,0.08595,0.00899,0.00843,0.20237,0.00638,0.0018,0.1165835894925954,0.1090654547473286
663886,Tyler Stephenson,CIN,30,R,C,projected,Catcher - Primary,feed:order+depth,MLB,4,404.1,95.7,359.5,84.0,47.3,20.7,1.1,14.9,151.6,38.0,3.9,2.7,110.4,1.5,0.4,43.4,48.4,0.234,0.312,0.422,0.734,0.11712,0.05111,0.00282,0.03694,0.0941,0.0096,0.00674,0.27323,0.00373,0.00109,0.1072993861711739,0.1196919264678446
680869,Zack Gelof,OAK,27,R,3B,projected,Full Time,feed:order+depth,MLB,2,403.5,95.6,368.3,80.5,49.2,14.6,1.0,15.7,144.2,29.2,4.0,2.0,121.1,13.6,3.6,57.1,44.8,0.219,0.282,0.392,0.674,0.12188,0.03608,0.00241,0.03889,0.07229,0.00983,0.00503,0.30008,0.03366,0.00887,0.1414631462659025,0.1109956957231615
686681,Michael Massey,KC,29,L,2B,projected,Strong Side Platoon,feed:order+depth,MLB,5,401.3,95.1,374.8,90.5,60.6,17.1,1.5,11.3,144.5,18.7,3.6,4.2,74.6,3.5,1.0,40.9,43.2,0.241,0.281,0.386,0.667,0.15098,0.04269,0.00378,0.02805,0.04652,0.00899,0.01049,0.1858,0.0086,0.00238,0.1019712999413168,0.1076319814823336
680700,Richie Palacios,TB,30,L,2B,projected,Strong Side Platoon,feed:order+depth,MLB,3,395.7,93.7,346.1,86.8,63.8,12.8,1.0,9.2,129.2,42.9,4.3,2.4,74.3,15.9,4.3,48.8,42.9,0.251,0.339,0.373,0.712,0.16111,0.03229,0.00244,0.02332,0.10836,0.0108,0.006,0.18775,0.04023,0.01088,0.1234386661099146,0.1083607007395881
669701,Josh Smith,TOR,29,L,2B,projected,Strong Side Platoon,feed:order+depth,MLB,6,394.1,93.3,347.1,81.1,55.8,14.7,1.6,9.0,126.0,36.2,8.7,2.1,82.2,7.3,2.0,43.6,31.0,0.234,0.32,0.363,0.683,0.14157,0.03738,0.004,0.02277,0.09191,0.02216,0.00525,0.20863,0.01844,0.00516,0.110667869733412,0.0785853859282173
677950,Alek Thomas,LAD,27,L,CF,projected,Full Time,default,MLB,6,387.5,91.8,361.6,85.9,59.2,17.8,2.4,6.5,128.0,19.4,3.5,3.0,88.0,8.1,2.3,45.7,39.4,0.238,0.281,0.354,0.635,0.15273,0.04604,0.00619,0.0168,0.04998,0.00909,0.00773,0.22701,0.02099,0.00597,0.1179388819780978,0.1017406927393353
663993,Nathaniel Lowe,CLE,31,L,1B,projected,Strong Side Platoon,feed:order+depth,MLB,5,386.3,91.5,342.4,83.7,56.1,15.7,0.6,11.3,134.5,39.2,2.2,2.5,92.6,0.8,0.2,37.8,44.7,0.244,0.324,0.393,0.717,0.14534,0.04057,0.00159,0.02931,0.10145,0.00567,0.00657,0.23964,0.00197,0.00055,0.0979604627051036,0.115599521592508
665877,José Fermín,STL,28,R,3B,projected,Full Time,feed:order+depth,MLB,6,382.8,90.7,342.2,84.9,61.7,15.6,0.8,6.8,122.5,32.4,3.9,4.3,59.6,8.1,2.3,33.6,38.0,0.248,0.317,0.358,0.675,0.16119,0.04075,0.00199,0.01786,0.08463,0.01013,0.01119,0.15564,0.02125,0.00598,0.0877082799902454,0.0991821637783512
624585,Jorge Soler,LAA,35,R,RF,projected,Full Time,feed:record over depth,MLB,3,378.9,89.7,333.3,73.2,40.8,17.9,0.5,14.0,134.1,38.5,4.3,2.8,106.0,1.0,0.3,43.8,44.1,0.22,0.306,0.402,0.708,0.10771,0.04729,0.0013,0.03695,0.1016,0.0113,0.00729,0.27969,0.00257,0.00073,0.1156527943686745,0.1162599201669271
701678,Hao-Yu Lee,DET,24,R,2B,projected,Full Time,feed:order+depth,MLB,5,378.7,89.7,344.3,81.9,52.2,18.2,1.6,9.9,133.0,30.7,0.7,3.0,90.9,5.2,1.5,42.0,45.0,0.238,0.299,0.386,0.685,0.13781,0.04813,0.00435,0.0261,0.08098,0.00195,0.00781,0.24001,0.01378,0.00397,0.1108321082040327,0.1187595349623919
669720,Austin Hays,SD,31,R,LF,projected,Full Time,feed:record over depth,MLB,3,373.6,88.5,344.0,86.2,56.4,17.4,0.9,11.5,139.9,22.3,4.1,3.2,89.9,4.2,1.2,45.4,42.7,0.251,0.301,0.407,0.708,0.15103,0.04654,0.00238,0.03091,0.05958,0.01105,0.00854,0.24068,0.01119,0.00326,0.1214064340825552,0.1143874987345508
669016,Brandon Marsh,PHI,29,L,LF,projected,Strong Side Platoon,feed:order+depth,MLB,5,371.4,88.0,335.8,77.9,50.4,15.9,1.9,9.7,126.7,30.8,1.7,3.1,107.2,7.9,2.1,43.4,40.3,0.232,0.297,0.377,0.674,0.13576,0.04269,0.00513,0.02614,0.08285,0.00463,0.00846,0.28871,0.02123,0.00575,0.1167293511164149,0.1084348555321104
814409,Seaver King,WSH,24,R,,projected,Full Time,feed:prospect,MiLB (MLE),5,369.4,87.5,332.7,82.5,55.0,14.1,1.5,11.9,135.3,29.2,4.2,3.3,90.3,6.9,1.9,41.6,39.9,0.248,0.314,0.407,0.721,0.14898,0.03829,0.00408,0.0323,0.07913,0.01138,0.00888,0.24435,0.01868,0.00525,0.1126552134847328,0.1079316001473905
681393,Connor Norby,COL,27,R,1B,projected,Full Time,feed:order+depth,MLB,2,368.6,87.3,330.3,74.8,45.5,16.0,1.5,11.8,129.2,29.5,6.1,2.7,104.2,8.3,2.4,39.6,33.4,0.226,0.3,0.391,0.691,0.12353,0.04331,0.00407,0.03206,0.08006,0.01643,0.00741,0.28275,0.02256,0.00653,0.1075687702607986,0.0905729232363474
676356,Jonny DeLuca,TB,28,R,RF,projected,Full Time,feed:order+depth,MLB,5,367.0,86.9,344.2,80.7,54.9,18.6,1.3,5.9,119.6,20.7,1.9,0.2,79.7,15.2,4.3,37.5,39.8,0.234,0.281,0.347,0.628,0.14962,0.05074,0.0035,0.016,0.05647,0.00517,0.00059,0.21706,0.04138,0.0118,0.1022535403473434,0.1083314798764673
678391,Jorbit Vivas,WSH,26,L,2B,projected,Strong Side Platoon,feed:order+depth,MLB,8,366.9,86.9,321.3,79.0,60.7,13.3,1.0,4.0,106.3,36.9,5.5,3.2,63.0,4.2,1.2,32.3,30.8,0.246,0.331,0.331,0.662,0.16546,0.03616,0.00266,0.01091,0.10046,0.01501,0.00873,0.17182,0.01139,0.00324,0.0879402407719857,0.0839083699735847
664728,Kyle Isbel,KC,30,L,CF,projected,Full Time,feed:order+depth,MLB,2,363.2,86.0,337.6,76.4,59.9,10.2,1.6,4.7,103.9,20.5,2.9,2.2,78.2,8.1,2.4,43.1,33.8,0.226,0.275,0.308,0.583,0.16485,0.02799,0.00431,0.01281,0.0564,0.00788,0.00616,0.21521,0.02229,0.0065,0.1187162479553192,0.0930209029497616
670242,Matt Wallner,MIN,29,L,RF,projected,Full Time,feed:record over depth,MLB,5,361.9,85.7,312.2,63.2,32.4,13.2,0.9,16.7,128.3,35.4,13.2,1.1,117.5,4.0,1.2,41.7,41.3,0.202,0.309,0.411,0.72,0.08966,0.03636,0.00245,0.04609,0.09783,0.03655,0.00292,0.3247,0.01109,0.00325,0.1151175766925397,0.1139866180621922
703601,Max Clark,DET,22,L,CF,projected,Full Time,feed:order+depth+record,MLB,3,360.5,85.4,322.2,81.3,58.2,16.5,2.7,3.9,114.9,30.4,6.0,1.9,77.7,8.4,2.3,43.8,39.7,0.252,0.326,0.357,0.683,0.16154,0.04576,0.00754,0.01071,0.08442,0.01657,0.0053,0.21546,0.0232,0.00649,0.1216044990991721,0.1101233982767209
608348,Carson Kelly,CHC,32,R,C,projected,Catcher - Primary,feed:depth,MLB,5,358.4,84.9,320.1,75.9,52.0,11.9,0.5,11.5,123.3,32.4,3.8,2.1,69.3,1.4,0.4,40.8,41.4,0.237,0.313,0.385,0.698,0.14512,0.03324,0.00127,0.03217,0.09051,0.0105,0.00591,0.1934,0.00388,0.0011,0.11390358934235,0.1155560766488712
694249,Cole Carrigg,COL,25,S,CF,projected,Full Time,feed:order+depth,MLB,4,358.0,84.8,322.9,80.3,46.7,18.6,3.4,11.6,140.5,27.1,4.5,3.5,86.0,9.6,2.8,40.4,41.3,0.249,0.313,0.435,0.748,0.13049,0.05183,0.00954,0.03243,0.0757,0.01262,0.00983,0.24033,0.02683,0.00783,0.1129196605602549,0.1154877143688945
691781,Brady House,WSH,24,R,3B,projected,Full Time,feed:order+depth,MLB,5,357.8,84.7,329.1,80.7,57.0,14.3,1.1,8.3,122.1,22.6,1.9,4.2,94.9,5.7,1.6,37.3,38.6,0.245,0.294,0.371,0.665,0.15934,0.0401,0.00294,0.02312,0.06326,0.00531,0.01176,0.26536,0.01591,0.00453,0.1041665443282955,0.1079711282924729
660688,Keibert Ruiz,WSH,28,S,C,projected,Strong Side Platoon,feed:order+depth,MLB,6,356.8,84.5,333.8,85.4,59.2,16.1,0.5,9.6,131.3,17.0,3.8,2.2,41.9,2.3,0.7,34.4,39.4,0.256,0.298,0.393,0.691,0.16601,0.04514,0.00142,0.02694,0.04773,0.01062,0.00608,0.11754,0.00648,0.00191,0.0963004434569054,0.110550339759097
663624,Ryan Mountcastle,BAL,30,R,1B,projected,Full Time,feed:record over depth,MLB,5,356.5,84.4,328.0,86.4,56.8,18.0,1.2,10.4,138.0,21.8,2.2,4.5,87.8,3.1,0.8,37.4,42.1,0.263,0.31,0.421,0.731,0.15926,0.0505,0.00327,0.02908,0.06122,0.00612,0.01271,0.24629,0.00861,0.00237,0.1050018213615637,0.1180127637271961
605170,Victor Caratini,MIN,33,S,C,projected,Full Time,feed:record over depth,MLB,6,356.4,84.4,314.9,73.2,52.2,11.3,0.2,9.5,113.4,28.3,8.7,4.5,72.0,0.7,0.2,32.1,39.2,0.232,0.309,0.36,0.669,0.14639,0.03163,0.0005,0.02671,0.07947,0.02442,0.01267,0.20198,0.0019,0.00054,0.0900563341227154,0.1098631228789783
680776,Jarren Duran,BOS,30,L,LF,projected,Strong Side Platoon,feed:order+depth,MLB,5,356.0,84.3,323.9,78.9,50.3,15.5,3.3,9.8,130.4,25.9,4.1,2.1,89.5,14.1,3.6,41.6,37.0,0.244,0.306,0.403,0.709,0.14138,0.04341,0.00915,0.02753,0.07275,0.01141,0.00597,0.2514,0.0397,0.01003,0.1168941806237981,0.1040159234478976
813841,Jonah Cox,SF,25,R,CF,projected,Full Time,feed:order+depth,MLB,2,355.4,84.2,329.3,70.2,48.3,12.9,1.7,7.3,108.4,24.1,1.2,0.8,115.2,16.4,4.6,45.2,35.5,0.213,0.269,0.329,0.598,0.13587,0.03641,0.00468,0.02043,0.06781,0.00347,0.00216,0.32415,0.04606,0.01287,0.1271946915916422,0.0998972441327314
685133,Wade Meckler,LAA,27,L,LF,projected,Full Time,feed:depth,MLB,2,353.7,83.8,317.2,80.2,62.8,12.3,1.9,3.2,105.9,31.9,4.2,0.4,76.5,6.8,1.8,41.5,30.9,0.253,0.329,0.334,0.663,0.17745,0.03483,0.0053,0.00915,0.09029,0.01187,0.00112,0.21636,0.01924,0.0052,0.1172780234286123,0.0873980937576876
676059,Jordan Westburg,BAL,28,R,3B,projected,Full Time,feed:record over depth,MLB,3,351.6,83.3,325.7,81.7,51.3,13.9,1.9,14.6,143.2,19.6,4.6,1.7,81.1,5.3,1.6,45.6,40.4,0.251,0.301,0.44,0.741,0.1459,0.03965,0.0055,0.04145,0.05562,0.01301,0.00489,0.23057,0.01505,0.00443,0.1295970236094928,0.1147776104903362
700337,Edgar Quero,CWS,24,S,C,projected,Full Time,feed:record over depth,MLB,7,351.3,83.2,314.8,73.8,56.9,12.4,0.3,4.2,99.4,28.0,4.8,3.7,68.7,1.6,0.4,28.9,32.2,0.234,0.303,0.316,0.619,0.16198,0.03526,0.00075,0.01198,0.07962,0.01369,0.01054,0.19563,0.00448,0.00128,0.0821247019507078,0.0917609493604673
691176,Jasson Domínguez,NYY,24,S,RF,projected,Full Time,default,MLB,6,347.6,82.3,315.2,73.4,50.6,15.0,1.4,6.4,110.4,28.1,2.4,1.9,87.5,13.7,3.6,41.3,33.6,0.233,0.299,0.35,0.649,0.14544,0.04313,0.0041,0.01835,0.08079,0.00686,0.00534,0.25172,0.03931,0.01041,0.1189084492490608,0.0966650854909323
695391,Brett Harris,SF,29,R,1B,projected,Full Time,feed:order+depth,MLB,6,342.4,81.1,300.5,67.9,53.9,10.0,0.7,3.3,89.2,31.7,7.7,2.5,83.1,5.8,1.7,36.8,30.0,0.226,0.313,0.297,0.61,0.15742,0.02907,0.00202,0.00958,0.09264,0.02261,0.00738,0.24273,0.01694,0.00495,0.1074016643574982,0.0875325466774757
691788,Joe Mack,MIA,24,L,C,projected,Strong Side Platoon,feed:order+depth,MLB,4,342.3,81.1,316.3,71.2,47.5,11.5,0.9,11.3,118.4,21.6,2.3,2.1,84.5,2.3,0.6,38.0,44.1,0.225,0.278,0.374,0.652,0.13879,0.03353,0.00263,0.03288,0.06312,0.00683,0.00607,0.24673,0.00662,0.00187,0.1109913774574391,0.1288708409834941
683357,Owen Caissie,MIA,24,L,RF,projected,Bench Bat,feed:order+depth,MLB,4,342.3,81.1,305.3,62.4,36.2,12.6,2.0,11.6,113.8,26.8,3.7,6.5,117.5,5.1,1.4,40.9,47.3,0.204,0.271,0.373,0.644,0.10578,0.03688,0.00578,0.03401,0.07827,0.01081,0.01906,0.34332,0.01503,0.0042,0.119389595181686,0.1381620818594143
666134,Nolan Jones,CLE,29,L,RF,projected,Utility OF / 4th OF,default,MLB,5,340.9,80.7,300.7,65.7,44.1,13.5,1.6,6.5,101.9,35.8,2.5,1.9,99.5,8.5,2.5,35.9,36.4,0.218,0.305,0.339,0.644,0.12927,0.0396,0.00481,0.01914,0.1049,0.00737,0.00567,0.29189,0.02496,0.00722,0.1054290795425494,0.1068378884033596
695681,Christian Moore,LAA,24,R,2B,projected,Full Time,feed:depth,MLB,6,337.7,80.0,304.4,63.4,42.7,10.6,1.2,8.9,103.1,29.0,2.3,2.0,103.8,6.2,1.8,29.1,34.6,0.208,0.28,0.339,0.619,0.12637,0.03132,0.0035,0.02622,0.08591,0.0068,0.00605,0.30733,0.01832,0.00536,0.0862585653363519,0.102342728791598
694203,Denzer Guzman,LAA,23,R,3B,projected,Full Time,feed:depth,MLB,5,337.7,80.0,315.9,69.7,51.2,11.3,0.7,6.5,101.9,20.0,1.4,0.4,92.4,4.1,1.2,36.0,34.9,0.221,0.27,0.323,0.593,0.15149,0.0336,0.00194,0.01927,0.05917,0.00429,0.00126,0.27353,0.01213,0.00345,0.1064992054104044,0.1032487472905288
806964,Sebastian Walcott,TEX,21,R,,projected,Full Time,feed:prospect,MiLB (MLE),0,335.3,79.4,301.7,71.5,47.3,13.6,1.1,9.5,115.8,27.7,3.6,2.3,76.5,0.0,0.0,36.3,34.7,0.237,0.307,0.384,0.691,0.14107,0.04058,0.00338,0.02825,0.08272,0.01087,0.00693,0.22815,0.0,0.0,0.1083739722267322,0.1033790288854258
665052,Griffin Conine,MIA,29,L,RF,projected,Strong Side Platoon,feed:order+depth,MLB,3,335.0,79.3,300.1,69.4,41.9,12.5,1.1,13.9,125.8,30.7,3.9,0.3,96.2,3.6,1.0,42.4,38.4,0.231,0.31,0.419,0.729,0.12519,0.03723,0.00331,0.04155,0.09153,0.01153,0.00093,0.28715,0.01066,0.00299,0.1265907818728389,0.114553969817838
665966,Carlos Narváez,BAL,28,R,C,projected,Catcher - Primary,feed:order+depth+record,MLB,9,334.1,79.1,302.2,63.0,41.5,13.1,0.3,8.1,101.0,25.8,3.9,2.2,92.4,2.2,0.6,32.3,27.3,0.208,0.277,0.334,0.611,0.12423,0.03934,0.00093,0.02422,0.07717,0.01158,0.00655,0.27662,0.00667,0.00188,0.0966728088356105,0.0815720780436834
687952,Christian Encarnacion-Strand,BAL,27,R,3B,projected,Full Time,feed:order+depth,MLB,4,333.7,79.0,309.1,72.1,38.4,18.2,0.7,14.8,136.1,16.7,5.2,2.7,87.6,2.9,0.8,36.6,46.7,0.233,0.282,0.44,0.722,0.115,0.05442,0.00211,0.04434,0.04991,0.0157,0.00805,0.26264,0.00859,0.00252,0.1096435629622758,0.1398148833669046
642731,Thairo Estrada,COL,31,R,2B,projected,Full Time,feed:record over depth,MLB,3,333.5,79.0,309.7,74.5,54.7,13.5,0.9,5.4,106.0,15.1,6.3,2.4,66.7,9.5,2.8,36.5,35.3,0.241,0.288,0.342,0.63,0.16413,0.04038,0.0027,0.01606,0.04539,0.01876,0.00722,0.20002,0.02839,0.0085,0.1095298295328506,0.1058691855583535
808265,Franklin Arias,BOS,22,R,,projected,Full Time,feed:prospect,MiLB (MLE),5,333.3,78.9,299.4,77.8,52.5,15.2,0.8,9.3,122.5,27.3,3.8,2.8,73.8,6.1,1.7,38.0,36.4,0.26,0.327,0.409,0.736,0.15758,0.04549,0.00231,0.0279,0.08191,0.01127,0.00844,0.22151,0.01845,0.00522,0.1139845743829696,0.1092052211763855
592885,Christian Yelich,MIL,35,L,LF,projected,Strong Side Platoon,feed:order+depth,MLB,3,331.6,78.5,292.2,70.5,45.2,13.3,1.2,10.8,118.6,35.9,2.4,1.1,82.0,9.4,2.3,44.0,38.2,0.241,0.328,0.406,0.734,0.13634,0.04001,0.00357,0.03261,0.10819,0.00711,0.00328,0.24714,0.0282,0.00698,0.1326896389357467,0.115136248425171
669357,Nolan Gorman,STL,27,L,3B,projected,Weak Side Platoon,feed:order+depth,MLB,4,331.4,78.5,295.1,56.2,32.3,10.9,0.5,12.5,105.6,33.3,1.1,1.9,111.1,2.3,0.7,35.4,38.6,0.19,0.273,0.358,0.631,0.09738,0.0329,0.00154,0.03765,0.10043,0.00339,0.00573,0.33526,0.00708,0.00203,0.1067931733577947,0.1164216741699801
695336,Thomas Saggese,STL,25,R,SS,projected,Full Time,feed:order+depth,MLB,6,331.2,78.4,304.7,71.9,50.7,13.6,1.1,6.5,107.2,20.9,2.6,3.0,89.9,5.3,1.5,34.3,28.7,0.236,0.288,0.352,0.64,0.15303,0.04105,0.00341,0.01969,0.06325,0.00779,0.00892,0.27136,0.0161,0.00455,0.1037047863048295,0.0866182610303753
694376,Shay Whitcomb,SF,28,R,3B,projected,Full Time,feed:order+depth,MLB,6,331.1,78.4,310.6,69.7,47.0,12.6,0.9,9.2,111.7,18.9,1.0,0.6,85.0,5.2,1.5,30.4,32.8,0.224,0.271,0.36,0.631,0.14194,0.03815,0.00269,0.02789,0.0571,0.00309,0.00193,0.25664,0.01559,0.00443,0.0919172586212241,0.0990792718395376
669707,Jared Triolo,PIT,29,R,SS,projected,Weak Side Platoon,feed:order+depth,MLB,6,330.7,78.3,295.3,65.9,49.7,11.1,1.0,4.1,91.3,30.0,3.5,1.9,77.5,8.7,2.2,35.0,29.1,0.223,0.301,0.309,0.61,0.15039,0.03343,0.00312,0.01229,0.0908,0.01044,0.00567,0.23437,0.02617,0.00673,0.1058209379303646,0.0881259715694813
595777,Jurickson Profar,ATL,34,S,LF,projected,Full Time,feed:record over depth,MLB,2,329.3,78.0,287.1,71.8,46.2,13.6,0.7,11.3,120.7,35.6,4.7,1.9,55.2,4.0,1.1,41.4,34.4,0.25,0.34,0.42,0.76,0.14035,0.04119,0.00218,0.03427,0.10814,0.0143,0.00577,0.1675,0.01224,0.00341,0.1255919341847123,0.1044678770913799
668904,Royce Lewis,MIN,28,R,1B,projected,Weak Side Platoon,feed:order+depth,MLB,5,329.0,77.9,301.4,71.3,44.6,15.6,0.7,10.4,119.5,23.9,1.2,2.5,76.9,6.9,1.8,34.6,41.7,0.237,0.293,0.396,0.689,0.13555,0.04752,0.00213,0.03161,0.07273,0.00357,0.00767,0.23368,0.02091,0.0054,0.1050690593043194,0.1267874684003732
807726,John Peck,DET,24,R,SS,projected,Full Time,feed:order+depth,MLB,6,324.4,76.8,285.2,64.9,39.8,18.3,1.9,4.9,101.7,30.4,5.7,3.1,70.9,9.0,2.5,31.0,33.8,0.228,0.311,0.357,0.668,0.12275,0.05641,0.00589,0.01496,0.09376,0.01752,0.00948,0.21842,0.02775,0.00776,0.0954733516364327,0.1043119768727642
672724,Oswald Peraza,LAA,27,R,2B,projected,Utility IF,feed:depth,MLB,7,324.1,76.8,297.5,64.3,46.6,10.0,0.8,6.9,96.6,19.4,6.4,0.8,92.5,9.1,2.5,29.9,24.8,0.216,0.278,0.325,0.603,0.1437,0.03078,0.00244,0.0213,0.05982,0.01973,0.00255,0.28529,0.02822,0.00759,0.092283121334397,0.0765538929612063
804606,Konnor Griffin,PIT,21,R,SS,projected,Full Time,feed:order+depth+record,MLB,2,321.5,76.1,294.6,71.6,47.7,15.8,1.9,6.2,109.8,20.6,4.4,1.9,77.8,14.0,3.8,35.9,30.3,0.243,0.3,0.373,0.673,0.14826,0.04904,0.0059,0.01927,0.06404,0.01361,0.00594,0.24195,0.04356,0.01176,0.1115771318067966,0.0942600973670931
602104,Ramón Urías,STL,33,R,3B,projected,Utility IF,default,MLB,5,319.8,75.7,289.3,63.5,38.1,14.8,0.9,9.7,109.2,22.8,4.5,3.2,71.5,2.2,0.6,32.4,32.7,0.219,0.284,0.377,0.661,0.11926,0.04629,0.00272,0.03024,0.07132,0.01407,0.01,0.2235,0.00674,0.00193,0.1013526401282678,0.1021175657141416
805795,Aidan Miller,PHI,23,R,,projected,Full Time,feed:prospect,MiLB (MLE),0,319.5,75.7,287.4,68.4,44.2,14.0,1.1,9.1,111.9,26.4,3.5,2.2,72.8,0.0,0.0,37.1,35.4,0.238,0.308,0.389,0.697,0.13834,0.04376,0.0034,0.02843,0.0827,0.01086,0.00689,0.22772,0.0,0.0,0.1161846072924148,0.1108296727206394
686555,Isaac Collins,KC,29,S,LF,projected,Weak Side Platoon,feed:order+depth,MLB,6,318.5,75.4,275.0,61.8,44.4,11.9,1.3,4.2,88.9,37.6,4.0,1.9,73.8,8.8,2.7,32.2,29.5,0.225,0.325,0.323,0.648,0.13937,0.03751,0.00404,0.01304,0.11807,0.01271,0.00605,0.23182,0.02748,0.0084,0.1011908569365344,0.0927047741376979
703520,Brett Bateman,TOR,25,L,CF,projected,Full Time,feed:order+depth,MLB,1,315.7,74.8,281.6,72.8,58.3,11.8,0.9,1.8,91.8,28.9,3.4,1.8,66.2,5.8,1.6,42.5,28.0,0.259,0.333,0.326,0.659,0.18463,0.03747,0.00289,0.00566,0.0915,0.01074,0.00581,0.20956,0.01841,0.00511,0.1347739368668926,0.0887229007129573
671213,Triston Casas,BOS,27,L,1B,projected,Full Time,feed:record over depth,MLB,5,315.1,74.6,274.2,59.9,36.8,9.5,0.1,13.5,110.1,38.7,1.4,0.8,83.7,1.1,0.3,33.6,35.8,0.218,0.317,0.402,0.719,0.11684,0.03029,0.00045,0.04287,0.12283,0.00459,0.00241,0.26571,0.00351,0.001,0.1067555526918392,0.1136246230954445
687462,Spencer Horwitz,PIT,29,L,1B,projected,Strong Side Platoon,feed:order+depth,MLB,3,313.9,74.3,273.7,66.1,45.7,11.8,0.6,8.0,103.1,33.8,4.0,2.4,57.7,0.6,0.2,36.5,35.5,0.242,0.331,0.377,0.708,0.14566,0.03774,0.00179,0.02557,0.10755,0.01269,0.00755,0.18381,0.00194,0.00055,0.1164321034096457,0.1129725727465376
696100,Hunter Goodman,COL,27,R,C,projected,Catcher - Primary,feed:order+depth+record,MLB,4,313.5,74.2,288.3,69.4,36.8,14.8,0.9,16.9,136.7,20.4,2.5,2.3,89.8,3.1,1.0,38.5,45.5,0.241,0.294,0.474,0.768,0.1175,0.04733,0.00289,0.05385,0.06499,0.00812,0.00734,0.28651,0.01001,0.00311,0.122780987185431,0.1449969872245351
694497,Evan Carter,TEX,24,L,CF,projected,Strong Side Platoon,feed:order+depth,MLB,2,312.3,74.0,276.2,59.3,39.0,10.6,2.9,6.8,96.1,30.2,4.5,1.4,76.4,10.8,2.8,38.0,30.5,0.215,0.301,0.348,0.649,0.12483,0.03403,0.00936,0.02178,0.09665,0.01453,0.00448,0.24452,0.03473,0.00909,0.1216906253957813,0.0976075204565075
682622,Noelvi Marte,CIN,25,R,RF,projected,Utility OF / 4th OF,default,MLB,5,310.8,73.6,291.4,65.9,44.1,11.4,0.9,9.5,107.6,15.6,2.4,1.4,79.7,9.6,2.7,33.0,31.6,0.226,0.27,0.369,0.639,0.14205,0.03677,0.00291,0.03045,0.05012,0.00758,0.00441,0.25646,0.03097,0.00883,0.1061640447464789,0.101670786735186
806252,Ralphy Velazquez,CLE,22,L,,projected,Full Time,feed:prospect,MiLB (MLE),5,310.0,73.4,276.8,66.5,41.3,12.4,0.9,11.9,116.4,26.9,3.5,2.8,73.3,4.1,1.2,34.1,32.7,0.24,0.313,0.421,0.734,0.13318,0.04008,0.00285,0.03832,0.08676,0.01139,0.00891,0.23644,0.01331,0.00375,0.1100028836523031,0.1053904820395136
687551,Drew Gilbert,SF,26,L,CF,projected,Strong Side Platoon,feed:order+depth,MLB,3,309.7,73.3,274.1,66.7,45.8,12.2,1.5,7.2,103.5,27.6,5.6,2.4,60.0,5.2,1.6,37.8,33.4,0.243,0.323,0.378,0.701,0.14798,0.03946,0.00486,0.0234,0.089,0.01814,0.00765,0.19365,0.01681,0.00508,0.1219349395202911,0.1077345600582166
624428,Adam Frazier,LAA,35,L,2B,projected,Utility IF,feed:depth,MLB,6,309.5,73.3,282.1,71.6,53.2,14.4,0.8,3.2,97.2,21.3,4.1,2.0,55.6,6.5,2.0,31.7,27.2,0.254,0.313,0.345,0.658,0.17188,0.04648,0.00267,0.01021,0.06867,0.01327,0.0065,0.17958,0.02108,0.00653,0.1024921751419371,0.087995879159044
814430,Brett Callahan,DET,25,L,LF,projected,Strong Side Platoon,feed:order+depth,MLB,6,309.0,73.2,276.7,61.7,35.4,14.7,2.5,9.1,108.7,25.9,3.5,2.9,84.9,4.8,1.3,30.5,33.2,0.223,0.295,0.393,0.688,0.11457,0.0475,0.00803,0.02952,0.08372,0.01145,0.00947,0.27483,0.01551,0.00435,0.0985815508890716,0.1074303005529361
643376,Danny Jansen,TEX,32,R,C,projected,Catcher - Primary,feed:order+depth,MLB,5,308.4,73.0,270.0,57.8,32.1,12.9,0.3,12.5,108.8,30.6,5.7,2.1,69.3,1.4,0.4,31.4,33.4,0.214,0.305,0.403,0.708,0.10417,0.04191,0.00103,0.04046,0.09921,0.01845,0.0068,0.22483,0.0045,0.00128,0.1017396137004673,0.1082205766538706
578428,Jose Iglesias,SD,37,R,2B,projected,Utility IF,default,MLB,6,308.1,73.0,283.7,73.6,59.8,10.1,0.8,2.9,94.0,16.7,6.0,1.7,47.9,5.0,1.4,31.8,30.5,0.259,0.313,0.331,0.644,0.19422,0.03267,0.00271,0.00928,0.05428,0.01961,0.00542,0.15552,0.01632,0.0047,0.1032095672621191,0.0989599392608884
664702,Myles Straw,TOR,32,R,CF,projected,Weak Side Platoon,feed:order+depth,MLB,1,308.0,72.9,280.4,68.6,51.3,12.8,1.1,3.4,93.8,24.2,1.0,2.4,51.4,10.0,2.6,38.2,23.6,0.245,0.305,0.335,0.64,0.16667,0.04165,0.00362,0.01102,0.0785,0.00313,0.00779,0.16692,0.03257,0.00855,0.1241747329398243,0.0766207512800118
663494,Bryan Torres,STL,29,L,LF,projected,Strong Side Platoon,feed:order+depth,MLB,6,307.3,72.8,273.9,61.2,45.8,7.9,1.2,6.3,90.4,27.4,3.2,2.8,66.8,4.3,1.2,30.0,30.6,0.223,0.299,0.33,0.629,0.14902,0.02559,0.00394,0.0205,0.08909,0.01042,0.00927,0.21739,0.014,0.00391,0.0977479283048379,0.0996028728505817
686765,Nick Sogard,BOS,29,S,2B,projected,Full Time,feed:order+depth,MLB,6,303.8,72.0,271.9,66.1,45.5,14.2,1.4,5.0,98.1,27.4,2.6,1.9,68.7,4.5,1.3,34.2,26.2,0.243,0.316,0.361,0.677,0.14971,0.04686,0.0045,0.01656,0.09006,0.00866,0.00634,0.22617,0.01486,0.00423,0.1126947489360045,0.0861183455403963
701527,Mike Sirota,LAD,24,R,,projected,Full Time,feed:prospect,MiLB (MLE),0,302.8,71.7,272.3,64.5,41.9,13.0,1.0,8.6,105.3,25.1,3.3,2.1,69.0,0.0,0.0,38.2,36.4,0.237,0.307,0.387,0.694,0.13847,0.04304,0.00338,0.02825,0.08292,0.01087,0.00693,0.22802,0.0,0.0,0.126104911263755,0.1202927510754662
668901,Mark Vientos,NYM,27,R,1B,projected,Everyday DH / 1B-DH,feed:depth,MLB,5,302.2,71.6,277.9,63.8,38.7,11.5,0.5,13.1,115.6,18.8,2.8,2.7,81.3,0.9,0.2,30.9,38.8,0.23,0.283,0.416,0.699,0.12818,0.03789,0.00162,0.04321,0.06237,0.00919,0.00906,0.26892,0.00293,0.00082,0.102388481518203,0.1282975083199253
694374,Tim Tawa,ARI,28,R,1B,projected,Full Time,feed:depth,MLB,5,301.3,71.4,273.1,63.1,41.1,11.8,0.9,9.3,104.6,24.0,0.8,3.4,76.7,7.9,2.3,35.6,32.1,0.231,0.292,0.383,0.675,0.13645,0.03923,0.00307,0.03078,0.0798,0.00279,0.01123,0.25463,0.02628,0.00761,0.1180221152748602,0.1066819120278096
641680,Jonah Heim,OAK,32,S,C,projected,Catcher - Primary,feed:order+depth,MLB,5,301.2,71.3,276.8,61.4,41.9,11.3,0.3,7.9,97.0,21.4,1.2,1.8,59.1,1.0,0.3,29.0,35.0,0.222,0.279,0.35,0.629,0.13922,0.03763,0.00105,0.02613,0.07103,0.00408,0.00606,0.19619,0.00343,0.00095,0.0962607826741673,0.1163230102581398
690993,Colt Keith,DET,25,L,3B,projected,Bench Bat,feed:order+depth,MLB,6,300.7,71.2,273.4,69.4,47.2,12.3,2.2,7.7,109.2,23.8,1.9,1.6,63.4,3.4,0.9,34.7,29.3,0.254,0.316,0.399,0.715,0.15704,0.04105,0.00717,0.02546,0.07929,0.00627,0.00547,0.21073,0.01122,0.00306,0.1154994692967576,0.0973159974474434
656716,Zach McKinstry,DET,32,L,RF,projected,Bench Bat,feed:order+depth,MLB,6,300.7,71.2,269.9,62.5,44.3,11.8,2.5,3.9,91.0,26.0,3.0,1.8,63.6,9.2,2.6,34.1,23.9,0.232,0.304,0.337,0.641,0.14746,0.03909,0.00821,0.01309,0.08648,0.00991,0.006,0.21136,0.03073,0.00873,0.1135150815002845,0.0795071294168511
668885,Austin Martin,MIN,28,R,RF,projected,Weak Side Platoon,feed:order+depth,MLB,1,296.0,70.1,259.6,64.3,48.0,12.6,0.7,3.0,87.3,31.3,3.9,1.2,57.4,11.8,3.7,36.0,20.7,0.248,0.336,0.336,0.672,0.16227,0.04272,0.00245,0.00997,0.1057,0.01316,0.00396,0.1939,0.03998,0.01244,0.1215530315537206,0.07003936721391
683748,Victor Mesa Jr.,TB,25,L,RF,projected,Strong Side Platoon,feed:order+depth,MLB,3,294.6,69.8,266.0,64.5,38.7,12.1,1.6,12.1,116.1,26.0,1.4,1.2,61.0,8.0,2.3,36.8,34.2,0.242,0.312,0.436,0.748,0.13122,0.04097,0.00527,0.04109,0.08826,0.00483,0.00399,0.20709,0.02701,0.00782,0.124889968978247,0.1160263071649414
806198,Cooper Pratt,MIL,22,R,SS,projected,Full Time,feed:order+depth,MLB,5,293.1,69.4,257.5,64.4,51.6,8.1,1.8,2.9,84.8,26.9,2.4,6.3,58.0,13.5,3.6,32.9,32.7,0.25,0.32,0.329,0.649,0.17621,0.02778,0.0063,0.01005,0.09165,0.00811,0.02134,0.19788,0.0459,0.01241,0.112121510195629,0.1115453144930544
800325,Luis Lara,MIL,22,S,RF,projected,Full Time,feed:order+depth,MLB,5,293.1,69.4,264.5,65.7,47.7,14.0,2.1,1.9,89.6,24.3,1.8,2.5,65.6,5.9,1.7,32.3,32.1,0.248,0.313,0.339,0.652,0.16282,0.04779,0.00702,0.00664,0.08284,0.00628,0.00854,0.22383,0.02,0.00576,0.1101562712814907,0.1095080511160943
669236,Jeremiah Jackson,BAL,27,R,2B,projected,Full Time,feed:order+depth,MLB,4,292.6,69.3,273.5,61.6,40.1,12.2,0.8,8.5,100.9,14.8,2.5,1.8,72.6,3.5,1.1,31.1,37.7,0.225,0.27,0.369,0.639,0.13705,0.04176,0.00274,0.02895,0.0505,0.00851,0.00623,0.24818,0.01206,0.0036,0.1064184567851576,0.1288635882483414
675961,Alika Williams,OAK,28,R,SS,projected,Full Time,feed:order+depth,MLB,2,292.3,69.2,272.5,62.6,43.1,15.8,0.7,3.0,88.8,16.2,2.7,0.9,69.6,3.8,1.1,33.8,23.8,0.23,0.279,0.326,0.605,0.14744,0.05391,0.00247,0.01018,0.05543,0.00912,0.00292,0.2382,0.01289,0.00365,0.1157044831023933,0.0814061546918028
691181,Emmanuel Rodriguez,MIN,24,L,LF,projected,Full Time,feed:order+depth,MLB,5,291.0,68.9,265.6,61.0,32.6,13.6,2.1,12.7,116.9,22.2,2.0,1.2,75.7,4.9,1.4,30.5,31.3,0.23,0.293,0.44,0.733,0.1121,0.04681,0.00729,0.04361,0.07633,0.00676,0.00421,0.26015,0.01668,0.00479,0.1048188472179593,0.1075411547175569
657041,Lane Thomas,ATL,31,R,CF,projected,Weak Side Platoon,feed:order+depth,MLB,3,290.7,68.9,261.4,59.8,37.5,13.6,1.0,7.7,98.5,23.6,3.1,2.6,75.6,9.8,3.0,35.6,33.3,0.229,0.298,0.377,0.675,0.12896,0.04695,0.00332,0.02649,0.0811,0.01064,0.00893,0.25994,0.03387,0.01019,0.1224948366761428,0.1145205822936136
667472,Dane Myers,CIN,31,R,CF,projected,Weak Side Platoon,feed:order+depth,MLB,5,285.8,67.7,257.1,62.0,45.1,10.5,1.1,5.3,90.6,24.0,2.7,2.0,72.1,9.4,2.5,31.4,28.5,0.241,0.31,0.352,0.662,0.1578,0.03657,0.00388,0.01853,0.08386,0.0093,0.00691,0.25216,0.0328,0.00886,0.1100222812829424,0.0996213992482366
683766,Christian Koss,SF,29,R,SS,projected,Full Time,feed:order+depth,MLB,2,285.5,67.6,266.0,61.8,46.3,8.7,1.3,5.5,89.6,14.8,3.3,1.4,71.8,5.9,1.6,33.4,25.3,0.232,0.28,0.337,0.617,0.16202,0.03044,0.0047,0.01931,0.05181,0.01158,0.00506,0.25147,0.02052,0.00562,0.116979549232454,0.0885026998624265
642715,Willy Adames,SF,31,R,SS,projected,Bench Bat,feed:order+depth,MLB,3,283.6,67.2,253.0,56.6,32.2,12.0,0.9,11.5,104.9,27.2,1.4,2.0,75.5,4.8,1.4,33.5,34.0,0.224,0.3,0.415,0.715,0.11341,0.04217,0.00305,0.04045,0.09594,0.00478,0.00715,0.26622,0.01709,0.0049,0.1180638380862226,0.1199851218446546
572191,Michael A. Taylor,CWS,36,R,CF,projected,Utility OF / 4th OF,default,MLB,5,283.3,67.1,259.8,53.4,31.7,11.8,0.9,9.0,94.0,20.4,1.2,1.9,88.3,6.2,1.7,31.1,28.5,0.206,0.265,0.362,0.627,0.11187,0.04154,0.0032,0.03171,0.07203,0.0043,0.00663,0.31154,0.02205,0.00598,0.1096953438903195,0.1006463203486872
676609,José Caballero,NYY,30,R,SS,projected,Utility IF,feed:depth,MLB,5,281.9,66.8,250.9,53.3,38.7,8.3,0.5,5.8,80.0,22.6,6.0,2.4,73.0,23.6,6.6,35.4,30.4,0.212,0.291,0.319,0.61,0.13713,0.02941,0.00189,0.02046,0.0801,0.02138,0.00851,0.2588,0.08382,0.02335,0.1257029051732113,0.1076718852649989
668939,Adley Rutschman,BOS,29,S,C,projected,Catcher - Primary,feed:order+depth+record,MLB,5,279.6,66.2,246.1,61.2,39.3,13.0,0.8,8.1,100.1,30.0,1.2,2.3,47.2,1.1,0.3,30.8,30.6,0.249,0.33,0.407,0.737,0.14053,0.04651,0.00275,0.02914,0.10714,0.00435,0.00832,0.16864,0.00388,0.00112,0.1100551061608199,0.1092852103513911
691026,Masyn Winn,STL,25,R,SS,projected,Bench Bat,feed:order+depth,MLB,2,279.3,66.1,254.1,63.7,47.8,10.8,0.9,4.2,88.9,20.3,2.4,2.5,56.0,6.0,1.8,31.6,26.2,0.251,0.309,0.35,0.659,0.17105,0.03856,0.00325,0.015,0.0726,0.00851,0.00892,0.2004,0.02161,0.00649,0.1129890706033718,0.0938372462470586
573262,Mike Yastrzemski,ATL,36,L,LF,projected,Strong Side Platoon,feed:order+depth,MLB,2,278.6,66.0,245.6,56.6,35.0,11.9,1.2,8.5,96.4,29.0,2.3,1.7,67.1,2.7,0.8,36.2,29.3,0.23,0.316,0.393,0.709,0.12565,0.04285,0.00426,0.03044,0.10412,0.00822,0.00618,0.24068,0.0096,0.00277,0.1300678059994222,0.105311604651854
650489,Willi Castro,COL,30,S,2B,projected,Bench Bat,feed:order+depth,MLB,2,278.2,65.9,248.6,60.0,39.5,11.7,1.6,7.2,96.5,21.6,6.5,1.5,69.2,8.7,2.7,32.8,23.4,0.241,0.317,0.388,0.705,0.14197,0.0419,0.00578,0.0258,0.07755,0.02329,0.00541,0.24873,0.03125,0.0096,0.1178223087403851,0.0842134881684071
502671,Paul Goldschmidt,NYY,39,R,1B,projected,Utility IF,feed:depth,MLB,3,277.5,65.7,250.0,60.2,38.0,11.8,0.4,10.0,102.8,24.6,1.6,1.3,64.1,2.4,0.6,36.4,33.7,0.241,0.311,0.411,0.722,0.13709,0.04264,0.00147,0.03613,0.08854,0.0058,0.00476,0.23116,0.00876,0.00228,0.1310421877673907,0.1213811497947259
656555,Rhys Hoskins,CLE,34,R,1B,projected,Full Time,feed:record over depth,MLB,5,277.4,65.7,240.3,51.3,26.4,12.1,0.2,12.6,101.6,31.1,3.1,2.9,78.7,1.2,0.3,27.3,32.0,0.213,0.308,0.423,0.731,0.09506,0.04354,0.00063,0.04541,0.1121,0.01106,0.01048,0.28361,0.00422,0.00118,0.0983850352384985,0.1153486378227747
545121,Ildemaro Vargas,ARI,35,S,1B,projected,Utility IF,feed:depth,MLB,5,275.7,65.3,256.8,67.0,50.0,12.4,1.2,3.4,92.0,15.1,1.9,1.9,31.2,3.8,1.1,30.7,34.5,0.261,0.305,0.358,0.663,0.18133,0.04505,0.00423,0.01235,0.05488,0.00705,0.00689,0.11328,0.01374,0.00399,0.1114909982196144,0.1251097423042668
668723,Ryan Vilade,TB,28,R,RF,projected,Weak Side Platoon,feed:order+depth,MLB,5,275.7,65.3,246.6,58.0,40.2,8.6,0.6,8.6,93.6,23.7,2.5,2.9,66.1,4.2,1.2,28.0,34.4,0.235,0.305,0.38,0.685,0.14565,0.03106,0.00212,0.0312,0.08604,0.00893,0.01053,0.23968,0.01526,0.00431,0.1014256158922544,0.1247828258134708
623993,Anthony Santander,TOR,32,S,RF,projected,Full Time,feed:record over depth,MLB,4,273.6,64.8,244.8,55.0,35.2,9.7,0.4,9.7,94.6,23.7,3.3,1.8,60.1,1.4,0.4,29.6,33.0,0.225,0.3,0.386,0.686,0.1285,0.03555,0.00164,0.03528,0.08678,0.0119,0.00669,0.21976,0.00497,0.00141,0.1082317227696372,0.1206089210533315
663743,Nick Fortes,TB,30,R,C,projected,Weak Side Platoon,feed:order+depth,MLB,6,272.9,64.6,252.1,58.7,43.1,10.8,0.4,4.4,83.5,13.6,5.5,1.7,46.2,2.4,0.7,28.4,26.1,0.233,0.285,0.331,0.616,0.15777,0.03965,0.00154,0.01613,0.04972,0.02002,0.00605,0.16917,0.00892,0.0026,0.1042113381764362,0.0957178072959939
643446,Jeff McNeil,OAK,35,L,2B,projected,Strong Side Platoon,feed:order+depth,MLB,6,271.3,64.3,245.0,63.9,46.3,12.2,0.7,4.7,91.6,19.5,4.9,1.9,33.8,2.9,0.8,28.1,26.8,0.261,0.325,0.374,0.699,0.17051,0.04479,0.0025,0.01722,0.07201,0.01817,0.00691,0.12469,0.01063,0.00281,0.1035234886319654,0.0987049625638109
621438,Tyrone Taylor,CHC,33,R,LF,projected,Utility OF / 4th OF,feed:depth,MLB,5,271.0,64.2,251.0,62.2,37.7,15.8,1.1,7.6,103.0,14.2,4.3,1.5,60.8,6.8,1.9,33.5,30.9,0.248,0.298,0.41,0.708,0.13908,0.05844,0.00422,0.02788,0.05251,0.01572,0.00563,0.22448,0.02523,0.0069,0.1237755914332555,0.114193311142844
807799,Masataka Yoshida,BOS,33,L,LF,projected,Full Time,feed:record over depth,MLB,5,270.1,64.0,245.2,65.0,47.1,12.8,0.6,4.5,92.5,18.4,4.6,1.9,36.9,2.4,0.6,28.4,30.1,0.265,0.326,0.377,0.703,0.17446,0.0473,0.00209,0.0168,0.06804,0.01709,0.00714,0.1368,0.0088,0.00234,0.1053257461886142,0.1112849397265309
683011,Anthony Volpe,NYY,26,R,SS,projected,Utility IF,feed:depth,MLB,6,268.4,63.6,245.0,54.8,37.7,10.5,1.2,5.4,83.9,20.2,1.6,1.6,67.0,10.5,3.0,30.1,28.2,0.224,0.285,0.342,0.627,0.14032,0.03905,0.00449,0.02005,0.07516,0.00607,0.00598,0.2497,0.039,0.01121,0.112321875229192,0.1051991847193338
665926,Andrés Giménez,TOR,28,L,SS,projected,Strong Side Platoon,feed:order+depth,MLB,6,266.7,63.2,243.4,58.0,42.4,9.9,1.0,4.7,84.0,13.2,8.2,1.9,49.3,10.0,2.5,27.0,28.3,0.238,0.298,0.345,0.643,0.1589,0.03723,0.0037,0.01758,0.04941,0.03082,0.00727,0.18495,0.0376,0.00944,0.1014242637136054,0.1059527465777189
699013,Esmerlyn Valdez,PIT,23,R,RF,projected,Bench Bat,feed:order+depth,MLB,4,266.3,63.1,229.2,46.5,19.8,10.7,0.7,15.3,104.5,33.3,1.3,2.5,90.1,2.5,0.7,31.3,33.9,0.203,0.305,0.456,0.761,0.0745,0.04022,0.00258,0.05764,0.12517,0.00499,0.00943,0.3382,0.00953,0.00274,0.1175949708594299,0.1273824385617805
665923,Esteury Ruiz,MIA,28,R,RF,projected,Weak Side Platoon,feed:order+depth,MLB,2,264.5,62.6,236.9,51.3,27.7,12.1,1.0,10.5,96.9,18.1,8.3,1.2,68.6,22.3,6.1,31.8,24.8,0.217,0.294,0.409,0.703,0.10459,0.0458,0.00361,0.03965,0.06825,0.03126,0.00465,0.25945,0.08421,0.02296,0.1201021136537658,0.0939099346201134
680977,Brendan Donovan,SEA,30,L,3B,projected,Bench Bat,feed:order+depth,MLB,5,264.1,62.6,234.0,64.1,44.8,13.4,0.7,5.2,94.5,22.8,5.7,1.6,38.1,2.6,0.8,29.9,26.7,0.274,0.351,0.404,0.755,0.16954,0.05071,0.0027,0.01956,0.08635,0.02156,0.00591,0.14442,0.00984,0.00308,0.1131527721126032,0.1011541424721974
699024,Leo Bernal,STL,23,S,C,projected,Catcher - Primary,feed:order+depth,MLB,4,261.8,62.0,240.1,59.6,37.9,10.5,0.6,10.6,103.1,19.7,1.2,0.8,62.3,3.5,1.0,28.6,34.2,0.248,0.307,0.429,0.736,0.14483,0.03997,0.00233,0.04045,0.07537,0.00476,0.00296,0.2381,0.01328,0.00382,0.1091548811041798,0.1308118367542295
666152,David Hamilton,MIL,29,L,3B,projected,Bench Bat,feed:order+depth,MLB,1,261.3,61.9,239.9,55.5,40.3,9.5,1.8,3.9,80.3,20.1,1.2,0.1,62.5,19.9,5.2,31.2,20.8,0.231,0.294,0.335,0.629,0.15423,0.03634,0.00702,0.0148,0.0768,0.00465,0.00053,0.23914,0.07604,0.0199,0.1193445348957604,0.079545874582216
657077,Alex Verdugo,ATL,31,L,LF,projected,Full Time,feed:record over depth,MLB,6,260.2,61.6,237.5,59.6,42.4,13.1,0.7,3.4,84.3,18.7,1.5,2.5,40.6,1.8,0.5,29.2,23.7,0.251,0.307,0.355,0.662,0.16299,0.05025,0.00256,0.01311,0.07189,0.00579,0.00976,0.15611,0.00706,0.00208,0.1121951868220631,0.0909785254842885
657757,Gavin Sheets,SD,31,L,1B,projected,Bench Bat,feed:order+depth,MLB,5,259.6,61.5,233.2,56.4,35.2,11.8,0.8,8.6,95.6,22.5,2.1,1.8,54.1,1.6,0.5,25.9,32.0,0.242,0.312,0.41,0.722,0.1355,0.04534,0.0032,0.03296,0.08678,0.00796,0.00703,0.20826,0.00619,0.00175,0.0997554857350524,0.1231586503674229
669289,Santiago Espinal,LAD,32,R,3B,projected,Utility IF,default,MLB,7,259.4,61.4,239.5,57.9,47.0,8.9,0.5,1.5,72.3,16.7,1.4,1.8,37.6,3.9,1.1,26.3,26.2,0.242,0.293,0.302,0.595,0.18126,0.03433,0.0018,0.00573,0.06457,0.00537,0.00704,0.14498,0.01516,0.00438,0.1014841098519444,0.1010044114103006
807713,Matt Shaw,CHC,25,R,RF,projected,Utility IF,feed:depth,MLB,6,259.0,61.3,231.4,55.2,36.0,11.5,1.3,6.4,88.5,23.2,2.1,2.3,54.1,8.4,2.4,30.9,26.9,0.239,0.311,0.382,0.693,0.13911,0.04455,0.0051,0.02461,0.08945,0.00794,0.0089,0.20872,0.03242,0.00931,0.1193439209294034,0.1038920915697252
687859,Troy Johnston,COL,30,L,RF,projected,Bench Bat,feed:order+depth,MLB,6,258.8,61.3,232.1,61.8,45.5,11.6,0.7,4.0,86.8,20.3,4.2,2.2,51.9,4.5,1.4,23.0,25.5,0.266,0.333,0.374,0.707,0.17568,0.04464,0.00274,0.01539,0.07849,0.01623,0.00835,0.20054,0.01754,0.00542,0.0890414293286496,0.0986506197617047
500743,Miguel Rojas,LAD,38,R,2B,projected,Utility IF,feed:depth,MLB,9,258.5,61.2,237.4,61.3,45.5,11.3,0.3,4.2,85.8,16.6,2.2,2.3,33.5,4.2,1.2,26.6,23.3,0.258,0.31,0.361,0.671,0.17595,0.04386,0.00131,0.01627,0.06435,0.00855,0.00896,0.12964,0.0164,0.00463,0.1028004916220367,0.0900494376964818
647351,Abraham Toro,BOS,30,S,1B,projected,Utility IF,default,MLB,6,258.3,61.2,237.6,59.3,41.8,10.6,1.1,5.8,89.5,15.1,3.4,2.2,46.4,3.4,1.0,26.9,23.4,0.25,0.301,0.377,0.678,0.16183,0.04112,0.00422,0.0223,0.05853,0.0131,0.00848,0.17948,0.0132,0.00377,0.1041159099166546,0.090777714984472
666149,Tyler Fitzgerald,SF,29,R,2B,projected,Utility IF,default,MLB,2,255.3,60.5,234.5,51.7,32.9,10.5,1.2,7.1,85.9,17.5,2.4,0.9,74.8,9.1,2.6,28.3,22.3,0.22,0.28,0.366,0.646,0.12882,0.04122,0.00481,0.02775,0.06845,0.00954,0.00356,0.29286,0.03565,0.01011,0.1109493813965831,0.087313786645575
643565,Mike Tauchman,CWS,36,L,RF,projected,Full Time,feed:record over depth,MLB,2,251.7,59.6,217.6,51.4,38.0,8.2,0.4,4.8,74.8,30.4,2.6,1.1,55.3,2.5,0.7,30.9,24.6,0.236,0.335,0.344,0.679,0.15098,0.03272,0.0017,0.01918,0.1207,0.01027,0.00446,0.21955,0.0098,0.00274,0.1227971747841084,0.097758334111996
516782,Starling Marte,KC,38,R,RF,projected,Weak Side Platoon,default,MLB,6,249.1,59.0,227.8,54.9,40.1,9.0,0.4,5.4,80.9,15.0,5.1,1.2,53.9,7.6,2.1,27.4,23.8,0.241,0.301,0.355,0.656,0.16114,0.03613,0.00154,0.02187,0.06027,0.02046,0.00466,0.21639,0.03031,0.00845,0.1098843992682878,0.0957079978523036
683953,Travis Bazzana,CLE,24,L,2B,projected,Strong Side Platoon,feed:order+depth,MLB,5,246.0,58.3,215.6,48.3,31.6,9.4,1.5,5.8,78.1,25.0,3.2,2.2,52.8,7.8,2.2,26.7,26.7,0.224,0.311,0.362,0.673,0.12835,0.03801,0.00626,0.02344,0.10159,0.01281,0.00909,0.21462,0.03188,0.00909,0.1086712697975647,0.108555477288457
814439,Ryan Waldschmidt,ARI,24,R,CF,projected,Utility OF / 4th OF,feed:depth,MLB,6,243.8,57.7,218.8,50.0,33.9,10.6,1.7,3.8,75.4,18.9,3.8,2.3,68.9,5.5,1.6,27.3,23.0,0.229,0.298,0.345,0.643,0.13906,0.04345,0.00681,0.01561,0.07762,0.01565,0.00952,0.28255,0.02275,0.00642,0.1117745033007906,0.0941551875150953
680777,Ryan Jeffers,MIN,30,R,C,projected,Catcher - Primary,feed:order+depth+record,MLB,4,241.0,57.1,212.0,49.7,31.0,11.0,0.3,7.4,83.5,23.4,4.2,1.4,52.1,1.4,0.4,27.6,29.1,0.234,0.321,0.394,0.715,0.12872,0.04585,0.00137,0.03083,0.09727,0.01734,0.00579,0.21621,0.00564,0.0016,0.1146471779701828,0.1207623613608228
666185,Dylan Carlson,BAL,28,S,LF,projected,Utility OF / 4th OF,default,MLB,7,240.7,57.0,213.9,45.9,32.1,7.9,0.7,5.2,70.8,21.0,3.8,2.0,54.9,3.4,1.0,23.0,23.0,0.215,0.294,0.331,0.625,0.13329,0.03296,0.00311,0.02172,0.08742,0.0159,0.00846,0.22812,0.0143,0.00417,0.0956781499211722,0.0957585263991066
828599,Lucas Spence,HOU,24,L,CF,projected,Full Time,feed:order+depth,MLB,4,240.2,56.9,214.2,48.1,25.6,7.7,1.2,13.6,99.0,22.0,3.1,0.9,65.5,4.6,1.3,29.8,31.3,0.225,0.305,0.462,0.767,0.10673,0.03226,0.00508,0.05662,0.09162,0.01281,0.00377,0.27249,0.01905,0.00558,0.1241007213025415,0.130193926668836
692225,Kristian Campbell,BOS,25,R,2B,projected,Utility IF,default,MLB,7,239.2,56.6,211.1,47.6,33.7,8.3,0.6,5.0,72.1,23.7,3.3,1.1,62.6,3.4,1.0,23.4,21.6,0.225,0.312,0.342,0.654,0.14081,0.03453,0.00271,0.02109,0.09903,0.01381,0.00442,0.26164,0.01439,0.00408,0.0977967650912128,0.0904277623438226
624641,Edmundo Sosa,PHI,31,R,LF,projected,Full Time,feed:order+depth,MLB,4,238.8,56.5,222.4,57.1,36.4,12.2,1.2,7.3,93.6,9.2,5.6,1.6,56.2,4.3,1.2,28.1,29.9,0.257,0.301,0.421,0.722,0.15249,0.05105,0.00523,0.03052,0.03862,0.02348,0.00688,0.23551,0.0179,0.00495,0.117541327759736,0.1252088540371724
680779,Henry Davis,PIT,27,R,C,projected,Weak Side Platoon,feed:order+depth,MLB,6,237.7,56.3,211.5,43.7,25.2,11.0,0.6,6.9,76.6,20.1,4.2,1.9,61.6,3.2,1.0,24.1,23.0,0.207,0.286,0.362,0.648,0.1059,0.0463,0.00244,0.02883,0.08452,0.01761,0.00804,0.25919,0.01357,0.00405,0.1011888492553908,0.0969056208153522
553869,Elias Díaz,TEX,36,R,C,projected,Weak Side Platoon,feed:order+depth,MLB,5,237.3,56.2,219.6,48.7,33.0,9.2,0.1,6.4,77.3,14.4,1.6,1.7,55.2,0.3,0.1,21.3,27.8,0.222,0.273,0.352,0.625,0.13909,0.03878,0.00043,0.02703,0.06066,0.00671,0.00712,0.23254,0.00127,0.00036,0.0895638401045765,0.1171750432196675
679845,Nick Loftin,KC,28,R,3B,projected,Bench Bat,feed:order+depth,MLB,6,236.1,55.9,209.8,48.8,31.6,11.6,0.9,4.7,76.3,21.0,2.9,2.4,40.8,2.9,0.8,24.0,25.0,0.233,0.308,0.364,0.672,0.13377,0.04923,0.00365,0.0199,0.089,0.01236,0.01001,0.17299,0.01242,0.0035,0.101783598459154,0.105764845686082
804668,Rafael Flores Jr.,PIT,26,R,C,projected,Catcher - Primary,feed:order+depth,MLB,5,234.8,55.6,212.8,49.6,23.5,10.3,0.3,15.5,107.0,20.7,0.8,0.5,62.7,2.0,0.6,24.2,27.7,0.233,0.303,0.503,0.806,0.09991,0.04396,0.00111,0.06619,0.08814,0.00333,0.00207,0.26686,0.00857,0.00242,0.1030688182992086,0.1181182612118328
596142,Gary Sánchez,MIL,34,R,C,projected,Weak Side Platoon,feed:order+depth,MLB,4,234.6,55.6,205.2,44.8,25.3,9.9,0.1,9.5,83.4,23.7,3.8,1.9,60.5,0.5,0.1,25.8,32.1,0.218,0.308,0.406,0.714,0.10778,0.04237,0.00031,0.0407,0.10086,0.01634,0.00831,0.25774,0.0021,0.00059,0.1099299086840507,0.1368464793614634
669242,Tommy Edman,LAD,32,S,2B,projected,Full Time,feed:depth,MLB,2,233.6,55.3,213.3,52.8,35.6,10.7,1.2,5.3,81.8,15.1,3.7,1.5,43.0,7.1,1.8,31.2,25.9,0.248,0.307,0.383,0.69,0.15222,0.04584,0.00516,0.02283,0.06477,0.01564,0.00631,0.18428,0.03021,0.00781,0.1337354632192052,0.1109776766854065
672356,Gabriel Arias,CHC,27,R,3B,projected,Utility IF,feed:depth,MLB,6,232.9,55.2,214.9,45.2,29.9,8.4,0.5,6.4,73.8,14.7,1.9,1.4,78.7,4.5,1.3,25.8,25.7,0.21,0.265,0.343,0.608,0.12819,0.03598,0.00194,0.02763,0.06328,0.00832,0.00582,0.33775,0.01918,0.00565,0.1107381104110271,0.1101479363729838
642215,Weston Wilson,SEA,32,R,3B,projected,Full Time,feed:order+depth,MLB,2,232.1,55.0,207.8,45.5,30.6,8.0,0.5,6.4,73.7,21.9,1.7,0.7,66.1,6.3,1.8,28.0,23.3,0.219,0.298,0.355,0.653,0.1318,0.03441,0.0022,0.02776,0.09457,0.00741,0.00298,0.28484,0.02718,0.00773,0.1204858230335507,0.1002450040065214
669397,Nick Allen,HOU,28,R,SS,projected,Bench Bat,feed:order+depth,MLB,9,231.0,54.7,213.7,47.8,40.0,6.3,0.3,1.2,58.3,14.7,1.1,1.5,48.5,4.1,1.2,24.9,17.5,0.224,0.275,0.273,0.548,0.17321,0.02748,0.0015,0.0054,0.06347,0.00471,0.00658,0.20984,0.01766,0.00532,0.1076501119602642,0.0758253943953123
665953,Andrés Chaparro,WSH,28,R,1B,projected,Weak Side Platoon,feed:order+depth,MLB,4,229.8,54.4,204.6,46.7,26.4,10.6,0.2,9.5,86.2,19.8,4.7,0.7,53.8,1.6,0.5,25.6,27.3,0.228,0.31,0.421,0.731,0.11485,0.04602,0.00086,0.04136,0.08595,0.02056,0.00296,0.23409,0.0071,0.00202,0.1114990152410737,0.1187524298636872
702222,Justin Crawford,PHI,23,L,CF,projected,Strong Side Platoon,feed:order+depth,MLB,6,228.0,54.0,210.4,53.7,42.4,8.0,1.7,1.6,69.9,14.1,1.6,1.9,43.3,7.6,2.1,24.8,22.1,0.255,0.304,0.332,0.636,0.18591,0.03487,0.00761,0.0072,0.06198,0.00692,0.00816,0.18984,0.03354,0.00932,0.1086301410539218,0.0968821751891633
679822,Justin Foscue,TEX,28,R,2B,projected,Weak Side Platoon,feed:order+depth,MLB,5,226.0,53.5,206.8,46.8,26.7,11.5,0.6,8.0,83.5,15.5,2.8,0.9,59.2,1.8,0.5,23.6,26.1,0.226,0.288,0.404,0.692,0.11819,0.05077,0.00259,0.03525,0.06858,0.01245,0.00399,0.26206,0.0081,0.00228,0.1045966062450149,0.1153247091220242
666624,Christopher Morel,NYM,28,R,1B,projected,Utility IF,feed:depth,MLB,5,225.1,53.3,202.7,42.8,24.8,10.4,0.4,7.2,75.6,19.2,2.1,1.1,68.7,4.3,1.3,26.4,26.3,0.211,0.285,0.373,0.658,0.11035,0.04632,0.0018,0.03212,0.08527,0.00934,0.00476,0.30539,0.01917,0.00592,0.1174223710668749,0.1166841925344021
669743,Alex Call,LAD,32,R,LF,projected,Utility OF / 4th OF,feed:depth,MLB,2,224.6,53.2,194.4,45.6,33.9,8.0,0.6,3.1,64.1,24.6,4.1,1.5,42.3,4.6,1.4,28.7,24.0,0.235,0.331,0.33,0.661,0.151,0.03563,0.0027,0.01361,0.10952,0.0181,0.00653,0.18845,0.02049,0.00633,0.1275774739218244,0.1068054158208767
694673,Abimelec Ortiz,WSH,25,L,1B,projected,Strong Side Platoon,feed:order+depth,MLB,6,224.5,53.2,207.4,44.9,27.4,11.9,0.3,5.3,73.3,14.6,0.9,1.6,56.2,2.1,0.6,24.2,22.5,0.216,0.269,0.353,0.622,0.12203,0.05285,0.00137,0.02374,0.06523,0.00401,0.00701,0.25033,0.00952,0.00268,0.1077537234945199,0.1002137298200592
699393,Pedro Ramírez,CHC,23,S,2B,projected,Utility IF,feed:depth,MLB,5,224.3,53.1,203.8,49.2,35.0,9.7,1.1,3.4,71.3,17.1,1.8,1.6,44.9,5.7,1.6,27.1,25.0,0.241,0.304,0.35,0.654,0.1562,0.04314,0.00504,0.01498,0.07631,0.0081,0.00721,0.2004,0.02556,0.007,0.1209749473618139,0.1114999714419557
669134,Luis Campusano,SD,28,R,C,projected,Everyday DH / 1B-DH,feed:order+depth,MLB,5,222.7,52.8,200.9,48.9,33.3,9.3,0.3,6.0,76.8,19.0,1.9,0.9,42.2,0.8,0.2,24.2,26.5,0.243,0.313,0.382,0.695,0.14975,0.0417,0.00114,0.02714,0.08526,0.00871,0.00395,0.18968,0.00367,0.00104,0.1085769884105931,0.1190802159112654
664238,Dylan Moore,TEX,34,R,CF,projected,Weak Side Platoon,default,MLB,2,222.4,52.7,191.5,38.5,21.2,10.6,0.5,6.2,68.7,23.3,5.9,1.7,67.2,12.2,3.5,27.3,21.7,0.201,0.304,0.359,0.663,0.09551,0.04775,0.00229,0.02768,0.1048,0.02653,0.00777,0.30236,0.05476,0.01554,0.1226972838426857,0.0977609160293691
690976,Alex Freeland,LAD,25,S,2B,projected,Utility IF,default,MLB,7,222.3,52.6,196.0,40.8,29.8,6.1,0.6,4.3,61.0,23.7,1.4,1.2,62.9,3.0,0.8,26.2,20.4,0.208,0.296,0.311,0.607,0.13417,0.02738,0.00253,0.0195,0.10672,0.00628,0.00558,0.28276,0.01353,0.00372,0.117871947311822,0.0919793872407696
624431,Jose Trevino,CIN,34,R,C,projected,Weak Side Platoon,feed:order+depth,MLB,6,221.2,52.4,207.5,48.3,35.8,7.4,0.1,5.0,70.9,11.2,1.1,1.4,37.5,0.8,0.2,20.6,21.1,0.233,0.274,0.342,0.616,0.16186,0.03347,0.00045,0.02252,0.05041,0.00516,0.00646,0.16972,0.00348,0.001,0.0930883752874917,0.0953398150618868
502054,Tommy Pham,CWS,39,R,LF,projected,Utility OF / 4th OF,feed:depth,MLB,5,220.9,52.3,197.4,46.1,33.1,8.4,0.5,4.1,67.8,20.3,1.4,1.8,52.1,4.5,1.3,24.2,23.4,0.234,0.307,0.343,0.65,0.1499,0.03784,0.00241,0.01858,0.09171,0.00627,0.00799,0.23563,0.0202,0.00574,0.1095894510616408,0.1058928286786761
681297,Colton Cowser,BAL,27,L,CF,projected,Strong Side Platoon,feed:order+depth,MLB,5,220.2,52.2,195.6,42.0,24.1,8.9,1.0,8.0,76.9,21.1,2.4,1.1,69.7,5.1,1.4,24.7,23.2,0.215,0.297,0.393,0.69,0.10964,0.0404,0.00445,0.03645,0.09567,0.0111,0.00501,0.31659,0.02321,0.0064,0.1123261279133367,0.1052931860940759
622761,Jorge Mateo,TB,32,R,SS,projected,Weak Side Platoon,feed:order+depth,MLB,1,219.2,51.9,204.5,46.0,33.0,7.2,0.9,4.9,69.7,12.0,1.3,1.4,60.0,16.9,4.3,28.7,18.5,0.225,0.271,0.341,0.612,0.15043,0.03292,0.0042,0.02256,0.05482,0.00583,0.00631,0.27364,0.07724,0.01961,0.1308802459180085,0.0844482944190767
701785,Kaelen Culpepper,MIN,24,R,SS,projected,Full Time,feed:order+depth,MLB,5,218.2,51.7,197.8,45.8,33.7,8.2,0.4,3.5,65.3,13.8,5.0,1.6,49.2,3.2,0.9,24.7,21.7,0.232,0.296,0.33,0.626,0.15453,0.03769,0.00182,0.01596,0.06346,0.02278,0.00729,0.22552,0.01452,0.00407,0.1130958630347504,0.0995443764374891
703448,Cam Cannarella,MIA,24,L,,projected,Bench Bat,feed:prospect,MiLB (MLE),5,213.8,50.6,190.3,45.6,29.7,10.7,0.5,4.7,71.4,19.3,2.4,1.8,51.2,4.4,1.3,23.2,22.2,0.24,0.315,0.375,0.69,0.13887,0.04995,0.00213,0.02217,0.09041,0.01129,0.00852,0.2393,0.02078,0.00586,0.1083028077561248,0.1037616900274031
676914,Davis Schneider,TOR,28,R,LF,projected,Bench Bat,feed:order+depth,MLB,3,211.9,50.2,180.6,35.1,17.6,8.0,0.3,9.2,71.3,27.3,2.5,1.5,63.5,2.3,0.6,25.7,23.3,0.194,0.306,0.395,0.701,0.08314,0.0377,0.00153,0.04362,0.12893,0.01179,0.00696,0.29963,0.01101,0.00302,0.121149195581588,0.1100588329924683
806146,George Lombard Jr.,NYY,22,R,SS,projected,Full Time,feed:depth+record,MLB,3,210.6,49.9,192.4,45.7,32.7,5.6,0.5,6.9,73.0,14.5,1.6,2.1,53.2,4.0,1.1,27.9,26.7,0.238,0.293,0.379,0.672,0.15544,0.0265,0.00261,0.0328,0.06867,0.00745,0.01012,0.25269,0.01903,0.00541,0.1322566557345093,0.126611020860336
694378,Jacob Gonzalez,PIT,25,L,1B,projected,Bench Bat,feed:order+depth,MLB,5,210.6,49.9,193.3,46.5,30.2,10.1,0.6,5.6,74.6,13.1,3.2,1.0,43.8,3.0,0.8,20.3,23.9,0.241,0.298,0.386,0.684,0.14348,0.04816,0.00307,0.02682,0.06224,0.01543,0.00494,0.20819,0.01404,0.00399,0.0964598549596016,0.1132632896089837
595879,Javier Báez,DET,34,R,SS,projected,Bench Bat,feed:order+depth,MLB,4,210.5,49.9,198.5,46.9,32.0,10.3,0.5,4.1,70.5,8.2,2.5,1.3,50.7,3.4,0.9,24.6,25.5,0.236,0.274,0.355,0.629,0.15221,0.04908,0.00238,0.01943,0.03897,0.0117,0.00618,0.24099,0.01595,0.00435,0.1169776357165794,0.1211893975703181
595978,Austin Hedges,CLE,34,R,C,projected,Weak Side Platoon,feed:order+depth,MLB,7,208.9,49.5,188.2,38.7,26.6,7.6,0.1,4.4,59.7,16.3,2.3,2.1,49.0,1.6,0.5,17.9,18.1,0.206,0.274,0.317,0.591,0.12747,0.03628,0.00033,0.02101,0.07814,0.01118,0.01018,0.2345,0.00775,0.00224,0.0857443529942426,0.0868636805822836
663853,Romy Gonzalez,BOS,30,R,2B,projected,Weak Side Platoon,default,MLB,4,208.6,49.4,193.2,48.3,30.6,11.1,1.0,5.6,78.2,11.1,1.7,2.6,56.6,5.5,1.6,24.2,25.7,0.25,0.293,0.405,0.698,0.14683,0.05323,0.00457,0.0267,0.05335,0.00833,0.01229,0.27149,0.02655,0.00785,0.1160942888737422,0.1230633457461044
694208,Moisés Ballesteros,LAA,23,L,C,projected,Catcher - Primary,feed:depth,MLB,6,207.8,49.2,186.7,42.5,30.0,6.8,0.3,5.4,66.1,18.4,0.8,1.9,47.8,1.5,0.4,19.2,21.5,0.228,0.297,0.354,0.651,0.14442,0.03292,0.00136,0.02618,0.08843,0.00368,0.00892,0.23008,0.0073,0.00209,0.092329823318878,0.103594341975688
656976,Pavin Smith,ARI,31,L,1B,projected,Full Time,feed:depth,MLB,5,207.2,49.1,180.7,43.6,26.5,8.9,0.7,7.5,76.4,24.3,0.5,1.7,51.4,1.8,0.5,23.3,24.4,0.241,0.33,0.423,0.753,0.12772,0.04317,0.00356,0.03623,0.11714,0.00243,0.00809,0.24802,0.00886,0.00253,0.1123625138395266,0.117990614710285
682626,Francisco Alvarez,NYM,25,R,C,projected,Catcher - Primary,feed:depth,MLB,5,205.6,48.7,184.7,41.5,26.1,7.1,0.2,8.1,73.3,18.0,2.2,0.7,56.9,0.6,0.2,22.4,24.9,0.225,0.3,0.397,0.697,0.12677,0.03473,0.00107,0.03925,0.08754,0.0105,0.00348,0.27667,0.00306,0.00087,0.1089073257415898,0.1211652481329343
669257,Will Smith,LAD,32,R,C,projected,Catcher - Primary,feed:depth+record,MLB,5,202.6,48.0,174.1,44.4,26.9,9.0,0.7,7.8,78.2,22.4,3.4,2.7,37.7,1.1,0.3,25.5,25.5,0.255,0.346,0.449,0.795,0.1329,0.04462,0.00327,0.03868,0.11048,0.01685,0.0133,0.1863,0.00547,0.0016,0.1256921474883871,0.1260156650420539
687957,Dustin Harris,SD,27,L,LF,projected,Strong Side Platoon,feed:order+depth,MLB,2,200.1,47.4,179.7,45.9,30.6,11.0,2.2,2.1,67.6,15.2,2.7,2.5,38.6,6.8,1.9,25.9,21.8,0.255,0.319,0.376,0.695,0.15315,0.05494,0.01104,0.01047,0.07611,0.01338,0.01231,0.19292,0.03408,0.0094,0.1293618988241958,0.1089999371690094
672515,Gabriel Moreno,ARI,27,R,C,projected,Catcher - Primary,feed:depth+record,MLB,4,198.8,47.1,175.6,47.7,32.5,9.3,0.6,5.3,74.1,19.4,1.3,2.5,33.4,2.3,0.7,23.1,25.6,0.272,0.344,0.422,0.766,0.16373,0.04673,0.00307,0.02656,0.09763,0.00662,0.01266,0.16822,0.0118,0.00356,0.1162265830940772,0.1285433038429572
694728,Brice Matthews,HOU,25,R,CF,projected,Bench Bat,feed:order+depth,MLB,5,198.4,47.0,182.9,37.3,25.2,5.5,0.5,6.1,62.1,13.7,1.0,0.8,60.7,4.4,1.3,22.0,22.2,0.204,0.262,0.34,0.602,0.12712,0.02758,0.00276,0.0307,0.069,0.00508,0.0042,0.30585,0.02211,0.00654,0.110963227056517,0.1120083737745778
670231,John Rave,KC,29,L,RF,projected,Strong Side Platoon,feed:order+depth,MLB,2,197.8,46.8,177.1,41.0,28.0,6.1,1.2,5.7,66.6,19.1,0.9,0.7,48.8,7.0,1.9,24.9,18.5,0.232,0.308,0.376,0.684,0.14139,0.03094,0.00622,0.02891,0.09653,0.00441,0.00364,0.24687,0.03539,0.00976,0.1261353960134406,0.0935642493454962
642708,Amed Rosario,NYY,31,R,3B,projected,Utility IF,feed:depth,MLB,6,197.7,46.8,186.3,47.8,32.4,9.4,0.8,5.2,74.4,8.9,1.3,1.2,38.9,4.4,1.2,22.7,22.0,0.257,0.293,0.399,0.692,0.16371,0.04765,0.00386,0.0263,0.04504,0.00648,0.0059,0.19683,0.0224,0.00621,0.1146195173291462,0.1114028183892103
642350,Jose Siri,LAA,31,R,LF,projected,Full Time,feed:depth,MLB,3,197.6,46.8,181.7,38.0,21.3,8.2,1.0,7.5,70.7,12.7,2.0,1.2,68.4,6.4,1.8,25.4,21.2,0.209,0.267,0.389,0.656,0.10769,0.04133,0.00488,0.03783,0.06409,0.01019,0.00618,0.34639,0.03236,0.00897,0.1284024361319794,0.1074332451000238
668952,Ryan Kreidler,MIN,29,R,SS,projected,Bench Bat,feed:order+depth,MLB,2,196.5,46.5,179.0,37.9,25.2,6.2,0.6,5.9,63.0,15.3,1.3,0.9,50.9,5.2,1.6,23.0,18.2,0.212,0.277,0.352,0.629,0.12804,0.03141,0.00313,0.03026,0.07789,0.00675,0.00446,0.25884,0.02637,0.00799,0.116839035846697,0.0927486161719497
682668,Luisangel Acuña,CWS,25,R,SS,projected,Utility IF,feed:depth,MLB,1,195.2,46.2,181.5,45.1,37.0,5.8,1.0,1.3,56.8,11.0,1.4,1.3,39.5,11.7,3.2,21.5,13.7,0.248,0.295,0.313,0.608,0.18957,0.02996,0.00489,0.00667,0.05614,0.00702,0.00646,0.20257,0.05978,0.01648,0.110167048308979,0.0701010525852836
699115,Carlos Jorge,CIN,23,L,CF,projected,Strong Side Platoon,feed:order+depth,MLB,6,192.3,45.5,174.6,40.5,30.0,5.0,0.7,4.8,61.3,15.6,1.3,0.8,45.9,5.2,1.5,20.8,18.0,0.232,0.298,0.351,0.649,0.15626,0.02607,0.00388,0.02511,0.08129,0.00666,0.00415,0.23893,0.02694,0.00766,0.1082134322334283,0.0937618829123107
699912,Jose Fernandez,ARI,23,R,1B,projected,Utility IF,feed:depth,MLB,6,190.6,45.1,177.0,43.7,32.1,8.3,0.8,2.5,61.1,11.5,1.8,0.3,44.2,5.8,1.6,22.5,17.9,0.247,0.299,0.345,0.644,0.16821,0.04331,0.00398,0.01319,0.06023,0.00927,0.00179,0.23211,0.03042,0.00849,0.1182216188505028,0.0938611822457273
703155,Lazaro Montes,SEA,22,L,RF,projected,Strong Side Platoon,feed:order+depth,MLB,4,190.3,45.1,170.6,37.6,17.8,12.1,0.4,7.3,72.4,17.8,1.2,0.7,55.2,2.2,0.6,22.1,24.1,0.22,0.297,0.424,0.721,0.09332,0.06375,0.00209,0.03823,0.09363,0.00622,0.00388,0.29004,0.01181,0.00333,0.1161499318895572,0.1266599721740759
666211,Taylor Trammell,HOU,29,L,LF,projected,Strong Side Platoon,feed:order+depth,MLB,6,190.1,45.0,168.0,32.5,19.6,6.5,0.7,5.7,57.5,19.8,1.6,0.7,58.2,3.8,1.1,21.4,18.5,0.193,0.284,0.342,0.626,0.10331,0.03393,0.00374,0.03008,0.10406,0.00832,0.00363,0.30627,0.01991,0.006,0.1126250103382337,0.0975539946637967
815908,Jesús Made,MIL,20,S,,projected,Bench Bat,feed:prospect,MiLB (MLE),5,188.7,44.7,169.0,40.0,27.1,7.4,1.1,4.4,62.8,15.9,2.1,1.7,40.7,5.0,1.4,22.1,21.2,0.237,0.307,0.372,0.679,0.14335,0.03905,0.00593,0.02334,0.08421,0.01139,0.0089,0.21558,0.02643,0.00752,0.1172969823098257,0.1123787404199927
821270,Luis Peña,MIL,21,R,,projected,Bench Bat,feed:prospect,MiLB (MLE),0,188.7,44.7,169.7,40.3,27.3,7.3,0.6,5.1,64.1,15.5,2.1,1.4,43.1,0.0,0.0,21.9,20.9,0.237,0.307,0.378,0.685,0.14487,0.0389,0.00313,0.02725,0.08233,0.01099,0.00739,0.22814,0.0,0.0,0.1163092182482693,0.1109485403725308
642136,Matt Thaiss,TB,32,L,C,projected,Catcher - Backup,default,MLB,6,188.4,44.6,161.3,33.3,25.2,5.5,0.2,2.4,46.4,23.6,2.1,1.4,51.0,1.9,0.5,18.1,18.0,0.206,0.313,0.288,0.601,0.13352,0.02896,0.00114,0.01282,0.12532,0.01134,0.00758,0.27063,0.00983,0.00274,0.0962243022567542,0.0952989749245959
656537,Derek Hill,PHI,31,R,CF,projected,Weak Side Platoon,feed:order+depth,MLB,3,188.3,44.6,175.3,39.5,25.1,7.2,1.0,6.2,67.3,10.7,1.7,0.6,57.2,6.7,1.8,23.6,21.9,0.225,0.276,0.384,0.66,0.13354,0.03811,0.00525,0.03284,0.05681,0.00877,0.00328,0.30396,0.03572,0.00978,0.1255891468954367,0.1161332163656223
666160,Mickey Moniak,COL,29,L,LF,projected,Strong Side Platoon,feed:order+depth,MLB,4,187.2,44.3,175.7,39.6,21.4,8.5,2.0,7.7,75.2,8.9,1.4,1.2,52.6,2.7,0.8,21.5,24.1,0.225,0.267,0.428,0.695,0.11422,0.04525,0.01053,0.041,0.04759,0.00733,0.00615,0.28085,0.01453,0.00431,0.1150114571171105,0.1286548266241012
807080,Eric Hartman,ATL,21,L,,projected,Bench Bat,feed:prospect,MiLB (MLE),5,182.9,43.3,163.8,35.5,23.9,6.5,0.7,4.4,56.6,15.6,2.0,1.5,43.9,3.6,1.0,21.5,20.6,0.217,0.29,0.346,0.636,0.13068,0.03551,0.00379,0.02418,0.08531,0.01115,0.00798,0.23997,0.01952,0.00548,0.1172987096268818,0.1123803953109476
816111,Tate Southisene,ATL,21,R,,projected,Bench Bat,feed:prospect,MiLB (MLE),0,182.9,43.3,164.6,38.9,25.4,7.6,0.6,5.3,63.6,15.1,2.0,1.2,41.7,0.0,0.0,21.3,20.3,0.236,0.306,0.386,0.692,0.13876,0.04144,0.00345,0.02885,0.08269,0.01084,0.00679,0.22779,0.0,0.0,0.1163109310194975,0.1109501742023392
620443,Luis Torrens,NYM,31,R,C,projected,Catcher - Backup,feed:depth,MLB,5,181.6,43.0,166.6,40.0,27.6,7.9,0.4,4.1,61.0,12.2,2.0,0.8,40.9,1.2,0.3,18.9,21.5,0.24,0.298,0.366,0.664,0.15172,0.04343,0.00222,0.0225,0.06697,0.01087,0.00458,0.22501,0.00664,0.00188,0.1039792042712782,0.118399677856346
681807,David Fry,CLE,31,R,LF,projected,Weak Side Platoon,feed:order+depth,MLB,5,181.0,42.9,159.4,35.4,20.8,6.7,0.1,7.8,65.7,17.5,3.3,0.8,48.3,1.6,0.4,19.4,21.1,0.222,0.31,0.412,0.722,0.11508,0.03707,0.0008,0.04302,0.09654,0.01811,0.00465,0.26676,0.00871,0.00242,0.1073203571913083,0.11670919980479
695720,Tommy White,OAK,24,R,1B,projected,Weak Side Platoon,feed:order+depth,MLB,7,180.9,42.8,170.8,42.8,34.6,5.0,0.4,2.8,57.0,8.5,0.6,1.0,36.2,2.2,0.6,19.2,15.0,0.251,0.287,0.334,0.621,0.1911,0.02754,0.00221,0.01525,0.04672,0.00315,0.00551,0.19999,0.01192,0.00343,0.10636671829951,0.0828327576477989
695731,Braden Montgomery,CWS,24,S,RF,projected,Full Time,feed:depth,MLB,5,179.0,42.4,159.5,38.5,26.9,7.2,1.0,3.4,57.9,17.4,1.5,0.6,37.2,2.6,0.8,19.9,17.2,0.241,0.321,0.363,0.684,0.1502,0.04006,0.00569,0.01884,0.09711,0.00848,0.00341,0.20804,0.01451,0.0043,0.1111008305255092,0.0962565812689166
608701,Rob Refsnyder,SEA,36,R,RF,projected,Weak Side Platoon,default,MLB,5,178.5,42.3,156.7,35.5,20.6,6.9,0.3,7.7,66.1,17.0,3.2,1.6,44.8,2.2,0.6,19.3,19.9,0.227,0.312,0.422,0.734,0.11543,0.0386,0.00189,0.043,0.09537,0.01766,0.009,0.25125,0.01234,0.00352,0.1083173543391175,0.1117041448870755
673962,Josh Jung,TEX,29,R,3B,projected,Bench Bat,feed:order+depth,MLB,5,173.7,41.1,161.0,40.1,28.2,7.3,0.3,4.3,60.9,10.6,1.5,0.6,42.9,1.3,0.4,19.0,18.1,0.249,0.301,0.378,0.679,0.16227,0.04221,0.00173,0.02478,0.06122,0.00888,0.00347,0.24717,0.00754,0.00217,0.1094956773532828,0.1042131173128609
691785,Marcelo Mayer,SF,24,L,2B,projected,Strong Side Platoon,feed:order+depth,MLB,6,171.6,40.6,156.3,34.6,22.7,7.9,0.7,3.3,53.8,12.2,1.4,1.7,41.1,2.3,0.7,16.9,15.4,0.221,0.281,0.344,0.625,0.13227,0.04579,0.00432,0.01949,0.07095,0.00817,0.00964,0.23927,0.01325,0.0038,0.0986132178585318,0.0898247713595654
691182,Adael Amador,COL,24,S,2B,projected,Everyday DH / 1B-DH,feed:order+depth,MLB,5,170.3,40.3,154.2,37.4,24.5,7.3,0.8,4.8,60.7,14.4,1.4,0.3,32.8,2.3,0.7,16.5,17.3,0.243,0.312,0.394,0.706,0.14397,0.04279,0.00486,0.02811,0.08448,0.00827,0.00159,0.19275,0.01378,0.00392,0.097081772344063,0.1014334562525214
609280,Miguel Andujar,SD,32,R,3B,projected,Bench Bat,feed:order+depth,MLB,5,169.3,40.1,158.9,42.7,31.2,8.2,0.3,3.0,60.5,8.3,1.2,0.9,26.9,2.2,0.6,17.6,19.2,0.269,0.308,0.381,0.689,0.18434,0.04828,0.00171,0.01758,0.04895,0.00704,0.00523,0.15862,0.01272,0.00369,0.1037634287314739,0.1134207587153135
642086,Dominic Smith,ATL,32,L,1B,projected,Bench Bat,feed:order+depth,MLB,5,167.3,39.6,150.8,35.4,24.4,6.5,0.3,4.2,55.1,13.0,2.2,1.3,32.3,0.8,0.2,18.7,19.6,0.235,0.302,0.365,0.667,0.14603,0.0391,0.002,0.02484,0.07779,0.01344,0.00803,0.19324,0.00459,0.00131,0.1119379528097234,0.1170414756145422
673357,Luis Robert Jr.,BAL,29,R,CF,projected,Bench Bat,feed:order+depth,MLB,3,166.7,39.5,152.7,36.1,22.2,7.0,0.5,6.4,63.3,11.8,1.5,0.7,45.2,6.8,1.9,23.0,21.3,0.236,0.296,0.415,0.711,0.13337,0.04186,0.00323,0.03812,0.07058,0.00889,0.00431,0.27111,0.04098,0.01154,0.1380365537926058,0.127567517541649
663330,Jahmai Jones,BOS,29,R,LF,projected,Weak Side Platoon,feed:order+depth,MLB,3,164.6,39.0,145.7,35.6,19.7,7.8,0.4,7.7,67.3,15.3,3.4,0.2,45.4,3.2,0.9,19.5,17.8,0.244,0.33,0.462,0.792,0.11983,0.04727,0.00249,0.04672,0.09265,0.0204,0.00115,0.27561,0.01942,0.0056,0.1184239735957801,0.1079153957294203
600869,Jeimer Candelario,CIN,33,S,3B,projected,Full Time,feed:record over depth,MLB,5,164.5,39.0,148.8,31.7,17.5,6.6,0.5,7.1,60.6,11.9,2.5,1.3,40.4,1.7,0.5,17.2,18.2,0.213,0.28,0.407,0.687,0.10612,0.04029,0.00282,0.04291,0.07258,0.01533,0.00779,0.24579,0.01015,0.00297,0.1044706541469338,0.110570708920295
656180,Riley Adams,WSH,31,R,C,projected,Catcher - Tandem,default,MLB,7,162.2,38.4,148.0,32.5,21.8,5.9,0.2,4.6,52.6,11.4,2.1,0.7,51.4,1.3,0.4,15.5,15.3,0.22,0.284,0.355,0.639,0.13443,0.03612,0.00152,0.02846,0.07008,0.013,0.00428,0.3168,0.00787,0.00222,0.0954901164827169,0.0941461595499166
672275,Patrick Bailey,CLE,28,S,C,projected,Strong Side Platoon,feed:order+depth,MLB,5,161.3,38.2,147.1,32.8,22.9,5.6,0.3,4.0,51.0,11.9,0.7,1.6,43.3,0.9,0.2,15.5,18.1,0.223,0.281,0.347,0.628,0.14218,0.03479,0.0017,0.02492,0.0735,0.00455,0.0102,0.26836,0.00527,0.00143,0.0963972638321498,0.1119713563071338
677595,Ronny Mauricio,NYM,26,S,SS,projected,Utility IF,feed:depth,MLB,6,160.1,37.9,147.6,32.3,20.0,6.3,0.3,5.7,56.3,11.3,1.0,0.2,45.1,2.7,0.7,17.7,15.0,0.219,0.279,0.381,0.66,0.1249,0.03905,0.00169,0.03555,0.07029,0.00644,0.00124,0.28171,0.01687,0.00457,0.1105916204213165,0.0939878018810474
571771,Enrique Hernández,LAD,35,R,3B,projected,Utility IF,feed:depth,MLB,6,158.6,37.6,145.1,33.7,21.9,6.3,0.3,5.2,56.2,11.2,0.6,1.7,34.6,0.8,0.2,17.7,17.9,0.232,0.287,0.387,0.674,0.13815,0.03975,0.00197,0.03285,0.07057,0.00385,0.01044,0.21822,0.00531,0.00152,0.1116024002373147,0.1130972744508093
669326,Bryce Teodosio,LAA,28,R,LF,projected,Utility OF / 4th OF,feed:depth,MLB,6,157.4,37.3,145.0,31.3,22.7,5.5,0.5,2.6,45.6,8.9,2.3,1.2,47.1,5.3,1.5,15.4,12.8,0.216,0.27,0.314,0.584,0.14419,0.0349,0.0033,0.01656,0.05677,0.01487,0.00782,0.29915,0.03379,0.00931,0.0977659343124629,0.0814669417286043
669392,Samad Taylor,SD,28,R,LF,projected,Weak Side Platoon,feed:order+depth,MLB,2,157.2,37.2,140.8,33.1,28.1,3.6,0.4,1.0,40.5,14.3,0.9,1.2,40.0,7.6,2.1,20.7,16.0,0.235,0.307,0.288,0.595,0.17886,0.0229,0.00256,0.00631,0.09093,0.00542,0.00737,0.25446,0.04808,0.01307,0.1318794509576264,0.1018802997356678
673490,Ha-Seong Kim,ATL,31,R,SS,projected,Full Time,feed:record over depth,MLB,6,156.8,37.1,138.3,30.1,23.3,4.7,0.3,1.8,40.8,16.2,1.2,1.1,31.0,5.7,1.5,17.5,14.7,0.218,0.303,0.295,0.598,0.14879,0.03023,0.00182,0.01144,0.10359,0.00735,0.00679,0.19776,0.0366,0.00986,0.111402906064057,0.0938698357829862
699625,Jimmy Crooks,STL,25,L,C,projected,Catcher - Backup,default,MLB,7,154.2,36.5,140.4,27.7,15.2,5.8,0.5,6.2,53.1,9.3,3.7,0.8,45.6,1.4,0.4,13.6,14.0,0.197,0.264,0.378,0.642,0.09884,0.03758,0.00337,0.04,0.06046,0.02422,0.0055,0.29576,0.00915,0.00258,0.0883775898778849,0.0907584207639168
687637,Dylan Beavers,BAL,25,L,LF,projected,Strong Side Platoon,feed:order+depth,MLB,5,152.9,36.2,135.0,30.3,16.1,6.8,1.9,5.5,57.4,16.8,0.7,0.4,40.7,3.1,1.0,17.3,17.3,0.224,0.313,0.425,0.738,0.10526,0.04424,0.01223,0.03597,0.10963,0.00483,0.00261,0.26644,0.02035,0.00625,0.113270551529066,0.1133308338875168
678489,Jorge Barrosa,HOU,26,S,CF,projected,Weak Side Platoon,feed:order+depth,MLB,2,152.6,36.1,137.6,28.6,18.6,6.3,0.8,2.9,45.2,11.5,1.6,1.9,38.9,2.4,0.7,20.6,14.2,0.208,0.273,0.328,0.601,0.12185,0.04096,0.00511,0.01887,0.07558,0.01079,0.01273,0.25479,0.01577,0.00437,0.1352942426529728,0.0933211504556504
678545,Osleivis Basabe,SF,26,R,2B,projected,Weak Side Platoon,feed:order+depth,MLB,5,150.2,35.6,136.9,31.2,22.2,4.9,0.5,3.6,47.9,10.4,2.2,0.7,34.0,2.9,0.8,15.8,14.9,0.228,0.292,0.35,0.642,0.14777,0.03237,0.00308,0.02408,0.06946,0.01494,0.00478,0.22643,0.01901,0.00557,0.1050999283696737,0.0992694979542338
666126,Carlos Cortes,OAK,30,L,RF,projected,Strong Side Platoon,feed:order+depth,MLB,6,149.1,35.3,135.5,33.7,23.5,6.0,0.3,3.9,52.0,10.9,1.3,1.4,27.8,1.3,0.4,14.0,17.0,0.249,0.308,0.384,0.692,0.15736,0.0401,0.00185,0.0259,0.07297,0.00847,0.00969,0.18634,0.0089,0.00253,0.0936968878511534,0.1141082839907893
701162,Ben Malgeri,DET,27,R,RF,projected,Weak Side Platoon,feed:order+depth,MLB,4,147.6,35.0,129.6,30.6,19.5,5.8,0.7,4.6,51.6,15.1,1.9,1.0,36.4,3.5,0.9,17.6,18.0,0.236,0.322,0.398,0.72,0.13222,0.03916,0.00458,0.03086,0.1022,0.01274,0.00689,0.24673,0.02339,0.00642,0.1194479960346376,0.1216449968093042
672016,Denzel Clarke,OAK,27,R,CF,projected,Weak Side Platoon,feed:order+depth,MLB,7,147.5,34.9,135.9,28.5,22.5,4.2,0.4,1.4,37.7,9.7,1.7,0.2,47.4,4.1,1.1,15.2,12.3,0.21,0.271,0.277,0.548,0.15286,0.02817,0.00263,0.00977,0.0661,0.01153,0.00165,0.32104,0.02797,0.00751,0.1032940350096723,0.0832417836701474
683090,Matthew Lugo,LAA,26,R,LF,projected,Utility OF / 4th OF,feed:depth,MLB,3,147.2,34.9,136.9,30.5,19.3,3.4,0.3,7.5,57.0,8.2,1.6,0.5,41.1,2.2,0.6,16.2,15.7,0.223,0.274,0.416,0.69,0.13091,0.0229,0.00204,0.05082,0.05561,0.01109,0.00327,0.27928,0.01512,0.00426,0.1100485562309581,0.106480524616612
682674,Victor Bericoto,SF,25,R,LF,projected,Weak Side Platoon,feed:order+depth,MLB,5,146.8,34.8,137.2,31.8,18.6,6.0,0.8,6.4,58.6,8.6,0.6,0.4,37.3,2.4,0.7,14.4,16.5,0.232,0.279,0.427,0.706,0.12638,0.04059,0.00519,0.0438,0.05827,0.00441,0.00275,0.25423,0.01625,0.00473,0.0981566751832608,0.1121287833076998
682987,Spencer Jones,NYY,26,L,CF,projected,Full Time,feed:depth,MLB,4,146.6,34.7,133.0,29.1,16.1,5.7,0.9,6.4,55.8,12.3,0.7,0.6,48.2,3.7,1.0,18.6,19.4,0.219,0.287,0.42,0.707,0.10954,0.03897,0.00617,0.04384,0.08375,0.00496,0.0041,0.32879,0.02521,0.00713,0.1267970204589038,0.1323223026516509
455117,Martín Maldonado,SD,40,R,C,projected,Catcher - Backup,default,MLB,7,144.6,34.2,133.8,24.9,15.9,4.2,0.0,4.8,43.5,9.1,1.4,0.3,46.9,0.3,0.1,12.8,13.7,0.186,0.245,0.325,0.57,0.11017,0.02877,0.00031,0.03296,0.06317,0.00978,0.00212,0.32432,0.00187,0.00053,0.0887084669735591,0.0948613643876634
676480,José Barrero,STL,29,R,2B,projected,Weak Side Platoon,feed:order+depth,MLB,6,144.5,34.2,132.9,27.2,17.2,6.3,0.3,3.4,44.3,10.5,0.6,0.5,45.9,2.6,0.7,14.2,13.5,0.205,0.265,0.333,0.598,0.11903,0.04326,0.00239,0.02328,0.07245,0.00416,0.00344,0.31751,0.01791,0.00511,0.0985702233096522,0.0932444289180064
699302,Héctor Rodríguez,CIN,23,L,RF,projected,Strong Side Platoon,feed:order+depth,MLB,5,144.2,34.2,134.0,29.6,21.3,5.1,0.6,2.6,43.7,8.8,1.1,0.3,35.6,2.3,0.7,15.6,15.6,0.221,0.274,0.326,0.6,0.14768,0.03549,0.0041,0.01785,0.06136,0.0079,0.00232,0.24684,0.01592,0.00466,0.1084732137458585,0.1082904045334076
665804,Miguel Amaya,CHC,28,R,C,projected,Catcher - Backup,feed:depth,MLB,5,143.2,33.9,127.9,29.5,19.7,5.8,0.2,3.8,47.1,10.3,4.0,1.0,32.5,0.5,0.1,16.1,17.9,0.231,0.306,0.368,0.674,0.13731,0.04076,0.00128,0.02658,0.07214,0.02825,0.00669,0.22667,0.00325,0.00092,0.1121867194134969,0.1249774003834528
664954,Brett Sullivan,COL,33,L,C,projected,Bench Bat,feed:order+depth,MLB,5,142.7,33.8,131.2,31.8,20.1,6.8,1.2,3.7,52.1,8.8,0.9,1.8,28.4,2.0,0.6,13.3,15.2,0.242,0.291,0.397,0.688,0.14087,0.04781,0.00844,0.02609,0.06169,0.00653,0.01264,0.19924,0.01371,0.00399,0.0931689921774449,0.1067003011546041
805249,Otto Kemp,PHI,27,R,LF,projected,Bench Bat,feed:order+depth,MLB,6,142.5,33.8,128.7,28.2,16.5,6.9,0.6,4.2,48.9,8.9,3.8,1.1,41.1,2.3,0.7,15.2,15.4,0.219,0.287,0.38,0.667,0.11544,0.04839,0.00451,0.02977,0.06255,0.02645,0.00766,0.28808,0.01633,0.00471,0.1069753532112043,0.1078798335227517
664774,LaMonte Wade Jr.,HOU,33,L,LF,projected,Bench Bat,feed:order+depth,MLB,6,141.5,33.5,121.1,27.9,17.9,6.7,0.4,2.9,44.1,18.0,1.6,0.8,31.3,0.7,0.2,16.6,14.1,0.23,0.336,0.364,0.7,0.12672,0.04721,0.00253,0.0205,0.12694,0.01117,0.0057,0.22122,0.00474,0.00132,0.117579005781842,0.0995397734281123
691002,Yohandy Morales,WSH,26,R,1B,projected,Weak Side Platoon,feed:order+depth,MLB,3,140.8,33.4,130.9,31.6,15.3,6.2,0.5,9.6,67.6,8.3,1.0,0.6,36.0,2.2,0.6,17.4,16.9,0.241,0.29,0.516,0.806,0.10837,0.04402,0.00338,0.06822,0.05901,0.00681,0.00425,0.25547,0.01589,0.00446,0.1237922683616884,0.1198493358897228
668942,Josh Rojas,KC,33,L,3B,projected,Bench Bat,feed:order+depth,MLB,6,140.5,33.3,126.6,26.3,18.9,5.1,0.3,2.0,38.0,12.2,0.6,1.1,30.5,3.2,0.8,15.0,12.7,0.208,0.278,0.3,0.578,0.13429,0.03604,0.00205,0.01439,0.08657,0.00439,0.00816,0.21717,0.02243,0.00597,0.1067823852999122,0.0904622353771205
641598,Mitch Garver,SEA,36,R,C,projected,Catcher - Tandem,default,MLB,6,139.3,33.0,121.0,25.2,14.4,4.1,0.1,6.6,49.3,16.0,1.5,0.8,39.3,0.6,0.2,14.1,15.3,0.208,0.307,0.407,0.714,0.10372,0.02935,0.00083,0.04773,0.11465,0.01084,0.00553,0.28235,0.00438,0.00122,0.1013839247217639,0.1099358206186726
670032,Nicky Lopez,TEX,32,L,2B,projected,Strong Side Platoon,feed:order+depth,MLB,9,139.0,32.9,126.8,30.3,26.6,3.2,0.3,0.2,34.7,9.9,1.9,0.4,22.3,3.3,1.0,14.4,10.0,0.239,0.303,0.274,0.577,0.19149,0.02313,0.00229,0.00148,0.0711,0.01356,0.00284,0.16043,0.02355,0.00728,0.1036091222447182,0.071894587555579
678218,Brandon Valenzuela,TOR,26,S,C,projected,Bench Bat,feed:order+depth,MLB,5,138.3,32.8,123.5,28.3,19.5,4.7,0.2,3.9,45.1,13.5,0.7,0.6,34.6,1.5,0.4,15.6,13.6,0.229,0.307,0.365,0.672,0.14125,0.03371,0.00156,0.02829,0.09786,0.00522,0.00432,0.25019,0.0107,0.00298,0.1129173764056072,0.0981335006778613
682177,Daniel Schneemann,CLE,30,L,3B,projected,Bench Bat,feed:order+depth,MLB,5,137.5,32.6,124.1,26.5,17.1,4.9,0.6,3.9,44.3,12.3,0.5,0.6,39.6,3.0,0.9,14.5,14.0,0.214,0.286,0.357,0.643,0.1244,0.0359,0.00405,0.0284,0.08918,0.00373,0.0044,0.28788,0.02167,0.00624,0.1056510151850059,0.101868459887488
806956,Ethan Salas,SD,21,L,C,projected,Strong Side Platoon,feed:order+depth,MLB,3,135.6,32.1,124.8,29.1,22.5,2.4,0.6,3.6,43.5,9.2,1.0,0.6,30.9,2.2,0.6,16.2,15.2,0.233,0.29,0.349,0.639,0.16602,0.01739,0.00413,0.02624,0.06787,0.00722,0.0045,0.22818,0.01625,0.00458,0.1194326732099457,0.1117591743072493
660821,Jesús Sánchez,ARI,29,L,LF,projected,Strong Side Platoon,default,MLB,5,135.0,32.0,122.8,29.4,18.3,6.2,0.4,4.5,49.9,10.3,1.2,0.7,33.8,2.2,0.6,15.9,16.4,0.239,0.303,0.406,0.709,0.13568,0.04613,0.00309,0.03299,0.07613,0.00885,0.00518,0.25051,0.01597,0.00445,0.1176966094409171,0.1212351728615245
655316,Andruw Monasterio,BOS,30,R,SS,projected,Strong Side Platoon,feed:order+depth,MLB,5,133.1,31.5,120.5,27.0,17.1,6.8,0.3,2.8,42.8,10.5,1.3,0.8,29.6,2.7,0.8,14.5,14.5,0.224,0.292,0.355,0.647,0.12879,0.05114,0.00251,0.02116,0.07883,0.0094,0.00628,0.2227,0.01993,0.00597,0.1092052211763855,0.1085953037169678
686475,Tyler Tolbert,KC,29,R,SS,projected,Weak Side Platoon,feed:order+depth,MLB,1,131.4,31.1,118.3,29.8,23.4,4.1,0.5,1.8,40.3,9.3,2.2,1.6,28.5,13.0,3.3,23.0,11.8,0.252,0.314,0.341,0.655,0.17807,0.03105,0.00411,0.01348,0.07095,0.01663,0.01218,0.21661,0.09887,0.02543,0.1752637892132244,0.089869493854501
645444,Jose Herrera,ARI,30,S,C,projected,Catcher - Backup,default,MLB,7,131.3,31.1,117.6,25.1,18.6,5.0,0.2,1.3,34.4,12.2,0.4,1.1,31.9,0.8,0.2,13.6,11.5,0.213,0.287,0.293,0.58,0.14183,0.03773,0.00135,0.01025,0.09288,0.00286,0.00844,0.24311,0.00589,0.00166,0.1035738563230624,0.0873195650022898
807727,Charles McAdoo,TOR,25,R,2B,projected,Weak Side Platoon,feed:order+depth,MLB,4,130.4,30.9,118.4,28.4,22.2,4.0,0.4,1.8,38.6,9.7,0.6,1.7,30.5,2.6,0.7,14.9,15.3,0.24,0.297,0.326,0.623,0.17034,0.03047,0.00305,0.01375,0.07404,0.00466,0.0134,0.23391,0.01998,0.00557,0.1145676695100998,0.117553914175372
811965,Joshua Kuroda-Grauer,OAK,24,R,3B,projected,Weak Side Platoon,feed:order+depth,MLB,6,129.6,30.7,119.7,31.7,20.8,8.2,0.4,2.3,47.6,7.9,1.5,0.5,25.0,2.1,0.6,14.6,12.4,0.265,0.317,0.398,0.715,0.16077,0.06308,0.00308,0.01756,0.06097,0.01191,0.00351,0.19319,0.01615,0.00464,0.112392369945815,0.0958318041629238
607732,Jacob Stallings,BAL,37,R,C,projected,Catcher - Backup,default,MLB,7,128.8,30.5,115.4,25.0,17.6,4.8,0.1,2.5,37.5,10.4,2.4,0.6,31.5,0.3,0.1,11.7,13.2,0.217,0.293,0.325,0.618,0.13637,0.03715,0.00081,0.01921,0.08088,0.01842,0.00471,0.24458,0.00221,0.00063,0.0912172553958125,0.1022087387533429
672744,Alexander Canario,PIT,27,R,LF,projected,Bench Bat,default,MLB,2,127.4,30.2,117.1,25.3,15.8,4.5,0.3,4.7,44.5,9.2,0.6,0.5,40.0,2.0,0.6,14.9,12.9,0.216,0.276,0.38,0.656,0.1242,0.03508,0.00252,0.03699,0.07254,0.0051,0.00421,0.31426,0.01543,0.00434,0.1170329182587009,0.1009368946412709
656484,Tristan Gray,MIN,31,L,SS,projected,Bench Bat,default,MLB,5,126.7,30.0,116.4,26.2,16.7,6.1,0.4,3.0,42.1,8.3,0.6,1.4,36.4,1.3,0.4,12.1,14.8,0.225,0.277,0.362,0.639,0.13199,0.04829,0.00341,0.0233,0.06566,0.00469,0.01138,0.2874,0.00992,0.00277,0.0954108727708208,0.1170291970323306
670042,Luke Raley,SEA,32,L,RF,projected,Bench Bat,feed:order+depth,MLB,5,126.4,29.9,112.5,24.9,14.5,4.5,0.6,5.3,46.5,8.3,5.0,0.6,38.7,2.4,0.7,14.2,14.5,0.221,0.302,0.413,0.715,0.11508,0.03521,0.00496,0.04204,0.06586,0.03938,0.00485,0.30633,0.01933,0.00552,0.1126432549505211,0.1143216644256153
669221,Sean Murphy,ATL,32,R,C,projected,Strong Side Platoon,feed:order+depth,MLB,5,126.2,29.9,110.5,23.3,13.0,4.3,0.1,5.9,45.5,12.2,2.8,0.7,32.2,0.3,0.1,13.7,14.8,0.211,0.303,0.412,0.715,0.103,0.03403,0.00077,0.04668,0.097,0.02241,0.00556,0.25514,0.00213,0.0006,0.1086042000098015,0.1172369734639203
592626,Joc Pederson,TEX,35,L,1B,projected,Bench Bat,feed:order+depth,MLB,3,125.1,29.6,108.0,24.9,15.3,4.1,0.1,5.4,45.4,13.9,2.4,0.8,28.9,0.9,0.3,14.5,14.3,0.231,0.329,0.42,0.749,0.12263,0.03243,0.00119,0.0429,0.11125,0.01955,0.00669,0.23092,0.00703,0.00202,0.1162163208892824,0.1141358934323467
664059,Sam Haggerty,TEX,33,S,LF,projected,Weak Side Platoon,default,MLB,1,124.9,29.6,111.8,25.3,18.6,4.7,0.6,1.4,35.4,10.9,1.7,0.5,29.1,5.8,1.6,15.6,10.3,0.226,0.303,0.317,0.62,0.14912,0.03792,0.00493,0.01092,0.08731,0.01358,0.00393,0.23328,0.04647,0.01253,0.1246147285034559,0.0828527837918807
680728,Adrian Del Castillo,ARI,27,L,C,projected,Everyday DH / 1B-DH,feed:depth,MLB,5,123.5,29.3,113.5,25.0,16.5,4.4,0.3,3.8,41.4,8.6,0.5,0.9,36.7,1.1,0.3,12.3,15.4,0.22,0.276,0.365,0.641,0.1339,0.03562,0.00279,0.03106,0.06941,0.0037,0.00699,0.29694,0.00921,0.00261,0.0992897795408432,0.1243432285662718
656775,Cedric Mullins,TB,32,L,CF,projected,Bench Bat,feed:order+depth,MLB,5,123.3,29.2,110.7,23.6,14.7,4.7,0.7,3.5,40.2,10.4,1.2,1.0,26.3,5.4,1.5,13.6,12.6,0.213,0.285,0.363,0.648,0.11935,0.03804,0.006,0.0287,0.08457,0.00962,0.00778,0.21297,0.04343,0.01205,0.1098996661972829,0.1018541885513593
703492,Nick Morabito,NYM,24,R,LF,projected,Utility OF / 4th OF,feed:depth,MLB,5,122.1,28.9,109.5,24.9,17.7,4.7,0.9,1.6,36.2,9.4,2.7,0.5,32.2,3.2,0.9,13.9,13.4,0.227,0.303,0.331,0.634,0.1447,0.03821,0.00775,0.01274,0.0773,0.02222,0.00428,0.26344,0.0265,0.00772,0.113970606661509,0.1098118543658875
809707,Charlie Condon,COL,24,R,,projected,Bench Bat,feed:prospect,MiLB (MLE),5,122.0,28.9,107.3,25.2,15.5,4.7,0.9,4.1,44.0,12.2,1.4,1.1,32.4,2.0,0.6,13.0,12.4,0.235,0.318,0.41,0.728,0.12733,0.03874,0.00757,0.03335,0.09969,0.01145,0.00916,0.26595,0.01618,0.00463,0.1064575033399691,0.1019937589016792
691783,Jordan Lawlar,ARI,24,R,CF,projected,Utility OF / 4th OF,feed:depth,MLB,5,120.4,28.5,109.2,26.1,16.0,5.4,0.5,4.2,45.1,7.4,3.2,0.6,34.2,3.3,0.9,14.4,12.4,0.239,0.305,0.413,0.718,0.13274,0.04497,0.00405,0.0346,0.06154,0.02653,0.00467,0.28444,0.02776,0.00772,0.1195551427508504,0.1029438450315596
703197,Michael Arroyo,SEA,22,R,2B,projected,Weak Side Platoon,feed:order+depth,MLB,5,119.3,28.3,105.9,26.3,19.7,5.2,0.3,1.1,35.4,11.0,0.9,1.5,24.8,2.8,0.8,13.8,12.9,0.248,0.32,0.334,0.654,0.16546,0.0436,0.0021,0.00937,0.09216,0.00716,0.01254,0.20767,0.02312,0.00645,0.1160799981614283,0.1081874774154495
701852,Drew Cavanaugh,SF,25,L,C,projected,Strong Side Platoon,feed:order+depth,MLB,7,119.0,28.2,106.9,24.0,17.9,3.6,0.3,2.2,34.8,11.4,0.4,0.3,32.6,1.4,0.4,10.2,10.8,0.225,0.301,0.326,0.627,0.15007,0.02995,0.00233,0.0182,0.09616,0.00352,0.00219,0.27421,0.01218,0.00342,0.0859251360082925,0.0907093227929029
596103,Austin Slater,TB,34,R,RF,projected,Weak Side Platoon,default,MLB,2,119.0,28.2,104.9,23.8,16.7,3.7,0.4,3.0,37.3,11.8,1.5,0.8,33.7,2.5,0.7,13.3,10.2,0.227,0.312,0.356,0.668,0.14022,0.03098,0.00312,0.0252,0.09946,0.0127,0.00696,0.2835,0.02085,0.00579,0.1117990223001341,0.0856853109578567
695020,Tanner Murray,CWS,27,R,LF,projected,Utility IF,feed:depth,MLB,5,118.9,28.2,106.2,24.8,15.6,3.3,0.3,5.6,45.5,9.2,1.9,1.6,26.8,1.8,0.5,12.2,12.1,0.234,0.302,0.428,0.73,0.13083,0.02757,0.00259,0.04692,0.07756,0.01623,0.01342,0.22539,0.01507,0.00425,0.1027256704391048,0.1019266609136202
694197,Angel Genao,CLE,23,S,2B,projected,Weak Side Platoon,feed:order+depth,MLB,6,118.2,28.0,107.5,26.0,19.8,4.3,0.3,1.6,35.7,9.4,1.0,0.3,22.2,1.9,0.5,12.9,9.7,0.242,0.308,0.332,0.64,0.16755,0.03619,0.00283,0.01393,0.07982,0.00838,0.00247,0.18813,0.01606,0.0045,0.1091344398339955,0.082241629593735
623168,Tyler Heineman,LAA,36,S,C,projected,Catcher - Backup,feed:depth,MLB,7,118.1,28.0,107.4,24.9,20.3,3.0,0.1,1.5,32.6,7.0,3.3,0.4,20.4,1.3,0.3,11.6,9.2,0.232,0.298,0.304,0.602,0.17159,0.02535,0.00109,0.01235,0.05967,0.0279,0.00361,0.17259,0.01066,0.00294,0.0981302097914145,0.0775159538415143
663662,Daz Cameron,TOR,30,R,LF,projected,Weak Side Platoon,default,MLB,2,118.1,28.0,108.8,24.4,17.0,4.5,0.2,2.7,37.4,7.5,0.8,1.0,31.6,2.3,0.6,13.9,11.9,0.224,0.277,0.344,0.621,0.14359,0.03807,0.00202,0.02297,0.0637,0.00694,0.00859,0.26742,0.01926,0.00527,0.1177405544669515,0.1004615927359848
816113,Eli Willits,WSH,20,S,,projected,Bench Bat,feed:prospect,MiLB (MLE),0,116.9,27.7,105.1,25.1,16.4,4.9,0.4,3.4,41.0,9.7,1.3,0.8,26.6,0.0,0.0,13.1,12.5,0.239,0.309,0.39,0.699,0.14001,0.04184,0.00336,0.02931,0.0828,0.01088,0.00696,0.22797,0.0,0.0,0.1117065380027561,0.1065579971057784
701350,Roman Anthony,BOS,23,L,LF,projected,Bench Bat,feed:order+depth,MLB,2,116.2,27.5,101.3,24.5,15.3,5.4,0.4,3.4,40.9,13.4,1.2,0.3,31.5,1.5,0.4,13.8,10.3,0.242,0.336,0.404,0.74,0.13169,0.04642,0.00386,0.02927,0.1154,0.01067,0.00242,0.2707,0.01279,0.00356,0.1188639140583108,0.088488024849937
805805,Walker Jenkins,MIN,22,L,CF,projected,Strong Side Platoon,feed:order+depth,MLB,3,115.7,27.4,105.0,24.5,16.4,2.8,0.5,4.8,42.7,9.1,1.2,0.4,25.4,2.1,0.6,14.1,12.4,0.233,0.301,0.407,0.708,0.14183,0.02397,0.00416,0.04191,0.07864,0.0106,0.00312,0.21935,0.0182,0.0052,0.1222636338789832,0.1072609171808336
815394,Theo Gillen,TB,22,L,,projected,Bench Bat,feed:prospect,MiLB (MLE),5,115.0,27.2,102.6,24.3,15.9,4.5,0.7,3.2,39.8,10.1,1.3,1.0,26.8,2.3,0.7,12.8,12.2,0.237,0.31,0.388,0.698,0.13825,0.03916,0.00617,0.02785,0.0874,0.01125,0.00838,0.23268,0.02026,0.00572,0.1110392798589936,0.1063834223350814
669224,Austin Wells,NYY,27,L,C,projected,Catcher - Primary,feed:depth,MLB,6,114.9,27.2,101.2,22.1,13.1,4.3,0.3,4.4,40.2,10.9,1.1,1.7,28.7,1.0,0.3,12.1,13.7,0.218,0.297,0.397,0.694,0.11429,0.03718,0.00221,0.0379,0.09456,0.00957,0.01497,0.2496,0.00904,0.00254,0.1053961254707585,0.1195211538090486
640459,Brian Navarreto,MIA,32,R,C,projected,Weak Side Platoon,feed:order+depth,MLB,2,113.0,26.8,102.3,21.6,12.6,6.2,0.2,2.6,36.0,6.9,2.0,1.8,30.0,1.4,0.4,12.6,10.4,0.211,0.27,0.352,0.622,0.11173,0.05518,0.00186,0.02298,0.06097,0.01794,0.01596,0.26542,0.0124,0.0035,0.1111528816444439,0.0918293806816405
668670,Jake Rogers,CWS,32,R,C,projected,Catcher - Backup,feed:depth,MLB,5,111.8,26.5,100.1,18.3,11.1,4.2,0.3,2.7,31.2,9.8,0.9,1.0,33.1,0.7,0.2,12.5,12.1,0.183,0.259,0.312,0.571,0.09911,0.0376,0.00234,0.02439,0.08761,0.00785,0.0085,0.2958,0.00595,0.00168,0.1122175185370298,0.1086460422243217
677347,Kyren Paris,LAA,25,R,LF,projected,Utility OF / 4th OF,feed:depth,MLB,2,110.4,26.1,99.1,20.5,12.5,3.4,0.4,4.2,37.3,9.6,1.5,0.2,37.0,3.2,0.9,12.1,9.7,0.207,0.286,0.376,0.662,0.11339,0.0305,0.00338,0.03781,0.08671,0.01378,0.00157,0.33524,0.02917,0.00799,0.1096842807520065,0.0875942420925076
691019,Kyle Teel,CWS,25,L,C,projected,Catcher - Primary,feed:depth+record,MLB,3,109.2,25.9,94.2,21.2,12.7,4.5,0.4,3.6,37.3,12.5,2.0,0.5,30.9,1.1,0.3,13.4,13.5,0.225,0.327,0.396,0.723,0.11624,0.04141,0.00378,0.03312,0.11471,0.01837,0.00478,0.28336,0.01016,0.00287,0.1227105351970077,0.1237020771382717
621550,Patrick Wisdom,SEA,35,R,3B,projected,Weak Side Platoon,default,MLB,4,108.1,25.6,97.0,17.6,7.4,3.8,0.2,6.2,40.4,9.2,1.5,0.4,36.9,1.7,0.5,12.3,13.0,0.181,0.262,0.416,0.678,0.06888,0.03554,0.00215,0.05705,0.08521,0.01346,0.00389,0.34096,0.0155,0.0044,0.1138521093938925,0.1204058987728319
656413,Stuart Fairchild,SEA,31,R,CF,projected,Weak Side Platoon,default,MLB,2,108.1,25.6,95.7,20.0,13.3,2.7,0.3,3.7,34.4,9.6,2.3,0.5,30.1,3.8,1.0,13.6,10.7,0.209,0.295,0.359,0.654,0.12294,0.02473,0.00246,0.0344,0.08873,0.0215,0.00456,0.27831,0.03486,0.00966,0.12574084317581,0.0994057992689742
815888,Leo De Vries,OAK,21,S,,projected,Bench Bat,feed:prospect,MiLB (MLE),5,107.5,25.5,96.1,23.0,15.6,4.4,0.3,2.7,36.1,9.3,1.2,0.9,25.8,2.6,0.7,12.2,11.7,0.239,0.312,0.376,0.688,0.14558,0.0413,0.00273,0.02536,0.08651,0.01134,0.00871,0.24034,0.02455,0.00685,0.1137291867017833,0.1089605418558665
821100,Justin Gonzales,BOS,21,R,,projected,Bench Bat,feed:prospect,MiLB (MLE),5,105.4,25.0,94.6,21.9,14.5,4.1,0.4,2.9,35.5,8.8,1.2,0.8,24.3,1.8,0.5,12.0,11.5,0.232,0.303,0.375,0.678,0.13787,0.03862,0.00424,0.02722,0.08375,0.01104,0.00757,0.231,0.01743,0.00492,0.1139845743829696,0.1092052211763855
666158,Gavin Lux,CIN,29,L,LF,projected,Bench Bat,feed:order+depth,MLB,6,105.3,24.9,94.5,23.3,16.4,4.7,0.6,1.6,34.0,10.2,0.2,0.4,23.7,1.1,0.3,10.4,9.3,0.247,0.32,0.36,0.68,0.15548,0.04428,0.00576,0.01549,0.09732,0.00182,0.00415,0.22542,0.01074,0.00304,0.098726596260977,0.0887683049511523
606992,Eric Haase,SF,34,R,C,projected,Catcher - Backup,default,MLB,4,104.0,24.6,96.4,21.1,13.5,3.6,0.4,3.6,36.3,6.6,0.5,0.5,31.4,0.9,0.3,11.2,11.9,0.219,0.271,0.377,0.648,0.12969,0.03453,0.00347,0.03501,0.06375,0.00495,0.00465,0.30146,0.00905,0.00255,0.1074872661091115,0.1141261575120103
621512,Tomás Nido,DET,33,R,C,projected,Catcher - Backup,default,MLB,7,103.0,24.4,96.7,23.1,16.7,3.7,0.1,2.6,34.8,4.9,0.5,0.9,25.8,0.6,0.2,10.4,8.9,0.239,0.277,0.36,0.637,0.16186,0.03562,0.00128,0.0252,0.0478,0.00443,0.00858,0.25042,0.00609,0.00172,0.1006266852507428,0.0866246019725682
680862,Willie MacIver,OAK,30,R,C,projected,Catcher - Backup,default,MLB,6,103.0,24.4,93.7,21.6,15.2,4.7,0.3,1.4,31.1,7.5,1.5,0.3,24.4,2.1,0.6,10.1,10.3,0.231,0.297,0.332,0.629,0.14754,0.04591,0.00274,0.01357,0.07327,0.01466,0.00283,0.23688,0.02079,0.00578,0.0982660078081198,0.0997424919863535
642851,Austin Wynns,TEX,36,R,C,projected,Catcher - Backup,default,MLB,7,100.7,23.8,93.1,21.8,14.0,3.7,0.0,4.1,37.8,5.9,1.1,0.6,25.9,0.6,0.2,8.9,9.7,0.234,0.286,0.406,0.692,0.13886,0.03627,0.00036,0.04035,0.05891,0.01073,0.00558,0.25675,0.00614,0.00173,0.0881257566089988,0.0961406752910183
806957,Alfredo Duno,CIN,21,R,,projected,Bench Bat,feed:prospect,MiLB (MLE),5,100.1,23.7,89.8,22.0,14.6,4.4,0.4,2.6,35.0,8.4,1.1,0.8,22.8,1.8,0.5,11.0,10.5,0.245,0.315,0.39,0.705,0.1454,0.04403,0.00389,0.02611,0.08398,0.01113,0.0079,0.22737,0.01764,0.00497,0.1096855274705329,0.1050864325467684
650859,Luis Rengifo,SD,30,S,3B,projected,Bench Bat,feed:order+depth,MLB,5,99.9,23.7,91.8,22.8,17.5,3.5,0.2,1.6,31.5,6.8,0.9,0.4,17.3,2.7,0.9,11.3,10.1,0.248,0.305,0.343,0.648,0.17539,0.03476,0.0025,0.01562,0.06799,0.00906,0.00418,0.17352,0.02708,0.00856,0.1126755632838181,0.1011552447212398
595751,Jorge Alfaro,WSH,34,R,C,projected,Catcher - Backup,default,MLB,6,99.8,23.6,92.4,20.4,15.8,2.8,0.3,1.5,28.3,5.1,1.5,0.8,30.7,1.4,0.4,9.6,11.2,0.221,0.271,0.306,0.577,0.15823,0.02804,0.00262,0.01453,0.05063,0.01496,0.00778,0.30811,0.01373,0.00384,0.0957371673894817,0.1123785164691563
690022,Ryan Ritter,COL,26,R,2B,projected,Bench Bat,default,MLB,5,99.1,23.5,90.8,19.8,15.0,3.6,0.5,0.7,26.5,6.0,1.8,0.5,27.7,1.9,0.5,10.9,9.8,0.218,0.279,0.292,0.571,0.1512,0.03664,0.0048,0.00658,0.06032,0.0185,0.00492,0.27908,0.01876,0.0053,0.1103982986390451,0.0988467256889099
668974,Maverick Handley,BAL,29,R,C,projected,Catcher - Backup,default,MLB,6,98.9,23.4,89.2,19.4,14.7,2.7,0.2,1.8,27.9,7.1,1.4,1.2,27.1,1.6,0.5,10.3,10.2,0.217,0.282,0.313,0.595,0.14823,0.02766,0.00186,0.01777,0.07172,0.01431,0.01183,0.27362,0.01663,0.00469,0.1042884801198958,0.1033641506236501
669087,Sam Huff,BAL,29,R,C,projected,Catcher - Backup,default,MLB,7,98.9,23.4,91.2,18.5,11.3,4.3,0.1,2.8,31.4,7.1,0.2,0.4,33.6,0.7,0.2,9.3,9.1,0.203,0.261,0.344,0.605,0.11395,0.043,0.00113,0.02809,0.07147,0.00245,0.00428,0.33994,0.00723,0.00203,0.0942816086170618,0.091950690756964
694580,Kemp Alderman,MIA,25,R,,projected,Bench Bat,feed:prospect,MiLB (MLE),5,98.6,23.4,88.6,20.3,14.0,3.0,0.2,3.1,33.0,8.0,1.1,0.9,28.8,1.7,0.5,10.7,10.2,0.229,0.298,0.372,0.67,0.14156,0.03,0.00252,0.03173,0.08093,0.0114,0.009,0.29229,0.0177,0.00497,0.1083028077561248,0.1037616900274031
815824,Josiah Hartshorn,CHC,20,S,,projected,Bench Bat,feed:prospect,MiLB (MLE),0,97.8,23.2,87.9,20.6,13.5,4.0,0.3,2.8,33.6,8.1,1.1,0.7,22.3,0.0,0.0,11.9,11.3,0.234,0.305,0.382,0.687,0.13756,0.0406,0.00338,0.02827,0.0828,0.01087,0.00693,0.22789,0.0,0.0,0.1212968604734738,0.1157063027676458
543877,Christian Vázquez,HOU,36,R,C,projected,Bench Bat,feed:order+depth,MLB,8,97.5,23.1,90.2,18.7,14.5,2.5,0.1,1.6,26.2,6.0,0.6,0.7,19.6,0.5,0.1,8.9,9.3,0.207,0.259,0.29,0.549,0.14881,0.02567,0.00081,0.01678,0.0618,0.00578,0.00681,0.20067,0.00516,0.00151,0.0915025951662246,0.0949724822701865
676439,Hunter Feduccia,LAD,30,L,C,projected,Catcher - Backup,feed:depth,MLB,8,97.0,23.0,85.3,18.6,14.3,3.0,0.2,1.1,25.3,10.6,0.4,0.7,23.8,0.9,0.3,9.3,9.2,0.218,0.305,0.297,0.602,0.14705,0.03124,0.0021,0.01124,0.10883,0.00408,0.00771,0.24514,0.00937,0.00263,0.0956384823305177,0.0948798894460577
641658,Garrett Hampson,STL,32,R,2B,projected,Weak Side Platoon,default,MLB,1,96.9,23.0,87.6,18.3,14.3,3.1,0.4,0.5,23.7,8.1,0.5,0.7,26.1,2.8,0.8,10.9,7.4,0.209,0.278,0.271,0.549,0.14737,0.03184,0.00378,0.00554,0.0838,0.00538,0.00726,0.26936,0.02863,0.00787,0.1124153764139665,0.0765116817270188
804858,Bryan Rincon,PHI,23,S,,projected,Bench Bat,feed:prospect,MiLB (MLE),5,96.5,22.9,84.5,18.8,11.7,3.8,0.3,3.0,32.2,10.0,1.1,0.9,23.3,2.1,0.6,11.3,10.8,0.222,0.31,0.381,0.691,0.1213,0.03947,0.00318,0.03121,0.10371,0.01138,0.00886,0.24172,0.02192,0.00611,0.1171713130868302,0.1122583404854701
519317,Giancarlo Stanton,NYY,37,R,RF,projected,Full Time,feed:record over depth,MLB,4,96.1,22.7,86.6,20.5,10.7,3.9,0.0,5.9,42.1,8.8,0.3,0.4,29.8,0.1,0.0,10.6,15.3,0.237,0.308,0.486,0.794,0.11093,0.04094,0.00031,0.06166,0.09123,0.00319,0.00413,0.31008,0.00107,0.0003,0.1104728203963717,0.1587670691068386
543592,Austin Nola,COL,37,R,C,projected,Catcher - Backup,default,MLB,7,95.3,22.6,84.5,20.8,17.3,2.5,0.2,0.8,26.1,8.3,1.2,1.3,17.3,0.9,0.3,8.4,8.0,0.246,0.318,0.309,0.627,0.18128,0.02624,0.0016,0.00851,0.08711,0.01283,0.0139,0.18202,0.0099,0.0028,0.0880982532025674,0.0836812006517073
682818,Yohendrick Piñango,TOR,25,L,LF,projected,Bench Bat,default,MLB,6,94.5,22.4,87.5,21.8,15.1,5.1,0.3,1.3,31.4,6.5,0.3,0.2,22.8,1.0,0.3,8.9,10.6,0.249,0.303,0.359,0.662,0.15982,0.05431,0.00337,0.01416,0.06871,0.00333,0.00207,0.24081,0.01054,0.00297,0.0941551155152453,0.1119645286012276
628451,Andy Ibáñez,NYM,34,R,2B,projected,Weak Side Platoon,default,MLB,5,94.5,22.4,87.1,20.2,14.5,3.7,0.2,1.8,29.7,6.0,0.8,0.6,18.5,1.3,0.4,11.2,11.1,0.232,0.286,0.341,0.627,0.15325,0.03884,0.00248,0.01914,0.06393,0.00817,0.00607,0.19524,0.01379,0.00396,0.1185036466637365,0.1177654681312637
656577,Alex Jackson,MIN,31,R,C,projected,Catcher - Backup,default,MLB,2,92.3,21.9,84.4,17.0,10.5,3.8,0.1,2.6,28.8,5.7,1.9,0.3,29.5,0.9,0.3,12.3,8.6,0.201,0.267,0.341,0.608,0.11384,0.04075,0.00145,0.02845,0.06154,0.02045,0.0036,0.31981,0.00983,0.00276,0.1327725415061061,0.0936794051332091
666181,Will Benson,CIN,29,L,RF,projected,Strong Side Platoon,default,MLB,5,92.2,21.8,82.1,17.5,8.5,4.1,1.0,3.9,35.3,8.8,0.6,0.7,29.9,2.6,0.8,10.4,9.5,0.213,0.292,0.43,0.722,0.0926,0.04487,0.01064,0.04239,0.09594,0.00622,0.0076,0.32419,0.0279,0.00817,0.1124276656572962,0.1030178019848241
687515,Colby Thomas,OAK,26,R,RF,projected,Weak Side Platoon,default,MLB,5,91.8,21.7,84.9,17.1,9.7,3.6,0.3,3.5,31.8,5.1,0.8,1.0,28.0,1.3,0.4,10.6,10.2,0.201,0.251,0.375,0.626,0.10576,0.03942,0.00276,0.03797,0.05529,0.00839,0.01039,0.30462,0.01447,0.00416,0.1149662410132764,0.1108560283008962
650559,Bryan De La Cruz,PHI,30,R,RF,projected,Weak Side Platoon,feed:order+depth,MLB,5,91.5,21.7,85.0,18.7,12.6,4.1,0.3,1.7,28.5,5.3,0.4,0.8,23.4,0.9,0.2,9.9,11.3,0.22,0.267,0.335,0.602,0.13824,0.04484,0.00311,0.01881,0.05777,0.00473,0.00887,0.25521,0.00943,0.00264,0.1082498481956575,0.1232765551897755
670224,Kameron Misner,KC,29,L,CF,projected,Bench Bat,default,MLB,5,91.4,21.6,83.9,16.9,12.0,3.2,0.4,1.3,24.8,6.4,0.5,0.6,28.5,2.5,0.7,10.0,9.3,0.201,0.26,0.296,0.556,0.1311,0.03456,0.00455,0.01395,0.06977,0.00514,0.00698,0.31147,0.02779,0.0077,0.1091039562635054,0.1022182755757417
677942,Blaze Alexander,BAL,28,R,3B,projected,Bench Bat,feed:order+depth,MLB,6,91.3,21.6,82.3,20.8,14.2,4.2,0.5,1.9,31.7,6.8,1.9,0.3,24.0,2.4,0.7,9.8,9.2,0.253,0.323,0.385,0.708,0.15523,0.04565,0.00538,0.02033,0.07449,0.0211,0.00304,0.26334,0.02659,0.00809,0.1075236333567557,0.1005610209556876
668800,Andrew Knizner,SF,32,R,C,projected,Weak Side Platoon,feed:order+depth,MLB,6,91.0,21.6,83.2,19.0,15.7,1.8,0.1,1.4,25.2,5.8,1.6,0.4,19.6,0.6,0.2,9.1,8.1,0.228,0.29,0.303,0.593,0.17202,0.01955,0.00084,0.01591,0.06339,0.01758,0.00396,0.21538,0.00624,0.00177,0.1004679224768202,0.0891494686523938
682877,Juan Brito,CIN,25,S,2B,projected,Weak Side Platoon,feed:order+depth,MLB,5,90.5,21.4,82.5,19.3,11.8,5.3,0.4,1.8,30.8,6.4,0.9,0.7,20.7,1.2,0.3,10.1,10.1,0.234,0.294,0.373,0.667,0.13092,0.05905,0.00469,0.01953,0.07118,0.0094,0.00777,0.22927,0.01372,0.00385,0.1112634596201089,0.1110614073326632
823787,Rainiel Rodriguez,STL,20,R,,projected,Bench Bat,feed:prospect,MiLB (MLE),5,90.0,21.3,80.6,20.3,13.2,3.9,0.2,3.0,33.6,7.6,1.0,0.8,21.1,1.6,0.5,9.8,9.4,0.252,0.321,0.417,0.738,0.14702,0.04372,0.00202,0.03363,0.08419,0.01133,0.00866,0.23428,0.01802,0.00513,0.1090018959870051,0.1044314656114096
696030,Alejandro Osuna,TEX,24,L,LF,projected,Strong Side Platoon,feed:order+depth,MLB,6,89.9,21.3,79.1,20.0,15.9,3.1,0.4,0.6,25.7,8.2,2.1,0.5,16.9,2.5,0.8,9.1,9.0,0.253,0.337,0.325,0.662,0.17692,0.03399,0.0045,0.00713,0.09153,0.02358,0.0051,0.18841,0.02829,0.00839,0.1013561247683132,0.1003974024379281
669261,Jack Suwinski,PIT,28,L,CF,projected,Bench Bat,default,MLB,3,89.2,21.1,77.4,15.7,9.4,3.2,0.4,2.7,27.8,10.3,1.0,0.5,27.3,2.1,0.6,10.2,9.8,0.203,0.303,0.359,0.662,0.10557,0.03567,0.0042,0.03048,0.11547,0.01066,0.00579,0.30559,0.02402,0.00648,0.1142226552550557,0.1093870647763696
695670,Harry Ford,WSH,24,R,C,projected,Weak Side Platoon,feed:order+depth,MLB,2,89.2,21.1,77.6,17.0,9.6,4.2,0.2,3.0,30.6,9.7,1.2,0.7,21.3,1.7,0.5,10.3,8.5,0.219,0.313,0.394,0.707,0.10808,0.04681,0.00227,0.03344,0.10864,0.01361,0.00736,0.23931,0.01875,0.0052,0.1156297064021806,0.0957668134982935
506702,Sandy León,ATL,38,S,C,projected,Catcher - Backup,default,MLB,8,87.9,20.8,81.0,16.6,11.8,2.5,0.1,2.2,25.9,6.1,0.6,0.2,27.2,0.7,0.2,8.2,7.7,0.205,0.265,0.32,0.585,0.13479,0.02792,0.00074,0.02471,0.06938,0.00688,0.00202,0.30936,0.00813,0.00229,0.0933142103163326,0.0870788578572194
622268,Donovan Walton,OAK,33,L,2B,projected,Strong Side Platoon,feed:order+depth,MLB,3,87.2,20.6,77.8,19.3,12.5,4.1,0.3,2.4,31.2,7.5,1.8,0.1,17.1,1.3,0.4,10.8,9.8,0.248,0.328,0.401,0.729,0.14361,0.04754,0.00292,0.02704,0.08635,0.02084,0.00117,0.19564,0.01492,0.0043,0.1233063813714072,0.1120531776345992
687363,Victor Scott II,STL,26,L,CF,projected,Bench Bat,feed:order+depth,MLB,9,87.1,20.6,78.2,17.2,12.6,2.9,0.6,1.1,24.6,6.9,1.4,0.6,21.4,4.8,1.3,9.1,6.6,0.22,0.293,0.315,0.608,0.14486,0.03303,0.00705,0.0124,0.07875,0.01614,0.00716,0.24578,0.05456,0.01456,0.1042306726451177,0.07520174666121
695501,Blake Burke,MIL,24,L,,projected,Bench Bat,feed:prospect,MiLB (MLE),5,87.0,20.6,78.0,16.9,11.1,3.0,0.4,2.4,27.9,7.3,1.0,0.7,21.4,1.4,0.4,10.2,9.8,0.217,0.29,0.358,0.648,0.12805,0.03499,0.00421,0.02712,0.08376,0.0112,0.0082,0.24606,0.01623,0.00458,0.1172969823098257,0.1123787404199927
664731,P.J. Higgins,CIN,34,R,C,projected,Catcher - Backup,default,MLB,5,85.5,20.2,76.9,17.9,14.3,2.3,0.1,1.2,24.0,7.3,0.7,0.6,20.9,1.1,0.3,8.5,9.8,0.233,0.303,0.312,0.615,0.16671,0.02704,0.00121,0.01424,0.08502,0.00821,0.00731,0.24468,0.0126,0.00355,0.0997945869231901,0.1141114347193438
666397,Edouard Julien,COL,28,L,2B,projected,Strong Side Platoon,default,MLB,1,84.1,19.9,73.0,16.1,10.6,3.2,0.3,2.0,25.9,10.3,0.5,0.3,24.9,1.2,0.4,8.9,6.1,0.221,0.32,0.355,0.675,0.1264,0.03857,0.00311,0.02355,0.12289,0.006,0.00349,0.29615,0.01446,0.00426,0.1057664634060079,0.0726525768407859
679032,Johan Rojas,PHI,26,R,CF,projected,Bench Bat,feed:order+depth,MLB,2,82.9,19.6,77.3,18.3,15.0,2.5,0.4,0.4,22.8,4.3,0.9,0.4,18.3,4.6,1.2,10.0,8.3,0.237,0.283,0.295,0.578,0.18103,0.03015,0.00519,0.00478,0.05213,0.01105,0.00445,0.22132,0.05584,0.01443,0.1207275652208691,0.1000375780942209
682641,Luis Matos,SF,25,R,RF,projected,Bench Bat,default,MLB,5,81.1,19.2,75.3,17.3,11.0,3.8,0.3,2.2,28.3,5.1,0.4,0.3,13.8,1.0,0.3,8.7,8.3,0.23,0.281,0.376,0.657,0.13553,0.04693,0.0032,0.02757,0.06284,0.00544,0.00359,0.17025,0.01262,0.00346,0.1073350852173545,0.1027506358531751
688363,Graham Pauley,MIA,26,L,3B,projected,Bench Bat,feed:order+depth,MLB,5,80.5,19.1,73.6,16.1,9.4,3.3,0.2,3.2,29.4,6.2,0.3,0.4,19.1,0.9,0.3,8.0,8.4,0.219,0.281,0.399,0.68,0.11673,0.04157,0.00308,0.03986,0.07748,0.00407,0.00554,0.23685,0.01162,0.00329,0.0988025614617279,0.1046357126864876
671286,Johnathan Rodríguez,CLE,27,R,RF,projected,Weak Side Platoon,default,MLB,5,80.2,19.0,70.8,15.4,9.6,3.6,0.2,2.0,25.4,8.5,0.3,0.6,22.0,1.2,0.3,8.6,9.0,0.218,0.302,0.359,0.661,0.12027,0.04431,0.00245,0.02547,0.10559,0.00408,0.00715,0.27447,0.01521,0.00427,0.1069150834094314,0.1123476819617338
543510,James McCann,ARI,37,R,C,projected,Catcher - Backup,feed:depth,MLB,5,80.2,19.0,73.9,17.6,11.8,2.9,0.1,2.8,29.1,4.2,1.3,0.8,19.9,0.6,0.2,8.7,9.7,0.238,0.288,0.394,0.682,0.14763,0.03606,0.00148,0.03514,0.05251,0.01581,0.00996,0.24759,0.00718,0.002,0.1088134502307274,0.1215081777545091
606115,Orlando Arcia,MIN,32,R,SS,projected,Bench Bat,default,MLB,8,79.9,18.9,73.5,16.4,12.4,2.5,0.1,1.4,23.3,5.4,0.4,0.6,16.9,0.3,0.1,7.3,6.9,0.223,0.278,0.317,0.595,0.15496,0.0313,0.00125,0.01813,0.06726,0.00446,0.00772,0.21183,0.00432,0.00125,0.09081697886525,0.0863832206949496
643396,Isiah Kiner-Falefa,BOS,32,R,2B,projected,Bench Bat,feed:order+depth,MLB,6,79.8,18.9,73.9,18.6,15.1,2.9,0.2,0.4,23.1,4.6,0.9,0.4,13.5,2.6,0.7,8.5,7.1,0.252,0.302,0.313,0.615,0.18969,0.03656,0.00228,0.00502,0.05711,0.01097,0.00535,0.16881,0.03276,0.00899,0.1065155851668224,0.0893879030687499
677956,Rece Hinds,BAL,26,R,RF,projected,Weak Side Platoon,feed:order+depth,MLB,5,79.7,18.9,72.5,14.4,6.6,4.7,0.6,2.5,27.8,5.5,0.9,0.8,27.1,1.1,0.3,8.4,8.8,0.199,0.261,0.383,0.644,0.08296,0.05909,0.00736,0.03191,0.06927,0.01136,0.0101,0.33955,0.01335,0.00373,0.1059060567383258,0.1103970924429109
690987,Robert Hassell III,WSH,25,L,CF,projected,Bench Bat,default,MLB,5,77.8,18.4,72.9,16.1,11.2,3.4,0.4,1.1,23.6,4.3,0.5,0.1,21.4,1.3,0.4,8.6,7.7,0.221,0.269,0.324,0.593,0.14365,0.0432,0.00515,0.01425,0.05581,0.0064,0.00188,0.27489,0.01685,0.00466,0.1101945864533558,0.0991859980479178
681987,Nate Eaton,BOS,30,R,CF,projected,Weak Side Platoon,feed:order+depth,MLB,6,74.3,17.6,66.2,15.0,10.3,3.5,0.3,0.9,21.8,6.1,1.2,0.8,18.7,3.2,0.9,8.4,6.6,0.227,0.3,0.329,0.629,0.13916,0.04718,0.00342,0.01178,0.08179,0.01635,0.01089,0.25204,0.04326,0.01163,0.1127547408172587,0.0894278976562527
800522,Josue Briceño,DET,23,L,,projected,Bench Bat,feed:prospect,MiLB (MLE),5,74.2,17.6,66.6,15.1,9.8,3.3,0.2,1.8,24.2,6.2,0.8,0.6,17.3,1.2,0.4,8.6,8.2,0.227,0.298,0.363,0.661,0.13213,0.0441,0.00294,0.02458,0.08388,0.01106,0.00763,0.23307,0.01678,0.00473,0.1154184738764934,0.1105789975157071
644433,Chadwick Tromp,BAL,32,R,C,projected,Catcher - Backup,default,MLB,6,74.2,17.6,69.6,14.7,11.7,2.5,0.1,0.4,18.6,3.5,0.3,0.8,19.3,0.8,0.2,7.1,7.7,0.211,0.249,0.267,0.516,0.15798,0.03392,0.00174,0.00581,0.04719,0.00381,0.01096,0.26069,0.011,0.0031,0.0953767381289182,0.104429138956281
691777,Max Muncy,OAK,24,R,3B,projected,Bench Bat,feed:order+depth,MLB,6,73.8,17.5,67.4,14.6,9.0,3.2,0.2,2.2,24.8,4.8,1.0,0.6,22.4,1.0,0.3,7.5,7.7,0.217,0.276,0.368,0.644,0.12259,0.04294,0.00227,0.03035,0.06533,0.01306,0.0076,0.3031,0.01298,0.00378,0.1011690949423496,0.1049999728101991
683227,Cody Freeman,TEX,26,R,3B,projected,Weak Side Platoon,feed:order+depth,MLB,6,71.9,17.0,66.2,14.9,12.1,1.9,0.1,0.8,19.4,4.9,0.4,0.4,13.3,1.2,0.4,7.3,7.1,0.225,0.281,0.293,0.574,0.16841,0.02596,0.00145,0.01154,0.06836,0.00616,0.00509,0.18472,0.01686,0.00487,0.1022189748656599,0.0989593189423505
666023,Freddy Fermin,SD,32,R,C,projected,Bench Bat,feed:order+depth,MLB,6,69.9,16.6,64.4,14.7,10.8,2.6,0.2,1.1,21.0,4.5,0.5,0.5,14.2,0.5,0.2,7.0,6.8,0.228,0.282,0.326,0.608,0.15486,0.0374,0.00231,0.01595,0.06417,0.00661,0.00716,0.20352,0.00757,0.00221,0.0995943623985129,0.097086880473616
690984,Petey Halpin,CLE,25,L,CF,projected,Bench Bat,feed:order+depth,MLB,2,69.6,16.5,64.1,15.2,11.6,1.8,0.3,1.5,22.1,4.4,0.7,0.4,14.0,2.4,0.7,8.5,6.3,0.237,0.292,0.345,0.637,0.16628,0.02646,0.00444,0.02117,0.06318,0.0099,0.00536,0.20127,0.03467,0.00963,0.1227593584056667,0.0900865720857808
624512,Reese McGuire,CWS,32,L,C,projected,Catcher - Backup,default,MLB,7,68.6,16.3,63.3,13.9,9.5,2.0,0.1,2.3,23.0,3.9,0.7,0.7,15.9,0.6,0.2,5.8,6.7,0.22,0.27,0.363,0.633,0.13914,0.02858,0.002,0.03311,0.05635,0.00965,0.01045,0.23112,0.00846,0.00236,0.0842136786619144,0.097103723898346
671221,Drew Waters,KC,28,S,LF,projected,Bench Bat,default,MLB,2,68.5,16.2,62.4,13.7,10.0,2.7,0.3,0.7,19.1,5.0,0.8,0.3,20.2,2.0,0.6,7.9,6.8,0.22,0.285,0.306,0.591,0.14616,0.03963,0.00448,0.01054,0.07311,0.01125,0.00453,0.29491,0.02874,0.00834,0.115021492464324,0.0998176724091325
805373,Nacho Alvarez Jr.,ATL,24,R,3B,projected,Bench Bat,default,MLB,7,68.5,16.2,62.4,14.2,11.0,2.4,0.1,0.7,18.9,4.2,1.6,0.3,16.5,0.7,0.2,6.8,6.1,0.228,0.292,0.303,0.595,0.16108,0.03495,0.00209,0.01026,0.06198,0.02387,0.00474,0.24149,0.01068,0.00301,0.0998479542297597,0.089723223504071
649966,Luis Urías,TOR,30,R,2B,projected,Bench Bat,feed:order+depth,MLB,6,67.7,16.0,58.9,13.7,9.5,2.5,0.1,1.6,21.2,6.5,1.8,0.5,13.7,0.5,0.1,6.5,6.5,0.233,0.325,0.36,0.685,0.14045,0.03656,0.00099,0.02403,0.09639,0.02677,0.00761,0.20195,0.00675,0.00195,0.0959232866986302,0.0966993173846714
804109,Aiva Arquette,MIA,24,R,,projected,Bench Bat,feed:prospect,MiLB (MLE),5,64.6,15.3,58.3,13.9,9.5,2.3,0.2,1.9,22.3,5.1,0.7,0.5,15.0,1.3,0.4,7.0,6.7,0.238,0.305,0.383,0.688,0.14669,0.03597,0.00246,0.02934,0.07924,0.01122,0.00826,0.23163,0.01974,0.00553,0.1083028077561248,0.1037616900274031
663584,Hayden Senger,NYM,30,R,C,projected,Catcher - Backup,default,MLB,6,64.6,15.3,59.4,13.6,9.4,1.8,0.1,2.3,22.5,3.9,0.7,0.6,16.1,0.8,0.2,7.3,6.4,0.229,0.282,0.379,0.661,0.14526,0.02737,0.00216,0.03552,0.06075,0.01047,0.00866,0.24851,0.01313,0.0037,0.113762669046728,0.0992382266542696
670156,Miles Mastrobuoni,SEA,31,L,3B,projected,Bench Bat,default,MLB,9,63.1,14.9,57.4,13.6,11.5,1.7,0.1,0.3,16.4,5.2,0.1,0.4,13.1,2.2,0.6,7.0,4.5,0.237,0.3,0.286,0.586,0.18225,0.02736,0.00231,0.00446,0.08249,0.00156,0.00623,0.20709,0.03469,0.00962,0.110695101095501,0.0710926299093488
682848,Endy Rodríguez,PIT,27,S,C,projected,Bench Bat,feed:order+depth,MLB,2,62.2,14.7,55.5,12.9,8.7,2.5,0.2,1.5,20.3,6.4,0.1,0.2,15.4,1.2,0.3,7.2,5.8,0.232,0.312,0.366,0.678,0.13967,0.04087,0.00319,0.02413,0.10329,0.00173,0.00303,0.24763,0.01851,0.00523,0.1151141869665569,0.0926999168719659
641555,J.C. Escarra,NYY,32,L,C,projected,Catcher - Backup,default,MLB,7,60.2,14.2,53.9,12.7,8.8,2.8,0.1,1.0,18.7,5.1,0.4,0.8,11.8,0.7,0.2,6.1,6.4,0.236,0.302,0.347,0.649,0.14557,0.04666,0.00196,0.01628,0.08445,0.0068,0.01286,0.19588,0.01237,0.00347,0.1008555470351346,0.106479299603594
677870,Leo Jiménez,MIA,26,R,3B,projected,Bench Bat,default,MLB,7,60.1,14.2,52.2,11.6,8.8,1.7,0.2,0.9,16.4,4.6,2.8,0.5,14.2,0.6,0.2,5.6,5.1,0.222,0.316,0.314,0.63,0.14714,0.02891,0.00271,0.0158,0.07637,0.04673,0.00862,0.23685,0.01043,0.00293,0.0925894003851923,0.0847041959608428
692585,Yanquiel Fernández,COL,24,L,RF,projected,Bench Bat,default,MLB,5,59.7,14.1,55.1,12.1,7.5,2.9,0.2,1.5,19.9,4.0,0.2,0.4,16.0,0.6,0.2,6.1,5.7,0.22,0.273,0.361,0.634,0.12616,0.04836,0.00335,0.02578,0.06737,0.00381,0.00667,0.26753,0.00939,0.00265,0.1029182582727894,0.094859238502404
702176,Alan Roden,MIN,27,L,RF,projected,Bench Bat,feed:order+depth,MLB,6,59.6,14.1,52.5,13.0,10.0,2.0,0.1,0.9,17.9,4.9,1.2,1.0,12.4,0.8,0.2,6.3,6.1,0.248,0.32,0.341,0.661,0.16715,0.03287,0.00242,0.01459,0.08228,0.02043,0.01659,0.20851,0.01389,0.00396,0.1052191865561354,0.1020364888176354
681481,Kerry Carpenter,DET,29,L,RF,projected,Bench Bat,feed:order+depth,MLB,4,58.5,13.9,53.7,12.8,6.7,2.7,0.3,3.1,25.4,3.5,0.9,0.4,15.0,0.4,0.1,7.4,8.2,0.238,0.294,0.473,0.767,0.11482,0.04572,0.00553,0.05371,0.0603,0.01614,0.00616,0.25621,0.00599,0.00172,0.1260592472137034,0.1400714549194111
669477,Casey Schmitt,SF,28,R,LF,projected,Bench Bat,feed:order+depth,MLB,4,58.1,13.8,53.8,13.7,8.3,2.9,0.2,2.3,23.9,2.9,0.9,0.5,13.0,0.7,0.2,6.1,6.9,0.255,0.301,0.444,0.745,0.14326,0.0501,0.00385,0.03935,0.04979,0.0149,0.00919,0.22411,0.01214,0.00334,0.1044626708854413,0.1181779737550403
657557,Paul DeJong,WSH,33,R,3B,projected,Bench Bat,default,MLB,6,57.9,13.7,53.3,10.8,6.0,2.8,0.1,1.9,19.5,3.3,0.8,0.5,18.3,0.7,0.2,5.8,6.1,0.203,0.257,0.366,0.623,0.10366,0.04856,0.00201,0.03328,0.05755,0.01365,0.00869,0.31611,0.01138,0.00335,0.1000556172397298,0.1046705281780956
680474,Max Schuemann,NYY,30,R,LF,projected,Bench Bat,default,MLB,2,57.6,13.6,50.3,10.8,7.7,1.9,0.2,1.0,16.1,5.9,1.0,0.4,13.4,1.6,0.4,7.7,5.3,0.215,0.307,0.32,0.627,0.13318,0.03257,0.00291,0.01669,0.10164,0.01719,0.00646,0.23216,0.02748,0.0075,0.1329459483644956,0.0917087432467453
702652,Andrew Fischer,MIL,23,L,,projected,Bench Bat,feed:prospect,MiLB (MLE),5,57.0,13.5,50.5,10.9,6.5,1.8,0.2,2.4,20.3,5.4,0.6,0.5,15.0,0.9,0.3,6.7,6.4,0.216,0.296,0.402,0.698,0.11316,0.03224,0.00403,0.04143,0.09534,0.01128,0.00849,0.26284,0.01642,0.00465,0.1172969823098257,0.1123787404199927
815352,Caleb Bonemer,CWS,22,R,,projected,Bench Bat,feed:prospect,MiLB (MLE),5,56.8,13.5,50.6,11.3,7.0,2.2,0.2,1.9,19.6,5.1,0.6,0.5,14.0,0.9,0.3,6.2,6.0,0.223,0.299,0.387,0.686,0.12294,0.0396,0.004,0.03343,0.09001,0.01128,0.0085,0.24594,0.01667,0.0047,0.1097434769942643,0.1051419522571364
808535,John Gil,ATL,21,R,,projected,Bench Bat,feed:prospect,MiLB (MLE),5,55.3,13.1,49.7,12.2,8.5,2.0,0.3,1.4,19.0,4.6,0.6,0.4,12.6,1.2,0.3,6.5,6.2,0.245,0.315,0.382,0.697,0.15402,0.03702,0.00594,0.02445,0.08255,0.01115,0.008,0.22759,0.02127,0.006,0.1172987096268818,0.1123803953109476
678554,Curtis Mead,BOS,26,R,3B,projected,Bench Bat,feed:order+depth,MLB,2,54.2,12.8,48.5,11.6,7.3,2.5,0.1,1.7,19.4,4.5,1.0,0.2,11.9,0.9,0.2,6.6,5.8,0.239,0.315,0.4,0.715,0.1351,0.04553,0.00239,0.03093,0.08352,0.01931,0.00278,0.22023,0.01629,0.00455,0.1220934769991616,0.1065555797543252
668715,Spencer Steer,CIN,29,R,1B,projected,Bench Bat,feed:order+depth,MLB,4,54.0,12.8,47.9,11.4,6.8,2.3,0.2,2.1,20.4,5.2,0.7,0.2,12.0,1.1,0.3,6.1,6.3,0.238,0.32,0.426,0.746,0.12573,0.04222,0.00303,0.03851,0.09543,0.01294,0.00419,0.22306,0.01947,0.00506,0.1127355548572135,0.1169786528935735
457759,Justin Turner,CHC,42,R,1B,projected,Bench Bat,default,MLB,5,50.5,11.9,44.5,10.8,7.8,1.7,0.0,1.3,16.4,4.6,0.8,0.6,9.3,0.3,0.1,5.8,6.3,0.243,0.321,0.369,0.69,0.15537,0.03449,0.00079,0.02632,0.09142,0.01571,0.0127,0.18464,0.00557,0.00158,0.1149122504255513,0.1244838002789075
805127,Devin Taylor,OAK,23,L,,projected,Bench Bat,feed:prospect,MiLB (MLE),5,49.6,11.7,44.6,10.7,7.1,2.0,0.1,1.5,17.4,4.1,0.5,0.4,11.7,0.9,0.2,5.6,5.4,0.24,0.308,0.39,0.698,0.14267,0.04091,0.00287,0.02973,0.08304,0.01108,0.00772,0.23652,0.01732,0.00488,0.1137291867017833,0.1089605418558665
657656,Ramón Laureano,SD,32,R,LF,projected,Bench Bat,feed:order+depth,MLB,3,49.6,11.7,44.8,10.8,6.1,2.3,0.2,2.2,20.1,3.6,1.0,0.2,13.9,1.2,0.4,6.4,5.8,0.241,0.31,0.449,0.759,0.12279,0.0456,0.00346,0.0445,0.07187,0.02011,0.00446,0.27938,0.02455,0.00719,0.1288885990231109,0.1172071571239931
814307,Zyhir Hope,DET,22,L,,projected,Bench Bat,feed:prospect,MiLB (MLE),5,48.6,11.5,43.4,10.3,6.9,1.7,0.1,1.6,17.0,4.2,0.6,0.4,12.6,1.1,0.3,5.6,5.4,0.237,0.311,0.392,0.703,0.14182,0.03513,0.00308,0.0321,0.08626,0.01138,0.00889,0.25869,0.02174,0.00611,0.1154184738764934,0.1105789975157071
663898,Brendan Rodgers,HOU,30,R,2B,projected,Bench Bat,default,MLB,5,47.4,11.2,43.5,11.1,8.1,1.8,0.1,1.1,16.4,3.2,0.4,0.3,11.1,0.2,0.1,5.8,5.1,0.255,0.31,0.377,0.687,0.17015,0.03829,0.00146,0.0239,0.06821,0.00757,0.00549,0.23488,0.00451,0.00129,0.1221462969397677,0.1071379900684144
806068,Colt Emerson,SEA,21,L,SS,projected,Bench Bat,feed:order+depth,MLB,5,46.5,11.0,42.5,8.8,6.1,1.6,0.1,1.0,13.6,3.2,0.4,0.4,14.4,0.7,0.2,5.1,4.9,0.207,0.267,0.32,0.587,0.13023,0.03445,0.00273,0.02218,0.06781,0.00871,0.00775,0.31038,0.01544,0.00436,0.1094063223914107,0.1048406489978508
702679,Demetrio Crisantes,ARI,23,R,,projected,Bench Bat,feed:prospect,MiLB (MLE),5,45.9,10.9,41.2,10.0,6.7,2.1,0.2,1.0,15.5,3.8,0.5,0.4,10.1,0.7,0.2,5.5,5.3,0.243,0.312,0.376,0.688,0.14628,0.04519,0.00512,0.02265,0.08176,0.01129,0.00853,0.22098,0.01563,0.00442,0.1197021453855344,0.1146830554298953
666163,Ben Rortvedt,LAD,29,L,C,projected,Catcher - Backup,default,MLB,7,44.6,10.6,40.0,8.4,6.7,1.3,0.0,0.4,10.9,4.1,0.5,0.0,11.0,0.3,0.1,4.5,4.7,0.21,0.291,0.272,0.563,0.15093,0.02877,0.00109,0.00893,0.09154,0.01037,0.00084,0.24589,0.00687,0.00193,0.1008147631891856,0.1049535567205774
682653,Warming Bernabel,COL,25,R,1B,projected,Bench Bat,default,MLB,5,44.5,10.5,41.3,10.6,7.8,1.5,0.2,1.1,15.8,2.9,0.2,0.1,8.9,0.8,0.2,4.8,4.6,0.257,0.308,0.383,0.691,0.17584,0.03361,0.00347,0.0243,0.06428,0.00383,0.00239,0.20063,0.01836,0.00524,0.1083065020821896,0.1028061977429578
810938,Ben Williamson,TB,26,R,2B,projected,Bench Bat,feed:order+depth,MLB,6,44.4,10.5,41.1,10.3,8.3,1.6,0.1,0.3,13.0,3.0,0.3,0.0,9.3,1.0,0.3,4.8,3.7,0.251,0.306,0.316,0.622,0.1876,0.03671,0.00256,0.00753,0.06672,0.0057,0.00082,0.21012,0.0224,0.00613,0.1073574511057744,0.0841171246370411
665861,Sebastián Rivero,LAA,28,R,C,projected,Catcher - Backup,default,MLB,5,43.8,10.4,40.6,9.7,7.5,1.6,0.0,0.6,13.1,2.9,0.2,0.1,10.4,0.6,0.2,4.5,4.4,0.239,0.292,0.323,0.615,0.17051,0.03594,0.00083,0.01261,0.06628,0.00433,0.0027,0.23849,0.01414,0.00397,0.1021465804567779,0.1015394546585253
642133,Rowdy Tellez,TEX,32,L,1B,projected,Bench Bat,feed:order+depth,MLB,4,43.5,10.3,39.3,9.3,5.7,1.6,0.0,2.0,16.9,3.5,0.3,0.4,10.1,0.1,0.0,4.2,5.7,0.237,0.301,0.43,0.731,0.13013,0.03592,0.00058,0.04554,0.08095,0.00594,0.00911,0.23323,0.00222,0.00062,0.0954887441063564,0.1305108708353243
665561,Rafael Marchán,PHI,28,S,C,projected,Bench Bat,feed:order+depth,MLB,7,43.4,10.3,39.9,9.0,6.8,1.3,0.1,0.8,12.9,2.7,0.6,0.2,7.7,0.4,0.1,4.1,4.3,0.226,0.283,0.323,0.606,0.15643,0.0295,0.00122,0.01957,0.06258,0.01359,0.00435,0.17779,0.00958,0.0027,0.0952376655318042,0.0987939176658431
645305,Ali Sánchez,NYY,30,R,C,projected,Catcher - Backup,feed:depth,MLB,7,42.9,10.2,39.9,9.4,7.6,1.4,0.0,0.4,12.0,1.9,0.7,0.4,10.8,0.7,0.2,4.4,4.3,0.236,0.28,0.301,0.581,0.17829,0.03268,0.0008,0.00843,0.04526,0.01626,0.00856,0.25177,0.01624,0.00469,0.1029453072308073,0.1002866070865745
815520,Braylon Payne,MIL,21,L,,projected,Bench Bat,feed:prospect,MiLB (MLE),5,42.8,10.1,38.5,9.1,5.8,1.8,0.2,1.3,15.2,3.5,0.5,0.3,10.0,0.7,0.2,5.0,4.8,0.236,0.306,0.395,0.701,0.13666,0.04221,0.00526,0.02931,0.0816,0.01108,0.00773,0.23372,0.01725,0.00486,0.1172969823098257,0.1123787404199927
700242,Trey Sweeney,DET,27,L,SS,projected,Bench Bat,feed:order+depth,MLB,6,42.5,10.1,38.8,7.9,5.4,1.2,0.3,1.0,12.7,3.2,0.1,0.4,11.5,0.6,0.2,4.5,4.5,0.204,0.264,0.327,0.591,0.12607,0.02909,0.00672,0.02352,0.07531,0.00349,0.01031,0.27067,0.01382,0.00387,0.1064583555097656,0.1066709684879591
691458,Blaze Jordan,STL,24,R,3B,projected,Bench Bat,feed:order+depth,MLB,5,42.2,10.0,38.9,9.3,6.6,1.8,0.1,0.8,13.7,2.2,0.4,0.7,7.7,0.4,0.1,3.9,4.9,0.239,0.282,0.352,0.634,0.15658,0.04343,0.0022,0.02006,0.05235,0.01005,0.01594,0.18152,0.00893,0.00252,0.0933496061860641,0.1165937824268017
804558,Raudi Rodriguez,LAA,24,R,,projected,Bench Bat,feed:prospect,MiLB (MLE),5,42.1,10.0,37.4,8.9,6.3,1.2,0.3,1.1,14.0,3.8,0.5,0.4,9.6,0.9,0.2,4.5,4.3,0.238,0.314,0.374,0.688,0.14902,0.02924,0.00702,0.02515,0.08927,0.01126,0.00841,0.22828,0.0203,0.00571,0.106480524616612,0.1020158149002312
677588,José Tena,WSH,26,L,2B,projected,Bench Bat,feed:order+depth,MLB,6,41.1,9.7,37.4,8.3,5.7,1.8,0.2,0.6,12.3,3.3,0.3,0.1,11.2,0.9,0.2,4.3,3.7,0.222,0.29,0.329,0.619,0.13825,0.04485,0.00373,0.0139,0.07984,0.0064,0.00337,0.27331,0.02127,0.00599,0.1047693485408015,0.0905095702023393
678877,Jhonkensy Noel,CLE,25,R,RF,projected,Bench Bat,default,MLB,3,40.9,9.7,37.9,7.5,4.3,1.5,0.1,1.6,14.0,2.3,0.5,0.2,12.4,0.3,0.1,4.8,4.4,0.198,0.252,0.369,0.621,0.10493,0.03714,0.00142,0.03949,0.05674,0.01321,0.00577,0.30241,0.00783,0.00221,0.1171530710897028,0.1085072304096621
545341,Randal Grichuk,CWS,35,R,LF,projected,Bench Bat,feed:depth+record,MLB,3,40.7,9.6,37.8,9.8,5.8,2.3,0.1,1.6,17.1,2.2,0.4,0.3,8.7,0.2,0.1,4.8,4.6,0.259,0.305,0.452,0.757,0.14155,0.05719,0.00365,0.0384,0.05521,0.00892,0.00631,0.21425,0.00587,0.00169,0.1172907476928172,0.1131513007535599
800473,Jefferson Rojas,NYM,22,R,,projected,Bench Bat,feed:prospect,MiLB (MLE),0,40.6,9.6,36.6,8.7,5.6,1.7,0.1,1.3,14.5,3.3,0.4,0.3,9.3,0.0,0.0,4.8,4.6,0.238,0.305,0.396,0.701,0.13913,0.04095,0.00322,0.03308,0.08231,0.01095,0.00723,0.229,0.0,0.0,0.1175263398742655,0.1121095650092184
687231,Darell Hernaiz,OAK,25,R,SS,projected,Bench Bat,default,MLB,8,40.3,9.5,36.0,8.3,6.7,1.2,0.1,0.3,10.6,3.5,0.2,0.6,7.4,0.8,0.2,3.7,3.5,0.231,0.298,0.294,0.592,0.16744,0.03082,0.00196,0.00819,0.08762,0.00493,0.01469,0.18409,0.02028,0.00597,0.0906940382724485,0.0863643481822227
691740,Daniel Susac,SF,26,R,C,projected,Bench Bat,feed:order+depth,MLB,5,40.1,9.5,36.3,8.7,6.0,1.7,0.2,0.8,13.2,2.5,0.6,0.7,9.1,0.7,0.2,3.7,4.7,0.24,0.294,0.364,0.658,0.14878,0.04244,0.00385,0.02037,0.06295,0.01564,0.01844,0.22813,0.01857,0.00538,0.0920409055957766,0.1170080831496584
805207,Caden Bodine,TB,24,S,,projected,Bench Bat,feed:prospect,MiLB (MLE),5,39.8,9.4,35.8,8.7,5.6,1.8,0.1,1.2,14.3,3.3,0.4,0.3,8.9,0.7,0.2,4.4,4.2,0.243,0.312,0.399,0.711,0.14191,0.04416,0.00298,0.03049,0.08343,0.01106,0.00764,0.22484,0.01774,0.005,0.1110392798589936,0.1063834223350814
650968,Yohel Pozo,BAL,30,R,C,projected,Bench Bat,feed:order+depth,MLB,5,39.8,9.4,37.4,9.5,7.0,1.7,0.0,0.8,13.6,2.0,0.1,0.3,6.8,0.4,0.1,4.0,4.4,0.254,0.291,0.364,0.655,0.1752,0.04322,0.00052,0.01952,0.05125,0.0028,0.00804,0.17094,0.00996,0.00279,0.1014451622129661,0.111401798417091
823807,Kane Kepley,CHC,23,L,,projected,Bench Bat,feed:prospect,MiLB (MLE),5,39.4,9.3,35.3,7.9,5.2,1.5,0.2,1.0,12.8,3.4,0.4,0.3,9.0,0.8,0.2,4.8,4.6,0.224,0.297,0.363,0.66,0.13096,0.03802,0.00502,0.02609,0.08651,0.01113,0.0079,0.22748,0.01958,0.00549,0.1223269824307857,0.117197833518337
694371,Tommy Troy,ARI,25,R,LF,projected,Bench Bat,default,MLB,2,38.8,9.2,35.2,8.0,5.4,1.3,0.2,1.1,13.0,3.3,0.2,0.1,9.2,0.6,0.2,5.2,3.7,0.227,0.296,0.369,0.665,0.13822,0.03264,0.00644,0.02753,0.086,0.00388,0.00242,0.23595,0.01598,0.00448,0.1350114197690527,0.0950267031350075
686676,Korey Lee,CWS,28,R,C,projected,Catcher - Backup,default,MLB,3,37.9,9.0,35.6,7.7,5.3,1.5,0.1,0.8,11.8,2.2,0.1,0.0,10.8,0.6,0.2,4.5,4.1,0.216,0.264,0.331,0.595,0.13897,0.03892,0.00229,0.02238,0.0578,0.00142,0.00088,0.28392,0.01597,0.00458,0.1174158937630739,0.1082513507719739
681146,Jonah Bride,MIN,31,R,3B,projected,Bench Bat,default,MLB,6,36.5,8.6,31.8,7.3,5.4,1.1,0.1,0.7,10.7,3.6,0.6,0.5,8.3,0.3,0.1,3.8,3.6,0.23,0.315,0.336,0.651,0.14908,0.02997,0.00186,0.02015,0.09731,0.01609,0.01454,0.22786,0.00839,0.00242,0.1051291102050458,0.0992040880000394
518934,DJ LeMahieu,NYY,38,R,2B,projected,Bench Bat,default,MLB,7,36.4,8.6,32.3,8.1,6.5,1.3,0.0,0.3,10.3,3.7,0.2,0.2,7.0,0.3,0.1,4.0,3.4,0.251,0.33,0.319,0.649,0.17948,0.03453,0.00128,0.00934,0.1019,0.00555,0.00664,0.19357,0.00755,0.00223,0.1103087031035178,0.0941705026395534
592192,Mark Canha,KC,38,R,LF,projected,Bench Bat,default,MLB,6,35.1,8.3,30.3,7.3,5.4,1.4,0.1,0.4,10.1,3.2,1.2,0.4,6.7,0.5,0.1,3.6,3.5,0.241,0.333,0.333,0.666,0.15433,0.03955,0.00286,0.01109,0.09166,0.03497,0.01,0.19113,0.01427,0.00389,0.1020799692204638,0.0985432781355004
805347,Jim Jarvis,ATL,26,L,SS,projected,Bench Bat,default,MLB,6,34.8,8.2,31.9,7.9,5.9,1.4,0.2,0.4,10.9,2.5,0.3,0.1,7.2,0.6,0.2,3.6,3.6,0.248,0.307,0.342,0.649,0.16818,0.04034,0.00511,0.01241,0.0726,0.00899,0.00265,0.20814,0.01658,0.00476,0.1038710941827519,0.1033566261580726
694377,Nick Yorke,PIT,25,R,3B,projected,Bench Bat,default,MLB,6,34.4,8.1,31.3,7.3,5.2,1.6,0.1,0.4,10.3,2.5,0.3,0.3,7.9,0.6,0.2,3.3,3.6,0.233,0.294,0.329,0.623,0.15151,0.04686,0.00222,0.01302,0.07304,0.00901,0.00801,0.23057,0.01625,0.0045,0.0945605047916207,0.1059275341132615
666310,Bo Naylor,MIL,27,L,C,projected,Bench Bat,feed:order+depth,MLB,5,33.7,8.0,30.2,6.2,3.5,1.3,0.1,1.3,11.6,3.1,0.1,0.3,8.9,0.4,0.1,3.8,3.9,0.205,0.279,0.384,0.663,0.10266,0.03883,0.00434,0.03984,0.09285,0.00388,0.00764,0.26457,0.01244,0.00361,0.1139324109751491,0.1170294628764875
694388,Joey Loperfido,HOU,28,L,LF,projected,Bench Bat,default,MLB,6,33.6,8.0,30.7,6.9,4.9,1.1,0.1,0.8,10.6,2.3,0.5,0.1,9.9,0.6,0.2,3.6,3.7,0.225,0.289,0.345,0.634,0.1446,0.03169,0.00436,0.02254,0.06939,0.01515,0.00439,0.29585,0.01885,0.0056,0.1086220984080608,0.1088624821532147
815873,Sean Keys,TOR,24,L,1B,projected,Bench Bat,feed:order+depth,MLB,3,33.5,7.9,30.5,6.7,3.9,1.2,0.1,1.5,12.6,2.3,0.4,0.3,9.1,0.4,0.1,4.0,3.9,0.22,0.281,0.413,0.694,0.11749,0.03605,0.00386,0.0438,0.06847,0.01246,0.0103,0.27202,0.01265,0.00357,0.1188014571769825,0.1151472367313204
670223,Matt Mervis,MIA,29,L,1B,projected,Bench Bat,default,MLB,6,33.0,7.8,29.9,6.0,3.4,0.9,0.1,1.6,11.9,2.6,0.4,0.1,10.1,0.3,0.1,3.2,3.3,0.201,0.273,0.398,0.671,0.10371,0.02724,0.0016,0.04981,0.07778,0.01103,0.00444,0.30709,0.00807,0.00228,0.097919038556349,0.1001515964355322
823550,Sung-Mun Song,SD,30,L,2B,projected,Bench Bat,feed:order+depth,MLB,3,32.8,7.8,29.1,6.1,4.7,1.1,0.1,0.2,8.0,3.4,0.1,0.2,7.1,1.5,0.4,4.1,3.6,0.21,0.293,0.275,0.568,0.14445,0.03498,0.00294,0.00643,0.10417,0.0037,0.00648,0.21532,0.04639,0.01316,0.1246389710218801,0.1091711307140827
695490,Edwin Arroyo,CIN,23,S,2B,projected,Bench Bat,default,MLB,9,32.8,7.8,30.3,7.6,5.4,1.7,0.2,0.3,10.6,1.8,0.5,0.2,7.7,0.5,0.2,3.3,2.5,0.251,0.302,0.35,0.652,0.16539,0.05104,0.00509,0.01063,0.05611,0.0157,0.00631,0.23617,0.01669,0.00477,0.101160845247823,0.0753558816797555
815304,Josh Adamczewski,MIL,22,L,,projected,Bench Bat,feed:prospect,MiLB (MLE),5,32.1,7.6,28.6,6.8,4.4,1.4,0.1,0.9,11.1,2.8,0.4,0.3,7.5,0.6,0.2,3.8,3.6,0.238,0.312,0.388,0.7,0.13669,0.04345,0.00322,0.02649,0.0872,0.01126,0.00842,0.23214,0.01745,0.00491,0.1172969823098257,0.1123787404199927
663837,Matt Vierling,DET,30,R,CF,projected,Bench Bat,feed:order+depth,MLB,5,31.9,7.5,29.1,7.1,4.9,1.5,0.2,0.5,10.5,2.3,0.2,0.3,6.6,0.5,0.2,3.7,3.2,0.244,0.301,0.361,0.662,0.1528,0.04713,0.00529,0.01618,0.07149,0.00749,0.00992,0.20821,0.01712,0.00513,0.115256483035965,0.0993003852439164
686780,Pedro Pagés,STL,28,R,C,projected,Bench Bat,feed:order+depth,MLB,6,31.7,7.5,29.3,6.6,4.8,1.1,0.0,0.7,9.8,1.9,0.2,0.3,8.5,0.2,0.1,2.8,3.1,0.225,0.274,0.334,0.608,0.15298,0.03438,0.00118,0.02326,0.0591,0.00634,0.0082,0.26856,0.00631,0.00175,0.0891329538939352,0.0981877605167153
571657,Kyle Farmer,COL,36,R,2B,projected,Bench Bat,feed:order+depth,MLB,5,31.2,7.4,28.3,6.8,4.4,1.5,0.1,0.8,10.9,1.9,0.7,0.3,6.6,0.4,0.1,3.1,3.4,0.24,0.301,0.385,0.686,0.1406,0.04886,0.00177,0.02489,0.06186,0.02121,0.00831,0.21157,0.01142,0.00364,0.0993416596956659,0.1104449905264749
702491,Mitch Voit,NYM,23,R,,projected,Bench Bat,feed:prospect,MiLB (MLE),5,30.5,7.2,27.5,6.9,4.5,1.5,0.1,0.8,11.0,2.5,0.3,0.2,7.0,0.6,0.2,3.6,3.5,0.251,0.318,0.4,0.718,0.14667,0.04804,0.00392,0.02534,0.08311,0.01112,0.00787,0.22847,0.01897,0.00534,0.1185244404252146,0.1135547314319469
657136,Connor Wong,BOS,31,R,C,projected,Bench Bat,feed:order+depth,MLB,6,30.3,7.2,27.6,5.9,4.2,1.1,0.1,0.5,8.7,2.0,0.5,0.2,7.9,0.5,0.2,3.2,2.8,0.214,0.277,0.315,0.592,0.13747,0.03587,0.00203,0.01718,0.06559,0.01591,0.00507,0.2604,0.0175,0.00527,0.1048858057260835,0.090977687921986
645302,Victor Robles,SEA,30,R,RF,projected,Bench Bat,feed:order+depth,MLB,2,30.2,7.2,27.3,6.1,4.5,1.2,0.1,0.3,8.4,1.8,0.8,0.3,6.2,1.5,0.4,3.6,2.7,0.223,0.288,0.308,0.596,0.14862,0.04082,0.00285,0.01111,0.05899,0.02555,0.0088,0.20519,0.04981,0.01258,0.1198963816107497,0.0882463743661155
660162,Yoán Moncada,LAA,32,S,3B,projected,Bench Bat,feed:depth,MLB,5,30.1,7.1,27.1,6.0,3.1,1.4,0.1,1.4,11.8,2.6,0.3,0.1,8.5,0.2,0.0,3.2,3.1,0.221,0.296,0.435,0.731,0.1027,0.04672,0.00243,0.04506,0.08714,0.01007,0.00333,0.2817,0.0052,0.00144,0.1051168266697676,0.1036597247539614
676724,Jared Young,NYM,31,L,1B,projected,Bench Bat,feed:depth,MLB,3,29.9,7.1,27.0,6.3,4.0,1.3,0.1,0.9,10.5,2.2,0.5,0.2,6.5,0.4,0.1,3.9,3.5,0.233,0.301,0.389,0.69,0.13535,0.04501,0.0047,0.02936,0.0725,0.01601,0.00826,0.21661,0.01316,0.0037,0.1305744252017782,0.1187115842785176
800060,Xavier Isaac,TB,24,L,,projected,Bench Bat,feed:prospect,MiLB (MLE),5,29.8,7.1,26.7,6.2,3.9,1.3,0.1,0.9,10.4,2.6,0.3,0.2,7.0,0.5,0.1,3.3,3.2,0.232,0.305,0.39,0.695,0.13175,0.04468,0.00282,0.02935,0.08653,0.01109,0.00777,0.23478,0.01714,0.00483,0.1110392798589936,0.1063834223350814
677008,Heston Kjerstad,BAL,28,L,RF,projected,Bench Bat,feed:order+depth,MLB,6,29.7,7.0,27.1,5.9,4.1,1.0,0.2,0.6,9.1,1.8,0.7,0.1,8.2,0.4,0.1,3.0,3.3,0.218,0.283,0.336,0.619,0.13909,0.03309,0.00594,0.02062,0.06016,0.02316,0.00367,0.27686,0.0121,0.00338,0.0994558443840894,0.1105176571598125
570482,Gio Urshela,OAK,35,R,3B,projected,Bench Bat,default,MLB,6,29.6,7.0,27.4,6.9,5.1,1.4,0.0,0.4,9.5,1.8,0.1,0.3,5.3,0.1,0.0,2.6,3.2,0.252,0.297,0.347,0.644,0.17278,0.04681,0.00077,0.01307,0.0609,0.00312,0.01066,0.18028,0.00408,0.00118,0.0880902384716445,0.1072546040553397
456781,Donovan Solano,TEX,39,R,1B,projected,Bench Bat,default,MLB,7,29.2,6.9,26.4,6.1,4.7,0.9,0.0,0.5,8.5,2.1,0.6,0.1,6.4,0.1,0.0,2.5,2.7,0.231,0.301,0.322,0.623,0.16013,0.03021,0.00084,0.0187,0.07066,0.01969,0.00484,0.22065,0.00352,0.001,0.08444426286032,0.0929001938143166
681460,Brooks Baldwin,CWS,26,S,LF,projected,Bench Bat,feed:depth+record,MLB,5,28.9,6.8,26.8,6.3,3.8,1.2,0.2,1.1,11.2,1.9,0.1,0.1,7.4,0.5,0.1,3.0,3.2,0.235,0.287,0.418,0.705,0.13031,0.04228,0.00727,0.03709,0.0648,0.00346,0.00471,0.25665,0.0167,0.00453,0.1038423584506254,0.1092525193340268
805796,Arjun Nimmala,LAA,22,R,,projected,Bench Bat,feed:prospect,MiLB (MLE),5,27.6,6.5,24.7,5.7,3.5,1.3,0.1,0.8,9.6,2.4,0.3,0.2,6.6,0.5,0.1,2.9,2.8,0.231,0.304,0.389,0.693,0.12808,0.04645,0.00231,0.02957,0.08656,0.01125,0.00837,0.23839,0.01729,0.00491,0.106480524616612,0.1020158149002312
686452,Drew Millas,WSH,29,S,C,projected,Bench Bat,feed:order+depth,MLB,6,27.3,6.5,24.6,5.8,4.2,1.2,0.1,0.3,8.1,2.3,0.3,0.1,6.1,0.5,0.1,2.9,2.5,0.236,0.308,0.329,0.637,0.15292,0.0437,0.00272,0.01209,0.08559,0.00987,0.00397,0.22445,0.01867,0.00524,0.1054512090434723,0.090420631875904
672613,Eliezer Alfonzo,LAD,27,S,C,projected,Catcher - Backup,default,MLB,5,25.9,6.1,23.9,5.7,3.5,1.9,0.0,0.3,8.5,1.7,0.2,0.1,5.3,0.4,0.1,3.2,3.2,0.238,0.293,0.356,0.649,0.13706,0.07312,0.00183,0.01278,0.0668,0.00802,0.005,0.20503,0.01469,0.00414,0.1247773737159501,0.1237175748332487
695257,Billy Cook,PIT,28,R,CF,projected,Bench Bat,feed:order+depth,MLB,2,25.4,6.0,23.8,5.1,3.2,1.2,0.1,0.6,8.3,1.3,0.2,0.1,7.6,0.7,0.2,3.2,2.6,0.214,0.26,0.349,0.609,0.12574,0.04724,0.00314,0.0219,0.0494,0.00948,0.00279,0.30077,0.02896,0.00803,0.1251148470347013,0.1014601849936738
680577,DaShawn Keirsey Jr.,MIN,30,L,CF,projected,Bench Bat,feed:order+depth,MLB,2,25.3,6.0,23.4,4.9,3.6,0.9,0.0,0.4,7.0,1.4,0.4,0.1,7.1,1.1,0.3,3.0,2.5,0.209,0.265,0.299,0.564,0.14102,0.03665,0.00175,0.01777,0.05477,0.01496,0.00288,0.28003,0.04269,0.01207,0.1175396296885051,0.0998346224576668
663368,Blake Perkins,MIL,30,S,CF,projected,Bench Bat,default,MLB,2,25.0,5.9,22.3,4.7,3.0,1.1,0.2,0.4,7.4,2.4,0.1,0.2,6.4,0.9,0.2,3.1,2.5,0.211,0.288,0.332,0.62,0.12042,0.04423,0.00607,0.01515,0.0965,0.00598,0.0067,0.2543,0.03498,0.00977,0.1242936444125171,0.1014413112800502
596117,Garrett Stubbs,PHI,34,L,C,projected,Bench Bat,feed:order+depth,MLB,2,24.6,5.8,22.1,4.6,3.7,0.7,0.1,0.1,5.8,2.0,0.4,0.1,6.1,0.4,0.1,2.9,2.2,0.208,0.285,0.262,0.547,0.15204,0.02988,0.00295,0.00514,0.08107,0.01486,0.0043,0.24678,0.01649,0.0045,0.1184355298859249,0.088947416092406
676551,Brewer Hicklen,ATL,31,R,RF,projected,Bench Bat,feed:order+depth,MLB,2,24.3,5.8,21.4,4.6,2.7,1.4,0.1,0.4,7.4,2.6,0.2,0.1,6.9,0.4,0.1,3.1,2.5,0.215,0.305,0.346,0.651,0.11031,0.05963,0.00528,0.01844,0.10563,0.00618,0.00385,0.28225,0.01592,0.00449,0.1287610572167368,0.1039945665086749
676801,Chas McCormick,HOU,32,R,CF,projected,Bench Bat,default,MLB,5,24.1,5.7,21.7,4.7,3.0,0.7,0.0,1.0,8.4,2.0,0.3,0.1,6.3,0.6,0.2,2.8,2.6,0.217,0.29,0.387,0.677,0.12313,0.02928,0.00177,0.04107,0.08488,0.01304,0.00555,0.26222,0.0242,0.00721,0.1161158003765568,0.1090610600296463
695238,Will Wagner,SD,28,L,2B,projected,Bench Bat,default,MLB,6,23.8,5.6,21.1,5.2,4.3,0.8,0.0,0.1,6.3,2.5,0.2,0.0,4.7,0.3,0.1,2.6,2.0,0.246,0.332,0.299,0.631,0.18115,0.03298,0.00146,0.00397,0.10376,0.00779,0.0015,0.19955,0.01091,0.00306,0.1078418631876314,0.085304736489161
681546,James Outman,DET,30,L,CF,projected,Bench Bat,default,MLB,2,23.6,5.6,20.8,4.0,1.8,0.9,0.2,1.1,8.6,2.2,0.5,0.1,8.3,0.5,0.1,2.8,2.2,0.192,0.284,0.413,0.697,0.07493,0.03886,0.00724,0.04577,0.09328,0.01944,0.0039,0.35242,0.02021,0.00574,0.117230746404905,0.094430535600531
682988,Tyler Locklear,ARI,26,R,1B,projected,Bench Bat,feed:depth,MLB,6,23.6,5.6,21.1,4.3,3.0,0.8,0.0,0.5,6.6,1.9,0.5,0.1,7.1,0.5,0.1,2.7,2.3,0.204,0.284,0.313,0.597,0.12849,0.03592,0.0015,0.02101,0.08179,0.01985,0.00527,0.2995,0.01925,0.00539,0.114473051666061,0.0972107422788839
806367,Turner Hill,SF,28,L,LF,projected,Bench Bat,feed:order+depth,MLB,5,23.2,5.5,20.2,4.9,3.7,0.6,0.2,0.4,7.1,2.2,0.3,0.5,4.6,0.5,0.1,2.5,2.6,0.243,0.319,0.351,0.67,0.1584,0.02787,0.00717,0.01575,0.09292,0.01375,0.02182,0.19992,0.02193,0.00623,0.1070687686567798,0.1124141224797442
592669,Hunter Renfroe,KC,35,R,RF,projected,Bench Bat,default,MLB,6,22.8,5.4,20.8,4.3,2.7,1.1,0.0,0.5,6.9,1.8,0.1,0.1,5.1,0.1,0.0,2.3,2.4,0.207,0.272,0.332,0.604,0.11625,0.04989,0.00192,0.02382,0.07826,0.00569,0.00496,0.22218,0.00479,0.00137,0.0993829952925448,0.1058932730159829
518595,Travis d'Arnaud,LAA,38,R,C,projected,Bench Bat,feed:depth,MLB,6,22.6,5.3,20.7,4.5,2.6,1.0,0.0,0.9,8.2,1.4,0.4,0.1,5.9,0.1,0.0,2.1,2.3,0.217,0.279,0.396,0.675,0.11456,0.04486,0.00136,0.04159,0.06265,0.01788,0.0044,0.25906,0.00242,0.00068,0.094833049687058,0.1011938599733661
660844,Leo Rivas,SEA,29,S,3B,projected,Bench Bat,feed:order+depth,MLB,6,22.5,5.3,19.4,3.8,2.6,0.9,0.1,0.2,5.5,2.6,0.4,0.1,5.8,0.5,0.1,2.5,2.1,0.196,0.302,0.284,0.586,0.11713,0.04144,0.00368,0.00956,0.11612,0.0157,0.00587,0.25646,0.02097,0.00563,0.1118839744736927,0.0927920666944958
669004,MJ Melendez,NYM,28,L,LF,projected,Bench Bat,default,MLB,6,22.0,5.2,19.6,4.0,2.3,0.9,0.1,0.7,7.2,2.1,0.2,0.1,6.1,0.2,0.1,2.4,2.2,0.204,0.286,0.367,0.653,0.10593,0.03895,0.00535,0.03289,0.09621,0.00768,0.00653,0.27678,0.01133,0.00354,0.1099054262925389,0.101827049958294
694212,Samuel Basallo,BAL,22,L,C,projected,Bench Bat,feed:order+depth,MLB,5,21.9,5.2,19.9,4.3,2.8,0.7,0.0,0.8,7.4,1.6,0.3,0.1,5.7,0.1,0.0,2.2,2.7,0.216,0.283,0.372,0.655,0.12683,0.03146,0.00172,0.03565,0.07443,0.01279,0.0058,0.26091,0.00408,0.00115,0.1017164328259947,0.1247342466944611
542932,Jon Berti,CHC,37,R,3B,projected,Bench Bat,default,MLB,1,21.4,5.1,19.4,5.0,4.3,0.5,0.1,0.1,6.0,1.7,0.2,0.1,4.4,1.3,0.4,2.8,1.9,0.258,0.322,0.309,0.631,0.20169,0.02218,0.00242,0.00598,0.07764,0.00791,0.00408,0.20731,0.06131,0.01651,0.1326603933150705,0.0876784011791184
543309,Kyle Higashioka,TEX,37,R,C,projected,Bench Bat,feed:order+depth,MLB,5,21.0,5.0,19.3,4.4,2.7,0.9,0.0,0.8,7.7,1.4,0.1,0.2,5.3,0.1,0.0,2.1,2.6,0.228,0.281,0.399,0.68,0.12813,0.04152,0.00058,0.03952,0.06591,0.00418,0.00755,0.25057,0.00512,0.00145,0.0997838201464817,0.1223042076872278
678011,Anthony Seigler,BOS,28,S,2B,projected,Bench Bat,feed:order+depth,MLB,6,21.0,5.0,18.6,4.5,2.9,1.2,0.0,0.4,6.9,2.0,0.2,0.2,4.1,0.3,0.1,2.3,1.9,0.242,0.319,0.371,0.69,0.13735,0.05717,0.00231,0.01786,0.09636,0.0086,0.01065,0.19666,0.01426,0.00394,0.1118048693640672,0.090547746106331
691858,Jared Serna,MIA,25,R,2B,projected,Bench Bat,feed:order+depth,MLB,5,20.9,5.0,18.6,4.2,2.4,1.5,0.1,0.2,6.5,1.8,0.2,0.3,4.9,0.3,0.1,2.2,2.2,0.226,0.297,0.349,0.646,0.11678,0.0727,0.00483,0.01105,0.08458,0.00773,0.01354,0.23365,0.01596,0.0045,0.105794742734404,0.1052722291882122
692216,CJ Kayfus,CLE,25,L,LF,projected,Bench Bat,default,MLB,3,20.8,4.9,18.7,4.4,2.1,1.4,0.1,0.8,8.4,1.7,0.3,0.1,5.4,0.4,0.1,2.4,2.4,0.235,0.308,0.449,0.757,0.09911,0.06555,0.00455,0.0372,0.08001,0.0155,0.00623,0.26125,0.01704,0.00472,0.116718849180549,0.115609170968267
669911,Michael Toglia,CIN,28,S,1B,projected,Bench Bat,feed:order+depth,MLB,5,20.8,4.9,18.7,4.0,2.2,0.9,0.1,0.8,7.5,1.9,0.1,0.1,7.2,0.3,0.1,2.2,2.1,0.214,0.288,0.401,0.689,0.10632,0.04534,0.00405,0.03609,0.09072,0.0032,0.0046,0.34392,0.01395,0.00385,0.1039029834345863,0.1021422420725594
690924,Braxton Fulford,COL,28,R,C,projected,Bench Bat,feed:order+depth,MLB,5,20.6,4.9,18.3,3.7,2.5,0.7,0.1,0.4,5.8,1.6,0.3,0.4,6.3,0.4,0.1,2.2,2.2,0.202,0.272,0.317,0.589,0.12208,0.03566,0.00308,0.01983,0.07653,0.0132,0.01899,0.30405,0.01985,0.00545,0.1081477496649282,0.1063080893001937
605131,Austin Barnes,LAD,37,R,C,projected,Catcher - Backup,default,MLB,9,19.4,4.6,17.4,4.1,3.5,0.4,0.0,0.2,5.1,1.7,0.2,0.1,4.3,0.3,0.1,2.0,1.7,0.236,0.309,0.293,0.602,0.17947,0.02053,0.0006,0.01026,0.08858,0.00825,0.00501,0.22391,0.01446,0.00407,0.1025885318454964,0.0896589854765392
641584,Jake Fraley,TB,32,L,RF,projected,Bench Bat,default,MLB,5,19.3,4.6,17.3,4.2,2.7,1.0,0.1,0.4,6.6,1.7,0.2,0.1,4.2,0.7,0.2,2.1,1.9,0.243,0.316,0.382,0.698,0.14151,0.05181,0.00667,0.0202,0.08975,0.00959,0.00456,0.21597,0.03482,0.00976,0.109753561881679,0.1008899000683733
691011,Drew Romo,CWS,25,S,C,projected,Bench Bat,feed:depth,MLB,7,18.7,4.4,16.8,3.4,2.3,0.6,0.0,0.5,5.5,1.6,0.2,0.1,4.7,0.2,0.1,1.7,1.7,0.202,0.278,0.327,0.605,0.12188,0.03153,0.00115,0.02889,0.08411,0.01102,0.00443,0.24869,0.01214,0.00345,0.0905094886579012,0.0893639207840137
682927,Ronny Simon,PIT,27,S,RF,projected,Bench Bat,feed:order+depth,MLB,2,18.7,4.4,16.9,4.2,2.9,1.0,0.1,0.2,6.0,1.5,0.1,0.2,3.7,0.4,0.1,2.3,1.7,0.249,0.31,0.355,0.665,0.15605,0.05228,0.00548,0.00922,0.07789,0.00367,0.01057,0.19614,0.02268,0.00623,0.120511830045972,0.0934363995901626
682729,Jonatan Clase,TOR,25,S,LF,projected,Injury Replacement / 26th Man,feed:order+depth,MLB,5,18.6,4.4,16.9,3.8,2.7,0.5,0.1,0.5,6.0,1.5,0.2,0.0,4.7,0.5,0.1,2.0,1.9,0.225,0.296,0.355,0.651,0.14451,0.02553,0.00678,0.0274,0.08077,0.01331,0.00191,0.2514,0.02463,0.00698,0.1065716064919037,0.1036934167322827
687282,Gabriel Rincones Jr.,PHI,26,L,RF,projected,Bench Bat,default,MLB,6,18.4,4.4,16.9,3.5,2.3,0.6,0.0,0.6,5.9,1.0,0.3,0.2,5.0,0.2,0.1,2.0,1.9,0.207,0.261,0.349,0.61,0.12583,0.03217,0.00267,0.03351,0.05645,0.01656,0.00896,0.27263,0.01291,0.00364,0.1068314586161853,0.103264928296788
650391,Eloy Jiménez,TOR,30,R,RF,projected,Bench Bat,default,MLB,5,18.3,4.3,16.8,3.8,2.9,0.7,0.0,0.2,5.1,1.3,0.1,0.1,3.8,0.1,0.0,1.8,2.1,0.226,0.284,0.304,0.588,0.15942,0.03644,0.00091,0.01084,0.06902,0.00521,0.00652,0.2082,0.00499,0.00139,0.0986443056863947,0.1139881022888792
663604,Brandon Lockridge,MIL,30,R,LF,projected,Bench Bat,feed:order+depth,MLB,6,18.1,4.3,16.6,3.8,3.0,0.6,0.1,0.1,4.9,1.3,0.1,0.1,4.7,0.7,0.2,2.0,1.7,0.229,0.287,0.295,0.582,0.16344,0.03423,0.00429,0.00394,0.07418,0.00519,0.00705,0.25912,0.03767,0.01019,0.1090553259212143,0.0952266290594243
669384,Raynel Delgado,HOU,27,L,3B,projected,Bench Bat,feed:order+depth,MLB,5,17.7,4.2,16.1,3.9,2.8,0.5,0.1,0.5,6.1,1.4,0.1,0.1,3.8,0.3,0.1,2.1,2.0,0.242,0.305,0.379,0.684,0.15963,0.02727,0.00303,0.02795,0.0798,0.00716,0.00446,0.214,0.01633,0.0046,0.1159172225001253,0.1116634753576177
687529,Grant McCray,SF,26,L,LF,projected,Bench Bat,feed:order+depth,MLB,2,16.2,3.8,14.8,3.2,2.0,0.6,0.2,0.4,5.4,1.3,0.0,0.1,5.3,0.5,0.1,1.9,1.3,0.216,0.278,0.365,0.643,0.1204,0.03535,0.00947,0.0245,0.08099,0.00264,0.00462,0.32646,0.03236,0.00858,0.1146683019388946,0.0832905043197495
677592,Everson Pereira,STL,26,R,RF,projected,Bench Bat,feed:order+depth,MLB,6,16.0,3.8,14.4,2.9,1.8,0.4,0.0,0.7,5.4,1.2,0.3,0.1,5.1,0.3,0.1,1.5,1.6,0.201,0.275,0.375,0.65,0.11508,0.02512,0.00274,0.04312,0.07386,0.02077,0.00678,0.32137,0.01762,0.00483,0.0938946156659991,0.1025860826354892
622569,Pablo Reyes,NYY,33,R,2B,projected,Bench Bat,default,MLB,5,15.9,3.8,14.6,3.4,2.9,0.3,0.0,0.2,4.3,1.1,0.1,0.1,3.2,0.4,0.1,2.0,1.7,0.233,0.289,0.295,0.584,0.17987,0.02034,0.00149,0.01215,0.07122,0.00484,0.00658,0.20255,0.02703,0.00777,0.1247510248746588,0.1078797671692804
691277,Deyvison De Los Santos,MIA,24,R,1B,projected,Bench Bat,feed:order+depth,MLB,7,15.7,3.7,14.4,3.4,2.4,0.8,0.1,0.1,4.7,1.0,0.2,0.1,3.7,0.3,0.1,1.5,1.4,0.236,0.293,0.326,0.619,0.15134,0.04927,0.00429,0.00856,0.06052,0.0149,0.00439,0.2366,0.01718,0.00484,0.0949169607273195,0.0877252742824611
681508,Mickey Gasper,BOS,31,S,C,projected,Bench Bat,feed:order+depth,MLB,3,15.7,3.7,13.7,3.0,2.0,0.5,0.0,0.5,5.0,1.6,0.3,0.1,3.1,0.2,0.1,1.9,1.7,0.219,0.312,0.365,0.677,0.12933,0.0325,0.00263,0.0342,0.10445,0.0219,0.0057,0.19885,0.0118,0.00336,0.1198137855115022,0.1078054106137876
642180,Tyler Wade,SD,32,L,CF,projected,Bench Bat,default,MLB,1,15.2,3.6,13.9,3.1,2.7,0.3,0.0,0.1,3.7,1.2,0.1,0.0,3.4,0.5,0.2,2.0,1.2,0.223,0.289,0.266,0.555,0.17796,0.01844,0.00289,0.00588,0.08189,0.00815,0.00093,0.22062,0.03574,0.01031,0.1304897621799727,0.0779836948851449
642201,Eli White,BOS,33,R,RF,projected,Bench Bat,feed:order+depth,MLB,3,14.9,3.5,13.9,3.3,2.1,0.6,0.1,0.5,5.6,0.8,0.1,0.1,3.8,0.5,0.1,2.0,1.8,0.237,0.282,0.403,0.685,0.13973,0.04148,0.00618,0.03141,0.05669,0.00912,0.00474,0.25759,0.03274,0.00874,0.1362115663876487,0.1202937205615358
691728,Zac Veen,COL,26,L,LF,projected,Bench Bat,feed:order+depth,MLB,5,14.8,3.5,13.4,2.8,1.9,0.5,0.1,0.3,4.4,1.2,0.2,0.0,4.6,0.3,0.1,1.5,1.6,0.209,0.284,0.328,0.612,0.12563,0.03331,0.00383,0.02302,0.07974,0.01427,0.00275,0.30897,0.02165,0.00611,0.10030351257672,0.1074940632409109
642020,Chuckie Robinson,LAD,32,R,C,projected,Catcher - Backup,default,MLB,8,14.6,3.4,13.7,2.9,2.4,0.4,0.0,0.1,3.6,0.8,0.1,0.0,3.5,0.2,0.1,1.5,1.4,0.212,0.26,0.263,0.523,0.16383,0.02946,0.00106,0.00592,0.05718,0.00751,0.00221,0.24039,0.0126,0.00355,0.1004019994138177,0.0939651156736207
680664,Eduardo Valencia,DET,27,R,C,projected,Bench Bat,feed:order+depth,MLB,3,14.4,3.4,13.3,3.5,1.5,0.9,0.0,1.1,7.7,0.9,0.2,0.0,3.3,0.1,0.0,2.0,1.8,0.263,0.319,0.579,0.898,0.10564,0.06561,0.0013,0.07327,0.06094,0.01285,0.00248,0.23255,0.00756,0.00213,0.1384920442242591,0.1249253113300046
665828,Oswaldo Cabrera,CIN,28,S,3B,projected,Bench Bat,feed:order+depth,MLB,6,14.1,3.3,12.9,3.1,2.4,0.6,0.0,0.1,4.0,1.0,0.1,0.1,3.1,0.3,0.1,1.5,1.3,0.24,0.298,0.31,0.608,0.17182,0.03947,0.00233,0.0058,0.07403,0.00541,0.00699,0.22329,0.01825,0.00518,0.1096277982455484,0.0891916526010385
808975,Hyeseong Kim,LAD,28,L,SS,projected,Bench Bat,default,MLB,6,14.0,3.3,12.8,2.9,2.2,0.4,0.1,0.2,4.1,1.0,0.1,0.1,3.7,0.5,0.1,1.7,1.5,0.227,0.286,0.32,0.606,0.1605,0.02945,0.00389,0.01241,0.06924,0.00481,0.00653,0.2632,0.03506,0.00941,0.1189094346390981,0.1037598885053242
696486,James Tibbs III,LAD,25,L,,projected,Bench Bat,feed:prospect,MiLB (MLE),5,14.0,3.3,12.1,3.0,1.8,0.6,0.1,0.5,5.3,1.6,0.2,0.1,3.6,0.2,0.1,1.8,1.7,0.248,0.343,0.438,0.781,0.1278,0.04296,0.00371,0.03391,0.11515,0.01147,0.00921,0.25546,0.01512,0.00422,0.1271758659241691,0.1218434041775241
696135,Kahlil Watson,CLE,24,L,RF,projected,Bench Bat,feed:prospect,MLB,5,14.0,3.3,13.1,2.8,1.9,0.5,0.1,0.3,4.4,0.8,0.1,0.0,4.0,0.5,0.1,1.4,1.5,0.214,0.264,0.336,0.6,0.1373,0.03841,0.00532,0.02479,0.06054,0.00506,0.00315,0.2845,0.03447,0.00944,0.0976709814323344,0.1096265579977031
683021,Michael Stefanic,OAK,31,R,2B,projected,Bench Bat,feed:order+depth,MLB,7,14.0,3.3,12.6,3.1,2.5,0.5,0.0,0.1,3.9,1.2,0.2,0.0,2.6,0.1,0.0,1.3,1.2,0.246,0.321,0.31,0.631,0.17972,0.03426,0.00069,0.00689,0.08777,0.01679,0.00136,0.18327,0.00991,0.00283,0.093537267939993,0.0867933266934662
680837,Ryan Fitzgerald,MIN,33,L,SS,projected,Bench Bat,default,MLB,3,13.6,3.2,12.1,2.8,1.7,0.3,0.0,0.8,5.5,1.3,0.1,0.1,2.8,0.2,0.1,1.7,1.6,0.231,0.309,0.455,0.764,0.12572,0.02228,0.00344,0.06015,0.09557,0.00652,0.00406,0.20751,0.01838,0.00516,0.1268975617183717,0.1197715214988369
682997,Tyler Callihan,PIT,27,L,RF,projected,Bench Bat,default,MLB,5,13.3,3.1,12.0,2.6,1.8,0.4,0.0,0.4,4.2,1.1,0.1,0.1,3.8,0.2,0.1,1.5,1.5,0.217,0.286,0.35,0.636,0.13508,0.02774,0.00333,0.02693,0.08048,0.00949,0.00784,0.28891,0.01587,0.00445,0.1095808760180003,0.111567441244715
687221,Dalton Rushing,LAD,26,L,C,projected,Bench Bat,feed:depth,MLB,4,13.3,3.2,11.9,2.7,1.6,0.6,0.1,0.4,4.7,1.1,0.2,0.1,4.0,0.1,0.0,1.7,1.8,0.227,0.301,0.395,0.696,0.12039,0.04436,0.00387,0.0338,0.08046,0.01365,0.0071,0.30349,0.00707,0.00199,0.1258706399317894,0.1338693325517569
669234,Justyn-Henry Malloy,DET,27,R,RF,projected,Bench Bat,default,MLB,6,13.2,3.1,11.6,2.3,1.5,0.5,0.0,0.3,3.7,1.4,0.1,0.1,3.9,0.1,0.0,1.4,1.4,0.198,0.288,0.319,0.607,0.11026,0.03709,0.00203,0.02478,0.10851,0.01083,0.01016,0.2991,0.00995,0.00283,0.1026110730472158,0.1078251532267241
676369,Nelson Velázquez,HOU,28,R,LF,projected,Bench Bat,feed:order+depth,MLB,4,13.2,3.1,11.9,2.5,1.4,0.5,0.0,0.6,4.8,1.1,0.1,0.1,3.8,0.2,0.0,1.7,1.8,0.21,0.28,0.403,0.683,0.10247,0.04157,0.00238,0.04879,0.08129,0.01064,0.00791,0.28818,0.01138,0.0032,0.1325664097188341,0.1388999988302826
672761,Wenceel Pérez,DET,27,S,RF,projected,Injury Replacement / 26th Man,feed:order+depth,MLB,2,13.1,3.1,11.9,2.6,1.7,0.5,0.1,0.3,4.2,1.0,0.1,0.1,2.8,0.3,0.1,1.6,1.3,0.218,0.282,0.353,0.635,0.13226,0.03753,0.00725,0.02663,0.07751,0.00446,0.00602,0.216,0.02219,0.00654,0.118395055571203,0.0996749890626384
621035,Chris Taylor,LAA,36,R,LF,projected,Bench Bat,default,MLB,6,13.1,3.1,11.6,2.3,1.6,0.5,0.0,0.2,3.4,1.2,0.2,0.1,4.2,0.3,0.1,1.2,1.2,0.198,0.282,0.293,0.575,0.12087,0.04063,0.00304,0.01284,0.09205,0.01341,0.00571,0.32306,0.02463,0.00683,0.094207243095013,0.0894156194872655
624415,Cavan Biggio,KC,32,L,1B,projected,Bench Bat,default,MLB,2,13.1,3.1,11.4,2.4,1.8,0.3,0.1,0.2,3.5,1.4,0.3,0.0,3.6,0.2,0.1,1.6,1.2,0.211,0.313,0.307,0.62,0.13485,0.0262,0.00438,0.01458,0.11055,0.02155,0.00337,0.27749,0.01438,0.00401,0.1251178563996103,0.0916773554984906
801126,Brock Rodden,SEA,27,S,3B,projected,Bench Bat,feed:order+depth,MLB,2,12.9,3.1,11.4,2.4,1.5,0.6,0.1,0.2,3.8,1.3,0.1,0.1,3.5,0.2,0.1,1.5,1.3,0.211,0.295,0.333,0.628,0.11347,0.04945,0.00882,0.01783,0.10272,0.00569,0.00997,0.27037,0.01887,0.00553,0.1146613425336701,0.0972778158273369
641943,Joshua Palacios,CWS,31,L,RF,projected,Bench Bat,default,MLB,5,12.7,3.0,11.6,2.7,2.0,0.3,0.0,0.4,4.2,0.9,0.2,0.0,2.9,0.2,0.0,1.3,1.4,0.233,0.299,0.362,0.661,0.1583,0.02314,0.00253,0.02959,0.07103,0.01397,0.00246,0.22685,0.01347,0.00371,0.1048724068750452,0.1077315132493695
656896,Emmanuel Rivera,BAL,31,R,3B,projected,Bench Bat,default,MLB,6,12.7,3.0,11.6,2.7,2.2,0.4,0.0,0.1,3.4,0.9,0.1,0.1,2.8,0.1,0.0,1.2,1.3,0.233,0.291,0.293,0.584,0.17362,0.03121,0.0016,0.0075,0.07202,0.01,0.00895,0.22104,0.00797,0.00225,0.0961503617290368,0.1007720092102654
678009,Parker Meadows,DET,27,L,CF,projected,Injury Replacement / 26th Man,feed:order+depth,MLB,2,12.6,3.0,11.3,2.5,1.7,0.4,0.1,0.3,4.0,1.1,0.1,0.1,3.2,0.4,0.1,1.5,1.2,0.221,0.294,0.354,0.648,0.13258,0.0325,0.01059,0.02087,0.08864,0.00611,0.00447,0.2567,0.02799,0.00768,0.1173319906802353,0.0922639081084635
694410,LuJames Groover,ARI,25,R,1B,projected,Bench Bat,default,MLB,6,12.6,3.0,11.2,2.6,1.7,0.6,0.0,0.3,4.1,1.1,0.2,0.1,2.8,0.2,0.1,1.4,1.3,0.232,0.31,0.366,0.676,0.13654,0.0503,0.00337,0.02401,0.08514,0.01369,0.00403,0.22162,0.01502,0.00423,0.1111339918210961,0.1070494186145195
682634,Kevin Alcántara,CHC,24,R,LF,projected,Bench Bat,default,MLB,3,12.4,2.9,11.2,2.6,1.9,0.4,0.0,0.3,3.9,1.0,0.1,0.1,3.2,0.2,0.1,1.6,1.5,0.232,0.298,0.348,0.646,0.15157,0.03027,0.00202,0.02198,0.07665,0.00666,0.01165,0.25881,0.01883,0.00541,0.1294841839466922,0.1249022873240654
680718,Addison Barger,TOR,27,L,RF,projected,Injury Replacement / 26th Man,feed:order+depth,MLB,5,12.3,2.9,11.2,2.7,1.6,0.6,0.0,0.5,4.8,0.9,0.1,0.1,3.1,0.1,0.0,1.3,1.5,0.241,0.301,0.429,0.73,0.13323,0.05169,0.00354,0.03759,0.07393,0.00567,0.00532,0.24919,0.01165,0.00325,0.1025342822898415,0.1191649145869005
621028,Kevin Newman,LAA,33,R,3B,projected,Bench Bat,default,MLB,6,12.2,2.9,11.4,2.9,2.4,0.3,0.0,0.2,3.8,0.6,0.1,0.1,2.1,0.3,0.1,1.2,1.1,0.254,0.295,0.333,0.628,0.19321,0.0231,0.00178,0.01285,0.05217,0.00625,0.00782,0.17053,0.02321,0.00631,0.1018383473592035,0.0865667984339263
664056,Harrison Bader,SF,33,R,CF,projected,Injury Replacement / 26th Man,feed:order+depth,MLB,5,12.2,2.9,11.2,2.6,1.6,0.6,0.0,0.4,4.4,0.7,0.2,0.1,2.9,0.4,0.1,1.3,1.2,0.232,0.287,0.393,0.68,0.12996,0.05051,0.00264,0.03674,0.05847,0.01457,0.00904,0.23765,0.03065,0.00906,0.1052996657901047,0.0975764855334373
694025,Felix Reyes,PHI,26,R,LF,projected,Bench Bat,feed:order+depth,MLB,6,12.0,2.8,11.1,2.5,1.8,0.5,0.0,0.2,3.6,0.7,0.1,0.1,2.8,0.2,0.1,1.3,1.2,0.225,0.275,0.324,0.599,0.15348,0.04582,0.00218,0.0182,0.06246,0.00734,0.00457,0.23107,0.01715,0.00484,0.1082704045663745,0.1040460703840335
801501,Nate Furman,SF,25,L,2B,projected,Bench Bat,feed:order+depth,MLB,6,11.9,2.8,10.6,2.5,1.9,0.4,0.1,0.1,3.4,1.1,0.1,0.1,2.8,0.2,0.1,1.2,1.2,0.236,0.311,0.321,0.632,0.16368,0.03426,0.00603,0.0046,0.09326,0.00728,0.00454,0.23623,0.01954,0.00551,0.1002776963621239,0.1000113798015492
690291,Jace Jung,DET,26,L,2B,projected,Bench Bat,feed:order+depth,MLB,2,11.8,2.8,10.3,2.2,1.8,0.3,0.0,0.1,2.8,1.4,0.1,0.0,3.2,0.2,0.0,1.5,1.0,0.214,0.314,0.272,0.586,0.15634,0.02545,0.00134,0.00779,0.11534,0.00764,0.00225,0.26765,0.01394,0.00399,0.1251480487357311,0.0874345561752102
681047,Christian Franklin,BAL,27,R,LF,projected,Bench Bat,feed:order+depth,MLB,6,11.5,2.7,10.2,2.3,1.5,0.5,0.0,0.3,3.7,1.1,0.2,0.0,2.7,0.3,0.1,1.3,1.0,0.225,0.313,0.363,0.676,0.13346,0.04175,0.00247,0.02533,0.09379,0.02016,0.00388,0.23847,0.02364,0.00656,0.1114520337158,0.0910464553802019
660644,Vidal Bruján,ATL,29,S,SS,projected,Bench Bat,default,MLB,2,11.3,2.7,10.2,2.1,1.8,0.3,0.0,0.0,2.4,0.9,0.1,0.1,2.4,0.3,0.1,1.4,1.0,0.206,0.274,0.235,0.509,0.16087,0.02707,0.00324,0.00433,0.07741,0.01209,0.00487,0.21667,0.03083,0.00969,0.1217128452786303,0.0885502364078022
695491,Joshua Báez,STL,24,R,LF,projected,Bench Bat,feed:order+depth,MLB,3,11.2,2.6,10.2,2.4,1.0,0.6,0.1,0.7,5.3,0.7,0.2,0.1,3.0,0.2,0.1,1.4,1.3,0.235,0.295,0.52,0.815,0.08809,0.0542,0.00541,0.05836,0.06036,0.02003,0.00806,0.26784,0.01698,0.00483,0.1235259205487823,0.1203897256467001
686894,Joey Wiemer,WSH,28,R,RF,projected,Bench Bat,default,MLB,3,11.2,2.6,10.0,2.2,1.5,0.3,0.0,0.4,3.7,1.0,0.1,0.1,3.3,0.3,0.1,1.3,1.2,0.22,0.295,0.37,0.665,0.13533,0.03071,0.00257,0.03491,0.08778,0.01298,0.0067,0.29659,0.02349,0.00672,0.1184658508118401,0.1100858840543793
676694,Jake Meyers,HOU,31,R,CF,projected,Injury Replacement / 26th Man,feed:order+depth,MLB,6,10.8,2.6,9.8,2.2,1.6,0.4,0.0,0.2,3.2,0.8,0.1,0.1,2.5,0.3,0.1,1.2,1.0,0.224,0.287,0.327,0.614,0.15077,0.041,0.00383,0.01724,0.0708,0.01301,0.00573,0.22807,0.02451,0.00722,0.1136074482532109,0.0929762520386903
641933,Tyler O'Neill,BAL,32,R,RF,projected,Injury Replacement / 26th Man,feed:order+depth,MLB,3,10.8,2.6,9.5,2.0,1.0,0.5,0.0,0.5,4.0,1.1,0.1,0.1,3.1,0.1,0.0,1.3,1.2,0.211,0.296,0.421,0.717,0.09204,0.04229,0.00255,0.04965,0.1014,0.00978,0.00733,0.2845,0.01373,0.00367,0.1218205993693388,0.109583280603825
605361,Nick Martini,COL,37,L,RF,projected,Bench Bat,default,MLB,5,10.7,2.5,9.6,2.1,1.6,0.3,0.0,0.2,3.0,0.8,0.2,0.1,2.3,0.1,0.0,1.2,1.1,0.219,0.29,0.312,0.602,0.14807,0.03189,0.00397,0.02023,0.07021,0.01542,0.00801,0.21123,0.01399,0.00409,0.1087267290690579,0.1050193932071309
700246,Carson Williams,TB,24,R,SS,projected,Bench Bat,default,MLB,5,10.5,2.5,9.8,1.9,1.3,0.2,0.0,0.4,3.3,0.7,0.0,0.0,3.3,0.2,0.1,1.2,1.2,0.194,0.248,0.337,0.585,0.12564,0.02228,0.00149,0.03716,0.06707,0.00382,0.00238,0.31509,0.01759,0.00499,0.1135620143750883,0.1102308359793185
701394,Zach Ehrhard,LAD,24,R,,projected,Bench Bat,feed:prospect,MiLB (MLE),5,10.5,2.5,9.2,2.2,1.5,0.4,0.0,0.3,3.5,1.1,0.1,0.1,2.5,0.3,0.1,1.3,1.3,0.239,0.324,0.38,0.704,0.14551,0.04151,0.00374,0.02606,0.10621,0.01147,0.00921,0.23728,0.02716,0.00779,0.1271758659241691,0.1218434041775241
695508,Cam Cauley,TEX,24,R,CF,projected,Bench Bat,feed:order+depth,MLB,2,10.4,2.5,9.5,2.3,1.6,0.5,0.1,0.1,3.3,0.8,0.1,0.0,2.4,0.2,0.1,1.2,0.9,0.242,0.308,0.347,0.655,0.15377,0.04559,0.0084,0.00622,0.07999,0.01265,0.00372,0.23057,0.02161,0.00606,0.1188911561910568,0.0853646362974897
694362,Blake Dunn,CIN,28,R,CF,projected,Injury Replacement / 26th Man,feed:order+depth,MLB,1,10.4,2.5,9.3,2.2,1.7,0.3,0.1,0.1,3.0,0.8,0.3,0.0,2.6,0.4,0.1,1.3,0.8,0.237,0.317,0.323,0.64,0.16171,0.0283,0.00504,0.01286,0.07708,0.0311,0.00447,0.25274,0.03371,0.00977,0.1252146889913609,0.0801281642784735
687749,Jase Bowen,SD,26,R,LF,projected,Bench Bat,feed:order+depth,MLB,2,10.4,2.5,9.6,2.1,1.6,0.3,0.0,0.2,3.0,0.6,0.2,0.0,3.2,0.3,0.1,1.3,1.0,0.219,0.279,0.312,0.591,0.15076,0.02409,0.00308,0.01816,0.05723,0.01527,0.00294,0.31048,0.0332,0.00924,0.1203087813523795,0.096724352966402
669717,Will Wilson,CLE,28,R,3B,projected,Bench Bat,feed:order+depth,MLB,6,10.3,2.4,9.4,2.0,1.4,0.4,0.0,0.2,3.0,0.8,0.1,0.0,2.9,0.2,0.0,1.1,0.9,0.213,0.282,0.319,0.601,0.13718,0.04013,0.00103,0.01459,0.08204,0.01035,0.00305,0.28483,0.01671,0.00467,0.1026597086997239,0.0849917016850426
676812,Carson McCusker,MIN,29,R,RF,projected,Bench Bat,default,MLB,6,10.2,2.4,9.3,2.1,1.6,0.4,0.0,0.1,2.8,0.8,0.1,0.0,2.9,0.2,0.1,1.0,1.0,0.226,0.294,0.301,0.595,0.15374,0.03579,0.00208,0.00854,0.07363,0.00786,0.0049,0.28375,0.01901,0.00545,0.1029372523285316,0.1019664294334546
680737,Michael Helman,TEX,31,R,CF,projected,Bench Bat,feed:order+depth,MLB,4,10.1,2.4,9.1,2.1,1.2,0.5,0.0,0.4,3.8,0.7,0.2,0.1,2.1,0.2,0.1,1.2,1.2,0.231,0.297,0.418,0.715,0.11393,0.04568,0.00327,0.04286,0.0652,0.01604,0.00645,0.21069,0.0191,0.00529,0.1171942176662752,0.1187856967347145
701305,Zach Dezenzo,HOU,27,R,LF,projected,Bench Bat,default,MLB,2,9.6,2.3,8.8,1.8,1.2,0.4,0.0,0.2,2.8,0.8,0.0,0.0,3.0,0.1,0.0,1.2,0.9,0.205,0.271,0.318,0.589,0.12374,0.04662,0.00425,0.02421,0.08178,0.00257,0.0016,0.3141,0.0121,0.00338,0.1265359131556232,0.0972613535827397
663698,Joey Bart,CWS,30,R,C,projected,Injury Replacement / 26th Man,feed:depth,MLB,5,9.6,2.3,8.6,1.8,1.2,0.3,0.0,0.3,3.0,0.8,0.2,0.0,2.8,0.1,0.0,1.0,1.0,0.209,0.292,0.349,0.641,0.12265,0.03643,0.00137,0.03086,0.08522,0.02392,0.00287,0.28776,0.0056,0.0016,0.1006559469694761,0.1062875201310239
670097,Zack Short,NYM,32,R,SS,projected,Bench Bat,default,MLB,6,9.6,2.3,8.4,1.7,1.0,0.4,0.0,0.3,3.0,1.0,0.1,0.1,2.6,0.1,0.0,1.0,1.1,0.202,0.292,0.357,0.649,0.10606,0.04157,0.00337,0.02831,0.10712,0.00682,0.00981,0.27271,0.01559,0.00442,0.1064952494101292,0.109531138585933
665839,Enmanuel Valdez,PIT,28,L,1B,projected,Bench Bat,default,MLB,5,9.5,2.2,8.7,2.1,1.3,0.5,0.0,0.3,3.5,0.7,0.0,0.1,2.1,0.1,0.0,0.9,1.1,0.241,0.295,0.402,0.697,0.13532,0.04764,0.00215,0.02911,0.078,0.00331,0.00802,0.22537,0.01375,0.0039,0.099328261335736,0.1134958630989405
641313,Tim Anderson,LAA,34,R,2B,projected,Bench Bat,default,MLB,9,9.4,2.2,8.9,1.9,1.6,0.3,0.0,0.0,2.2,0.4,0.1,0.0,2.2,0.2,0.1,1.0,0.6,0.213,0.255,0.247,0.502,0.17532,0.0273,0.00272,0.00194,0.04562,0.00894,0.00194,0.23792,0.02231,0.00626,0.1016048374367987,0.0616372791179844
571912,Luke Maile,KC,36,R,C,projected,Bench Bat,feed:order+depth,MLB,7,9.2,2.2,8.1,1.6,1.2,0.2,0.0,0.2,2.4,0.8,0.2,0.1,2.5,0.1,0.0,0.8,0.9,0.198,0.283,0.296,0.579,0.13018,0.02547,0.00088,0.02354,0.08444,0.01682,0.00599,0.27643,0.00932,0.00261,0.087172519926582,0.095204167558077
681962,Vinny Capra,CWS,30,R,3B,projected,Bench Bat,default,MLB,6,9.2,2.2,8.4,1.9,1.3,0.4,0.0,0.2,2.9,0.6,0.1,0.1,2.2,0.2,0.0,1.0,0.9,0.226,0.283,0.345,0.628,0.14019,0.04192,0.00236,0.02195,0.06275,0.00826,0.01122,0.23637,0.0188,0.00525,0.1066725849625827,0.0924925725404291
669450,Cooper Hummel,HOU,32,S,LF,projected,Bench Bat,default,MLB,6,9.2,2.2,8.2,1.7,1.1,0.2,0.1,0.3,3.0,0.9,0.1,0.0,2.6,0.2,0.0,1.0,0.9,0.207,0.293,0.366,0.659,0.11744,0.02694,0.00606,0.03017,0.10265,0.01127,0.00361,0.28439,0.01806,0.00505,0.1092909923076197,0.0943349427721694
681584,David Villar,SF,30,R,1B,projected,Bench Bat,default,MLB,5,8.7,2.1,7.7,1.7,1.0,0.4,0.0,0.3,3.0,0.7,0.2,0.1,2.5,0.1,0.0,0.9,0.9,0.221,0.299,0.39,0.689,0.11723,0.0406,0.00206,0.03049,0.08524,0.02484,0.00748,0.28833,0.01194,0.00343,0.1075918904721944,0.1005440129226987
669722,Logan Davidson,LAA,29,S,1B,projected,Bench Bat,default,MLB,5,8.7,2.1,7.9,1.7,1.2,0.3,0.0,0.2,2.6,0.7,0.1,0.0,2.5,0.1,0.0,0.9,0.9,0.215,0.287,0.329,0.616,0.13801,0.0334,0.00233,0.02253,0.07739,0.00681,0.00424,0.2907,0.01566,0.00442,0.0999702679799647,0.0991296322593073
666464,Jerar Encarnacion,SF,29,R,RF,projected,Bench Bat,default,MLB,5,8.7,2.1,8.2,1.8,1.2,0.4,0.0,0.2,2.8,0.4,0.0,0.1,2.4,0.1,0.0,0.8,1.0,0.22,0.253,0.341,0.594,0.13906,0.04817,0.00311,0.02587,0.05041,0.00233,0.0067,0.27386,0.01335,0.00371,0.0971199428581663,0.11414518012348
671083,Buddy Kennedy,SF,28,R,3B,projected,Bench Bat,default,MLB,6,8.7,2.1,7.7,1.7,1.1,0.4,0.0,0.2,2.7,0.8,0.1,0.1,2.2,0.1,0.0,0.8,0.8,0.221,0.299,0.351,0.65,0.12542,0.0415,0.00302,0.02176,0.09147,0.01528,0.01119,0.25132,0.01428,0.00401,0.095617156552066,0.0906142097355548
664068,Scott Kingery,LAA,33,R,3B,projected,Bench Bat,default,MLB,5,8.7,2.1,7.9,1.8,1.2,0.4,0.0,0.2,2.8,0.7,0.1,0.0,2.2,0.2,0.1,0.9,0.8,0.228,0.299,0.354,0.653,0.13582,0.04443,0.00473,0.0222,0.07779,0.00766,0.00477,0.24826,0.02162,0.00617,0.105854718024567,0.0923391637157742
691185,Maximo Acosta,MIA,24,R,3B,projected,Bench Bat,default,MLB,5,8.6,2.0,7.8,1.7,1.2,0.2,0.0,0.3,2.8,0.7,0.1,0.0,2.1,0.2,0.1,0.9,0.8,0.218,0.291,0.359,0.65,0.1432,0.02569,0.00359,0.03848,0.08675,0.013,0.00383,0.24509,0.024,0.00696,0.1080653015987649,0.0988215619543167
640902,Jhonny Pereda,SEA,31,R,C,projected,Bench Bat,feed:order+depth,MLB,6,8.6,2.0,7.8,1.9,1.5,0.3,0.0,0.1,2.5,0.7,0.1,0.0,2.0,0.1,0.0,0.9,0.8,0.244,0.314,0.321,0.635,0.17854,0.03811,0.00041,0.01107,0.08015,0.00937,0.00507,0.23203,0.00794,0.00224,0.1031222773923972,0.0943505897785118
518792,Jason Heyward,SD,37,L,LF,projected,Bench Bat,default,MLB,5,8.5,2.0,7.6,1.8,1.3,0.3,0.0,0.2,2.7,0.7,0.1,0.1,1.7,0.1,0.0,1.0,0.9,0.237,0.306,0.355,0.661,0.14778,0.03007,0.00345,0.02582,0.08095,0.01098,0.00971,0.20223,0.0138,0.00393,0.1137430053883926,0.1057875406467521
663609,Luken Baker,STL,30,R,1B,projected,Bench Bat,default,MLB,5,8.5,2.0,7.5,1.6,1.0,0.3,0.0,0.3,2.8,0.9,0.0,0.1,2.2,0.1,0.0,0.8,0.9,0.213,0.294,0.373,0.667,0.11828,0.03774,0.00088,0.03708,0.11141,0.00316,0.00909,0.26047,0.01111,0.00312,0.0970021258586111,0.106936596905146
669699,Braden Shewmake,MIL,29,L,SS,projected,Bench Bat,default,MLB,6,8.3,2.0,7.7,1.8,1.1,0.5,0.0,0.2,2.9,0.4,0.0,0.2,1.6,0.2,0.1,0.9,0.9,0.234,0.265,0.377,0.642,0.13827,0.05889,0.00518,0.02949,0.04774,0.00358,0.01837,0.1971,0.02178,0.00607,0.1121832454494763,0.1044560495095922
687605,Andrew Pinckney,WSH,26,R,LF,projected,Bench Bat,default,MLB,2,8.3,2.0,7.4,1.6,1.1,0.3,0.0,0.2,2.5,0.6,0.1,0.2,2.1,0.2,0.0,1.0,0.9,0.216,0.277,0.338,0.615,0.13756,0.04197,0.00302,0.01945,0.07298,0.01682,0.02286,0.2523,0.02098,0.006,0.1226459521542999,0.1056587318051547
661531,Brian Serven,OAK,32,R,C,projected,Bench Bat,feed:order+depth,MLB,6,8.3,2.0,7.7,1.6,1.2,0.2,0.0,0.2,2.4,0.5,0.1,0.0,2.1,0.1,0.0,0.8,0.9,0.208,0.265,0.312,0.577,0.14956,0.03011,0.00136,0.02888,0.06336,0.01228,0.00326,0.25094,0.00896,0.00252,0.1017377408758585,0.1041719445210545
660710,Rodolfo Durán,SD,29,R,C,projected,Injury Replacement / 26th Man,feed:order+depth,MLB,6,8.2,1.9,7.4,1.7,1.0,0.3,0.0,0.4,3.2,0.7,0.1,0.0,2.0,0.1,0.0,0.9,0.8,0.23,0.305,0.432,0.737,0.12643,0.03386,0.00131,0.04759,0.07934,0.01072,0.00316,0.24578,0.01403,0.00396,0.1067542806659894,0.1032800587218552
663611,Nick Madrigal,TB,30,R,2B,projected,Bench Bat,default,MLB,9,8.2,1.9,7.5,1.8,1.6,0.2,0.0,0.0,2.0,0.5,0.2,0.0,1.0,0.2,0.1,0.8,0.7,0.24,0.305,0.267,0.572,0.19568,0.02877,0.00208,0.00215,0.05947,0.02159,0.002,0.12195,0.02247,0.00635,0.0970522267118432,0.0792762016466973
678894,Liover Peguero,PIT,26,R,SS,projected,Bench Bat,default,MLB,5,8.2,1.9,7.6,1.6,1.0,0.2,0.0,0.4,3.0,0.5,0.1,0.0,2.3,0.2,0.1,0.9,0.9,0.211,0.268,0.395,0.663,0.12592,0.03036,0.00273,0.04477,0.06549,0.00953,0.00383,0.28159,0.02328,0.00647,0.1085924386856837,0.1109375547094152
676116,Ryan Noda,BAL,31,L,1B,projected,Bench Bat,default,MLB,2,8.2,2.0,7.0,1.3,0.7,0.3,0.0,0.3,2.5,1.1,0.1,0.0,2.7,0.1,0.0,1.0,0.9,0.186,0.305,0.357,0.662,0.08699,0.0373,0.00229,0.03059,0.13555,0.01543,0.00334,0.33009,0.00872,0.00245,0.1250959408451659,0.1072322686242435
676044,Bob Seymour,TB,28,L,1B,projected,Bench Bat,default,MLB,6,8.2,1.9,7.5,1.6,1.3,0.3,0.0,0.0,1.9,0.6,0.1,0.0,2.4,0.1,0.0,0.9,0.8,0.213,0.28,0.253,0.533,0.16047,0.03295,0.00141,0.00498,0.06921,0.01123,0.00331,0.28948,0.01591,0.00447,0.1091691446192632,0.0950262468688019
669288,Daniel Johnson,BAL,31,L,CF,projected,Bench Bat,default,MLB,2,8.2,2.0,7.4,1.8,1.3,0.3,0.0,0.2,2.7,0.7,0.1,0.0,1.8,0.2,0.1,1.1,0.8,0.243,0.317,0.365,0.682,0.16117,0.03101,0.00501,0.02078,0.08162,0.01183,0.00348,0.22386,0.02682,0.00762,0.1351831888259343,0.0940907144819676
814154,Scott Bandura,SF,25,L,LF,projected,Bench Bat,feed:order+depth,MLB,6,8.1,1.9,7.4,1.6,1.1,0.3,0.0,0.2,2.5,0.6,0.1,0.0,2.4,0.2,0.0,0.8,0.8,0.216,0.284,0.338,0.622,0.1334,0.0355,0.00263,0.02474,0.07235,0.00786,0.0049,0.29848,0.02003,0.00573,0.1036827438151867,0.0958929844183756
693409,César Prieto,STL,28,L,3B,projected,Bench Bat,feed:order+depth,MLB,6,8.0,1.9,7.4,1.8,1.1,0.3,0.0,0.4,3.3,0.5,0.1,0.0,1.8,0.1,0.0,0.8,0.7,0.243,0.3,0.446,0.746,0.13345,0.03223,0.00216,0.04841,0.06615,0.00693,0.00432,0.22399,0.01739,0.00488,0.1002913058778681,0.089582347675636
656248,Sean Bouchard,COL,31,R,RF,projected,Bench Bat,default,MLB,2,7.9,1.9,6.8,1.4,1.0,0.3,0.0,0.1,2.0,0.9,0.1,0.1,2.3,0.1,0.0,0.9,0.8,0.206,0.304,0.294,0.598,0.12051,0.04062,0.00251,0.01706,0.11076,0.00939,0.01108,0.28862,0.01811,0.00515,0.1139935739711406,0.0996404877752167
688760,Blaine Crim,COL,30,R,1B,projected,Bench Bat,default,MLB,4,7.9,1.9,7.1,1.5,0.8,0.3,0.0,0.4,3.0,0.6,0.1,0.1,2.2,0.1,0.0,0.9,0.9,0.211,0.278,0.423,0.701,0.10267,0.04049,0.00246,0.04972,0.08138,0.0119,0.01617,0.28275,0.01206,0.0034,0.1150207954945964,0.1177009098330676
656541,Sam Hilliard,COL,33,L,LF,projected,Bench Bat,default,MLB,2,7.9,1.9,7.0,1.6,0.9,0.3,0.1,0.3,3.0,0.8,0.0,0.1,2.5,0.2,0.1,1.0,0.8,0.229,0.304,0.429,0.733,0.1079,0.03307,0.00854,0.04222,0.09897,0.00317,0.00769,0.31863,0.0264,0.00743,0.1243778497355306,0.0980996554900329
676701,Alan Trejo,COL,31,R,SS,projected,Bench Bat,default,MLB,6,7.9,1.9,7.2,1.6,1.3,0.2,0.0,0.1,2.1,0.5,0.1,0.1,1.8,0.1,0.0,0.8,0.7,0.222,0.278,0.292,0.57,0.15938,0.02477,0.00181,0.01342,0.05918,0.00874,0.0064,0.22692,0.01583,0.00452,0.097819504165454,0.092384568468624
668845,Aaron Schunk,COL,29,R,SS,projected,Bench Bat,default,MLB,6,7.9,1.9,7.4,1.6,1.3,0.2,0.0,0.1,2.1,0.5,0.0,0.0,2.1,0.1,0.0,0.8,0.7,0.216,0.266,0.284,0.55,0.16628,0.02927,0.00365,0.01257,0.05787,0.0041,0.00255,0.26906,0.01575,0.0045,0.1062147055253341,0.0860624869106276
677060,Chad Stevens,COL,28,R,2B,projected,Bench Bat,default,MLB,6,7.9,1.9,7.0,1.4,1.0,0.3,0.0,0.1,2.0,0.7,0.1,0.1,2.2,0.1,0.0,0.8,0.8,0.2,0.278,0.286,0.564,0.12823,0.04055,0.00242,0.01879,0.08923,0.00676,0.01183,0.28185,0.01562,0.0044,0.0962506567478124,0.098809372178966
678225,Jihwan Bae,PIT,27,L,2B,projected,Bench Bat,default,MLB,2,7.7,1.8,7.0,1.5,1.0,0.2,0.1,0.2,2.5,0.6,0.1,0.0,2.0,0.4,0.1,1.0,0.7,0.214,0.286,0.357,0.643,0.13411,0.02713,0.00705,0.02443,0.08271,0.00953,0.0058,0.25454,0.05058,0.01451,0.1321308139817328,0.0934848524005703
608841,Joey Meneses,OAK,35,R,1B,projected,Bench Bat,default,MLB,4,7.7,1.8,7.0,1.7,1.3,0.3,0.0,0.1,2.3,0.5,0.1,0.1,1.6,0.0,0.0,0.8,1.0,0.243,0.299,0.329,0.628,0.17098,0.0389,0.0014,0.01086,0.06453,0.00949,0.00932,0.20799,0.00444,0.00124,0.1044013981433476,0.1330631484410865
687478,Cam Devanney,PIT,30,R,3B,projected,Bench Bat,default,MLB,6,7.7,1.8,7.0,1.5,1.0,0.4,0.0,0.1,2.2,0.6,0.1,0.0,2.3,0.1,0.0,0.8,0.7,0.214,0.286,0.314,0.6,0.13168,0.04624,0.00226,0.01472,0.07579,0.00733,0.00457,0.29968,0.01738,0.00498,0.1008109173342109,0.0967311906978846
685301,Matt Gorski,PIT,29,R,1B,projected,Bench Bat,default,MLB,5,7.7,1.8,7.1,1.5,1.0,0.2,0.0,0.3,2.6,0.5,0.1,0.0,2.0,0.1,0.0,0.8,0.8,0.211,0.273,0.366,0.639,0.13623,0.02519,0.00286,0.04265,0.06876,0.00709,0.00442,0.26497,0.01855,0.00532,0.1031754144821055,0.1064023716552567
686554,Oliver Dunn,MIL,29,L,SS,projected,Bench Bat,default,MLB,6,7.6,1.8,7.0,1.5,1.0,0.3,0.1,0.1,2.3,0.5,0.1,0.0,2.2,0.1,0.0,0.8,0.8,0.214,0.276,0.329,0.605,0.13006,0.03822,0.0081,0.01098,0.06915,0.0118,0.00639,0.28717,0.01866,0.00518,0.1096212324148143,0.1030258494621303
672284,Jarred Kelenic,TEX,27,L,RF,projected,Bench Bat,default,MLB,6,7.6,1.8,7.0,1.4,0.9,0.2,0.0,0.3,2.5,0.6,0.0,0.0,2.4,0.1,0.0,0.8,0.7,0.2,0.263,0.357,0.62,0.11484,0.03253,0.00387,0.03797,0.0847,0.00295,0.00501,0.31309,0.01968,0.00584,0.098988080612262,0.0938780905913094
672012,Tyler Black,MIL,26,L,LF,projected,Bench Bat,default,MLB,6,7.6,1.8,6.7,1.5,1.0,0.4,0.0,0.1,2.2,0.8,0.1,0.0,1.8,0.2,0.0,0.8,0.8,0.224,0.316,0.328,0.644,0.13279,0.0485,0.00353,0.01182,0.10003,0.0103,0.00303,0.23933,0.02084,0.00581,0.104980799167294,0.1110925892981744
669369,Bryce Johnson,SD,31,S,RF,projected,Bench Bat,default,MLB,6,7.5,1.8,6.9,1.6,1.3,0.2,0.0,0.1,2.1,0.5,0.1,0.0,1.9,0.3,0.1,0.9,0.7,0.232,0.293,0.304,0.597,0.17228,0.03185,0.00243,0.01119,0.06958,0.00793,0.00429,0.25317,0.03624,0.01012,0.1143975689430846,0.0896047155330604
691907,Tsung-Che Cheng,BOS,25,L,SS,projected,Bench Bat,default,MLB,3,7.5,1.8,6.8,1.5,1.1,0.2,0.0,0.2,2.3,0.6,0.0,0.1,2.0,0.2,0.0,0.9,0.8,0.221,0.28,0.338,0.618,0.14497,0.03028,0.00625,0.02667,0.08129,0.00661,0.01156,0.26054,0.0214,0.00627,0.1215235541272468,0.1102050858639554
660757,Oscar Gonzalez,SD,29,R,LF,projected,Bench Bat,default,MLB,6,7.4,1.8,7.1,1.6,1.1,0.4,0.0,0.1,2.3,0.3,0.0,0.0,1.6,0.1,0.0,0.7,0.7,0.225,0.257,0.324,0.581,0.15217,0.05742,0.00488,0.00882,0.04592,0.00673,0.00493,0.22285,0.01047,0.00305,0.0979831290331173,0.0989196584267535
669398,Gage Workman,SD,27,L,3B,projected,Bench Bat,default,MLB,5,7.4,1.8,6.9,1.5,0.7,0.4,0.0,0.4,3.1,0.5,0.0,0.0,2.1,0.1,0.0,0.8,0.9,0.217,0.27,0.449,0.719,0.09304,0.05978,0.00538,0.05151,0.06087,0.00626,0.0039,0.28962,0.01305,0.00368,0.1083755842399186,0.1219703657604437
493329,Yuli Gurriel,SD,43,R,1B,projected,Bench Bat,default,MLB,7,7.4,1.8,6.7,1.6,1.2,0.3,0.0,0.1,2.2,0.5,0.1,0.1,1.2,0.1,0.0,0.7,0.7,0.239,0.297,0.328,0.625,0.15961,0.03461,0.00199,0.01502,0.07138,0.00697,0.00851,0.15803,0.01292,0.0035,0.0974997590234987,0.0922531803774294
670092,Trenton Brooks,SD,31,L,LF,projected,Bench Bat,default,MLB,6,7.4,1.8,6.8,1.5,1.0,0.2,0.0,0.3,2.6,0.6,0.0,0.0,1.8,0.1,0.0,0.8,0.7,0.221,0.284,0.382,0.666,0.13237,0.03358,0.00226,0.04056,0.08109,0.0057,0.00355,0.24256,0.01601,0.0045,0.1141357435212078,0.0966437912981323
694514,Sterlin Thompson,COL,26,L,LF,projected,Injury Replacement / 26th Man,feed:order+depth,MLB,5,7.4,1.8,6.6,1.6,0.9,0.5,0.1,0.1,2.6,0.6,0.2,0.0,1.8,0.1,0.0,0.7,0.8,0.242,0.324,0.394,0.718,0.1196,0.06428,0.00734,0.01475,0.07504,0.024,0.00344,0.24779,0.01338,0.00377,0.0997245331725903,0.1047205651275801
669200,Mason McCoy,SD,32,R,SS,projected,Bench Bat,default,MLB,2,7.4,1.8,6.7,1.4,1.1,0.2,0.0,0.1,1.9,0.6,0.1,0.0,1.9,0.2,0.0,0.9,0.7,0.209,0.284,0.284,0.568,0.14473,0.02976,0.00468,0.01778,0.08667,0.01117,0.00329,0.26156,0.02325,0.00647,0.1200973069731713,0.0961201404543787
689172,Brett Wisely,ATL,28,L,2B,projected,Bench Bat,default,MLB,6,7.3,1.7,6.7,1.4,1.1,0.2,0.0,0.1,1.9,0.5,0.0,0.1,1.8,0.1,0.0,0.7,0.8,0.209,0.26,0.284,0.544,0.14723,0.03208,0.00532,0.01644,0.06712,0.00513,0.00813,0.24969,0.01816,0.00538,0.1007431285927017,0.1115572464714608
666150,Dominic Fletcher,CWS,29,L,RF,projected,Bench Bat,default,MLB,6,7.2,1.7,6.7,1.6,1.2,0.3,0.0,0.1,2.2,0.4,0.1,0.0,1.6,0.1,0.0,0.7,0.7,0.239,0.292,0.328,0.62,0.16103,0.04646,0.00179,0.01472,0.06089,0.00824,0.00332,0.22201,0.01091,0.00313,0.09809526583961,0.1008869858684114
676070,Jacob Amaya,CWS,28,R,SS,projected,Bench Bat,default,MLB,6,7.2,1.7,6.6,1.3,1.1,0.2,0.0,0.0,1.5,0.5,0.0,0.1,1.9,0.1,0.0,0.7,0.7,0.197,0.25,0.227,0.477,0.15447,0.03456,0.00245,0.00099,0.06332,0.0037,0.0148,0.26091,0.01896,0.00528,0.102340605607546,0.099057927918507
665155,Nick Maton,CWS,30,L,1B,projected,Bench Bat,default,MLB,5,7.2,1.7,6.2,1.4,0.8,0.2,0.0,0.4,2.8,0.8,0.1,0.1,1.9,0.1,0.0,0.8,0.8,0.226,0.319,0.452,0.771,0.1064,0.03292,0.00106,0.05034,0.11294,0.009,0.00845,0.26557,0.01075,0.00314,0.1068073576536283,0.1102729411376577
805904,Zach Cole,HOU,26,L,LF,projected,Bench Bat,default,MLB,4,7.2,1.7,6.6,1.5,0.7,0.3,0.1,0.4,3.2,0.5,0.1,0.0,2.2,0.1,0.0,0.9,1.0,0.227,0.292,0.485,0.777,0.09979,0.03934,0.00755,0.05298,0.06899,0.00989,0.00291,0.30471,0.01652,0.00459,0.1207144459360244,0.1346044458190527
608671,Travis Jankowski,NYM,36,L,RF,projected,Bench Bat,default,MLB,6,7.2,1.7,6.5,1.5,1.3,0.2,0.0,0.0,1.7,0.6,0.1,0.0,1.4,0.3,0.1,0.8,0.6,0.231,0.306,0.262,0.568,0.18623,0.02552,0.00394,0.00365,0.08818,0.01252,0.00505,0.19536,0.04378,0.01126,0.1134403657438173,0.0850048969225048
807747,Rikuu Nishida,CWS,26,L,RF,projected,Bench Bat,default,MLB,5,7.2,1.7,6.6,1.6,1.3,0.2,0.0,0.1,2.1,0.5,0.1,0.0,1.6,0.1,0.0,0.8,0.7,0.242,0.306,0.318,0.624,0.18139,0.02551,0.00312,0.01565,0.06587,0.00787,0.00491,0.21603,0.01845,0.0052,0.1071635426228202,0.0998088043400467
671284,Tim Elko,CWS,28,R,1B,projected,Bench Bat,default,MLB,5,7.2,1.7,6.6,1.5,0.9,0.2,0.0,0.4,2.9,0.6,0.0,0.0,2.1,0.1,0.0,0.8,0.8,0.227,0.292,0.439,0.731,0.1219,0.02709,0.00158,0.04908,0.07745,0.00569,0.00355,0.29489,0.01668,0.00468,0.1048916601166232,0.1071731692436092
683770,Will Robertson,CWS,29,L,LF,projected,Bench Bat,default,MLB,6,7.2,1.7,6.5,1.4,1.0,0.3,0.0,0.1,2.0,0.5,0.1,0.1,2.0,0.1,0.0,0.7,0.8,0.215,0.278,0.308,0.586,0.14057,0.04051,0.00459,0.00947,0.0627,0.01805,0.00977,0.27659,0.01526,0.0043,0.0922326537791269,0.109204386230082
664913,Seth Brown,OAK,34,L,LF,projected,Bench Bat,default,MLB,4,7.0,1.7,6.4,1.4,0.9,0.3,0.0,0.2,2.3,0.6,0.0,0.0,1.9,0.1,0.0,0.7,0.9,0.219,0.286,0.359,0.645,0.13094,0.04048,0.0035,0.02625,0.07928,0.00642,0.00298,0.27215,0.01473,0.00415,0.1035234886319654,0.1315567355295103
669208,Ryan Bliss,SEA,27,R,2B,projected,Bench Bat,default,MLB,5,7.0,1.7,6.2,1.4,1.0,0.2,0.0,0.2,2.2,0.6,0.1,0.1,1.8,0.3,0.1,0.8,0.8,0.226,0.3,0.355,0.655,0.13597,0.03528,0.00365,0.02682,0.08269,0.00916,0.00757,0.26214,0.03592,0.01058,0.1091765401418443,0.1081874774154495
671655,George Valera,CLE,26,L,LF,projected,Bench Bat,default,MLB,5,7.0,1.7,6.4,1.4,1.0,0.3,0.0,0.1,2.0,0.6,0.0,0.0,1.6,0.1,0.0,0.7,0.8,0.219,0.286,0.312,0.598,0.14959,0.04696,0.00183,0.00941,0.08404,0.00522,0.00325,0.23536,0.01294,0.00365,0.1053615339122366,0.1121353956950363
608385,Jesse Winker,NYM,33,L,LF,projected,Bench Bat,default,MLB,6,7.0,1.7,6.0,1.4,0.9,0.3,0.0,0.2,2.3,0.9,0.1,0.0,1.5,0.1,0.0,0.7,0.8,0.233,0.343,0.383,0.726,0.12636,0.04885,0.00211,0.02561,0.12521,0.01296,0.00661,0.21917,0.01258,0.00353,0.105476355097702,0.1078572407869453
672569,Gustavo Campero,LAA,29,S,LF,projected,Injury Replacement / 26th Man,feed:depth,MLB,3,6.9,1.6,6.2,1.5,1.0,0.3,0.0,0.2,2.4,0.4,0.2,0.1,1.5,0.2,0.1,0.8,0.7,0.242,0.304,0.387,0.691,0.14332,0.04082,0.00405,0.03076,0.06298,0.0277,0.00736,0.22209,0.03053,0.00849,0.1129253984749859,0.1071903947807227
689200,Jacob Melton,HOU,26,L,CF,projected,Bench Bat,feed:order+depth,MLB,5,6.8,1.6,6.2,1.3,1.0,0.1,0.0,0.2,2.0,0.5,0.1,0.0,1.9,0.3,0.1,0.8,0.7,0.21,0.279,0.323,0.602,0.15069,0.01479,0.00408,0.03065,0.07985,0.01159,0.00341,0.28216,0.03681,0.01038,0.1138687349327261,0.1099703376743592
656582,Connor Joe,SEA,34,R,RF,projected,Bench Bat,default,MLB,2,6.8,1.6,6.0,1.3,0.9,0.3,0.0,0.1,1.9,0.7,0.1,0.0,1.6,0.1,0.0,0.8,0.6,0.217,0.309,0.317,0.626,0.13816,0.04319,0.00166,0.01606,0.10379,0.01421,0.0041,0.23239,0.0157,0.00478,0.1145714277403615,0.0844799435797433
669899,Ryan Ward,LAD,29,L,LF,projected,Bench Bat,default,MLB,4,6.8,1.6,6.2,1.4,0.8,0.3,0.0,0.3,2.6,0.6,0.0,0.0,1.7,0.1,0.0,0.9,0.9,0.226,0.294,0.419,0.713,0.11491,0.03996,0.00151,0.05069,0.08219,0.00618,0.00385,0.24841,0.0131,0.00369,0.1277894336983646,0.1367586789793324
683679,Jesus Rodriguez,SF,25,R,C,projected,Injury Replacement / 26th Man,feed:order+depth,MLB,4,6.1,1.4,5.5,1.3,0.9,0.3,0.0,0.1,1.9,0.5,0.1,0.0,1.2,0.1,0.0,0.7,0.7,0.236,0.311,0.345,0.656,0.1473,0.0516,0.00513,0.0241,0.08325,0.0133,0.00392,0.19922,0.02184,0.00624,0.1107686665876217,0.1105213726385166
669304,Jose F Miranda,MIN,29,R,3B,projected,Bench Bat,default,MLB,6,6.1,1.5,5.7,1.4,1.0,0.3,0.0,0.1,2.0,0.3,0.1,0.0,1.1,0.0,0.0,0.6,0.7,0.246,0.295,0.351,0.646,0.16059,0.04857,0.0014,0.01957,0.05241,0.01468,0.0046,0.18718,0.00517,0.0015,0.0950205419160991,0.1123552352591246
800543,Josue De Paula,LAD,22,L,LF,projected,Bench Bat,feed:depth,MLB,3,6.0,1.4,5.2,1.2,0.8,0.2,0.0,0.2,2.0,0.8,0.0,0.0,1.2,0.1,0.0,0.8,0.8,0.231,0.333,0.385,0.718,0.13717,0.03639,0.00331,0.0368,0.12842,0.00711,0.00443,0.20013,0.02224,0.00636,0.1325641065593773,0.1280348608080428
607680,Kevin Pillar,TEX,38,R,CF,projected,Bench Bat,default,MLB,4,6.0,1.4,5.5,1.2,0.8,0.3,0.0,0.1,1.8,0.3,0.1,0.1,1.4,0.2,0.0,0.7,0.7,0.218,0.267,0.327,0.594,0.13316,0.05678,0.00268,0.02115,0.04882,0.01606,0.00975,0.22961,0.02744,0.00759,0.1154781046948858,0.1176735788314677
592178,Kris Bryant,COL,35,R,RF,projected,Injury Replacement / 26th Man,feed:order+depth,MLB,6,5.2,1.2,4.7,1.0,0.6,0.3,0.0,0.1,1.6,0.4,0.1,0.0,1.2,0.0,0.0,0.5,0.5,0.213,0.288,0.34,0.628,0.11662,0.05729,0.00241,0.02427,0.08257,0.02065,0.00438,0.23124,0.00458,0.00129,0.0978942111853417,0.0871644154539712
691373,Jhostynxon Garcia,PIT,24,R,CF,projected,Injury Replacement / 26th Man,feed:order+depth,MLB,6,4.6,1.1,4.2,0.9,0.7,0.2,0.0,0.0,1.1,0.3,0.1,0.0,1.2,0.1,0.0,0.4,0.4,0.214,0.283,0.262,0.545,0.15194,0.03862,0.00226,0.00767,0.07045,0.01318,0.00388,0.2705,0.01632,0.0046,0.0973223149848582,0.0934945429626518
678577,Junior Perez,CWS,25,R,LF,projected,Injury Replacement / 26th Man,feed:depth,MLB,5,4.3,1.0,4.0,0.9,0.5,0.2,0.0,0.2,1.7,0.3,0.0,0.0,1.1,0.1,0.0,0.5,0.5,0.225,0.279,0.425,0.704,0.10991,0.03861,0.00476,0.05319,0.06958,0.00746,0.00465,0.26711,0.01573,0.00452,0.1112067233541879,0.1104173404494923
663897,Luke Williams,ATL,30,R,LF,projected,Bench Bat,feed:order+depth,MLB,2,3.6,0.8,3.3,0.7,0.4,0.2,0.0,0.1,1.2,0.3,0.0,0.0,1.0,0.1,0.0,0.5,0.4,0.212,0.278,0.364,0.642,0.10054,0.06588,0.00296,0.03069,0.07066,0.00869,0.0047,0.26873,0.03389,0.00932,0.1354902989795421,0.0998788223112405
808291,Tyler Rodriguez,MIL,25,R,,floor,Depth (no MLB PA),default,MiLB (MLE),5,1.0,0.2,0.9,0.1,0.1,0.0,0.0,0.0,0.1,0.1,0.0,0.0,0.2,0.0,0.0,0.1,0.1,0.111,0.2,0.111,0.311,0.13827,0.04025,0.00294,0.02567,0.084,0.01106,0.00764,0.23008,0.01791,0.00506,0.1172969823098257,0.1123787404199927
805301,Jordan Dissin,PHI,25,R,,floor,Depth (no MLB PA),default,MiLB (MLE),0,1.0,0.2,0.9,0.1,0.1,0.0,0.0,0.0,0.1,0.1,0.0,0.0,0.2,0.0,0.0,0.1,0.1,0.111,0.2,0.111,0.311,0.1405,0.03835,0.00319,0.0267,0.0822,0.01096,0.00728,0.2285,0.0,0.0,0.1161846072924148,0.1108296727206394
801523,Chris Suero,NYM,25,R,,floor,Depth (no MLB PA),feed:depth,MiLB (MLE),5,1.0,0.2,0.9,0.1,0.1,0.0,0.0,0.0,0.1,0.1,0.0,0.0,0.3,0.0,0.0,0.1,0.1,0.111,0.2,0.111,0.311,0.10599,0.03727,0.00328,0.0267,0.09825,0.01136,0.00881,0.2711,0.02405,0.00676,0.1185244404252146,0.1135547314319469
827759,Daniel Bucciero,OAK,25,R,,floor,Depth (no MLB PA),feed:order+depth,MiLB (MLE),5,1.0,0.2,0.9,0.1,0.1,0.0,0.0,0.0,0.1,0.1,0.0,0.0,0.2,0.0,0.0,0.1,0.1,0.111,0.2,0.111,0.311,0.13331,0.03855,0.00416,0.0255,0.08486,0.01108,0.00774,0.2334,0.01725,0.00487,0.1137291867017833,0.1089605418558665
685091,Parker Chavers,HOU,25,L,,floor,Depth (no MLB PA),default,MiLB (MLE),0,1.0,0.2,0.9,0.1,0.1,0.0,0.0,0.0,0.1,0.1,0.0,0.0,0.2,0.0,0.0,0.1,0.1,0.111,0.2,0.111,0.311,0.13082,0.03689,0.00307,0.02568,0.082,0.01101,0.00744,0.23396,0.0,0.0,0.1181433850095948,0.1126981706084979
681132,Max Ferguson,BOS,25,L,,floor,Depth (no MLB PA),default,MiLB (MLE),5,1.0,0.2,0.9,0.1,0.1,0.0,0.0,0.0,0.1,0.1,0.0,0.0,0.2,0.0,0.0,0.1,0.1,0.111,0.2,0.111,0.311,0.13686,0.03536,0.00248,0.02568,0.08244,0.0112,0.0082,0.23767,0.01698,0.00478,0.1139845743829696,0.1092052211763855
680846,Pablo Aliendo,CIN,25,R,,floor,Depth (no MLB PA),default,MiLB (MLE),5,1.0,0.2,0.9,0.1,0.1,0.0,0.0,0.0,0.1,0.1,0.0,0.0,0.2,0.0,0.0,0.1,0.1,0.111,0.2,0.111,0.311,0.12085,0.04488,0.0027,0.02667,0.08092,0.01113,0.00792,0.24339,0.01562,0.0044,0.1096855274705329,0.1050864325467684
702619,Luke Hill,CLE,25,R,,floor,Depth (no MLB PA),default,MiLB (MLE),5,1.0,0.2,0.9,0.1,0.1,0.0,0.0,0.0,0.1,0.1,0.0,0.0,0.2,0.0,0.0,0.1,0.1,0.111,0.2,0.111,0.311,0.13283,0.0446,0.00272,0.02567,0.08294,0.01114,0.00795,0.23258,0.01774,0.005,0.1100028836523031,0.1053904820395136
701734,Ryan McCrystal,CIN,25,L,,floor,Depth (no MLB PA),default,MiLB (MLE),5,1.0,0.2,0.9,0.1,0.1,0.0,0.0,0.0,0.1,0.1,0.0,0.0,0.2,0.0,0.0,0.1,0.1,0.111,0.2,0.111,0.311,0.13936,0.04137,0.00398,0.02567,0.08174,0.0111,0.00781,0.23136,0.01703,0.00481,0.1096855274705329,0.1050864325467684
806997,Yerlin Luis,CLE,25,S,,floor,Depth (no MLB PA),default,MiLB (MLE),5,1.0,0.2,0.9,0.1,0.1,0.0,0.0,0.0,0.1,0.1,0.0,0.0,0.2,0.0,0.0,0.1,0.1,0.111,0.2,0.111,0.311,0.12777,0.03748,0.00301,0.0255,0.08437,0.01102,0.0075,0.23529,0.0171,0.00482,0.1100028836523031,0.1053904820395136
800140,Kendry Chirinos,TOR,25,R,,floor,Depth (no MLB PA),default,MiLB (MLE),5,1.0,0.2,0.9,0.1,0.1,0.0,0.0,0.0,0.1,0.1,0.0,0.0,0.2,0.0,0.0,0.1,0.1,0.111,0.2,0.111,0.311,0.13415,0.03717,0.00416,0.0255,0.08265,0.01108,0.00773,0.23629,0.01675,0.00472,0.1119841749477096,0.1072886981384986
821238,Marlon Quintero,LAA,25,R,,floor,Depth (no MLB PA),default,MiLB (MLE),5,1.0,0.2,0.9,0.1,0.1,0.0,0.0,0.0,0.1,0.1,0.0,0.0,0.2,0.0,0.0,0.1,0.1,0.111,0.2,0.111,0.311,0.13894,0.04019,0.00351,0.02567,0.08058,0.01111,0.00783,0.2297,0.01704,0.0048,0.106480524616612,0.1020158149002312
801686,Michael Carico,CHC,25,L,,floor,Depth (no MLB PA),default,MiLB (MLE),0,1.0,0.2,0.9,0.1,0.1,0.0,0.0,0.0,0.1,0.1,0.0,0.0,0.2,0.0,0.0,0.1,0.1,0.111,0.2,0.111,0.311,0.13173,0.04057,0.00313,0.0267,0.08435,0.01099,0.00735,0.23089,0.0,0.0,0.1212968604734738,0.1157063027676458
806128,Antonio Jimenez,NYM,25,R,,floor,Depth (no MLB PA),default,MiLB (MLE),5,1.0,0.2,0.9,0.1,0.1,0.0,0.0,0.0,0.1,0.1,0.0,0.0,0.2,0.0,0.0,0.1,0.1,0.111,0.2,0.111,0.311,0.12764,0.03713,0.00408,0.02552,0.08314,0.0111,0.00781,0.23632,0.01713,0.00483,0.1185244404252146,0.1135547314319469
703160,Yasser Mercedes,MIN,23,R,,floor,Depth (no MLB PA),feed:order+depth,MiLB (MLE),5,1.0,0.2,0.9,0.1,0.1,0.0,0.0,0.0,0.1,0.1,0.0,0.0,0.2,0.0,0.0,0.1,0.1,0.111,0.2,0.111,0.311,0.12677,0.04271,0.00296,0.02551,0.08258,0.01121,0.00824,0.24879,0.02032,0.0057,0.1140967113801906,0.1093126562889861
700243,Payton Green,MIA,25,R,,floor,Depth (no MLB PA),default,MiLB (MLE),0,1.0,0.2,0.9,0.1,0.1,0.0,0.0,0.0,0.1,0.1,0.0,0.0,0.2,0.0,0.0,0.1,0.1,0.111,0.2,0.111,0.311,0.13581,0.03834,0.00319,0.02669,0.08363,0.01096,0.00726,0.22893,0.0,0.0,0.1073907841118627,0.1024411557924819
692374,Jose Ramos,SF,25,R,,floor,Depth (no MLB PA),default,MiLB (MLE),5,1.0,0.2,0.9,0.1,0.1,0.0,0.0,0.0,0.1,0.1,0.0,0.0,0.2,0.0,0.0,0.1,0.1,0.111,0.2,0.111,0.311,0.14034,0.04109,0.00306,0.02667,0.08432,0.01102,0.00748,0.229,0.01827,0.00515,0.1084288853768579,0.1038824812356177
800683,Blake Rambusch,SEA,25,R,,floor,Depth (no MLB PA),default,MiLB (MLE),5,1.0,0.2,0.9,0.1,0.1,0.0,0.0,0.0,0.1,0.1,0.0,0.0,0.2,0.0,0.0,0.1,0.1,0.111,0.2,0.111,0.311,0.14562,0.04404,0.00283,0.02546,0.0819,0.01111,0.00784,0.22653,0.01945,0.00546,0.1138920715242519,0.1091165969463052
829679,Shotaro Morii,OAK,25,L,,floor,Depth (no MLB PA),default,MiLB (MLE),0,1.0,0.2,0.9,0.1,0.1,0.0,0.0,0.0,0.1,0.1,0.0,0.0,0.2,0.0,0.0,0.1,0.1,0.111,0.2,0.111,0.311,0.13604,0.03971,0.00422,0.02677,0.08283,0.01101,0.00745,0.2321,0.0,0.0,0.112771467234821,0.1075738438776605
800492,Roni Cabrera,KC,25,R,,floor,Depth (no MLB PA),default,MiLB (MLE),5,1.0,0.2,0.9,0.1,0.1,0.0,0.0,0.0,0.1,0.1,0.0,0.0,0.2,0.0,0.0,0.1,0.1,0.111,0.2,0.111,0.311,0.13366,0.0385,0.00418,0.02546,0.0834,0.01111,0.00785,0.2389,0.01795,0.00507,0.1126208892977148,0.1078987151675124
802469,Travis Honeyman,STL,25,R,,floor,Depth (no MLB PA),default,MiLB (MLE),5,1.0,0.2,0.9,0.2,0.2,0.0,0.0,0.0,0.2,0.1,0.0,0.0,0.2,0.0,0.0,0.1,0.1,0.222,0.3,0.222,0.522,0.1525,0.0322,0.0041,0.02545,0.08488,0.01127,0.00845,0.22657,0.02301,0.00646,0.1090018959870051,0.1044314656114096
804446,Eddie Micheletti Jr.,LAA,25,L,,floor,Depth (no MLB PA),default,MiLB (MLE),5,1.0,0.2,0.9,0.1,0.1,0.0,0.0,0.0,0.1,0.1,0.0,0.0,0.2,0.0,0.0,0.1,0.1,0.111,0.2,0.111,0.311,0.12061,0.04287,0.00548,0.02671,0.0869,0.01137,0.00884,0.23026,0.01489,0.00419,0.106480524616612,0.1020158149002312
692591,Luis Mendez,COL,25,L,,floor,Depth (no MLB PA),default,MiLB (MLE),5,1.0,0.2,0.9,0.1,0.1,0.0,0.0,0.0,0.1,0.1,0.0,0.0,0.2,0.0,0.0,0.1,0.1,0.111,0.2,0.111,0.311,0.13813,0.03895,0.00335,0.02546,0.08311,0.01105,0.0076,0.23036,0.01761,0.00497,0.1064575033399691,0.1019937589016792
814172,Chase Jaworsky,MIA,25,L,,floor,Depth (no MLB PA),default,MiLB (MLE),5,1.0,0.2,0.9,0.1,0.1,0.0,0.0,0.0,0.1,0.1,0.0,0.0,0.2,0.0,0.0,0.1,0.1,0.111,0.2,0.111,0.311,0.13847,0.03756,0.0033,0.02546,0.08372,0.01114,0.00797,0.23226,0.0192,0.00541,0.1083028077561248,0.1037616900274031
663550,Trey Cabbage,HOU,30,L,RF,floor,Depth (no MLB PA),default,MLB,5,1.0,0.2,0.9,0.2,0.1,0.1,0.0,0.0,0.3,0.1,0.0,0.0,0.3,0.0,0.0,0.1,0.1,0.222,0.3,0.333,0.633,0.10948,0.05107,0.00543,0.0257,0.06298,0.00806,0.00666,0.31235,0.01666,0.00478,0.1178611953957184,0.1097822112651083
808286,Cristian Jauregui,PIT,25,L,,floor,Depth (no MLB PA),default,MiLB (MLE),5,1.0,0.2,0.9,0.1,0.1,0.0,0.0,0.0,0.1,0.1,0.0,0.0,0.2,0.0,0.0,0.1,0.1,0.111,0.2,0.111,0.311,0.13758,0.03809,0.00397,0.02569,0.08232,0.01108,0.00772,0.2355,0.01805,0.0051,0.1104724077295015,0.1058403190545277
829037,Kevin Alvarez,HOU,19,L,,floor,Depth (no MLB PA),feed:order+depth,MiLB (MLE),5,1.0,0.2,0.9,0.1,0.1,0.0,0.0,0.0,0.1,0.1,0.0,0.0,0.2,0.0,0.0,0.1,0.1,0.111,0.2,0.111,0.311,0.13545,0.04203,0.00372,0.02549,0.08244,0.01114,0.00795,0.23132,0.01778,0.00502,0.1191467258589332,0.1141509245466025
701805,Josh Caron,SEA,25,R,,floor,Depth (no MLB PA),default,MiLB (MLE),5,1.0,0.2,0.9,0.1,0.1,0.0,0.0,0.0,0.1,0.1,0.0,0.0,0.2,0.0,0.0,0.1,0.1,0.111,0.2,0.111,0.311,0.12677,0.04571,0.00497,0.02548,0.08438,0.01114,0.00795,0.23754,0.01759,0.00496,0.1138920715242519,0.1091165969463052
703563,PJ Morlando,MIA,25,L,,floor,Depth (no MLB PA),default,MiLB (MLE),5,1.0,0.2,0.9,0.1,0.1,0.0,0.0,0.0,0.1,0.1,0.0,0.0,0.2,0.0,0.0,0.1,0.1,0.111,0.2,0.111,0.311,0.1311,0.03816,0.00312,0.02548,0.08418,0.01111,0.00785,0.23855,0.01686,0.00475,0.1083028077561248,0.1037616900274031
808245,Starlyn Nunez,BOS,25,S,,floor,Depth (no MLB PA),default,MiLB (MLE),5,1.0,0.2,0.9,0.1,0.1,0.0,0.0,0.0,0.1,0.1,0.0,0.0,0.2,0.0,0.0,0.1,0.1,0.111,0.2,0.111,0.311,0.13115,0.03914,0.00407,0.02569,0.08207,0.01113,0.00794,0.23801,0.01759,0.00496,0.1139845743829696,0.1092052211763855
687069,Josh Rivera,TOR,25,R,,floor,Depth (no MLB PA),default,MiLB (MLE),5,1.0,0.2,0.9,0.1,0.1,0.0,0.0,0.0,0.1,0.1,0.0,0.0,0.3,0.0,0.0,0.1,0.1,0.111,0.2,0.111,0.311,0.11606,0.04328,0.00278,0.02569,0.081,0.01138,0.0089,0.28308,0.01394,0.00393,0.1119841749477096,0.1072886981384986
821041,Roldy Brito,COL,20,S,,floor,Depth (no MLB PA),feed:order+depth,MiLB (MLE),5,1.0,0.2,0.9,0.1,0.1,0.0,0.0,0.0,0.1,0.1,0.0,0.0,0.2,0.0,0.0,0.1,0.1,0.111,0.2,0.111,0.311,0.14268,0.04132,0.00292,0.02548,0.08129,0.01107,0.00768,0.23219,0.01898,0.00534,0.1064575033399691,0.1019937589016792
808903,Emilio Barreras,MIA,25,L,,floor,Depth (no MLB PA),default,MiLB (MLE),5,1.0,0.2,0.9,0.1,0.1,0.0,0.0,0.0,0.1,0.1,0.0,0.0,0.2,0.0,0.0,0.1,0.1,0.111,0.2,0.111,0.311,0.13835,0.03771,0.00342,0.02549,0.08311,0.01111,0.00785,0.22708,0.01743,0.00492,0.1083028077561248,0.1037616900274031
808223,Javier Herrera,LAD,25,S,,floor,Depth (no MLB PA),default,MiLB (MLE),5,1.0,0.2,0.9,0.1,0.1,0.0,0.0,0.0,0.1,0.1,0.0,0.0,0.2,0.0,0.0,0.1,0.1,0.111,0.2,0.111,0.311,0.13931,0.03939,0.00442,0.02549,0.0837,0.01106,0.00763,0.23125,0.0178,0.00502,0.1271758659241691,0.1218434041775241
663845,Alfonso Rivas III,PIT,30,L,1B,floor,Depth (no MLB PA),default,MLB,6,1.0,0.2,0.9,0.1,0.1,0.0,0.0,0.0,0.1,0.1,0.0,0.0,0.3,0.0,0.0,0.1,0.1,0.111,0.2,0.111,0.311,0.12778,0.03756,0.00289,0.02549,0.08712,0.01558,0.00707,0.27893,0.01576,0.0044,0.0974482922919182,0.1022838827706043
458015,Joey Votto,CIN,43,L,1B,floor,Depth (no MLB PA),default,MLB,5,1.0,0.2,0.9,0.1,0.1,0.0,0.0,0.0,0.1,0.1,0.0,0.0,0.3,0.0,0.0,0.1,0.1,0.111,0.2,0.111,0.311,0.12876,0.03785,0.00292,0.02568,0.10455,0.02481,0.00077,0.25387,0.00832,0.00235,0.0966483441615353,0.1150062377066034
807643,Alfredo Alcantara,CIN,25,R,,floor,Depth (no MLB PA),default,MiLB (MLE),5,1.0,0.2,0.9,0.1,0.1,0.0,0.0,0.0,0.1,0.1,0.0,0.0,0.2,0.0,0.0,0.1,0.1,0.111,0.2,0.111,0.311,0.12985,0.03452,0.00288,0.02568,0.08428,0.01123,0.00831,0.2451,0.01618,0.00457,0.1096855274705329,0.1050864325467684
675394,Johnny Olmstead,MIA,25,R,,floor,Depth (no MLB PA),default,MiLB (MLE),5,1.0,0.2,0.9,0.1,0.1,0.0,0.0,0.0,0.1,0.1,0.0,0.0,0.2,0.0,0.0,0.1,0.1,0.111,0.2,0.111,0.311,0.1244,0.03353,0.00432,0.02569,0.09376,0.01136,0.00881,0.24485,0.0205,0.00575,0.1083028077561248,0.1037616900274031
805371,Rod Barajas Jr.,SF,25,L,,floor,Depth (no MLB PA),default,MiLB (MLE),5,1.0,0.2,0.9,0.1,0.1,0.0,0.0,0.0,0.1,0.1,0.0,0.0,0.2,0.0,0.0,0.1,0.1,0.111,0.2,0.111,0.311,0.13474,0.04245,0.00348,0.02668,0.08224,0.01111,0.00785,0.23284,0.01662,0.00468,0.1084288853768579,0.1038824812356177
807010,Anibal Salas,DET,25,S,,floor,Depth (no MLB PA),default,MiLB (MLE),5,1.0,0.2,0.9,0.1,0.1,0.0,0.0,0.0,0.1,0.1,0.0,0.0,0.2,0.0,0.0,0.1,0.1,0.111,0.2,0.111,0.311,0.13438,0.04027,0.00423,0.02562,0.08326,0.0111,0.0078,0.23577,0.01702,0.0048,0.1154184738764934,0.1105789975157071
829052,Breyson Guedez,OAK,20,L,,floor,Depth (no MLB PA),feed:order+depth,MiLB (MLE),5,1.0,0.2,0.9,0.1,0.1,0.0,0.0,0.0,0.1,0.1,0.0,0.0,0.2,0.0,0.0,0.1,0.1,0.111,0.2,0.111,0.311,0.14576,0.03892,0.00306,0.02667,0.08154,0.01102,0.00749,0.22912,0.01773,0.005,0.1137291867017833,0.1089605418558665
815039,Dustin Dickerson,KC,25,R,,floor,Depth (no MLB PA),default,MiLB (MLE),5,1.0,0.2,0.9,0.1,0.1,0.0,0.0,0.0,0.1,0.1,0.0,0.0,0.2,0.0,0.0,0.1,0.1,0.111,0.2,0.111,0.311,0.12765,0.04265,0.00284,0.02562,0.08444,0.01109,0.00776,0.23556,0.01659,0.00467,0.1126208892977148,0.1078987151675124
643348,Caleb Hamilton,BOS,32,R,C,floor,Depth (no MLB PA),default,MLB,0,1.0,0.2,0.9,0.1,0.1,0.0,0.0,0.0,0.1,0.1,0.0,0.0,0.3,0.0,0.0,0.1,0.1,0.111,0.2,0.111,0.311,0.12841,0.03775,0.00291,0.02561,0.09264,0.00794,0.00495,0.28013,0.0,0.0,0.1130247042829025,0.1078154092606633
829058,Gabriel Davalillo,LAA,25,R,,floor,Depth (no MLB PA),default,MiLB (MLE),5,1.0,0.2,0.9,0.1,0.1,0.0,0.0,0.0,0.1,0.1,0.0,0.0,0.2,0.0,0.0,0.1,0.1,0.111,0.2,0.111,0.311,0.13435,0.03977,0.00267,0.02561,0.08309,0.01114,0.00797,0.2404,0.01647,0.00464,0.106480524616612,0.1020158149002312
812158,Dashyll Tejeda,WSH,25,R,,floor,Depth (no MLB PA),default,MiLB (MLE),5,1.0,0.2,0.9,0.1,0.1,0.0,0.0,0.0,0.1,0.1,0.0,0.0,0.2,0.0,0.0,0.1,0.1,0.111,0.2,0.111,0.311,0.13427,0.03913,0.00363,0.02558,0.08414,0.01107,0.00769,0.23372,0.01835,0.00518,0.1126552134847328,0.1079316001473905
808159,Jonathan Martinez,CLE,25,S,,floor,Depth (no MLB PA),default,MiLB (MLE),5,1.0,0.2,0.9,0.1,0.1,0.0,0.0,0.0,0.1,0.1,0.0,0.0,0.2,0.0,0.0,0.1,0.1,0.111,0.2,0.111,0.311,0.13424,0.0401,0.00373,0.02561,0.08559,0.01104,0.00758,0.23428,0.01825,0.00514,0.1100028836523031,0.1053904820395136
808365,Dameury Pena,TOR,25,R,,floor,Depth (no MLB PA),default,MiLB (MLE),5,1.0,0.2,0.9,0.1,0.1,0.0,0.0,0.0,0.1,0.1,0.0,0.0,0.2,0.0,0.0,0.1,0.1,0.111,0.2,0.111,0.311,0.14182,0.0402,0.00427,0.02566,0.08189,0.01105,0.0076,0.22519,0.01751,0.00493,0.1119841749477096,0.1072886981384986
821657,Gabriel Rodriguez,CLE,25,L,,floor,Depth (no MLB PA),default,MiLB (MLE),5,1.0,0.2,0.9,0.1,0.1,0.0,0.0,0.0,0.1,0.1,0.0,0.0,0.2,0.0,0.0,0.1,0.1,0.111,0.2,0.111,0.311,0.13602,0.03717,0.00296,0.0256,0.08383,0.01105,0.00762,0.23002,0.01793,0.00505,0.1100028836523031,0.1053904820395136
820986,Hayden Alvarez,LAA,20,R,,floor,Depth (no MLB PA),feed:depth,MiLB (MLE),0,1.0,0.2,0.9,0.1,0.1,0.0,0.0,0.0,0.1,0.1,0.0,0.0,0.2,0.0,0.0,0.1,0.1,0.111,0.2,0.111,0.311,0.13895,0.04191,0.00312,0.02667,0.08322,0.01099,0.00738,0.22834,0.0,0.0,0.1055838465145773,0.1007174997316602
680273,Chris Meyers,DET,25,L,,floor,Depth (no MLB PA),default,MiLB (MLE),0,1.0,0.2,0.9,0.1,0.1,0.0,0.0,0.0,0.1,0.1,0.0,0.0,0.2,0.0,0.0,0.1,0.1,0.111,0.2,0.111,0.311,0.13508,0.04131,0.00306,0.02559,0.08344,0.01101,0.00746,0.23152,0.0,0.0,0.1144465288333229,0.1091717020886165
808282,Victor Cardoza,PHI,25,R,,floor,Depth (no MLB PA),default,MiLB (MLE),5,1.0,0.2,0.9,0.1,0.1,0.0,0.0,0.0,0.1,0.1,0.0,0.0,0.2,0.0,0.0,0.1,0.1,0.111,0.2,0.111,0.311,0.14029,0.04171,0.00341,0.0256,0.08221,0.01102,0.00751,0.23339,0.01776,0.00501,0.1171713130868302,0.1122583404854701
573131,Darin Ruf,MIL,40,R,1B,floor,Depth (no MLB PA),default,MLB,5,1.0,0.2,0.9,0.1,0.1,0.0,0.0,0.0,0.1,0.1,0.0,0.0,0.3,0.0,0.0,0.1,0.1,0.111,0.2,0.111,0.311,0.12834,0.03773,0.00291,0.0256,0.10546,0.01271,0.00661,0.26125,0.01111,0.00311,0.1136134454969382,0.1042605545390758
687210,Nathan Martorella,MIA,25,L,,floor,Depth (no MLB PA),default,MiLB (MLE),5,1.0,0.2,0.9,0.1,0.1,0.0,0.0,0.0,0.1,0.1,0.0,0.0,0.2,0.0,0.0,0.1,0.1,0.111,0.2,0.111,0.311,0.12082,0.04161,0.00264,0.02559,0.08484,0.01116,0.00802,0.23549,0.01612,0.00454,0.1083028077561248,0.1037616900274031
691411,Luis Durango,NYY,25,L,,floor,Depth (no MLB PA),default,MiLB (MLE),5,1.0,0.2,0.9,0.1,0.1,0.0,0.0,0.0,0.1,0.1,0.0,0.0,0.2,0.0,0.0,0.1,0.1,0.111,0.2,0.111,0.311,0.14883,0.03808,0.00428,0.0256,0.08243,0.01102,0.0075,0.22691,0.01927,0.00543,0.1247291425689449,0.1194992715033348
825094,Nick Dumesnil,DET,25,R,,floor,Depth (no MLB PA),default,MiLB (MLE),5,1.0,0.2,0.9,0.1,0.1,0.0,0.0,0.0,0.1,0.1,0.0,0.0,0.2,0.0,0.0,0.1,0.1,0.111,0.2,0.111,0.311,0.13789,0.04034,0.00299,0.02668,0.08294,0.01104,0.00757,0.23116,0.01777,0.00501,0.1154184738764934,0.1105789975157071
692562,Alexis Hernandez,TOR,25,R,,floor,Depth (no MLB PA),default,MiLB (MLE),5,1.0,0.2,0.9,0.1,0.1,0.0,0.0,0.0,0.1,0.1,0.0,0.0,0.2,0.0,0.0,0.1,0.1,0.111,0.2,0.111,0.311,0.14979,0.04409,0.00294,0.0256,0.0825,0.01107,0.00768,0.22733,0.01852,0.00523,0.1119841749477096,0.1072886981384986
814445,Jared Sprague-Lott,OAK,25,R,,floor,Depth (no MLB PA),default,MiLB (MLE),5,1.0,0.2,0.9,0.1,0.1,0.0,0.0,0.0,0.1,0.1,0.0,0.0,0.2,0.0,0.0,0.1,0.1,0.111,0.2,0.111,0.311,0.14039,0.04036,0.00533,0.02558,0.08403,0.01107,0.00767,0.22884,0.01799,0.00507,0.1137291867017833,0.1089605418558665
695573,Cole Mathis,NYM,25,R,,floor,Depth (no MLB PA),feed:depth,MiLB (MLE),5,1.0,0.2,0.9,0.1,0.1,0.0,0.0,0.0,0.1,0.1,0.0,0.0,0.2,0.0,0.0,0.1,0.1,0.111,0.2,0.111,0.311,0.13043,0.0432,0.00433,0.02669,0.08392,0.01104,0.00756,0.231,0.01713,0.00483,0.1185244404252146,0.1135547314319469
803385,Jay Harry,TOR,25,L,,floor,Depth (no MLB PA),feed:order+depth,MiLB (MLE),5,1.0,0.2,0.9,0.2,0.1,0.1,0.0,0.0,0.3,0.1,0.0,0.0,0.2,0.0,0.0,0.1,0.1,0.222,0.3,0.333,0.633,0.14406,0.05043,0.00211,0.02552,0.07571,0.01132,0.00862,0.22583,0.01461,0.00412,0.1119841749477096,0.1072886981384986
693459,Kyler Fedko,MIN,27,R,CF,floor,Depth (no MLB PA),default,MLB,0,1.0,0.2,0.9,0.1,0.1,0.0,0.0,0.0,0.1,0.1,0.0,0.0,0.3,0.0,0.0,0.1,0.1,0.111,0.2,0.111,0.311,0.13319,0.03907,0.00277,0.02552,0.08544,0.00875,0.01531,0.25576,0.0,0.0,0.113135896968568,0.1079214770888242
663527,Tyler Nevin,OAK,30,R,1B,floor,Depth (no MLB PA),default,MLB,6,1.0,0.2,0.9,0.1,0.1,0.0,0.0,0.0,0.1,0.1,0.0,0.0,0.2,0.0,0.0,0.1,0.1,0.111,0.2,0.111,0.311,0.11853,0.04523,0.00187,0.02552,0.09276,0.01912,0.0113,0.23673,0.00817,0.00232,0.0997225394974584,0.0933177905621475
821751,Elvin Garcia,BAL,25,L,,floor,Depth (no MLB PA),default,MiLB (MLE),5,1.0,0.2,0.9,0.1,0.1,0.0,0.0,0.0,0.1,0.1,0.0,0.0,0.2,0.0,0.0,0.1,0.1,0.111,0.2,0.111,0.311,0.13592,0.03892,0.00335,0.02565,0.08292,0.01104,0.00757,0.23707,0.01715,0.00484,0.1145364810565329,0.109733986499952
683103,Cade Doughty,TOR,25,R,,floor,Depth (no MLB PA),default,MiLB (MLE),5,1.0,0.2,0.9,0.1,0.1,0.0,0.0,0.0,0.1,0.1,0.0,0.0,0.2,0.0,0.0,0.1,0.1,0.111,0.2,0.111,0.311,0.14025,0.03997,0.00398,0.02553,0.08237,0.01111,0.00782,0.23485,0.01741,0.00491,0.1119841749477096,0.1072886981384986
800346,Juanfel Peguero,TB,25,S,,floor,Depth (no MLB PA),default,MiLB (MLE),0,1.0,0.2,0.9,0.1,0.1,0.0,0.0,0.0,0.1,0.1,0.0,0.0,0.2,0.0,0.0,0.1,0.1,0.111,0.2,0.111,0.311,0.13619,0.03834,0.0039,0.02669,0.08271,0.01096,0.00726,0.23042,0.0,0.0,0.1101042122391284,0.1050295223438183
691369,Allan Castro,BOS,25,S,,floor,Depth (no MLB PA),default,MiLB (MLE),5,1.0,0.2,0.9,0.1,0.1,0.0,0.0,0.0,0.1,0.1,0.0,0.0,0.2,0.0,0.0,0.1,0.1,0.111,0.2,0.111,0.311,0.14316,0.03568,0.00239,0.02565,0.08562,0.01144,0.0091,0.22535,0.02276,0.00643,0.1139845743829696,0.1092052211763855
701327,Elijah Green,WSH,25,R,,floor,Depth (no MLB PA),default,MiLB (MLE),5,1.0,0.2,0.9,0.1,0.1,0.0,0.0,0.0,0.1,0.1,0.0,0.0,0.2,0.0,0.0,0.1,0.1,0.111,0.2,0.111,0.311,0.12399,0.04147,0.00402,0.02555,0.08452,0.0111,0.00778,0.24063,0.01627,0.00459,0.1126552134847328,0.1079316001473905
684081,Erick Brito,PHI,25,R,,floor,Depth (no MLB PA),default,MiLB (MLE),5,1.0,0.2,0.9,0.1,0.1,0.0,0.0,0.0,0.1,0.1,0.0,0.0,0.2,0.0,0.0,0.1,0.1,0.111,0.2,0.111,0.311,0.14458,0.04291,0.00293,0.02557,0.08344,0.01107,0.00767,0.22973,0.01912,0.00539,0.1171713130868302,0.1122583404854701
806401,Dayson Croes,SF,25,L,,floor,Depth (no MLB PA),default,MiLB (MLE),5,1.0,0.2,0.9,0.1,0.1,0.0,0.0,0.0,0.1,0.1,0.0,0.0,0.2,0.0,0.0,0.1,0.1,0.111,0.2,0.111,0.311,0.1458,0.04408,0.00285,0.02556,0.08135,0.01111,0.00784,0.22349,0.01816,0.00513,0.1084288853768579,0.1038824812356177
700648,Josue Gonzalez,NYY,25,R,,floor,Depth (no MLB PA),default,MiLB (MLE),5,1.0,0.2,0.9,0.1,0.1,0.0,0.0,0.0,0.1,0.1,0.0,0.0,0.2,0.0,0.0,0.1,0.1,0.111,0.2,0.111,0.311,0.12889,0.0397,0.00454,0.02556,0.08531,0.01114,0.00794,0.23544,0.01712,0.00483,0.1247291425689449,0.1194992715033348
800276,Juan Villavicencio,PHI,25,L,,floor,Depth (no MLB PA),default,MiLB (MLE),5,1.0,0.2,0.9,0.1,0.1,0.0,0.0,0.0,0.1,0.1,0.0,0.0,0.2,0.0,0.0,0.1,0.1,0.111,0.2,0.111,0.311,0.13503,0.03953,0.00433,0.02556,0.0839,0.01104,0.00757,0.23144,0.01779,0.00501,0.1171713130868302,0.1122583404854701
690841,Matt O'Neill,ARI,25,R,,floor,Depth (no MLB PA),default,MiLB (MLE),5,1.0,0.2,0.9,0.1,0.1,0.0,0.0,0.0,0.1,0.1,0.0,0.0,0.2,0.0,0.0,0.1,0.1,0.111,0.2,0.111,0.311,0.13593,0.04016,0.00561,0.02564,0.08484,0.01124,0.00835,0.24178,0.01597,0.00452,0.1197021453855344,0.1146830554298953
641470,Zack Collins,PIT,32,L,C,floor,Depth (no MLB PA),default,MLB,5,1.0,0.2,0.9,0.1,0.1,0.0,0.0,0.0,0.1,0.1,0.0,0.0,0.3,0.0,0.0,0.1,0.1,0.111,0.2,0.111,0.311,0.12855,0.03779,0.00291,0.02564,0.08721,0.00944,0.00781,0.28052,0.01503,0.00424,0.1068190658247627,0.1070128770663935
808289,Julio Zayas,NYM,25,R,,floor,Depth (no MLB PA),default,MiLB (MLE),5,1.0,0.2,0.9,0.1,0.1,0.0,0.0,0.0,0.1,0.1,0.0,0.0,0.2,0.0,0.0,0.1,0.1,0.111,0.2,0.111,0.311,0.13674,0.03675,0.00306,0.02557,0.08381,0.01113,0.00791,0.23721,0.01667,0.0047,0.1185244404252146,0.1135547314319469
821689,Francisco Espinoza,LAD,25,R,,floor,Depth (no MLB PA),default,MiLB (MLE),0,1.0,0.2,0.9,0.1,0.1,0.0,0.0,0.0,0.1,0.1,0.0,0.0,0.2,0.0,0.0,0.1,0.1,0.111,0.2,0.111,0.311,0.14384,0.04017,0.0032,0.02679,0.08277,0.01096,0.00725,0.22853,0.0,0.0,0.126104911263755,0.1202927510754662
822165,Canon Reeder,PIT,25,R,,floor,Depth (no MLB PA),default,MiLB (MLE),0,1.0,0.2,0.9,0.1,0.1,0.0,0.0,0.0,0.1,0.1,0.0,0.0,0.2,0.0,0.0,0.1,0.1,0.111,0.2,0.111,0.311,0.13518,0.0389,0.00306,0.02562,0.08399,0.01101,0.00745,0.23212,0.0,0.0,0.1095421137696742,0.1044933309251943
701699,Bryan Arendt,OAK,25,R,,floor,Depth (no MLB PA),default,MiLB (MLE),5,1.0,0.2,0.9,0.1,0.1,0.0,0.0,0.0,0.1,0.1,0.0,0.0,0.2,0.0,0.0,0.1,0.1,0.111,0.2,0.111,0.311,0.13392,0.03896,0.00306,0.02669,0.08278,0.01101,0.00747,0.2312,0.01717,0.00484,0.1137291867017833,0.1089605418558665
815104,Graysen Tarlow,STL,25,R,,floor,Depth (no MLB PA),default,MiLB (MLE),5,1.0,0.2,0.9,0.1,0.1,0.0,0.0,0.0,0.1,0.1,0.0,0.0,0.2,0.0,0.0,0.1,0.1,0.111,0.2,0.111,0.311,0.14344,0.04536,0.00306,0.02555,0.08294,0.01103,0.00751,0.22637,0.01776,0.005,0.1090018959870051,0.1044314656114096
694478,Michael Turner,CWS,25,L,,floor,Depth (no MLB PA),default,MiLB (MLE),5,1.0,0.2,0.9,0.1,0.1,0.0,0.0,0.0,0.1,0.1,0.0,0.0,0.2,0.0,0.0,0.1,0.1,0.111,0.2,0.111,0.311,0.14355,0.04408,0.00183,0.02512,0.08058,0.01135,0.00878,0.24982,0.01478,0.0042,0.1097434769942643,0.1051419522571364
800728,Cameron Nickens,STL,25,R,,floor,Depth (no MLB PA),default,MiLB (MLE),5,1.0,0.2,0.9,0.1,0.1,0.0,0.0,0.0,0.1,0.1,0.0,0.0,0.2,0.0,0.0,0.1,0.1,0.111,0.2,0.111,0.311,0.13553,0.03967,0.00295,0.02677,0.08267,0.01105,0.00762,0.23492,0.01734,0.00489,0.1090018959870051,0.1044314656114096
664314,Estevan Florial,CLE,29,L,LF,floor,Depth (no MLB PA),default,MLB,6,1.0,0.2,0.9,0.2,0.1,0.1,0.0,0.0,0.3,0.1,0.0,0.0,0.3,0.0,0.0,0.1,0.1,0.222,0.3,0.333,0.633,0.09,0.06363,0.00719,0.02512,0.08928,0.01593,0.0051,0.29428,0.02048,0.00572,0.1010482629479753,0.0998999872326574
807957,Yassel Soler,ARI,25,R,,floor,Depth (no MLB PA),default,MiLB (MLE),5,1.0,0.2,0.9,0.1,0.1,0.0,0.0,0.0,0.1,0.1,0.0,0.0,0.2,0.0,0.0,0.1,0.1,0.111,0.2,0.111,0.311,0.14238,0.03721,0.00287,0.02512,0.08046,0.01124,0.00834,0.2396,0.01604,0.00453,0.1197021453855344,0.1146830554298953
808240,Antonio Pimentel,PIT,25,L,,floor,Depth (no MLB PA),default,MiLB (MLE),5,1.0,0.2,0.9,0.1,0.1,0.0,0.0,0.0,0.1,0.1,0.0,0.0,0.2,0.0,0.0,0.1,0.1,0.111,0.2,0.111,0.311,0.13908,0.03979,0.00341,0.02513,0.08222,0.01113,0.00792,0.23527,0.01868,0.00527,0.1104724077295015,0.1058403190545277
701777,Wilson Weber,MIA,25,R,,floor,Depth (no MLB PA),default,MiLB (MLE),5,1.0,0.2,0.9,0.1,0.1,0.0,0.0,0.0,0.1,0.1,0.0,0.0,0.2,0.0,0.0,0.1,0.1,0.111,0.2,0.111,0.311,0.13235,0.03446,0.00327,0.02514,0.08349,0.01114,0.00796,0.24596,0.01687,0.00476,0.1083028077561248,0.1037616900274031
698929,Jesus Hernandez,MIA,25,R,,floor,Depth (no MLB PA),default,MiLB (MLE),5,1.0,0.2,0.9,0.1,0.1,0.0,0.0,0.0,0.1,0.1,0.0,0.0,0.2,0.0,0.0,0.1,0.1,0.111,0.2,0.111,0.311,0.14582,0.03907,0.00332,0.02514,0.08505,0.01114,0.00795,0.22951,0.01963,0.00553,0.1083028077561248,0.1037616900274031
692478,Victor Arias,TOR,25,L,,floor,Depth (no MLB PA),default,MiLB (MLE),5,1.0,0.2,0.9,0.1,0.1,0.0,0.0,0.0,0.1,0.1,0.0,0.0,0.2,0.0,0.0,0.1,0.1,0.111,0.2,0.111,0.311,0.13194,0.03815,0.00469,0.02515,0.0764,0.0113,0.00858,0.24341,0.01846,0.00528,0.1119841749477096,0.1072886981384986
453568,Charlie Blackmon,COL,40,L,RF,floor,Depth (no MLB PA),default,MLB,5,1.0,0.2,0.9,0.2,0.2,0.0,0.0,0.0,0.2,0.1,0.0,0.0,0.2,0.0,0.0,0.1,0.1,0.222,0.3,0.222,0.522,0.1543,0.03991,0.00536,0.02515,0.07733,0.01599,0.00533,0.17727,0.01203,0.0034,0.1094831376454208,0.103273116617256
803426,Carlos Cauro,HOU,25,R,,floor,Depth (no MLB PA),default,MiLB (MLE),5,1.0,0.2,0.9,0.1,0.1,0.0,0.0,0.0,0.1,0.1,0.0,0.0,0.2,0.0,0.0,0.1,0.1,0.111,0.2,0.111,0.311,0.13879,0.03884,0.00297,0.02675,0.08352,0.01105,0.0076,0.23178,0.0175,0.00494,0.1191467258589332,0.1141509245466025
803152,Jake Reinisch,OAK,25,L,,floor,Depth (no MLB PA),default,MiLB (MLE),5,1.0,0.2,0.9,0.1,0.1,0.0,0.0,0.0,0.1,0.1,0.0,0.0,0.2,0.0,0.0,0.1,0.1,0.111,0.2,0.111,0.311,0.13879,0.03948,0.00474,0.02675,0.08631,0.0111,0.00778,0.23208,0.01739,0.00491,0.1137291867017833,0.1089605418558665
835614,Brady O'Brien,SEA,25,R,,floor,Depth (no MLB PA),default,MiLB (MLE),5,1.0,0.2,0.9,0.1,0.1,0.0,0.0,0.0,0.1,0.1,0.0,0.0,0.2,0.0,0.0,0.1,0.1,0.111,0.2,0.111,0.311,0.13402,0.04017,0.00372,0.02516,0.08399,0.01105,0.00759,0.23204,0.01722,0.00486,0.1138920715242519,0.1091165969463052
800449,Thomas Sosa,BAL,25,L,,floor,Depth (no MLB PA),default,MiLB (MLE),5,1.0,0.2,0.9,0.1,0.1,0.0,0.0,0.0,0.1,0.1,0.0,0.0,0.3,0.0,0.0,0.1,0.1,0.111,0.2,0.111,0.311,0.12716,0.04117,0.00346,0.02539,0.08026,0.01134,0.00874,0.25968,0.01526,0.00434,0.1145364810565329,0.109733986499952
695000,Poncho Ruiz,MIN,25,R,,floor,Depth (no MLB PA),default,MiLB (MLE),5,1.0,0.2,0.9,0.1,0.1,0.0,0.0,0.0,0.1,0.1,0.0,0.0,0.2,0.0,0.0,0.1,0.1,0.111,0.2,0.111,0.311,0.13407,0.03799,0.00415,0.02677,0.08322,0.01106,0.00765,0.22905,0.01719,0.00484,0.1140967113801906,0.1093126562889861
836168,Andrews Opata,BOS,25,R,,floor,Depth (no MLB PA),default,MiLB (MLE),5,1.0,0.2,0.9,0.1,0.1,0.0,0.0,0.0,0.1,0.1,0.0,0.0,0.2,0.0,0.0,0.1,0.1,0.111,0.2,0.111,0.311,0.13661,0.03766,0.00371,0.02516,0.08482,0.01114,0.00795,0.24082,0.01969,0.00554,0.1139845743829696,0.1092052211763855
700164,Bryant Betancourt,COL,25,L,,floor,Depth (no MLB PA),default,MiLB (MLE),5,1.0,0.2,0.9,0.2,0.1,0.1,0.0,0.0,0.3,0.1,0.0,0.0,0.2,0.0,0.0,0.1,0.1,0.222,0.3,0.333,0.633,0.14054,0.05006,0.00247,0.02516,0.08124,0.01123,0.0083,0.21892,0.01648,0.00464,0.1064575033399691,0.1019937589016792
681080,Caleb Ricketts,PHI,25,L,,floor,Depth (no MLB PA),default,MiLB (MLE),5,1.0,0.2,0.9,0.1,0.1,0.0,0.0,0.0,0.1,0.1,0.0,0.0,0.2,0.0,0.0,0.1,0.1,0.111,0.2,0.111,0.311,0.11541,0.0477,0.0023,0.02517,0.07489,0.01126,0.00841,0.24148,0.01443,0.00406,0.1171713130868302,0.1122583404854701
702264,Gavin Kilen,SF,23,L,,floor,Depth (no MLB PA),feed:order+depth,MiLB (MLE),5,1.0,0.2,0.9,0.1,0.1,0.0,0.0,0.0,0.1,0.1,0.0,0.0,0.2,0.0,0.0,0.1,0.1,0.111,0.2,0.111,0.311,0.14144,0.04518,0.00609,0.02517,0.0818,0.01113,0.00791,0.22672,0.01714,0.00484,0.1084288853768579,0.1038824812356177
701750,Bennett Thompson,CLE,25,R,,floor,Depth (no MLB PA),default,MiLB (MLE),5,1.0,0.2,0.9,0.1,0.1,0.0,0.0,0.0,0.1,0.1,0.0,0.0,0.2,0.0,0.0,0.1,0.1,0.111,0.2,0.111,0.311,0.1435,0.03842,0.00349,0.02517,0.0857,0.01121,0.00823,0.23006,0.01715,0.00484,0.1100028836523031,0.1053904820395136
822743,Tyriq Kemp,KC,25,L,,floor,Depth (no MLB PA),default,MiLB (MLE),5,1.0,0.2,0.9,0.1,0.1,0.0,0.0,0.0,0.1,0.1,0.0,0.0,0.2,0.0,0.0,0.1,0.1,0.111,0.2,0.111,0.311,0.13053,0.03559,0.00498,0.02517,0.08595,0.01124,0.00834,0.23446,0.02041,0.00577,0.1126208892977148,0.1078987151675124
825924,Jackson Strong,DET,25,L,,floor,Depth (no MLB PA),default,MiLB (MLE),5,1.0,0.2,0.9,0.1,0.1,0.0,0.0,0.0,0.1,0.1,0.0,0.0,0.3,0.0,0.0,0.1,0.1,0.111,0.2,0.111,0.311,0.1193,0.03469,0.0034,0.02675,0.08856,0.01123,0.00832,0.25226,0.01794,0.00505,0.1154184738764934,0.1105789975157071
832213,Derek Cerda,CWS,25,R,,floor,Depth (no MLB PA),default,MiLB (MLE),0,1.0,0.2,0.9,0.1,0.1,0.0,0.0,0.0,0.1,0.1,0.0,0.0,0.2,0.0,0.0,0.1,0.1,0.111,0.2,0.111,0.311,0.14173,0.04346,0.00381,0.02674,0.08279,0.01099,0.00737,0.2284,0.0,0.0,0.1088193213985232,0.1038038519674695
699077,Jose Perez,TB,25,S,,floor,Depth (no MLB PA),default,MiLB (MLE),0,1.0,0.2,0.9,0.1,0.1,0.0,0.0,0.0,0.1,0.1,0.0,0.0,0.2,0.0,0.0,0.1,0.1,0.111,0.2,0.111,0.311,0.1338,0.03993,0.0032,0.02674,0.08299,0.01096,0.00725,0.2295,0.0,0.0,0.1101042122391284,0.1050295223438183
808279,Elian Soto,WSH,25,L,,floor,Depth (no MLB PA),default,MiLB (MLE),0,1.0,0.2,0.9,0.1,0.1,0.0,0.0,0.0,0.1,0.1,0.0,0.0,0.2,0.0,0.0,0.1,0.1,0.111,0.2,0.111,0.311,0.13787,0.04052,0.00387,0.02674,0.08335,0.011,0.00741,0.23166,0.0,0.0,0.1117065380027561,0.1065579971057784
801464,Andrew Pintar,MIA,25,R,,floor,Depth (no MLB PA),default,MiLB (MLE),5,1.0,0.2,0.9,0.1,0.1,0.0,0.0,0.0,0.1,0.1,0.0,0.0,0.2,0.0,0.0,0.1,0.1,0.111,0.2,0.111,0.311,0.14321,0.03776,0.00404,0.02519,0.08875,0.01139,0.0089,0.24506,0.02829,0.00795,0.1083028077561248,0.1037616900274031
829704,Fredderick Ovalle,PIT,25,L,,floor,Depth (no MLB PA),default,MiLB (MLE),0,1.0,0.2,0.9,0.1,0.1,0.0,0.0,0.0,0.1,0.1,0.0,0.0,0.2,0.0,0.0,0.1,0.1,0.111,0.2,0.111,0.311,0.13623,0.03928,0.00317,0.02677,0.08323,0.01098,0.00732,0.22771,0.0,0.0,0.1095421137696742,0.1044933309251943
800182,Bryan Andrade,OAK,25,R,,floor,Depth (no MLB PA),default,MiLB (MLE),5,1.0,0.2,0.9,0.1,0.1,0.0,0.0,0.0,0.1,0.1,0.0,0.0,0.2,0.0,0.0,0.1,0.1,0.111,0.2,0.111,0.311,0.13722,0.03843,0.00402,0.02498,0.08201,0.01115,0.00797,0.2346,0.0172,0.00484,0.1137291867017833,0.1089605418558665
835615,Caleb Shpur,DET,25,R,,floor,Depth (no MLB PA),default,MiLB (MLE),5,1.0,0.2,0.9,0.1,0.1,0.0,0.0,0.0,0.1,0.1,0.0,0.0,0.2,0.0,0.0,0.1,0.1,0.111,0.2,0.111,0.311,0.1384,0.03724,0.00292,0.02498,0.08315,0.01106,0.00766,0.23315,0.01822,0.00514,0.1154184738764934,0.1105789975157071
680960,Caleb Bartolero,LAA,25,R,,floor,Depth (no MLB PA),default,MiLB (MLE),5,1.0,0.2,0.9,0.1,0.1,0.0,0.0,0.0,0.1,0.1,0.0,0.0,0.2,0.0,0.0,0.1,0.1,0.111,0.2,0.111,0.311,0.14717,0.04399,0.0049,0.025,0.07645,0.01128,0.0085,0.22753,0.01577,0.00444,0.106480524616612,0.1020158149002312
695744,Ian Moller,TEX,25,R,,floor,Depth (no MLB PA),default,MiLB (MLE),5,1.0,0.2,0.9,0.1,0.1,0.0,0.0,0.0,0.1,0.1,0.0,0.0,0.3,0.0,0.0,0.1,0.1,0.111,0.2,0.111,0.311,0.12156,0.03651,0.00217,0.02502,0.08916,0.01126,0.00844,0.25648,0.01612,0.00455,0.1092943456639019,0.1047116529246611
703639,Nico Perez,LAD,25,R,,floor,Depth (no MLB PA),feed:depth,MiLB (MLE),5,1.0,0.2,0.9,0.1,0.1,0.0,0.0,0.0,0.1,0.1,0.0,0.0,0.2,0.0,0.0,0.1,0.1,0.111,0.2,0.111,0.311,0.13517,0.04038,0.00533,0.02502,0.08551,0.0112,0.00817,0.23739,0.02029,0.0057,0.1271758659241691,0.1218434041775241
701540,J.R. Freethy,TOR,25,S,,floor,Depth (no MLB PA),default,MiLB (MLE),5,1.0,0.2,0.9,0.1,0.1,0.0,0.0,0.0,0.1,0.1,0.0,0.0,0.2,0.0,0.0,0.1,0.1,0.111,0.2,0.111,0.311,0.13739,0.03824,0.00287,0.02504,0.08274,0.01109,0.00776,0.23013,0.01742,0.00492,0.1119841749477096,0.1072886981384986
695289,Dustin Crenshaw,SEA,25,L,,floor,Depth (no MLB PA),default,MiLB (MLE),5,1.0,0.2,0.9,0.1,0.1,0.0,0.0,0.0,0.1,0.1,0.0,0.0,0.2,0.0,0.0,0.1,0.1,0.111,0.2,0.111,0.311,0.13738,0.0391,0.00398,0.02504,0.08288,0.01107,0.0077,0.23312,0.01768,0.00499,0.1138920715242519,0.1091165969463052
703159,Simon Juan,NYM,25,R,,floor,Depth (no MLB PA),default,MiLB (MLE),5,1.0,0.2,0.9,0.1,0.1,0.0,0.0,0.0,0.1,0.1,0.0,0.0,0.2,0.0,0.0,0.1,0.1,0.111,0.2,0.111,0.311,0.13516,0.03885,0.00364,0.02676,0.08084,0.01107,0.00768,0.23711,0.01726,0.00487,0.1185244404252146,0.1135547314319469
805260,Ethan Hedges,COL,25,R,,floor,Depth (no MLB PA),default,MiLB (MLE),5,1.0,0.2,0.9,0.1,0.1,0.0,0.0,0.0,0.1,0.1,0.0,0.0,0.3,0.0,0.0,0.1,0.1,0.111,0.2,0.111,0.311,0.13675,0.04076,0.00221,0.02504,0.07971,0.01126,0.00844,0.2507,0.01594,0.0045,0.1064575033399691,0.1019937589016792
692371,Lizandro Espinoza,ATL,25,R,,floor,Depth (no MLB PA),default,MiLB (MLE),5,1.0,0.2,0.9,0.1,0.1,0.0,0.0,0.0,0.1,0.1,0.0,0.0,0.2,0.0,0.0,0.1,0.1,0.111,0.2,0.111,0.311,0.1325,0.03878,0.00259,0.02505,0.08629,0.01118,0.00809,0.23321,0.02028,0.00571,0.1172987096268818,0.1123803953109476
802544,Brock Vradenburg,PHI,25,L,,floor,Depth (no MLB PA),default,MiLB (MLE),5,1.0,0.2,0.9,0.1,0.1,0.0,0.0,0.0,0.1,0.1,0.0,0.0,0.2,0.0,0.0,0.1,0.1,0.111,0.2,0.111,0.311,0.12767,0.04022,0.00293,0.02505,0.08354,0.01106,0.00764,0.2346,0.0169,0.00477,0.1171713130868302,0.1122583404854701
803102,Cooper McMurray,ATL,25,L,,floor,Depth (no MLB PA),default,MiLB (MLE),5,1.0,0.2,0.9,0.1,0.1,0.0,0.0,0.0,0.1,0.1,0.0,0.0,0.2,0.0,0.0,0.1,0.1,0.111,0.2,0.111,0.311,0.13456,0.03868,0.003,0.02506,0.0855,0.01114,0.00795,0.24452,0.01677,0.00473,0.1172987096268818,0.1123803953109476
686960,Nate Baez,BOS,25,R,,floor,Depth (no MLB PA),default,MiLB (MLE),5,1.0,0.2,0.9,0.1,0.1,0.0,0.0,0.0,0.1,0.1,0.0,0.0,0.2,0.0,0.0,0.1,0.1,0.111,0.2,0.111,0.311,0.13441,0.04038,0.003,0.02511,0.08226,0.01104,0.00758,0.22855,0.0169,0.00476,0.1139845743829696,0.1092052211763855
691435,Juan Castillo,COL,25,R,,floor,Depth (no MLB PA),default,MiLB (MLE),5,1.0,0.2,0.9,0.1,0.1,0.0,0.0,0.0,0.1,0.1,0.0,0.0,0.2,0.0,0.0,0.1,0.1,0.111,0.2,0.111,0.311,0.13957,0.0366,0.00353,0.02506,0.08208,0.01108,0.00771,0.23837,0.01719,0.00485,0.1064575033399691,0.1019937589016792
801194,Max Anderson,DET,25,R,,floor,Depth (no MLB PA),feed:order+depth,MiLB (MLE),5,1.0,0.2,0.9,0.2,0.2,0.0,0.0,0.0,0.2,0.1,0.0,0.0,0.2,0.0,0.0,0.1,0.1,0.222,0.3,0.222,0.522,0.15558,0.04354,0.0035,0.02676,0.08922,0.01144,0.00907,0.20188,0.01523,0.00431,0.1154184738764934,0.1105789975157071
828335,Titus Dumitru,PIT,25,R,,floor,Depth (no MLB PA),default,MiLB (MLE),5,1.0,0.2,0.9,0.1,0.1,0.0,0.0,0.0,0.1,0.1,0.0,0.0,0.2,0.0,0.0,0.1,0.1,0.111,0.2,0.111,0.311,0.12573,0.04196,0.00408,0.02508,0.08402,0.01136,0.0088,0.24822,0.01689,0.00485,0.1104724077295015,0.1058403190545277
685313,Elijah Dunham,LAA,25,L,,floor,Depth (no MLB PA),default,MiLB (MLE),5,1.0,0.2,0.9,0.1,0.1,0.0,0.0,0.0,0.1,0.1,0.0,0.0,0.2,0.0,0.0,0.1,0.1,0.111,0.2,0.111,0.311,0.12982,0.04303,0.00392,0.02508,0.08306,0.01112,0.00787,0.23686,0.01658,0.00468,0.106480524616612,0.1020158149002312
683353,Connor Caskenette,MIA,25,R,,floor,Depth (no MLB PA),default,MiLB (MLE),5,1.0,0.2,0.9,0.1,0.1,0.0,0.0,0.0,0.1,0.1,0.0,0.0,0.2,0.0,0.0,0.1,0.1,0.111,0.2,0.111,0.311,0.13531,0.0361,0.00359,0.02677,0.08025,0.01119,0.00815,0.23867,0.01748,0.00491,0.1083028077561248,0.1037616900274031
703200,Yoffry Solano,MIA,25,S,,floor,Depth (no MLB PA),default,MiLB (MLE),5,1.0,0.2,0.9,0.1,0.1,0.0,0.0,0.0,0.1,0.1,0.0,0.0,0.2,0.0,0.0,0.1,0.1,0.111,0.2,0.111,0.311,0.14279,0.03913,0.00333,0.02508,0.08256,0.01106,0.00763,0.22858,0.01754,0.00494,0.1083028077561248,0.1037616900274031
808004,Anielson Buten,CIN,25,R,,floor,Depth (no MLB PA),default,MiLB (MLE),5,1.0,0.2,0.9,0.1,0.1,0.0,0.0,0.0,0.1,0.1,0.0,0.0,0.2,0.0,0.0,0.1,0.1,0.111,0.2,0.111,0.311,0.14458,0.03926,0.00337,0.02508,0.08161,0.01104,0.00756,0.23341,0.01813,0.00511,0.1096855274705329,0.1050864325467684
815074,Derek Berg,PIT,25,R,,floor,Depth (no MLB PA),default,MiLB (MLE),5,1.0,0.2,0.9,0.1,0.1,0.0,0.0,0.0,0.1,0.1,0.0,0.0,0.3,0.0,0.0,0.1,0.1,0.111,0.2,0.111,0.311,0.12625,0.03822,0.0024,0.02508,0.08194,0.01121,0.00824,0.25002,0.0157,0.00442,0.1104724077295015,0.1058403190545277
700341,Kenny Castillo,ARI,25,R,,floor,Depth (no MLB PA),default,MiLB (MLE),5,1.0,0.2,0.9,0.1,0.1,0.0,0.0,0.0,0.1,0.1,0.0,0.0,0.2,0.0,0.0,0.1,0.1,0.111,0.2,0.111,0.311,0.13966,0.04171,0.00313,0.02509,0.0796,0.01119,0.00813,0.23492,0.01642,0.00463,0.1197021453855344,0.1146830554298953
807720,Garret Forrester,MIA,25,R,,floor,Depth (no MLB PA),default,MiLB (MLE),5,1.0,0.2,0.9,0.1,0.1,0.0,0.0,0.0,0.1,0.1,0.0,0.0,0.2,0.0,0.0,0.1,0.1,0.111,0.2,0.111,0.311,0.11178,0.04523,0.00256,0.02509,0.09366,0.01116,0.00804,0.24209,0.01565,0.00441,0.1083028077561248,0.1037616900274031
823768,Lorenzo Meola,SF,25,R,,floor,Depth (no MLB PA),default,MiLB (MLE),5,1.0,0.2,0.9,0.1,0.1,0.0,0.0,0.0,0.1,0.1,0.0,0.0,0.2,0.0,0.0,0.1,0.1,0.111,0.2,0.111,0.311,0.13143,0.04483,0.00419,0.02509,0.08209,0.01118,0.0081,0.24012,0.01713,0.00483,0.1084288853768579,0.1038824812356177
686944,Grant Magill,CWS,25,R,,floor,Depth (no MLB PA),default,MiLB (MLE),5,1.0,0.2,0.9,0.1,0.1,0.0,0.0,0.0,0.1,0.1,0.0,0.0,0.2,0.0,0.0,0.1,0.1,0.111,0.2,0.111,0.311,0.13034,0.03907,0.00379,0.0251,0.08149,0.01115,0.00798,0.2456,0.01629,0.00459,0.1097434769942643,0.1051419522571364
694206,Daniel Guilarte,MIL,25,R,,floor,Depth (no MLB PA),default,MiLB (MLE),0,1.0,0.2,0.9,0.1,0.1,0.0,0.0,0.0,0.1,0.1,0.0,0.0,0.2,0.0,0.0,0.1,0.1,0.111,0.2,0.111,0.311,0.14361,0.03843,0.0032,0.02675,0.08282,0.01096,0.00725,0.23007,0.0,0.0,0.1163092182482693,0.1109485403725308
808516,Andres Valor,MIA,25,R,,floor,Depth (no MLB PA),default,MiLB (MLE),5,1.0,0.2,0.9,0.1,0.1,0.0,0.0,0.0,0.1,0.1,0.0,0.0,0.2,0.0,0.0,0.1,0.1,0.111,0.2,0.111,0.311,0.12612,0.03751,0.00429,0.02506,0.08492,0.01116,0.00804,0.2492,0.01923,0.0054,0.1083028077561248,0.1037616900274031
834846,Caden Merritt,ATL,25,R,,floor,Depth (no MLB PA),default,MiLB (MLE),0,1.0,0.2,0.9,0.1,0.1,0.0,0.0,0.0,0.1,0.1,0.0,0.0,0.2,0.0,0.0,0.1,0.1,0.111,0.2,0.111,0.311,0.13538,0.0384,0.00427,0.02673,0.08342,0.011,0.0074,0.23242,0.0,0.0,0.1163109310194975,0.1109501742023392
806611,Jancel Villarroel,SF,25,R,,floor,Depth (no MLB PA),default,MiLB (MLE),5,1.0,0.2,0.9,0.1,0.1,0.0,0.0,0.0,0.1,0.1,0.0,0.0,0.2,0.0,0.0,0.1,0.1,0.111,0.2,0.111,0.311,0.13343,0.03957,0.00392,0.02533,0.0824,0.01112,0.00787,0.22952,0.0169,0.00476,0.1084288853768579,0.1038824812356177
683494,Euribiel Angeles,OAK,25,R,,floor,Depth (no MLB PA),default,MiLB (MLE),5,1.0,0.2,0.9,0.1,0.1,0.0,0.0,0.0,0.1,0.1,0.0,0.0,0.2,0.0,0.0,0.1,0.1,0.111,0.2,0.111,0.311,0.14449,0.03584,0.00282,0.02533,0.08052,0.01112,0.00787,0.22434,0.01802,0.00508,0.1137291867017833,0.1089605418558665
691941,Calvin Harris,CWS,25,L,,floor,Depth (no MLB PA),default,MiLB (MLE),5,1.0,0.2,0.9,0.1,0.1,0.0,0.0,0.0,0.1,0.1,0.0,0.0,0.2,0.0,0.0,0.1,0.1,0.111,0.2,0.111,0.311,0.13575,0.03752,0.00273,0.02672,0.08483,0.01114,0.00794,0.22934,0.01719,0.00485,0.1097434769942643,0.1051419522571364
669413,Frainyer Chavez,TEX,25,S,,floor,Depth (no MLB PA),default,MiLB (MLE),5,1.0,0.2,0.9,0.1,0.1,0.0,0.0,0.0,0.1,0.1,0.0,0.0,0.2,0.0,0.0,0.1,0.1,0.111,0.2,0.111,0.311,0.14722,0.04077,0.00303,0.02534,0.08286,0.01103,0.00753,0.22838,0.01835,0.00517,0.1092943456639019,0.1047116529246611
702435,Jhosmmel Zue,KC,25,R,,floor,Depth (no MLB PA),default,MiLB (MLE),5,1.0,0.2,0.9,0.1,0.1,0.0,0.0,0.0,0.1,0.1,0.0,0.0,0.2,0.0,0.0,0.1,0.1,0.111,0.2,0.111,0.311,0.14109,0.0408,0.0033,0.02535,0.0823,0.01106,0.00764,0.23451,0.01787,0.00504,0.1126208892977148,0.1078987151675124
701548,Ali Camarillo,OAK,25,R,,floor,Depth (no MLB PA),default,MiLB (MLE),5,1.0,0.2,0.9,0.1,0.1,0.0,0.0,0.0,0.1,0.1,0.0,0.0,0.2,0.0,0.0,0.1,0.1,0.111,0.2,0.111,0.311,0.14842,0.04743,0.00291,0.02535,0.08355,0.01108,0.00772,0.22682,0.01804,0.00509,0.1137291867017833,0.1089605418558665
800959,Nick Goodwin,TOR,25,R,,floor,Depth (no MLB PA),default,MiLB (MLE),5,1.0,0.2,0.9,0.1,0.1,0.0,0.0,0.0,0.1,0.1,0.0,0.0,0.2,0.0,0.0,0.1,0.1,0.111,0.2,0.111,0.311,0.13394,0.04882,0.00262,0.02536,0.08388,0.01117,0.00806,0.23203,0.0162,0.00457,0.1119841749477096,0.1072886981384986
702995,Antonio Anderson,BOS,25,S,,floor,Depth (no MLB PA),default,MiLB (MLE),5,1.0,0.2,0.9,0.1,0.1,0.0,0.0,0.0,0.1,0.1,0.0,0.0,0.2,0.0,0.0,0.1,0.1,0.111,0.2,0.111,0.311,0.13628,0.04092,0.00482,0.02536,0.08471,0.01119,0.00813,0.23672,0.01661,0.00469,0.1139845743829696,0.1092052211763855
703188,Anthuan Valencia,CIN,25,R,,floor,Depth (no MLB PA),default,MiLB (MLE),0,1.0,0.2,0.9,0.1,0.1,0.0,0.0,0.0,0.1,0.1,0.0,0.0,0.2,0.0,0.0,0.1,0.1,0.111,0.2,0.111,0.311,0.13921,0.03924,0.0032,0.02672,0.08282,0.01096,0.00725,0.23029,0.0,0.0,0.108761859870781,0.1037490388346277
696083,Leonel Espinoza,CHC,25,R,,floor,Depth (no MLB PA),default,MiLB (MLE),5,1.0,0.2,0.9,0.1,0.1,0.0,0.0,0.0,0.1,0.1,0.0,0.0,0.2,0.0,0.0,0.1,0.1,0.111,0.2,0.111,0.311,0.13466,0.04101,0.00411,0.02537,0.08208,0.01109,0.00777,0.23243,0.01748,0.00492,0.1223269824307857,0.117197833518337
687567,Jorel Ortega,MIN,25,R,,floor,Depth (no MLB PA),default,MiLB (MLE),5,1.0,0.2,0.9,0.1,0.1,0.0,0.0,0.0,0.1,0.1,0.0,0.0,0.2,0.0,0.0,0.1,0.1,0.111,0.2,0.111,0.311,0.12534,0.03316,0.00256,0.02537,0.08191,0.01117,0.00806,0.24874,0.0169,0.00475,0.1140967113801906,0.1093126562889861
815911,Edgar Montero,OAK,25,S,,floor,Depth (no MLB PA),default,MiLB (MLE),5,1.0,0.2,0.9,0.1,0.1,0.0,0.0,0.0,0.1,0.1,0.0,0.0,0.2,0.0,0.0,0.1,0.1,0.111,0.2,0.111,0.311,0.13086,0.03774,0.00299,0.02519,0.08569,0.01114,0.00796,0.24817,0.01696,0.00478,0.1137291867017833,0.1089605418558665
641521,Edwin Díaz,HOU,25,R,,floor,Depth (no MLB PA),default,MiLB (MLE),5,1.0,0.2,0.9,0.1,0.1,0.0,0.0,0.0,0.1,0.1,0.0,0.0,0.2,0.0,0.0,0.1,0.1,0.111,0.2,0.111,0.311,0.12128,0.03713,0.00474,0.02667,0.08626,0.01112,0.00786,0.24077,0.01663,0.00469,0.1191467258589332,0.1141509245466025
805865,Guy Lipscomb,CLE,25,L,,floor,Depth (no MLB PA),default,MiLB (MLE),5,1.0,0.2,0.9,0.1,0.1,0.0,0.0,0.0,0.1,0.1,0.0,0.0,0.2,0.0,0.0,0.1,0.1,0.111,0.2,0.111,0.311,0.14089,0.04044,0.00427,0.0254,0.0836,0.01103,0.00752,0.22783,0.01796,0.00506,0.1100028836523031,0.1053904820395136
614177,Franmil Reyes,KC,31,R,LF,floor,Depth (no MLB PA),default,MLB,6,1.0,0.2,0.9,0.1,0.1,0.0,0.0,0.0,0.1,0.1,0.0,0.0,0.3,0.0,0.0,0.1,0.1,0.111,0.2,0.111,0.311,0.12738,0.03745,0.00288,0.02541,0.06763,0.00452,0.00875,0.30968,0.00981,0.00278,0.1002721075764741,0.1046583948438588
800316,Alexander Albertus,CWS,25,R,,floor,Depth (no MLB PA),default,MiLB (MLE),5,1.0,0.2,0.9,0.1,0.1,0.0,0.0,0.0,0.1,0.1,0.0,0.0,0.2,0.0,0.0,0.1,0.1,0.111,0.2,0.111,0.311,0.14027,0.03879,0.0039,0.02541,0.08412,0.0111,0.00778,0.22991,0.01755,0.00495,0.1097434769942643,0.1051419522571364
657675,Rudy Martin Jr.,TOR,31,L,LF,floor,Bench Bat,feed:order+depth,MLB,0,1.0,0.2,0.9,0.2,0.1,0.1,0.0,0.0,0.3,0.1,0.0,0.0,0.2,0.0,0.0,0.1,0.1,0.222,0.3,0.333,0.633,0.12526,0.05655,0.00364,0.02542,0.08873,0.01044,0.00651,0.23057,0.0,0.0,0.111041150316571,0.1059232770579959
833381,Jack Moroknek,WSH,25,L,,floor,Depth (no MLB PA),default,MiLB (MLE),5,1.0,0.2,0.9,0.1,0.1,0.0,0.0,0.0,0.1,0.1,0.0,0.0,0.2,0.0,0.0,0.1,0.1,0.111,0.2,0.111,0.311,0.12957,0.03671,0.00294,0.02671,0.08296,0.01105,0.00762,0.23594,0.01672,0.00471,0.1126552134847328,0.1079316001473905
700795,Mathieu Vallee,TOR,25,L,,floor,Depth (no MLB PA),default,MiLB (MLE),5,1.0,0.2,0.9,0.1,0.1,0.0,0.0,0.0,0.1,0.1,0.0,0.0,0.2,0.0,0.0,0.1,0.1,0.111,0.2,0.111,0.311,0.14953,0.04045,0.00304,0.02543,0.08259,0.01103,0.00752,0.2282,0.01925,0.00541,0.1119841749477096,0.1072886981384986
695048,Garret Guillemette,HOU,25,R,,floor,Depth (no MLB PA),default,MiLB (MLE),5,1.0,0.2,0.9,0.1,0.1,0.0,0.0,0.0,0.1,0.1,0.0,0.0,0.2,0.0,0.0,0.1,0.1,0.111,0.2,0.111,0.311,0.13329,0.04226,0.00282,0.02543,0.08211,0.0111,0.0078,0.23597,0.01704,0.0048,0.1191467258589332,0.1141509245466025
666194,Cooper Johnson,TEX,25,R,,floor,Depth (no MLB PA),default,MiLB (MLE),5,1.0,0.2,0.9,0.1,0.1,0.0,0.0,0.0,0.1,0.1,0.0,0.0,0.3,0.0,0.0,0.1,0.1,0.111,0.2,0.111,0.311,0.11482,0.03813,0.00167,0.02543,0.08863,0.01138,0.00888,0.25433,0.01418,0.004,0.1092943456639019,0.1047116529246611
677565,Kristian Robinson,ARI,25,R,,floor,Depth (no MLB PA),default,MiLB (MLE),5,1.0,0.2,0.9,0.1,0.1,0.0,0.0,0.0,0.1,0.1,0.0,0.0,0.3,0.0,0.0,0.1,0.1,0.111,0.2,0.111,0.311,0.1388,0.03531,0.00642,0.02544,0.09796,0.01143,0.00908,0.27981,0.0238,0.00667,0.1197021453855344,0.1146830554298953
695930,Frederick Bencosme,BAL,25,L,,floor,Depth (no MLB PA),default,MiLB (MLE),5,1.0,0.2,0.9,0.1,0.1,0.0,0.0,0.0,0.1,0.1,0.0,0.0,0.2,0.0,0.0,0.1,0.1,0.111,0.2,0.111,0.311,0.13537,0.04134,0.00275,0.02544,0.08785,0.01134,0.00872,0.22684,0.01736,0.00485,0.1145364810565329,0.109733986499952
821380,Pedro Blanco,ARI,25,L,,floor,Depth (no MLB PA),default,MiLB (MLE),5,1.0,0.2,0.9,0.1,0.1,0.0,0.0,0.0,0.1,0.1,0.0,0.0,0.3,0.0,0.0,0.1,0.1,0.111,0.2,0.111,0.311,0.12732,0.03994,0.00369,0.02671,0.08318,0.01114,0.00797,0.25073,0.01635,0.00461,0.1197021453855344,0.1146830554298953
688871,Jacob Hinderleider,COL,25,R,,floor,Depth (no MLB PA),default,MiLB (MLE),5,1.0,0.2,0.9,0.1,0.1,0.0,0.0,0.0,0.1,0.1,0.0,0.0,0.2,0.0,0.0,0.1,0.1,0.111,0.2,0.111,0.311,0.13411,0.03677,0.00324,0.02538,0.08225,0.01115,0.00799,0.24917,0.01736,0.00489,0.1064575033399691,0.1019937589016792
815133,Cameron Sisneros,HOU,25,L,,floor,Depth (no MLB PA),default,MiLB (MLE),5,1.0,0.2,0.9,0.1,0.1,0.0,0.0,0.0,0.1,0.1,0.0,0.0,0.2,0.0,0.0,0.1,0.1,0.111,0.2,0.111,0.311,0.13062,0.03879,0.00256,0.02519,0.08882,0.01118,0.00811,0.23212,0.01644,0.00463,0.1191467258589332,0.1141509245466025
808237,Yirer Garcia,TB,25,R,,floor,Depth (no MLB PA),default,MiLB (MLE),0,1.0,0.2,0.9,0.1,0.1,0.0,0.0,0.0,0.1,0.1,0.0,0.0,0.2,0.0,0.0,0.1,0.1,0.111,0.2,0.111,0.311,0.1409,0.03839,0.00358,0.02673,0.08258,0.01096,0.00727,0.22795,0.0,0.0,0.1101042122391284,0.1050295223438183
829854,Luis Arana,MIA,25,R,,floor,Depth (no MLB PA),default,MiLB (MLE),5,1.0,0.2,0.9,0.1,0.1,0.0,0.0,0.0,0.1,0.1,0.0,0.0,0.2,0.0,0.0,0.1,0.1,0.111,0.2,0.111,0.311,0.14038,0.04011,0.00295,0.0252,0.08312,0.01106,0.00764,0.22996,0.01869,0.00527,0.1083028077561248,0.1037616900274031
801442,Jack Pineda,KC,25,L,,floor,Depth (no MLB PA),default,MiLB (MLE),5,1.0,0.2,0.9,0.2,0.1,0.1,0.0,0.0,0.3,0.1,0.0,0.0,0.2,0.0,0.0,0.1,0.1,0.222,0.3,0.333,0.633,0.14073,0.05292,0.00278,0.02673,0.07958,0.01113,0.00791,0.22668,0.01722,0.00485,0.1126208892977148,0.1078987151675124
808338,Pedro Ibarguen,MIL,25,R,,floor,Depth (no MLB PA),default,MiLB (MLE),5,1.0,0.2,0.9,0.1,0.1,0.0,0.0,0.0,0.1,0.1,0.0,0.0,0.2,0.0,0.0,0.1,0.1,0.111,0.2,0.111,0.311,0.13592,0.04009,0.00321,0.02521,0.08431,0.01109,0.00775,0.23302,0.01812,0.00512,0.1172969823098257,0.1123787404199927
834404,Jake Cook,TOR,25,L,,floor,Depth (no MLB PA),default,MiLB (MLE),5,1.0,0.2,0.9,0.1,0.1,0.0,0.0,0.0,0.1,0.1,0.0,0.0,0.2,0.0,0.0,0.1,0.1,0.111,0.2,0.111,0.311,0.13755,0.03819,0.00431,0.02521,0.08396,0.01108,0.00774,0.23609,0.01801,0.00507,0.1119841749477096,0.1072886981384986
814696,Jaron Elkins,LAD,25,R,,floor,Depth (no MLB PA),feed:depth,MiLB (MLE),5,1.0,0.2,0.9,0.1,0.1,0.0,0.0,0.0,0.1,0.1,0.0,0.0,0.2,0.0,0.0,0.1,0.1,0.111,0.2,0.111,0.311,0.14254,0.0391,0.00302,0.02522,0.08354,0.01103,0.00754,0.23065,0.01795,0.00506,0.1271758659241691,0.1218434041775241
823759,Eric Genther,NYY,25,L,,floor,Depth (no MLB PA),default,MiLB (MLE),5,1.0,0.2,0.9,0.1,0.1,0.0,0.0,0.0,0.1,0.1,0.0,0.0,0.2,0.0,0.0,0.1,0.1,0.111,0.2,0.111,0.311,0.13818,0.03954,0.00284,0.02522,0.08698,0.01125,0.00837,0.23445,0.01675,0.00472,0.1247291425689449,0.1194992715033348
802082,Julio Henriquez,MIA,25,R,,floor,Depth (no MLB PA),default,MiLB (MLE),0,1.0,0.2,0.9,0.1,0.1,0.0,0.0,0.0,0.1,0.1,0.0,0.0,0.2,0.0,0.0,0.1,0.1,0.111,0.2,0.111,0.311,0.13564,0.04302,0.00355,0.02673,0.08277,0.01097,0.00731,0.2297,0.0,0.0,0.1073907841118627,0.1024411557924819
811718,Josh Wakefield,HOU,25,L,,floor,Depth (no MLB PA),default,MiLB (MLE),5,1.0,0.2,0.9,0.1,0.1,0.0,0.0,0.0,0.1,0.1,0.0,0.0,0.2,0.0,0.0,0.1,0.1,0.111,0.2,0.111,0.311,0.14092,0.03933,0.0036,0.02522,0.08357,0.01108,0.00772,0.23151,0.01898,0.00535,0.1191467258589332,0.1141509245466025
805168,Alejandro Nuñez,HOU,25,L,,floor,Depth (no MLB PA),default,MiLB (MLE),5,1.0,0.2,0.9,0.1,0.1,0.0,0.0,0.0,0.1,0.1,0.0,0.0,0.2,0.0,0.0,0.1,0.1,0.111,0.2,0.111,0.311,0.14234,0.03824,0.00278,0.02523,0.08096,0.01112,0.00787,0.23314,0.01831,0.00517,0.1191467258589332,0.1141509245466025
702495,Josh Tate,PIT,25,R,,floor,Depth (no MLB PA),default,MiLB (MLE),5,1.0,0.2,0.9,0.1,0.1,0.0,0.0,0.0,0.1,0.1,0.0,0.0,0.2,0.0,0.0,0.1,0.1,0.111,0.2,0.111,0.311,0.13978,0.0427,0.00464,0.02524,0.08248,0.01112,0.00786,0.23454,0.01856,0.00525,0.1104724077295015,0.1058403190545277
807239,Bernard Moon,CIN,25,R,,floor,Depth (no MLB PA),default,MiLB (MLE),5,1.0,0.2,0.9,0.1,0.1,0.0,0.0,0.0,0.1,0.1,0.0,0.0,0.2,0.0,0.0,0.1,0.1,0.111,0.2,0.111,0.311,0.13313,0.04303,0.00272,0.02532,0.08354,0.01113,0.00792,0.23499,0.01716,0.00484,0.1096855274705329,0.1050864325467684
815929,Jhonny Level,SF,20,S,,floor,Depth (no MLB PA),feed:order+depth,MiLB (MLE),5,1.0,0.2,0.9,0.1,0.1,0.0,0.0,0.0,0.1,0.1,0.0,0.0,0.2,0.0,0.0,0.1,0.1,0.111,0.2,0.111,0.311,0.14256,0.04618,0.00315,0.02528,0.08111,0.01118,0.00812,0.23039,0.01862,0.00526,0.1084288853768579,0.1038824812356177
820835,Kade Snell,CHC,25,L,,floor,Depth (no MLB PA),default,MiLB (MLE),5,1.0,0.2,0.9,0.1,0.1,0.0,0.0,0.0,0.1,0.1,0.0,0.0,0.2,0.0,0.0,0.1,0.1,0.111,0.2,0.111,0.311,0.13979,0.03953,0.00422,0.02529,0.08274,0.01119,0.00815,0.23476,0.01843,0.00518,0.1223269824307857,0.117197833518337
692150,Émilien Pitre,NYM,25,L,,floor,Depth (no MLB PA),feed:depth,MiLB (MLE),5,1.0,0.2,0.9,0.1,0.1,0.0,0.0,0.0,0.1,0.1,0.0,0.0,0.2,0.0,0.0,0.1,0.1,0.111,0.2,0.111,0.311,0.14273,0.03979,0.0047,0.02529,0.08348,0.01112,0.00785,0.227,0.01781,0.00503,0.1185244404252146,0.1135547314319469
690962,Michael Brooks,OAK,25,R,,floor,Depth (no MLB PA),default,MiLB (MLE),5,1.0,0.2,0.9,0.1,0.1,0.0,0.0,0.0,0.1,0.1,0.0,0.0,0.2,0.0,0.0,0.1,0.1,0.111,0.2,0.111,0.311,0.13373,0.03818,0.00377,0.02529,0.08558,0.01113,0.0079,0.23025,0.01701,0.00479,0.1137291867017833,0.1089605418558665
700083,John Bay,NYM,25,R,,floor,Depth (no MLB PA),default,MiLB (MLE),5,1.0,0.2,0.9,0.1,0.1,0.0,0.0,0.0,0.1,0.1,0.0,0.0,0.2,0.0,0.0,0.1,0.1,0.111,0.2,0.111,0.311,0.13936,0.03936,0.00266,0.0253,0.08465,0.01114,0.00796,0.24016,0.01909,0.00538,0.1185244404252146,0.1135547314319469
800176,Carlos Sanchez,CIN,25,L,,floor,Depth (no MLB PA),default,MiLB (MLE),5,1.0,0.2,0.9,0.1,0.1,0.0,0.0,0.0,0.1,0.1,0.0,0.0,0.2,0.0,0.0,0.1,0.1,0.111,0.2,0.111,0.311,0.12843,0.03394,0.00429,0.02532,0.08905,0.01124,0.00835,0.24522,0.01686,0.00476,0.1096855274705329,0.1050864325467684
807007,Jeremy Rodriguez,NYM,25,L,,floor,Depth (no MLB PA),default,MiLB (MLE),5,1.0,0.2,0.9,0.1,0.1,0.0,0.0,0.0,0.1,0.1,0.0,0.0,0.2,0.0,0.0,0.1,0.1,0.111,0.2,0.111,0.311,0.13943,0.03838,0.00303,0.02532,0.08333,0.01103,0.00753,0.22965,0.01774,0.00501,0.1185244404252146,0.1135547314319469
806961,Derniche Valdez,CHC,25,R,,floor,Depth (no MLB PA),default,MiLB (MLE),5,1.0,0.2,0.9,0.1,0.1,0.0,0.0,0.0,0.1,0.1,0.0,0.0,0.2,0.0,0.0,0.1,0.1,0.111,0.2,0.111,0.311,0.13361,0.0375,0.00478,0.02532,0.0796,0.01113,0.00792,0.23991,0.01698,0.00479,0.1223269824307857,0.117197833518337
807994,Jeremy Ciriaco,COL,25,R,,floor,Depth (no MLB PA),default,MiLB (MLE),5,1.0,0.2,0.9,0.1,0.1,0.0,0.0,0.0,0.1,0.1,0.0,0.0,0.2,0.0,0.0,0.1,0.1,0.111,0.2,0.111,0.311,0.13566,0.03956,0.0037,0.02532,0.08245,0.01105,0.00761,0.23269,0.01735,0.00489,0.1064575033399691,0.1019937589016792
806921,Yannic Walther,MIL,25,R,,floor,Depth (no MLB PA),default,MiLB (MLE),0,1.0,0.2,0.9,0.1,0.1,0.0,0.0,0.0,0.1,0.1,0.0,0.0,0.2,0.0,0.0,0.1,0.1,0.111,0.2,0.111,0.311,0.13675,0.04126,0.00306,0.02673,0.08333,0.01101,0.00745,0.23274,0.0,0.0,0.1163092182482693,0.1109485403725308
814410,Jacob Humphrey,COL,25,R,,floor,Depth (no MLB PA),feed:order+depth,MiLB (MLE),5,1.0,0.2,0.9,0.2,0.2,0.0,0.0,0.0,0.2,0.1,0.0,0.0,0.2,0.0,0.0,0.1,0.1,0.222,0.3,0.222,0.522,0.15047,0.04162,0.00303,0.02532,0.08228,0.01103,0.00754,0.22923,0.01866,0.00526,0.1064575033399691,0.1019937589016792
688449,TT Bowens,NYM,25,R,,floor,Depth (no MLB PA),default,MiLB (MLE),5,1.0,0.2,0.9,0.1,0.1,0.0,0.0,0.0,0.1,0.1,0.0,0.0,0.2,0.0,0.0,0.1,0.1,0.111,0.2,0.111,0.311,0.12668,0.0401,0.0029,0.02532,0.0828,0.01107,0.00767,0.23727,0.01648,0.00464,0.1185244404252146,0.1135547314319469
680814,Peyton Burdick,MIA,30,R,RF,floor,Depth (no MLB PA),default,MLB,5,1.0,0.2,0.9,0.1,0.1,0.0,0.0,0.0,0.1,0.1,0.0,0.0,0.3,0.0,0.0,0.1,0.1,0.111,0.2,0.111,0.311,0.12692,0.03731,0.00287,0.02532,0.08048,0.01719,0.00246,0.29266,0.01645,0.00461,0.1045692109624268,0.1025361582554258
809101,Tommy Hopfe,COL,25,S,,floor,Depth (no MLB PA),default,MiLB (MLE),5,1.0,0.2,0.9,0.1,0.1,0.0,0.0,0.0,0.1,0.1,0.0,0.0,0.2,0.0,0.0,0.1,0.1,0.111,0.2,0.111,0.311,0.14009,0.04178,0.00289,0.02524,0.08215,0.01124,0.00835,0.22956,0.01765,0.00497,0.1064575033399691,0.1019937589016792
695538,Randal Diaz,BAL,25,R,,floor,Depth (no MLB PA),default,MiLB (MLE),5,1.0,0.2,0.9,0.1,0.1,0.0,0.0,0.0,0.1,0.1,0.0,0.0,0.2,0.0,0.0,0.1,0.1,0.111,0.2,0.111,0.311,0.13545,0.04066,0.00304,0.02618,0.08343,0.0112,0.00819,0.23831,0.0197,0.00557,0.1145364810565329,0.109733986499952
594777,Kole Calhoun,CLE,39,L,1B,floor,Depth (no MLB PA),default,MLB,5,1.0,0.2,0.9,0.1,0.1,0.0,0.0,0.0,0.1,0.1,0.0,0.0,0.3,0.0,0.0,0.1,0.1,0.111,0.2,0.111,0.311,0.13268,0.039,0.003,0.02647,0.07009,0.01268,0.00799,0.27446,0.01224,0.00353,0.097082369511037,0.1142003621074568
640449,Clint Frazier,CWS,32,R,RF,floor,Depth (no MLB PA),default,MLB,2,1.0,0.2,0.9,0.1,0.1,0.0,0.0,0.0,0.1,0.1,0.0,0.0,0.3,0.0,0.0,0.1,0.1,0.111,0.2,0.111,0.311,0.13269,0.03901,0.003,0.02647,0.10271,0.00912,0.00269,0.25066,0.02439,0.00693,0.1130454079248812,0.0892098948513901
699305,Diego Mosquera,NYM,25,R,,floor,Depth (no MLB PA),default,MiLB (MLE),0,1.0,0.2,0.9,0.1,0.1,0.0,0.0,0.0,0.1,0.1,0.0,0.0,0.2,0.0,0.0,0.1,0.1,0.111,0.2,0.111,0.311,0.13814,0.03761,0.00313,0.02618,0.08322,0.01098,0.00735,0.23075,0.0,0.0,0.1175263398742655,0.1121095650092184
683061,Alexander Vargas,CIN,25,S,,floor,Depth (no MLB PA),default,MiLB (MLE),0,1.0,0.2,0.9,0.2,0.2,0.0,0.0,0.0,0.2,0.1,0.0,0.0,0.2,0.0,0.0,0.1,0.1,0.222,0.3,0.222,0.522,0.15074,0.03896,0.00438,0.02619,0.08233,0.01099,0.00739,0.22687,0.0,0.0,0.108761859870781,0.1037490388346277
815877,Jeremiah Jenkins,SF,25,L,,floor,Depth (no MLB PA),default,MiLB (MLE),5,1.0,0.2,0.9,0.1,0.1,0.0,0.0,0.0,0.1,0.1,0.0,0.0,0.2,0.0,0.0,0.1,0.1,0.111,0.2,0.111,0.311,0.12475,0.04066,0.00368,0.02646,0.08523,0.01115,0.00798,0.24248,0.01592,0.00449,0.1084288853768579,0.1038824812356177
813664,Justin DeCriscio,SD,25,R,,floor,Depth (no MLB PA),default,MiLB (MLE),5,1.0,0.2,0.9,0.1,0.1,0.0,0.0,0.0,0.1,0.1,0.0,0.0,0.2,0.0,0.0,0.1,0.1,0.111,0.2,0.111,0.311,0.14228,0.04041,0.00303,0.02646,0.08259,0.01103,0.00752,0.22972,0.01802,0.00508,0.1148003772844334,0.1099868176053142
815983,Coy James,WSH,25,R,,floor,Depth (no MLB PA),default,MiLB (MLE),5,1.0,0.2,0.9,0.1,0.1,0.0,0.0,0.0,0.1,0.1,0.0,0.0,0.2,0.0,0.0,0.1,0.1,0.111,0.2,0.111,0.311,0.12879,0.03661,0.00392,0.02646,0.08412,0.01117,0.00805,0.23795,0.01797,0.00505,0.1126552134847328,0.1079316001473905
807256,Josh Springer,TEX,25,R,,floor,Depth (no MLB PA),default,MiLB (MLE),0,1.0,0.2,0.9,0.1,0.1,0.0,0.0,0.0,0.1,0.1,0.0,0.0,0.2,0.0,0.0,0.1,0.1,0.111,0.2,0.111,0.311,0.14475,0.04038,0.0031,0.02619,0.08249,0.01101,0.00745,0.22534,0.0,0.0,0.1083739722267322,0.1033790288854258
812540,Qrey Lott,SD,25,R,,floor,Depth (no MLB PA),default,MiLB (MLE),5,1.0,0.2,0.9,0.1,0.1,0.0,0.0,0.0,0.1,0.1,0.0,0.0,0.2,0.0,0.0,0.1,0.1,0.111,0.2,0.111,0.311,0.14013,0.03999,0.0036,0.0262,0.08227,0.01108,0.00773,0.23454,0.01838,0.00518,0.1148003772844334,0.1099868176053142
703195,Bryan Acuña,MIN,25,R,,floor,Depth (no MLB PA),default,MiLB (MLE),0,1.0,0.2,0.9,0.1,0.1,0.0,0.0,0.0,0.1,0.1,0.0,0.0,0.2,0.0,0.0,0.1,0.1,0.111,0.2,0.111,0.311,0.14143,0.03931,0.00352,0.0262,0.0833,0.01099,0.00736,0.22994,0.0,0.0,0.113135896968568,0.1079214770888242
703676,Ethan Frey,HOU,23,R,,floor,Depth (no MLB PA),feed:order+depth,MiLB (MLE),5,1.0,0.2,0.9,0.1,0.1,0.0,0.0,0.0,0.1,0.1,0.0,0.0,0.2,0.0,0.0,0.1,0.1,0.111,0.2,0.111,0.311,0.13745,0.04109,0.00321,0.02621,0.0843,0.01116,0.00802,0.24138,0.01876,0.00529,0.1191467258589332,0.1141509245466025
809331,Brian Sanchez,MIA,25,L,,floor,Depth (no MLB PA),default,MiLB (MLE),5,1.0,0.2,0.9,0.1,0.1,0.0,0.0,0.0,0.1,0.1,0.0,0.0,0.2,0.0,0.0,0.1,0.1,0.111,0.2,0.111,0.311,0.131,0.04225,0.00403,0.02574,0.08363,0.01122,0.00827,0.24235,0.01738,0.00492,0.1083028077561248,0.1037616900274031
644374,Yu Chang,BOS,31,R,SS,floor,Depth (no MLB PA),default,MLB,5,1.0,0.2,0.9,0.1,0.1,0.0,0.0,0.0,0.1,0.1,0.0,0.0,0.3,0.0,0.0,0.1,0.1,0.111,0.2,0.111,0.311,0.13146,0.03865,0.00298,0.02622,0.06883,0.01745,0.00652,0.27828,0.01647,0.00463,0.1060156528230375,0.1070555120981102
829076,Jhomnardo Reyes,BAL,20,L,,floor,Depth (no MLB PA),feed:order+depth,MiLB (MLE),0,1.0,0.2,0.9,0.1,0.1,0.0,0.0,0.0,0.1,0.1,0.0,0.0,0.2,0.0,0.0,0.1,0.1,0.111,0.2,0.111,0.311,0.13873,0.03843,0.00355,0.02646,0.08306,0.01097,0.00731,0.22927,0.0,0.0,0.11357196332132,0.1083374451958416
809844,Kien Vu,CIN,25,L,,floor,Depth (no MLB PA),default,MiLB (MLE),5,1.0,0.2,0.9,0.1,0.1,0.0,0.0,0.0,0.1,0.1,0.0,0.0,0.2,0.0,0.0,0.1,0.1,0.111,0.2,0.111,0.311,0.12452,0.03692,0.00369,0.02645,0.08272,0.01117,0.00806,0.24276,0.01684,0.00475,0.1096855274705329,0.1050864325467684
815551,Trey Snyder,NYM,25,R,,floor,Depth (no MLB PA),default,MiLB (MLE),5,1.0,0.2,0.9,0.1,0.1,0.0,0.0,0.0,0.1,0.1,0.0,0.0,0.2,0.0,0.0,0.1,0.1,0.111,0.2,0.111,0.311,0.14377,0.039,0.00301,0.02623,0.08237,0.01104,0.00755,0.23152,0.01821,0.00513,0.1185244404252146,0.1135547314319469
800281,Roynier Hernandez,COL,25,L,,floor,Depth (no MLB PA),default,MiLB (MLE),0,1.0,0.2,0.9,0.1,0.1,0.0,0.0,0.0,0.1,0.1,0.0,0.0,0.2,0.0,0.0,0.1,0.1,0.111,0.2,0.111,0.311,0.14655,0.04071,0.00316,0.02645,0.0823,0.01098,0.00733,0.22818,0.0,0.0,0.1055610191013167,0.1006957244311304
827719,Jake Munroe,LAA,24,R,,floor,Depth (no MLB PA),feed:depth,MiLB (MLE),5,1.0,0.2,0.9,0.1,0.1,0.0,0.0,0.0,0.1,0.1,0.0,0.0,0.2,0.0,0.0,0.1,0.1,0.111,0.2,0.111,0.311,0.14855,0.04334,0.00329,0.02623,0.08468,0.01125,0.00838,0.2306,0.01787,0.00504,0.106480524616612,0.1020158149002312
806985,Yoeilin Cespedes,BOS,25,R,,floor,Depth (no MLB PA),default,MiLB (MLE),5,1.0,0.2,0.9,0.1,0.1,0.0,0.0,0.0,0.1,0.1,0.0,0.0,0.2,0.0,0.0,0.1,0.1,0.111,0.2,0.111,0.311,0.13277,0.04102,0.00289,0.02623,0.08164,0.01108,0.00773,0.23283,0.01687,0.00475,0.1139845743829696,0.1092052211763855
645801,Mike Ford,CIN,34,L,1B,floor,Depth (no MLB PA),default,MLB,6,1.0,0.2,0.9,0.1,0.1,0.0,0.0,0.0,0.1,0.1,0.0,0.0,0.3,0.0,0.0,0.1,0.1,0.111,0.2,0.111,0.311,0.14011,0.0165,0.00059,0.02644,0.08663,0.01587,0.00279,0.27864,0.00504,0.00142,0.0977451994362406,0.101555328285217
829643,Jacob McCombs,MIN,25,L,,floor,Depth (no MLB PA),default,MiLB (MLE),5,1.0,0.2,0.9,0.1,0.1,0.0,0.0,0.0,0.1,0.1,0.0,0.0,0.2,0.0,0.0,0.1,0.1,0.111,0.2,0.111,0.311,0.13833,0.04116,0.0057,0.02623,0.08069,0.01114,0.00794,0.231,0.01885,0.00534,0.1140967113801906,0.1093126562889861
802001,Henry Hunter,CIN,25,L,,floor,Depth (no MLB PA),default,MiLB (MLE),5,1.0,0.2,0.9,0.1,0.1,0.0,0.0,0.0,0.1,0.1,0.0,0.0,0.2,0.0,0.0,0.1,0.1,0.111,0.2,0.111,0.311,0.12853,0.04062,0.00339,0.02623,0.08426,0.01103,0.00753,0.23559,0.01678,0.00473,0.1096855274705329,0.1050864325467684
835279,Jake Schaffner,BOS,23,L,,floor,Depth (no MLB PA),feed:order+depth,MiLB (MLE),0,1.0,0.2,0.9,0.1,0.1,0.0,0.0,0.0,0.1,0.1,0.0,0.0,0.2,0.0,0.0,0.1,0.1,0.111,0.2,0.111,0.311,0.14495,0.0415,0.00443,0.02644,0.08214,0.01101,0.00744,0.22842,0.0,0.0,0.1130247042829025,0.1078154092606633
695579,Trevor Haskins,STL,25,R,,floor,Depth (no MLB PA),default,MiLB (MLE),5,1.0,0.2,0.9,0.1,0.1,0.0,0.0,0.0,0.1,0.1,0.0,0.0,0.2,0.0,0.0,0.1,0.1,0.111,0.2,0.111,0.311,0.12962,0.04302,0.00314,0.02644,0.0827,0.01111,0.00783,0.23951,0.01754,0.00494,0.1090018959870051,0.1044314656114096
816384,Sam Robertson,NYM,25,R,,floor,Depth (no MLB PA),default,MiLB (MLE),0,1.0,0.2,0.9,0.1,0.1,0.0,0.0,0.0,0.1,0.1,0.0,0.0,0.2,0.0,0.0,0.1,0.1,0.111,0.2,0.111,0.311,0.14007,0.03976,0.00353,0.02621,0.08331,0.01098,0.00735,0.23042,0.0,0.0,0.1175263398742655,0.1121095650092184
687616,Jimmy Obertop,COL,25,R,,floor,Depth (no MLB PA),default,MiLB (MLE),5,1.0,0.2,0.9,0.1,0.1,0.0,0.0,0.0,0.1,0.1,0.0,0.0,0.2,0.0,0.0,0.1,0.1,0.111,0.2,0.111,0.311,0.12881,0.03946,0.00256,0.02652,0.08765,0.01116,0.00803,0.24974,0.01705,0.0048,0.1064575033399691,0.1019937589016792
815913,Stiven Martinez,BAL,25,R,,floor,Depth (no MLB PA),default,MiLB (MLE),5,1.0,0.2,0.9,0.1,0.1,0.0,0.0,0.0,0.1,0.1,0.0,0.0,0.2,0.0,0.0,0.1,0.1,0.111,0.2,0.111,0.311,0.1365,0.0364,0.00407,0.0261,0.08194,0.01113,0.00794,0.24229,0.01758,0.00496,0.1145364810565329,0.109733986499952
680868,Patrick Winkel,TOR,25,L,,floor,Depth (no MLB PA),default,MiLB (MLE),5,1.0,0.2,0.9,0.1,0.1,0.0,0.0,0.0,0.1,0.1,0.0,0.0,0.2,0.0,0.0,0.1,0.1,0.111,0.2,0.111,0.311,0.13599,0.04244,0.0028,0.02651,0.08236,0.0111,0.00782,0.23688,0.01687,0.00476,0.1119841749477096,0.1072886981384986
806958,Felnin Celesten,SEA,22,S,,floor,Depth (no MLB PA),feed:order+depth,MiLB (MLE),5,1.0,0.2,0.9,0.1,0.1,0.0,0.0,0.0,0.1,0.1,0.0,0.0,0.2,0.0,0.0,0.1,0.1,0.111,0.2,0.111,0.311,0.13128,0.03683,0.00275,0.02611,0.08133,0.01112,0.00787,0.23955,0.01779,0.00502,0.1138920715242519,0.1091165969463052
702068,Cole Gabrielson,NYY,25,R,,floor,Depth (no MLB PA),default,MiLB (MLE),0,1.0,0.2,0.9,0.1,0.1,0.0,0.0,0.0,0.1,0.1,0.0,0.0,0.2,0.0,0.0,0.1,0.1,0.111,0.2,0.111,0.311,0.14904,0.03973,0.00312,0.02611,0.0825,0.011,0.0074,0.22738,0.0,0.0,0.1236787918946801,0.1179784512562222
806464,Connor Charping,SEA,25,R,,floor,Depth (no MLB PA),default,MiLB (MLE),5,1.0,0.2,0.9,0.1,0.1,0.0,0.0,0.0,0.1,0.1,0.0,0.0,0.2,0.0,0.0,0.1,0.1,0.111,0.2,0.111,0.311,0.1315,0.04461,0.00458,0.02651,0.08491,0.0112,0.00818,0.23085,0.01732,0.00489,0.1138920715242519,0.1091165969463052
813771,Robert Hipwell,SF,25,L,,floor,Depth (no MLB PA),default,MiLB (MLE),5,1.0,0.2,0.9,0.1,0.1,0.0,0.0,0.0,0.1,0.1,0.0,0.0,0.2,0.0,0.0,0.1,0.1,0.111,0.2,0.111,0.311,0.12484,0.04042,0.00332,0.0265,0.0858,0.01113,0.00791,0.24636,0.01625,0.00458,0.1084288853768579,0.1038824812356177
814131,Derik Alcantara,CHC,25,L,,floor,Depth (no MLB PA),default,MiLB (MLE),0,1.0,0.2,0.9,0.1,0.1,0.0,0.0,0.0,0.1,0.1,0.0,0.0,0.2,0.0,0.0,0.1,0.1,0.111,0.2,0.111,0.311,0.13582,0.0393,0.00351,0.0265,0.0829,0.01099,0.00737,0.22797,0.0,0.0,0.1212968604734738,0.1157063027676458
805880,Tanner Thach,COL,25,L,,floor,Depth (no MLB PA),feed:order+depth,MiLB (MLE),5,1.0,0.2,0.9,0.1,0.1,0.0,0.0,0.0,0.1,0.1,0.0,0.0,0.2,0.0,0.0,0.1,0.1,0.111,0.2,0.111,0.311,0.13782,0.04103,0.00282,0.0265,0.08128,0.01111,0.00784,0.22907,0.01696,0.00478,0.1064575033399691,0.1019937589016792
831025,Dean Toigo,NYY,25,L,,floor,Depth (no MLB PA),default,MiLB (MLE),0,1.0,0.2,0.9,0.1,0.1,0.0,0.0,0.0,0.1,0.1,0.0,0.0,0.2,0.0,0.0,0.1,0.1,0.111,0.2,0.111,0.311,0.14275,0.04105,0.00456,0.0265,0.08262,0.01097,0.0073,0.22957,0.0,0.0,0.1236787918946801,0.1179784512562222
821009,Cesar Hernandez,HOU,25,L,,floor,Depth (no MLB PA),default,MiLB (MLE),5,1.0,0.2,0.9,0.1,0.1,0.0,0.0,0.0,0.1,0.1,0.0,0.0,0.2,0.0,0.0,0.1,0.1,0.111,0.2,0.111,0.311,0.14394,0.04026,0.00366,0.02613,0.08287,0.01104,0.00757,0.23068,0.0184,0.00519,0.1191467258589332,0.1141509245466025
670208,Matt Fraizer,BOS,25,L,,floor,Depth (no MLB PA),default,MiLB (MLE),5,1.0,0.2,0.9,0.1,0.1,0.0,0.0,0.0,0.1,0.1,0.0,0.0,0.2,0.0,0.0,0.1,0.1,0.111,0.2,0.111,0.311,0.13764,0.04772,0.00543,0.02613,0.08237,0.01104,0.00758,0.22969,0.01734,0.00489,0.1139845743829696,0.1092052211763855
684491,Frank Rodriguez,LAD,25,R,,floor,Depth (no MLB PA),default,MiLB (MLE),5,1.0,0.2,0.9,0.1,0.1,0.0,0.0,0.0,0.1,0.1,0.0,0.0,0.2,0.0,0.0,0.1,0.1,0.111,0.2,0.111,0.311,0.13934,0.03713,0.00328,0.02617,0.08097,0.01125,0.00838,0.23596,0.01577,0.00444,0.1271758659241691,0.1218434041775241
666386,Archer Brookman,ATL,25,R,,floor,Depth (no MLB PA),default,MiLB (MLE),5,1.0,0.2,0.9,0.1,0.1,0.0,0.0,0.0,0.1,0.1,0.0,0.0,0.2,0.0,0.0,0.1,0.1,0.111,0.2,0.111,0.311,0.13701,0.03193,0.00224,0.02613,0.08626,0.01127,0.00845,0.23359,0.01534,0.00432,0.1172987096268818,0.1123803953109476
815653,Tyson Lewis,CIN,25,L,,floor,Depth (no MLB PA),feed:order+depth,MiLB (MLE),5,1.0,0.2,0.9,0.1,0.1,0.0,0.0,0.0,0.1,0.1,0.0,0.0,0.2,0.0,0.0,0.1,0.1,0.111,0.2,0.111,0.311,0.14246,0.04014,0.00341,0.02679,0.08049,0.01111,0.00784,0.23783,0.01853,0.00523,0.1096855274705329,0.1050864325467684
701592,Luke Davis,PHI,25,S,,floor,Depth (no MLB PA),default,MiLB (MLE),5,1.0,0.2,0.9,0.1,0.1,0.0,0.0,0.0,0.1,0.1,0.0,0.0,0.2,0.0,0.0,0.1,0.1,0.111,0.2,0.111,0.311,0.13078,0.03874,0.00353,0.02614,0.08593,0.01108,0.00771,0.23302,0.01681,0.00474,0.1171713130868302,0.1122583404854701
668832,Kyle McCann,OAK,29,L,C,floor,Depth (no MLB PA),default,MLB,5,1.0,0.2,0.9,0.1,0.1,0.0,0.0,0.0,0.1,0.1,0.0,0.0,0.3,0.0,0.0,0.1,0.1,0.111,0.2,0.111,0.311,0.129,0.03887,0.00099,0.02648,0.09079,0.00772,0.00227,0.30382,0.0101,0.00285,0.1054588800547852,0.1066560293884882
641525,Brandon Dixon,SD,35,R,1B,floor,Depth (no MLB PA),default,MLB,5,1.0,0.2,0.9,0.1,0.1,0.0,0.0,0.0,0.1,0.1,0.0,0.0,0.3,0.0,0.0,0.1,0.1,0.111,0.2,0.111,0.311,0.13106,0.03853,0.00297,0.02614,0.05804,0.02629,0.01383,0.27483,0.01585,0.00445,0.1143673583174834,0.1083755842399186
815152,Theo Hardy,TEX,25,S,,floor,Depth (no MLB PA),default,MiLB (MLE),0,1.0,0.2,0.9,0.1,0.1,0.0,0.0,0.0,0.1,0.1,0.0,0.0,0.2,0.0,0.0,0.1,0.1,0.111,0.2,0.111,0.311,0.13698,0.04032,0.0053,0.02648,0.08301,0.01098,0.00732,0.2279,0.0,0.0,0.1083739722267322,0.1033790288854258
832420,Edian Espinal,DET,25,S,,floor,Depth (no MLB PA),default,MiLB (MLE),0,1.0,0.2,0.9,0.1,0.1,0.0,0.0,0.0,0.1,0.1,0.0,0.0,0.2,0.0,0.0,0.1,0.1,0.111,0.2,0.111,0.311,0.14769,0.03971,0.00446,0.02615,0.08192,0.011,0.0074,0.22708,0.0,0.0,0.1144465288333229,0.1091717020886165
808307,Kleyver Salazar,BOS,25,R,,floor,Depth (no MLB PA),default,MiLB (MLE),5,1.0,0.2,0.9,0.1,0.1,0.0,0.0,0.0,0.1,0.1,0.0,0.0,0.2,0.0,0.0,0.1,0.1,0.111,0.2,0.111,0.311,0.13769,0.04236,0.0031,0.02616,0.08463,0.01113,0.00789,0.22935,0.01717,0.00484,0.1139845743829696,0.1092052211763855
669023,Jeter Downs,BOS,28,R,SS,floor,Depth (no MLB PA),default,MLB,5,1.0,0.2,0.9,0.1,0.1,0.0,0.0,0.0,0.1,0.1,0.0,0.0,0.3,0.0,0.0,0.1,0.1,0.111,0.2,0.111,0.311,0.13115,0.03856,0.00297,0.02616,0.08733,0.00666,0.01165,0.26689,0.01654,0.00466,0.1118948571859485,0.1075154498543923
703149,Roderick Arias,NYY,25,S,,floor,Depth (no MLB PA),feed:depth,MiLB (MLE),5,1.0,0.2,0.9,0.1,0.1,0.0,0.0,0.0,0.1,0.1,0.0,0.0,0.2,0.0,0.0,0.1,0.1,0.111,0.2,0.111,0.311,0.13744,0.04204,0.00383,0.02648,0.08178,0.01114,0.00795,0.24033,0.01867,0.00527,0.1247291425689449,0.1194992715033348
804119,Bobby Boser,OAK,25,R,,floor,Depth (no MLB PA),default,MiLB (MLE),5,1.0,0.2,0.9,0.1,0.1,0.0,0.0,0.0,0.1,0.1,0.0,0.0,0.3,0.0,0.0,0.1,0.1,0.111,0.2,0.111,0.311,0.12493,0.03452,0.00298,0.02616,0.08556,0.01128,0.00853,0.27353,0.01853,0.00519,0.1137291867017833,0.1089605418558665
815380,Luke Dickerson,WSH,25,R,,floor,Depth (no MLB PA),default,MiLB (MLE),0,1.0,0.2,0.9,0.1,0.1,0.0,0.0,0.0,0.1,0.1,0.0,0.0,0.2,0.0,0.0,0.1,0.1,0.111,0.2,0.111,0.311,0.13281,0.03988,0.00313,0.02617,0.08327,0.01098,0.00734,0.2323,0.0,0.0,0.1117065380027561,0.1065579971057784
694399,Elijah Nunez,WSH,25,L,,floor,Depth (no MLB PA),default,MiLB (MLE),0,1.0,0.2,0.9,0.1,0.1,0.0,0.0,0.0,0.1,0.1,0.0,0.0,0.2,0.0,0.0,0.1,0.1,0.111,0.2,0.111,0.311,0.13339,0.0408,0.00317,0.02647,0.08272,0.01097,0.00731,0.22939,0.0,0.0,0.1117065380027561,0.1065579971057784
702110,Matt Suggs,WSH,25,R,,floor,Depth (no MLB PA),default,MiLB (MLE),0,1.0,0.2,0.9,0.1,0.1,0.0,0.0,0.0,0.1,0.1,0.0,0.0,0.2,0.0,0.0,0.1,0.1,0.111,0.2,0.111,0.311,0.13259,0.04337,0.00317,0.02648,0.08323,0.01097,0.00729,0.23058,0.0,0.0,0.1117065380027561,0.1065579971057784
808693,Daniel Lopez,KC,25,L,,floor,Depth (no MLB PA),default,MiLB (MLE),0,1.0,0.2,0.9,0.1,0.1,0.0,0.0,0.0,0.1,0.1,0.0,0.0,0.2,0.0,0.0,0.1,0.1,0.111,0.2,0.111,0.311,0.13694,0.04069,0.00426,0.0263,0.08258,0.011,0.00739,0.23043,0.0,0.0,0.1116725028615235,0.1065255306401104
806999,Manuel Cabrera,WSH,25,R,,floor,Depth (no MLB PA),default,MiLB (MLE),5,1.0,0.2,0.9,0.1,0.1,0.0,0.0,0.0,0.1,0.1,0.0,0.0,0.2,0.0,0.0,0.1,0.1,0.111,0.2,0.111,0.311,0.13661,0.03875,0.00299,0.02641,0.08314,0.01104,0.00756,0.23293,0.01735,0.00489,0.1126552134847328,0.1079316001473905
689822,Matt Rudick,NYM,25,L,,floor,Depth (no MLB PA),default,MiLB (MLE),5,1.0,0.2,0.9,0.1,0.1,0.0,0.0,0.0,0.1,0.1,0.0,0.0,0.2,0.0,0.0,0.1,0.1,0.111,0.2,0.111,0.311,0.14411,0.03719,0.00292,0.0263,0.08468,0.01108,0.0077,0.22658,0.01832,0.00516,0.1185244404252146,0.1135547314319469
828098,JoJo Parker,TOR,21,L,,floor,Depth (no MLB PA),feed:order+depth,MiLB (MLE),0,1.0,0.2,0.9,0.1,0.1,0.0,0.0,0.0,0.1,0.1,0.0,0.0,0.2,0.0,0.0,0.1,0.1,0.111,0.2,0.111,0.311,0.14167,0.04223,0.00383,0.02631,0.08349,0.01098,0.00734,0.22837,0.0,0.0,0.111041150316571,0.1059232770579959
800607,Kehden Hettiger,PHI,25,L,,floor,Depth (no MLB PA),default,MiLB (MLE),5,1.0,0.2,0.9,0.1,0.1,0.0,0.0,0.0,0.1,0.1,0.0,0.0,0.3,0.0,0.0,0.1,0.1,0.111,0.2,0.111,0.311,0.11977,0.03632,0.00228,0.02641,0.08943,0.01123,0.00832,0.25712,0.01692,0.00478,0.1171713130868302,0.1122583404854701
691863,Carlos Franco,OAK,25,R,,floor,Depth (no MLB PA),default,MiLB (MLE),5,1.0,0.2,0.9,0.1,0.1,0.0,0.0,0.0,0.1,0.1,0.0,0.0,0.2,0.0,0.0,0.1,0.1,0.111,0.2,0.111,0.311,0.13129,0.03983,0.00297,0.0264,0.08344,0.01106,0.00763,0.2274,0.01675,0.00472,0.1137291867017833,0.1089605418558665
686445,Sammy Siani,SEA,25,L,,floor,Depth (no MLB PA),default,MiLB (MLE),5,1.0,0.2,0.9,0.1,0.1,0.0,0.0,0.0,0.1,0.1,0.0,0.0,0.2,0.0,0.0,0.1,0.1,0.111,0.2,0.111,0.311,0.14054,0.03551,0.00441,0.0264,0.08111,0.01123,0.00828,0.23417,0.02043,0.00576,0.1138920715242519,0.1091165969463052
832110,Daniel Rogers,SF,25,L,,floor,Depth (no MLB PA),default,MiLB (MLE),5,1.0,0.2,0.9,0.1,0.1,0.0,0.0,0.0,0.1,0.1,0.0,0.0,0.2,0.0,0.0,0.1,0.1,0.111,0.2,0.111,0.311,0.13629,0.04135,0.00302,0.02631,0.0833,0.01103,0.00752,0.23351,0.01717,0.00484,0.1084288853768579,0.1038824812356177
683270,Connor Dykstra,SEA,25,R,,floor,Depth (no MLB PA),default,MiLB (MLE),5,1.0,0.2,0.9,0.1,0.1,0.0,0.0,0.0,0.1,0.1,0.0,0.0,0.2,0.0,0.0,0.1,0.1,0.111,0.2,0.111,0.311,0.13818,0.03904,0.00377,0.02631,0.08316,0.01103,0.00753,0.23395,0.01746,0.00493,0.1138920715242519,0.1091165969463052
828319,Marshall Toole,TB,25,L,,floor,Depth (no MLB PA),default,MiLB (MLE),5,1.0,0.2,0.9,0.1,0.1,0.0,0.0,0.0,0.1,0.1,0.0,0.0,0.2,0.0,0.0,0.1,0.1,0.111,0.2,0.111,0.311,0.13977,0.03848,0.00296,0.0264,0.08398,0.01105,0.00759,0.23453,0.01874,0.00528,0.1110392798589936,0.1063834223350814
815755,Kevin Bruggeman,LAA,25,R,,floor,Depth (no MLB PA),default,MiLB (MLE),5,1.0,0.2,0.9,0.1,0.1,0.0,0.0,0.0,0.1,0.1,0.0,0.0,0.2,0.0,0.0,0.1,0.1,0.111,0.2,0.111,0.311,0.13535,0.03697,0.00369,0.02631,0.08425,0.01103,0.00753,0.23094,0.01717,0.00484,0.106480524616612,0.1020158149002312
800357,Ricardo Gonzalez,TB,25,S,,floor,Depth (no MLB PA),default,MiLB (MLE),0,1.0,0.2,0.9,0.1,0.1,0.0,0.0,0.0,0.1,0.1,0.0,0.0,0.2,0.0,0.0,0.1,0.1,0.111,0.2,0.111,0.311,0.14407,0.04002,0.00309,0.02638,0.0825,0.01101,0.00744,0.22965,0.0,0.0,0.1101042122391284,0.1050295223438183
805931,Caleb Hobson,COL,25,R,,floor,Depth (no MLB PA),default,MiLB (MLE),0,1.0,0.2,0.9,0.1,0.1,0.0,0.0,0.0,0.1,0.1,0.0,0.0,0.2,0.0,0.0,0.1,0.1,0.111,0.2,0.111,0.311,0.13574,0.03845,0.00314,0.02624,0.08317,0.01098,0.00733,0.23179,0.0,0.0,0.1055610191013167,0.1006957244311304
827613,Derek Datil,TB,25,L,,floor,Depth (no MLB PA),default,MiLB (MLE),0,1.0,0.2,0.9,0.1,0.1,0.0,0.0,0.0,0.1,0.1,0.0,0.0,0.2,0.0,0.0,0.1,0.1,0.111,0.2,0.111,0.311,0.13712,0.03991,0.0035,0.02633,0.08267,0.01099,0.00738,0.23095,0.0,0.0,0.1101042122391284,0.1050295223438183
808302,Juan Ortega,BAL,25,R,,floor,Depth (no MLB PA),default,MiLB (MLE),0,1.0,0.2,0.9,0.1,0.1,0.0,0.0,0.0,0.1,0.1,0.0,0.0,0.2,0.0,0.0,0.1,0.1,0.111,0.2,0.111,0.311,0.13684,0.03873,0.00461,0.02638,0.08282,0.01101,0.00743,0.23016,0.0,0.0,0.11357196332132,0.1083374451958416
823754,Robbie Burnett,NYY,25,L,,floor,Depth (no MLB PA),default,MiLB (MLE),5,1.0,0.2,0.9,0.1,0.1,0.0,0.0,0.0,0.1,0.1,0.0,0.0,0.2,0.0,0.0,0.1,0.1,0.111,0.2,0.111,0.311,0.1328,0.03982,0.00295,0.02633,0.085,0.01105,0.0076,0.23348,0.01727,0.00487,0.1247291425689449,0.1194992715033348
641505,Jonathan Davis,MIA,35,R,CF,floor,Depth (no MLB PA),default,MLB,2,1.0,0.2,0.9,0.1,0.1,0.0,0.0,0.0,0.1,0.1,0.0,0.0,0.3,0.0,0.0,0.1,0.1,0.111,0.2,0.111,0.311,0.1321,0.03883,0.00299,0.02635,0.09193,0.01018,0.00906,0.25685,0.02429,0.00692,0.1255552550267496,0.0939574358515854
800391,Darlyn De Leon,CHC,25,L,,floor,Depth (no MLB PA),default,MiLB (MLE),5,1.0,0.2,0.9,0.1,0.1,0.0,0.0,0.0,0.1,0.1,0.0,0.0,0.2,0.0,0.0,0.1,0.1,0.111,0.2,0.111,0.311,0.13755,0.03906,0.00376,0.02635,0.08273,0.01103,0.00754,0.23014,0.01774,0.005,0.1223269824307857,0.117197833518337
701682,Braedon Karpathios,SD,25,L,,floor,Depth (no MLB PA),feed:order+depth,MiLB (MLE),0,1.0,0.2,0.9,0.1,0.1,0.0,0.0,0.0,0.1,0.1,0.0,0.0,0.2,0.0,0.0,0.1,0.1,0.111,0.2,0.111,0.311,0.13428,0.0379,0.00316,0.02638,0.083,0.01098,0.00732,0.23041,0.0,0.0,0.1138336372651961,0.1085870586191268
695604,T.J. White,WSH,25,S,,floor,Depth (no MLB PA),default,MiLB (MLE),5,1.0,0.2,0.9,0.1,0.1,0.0,0.0,0.0,0.1,0.1,0.0,0.0,0.2,0.0,0.0,0.1,0.1,0.111,0.2,0.111,0.311,0.13356,0.03647,0.00342,0.02636,0.08214,0.01122,0.00827,0.24387,0.01606,0.00454,0.1126552134847328,0.1079316001473905
827517,Kyle Lodise,CWS,25,R,,floor,Depth (no MLB PA),feed:depth,MiLB (MLE),5,1.0,0.2,0.9,0.1,0.1,0.0,0.0,0.0,0.1,0.1,0.0,0.0,0.3,0.0,0.0,0.1,0.1,0.111,0.2,0.111,0.311,0.11961,0.03703,0.00423,0.02637,0.09272,0.01127,0.00845,0.25203,0.02076,0.00583,0.1097434769942643,0.1051419522571364
672701,José Devers,MIA,27,L,2B,floor,Depth (no MLB PA),default,MLB,0,1.0,0.2,0.9,0.2,0.1,0.1,0.0,0.0,0.3,0.1,0.0,0.0,0.2,0.0,0.0,0.1,0.1,0.222,0.3,0.333,0.633,0.13272,0.05152,0.00338,0.02636,0.0807,0.01031,0.00643,0.2284,0.0,0.0,0.1073907841118627,0.1024411557924819
690992,Ed Howard,CHC,25,R,,floor,Depth (no MLB PA),default,MiLB (MLE),0,1.0,0.2,0.9,0.1,0.1,0.0,0.0,0.0,0.1,0.1,0.0,0.0,0.2,0.0,0.0,0.1,0.1,0.111,0.2,0.111,0.311,0.13423,0.04022,0.00315,0.02637,0.08207,0.01097,0.00732,0.23167,0.0,0.0,0.1212968604734738,0.1157063027676458
701435,Broedy Poppell,SF,25,S,,floor,Depth (no MLB PA),default,MiLB (MLE),5,1.0,0.2,0.9,0.1,0.1,0.0,0.0,0.0,0.1,0.1,0.0,0.0,0.2,0.0,0.0,0.1,0.1,0.111,0.2,0.111,0.311,0.13502,0.04025,0.00362,0.02636,0.08327,0.01107,0.0077,0.2351,0.01748,0.00492,0.1084288853768579,0.1038824812356177
811339,Josh Kross,STL,25,S,,floor,Depth (no MLB PA),default,MiLB (MLE),5,1.0,0.2,0.9,0.1,0.1,0.0,0.0,0.0,0.1,0.1,0.0,0.0,0.2,0.0,0.0,0.1,0.1,0.111,0.2,0.111,0.311,0.13278,0.04027,0.00357,0.02636,0.0834,0.01121,0.00821,0.24084,0.0158,0.00445,0.1090018959870051,0.1044314656114096
600301,Taylor Motter,STL,37,R,2B,floor,Depth (no MLB PA),default,MLB,6,1.0,0.2,0.9,0.1,0.1,0.0,0.0,0.0,0.1,0.1,0.0,0.0,0.3,0.0,0.0,0.1,0.1,0.111,0.2,0.111,0.311,0.13221,0.03886,0.00299,0.02637,0.07426,0.0109,0.00321,0.27913,0.0143,0.00403,0.095979037887505,0.0901464802952179
682239,Luke Ritter,DET,25,R,,floor,Depth (no MLB PA),default,MiLB (MLE),5,1.0,0.2,0.9,0.1,0.1,0.0,0.0,0.0,0.1,0.1,0.0,0.0,0.2,0.0,0.0,0.1,0.1,0.111,0.2,0.111,0.311,0.13139,0.03728,0.00498,0.02638,0.08094,0.01106,0.00765,0.23681,0.01661,0.00468,0.1154184738764934,0.1105789975157071
800177,Cesar Gonzalez,OAK,25,R,,floor,Depth (no MLB PA),default,MiLB (MLE),5,1.0,0.2,0.9,0.1,0.1,0.0,0.0,0.0,0.1,0.1,0.0,0.0,0.2,0.0,0.0,0.1,0.1,0.111,0.2,0.111,0.311,0.1377,0.03892,0.003,0.02624,0.08319,0.01103,0.00754,0.233,0.01741,0.00491,0.1137291867017833,0.1089605418558665
803811,Josh Hogue,MIA,25,L,,floor,Depth (no MLB PA),default,MiLB (MLE),5,1.0,0.2,0.9,0.1,0.1,0.0,0.0,0.0,0.1,0.1,0.0,0.0,0.2,0.0,0.0,0.1,0.1,0.111,0.2,0.111,0.311,0.13669,0.03959,0.00337,0.02643,0.08314,0.01104,0.00756,0.232,0.01725,0.00486,0.1083028077561248,0.1037616900274031
821180,Ilan Fernandez,BOS,25,R,,floor,Depth (no MLB PA),default,MiLB (MLE),5,1.0,0.2,0.9,0.1,0.1,0.0,0.0,0.0,0.1,0.1,0.0,0.0,0.2,0.0,0.0,0.1,0.1,0.111,0.2,0.111,0.311,0.13332,0.04296,0.003,0.02624,0.08351,0.01104,0.00755,0.23146,0.01727,0.00487,0.1139845743829696,0.1092052211763855
702547,Caden Powell,HOU,25,R,,floor,Depth (no MLB PA),default,MiLB (MLE),5,1.0,0.2,0.9,0.1,0.1,0.0,0.0,0.0,0.1,0.1,0.0,0.0,0.3,0.0,0.0,0.1,0.1,0.111,0.2,0.111,0.311,0.14122,0.03718,0.00225,0.02643,0.08487,0.01125,0.00839,0.25028,0.02044,0.00577,0.1191467258589332,0.1141509245466025
805058,Luis Marquez,TEX,25,R,,floor,Depth (no MLB PA),default,MiLB (MLE),0,1.0,0.2,0.9,0.1,0.1,0.0,0.0,0.0,0.1,0.1,0.0,0.0,0.2,0.0,0.0,0.1,0.1,0.111,0.2,0.111,0.311,0.13819,0.03729,0.00345,0.02624,0.08256,0.01101,0.00745,0.23197,0.0,0.0,0.1083739722267322,0.1033790288854258
815528,Ediel Rivera,NYY,25,R,,floor,Depth (no MLB PA),default,MiLB (MLE),5,1.0,0.2,0.9,0.1,0.1,0.0,0.0,0.0,0.1,0.1,0.0,0.0,0.2,0.0,0.0,0.1,0.1,0.111,0.2,0.111,0.311,0.13629,0.03839,0.00302,0.02643,0.08259,0.01103,0.00751,0.23339,0.01735,0.00489,0.1247291425689449,0.1194992715033348
815438,Jesus Freitez,COL,25,R,,floor,Depth (no MLB PA),default,MiLB (MLE),0,1.0,0.2,0.9,0.1,0.1,0.0,0.0,0.0,0.1,0.1,0.0,0.0,0.2,0.0,0.0,0.1,0.1,0.111,0.2,0.111,0.311,0.14016,0.04079,0.0035,0.02642,0.08247,0.011,0.00739,0.22783,0.0,0.0,0.1055610191013167,0.1006957244311304
806306,Cameron Decker,LAD,25,R,,floor,Depth (no MLB PA),default,MiLB (MLE),5,1.0,0.2,0.9,0.1,0.1,0.0,0.0,0.0,0.1,0.1,0.0,0.0,0.2,0.0,0.0,0.1,0.1,0.111,0.2,0.111,0.311,0.13298,0.04057,0.00357,0.02642,0.08342,0.01107,0.00767,0.23578,0.0173,0.00488,0.1271758659241691,0.1218434041775241
829033,Elian Peña,NYM,20,L,,floor,Depth (no MLB PA),feed:depth,MiLB (MLE),0,1.0,0.2,0.9,0.1,0.1,0.0,0.0,0.0,0.1,0.1,0.0,0.0,0.2,0.0,0.0,0.1,0.1,0.111,0.2,0.111,0.311,0.13579,0.04001,0.00391,0.02679,0.08282,0.01096,0.00724,0.22967,0.0,0.0,0.1175263398742655,0.1121095650092184
675986,Canaan Smith-Njigba,PIT,28,L,RF,floor,Depth (no MLB PA),default,MLB,5,1.0,0.2,0.9,0.1,0.1,0.0,0.0,0.0,0.1,0.1,0.0,0.0,0.3,0.0,0.0,0.1,0.1,0.111,0.2,0.111,0.311,0.13161,0.03869,0.00298,0.02625,0.08771,0.01479,0.01222,0.25565,0.01874,0.00527,0.1079625521503839,0.1085536764373576
806963,Brando Mayea,NYY,25,R,,floor,Depth (no MLB PA),default,MiLB (MLE),5,1.0,0.2,0.9,0.1,0.1,0.0,0.0,0.0,0.1,0.1,0.0,0.0,0.2,0.0,0.0,0.1,0.1,0.111,0.2,0.111,0.311,0.14169,0.0385,0.00288,0.02625,0.0822,0.01108,0.00772,0.23402,0.01781,0.00502,0.1247291425689449,0.1194992715033348
690443,Mike Antico,COL,25,L,,floor,Depth (no MLB PA),default,MiLB (MLE),5,1.0,0.2,0.9,0.1,0.1,0.0,0.0,0.0,0.1,0.1,0.0,0.0,0.2,0.0,0.0,0.1,0.1,0.111,0.2,0.111,0.311,0.13295,0.03926,0.00291,0.02625,0.08322,0.01107,0.00769,0.23205,0.01796,0.00505,0.1064575033399691,0.1019937589016792
692446,Miguel Villarroel,STL,25,R,,floor,Depth (no MLB PA),default,MiLB (MLE),0,1.0,0.2,0.9,0.1,0.1,0.0,0.0,0.0,0.1,0.1,0.0,0.0,0.2,0.0,0.0,0.1,0.1,0.111,0.2,0.111,0.311,0.13879,0.04244,0.00315,0.0263,0.08298,0.01098,0.00733,0.23082,0.0,0.0,0.1080839852839566,0.103102407405954
699698,Ricardo Cova,SEA,25,R,,floor,Depth (no MLB PA),default,MiLB (MLE),0,1.0,0.2,0.9,0.1,0.1,0.0,0.0,0.0,0.1,0.1,0.0,0.0,0.2,0.0,0.0,0.1,0.1,0.111,0.2,0.111,0.311,0.14191,0.04448,0.00451,0.02641,0.0819,0.01098,0.00734,0.22803,0.0,0.0,0.1129329803956266,0.1077279129163165
807461,Kaleb Freeman,CWS,25,S,,floor,Depth (no MLB PA),default,MiLB (MLE),5,1.0,0.2,0.9,0.1,0.1,0.0,0.0,0.0,0.1,0.1,0.0,0.0,0.2,0.0,0.0,0.1,0.1,0.111,0.2,0.111,0.311,0.12731,0.0392,0.00316,0.02626,0.09094,0.01117,0.00806,0.24306,0.01641,0.00463,0.1097434769942643,0.1051419522571364
831918,Marco Argudin,TEX,25,L,,floor,Depth (no MLB PA),default,MiLB (MLE),5,1.0,0.2,0.9,0.1,0.1,0.0,0.0,0.0,0.1,0.1,0.0,0.0,0.2,0.0,0.0,0.1,0.1,0.111,0.2,0.111,0.311,0.13808,0.03931,0.00404,0.02626,0.08367,0.01106,0.00764,0.23118,0.01774,0.00501,0.1092943456639019,0.1047116529246611
547379,Roberto Pérez,PIT,38,R,C,floor,Depth (no MLB PA),default,MLB,5,1.0,0.2,0.9,0.1,0.1,0.0,0.0,0.0,0.1,0.1,0.0,0.0,0.3,0.0,0.0,0.1,0.1,0.111,0.2,0.111,0.311,0.13166,0.0387,0.00298,0.02626,0.09446,0.00521,0.00325,0.26719,0.0152,0.00428,0.1127206181324177,0.1086990348685806
828685,Taitn Gray,TB,20,S,,floor,Depth (no MLB PA),feed:order+depth,MiLB (MLE),5,1.0,0.2,0.9,0.1,0.1,0.0,0.0,0.0,0.1,0.1,0.0,0.0,0.2,0.0,0.0,0.1,0.1,0.111,0.2,0.111,0.311,0.14159,0.03912,0.00434,0.02641,0.08345,0.01108,0.0077,0.23187,0.0179,0.00504,0.1110392798589936,0.1063834223350814
643393,Tony Kemp,OAK,35,L,2B,floor,Depth (no MLB PA),default,MLB,2,1.0,0.2,0.9,0.2,0.2,0.0,0.0,0.0,0.2,0.1,0.0,0.0,0.1,0.0,0.0,0.1,0.1,0.222,0.3,0.222,0.522,0.18318,0.02844,0.00207,0.02626,0.08897,0.01354,0.00601,0.13311,0.02751,0.00759,0.1224584005933676,0.0948042509848287
703641,Adrian Rodriguez,ARI,25,R,,floor,Depth (no MLB PA),default,MiLB (MLE),5,1.0,0.2,0.9,0.1,0.1,0.0,0.0,0.0,0.1,0.1,0.0,0.0,0.2,0.0,0.0,0.1,0.1,0.111,0.2,0.111,0.311,0.13563,0.03902,0.00301,0.02626,0.08249,0.01104,0.00756,0.22907,0.01735,0.00489,0.1197021453855344,0.1146830554298953
820842,Bryce Chance,TOR,25,R,,floor,Depth (no MLB PA),default,MiLB (MLE),0,1.0,0.2,0.9,0.1,0.1,0.0,0.0,0.0,0.1,0.1,0.0,0.0,0.2,0.0,0.0,0.1,0.1,0.111,0.2,0.111,0.311,0.1403,0.04062,0.00314,0.02627,0.08291,0.01099,0.00737,0.22692,0.0,0.0,0.111041150316571,0.1059232770579959
800516,Alberto Hernandez,HOU,25,R,,floor,Depth (no MLB PA),default,MiLB (MLE),5,1.0,0.2,0.9,0.1,0.1,0.0,0.0,0.0,0.1,0.1,0.0,0.0,0.2,0.0,0.0,0.1,0.1,0.111,0.2,0.111,0.311,0.13157,0.04233,0.00289,0.02628,0.08258,0.01108,0.00773,0.23001,0.01656,0.00467,0.1191467258589332,0.1141509245466025
699130,Jadher Areinamo,TB,25,R,,floor,Depth (no MLB PA),default,MiLB (MLE),0,1.0,0.2,0.9,0.1,0.1,0.0,0.0,0.0,0.1,0.1,0.0,0.0,0.2,0.0,0.0,0.1,0.1,0.111,0.2,0.111,0.311,0.13332,0.03993,0.00314,0.02628,0.08185,0.01099,0.00739,0.22542,0.0,0.0,0.1101042122391284,0.1050295223438183
821075,Merphy Hernandez,MIN,25,L,,floor,Depth (no MLB PA),default,MiLB (MLE),5,1.0,0.2,0.9,0.1,0.1,0.0,0.0,0.0,0.1,0.1,0.0,0.0,0.2,0.0,0.0,0.1,0.1,0.111,0.2,0.111,0.311,0.14153,0.03896,0.00375,0.02628,0.0827,0.01104,0.00755,0.23116,0.01944,0.00548,0.1140967113801906,0.1093126562889861
691922,Javier Rivas,PIT,25,R,,floor,Depth (no MLB PA),default,MiLB (MLE),5,1.0,0.2,0.9,0.1,0.1,0.0,0.0,0.0,0.1,0.1,0.0,0.0,0.2,0.0,0.0,0.1,0.1,0.111,0.2,0.111,0.311,0.1294,0.0389,0.00492,0.02628,0.07552,0.01128,0.00849,0.24823,0.01544,0.00435,0.1104724077295015,0.1058403190545277
815818,Gavin Fien,WSH,25,R,,floor,Depth (no MLB PA),feed:order+depth,MiLB (MLE),5,1.0,0.2,0.9,0.1,0.1,0.0,0.0,0.0,0.1,0.1,0.0,0.0,0.2,0.0,0.0,0.1,0.1,0.111,0.2,0.111,0.311,0.13511,0.03894,0.00354,0.02629,0.08346,0.0111,0.00778,0.23537,0.0171,0.00482,0.1126552134847328,0.1079316001473905
815874,Nick Roselli,NYM,25,L,,floor,Depth (no MLB PA),default,MiLB (MLE),0,1.0,0.2,0.9,0.1,0.1,0.0,0.0,0.0,0.1,0.1,0.0,0.0,0.2,0.0,0.0,0.1,0.1,0.111,0.2,0.111,0.311,0.13921,0.03934,0.00316,0.02642,0.08251,0.01098,0.00732,0.22965,0.0,0.0,0.1175263398742655,0.1121095650092184
669352,Bubba Thompson,TEX,29,R,CF,floor,Depth (no MLB PA),default,MLB,6,1.0,0.2,0.9,0.1,0.1,0.0,0.0,0.0,0.1,0.1,0.0,0.0,0.3,0.0,0.0,0.1,0.1,0.111,0.2,0.111,0.311,0.12939,0.04399,0.00363,0.0258,0.0598,0.0111,0.00446,0.28502,0.03614,0.01009,0.1065907486922159,0.0841087100446852
694181,Carlos Colmenarez,TB,25,L,,floor,Depth (no MLB PA),default,MiLB (MLE),5,1.0,0.2,0.9,0.1,0.1,0.0,0.0,0.0,0.1,0.1,0.0,0.0,0.2,0.0,0.0,0.1,0.1,0.111,0.2,0.111,0.311,0.13697,0.03922,0.00273,0.02663,0.08282,0.01111,0.00786,0.24616,0.0178,0.00501,0.1110392798589936,0.1063834223350814
681371,Dom Keegan,TB,25,R,,floor,Depth (no MLB PA),default,MiLB (MLE),5,1.0,0.2,0.9,0.1,0.1,0.0,0.0,0.0,0.1,0.1,0.0,0.0,0.3,0.0,0.0,0.1,0.1,0.111,0.2,0.111,0.311,0.129,0.02414,0.0036,0.02581,0.09149,0.01129,0.00854,0.26978,0.01728,0.00484,0.1110392798589936,0.1063834223350814
692110,Core Jackson,NYY,25,L,,floor,Depth (no MLB PA),feed:depth,MiLB (MLE),5,1.0,0.2,0.9,0.1,0.1,0.0,0.0,0.0,0.1,0.1,0.0,0.0,0.2,0.0,0.0,0.1,0.1,0.111,0.2,0.111,0.311,0.1414,0.04154,0.0041,0.02663,0.08217,0.01107,0.00769,0.22634,0.01858,0.00523,0.1247291425689449,0.1194992715033348
694469,Bryce Eblin,CWS,25,L,,floor,Depth (no MLB PA),default,MiLB (MLE),5,1.0,0.2,0.9,0.1,0.1,0.0,0.0,0.0,0.1,0.1,0.0,0.0,0.2,0.0,0.0,0.1,0.1,0.111,0.2,0.111,0.311,0.13334,0.04023,0.00366,0.02663,0.08302,0.01104,0.00757,0.23165,0.01717,0.00484,0.1097434769942643,0.1051419522571364
669002,Connor Scott,KC,25,L,,floor,Depth (no MLB PA),default,MiLB (MLE),5,1.0,0.2,0.9,0.1,0.1,0.0,0.0,0.0,0.1,0.1,0.0,0.0,0.3,0.0,0.0,0.1,0.1,0.111,0.2,0.111,0.311,0.1316,0.03707,0.00472,0.02581,0.07795,0.0113,0.00857,0.25603,0.01724,0.00486,0.1126208892977148,0.1078987151675124
572008,Chris Owings,PIT,35,R,SS,floor,Depth (no MLB PA),default,MLB,6,1.0,0.2,0.9,0.1,0.1,0.0,0.0,0.0,0.1,0.1,0.0,0.0,0.3,0.0,0.0,0.1,0.1,0.111,0.2,0.111,0.311,0.12941,0.03804,0.00293,0.02581,0.08788,0.01059,0.00312,0.27931,0.01627,0.00457,0.1013826604970215,0.0870309380542678
805834,Javier Vaz,KC,25,L,,floor,Depth (no MLB PA),default,MiLB (MLE),0,1.0,0.2,0.9,0.1,0.1,0.0,0.0,0.0,0.1,0.1,0.0,0.0,0.2,0.0,0.0,0.1,0.1,0.111,0.2,0.111,0.311,0.14011,0.03823,0.00318,0.02662,0.08334,0.01097,0.00729,0.22765,0.0,0.0,0.1116725028615235,0.1065255306401104
821197,Juan Martinez,COL,25,S,,floor,Depth (no MLB PA),feed:order+depth,MiLB (MLE),0,1.0,0.2,0.9,0.1,0.1,0.0,0.0,0.0,0.1,0.1,0.0,0.0,0.2,0.0,0.0,0.1,0.1,0.111,0.2,0.111,0.311,0.13877,0.03985,0.00462,0.02661,0.08296,0.011,0.00741,0.22787,0.0,0.0,0.1055610191013167,0.1006957244311304
682868,Bryan Ramos,CWS,25,R,3B,floor,Depth (no MLB PA),default,MLB,3,1.0,0.2,0.9,0.1,0.1,0.0,0.0,0.0,0.1,0.1,0.0,0.0,0.2,0.0,0.0,0.1,0.1,0.111,0.2,0.111,0.311,0.13877,0.03807,0.00426,0.02581,0.07122,0.00433,0.00758,0.2258,0.01784,0.00517,0.1215360874607533,0.1120538659836173
805804,George Wolkow,CWS,21,L,,floor,Depth (no MLB PA),feed:depth,MiLB (MLE),5,1.0,0.2,0.9,0.1,0.1,0.0,0.0,0.0,0.1,0.1,0.0,0.0,0.3,0.0,0.0,0.1,0.1,0.111,0.2,0.111,0.311,0.12504,0.03895,0.00465,0.02661,0.08125,0.01127,0.00849,0.26646,0.01722,0.00487,0.1097434769942643,0.1051419522571364
571976,Wil Myers,CIN,36,R,RF,floor,Depth (no MLB PA),default,MLB,5,1.0,0.2,0.9,0.1,0.1,0.0,0.0,0.0,0.1,0.1,0.0,0.0,0.3,0.0,0.0,0.1,0.1,0.111,0.2,0.111,0.311,0.12948,0.03806,0.00293,0.02583,0.07802,0.00361,0.00875,0.29016,0.01347,0.00383,0.0968792610614733,0.1078959214960136
608703,Matt Reynolds,CIN,36,R,3B,floor,Depth (no MLB PA),default,MLB,5,1.0,0.2,0.9,0.1,0.1,0.0,0.0,0.0,0.1,0.1,0.0,0.0,0.3,0.0,0.0,0.1,0.1,0.111,0.2,0.111,0.311,0.13295,0.03908,0.00301,0.02652,0.08739,0.00513,0.00424,0.26719,0.01535,0.00427,0.111080650407658,0.097196771798888
815830,Dean Moss,TB,25,L,,floor,Depth (no MLB PA),default,MiLB (MLE),5,1.0,0.2,0.9,0.1,0.1,0.0,0.0,0.0,0.1,0.1,0.0,0.0,0.2,0.0,0.0,0.1,0.1,0.111,0.2,0.111,0.311,0.14021,0.0402,0.00293,0.02584,0.08261,0.01107,0.00768,0.22872,0.01799,0.00507,0.1110392798589936,0.1063834223350814
804710,Brennan Orf,TOR,25,L,,floor,Depth (no MLB PA),default,MiLB (MLE),5,1.0,0.2,0.9,0.1,0.1,0.0,0.0,0.0,0.1,0.1,0.0,0.0,0.2,0.0,0.0,0.1,0.1,0.111,0.2,0.111,0.311,0.13257,0.04002,0.00509,0.02584,0.08469,0.01102,0.0075,0.23265,0.01709,0.00482,0.1119841749477096,0.1072886981384986
650619,Meibrys Viloria,TEX,30,L,C,floor,Depth (no MLB PA),default,MLB,5,1.0,0.2,0.9,0.1,0.1,0.0,0.0,0.0,0.1,0.1,0.0,0.0,0.3,0.0,0.0,0.1,0.1,0.111,0.2,0.111,0.311,0.12956,0.03809,0.00293,0.02584,0.1,0.00544,0.00953,0.26518,0.01556,0.00439,0.1109816969653797,0.098412847214031
678854,Viandel Pena,DET,25,S,,floor,Depth (no MLB PA),default,MiLB (MLE),5,1.0,0.2,0.9,0.1,0.1,0.0,0.0,0.0,0.1,0.1,0.0,0.0,0.2,0.0,0.0,0.1,0.1,0.111,0.2,0.111,0.311,0.13231,0.04174,0.00284,0.02585,0.08296,0.01109,0.00777,0.23382,0.01711,0.00482,0.1154184738764934,0.1105789975157071
808277,Miguel Rodríguez,BAL,25,R,,floor,Depth (no MLB PA),default,MiLB (MLE),5,1.0,0.2,0.9,0.1,0.1,0.0,0.0,0.0,0.1,0.1,0.0,0.0,0.2,0.0,0.0,0.1,0.1,0.111,0.2,0.111,0.311,0.14134,0.03989,0.00303,0.02585,0.08393,0.01104,0.00755,0.22662,0.01764,0.00497,0.1145364810565329,0.109733986499952
833426,Hayden Jatczak,SF,25,R,,floor,Depth (no MLB PA),default,MiLB (MLE),5,1.0,0.2,0.9,0.1,0.1,0.0,0.0,0.0,0.1,0.1,0.0,0.0,0.2,0.0,0.0,0.1,0.1,0.111,0.2,0.111,0.311,0.14118,0.03947,0.00299,0.02661,0.08342,0.01104,0.00758,0.22936,0.01757,0.00495,0.1084288853768579,0.1038824812356177
803849,Devin Fitz-Gerald,WSH,22,S,,floor,Depth (no MLB PA),feed:order+depth,MiLB (MLE),5,1.0,0.2,0.9,0.1,0.1,0.0,0.0,0.0,0.1,0.1,0.0,0.0,0.2,0.0,0.0,0.1,0.1,0.111,0.2,0.111,0.311,0.13904,0.03668,0.00228,0.02586,0.07976,0.01125,0.00839,0.24425,0.017,0.00481,0.1126552134847328,0.1079316001473905
694186,Shalin Polanco,PIT,25,L,,floor,Depth (no MLB PA),default,MiLB (MLE),0,1.0,0.2,0.9,0.1,0.1,0.0,0.0,0.0,0.1,0.1,0.0,0.0,0.2,0.0,0.0,0.1,0.1,0.111,0.2,0.111,0.311,0.1366,0.03854,0.0044,0.02586,0.0827,0.011,0.0074,0.23292,0.0,0.0,0.1095421137696742,0.1044933309251943
689070,Spencer Packard,SEA,25,L,,floor,Depth (no MLB PA),default,MiLB (MLE),5,1.0,0.2,0.9,0.1,0.1,0.0,0.0,0.0,0.1,0.1,0.0,0.0,0.2,0.0,0.0,0.1,0.1,0.111,0.2,0.111,0.311,0.14774,0.03495,0.00224,0.02587,0.09119,0.01128,0.00849,0.21949,0.01655,0.00466,0.1138920715242519,0.1091165969463052
641786,Kyle Lewis,ARI,31,R,LF,floor,Depth (no MLB PA),default,MLB,6,1.0,0.2,0.9,0.1,0.1,0.0,0.0,0.0,0.1,0.1,0.0,0.0,0.3,0.0,0.0,0.1,0.1,0.111,0.2,0.111,0.311,0.13336,0.0392,0.00302,0.0266,0.07674,0.00934,0.00275,0.27314,0.01426,0.00402,0.1083934427030589,0.1026918405149584
828667,Ching-Hsien Ko,LAD,21,L,,floor,Depth (no MLB PA),feed:depth,MiLB (MLE),5,1.0,0.2,0.9,0.1,0.1,0.0,0.0,0.0,0.1,0.1,0.0,0.0,0.2,0.0,0.0,0.1,0.1,0.111,0.2,0.111,0.311,0.13216,0.03682,0.00421,0.0266,0.08685,0.01117,0.00809,0.23921,0.01629,0.00459,0.1271758659241691,0.1218434041775241
840570,Henry Kusiak,MIN,25,R,,floor,Depth (no MLB PA),default,MiLB (MLE),0,1.0,0.2,0.9,0.1,0.1,0.0,0.0,0.0,0.1,0.1,0.0,0.0,0.2,0.0,0.0,0.1,0.1,0.111,0.2,0.111,0.311,0.13638,0.04845,0.0031,0.02588,0.08278,0.011,0.00742,0.22964,0.0,0.0,0.113135896968568,0.1079214770888242
829210,Ty Harvey,SD,25,R,,floor,Depth (no MLB PA),feed:order+depth,MiLB (MLE),0,1.0,0.2,0.9,0.1,0.1,0.0,0.0,0.0,0.1,0.1,0.0,0.0,0.2,0.0,0.0,0.1,0.1,0.111,0.2,0.111,0.311,0.13599,0.04026,0.00346,0.02658,0.08294,0.01101,0.00744,0.23146,0.0,0.0,0.1138336372651961,0.1085870586191268
800254,Abrahan Ramirez,MIA,25,L,,floor,Depth (no MLB PA),default,MiLB (MLE),5,1.0,0.2,0.9,0.1,0.1,0.0,0.0,0.0,0.1,0.1,0.0,0.0,0.2,0.0,0.0,0.1,0.1,0.111,0.2,0.111,0.311,0.13814,0.04046,0.00297,0.02583,0.08296,0.01106,0.00763,0.22891,0.01811,0.00511,0.1083028077561248,0.1037616900274031
701546,Duce Gourson,PIT,25,L,,floor,Depth (no MLB PA),default,MiLB (MLE),5,1.0,0.2,0.9,0.1,0.1,0.0,0.0,0.0,0.1,0.1,0.0,0.0,0.2,0.0,0.0,0.1,0.1,0.111,0.2,0.111,0.311,0.13987,0.04051,0.00521,0.02667,0.08835,0.01128,0.00851,0.24216,0.02039,0.00578,0.1104724077295015,0.1058403190545277
806869,Pedro Catuy,ARI,25,R,,floor,Depth (no MLB PA),default,MiLB (MLE),5,1.0,0.2,0.9,0.1,0.1,0.0,0.0,0.0,0.1,0.1,0.0,0.0,0.2,0.0,0.0,0.1,0.1,0.111,0.2,0.111,0.311,0.13696,0.0399,0.00329,0.02667,0.08198,0.01106,0.00766,0.23445,0.0179,0.00504,0.1197021453855344,0.1146830554298953
816120,Griffin Burkholder,PHI,25,R,,floor,Depth (no MLB PA),default,MiLB (MLE),0,1.0,0.2,0.9,0.1,0.1,0.0,0.0,0.0,0.1,0.1,0.0,0.0,0.2,0.0,0.0,0.1,0.1,0.111,0.2,0.111,0.311,0.13785,0.03692,0.00307,0.0257,0.08297,0.01101,0.00744,0.23149,0.0,0.0,0.1161846072924148,0.1108296727206394
677356,Carter Young,BAL,25,L,,floor,Depth (no MLB PA),default,MiLB (MLE),0,1.0,0.2,0.9,0.1,0.1,0.0,0.0,0.0,0.1,0.1,0.0,0.0,0.2,0.0,0.0,0.1,0.1,0.111,0.2,0.111,0.311,0.12607,0.03925,0.00307,0.0257,0.0846,0.011,0.00742,0.23261,0.0,0.0,0.11357196332132,0.1083374451958416
800387,Fernando Peguero,BAL,25,S,,floor,Depth (no MLB PA),default,MiLB (MLE),5,1.0,0.2,0.9,0.1,0.1,0.0,0.0,0.0,0.1,0.1,0.0,0.0,0.2,0.0,0.0,0.1,0.1,0.111,0.2,0.111,0.311,0.14025,0.03784,0.00451,0.02572,0.08242,0.01115,0.008,0.23744,0.01808,0.00508,0.1145364810565329,0.109733986499952
446334,Evan Longoria,ARI,41,R,3B,floor,Depth (no MLB PA),default,MLB,5,1.0,0.2,0.9,0.1,0.1,0.0,0.0,0.0,0.1,0.1,0.0,0.0,0.3,0.0,0.0,0.1,0.1,0.111,0.2,0.111,0.311,0.12906,0.03794,0.00292,0.02574,0.08894,0.00455,0.01039,0.2787,0.00807,0.00228,0.1112389937030133,0.123051705418691
679734,Julio Carreras,CIN,25,R,,floor,Depth (no MLB PA),default,MiLB (MLE),5,1.0,0.2,0.9,0.1,0.1,0.0,0.0,0.0,0.1,0.1,0.0,0.0,0.2,0.0,0.0,0.1,0.1,0.111,0.2,0.111,0.311,0.12941,0.03877,0.00271,0.02574,0.08314,0.01113,0.00791,0.23908,0.01728,0.00487,0.1096855274705329,0.1050864325467684
801075,Walker Janek,HOU,25,R,,floor,Depth (no MLB PA),default,MiLB (MLE),5,1.0,0.2,0.9,0.1,0.1,0.0,0.0,0.0,0.1,0.1,0.0,0.0,0.3,0.0,0.0,0.1,0.1,0.111,0.2,0.111,0.311,0.13772,0.03558,0.00335,0.02574,0.07882,0.01123,0.00831,0.2559,0.02074,0.0058,0.1191467258589332,0.1141509245466025
572228,Luke Voit,MIL,36,R,1B,floor,Depth (no MLB PA),default,MLB,5,1.0,0.2,0.9,0.1,0.1,0.0,0.0,0.0,0.1,0.1,0.0,0.0,0.3,0.0,0.0,0.1,0.1,0.111,0.2,0.111,0.311,0.12804,0.03065,0.00173,0.02575,0.08726,0.01324,0.00885,0.30235,0.01045,0.00295,0.1101151144455925,0.1214949795714405
815793,Carter Johnson,MIA,25,L,,floor,Depth (no MLB PA),default,MiLB (MLE),5,1.0,0.2,0.9,0.1,0.1,0.0,0.0,0.0,0.1,0.1,0.0,0.0,0.2,0.0,0.0,0.1,0.1,0.111,0.2,0.111,0.311,0.13586,0.04067,0.00345,0.02666,0.08172,0.0111,0.0078,0.2333,0.0176,0.00497,0.1083028077561248,0.1037616900274031
665856,Jair Camargo,ATL,27,R,C,floor,Depth (no MLB PA),default,MLB,0,1.0,0.2,0.9,0.1,0.1,0.0,0.0,0.0,0.1,0.1,0.0,0.0,0.2,0.0,0.0,0.1,0.1,0.111,0.2,0.111,0.311,0.13458,0.04637,0.00314,0.02575,0.08364,0.00973,0.00606,0.24073,0.0,0.0,0.1163109310194975,0.1109501742023392
700731,Keiner Delgado,PIT,25,S,,floor,Depth (no MLB PA),default,MiLB (MLE),5,1.0,0.2,0.9,0.1,0.1,0.0,0.0,0.0,0.1,0.1,0.0,0.0,0.2,0.0,0.0,0.1,0.1,0.111,0.2,0.111,0.311,0.13911,0.0385,0.00286,0.02576,0.08441,0.0111,0.00777,0.22828,0.01794,0.00505,0.1104724077295015,0.1058403190545277
803067,Brady Marget,TB,25,L,,floor,Depth (no MLB PA),default,MiLB (MLE),5,1.0,0.2,0.9,0.1,0.1,0.0,0.0,0.0,0.1,0.1,0.0,0.0,0.2,0.0,0.0,0.1,0.1,0.111,0.2,0.111,0.311,0.14274,0.04227,0.00305,0.02663,0.08348,0.01102,0.0075,0.22855,0.01762,0.00497,0.1110392798589936,0.1063834223350814
518626,Josh Donaldson,MIL,41,R,3B,floor,Depth (no MLB PA),default,MLB,6,1.0,0.2,0.9,0.1,0.1,0.0,0.0,0.0,0.1,0.1,0.0,0.0,0.3,0.0,0.0,0.1,0.1,0.111,0.2,0.111,0.311,0.12915,0.03797,0.00292,0.02576,0.09721,0.01056,0.01024,0.26412,0.01027,0.00294,0.1024393645505811,0.1106089964763707
815923,Bralyn Brazoban,PIT,25,L,,floor,Depth (no MLB PA),default,MiLB (MLE),5,1.0,0.2,0.9,0.1,0.1,0.0,0.0,0.0,0.1,0.1,0.0,0.0,0.2,0.0,0.0,0.1,0.1,0.111,0.2,0.111,0.311,0.13458,0.03993,0.00298,0.02578,0.08306,0.01104,0.00756,0.23588,0.01727,0.00487,0.1104724077295015,0.1058403190545277
802353,Christian Martin,STL,25,L,,floor,Depth (no MLB PA),default,MiLB (MLE),0,1.0,0.2,0.9,0.1,0.1,0.0,0.0,0.0,0.1,0.1,0.0,0.0,0.2,0.0,0.0,0.1,0.1,0.111,0.2,0.111,0.311,0.1391,0.04072,0.00308,0.02578,0.083,0.011,0.00743,0.23132,0.0,0.0,0.1080839852839566,0.103102407405954
836052,Conner O'Neal,LAD,25,L,,floor,Depth (no MLB PA),default,MiLB (MLE),5,1.0,0.2,0.9,0.1,0.1,0.0,0.0,0.0,0.1,0.1,0.0,0.0,0.2,0.0,0.0,0.1,0.1,0.111,0.2,0.111,0.311,0.13284,0.04032,0.00289,0.02665,0.08425,0.01107,0.00768,0.23711,0.01688,0.00476,0.1271758659241691,0.1218434041775241
703198,Kenni Gomez,HOU,25,L,,floor,Depth (no MLB PA),default,MiLB (MLE),0,1.0,0.2,0.9,0.1,0.1,0.0,0.0,0.0,0.1,0.1,0.0,0.0,0.2,0.0,0.0,0.1,0.1,0.111,0.2,0.111,0.311,0.13741,0.04247,0.00435,0.02579,0.08149,0.01101,0.00744,0.23155,0.0,0.0,0.1181433850095948,0.1126981706084979
808129,Juan Flores,LAA,25,R,,floor,Depth (no MLB PA),default,MiLB (MLE),5,1.0,0.2,0.9,0.1,0.1,0.0,0.0,0.0,0.1,0.1,0.0,0.0,0.2,0.0,0.0,0.1,0.1,0.111,0.2,0.111,0.311,0.13013,0.03828,0.00253,0.02579,0.07692,0.01119,0.00814,0.24491,0.01561,0.0044,0.106480524616612,0.1020158149002312
689688,Ethan Workinger,ATL,25,R,,floor,Depth (no MLB PA),default,MiLB (MLE),5,1.0,0.2,0.9,0.1,0.1,0.0,0.0,0.0,0.1,0.1,0.0,0.0,0.2,0.0,0.0,0.1,0.1,0.111,0.2,0.111,0.311,0.13417,0.0362,0.00271,0.02665,0.08445,0.01114,0.00794,0.23323,0.01727,0.00486,0.1172987096268818,0.1123803953109476
815632,Tytus Cissell,ARI,25,S,,floor,Depth (no MLB PA),default,MiLB (MLE),5,1.0,0.2,0.9,0.1,0.1,0.0,0.0,0.0,0.1,0.1,0.0,0.0,0.2,0.0,0.0,0.1,0.1,0.111,0.2,0.111,0.311,0.13965,0.03909,0.00305,0.02579,0.0823,0.01102,0.00748,0.2316,0.01814,0.00511,0.1197021453855344,0.1146830554298953
702889,Andy Lugo,MIN,25,R,,floor,Depth (no MLB PA),default,MiLB (MLE),5,1.0,0.2,0.9,0.1,0.1,0.0,0.0,0.0,0.1,0.1,0.0,0.0,0.2,0.0,0.0,0.1,0.1,0.111,0.2,0.111,0.311,0.1281,0.0368,0.00342,0.0258,0.08411,0.01111,0.00783,0.23733,0.01697,0.00479,0.1140967113801906,0.1093126562889861
686683,Tevin Tucker,COL,25,R,,floor,Depth (no MLB PA),default,MiLB (MLE),0,1.0,0.2,0.9,0.1,0.1,0.0,0.0,0.0,0.1,0.1,0.0,0.0,0.2,0.0,0.0,0.1,0.1,0.111,0.2,0.111,0.311,0.13567,0.04065,0.00319,0.02664,0.08279,0.01096,0.00726,0.23106,0.0,0.0,0.1055610191013167,0.1006957244311304
703178,Braylin Tavera,BAL,25,R,,floor,Depth (no MLB PA),default,MiLB (MLE),5,1.0,0.2,0.9,0.1,0.1,0.0,0.0,0.0,0.1,0.1,0.0,0.0,0.3,0.0,0.0,0.1,0.1,0.111,0.2,0.111,0.311,0.1314,0.03823,0.00233,0.0258,0.08536,0.01122,0.00828,0.2557,0.02059,0.00581,0.1145364810565329,0.109733986499952
808564,Scott Mudler,PHI,25,L,,floor,Depth (no MLB PA),default,MiLB (MLE),0,1.0,0.2,0.9,0.1,0.1,0.0,0.0,0.0,0.1,0.1,0.0,0.0,0.2,0.0,0.0,0.1,0.1,0.111,0.2,0.111,0.311,0.13662,0.0405,0.00318,0.02663,0.08296,0.01097,0.00728,0.22914,0.0,0.0,0.1161846072924148,0.1108296727206394
701696,Ryan Stafford,BAL,25,R,,floor,Depth (no MLB PA),default,MiLB (MLE),5,1.0,0.2,0.9,0.1,0.1,0.0,0.0,0.0,0.1,0.1,0.0,0.0,0.2,0.0,0.0,0.1,0.1,0.111,0.2,0.111,0.311,0.13337,0.03905,0.00296,0.0258,0.08328,0.01106,0.00763,0.23025,0.01774,0.00501,0.1145364810565329,0.109733986499952
815909,Luis Cova,MIA,25,R,,floor,Depth (no MLB PA),default,MiLB (MLE),5,1.0,0.2,0.9,0.1,0.1,0.0,0.0,0.0,0.1,0.1,0.0,0.0,0.2,0.0,0.0,0.1,0.1,0.111,0.2,0.111,0.311,0.13133,0.03982,0.00335,0.02576,0.084,0.01104,0.00758,0.2311,0.01756,0.00495,0.1083028077561248,0.1037616900274031
681134,Caleb Roberts,MIN,25,L,,floor,Depth (no MLB PA),default,MiLB (MLE),5,1.0,0.2,0.9,0.1,0.1,0.0,0.0,0.0,0.1,0.1,0.0,0.0,0.2,0.0,0.0,0.1,0.1,0.111,0.2,0.111,0.311,0.12941,0.03749,0.00281,0.02658,0.08878,0.01111,0.00782,0.22937,0.01779,0.00502,0.1140967113801906,0.1093126562889861
800253,Jeffrey Mercedes,CLE,25,S,,floor,Depth (no MLB PA),default,MiLB (MLE),5,1.0,0.2,0.9,0.1,0.1,0.0,0.0,0.0,0.1,0.1,0.0,0.0,0.2,0.0,0.0,0.1,0.1,0.111,0.2,0.111,0.311,0.13474,0.04222,0.00253,0.02604,0.07993,0.0112,0.00818,0.23289,0.01614,0.00455,0.1100028836523031,0.1053904820395136
699321,Diego Guzman,KC,25,R,,floor,Depth (no MLB PA),default,MiLB (MLE),0,1.0,0.2,0.9,0.1,0.1,0.0,0.0,0.0,0.1,0.1,0.0,0.0,0.2,0.0,0.0,0.1,0.1,0.111,0.2,0.111,0.311,0.13383,0.03967,0.00382,0.02604,0.08278,0.01099,0.00737,0.23217,0.0,0.0,0.1116725028615235,0.1065255306401104
800354,Esteban Mejia,TEX,25,R,,floor,Depth (no MLB PA),default,MiLB (MLE),5,1.0,0.2,0.9,0.1,0.1,0.0,0.0,0.0,0.1,0.1,0.0,0.0,0.2,0.0,0.0,0.1,0.1,0.111,0.2,0.111,0.311,0.14323,0.04009,0.00299,0.02604,0.08204,0.01105,0.00759,0.22975,0.01795,0.00506,0.1092943456639019,0.1047116529246611
800957,Brendan Jones,MIA,25,L,,floor,Depth (no MLB PA),default,MiLB (MLE),5,1.0,0.2,0.9,0.1,0.1,0.0,0.0,0.0,0.1,0.1,0.0,0.0,0.2,0.0,0.0,0.1,0.1,0.111,0.2,0.111,0.311,0.13363,0.04035,0.00269,0.02605,0.08522,0.01114,0.00796,0.23565,0.01994,0.00559,0.1083028077561248,0.1037616900274031
808381,Enyervert Perez,ARI,25,R,,floor,Depth (no MLB PA),default,MiLB (MLE),5,1.0,0.2,0.9,0.1,0.1,0.0,0.0,0.0,0.1,0.1,0.0,0.0,0.2,0.0,0.0,0.1,0.1,0.111,0.2,0.111,0.311,0.13215,0.03935,0.00277,0.02605,0.08312,0.01111,0.00785,0.23876,0.01658,0.00468,0.1197021453855344,0.1146830554298953
699061,Rayne Doncon,MIN,25,R,,floor,Depth (no MLB PA),default,MiLB (MLE),5,1.0,0.2,0.9,0.1,0.1,0.0,0.0,0.0,0.1,0.1,0.0,0.0,0.2,0.0,0.0,0.1,0.1,0.111,0.2,0.111,0.311,0.12487,0.03926,0.00288,0.02657,0.08273,0.01109,0.00775,0.22943,0.01624,0.00458,0.1140967113801906,0.1093126562889861
702720,RJ Austin,BAL,25,R,,floor,Depth (no MLB PA),default,MiLB (MLE),5,1.0,0.2,0.9,0.1,0.1,0.0,0.0,0.0,0.1,0.1,0.0,0.0,0.2,0.0,0.0,0.1,0.1,0.111,0.2,0.111,0.311,0.13893,0.03773,0.00508,0.02606,0.08296,0.01114,0.00796,0.22963,0.01979,0.00557,0.1145364810565329,0.109733986499952
701727,Bryce Martin-Grudzielanek,NYY,25,R,,floor,Depth (no MLB PA),default,MiLB (MLE),0,1.0,0.2,0.9,0.1,0.1,0.0,0.0,0.0,0.1,0.1,0.0,0.0,0.2,0.0,0.0,0.1,0.1,0.111,0.2,0.111,0.311,0.13674,0.03956,0.00379,0.02656,0.08236,0.011,0.0074,0.2296,0.0,0.0,0.1236787918946801,0.1179784512562222
808166,Junior Aybar,BAL,25,L,,floor,Depth (no MLB PA),default,MiLB (MLE),5,1.0,0.2,0.9,0.1,0.1,0.0,0.0,0.0,0.1,0.1,0.0,0.0,0.2,0.0,0.0,0.1,0.1,0.111,0.2,0.111,0.311,0.13738,0.04118,0.0042,0.02606,0.08233,0.01102,0.00747,0.23358,0.01779,0.00502,0.1145364810565329,0.109733986499952
800426,Raylin Ramos,BAL,25,R,,floor,Depth (no MLB PA),default,MiLB (MLE),5,1.0,0.2,0.9,0.1,0.1,0.0,0.0,0.0,0.1,0.1,0.0,0.0,0.2,0.0,0.0,0.1,0.1,0.111,0.2,0.111,0.311,0.13476,0.04096,0.0049,0.02655,0.08214,0.01103,0.00751,0.23035,0.01724,0.00486,0.1145364810565329,0.109733986499952
703151,William Bergolla Jr.,CWS,25,L,,floor,Depth (no MLB PA),feed:depth,MiLB (MLE),0,1.0,0.2,0.9,0.2,0.2,0.0,0.0,0.0,0.2,0.1,0.0,0.0,0.2,0.0,0.0,0.1,0.1,0.222,0.3,0.222,0.522,0.15334,0.04628,0.00312,0.02606,0.08318,0.011,0.00741,0.22631,0.0,0.0,0.1088193213985232,0.1038038519674695
802219,Woody Hadeen,DET,25,S,,floor,Depth (no MLB PA),default,MiLB (MLE),5,1.0,0.2,0.9,0.1,0.1,0.0,0.0,0.0,0.1,0.1,0.0,0.0,0.2,0.0,0.0,0.1,0.1,0.111,0.2,0.111,0.311,0.14044,0.04169,0.00517,0.02588,0.08356,0.0111,0.00779,0.22926,0.01874,0.00527,0.1154184738764934,0.1105789975157071
691252,Jhon Diaz,TB,25,L,,floor,Depth (no MLB PA),default,MiLB (MLE),5,1.0,0.2,0.9,0.1,0.1,0.0,0.0,0.0,0.1,0.1,0.0,0.0,0.2,0.0,0.0,0.1,0.1,0.111,0.2,0.111,0.311,0.12347,0.03778,0.0049,0.02607,0.08252,0.01115,0.008,0.24084,0.01649,0.00466,0.1110392798589936,0.1063834223350814
694385,Brock Wilken,MIL,25,R,,floor,Depth (no MLB PA),default,MiLB (MLE),5,1.0,0.2,0.9,0.1,0.1,0.0,0.0,0.0,0.1,0.1,0.0,0.0,0.3,0.0,0.0,0.1,0.1,0.111,0.2,0.111,0.311,0.09706,0.03884,0.00319,0.02608,0.10496,0.01144,0.00912,0.27825,0.01308,0.00365,0.1172969823098257,0.1123787404199927
829035,Andrew Salas,MIA,25,S,,floor,Depth (no MLB PA),default,MiLB (MLE),0,1.0,0.2,0.9,0.1,0.1,0.0,0.0,0.0,0.1,0.1,0.0,0.0,0.2,0.0,0.0,0.1,0.1,0.111,0.2,0.111,0.311,0.1343,0.03939,0.00349,0.02655,0.08277,0.011,0.0074,0.23054,0.0,0.0,0.1073907841118627,0.1024411557924819
806161,Yahil Melendez,CHC,25,L,,floor,Depth (no MLB PA),default,MiLB (MLE),0,1.0,0.2,0.9,0.1,0.1,0.0,0.0,0.0,0.1,0.1,0.0,0.0,0.2,0.0,0.0,0.1,0.1,0.111,0.2,0.111,0.311,0.13213,0.04041,0.00305,0.02608,0.08317,0.01101,0.00746,0.23386,0.0,0.0,0.1212968604734738,0.1157063027676458
700369,Adrian De Leon,ARI,25,R,,floor,Depth (no MLB PA),default,MiLB (MLE),5,1.0,0.2,0.9,0.1,0.1,0.0,0.0,0.0,0.1,0.1,0.0,0.0,0.2,0.0,0.0,0.1,0.1,0.111,0.2,0.111,0.311,0.13352,0.03859,0.00298,0.02608,0.08273,0.01104,0.00755,0.2362,0.01704,0.0048,0.1197021453855344,0.1146830554298953
694202,Manuel Beltre,TOR,25,R,,floor,Depth (no MLB PA),default,MiLB (MLE),5,1.0,0.2,0.9,0.1,0.1,0.0,0.0,0.0,0.1,0.1,0.0,0.0,0.2,0.0,0.0,0.1,0.1,0.111,0.2,0.111,0.311,0.13666,0.04179,0.00282,0.02653,0.08157,0.01111,0.00783,0.2321,0.01739,0.00491,0.1119841749477096,0.1072886981384986
682983,Jud Fabian,BAL,25,R,,floor,Depth (no MLB PA),default,MiLB (MLE),5,1.0,0.2,0.9,0.1,0.1,0.0,0.0,0.0,0.1,0.1,0.0,0.0,0.3,0.0,0.0,0.1,0.1,0.111,0.2,0.111,0.311,0.11091,0.02937,0.00136,0.02608,0.10499,0.01141,0.00902,0.28407,0.01561,0.00443,0.1145364810565329,0.109733986499952
805126,Charlie Szykowny,SF,25,L,,floor,Depth (no MLB PA),default,MiLB (MLE),5,1.0,0.2,0.9,0.1,0.1,0.0,0.0,0.0,0.1,0.1,0.0,0.0,0.2,0.0,0.0,0.1,0.1,0.111,0.2,0.111,0.311,0.14027,0.04297,0.0048,0.02608,0.07978,0.01109,0.00775,0.22569,0.01693,0.00477,0.1084288853768579,0.1038824812356177
808113,Anyelo Marquez,LAA,25,L,,floor,Depth (no MLB PA),default,MiLB (MLE),5,1.0,0.2,0.9,0.1,0.1,0.0,0.0,0.0,0.1,0.1,0.0,0.0,0.2,0.0,0.0,0.1,0.1,0.111,0.2,0.111,0.311,0.13367,0.03896,0.003,0.02608,0.0821,0.01114,0.00797,0.24097,0.01726,0.00488,0.106480524616612,0.1020158149002312
815839,Quentin Young,MIN,25,R,,floor,Depth (no MLB PA),default,MiLB (MLE),5,1.0,0.2,0.9,0.1,0.1,0.0,0.0,0.0,0.1,0.1,0.0,0.0,0.2,0.0,0.0,0.1,0.1,0.111,0.2,0.111,0.311,0.12954,0.03636,0.00442,0.02609,0.08239,0.01114,0.00795,0.24998,0.01699,0.0048,0.1140967113801906,0.1093126562889861
823918,Kyle West,NYY,25,L,,floor,Depth (no MLB PA),default,MiLB (MLE),5,1.0,0.2,0.9,0.1,0.1,0.0,0.0,0.0,0.1,0.1,0.0,0.0,0.3,0.0,0.0,0.1,0.1,0.111,0.2,0.111,0.311,0.12959,0.03502,0.00316,0.02609,0.08054,0.01127,0.00848,0.25897,0.01747,0.00491,0.1247291425689449,0.1194992715033348
823809,Nick Monistere,HOU,25,R,,floor,Depth (no MLB PA),default,MiLB (MLE),0,1.0,0.2,0.9,0.1,0.1,0.0,0.0,0.0,0.1,0.1,0.0,0.0,0.2,0.0,0.0,0.1,0.1,0.111,0.2,0.111,0.311,0.13092,0.03881,0.00311,0.02653,0.08264,0.01099,0.00738,0.23296,0.0,0.0,0.1181433850095948,0.1126981706084979
695732,Dylan King,CIN,25,L,,floor,Depth (no MLB PA),default,MiLB (MLE),0,1.0,0.2,0.9,0.1,0.1,0.0,0.0,0.0,0.1,0.1,0.0,0.0,0.2,0.0,0.0,0.1,0.1,0.111,0.2,0.111,0.311,0.13387,0.04024,0.0031,0.02653,0.08319,0.01099,0.00738,0.233,0.0,0.0,0.108761859870781,0.1037490388346277
686744,Jake Snider,TEX,25,L,,floor,Depth (no MLB PA),default,MiLB (MLE),0,1.0,0.2,0.9,0.1,0.1,0.0,0.0,0.0,0.1,0.1,0.0,0.0,0.2,0.0,0.0,0.1,0.1,0.111,0.2,0.111,0.311,0.14066,0.03744,0.00312,0.02606,0.08278,0.01099,0.00737,0.23196,0.0,0.0,0.1083739722267322,0.1033790288854258
694351,Jacob Berry,KC,25,S,,floor,Depth (no MLB PA),default,MiLB (MLE),5,1.0,0.2,0.9,0.1,0.1,0.0,0.0,0.0,0.1,0.1,0.0,0.0,0.2,0.0,0.0,0.1,0.1,0.111,0.2,0.111,0.311,0.13108,0.04492,0.00162,0.02588,0.09279,0.01141,0.00898,0.21747,0.02349,0.00668,0.1126208892977148,0.1078987151675124
826142,JoJo Jackson,NYY,25,S,,floor,Depth (no MLB PA),default,MiLB (MLE),5,1.0,0.2,0.9,0.1,0.1,0.0,0.0,0.0,0.1,0.1,0.0,0.0,0.2,0.0,0.0,0.1,0.1,0.111,0.2,0.111,0.311,0.13865,0.04165,0.00378,0.02589,0.08358,0.01103,0.00752,0.23029,0.01783,0.00503,0.1247291425689449,0.1194992715033348
815010,Junior Garcia,ATL,25,L,,floor,Depth (no MLB PA),default,MiLB (MLE),5,1.0,0.2,0.9,0.1,0.1,0.0,0.0,0.0,0.1,0.1,0.0,0.0,0.2,0.0,0.0,0.1,0.1,0.111,0.2,0.111,0.311,0.13278,0.03886,0.00334,0.02589,0.08366,0.01104,0.00758,0.2368,0.01706,0.00481,0.1172987096268818,0.1123803953109476
800195,Jorgelys Mota,WSH,25,R,,floor,Depth (no MLB PA),default,MiLB (MLE),0,1.0,0.2,0.9,0.1,0.1,0.0,0.0,0.0,0.1,0.1,0.0,0.0,0.2,0.0,0.0,0.1,0.1,0.111,0.2,0.111,0.311,0.13909,0.0397,0.00318,0.02658,0.08305,0.01097,0.00728,0.23026,0.0,0.0,0.1117065380027561,0.1065579971057784
834681,Matthew Miura,STL,25,R,,floor,Depth (no MLB PA),default,MiLB (MLE),5,1.0,0.2,0.9,0.1,0.1,0.0,0.0,0.0,0.1,0.1,0.0,0.0,0.2,0.0,0.0,0.1,0.1,0.111,0.2,0.111,0.311,0.14158,0.03957,0.00336,0.0259,0.08393,0.01105,0.00758,0.22683,0.01833,0.00517,0.1090018959870051,0.1044314656114096
702607,Dakota Jordan,SF,25,R,,floor,Depth (no MLB PA),feed:order+depth,MiLB (MLE),5,1.0,0.2,0.9,0.1,0.1,0.0,0.0,0.0,0.1,0.1,0.0,0.0,0.2,0.0,0.0,0.1,0.1,0.111,0.2,0.111,0.311,0.13816,0.04358,0.00297,0.02591,0.08283,0.01105,0.0076,0.23242,0.01785,0.00502,0.1084288853768579,0.1038824812356177
836061,George Bilecki,SD,25,L,,floor,Depth (no MLB PA),default,MiLB (MLE),5,1.0,0.2,0.9,0.1,0.1,0.0,0.0,0.0,0.1,0.1,0.0,0.0,0.2,0.0,0.0,0.1,0.1,0.111,0.2,0.111,0.311,0.13083,0.04082,0.00401,0.02591,0.08427,0.01107,0.00768,0.23468,0.0175,0.00494,0.1148003772844334,0.1099868176053142
800198,Cristofer Torin,ARI,25,R,,floor,Depth (no MLB PA),default,MiLB (MLE),5,1.0,0.2,0.9,0.2,0.2,0.0,0.0,0.0,0.2,0.1,0.0,0.0,0.2,0.0,0.0,0.1,0.1,0.222,0.3,0.222,0.522,0.15081,0.03889,0.00458,0.02497,0.0789,0.01139,0.00889,0.20361,0.01803,0.00512,0.1197021453855344,0.1146830554298953
692031,George Feliz,SEA,25,R,,floor,Depth (no MLB PA),default,MiLB (MLE),5,1.0,0.2,0.9,0.1,0.1,0.0,0.0,0.0,0.1,0.1,0.0,0.0,0.2,0.0,0.0,0.1,0.1,0.111,0.2,0.111,0.311,0.13535,0.03848,0.00369,0.02593,0.08204,0.01105,0.00762,0.23807,0.01727,0.00487,0.1138920715242519,0.1091165969463052
703602,Jalin Flores,STL,25,R,,floor,Depth (no MLB PA),default,MiLB (MLE),5,1.0,0.2,0.9,0.1,0.1,0.0,0.0,0.0,0.1,0.1,0.0,0.0,0.3,0.0,0.0,0.1,0.1,0.111,0.2,0.111,0.311,0.13108,0.04207,0.00432,0.02593,0.07813,0.01125,0.0084,0.25054,0.01607,0.00453,0.1090018959870051,0.1044314656114096
813896,Joseph Sullivan,HOU,25,L,,floor,Depth (no MLB PA),default,MiLB (MLE),5,1.0,0.2,0.9,0.1,0.1,0.0,0.0,0.0,0.1,0.1,0.0,0.0,0.3,0.0,0.0,0.1,0.1,0.111,0.2,0.111,0.311,0.12385,0.03724,0.00388,0.02593,0.0865,0.01129,0.00855,0.26228,0.02085,0.00591,0.1191467258589332,0.1141509245466025
806984,Arnaldo Lantigua,CIN,25,R,,floor,Depth (no MLB PA),default,MiLB (MLE),5,1.0,0.2,0.9,0.1,0.1,0.0,0.0,0.0,0.1,0.1,0.0,0.0,0.2,0.0,0.0,0.1,0.1,0.111,0.2,0.111,0.311,0.13368,0.03988,0.00308,0.02593,0.08488,0.01113,0.00791,0.23524,0.01686,0.00476,0.1096855274705329,0.1050864325467684
801507,Jake Cunningham,SD,25,R,,floor,Depth (no MLB PA),feed:order+depth,MiLB (MLE),5,1.0,0.2,0.9,0.1,0.1,0.0,0.0,0.0,0.1,0.1,0.0,0.0,0.2,0.0,0.0,0.1,0.1,0.111,0.2,0.111,0.311,0.14668,0.04009,0.00487,0.02603,0.08242,0.01116,0.00801,0.23774,0.01822,0.00515,0.1148003772844334,0.1099868176053142
800029,Modeifi Marte,ARI,25,R,,floor,Depth (no MLB PA),default,MiLB (MLE),5,1.0,0.2,0.9,0.1,0.1,0.0,0.0,0.0,0.1,0.1,0.0,0.0,0.2,0.0,0.0,0.1,0.1,0.111,0.2,0.111,0.311,0.14446,0.03881,0.00387,0.02595,0.08089,0.01115,0.00799,0.22733,0.01736,0.0049,0.1197021453855344,0.1146830554298953
808675,Ramon Ramirez,KC,22,R,,floor,Depth (no MLB PA),feed:order+depth,MiLB (MLE),5,1.0,0.2,0.9,0.1,0.1,0.0,0.0,0.0,0.1,0.1,0.0,0.0,0.2,0.0,0.0,0.1,0.1,0.111,0.2,0.111,0.311,0.13587,0.04357,0.00304,0.02658,0.08313,0.0112,0.0082,0.23776,0.01713,0.00482,0.1126208892977148,0.1078987151675124
671956,Noah Myers,TB,25,L,,floor,Depth (no MLB PA),default,MiLB (MLE),5,1.0,0.2,0.9,0.1,0.1,0.0,0.0,0.0,0.1,0.1,0.0,0.0,0.2,0.0,0.0,0.1,0.1,0.111,0.2,0.111,0.311,0.1328,0.03705,0.00297,0.02596,0.0829,0.01104,0.00758,0.23456,0.01718,0.00484,0.1110392798589936,0.1063834223350814
803015,Ben Hartl,CWS,25,R,,floor,Depth (no MLB PA),default,MiLB (MLE),5,1.0,0.2,0.9,0.1,0.1,0.0,0.0,0.0,0.1,0.1,0.0,0.0,0.2,0.0,0.0,0.1,0.1,0.111,0.2,0.111,0.311,0.13567,0.03571,0.00357,0.02596,0.08408,0.01107,0.00767,0.23337,0.01724,0.00486,0.1097434769942643,0.1051419522571364
808041,Abraham Nunez,CWS,25,L,,floor,Depth (no MLB PA),default,MiLB (MLE),5,1.0,0.2,0.9,0.1,0.1,0.0,0.0,0.0,0.1,0.1,0.0,0.0,0.2,0.0,0.0,0.1,0.1,0.111,0.2,0.111,0.311,0.14067,0.04005,0.00367,0.02597,0.08265,0.01106,0.00765,0.23076,0.01822,0.00514,0.1097434769942643,0.1051419522571364
703726,Edward Vargas,CHC,25,R,,floor,Depth (no MLB PA),default,MiLB (MLE),0,1.0,0.2,0.9,0.1,0.1,0.0,0.0,0.0,0.1,0.1,0.0,0.0,0.2,0.0,0.0,0.1,0.1,0.111,0.2,0.111,0.311,0.13991,0.03933,0.00382,0.02597,0.08223,0.01101,0.00746,0.23002,0.0,0.0,0.1212968604734738,0.1157063027676458
702283,Tucker Toman,TOR,25,L,,floor,Depth (no MLB PA),feed:order+depth,MiLB (MLE),5,1.0,0.2,0.9,0.1,0.1,0.0,0.0,0.0,0.1,0.1,0.0,0.0,0.2,0.0,0.0,0.1,0.1,0.111,0.2,0.111,0.311,0.13561,0.04103,0.00298,0.02599,0.08313,0.01105,0.00759,0.23081,0.01723,0.00486,0.1119841749477096,0.1072886981384986
806534,Ben Gobbel,LAA,25,R,,floor,Depth (no MLB PA),default,MiLB (MLE),5,1.0,0.2,0.9,0.1,0.1,0.0,0.0,0.0,0.1,0.1,0.0,0.0,0.2,0.0,0.0,0.1,0.1,0.111,0.2,0.111,0.311,0.14989,0.03847,0.0019,0.02599,0.0805,0.01134,0.00873,0.24536,0.01702,0.00479,0.106480524616612,0.1020158149002312
682633,Eduardo Garcia,MIL,25,R,,floor,Depth (no MLB PA),default,MiLB (MLE),5,1.0,0.2,0.9,0.1,0.1,0.0,0.0,0.0,0.1,0.1,0.0,0.0,0.3,0.0,0.0,0.1,0.1,0.111,0.2,0.111,0.311,0.13663,0.02804,0.00206,0.02599,0.08294,0.01129,0.00854,0.26235,0.01776,0.00497,0.1172969823098257,0.1123787404199927
800306,Jansel Luis,ARI,25,S,,floor,Depth (no MLB PA),default,MiLB (MLE),5,1.0,0.2,0.9,0.1,0.1,0.0,0.0,0.0,0.1,0.1,0.0,0.0,0.3,0.0,0.0,0.1,0.1,0.111,0.2,0.111,0.311,0.14482,0.03824,0.00564,0.026,0.07189,0.01135,0.00879,0.25576,0.02145,0.006,0.1197021453855344,0.1146830554298953
808119,Yaikel Mijares,CLE,25,R,,floor,Depth (no MLB PA),default,MiLB (MLE),0,1.0,0.2,0.9,0.1,0.1,0.0,0.0,0.0,0.1,0.1,0.0,0.0,0.2,0.0,0.0,0.1,0.1,0.111,0.2,0.111,0.311,0.13319,0.03905,0.00307,0.026,0.08283,0.011,0.00743,0.23358,0.0,0.0,0.1090765435794416,0.1040492188090162
691006,Kevin Parada,NYM,25,R,,floor,Depth (no MLB PA),default,MiLB (MLE),5,1.0,0.2,0.9,0.1,0.1,0.0,0.0,0.0,0.1,0.1,0.0,0.0,0.2,0.0,0.0,0.1,0.1,0.111,0.2,0.111,0.311,0.14562,0.04414,0.00454,0.026,0.08323,0.01115,0.00798,0.23192,0.0173,0.00487,0.1185244404252146,0.1135547314319469
800246,Engelth Urena,NYY,25,R,,floor,Depth (no MLB PA),default,MiLB (MLE),5,1.0,0.2,0.9,0.1,0.1,0.0,0.0,0.0,0.1,0.1,0.0,0.0,0.2,0.0,0.0,0.1,0.1,0.111,0.2,0.111,0.311,0.1295,0.0413,0.00325,0.02603,0.08388,0.01108,0.00771,0.23265,0.01692,0.00477,0.1247291425689449,0.1194992715033348
624503,Nick Gordon,MIA,31,L,LF,floor,Depth (no MLB PA),default,MLB,5,1.0,0.2,1.0,0.1,0.1,0.0,0.0,0.0,0.1,0.0,0.0,0.0,0.2,0.0,0.0,0.1,0.1,0.1,0.1,0.1,0.2,0.14753,0.03303,0.00507,0.02594,0.0459,0.01291,0.01046,0.22994,0.01966,0.00593,0.104502709238366,0.1049017195827307
542208,Carlos Pérez,OAK,36,R,C,floor,Depth (no MLB PA),default,MLB,5,1.0,0.2,0.9,0.2,0.1,0.1,0.0,0.0,0.3,0.1,0.0,0.0,0.2,0.0,0.0,0.1,0.1,0.222,0.3,0.333,0.633,0.1351,0.05329,0.0034,0.02132,0.07501,0.01762,0.0129,0.22208,0.01188,0.00335,0.1127515147459259,0.116003770435819
829649,Colin Yeaman,BAL,25,R,,floor,Depth (no MLB PA),default,MiLB (MLE),5,1.0,0.2,0.9,0.1,0.1,0.0,0.0,0.0,0.1,0.1,0.0,0.0,0.2,0.0,0.0,0.1,0.1,0.111,0.2,0.111,0.311,0.13225,0.03365,0.00353,0.02141,0.08639,0.01121,0.00824,0.24688,0.01883,0.00529,0.1145364810565329,0.109733986499952
686523,Peyton Wilson,KC,25,S,,floor,Depth (no MLB PA),default,MiLB (MLE),5,1.0,0.2,0.9,0.2,0.1,0.1,0.0,0.0,0.3,0.1,0.0,0.0,0.3,0.0,0.0,0.1,0.1,0.222,0.3,0.333,0.633,0.1358,0.056,0.00163,0.02144,0.0865,0.01139,0.00891,0.25475,0.02207,0.0062,0.1126208892977148,0.1078987151675124
800370,Eduardo Guerrero,LAD,25,S,,floor,Depth (no MLB PA),default,MiLB (MLE),5,1.0,0.2,0.9,0.1,0.1,0.0,0.0,0.0,0.1,0.1,0.0,0.0,0.2,0.0,0.0,0.1,0.1,0.111,0.2,0.111,0.311,0.1493,0.03617,0.00335,0.02147,0.08567,0.01125,0.00838,0.23383,0.01869,0.00528,0.1271758659241691,0.1218434041775241
694930,Carson Taylor,SEA,25,L,,floor,Depth (no MLB PA),default,MiLB (MLE),5,1.0,0.2,0.9,0.1,0.1,0.0,0.0,0.0,0.1,0.1,0.0,0.0,0.2,0.0,0.0,0.1,0.1,0.111,0.2,0.111,0.311,0.13092,0.04198,0.00208,0.02149,0.09217,0.01131,0.00859,0.23219,0.01583,0.00449,0.1138920715242519,0.1091165969463052
801978,Callan Moss,PIT,25,R,,floor,Depth (no MLB PA),default,MiLB (MLE),5,1.0,0.2,0.9,0.1,0.1,0.0,0.0,0.0,0.1,0.1,0.0,0.0,0.3,0.0,0.0,0.1,0.1,0.111,0.2,0.111,0.311,0.1439,0.04108,0.00319,0.0215,0.08112,0.01137,0.00885,0.25289,0.01586,0.00446,0.1104724077295015,0.1058403190545277
815154,Slade Caldwell,ARI,25,L,,floor,Depth (no MLB PA),default,MiLB (MLE),5,1.0,0.2,0.9,0.1,0.1,0.0,0.0,0.0,0.1,0.1,0.0,0.0,0.3,0.0,0.0,0.1,0.1,0.111,0.2,0.111,0.311,0.13053,0.0347,0.00334,0.02151,0.08978,0.01124,0.00836,0.25058,0.0193,0.00544,0.1197021453855344,0.1146830554298953
814528,Sam Kulasingam,KC,25,S,,floor,Depth (no MLB PA),default,MiLB (MLE),5,1.0,0.2,0.9,0.1,0.1,0.0,0.0,0.0,0.1,0.1,0.0,0.0,0.2,0.0,0.0,0.1,0.1,0.111,0.2,0.111,0.311,0.13082,0.03844,0.00453,0.02153,0.09737,0.01139,0.00889,0.23907,0.02274,0.00639,0.1126208892977148,0.1078987151675124
701648,Aaron Zavala,TEX,25,L,,floor,Depth (no MLB PA),default,MiLB (MLE),5,1.0,0.2,0.9,0.2,0.1,0.1,0.0,0.0,0.3,0.1,0.0,0.0,0.3,0.0,0.0,0.1,0.1,0.222,0.3,0.333,0.633,0.13296,0.05087,0.0043,0.02154,0.0891,0.01143,0.00909,0.2605,0.01612,0.0046,0.1092943456639019,0.1047116529246611
672463,Rafael Lantigua,TOR,25,R,,floor,Depth (no MLB PA),default,MiLB (MLE),5,1.0,0.2,0.9,0.1,0.1,0.0,0.0,0.0,0.1,0.1,0.0,0.0,0.2,0.0,0.0,0.1,0.1,0.111,0.2,0.111,0.311,0.12471,0.03899,0.00208,0.02154,0.0868,0.0113,0.00858,0.23894,0.0166,0.00469,0.1119841749477096,0.1072886981384986
805956,Kai Roberts,SD,25,L,,floor,Depth (no MLB PA),default,MiLB (MLE),5,1.0,0.2,0.9,0.1,0.1,0.0,0.0,0.0,0.1,0.1,0.0,0.0,0.3,0.0,0.0,0.1,0.1,0.111,0.2,0.111,0.311,0.13275,0.0311,0.00303,0.02159,0.08328,0.01128,0.0085,0.2684,0.02566,0.0071,0.1148003772844334,0.1099868176053142
804114,Luke Pelzer,KC,25,L,,floor,Depth (no MLB PA),default,MiLB (MLE),5,1.0,0.2,0.9,0.2,0.2,0.0,0.0,0.0,0.2,0.1,0.0,0.0,0.2,0.0,0.0,0.1,0.1,0.222,0.3,0.222,0.522,0.16101,0.03902,0.0047,0.02166,0.08357,0.01118,0.00811,0.23036,0.02107,0.00594,0.1126208892977148,0.1078987151675124
701496,Ben Cowles,CHC,25,R,,floor,Depth (no MLB PA),default,MiLB (MLE),5,1.0,0.2,0.9,0.1,0.1,0.0,0.0,0.0,0.1,0.1,0.0,0.0,0.3,0.0,0.0,0.1,0.1,0.111,0.2,0.111,0.311,0.13355,0.04529,0.00257,0.02167,0.07998,0.01141,0.00901,0.25067,0.0201,0.00566,0.1223269824307857,0.117197833518337
690971,Chase Davis,STL,25,L,,floor,Depth (no MLB PA),default,MiLB (MLE),5,1.0,0.2,0.9,0.1,0.1,0.0,0.0,0.0,0.1,0.1,0.0,0.0,0.2,0.0,0.0,0.1,0.1,0.111,0.2,0.111,0.311,0.13354,0.03577,0.0037,0.02679,0.0854,0.01128,0.0085,0.24356,0.01691,0.00477,0.1090018959870051,0.1044314656114096
814431,Jackson Castillo,NYY,25,L,,floor,Depth (no MLB PA),default,MiLB (MLE),5,1.0,0.2,0.9,0.1,0.1,0.0,0.0,0.0,0.1,0.1,0.0,0.0,0.2,0.0,0.0,0.1,0.1,0.111,0.2,0.111,0.311,0.13675,0.03651,0.00264,0.02173,0.08963,0.01135,0.00877,0.23494,0.01751,0.00492,0.1247291425689449,0.1194992715033348
682276,Jose Cordova,COL,25,R,,floor,Depth (no MLB PA),default,MiLB (MLE),5,1.0,0.2,0.9,0.1,0.1,0.0,0.0,0.0,0.1,0.1,0.0,0.0,0.2,0.0,0.0,0.1,0.1,0.111,0.2,0.111,0.311,0.14961,0.04622,0.00375,0.02173,0.07809,0.01128,0.00848,0.22674,0.01897,0.00539,0.1064575033399691,0.1019937589016792
689041,Rhylan Thomas,SEA,27,L,RF,floor,Depth (no MLB PA),default,MLB,0,1.0,0.2,0.9,0.2,0.2,0.0,0.0,0.0,0.2,0.1,0.0,0.0,0.2,0.0,0.0,0.1,0.1,0.222,0.3,0.222,0.522,0.15881,0.03016,0.00361,0.02175,0.08375,0.00963,0.01686,0.21253,0.0,0.0,0.1129329803956266,0.1077279129163165
802355,Tanner Schobel,MIN,25,R,,floor,Depth (no MLB PA),default,MiLB (MLE),5,1.0,0.2,0.9,0.1,0.1,0.0,0.0,0.0,0.1,0.1,0.0,0.0,0.2,0.0,0.0,0.1,0.1,0.111,0.2,0.111,0.311,0.13043,0.04375,0.00168,0.02178,0.08902,0.01139,0.00891,0.23308,0.01794,0.00504,0.1140967113801906,0.1093126562889861
687005,Kellen Strahm,HOU,25,R,,floor,Depth (no MLB PA),default,MiLB (MLE),5,1.0,0.2,0.9,0.1,0.1,0.0,0.0,0.0,0.1,0.1,0.0,0.0,0.2,0.0,0.0,0.1,0.1,0.111,0.2,0.111,0.311,0.13288,0.03789,0.00506,0.02178,0.08887,0.0113,0.00856,0.23821,0.02071,0.0058,0.1191467258589332,0.1141509245466025
809975,Kodey Shojinaga,PHI,25,R,,floor,Depth (no MLB PA),default,MiLB (MLE),5,1.0,0.2,0.9,0.1,0.1,0.0,0.0,0.0,0.1,0.1,0.0,0.0,0.2,0.0,0.0,0.1,0.1,0.111,0.2,0.111,0.311,0.1379,0.03883,0.00305,0.02179,0.08445,0.01121,0.00821,0.22971,0.01649,0.00465,0.1171713130868302,0.1122583404854701
800169,Aroon Escobar,PHI,25,R,,floor,Depth (no MLB PA),feed:order+depth,MiLB (MLE),5,1.0,0.2,0.9,0.1,0.1,0.0,0.0,0.0,0.1,0.1,0.0,0.0,0.2,0.0,0.0,0.1,0.1,0.111,0.2,0.111,0.311,0.13553,0.03343,0.00312,0.02181,0.08866,0.01139,0.0089,0.22344,0.02181,0.00614,0.1171713130868302,0.1122583404854701
814414,Kyle DeBarge,MIN,25,R,,floor,Depth (no MLB PA),default,MiLB (MLE),5,1.0,0.2,0.9,0.1,0.1,0.0,0.0,0.0,0.1,0.1,0.0,0.0,0.3,0.0,0.0,0.1,0.1,0.111,0.2,0.111,0.311,0.12489,0.03765,0.00242,0.02188,0.0896,0.01137,0.00886,0.26059,0.02669,0.00755,0.1140967113801906,0.1093126562889861
802959,Max Holy,HOU,25,R,,floor,Depth (no MLB PA),default,MiLB (MLE),5,1.0,0.2,0.9,0.1,0.1,0.0,0.0,0.0,0.1,0.1,0.0,0.0,0.3,0.0,0.0,0.1,0.1,0.111,0.2,0.111,0.311,0.12522,0.03319,0.00196,0.02194,0.09301,0.01131,0.00861,0.26151,0.02208,0.00624,0.1191467258589332,0.1141509245466025
690474,Tommy Sacco Jr.,HOU,25,S,,floor,Depth (no MLB PA),default,MiLB (MLE),5,1.0,0.2,0.9,0.1,0.1,0.0,0.0,0.0,0.1,0.1,0.0,0.0,0.2,0.0,0.0,0.1,0.1,0.111,0.2,0.111,0.311,0.12907,0.03748,0.00388,0.02194,0.08408,0.01125,0.0084,0.24699,0.01833,0.00517,0.1191467258589332,0.1141509245466025
666198,Carter Kieboom,WSH,29,R,1B,floor,Depth (no MLB PA),default,MLB,3,1.0,0.2,0.9,0.2,0.2,0.0,0.0,0.0,0.2,0.1,0.0,0.0,0.2,0.0,0.0,0.1,0.1,0.222,0.3,0.222,0.522,0.15111,0.0372,0.00247,0.02195,0.0731,0.01007,0.00296,0.24465,0.01498,0.00422,0.1160941621068984,0.110164940344544
681036,Anthony Vilar,SD,25,L,,floor,Depth (no MLB PA),default,MiLB (MLE),5,1.0,0.2,0.9,0.1,0.1,0.0,0.0,0.0,0.1,0.1,0.0,0.0,0.3,0.0,0.0,0.1,0.1,0.111,0.2,0.111,0.311,0.13494,0.04502,0.0021,0.02196,0.08805,0.01129,0.00852,0.25189,0.01587,0.00448,0.1148003772844334,0.1099868176053142
823073,Nolan Sailors,KC,25,L,,floor,Depth (no MLB PA),default,MiLB (MLE),5,1.0,0.2,0.9,0.1,0.1,0.0,0.0,0.0,0.1,0.1,0.0,0.0,0.2,0.0,0.0,0.1,0.1,0.111,0.2,0.111,0.311,0.13652,0.03707,0.00769,0.02197,0.08695,0.01124,0.00833,0.24489,0.02071,0.00583,0.1126208892977148,0.1078987151675124
661733,Max Burt,DET,25,R,,floor,Depth (no MLB PA),default,MiLB (MLE),5,1.0,0.2,0.9,0.1,0.1,0.0,0.0,0.0,0.1,0.1,0.0,0.0,0.3,0.0,0.0,0.1,0.1,0.111,0.2,0.111,0.311,0.12465,0.04357,0.00341,0.02198,0.08216,0.01132,0.00864,0.25203,0.02026,0.00567,0.1154184738764934,0.1105789975157071
802143,Dayne Leonard,CIN,25,R,,floor,Depth (no MLB PA),default,MiLB (MLE),5,1.0,0.2,0.9,0.1,0.1,0.0,0.0,0.0,0.1,0.1,0.0,0.0,0.2,0.0,0.0,0.1,0.1,0.111,0.2,0.111,0.311,0.14671,0.03317,0.00259,0.02169,0.08402,0.01116,0.00804,0.24378,0.01735,0.00489,0.1096855274705329,0.1050864325467684
665998,Ismael Munguia,TOR,25,L,,floor,Depth (no MLB PA),default,MiLB (MLE),5,1.0,0.2,0.9,0.2,0.2,0.0,0.0,0.0,0.2,0.1,0.0,0.0,0.2,0.0,0.0,0.1,0.1,0.222,0.3,0.222,0.522,0.16491,0.04221,0.00216,0.02067,0.08966,0.01132,0.00861,0.20601,0.01871,0.00536,0.1119841749477096,0.1072886981384986
694196,Diego Velasquez,SF,25,S,,floor,Depth (no MLB PA),default,MiLB (MLE),5,1.0,0.2,0.9,0.2,0.1,0.1,0.0,0.0,0.3,0.1,0.0,0.0,0.2,0.0,0.0,0.1,0.1,0.222,0.3,0.333,0.633,0.13953,0.05139,0.00417,0.02069,0.08566,0.01121,0.00823,0.23019,0.0168,0.00474,0.1084288853768579,0.1038824812356177
801670,Mike Boeve,MIL,25,L,,floor,Depth (no MLB PA),default,MiLB (MLE),5,1.0,0.2,0.9,0.1,0.1,0.0,0.0,0.0,0.1,0.1,0.0,0.0,0.2,0.0,0.0,0.1,0.1,0.111,0.2,0.111,0.311,0.14911,0.03791,0.00251,0.0207,0.09006,0.01137,0.00884,0.23337,0.01765,0.00494,0.1172969823098257,0.1123787404199927
688394,Jordan Sprinkle,CWS,25,R,,floor,Depth (no MLB PA),default,MiLB (MLE),5,1.0,0.2,0.9,0.1,0.1,0.0,0.0,0.0,0.1,0.1,0.0,0.0,0.2,0.0,0.0,0.1,0.1,0.111,0.2,0.111,0.311,0.14509,0.03856,0.00418,0.02071,0.08003,0.01126,0.00841,0.24311,0.02516,0.00706,0.1097434769942643,0.1051419522571364
623205,Andrew Velazquez,LAA,32,S,SS,floor,Depth (no MLB PA),default,MLB,2,1.0,0.2,0.9,0.1,0.1,0.0,0.0,0.0,0.1,0.1,0.0,0.0,0.3,0.0,0.0,0.1,0.1,0.111,0.2,0.111,0.311,0.13746,0.03571,0.00243,0.02072,0.0626,0.00699,0.00643,0.29757,0.03964,0.0107,0.1077041166100134,0.0849509097708847
572761,Matt Carpenter,STL,41,L,1B,floor,Depth (no MLB PA),default,MLB,5,1.0,0.2,0.9,0.1,0.1,0.0,0.0,0.0,0.1,0.1,0.0,0.0,0.3,0.0,0.0,0.1,0.1,0.111,0.2,0.111,0.311,0.12838,0.02975,0.00051,0.02072,0.11944,0.01525,0.01329,0.27376,0.00878,0.00254,0.1009223694862139,0.1182957418553707
681098,Bill Knight,SEA,25,R,,floor,Depth (no MLB PA),default,MiLB (MLE),5,1.0,0.2,0.9,0.1,0.1,0.0,0.0,0.0,0.1,0.1,0.0,0.0,0.2,0.0,0.0,0.1,0.1,0.111,0.2,0.111,0.311,0.14047,0.03709,0.00583,0.02078,0.08123,0.01128,0.00849,0.23845,0.02191,0.00614,0.1138920715242519,0.1091165969463052
807751,Ethan O'Donnell,MIA,25,L,,floor,Depth (no MLB PA),default,MiLB (MLE),5,1.0,0.2,0.9,0.1,0.1,0.0,0.0,0.0,0.1,0.1,0.0,0.0,0.3,0.0,0.0,0.1,0.1,0.111,0.2,0.111,0.311,0.1379,0.03328,0.00199,0.02079,0.09393,0.01131,0.00861,0.25085,0.02239,0.00626,0.1083028077561248,0.1037616900274031
664058,David Fletcher,LAA,33,R,2B,floor,Depth (no MLB PA),default,MLB,6,1.0,0.2,0.9,0.2,0.2,0.0,0.0,0.0,0.2,0.1,0.0,0.0,0.1,0.0,0.0,0.1,0.1,0.222,0.3,0.222,0.522,0.18352,0.04184,0.00358,0.02082,0.05788,0.00912,0.00367,0.138,0.01199,0.00337,0.0953561119132449,0.0957857701704698
694876,Cooper Ingle,CLE,25,L,LF,floor,Depth (no MLB PA),feed:order+depth,MLB,0,1.0,0.2,0.9,0.1,0.1,0.0,0.0,0.0,0.1,0.1,0.0,0.0,0.3,0.0,0.0,0.1,0.1,0.111,0.2,0.111,0.311,0.12307,0.04859,0.00354,0.02082,0.08926,0.00832,0.00519,0.27539,0.0,0.0,0.1090765435794416,0.1040492188090162
694387,Christian Knapczyk,CLE,25,L,,floor,Depth (no MLB PA),default,MiLB (MLE),5,1.0,0.2,0.9,0.1,0.1,0.0,0.0,0.0,0.1,0.1,0.0,0.0,0.2,0.0,0.0,0.1,0.1,0.111,0.2,0.111,0.311,0.1211,0.03599,0.00428,0.02087,0.08489,0.01124,0.00836,0.24908,0.01571,0.00442,0.1100028836523031,0.1053904820395136
689931,Peyton Graham,DET,25,R,,floor,Depth (no MLB PA),default,MiLB (MLE),5,1.0,0.2,0.9,0.1,0.1,0.0,0.0,0.0,0.1,0.1,0.0,0.0,0.2,0.0,0.0,0.1,0.1,0.111,0.2,0.111,0.311,0.14868,0.03921,0.00556,0.02089,0.09038,0.01137,0.00882,0.24213,0.03366,0.00921,0.1154184738764934,0.1105789975157071
621545,Zach Remillard,CWS,33,R,2B,floor,Depth (no MLB PA),default,MLB,5,1.0,0.2,0.9,0.2,0.2,0.0,0.0,0.0,0.2,0.1,0.0,0.0,0.3,0.0,0.0,0.1,0.1,0.222,0.3,0.222,0.522,0.15161,0.03763,0.0018,0.02095,0.07387,0.00657,0.00193,0.26305,0.02265,0.0065,0.1086556688451107,0.1041311570742945
800510,Samuel Gil,DET,25,R,,floor,Depth (no MLB PA),default,MiLB (MLE),5,1.0,0.2,0.9,0.1,0.1,0.0,0.0,0.0,0.1,0.1,0.0,0.0,0.2,0.0,0.0,0.1,0.1,0.111,0.2,0.111,0.311,0.14738,0.03512,0.0035,0.02095,0.08191,0.01123,0.00828,0.22604,0.01783,0.00502,0.1154184738764934,0.1105789975157071
680636,Ramon Mendoza,STL,25,R,,floor,Depth (no MLB PA),default,MiLB (MLE),5,1.0,0.2,0.9,0.2,0.2,0.0,0.0,0.0,0.2,0.1,0.0,0.0,0.2,0.0,0.0,0.1,0.1,0.222,0.3,0.222,0.522,0.15106,0.04849,0.00354,0.02127,0.08737,0.01143,0.00905,0.22689,0.01358,0.00384,0.1090018959870051,0.1044314656114096
813666,Ariel Armas,CHC,25,R,,floor,Depth (no MLB PA),default,MiLB (MLE),5,1.0,0.2,0.9,0.1,0.1,0.0,0.0,0.0,0.1,0.1,0.0,0.0,0.2,0.0,0.0,0.1,0.1,0.111,0.2,0.111,0.311,0.13439,0.03849,0.00272,0.02101,0.08377,0.01134,0.00872,0.23869,0.0162,0.00457,0.1223269824307857,0.117197833518337
680519,Mario Camilletti,CWS,25,L,,floor,Depth (no MLB PA),default,MiLB (MLE),5,1.0,0.2,0.9,0.1,0.1,0.0,0.0,0.0,0.1,0.1,0.0,0.0,0.2,0.0,0.0,0.1,0.1,0.111,0.2,0.111,0.311,0.14212,0.03753,0.00249,0.02102,0.10352,0.01142,0.00904,0.2455,0.01769,0.00507,0.1097434769942643,0.1051419522571364
663503,Elih Marrero,KC,25,S,,floor,Depth (no MLB PA),default,MiLB (MLE),5,1.0,0.2,0.9,0.2,0.1,0.1,0.0,0.0,0.3,0.1,0.0,0.0,0.2,0.0,0.0,0.1,0.1,0.222,0.3,0.333,0.633,0.1282,0.05759,0.00423,0.02105,0.07771,0.0112,0.00819,0.23607,0.01662,0.00469,0.1126208892977148,0.1078987151675124
643265,Garrett Cooper,BOS,36,R,1B,floor,Depth (no MLB PA),default,MLB,6,1.0,0.2,0.9,0.1,0.1,0.0,0.0,0.0,0.1,0.1,0.0,0.0,0.3,0.0,0.0,0.1,0.1,0.111,0.2,0.111,0.311,0.13995,0.03573,0.00253,0.02106,0.07372,0.01283,0.00656,0.27326,0.00496,0.0014,0.0919175607283017,0.1169541725050523
815589,Bo Davidson,SF,24,L,RF,floor,Full Time,feed:order+depth,MLB,0,1.0,0.2,0.9,0.2,0.2,0.0,0.0,0.0,0.2,0.1,0.0,0.0,0.2,0.0,0.0,0.1,0.1,0.222,0.3,0.222,0.522,0.15155,0.03634,0.00348,0.02107,0.07663,0.00849,0.01486,0.24299,0.0,0.0,0.1075158000263159,0.1025604097384788
687918,Braylen Wimmer,COL,25,R,,floor,Depth (no MLB PA),default,MiLB (MLE),5,1.0,0.2,0.9,0.1,0.1,0.0,0.0,0.0,0.1,0.1,0.0,0.0,0.3,0.0,0.0,0.1,0.1,0.111,0.2,0.111,0.311,0.13536,0.04276,0.00402,0.02109,0.0855,0.01127,0.00848,0.25854,0.02284,0.00637,0.1064575033399691,0.1019937589016792
702693,Jaison Chourio,CLE,22,S,,floor,Depth (no MLB PA),feed:order+depth,MiLB (MLE),5,1.0,0.2,0.9,0.1,0.1,0.0,0.0,0.0,0.1,0.1,0.0,0.0,0.2,0.0,0.0,0.1,0.1,0.111,0.2,0.111,0.311,0.14026,0.03966,0.00437,0.02111,0.09004,0.01134,0.00871,0.23929,0.02385,0.00666,0.1100028836523031,0.1053904820395136
670276,Cal Stevenson,PHI,30,L,CF,floor,Depth (no MLB PA),default,MLB,6,1.0,0.2,0.9,0.2,0.1,0.1,0.0,0.0,0.3,0.1,0.0,0.0,0.2,0.0,0.0,0.1,0.1,0.222,0.3,0.333,0.633,0.12156,0.06008,0.00357,0.02113,0.09406,0.00437,0.00766,0.23883,0.01695,0.00481,0.1097607414433561,0.1060503165289398
823153,Matt King,PIT,25,R,,floor,Depth (no MLB PA),default,MiLB (MLE),5,1.0,0.2,0.9,0.1,0.1,0.0,0.0,0.0,0.1,0.1,0.0,0.0,0.2,0.0,0.0,0.1,0.1,0.111,0.2,0.111,0.311,0.14905,0.03794,0.00253,0.02113,0.08392,0.01121,0.0082,0.22592,0.01887,0.00529,0.1104724077295015,0.1058403190545277
702261,Termarr Johnson,PIT,25,L,,floor,Depth (no MLB PA),default,MiLB (MLE),5,1.0,0.2,0.9,0.1,0.1,0.0,0.0,0.0,0.1,0.1,0.0,0.0,0.3,0.0,0.0,0.1,0.1,0.111,0.2,0.111,0.311,0.11536,0.035,0.00264,0.02116,0.10586,0.01141,0.00897,0.25416,0.02505,0.00704,0.1104724077295015,0.1058403190545277
807276,Dante Nori,PHI,25,L,,floor,Depth (no MLB PA),default,MiLB (MLE),5,1.0,0.2,0.9,0.1,0.1,0.0,0.0,0.0,0.1,0.1,0.0,0.0,0.2,0.0,0.0,0.1,0.1,0.111,0.2,0.111,0.311,0.13864,0.03946,0.00672,0.02117,0.08191,0.01128,0.00849,0.22549,0.02056,0.00582,0.1171713130868302,0.1122583404854701
695653,Noah Miller,LAD,25,S,,floor,Depth (no MLB PA),default,MiLB (MLE),5,1.0,0.2,0.9,0.1,0.1,0.0,0.0,0.0,0.1,0.1,0.0,0.0,0.2,0.0,0.0,0.1,0.1,0.111,0.2,0.111,0.311,0.14238,0.03585,0.00932,0.02121,0.083,0.01146,0.00916,0.22513,0.01342,0.00375,0.1271758659241691,0.1218434041775241
813883,Ryan Ignoffo,MIA,25,R,,floor,Depth (no MLB PA),default,MiLB (MLE),5,1.0,0.2,0.9,0.1,0.1,0.0,0.0,0.0,0.1,0.1,0.0,0.0,0.2,0.0,0.0,0.1,0.1,0.111,0.2,0.111,0.311,0.13899,0.04148,0.00494,0.02123,0.08107,0.01128,0.00848,0.22573,0.01944,0.00548,0.1083028077561248,0.1037616900274031
694552,Jack Payton,SF,25,R,,floor,Depth (no MLB PA),default,MiLB (MLE),5,1.0,0.2,0.9,0.1,0.1,0.0,0.0,0.0,0.1,0.1,0.0,0.0,0.2,0.0,0.0,0.1,0.1,0.111,0.2,0.111,0.311,0.14682,0.04188,0.00317,0.02125,0.08161,0.01127,0.00845,0.23708,0.01797,0.00506,0.1084288853768579,0.1038824812356177
803142,Tommy Hawke,CLE,25,L,,floor,Depth (no MLB PA),default,MiLB (MLE),5,1.0,0.2,0.9,0.1,0.1,0.0,0.0,0.0,0.1,0.1,0.0,0.0,0.2,0.0,0.0,0.1,0.1,0.111,0.2,0.111,0.311,0.1463,0.03864,0.00401,0.02097,0.08995,0.01123,0.00829,0.22891,0.02229,0.00626,0.1100028836523031,0.1053904820395136
676463,Hayden Cantrelle,CHC,25,S,,floor,Depth (no MLB PA),default,MiLB (MLE),5,1.0,0.2,0.9,0.1,0.1,0.0,0.0,0.0,0.1,0.1,0.0,0.0,0.3,0.0,0.0,0.1,0.1,0.111,0.2,0.111,0.311,0.11032,0.03878,0.00576,0.02257,0.08827,0.01123,0.00831,0.25202,0.0184,0.00521,0.1223269824307857,0.117197833518337
680890,Jax Biggers,HOU,25,L,,floor,Depth (no MLB PA),default,MiLB (MLE),5,1.0,0.2,0.9,0.1,0.1,0.0,0.0,0.0,0.1,0.1,0.0,0.0,0.2,0.0,0.0,0.1,0.1,0.111,0.2,0.111,0.311,0.13095,0.03681,0.00233,0.02263,0.08571,0.01124,0.00834,0.24011,0.01788,0.00501,0.1191467258589332,0.1141509245466025
702409,Jorge Ruiz,LAA,25,L,,floor,Depth (no MLB PA),default,MiLB (MLE),5,1.0,0.2,0.9,0.1,0.1,0.0,0.0,0.0,0.1,0.1,0.0,0.0,0.2,0.0,0.0,0.1,0.1,0.111,0.2,0.111,0.311,0.14361,0.04006,0.00504,0.02263,0.07809,0.01123,0.0083,0.22507,0.018,0.00508,0.106480524616612,0.1020158149002312
687724,Jake Holton,SF,25,R,,floor,Depth (no MLB PA),default,MiLB (MLE),5,1.0,0.2,0.9,0.1,0.1,0.0,0.0,0.0,0.1,0.1,0.0,0.0,0.2,0.0,0.0,0.1,0.1,0.111,0.2,0.111,0.311,0.12457,0.03854,0.00312,0.02266,0.09875,0.01136,0.00879,0.23041,0.01403,0.00395,0.1084288853768579,0.1038824812356177
701587,Rodney Green Jr.,OAK,25,L,,floor,Depth (no MLB PA),default,MiLB (MLE),5,1.0,0.2,0.9,0.1,0.1,0.0,0.0,0.0,0.1,0.1,0.0,0.0,0.3,0.0,0.0,0.1,0.1,0.111,0.2,0.111,0.311,0.127,0.03872,0.0039,0.02267,0.08713,0.01124,0.00835,0.26322,0.01714,0.00484,0.1137291867017833,0.1089605418558665
802474,Cameron Leary,OAK,25,L,,floor,Depth (no MLB PA),default,MiLB (MLE),5,1.0,0.2,0.9,0.1,0.1,0.0,0.0,0.0,0.1,0.1,0.0,0.0,0.3,0.0,0.0,0.1,0.1,0.111,0.2,0.111,0.311,0.1234,0.03829,0.00485,0.0227,0.08962,0.01136,0.00881,0.26381,0.0274,0.00761,0.1137291867017833,0.1089605418558665
672696,Francisco Acuna,SD,25,R,,floor,Depth (no MLB PA),default,MiLB (MLE),5,1.0,0.2,0.9,0.1,0.1,0.0,0.0,0.0,0.1,0.1,0.0,0.0,0.2,0.0,0.0,0.1,0.1,0.111,0.2,0.111,0.311,0.11612,0.04149,0.00306,0.02272,0.09181,0.01128,0.00851,0.24428,0.01703,0.00478,0.1148003772844334,0.1099868176053142
805075,Erick Torres,KC,25,R,,floor,Depth (no MLB PA),default,MiLB (MLE),5,1.0,0.2,0.9,0.2,0.2,0.0,0.0,0.0,0.2,0.1,0.0,0.0,0.2,0.0,0.0,0.1,0.1,0.222,0.3,0.222,0.522,0.15351,0.03426,0.00365,0.02273,0.08073,0.0112,0.00817,0.2266,0.01899,0.00536,0.1126208892977148,0.1078987151675124
681909,Justin Dean,CHC,30,R,RF,floor,Depth (no MLB PA),default,MLB,0,1.0,0.2,0.9,0.1,0.1,0.0,0.0,0.0,0.1,0.1,0.0,0.0,0.2,0.0,0.0,0.1,0.1,0.111,0.2,0.111,0.311,0.13852,0.0425,0.00268,0.02274,0.09028,0.00941,0.00587,0.24538,0.0,0.0,0.1212968604734738,0.1157063027676458
692222,Jose Izarra,LAD,25,R,,floor,Depth (no MLB PA),default,MiLB (MLE),5,1.0,0.2,0.9,0.1,0.1,0.0,0.0,0.0,0.1,0.1,0.0,0.0,0.2,0.0,0.0,0.1,0.1,0.111,0.2,0.111,0.311,0.13147,0.04058,0.00261,0.02277,0.08349,0.01117,0.00807,0.23367,0.01742,0.00491,0.1271758659241691,0.1218434041775241
814299,Pascanel Ferreras,HOU,25,R,,floor,Depth (no MLB PA),default,MiLB (MLE),5,1.0,0.2,0.9,0.2,0.1,0.1,0.0,0.0,0.3,0.1,0.0,0.0,0.2,0.0,0.0,0.1,0.1,0.222,0.3,0.333,0.633,0.14996,0.05527,0.00314,0.02281,0.07677,0.01135,0.00877,0.24915,0.01966,0.00564,0.1191467258589332,0.1141509245466025
687071,Shane Sasaki,CIN,25,R,,floor,Depth (no MLB PA),default,MiLB (MLE),5,1.0,0.2,0.9,0.1,0.1,0.0,0.0,0.0,0.1,0.1,0.0,0.0,0.2,0.0,0.0,0.1,0.1,0.111,0.2,0.111,0.311,0.13714,0.03465,0.00896,0.02281,0.08477,0.01119,0.00815,0.24237,0.01851,0.00522,0.1096855274705329,0.1050864325467684
679788,Jack Rogers,WSH,25,L,,floor,Depth (no MLB PA),default,MiLB (MLE),5,1.0,0.2,0.9,0.1,0.1,0.0,0.0,0.0,0.1,0.1,0.0,0.0,0.2,0.0,0.0,0.1,0.1,0.111,0.2,0.111,0.311,0.12936,0.03917,0.00273,0.02286,0.08375,0.01112,0.00787,0.2411,0.01691,0.00476,0.1126552134847328,0.1079316001473905
621458,Edwin Rios,CHC,33,L,1B,floor,Depth (no MLB PA),default,MLB,5,1.0,0.2,0.9,0.1,0.1,0.0,0.0,0.0,0.1,0.1,0.0,0.0,0.3,0.0,0.0,0.1,0.1,0.111,0.2,0.111,0.311,0.12846,0.03622,0.00303,0.02198,0.08232,0.01295,0.00249,0.3038,0.01521,0.00433,0.1178309293046016,0.1192366165588501
703161,Alexis Hernandez,CHC,25,R,,floor,Depth (no MLB PA),default,MiLB (MLE),5,1.0,0.2,0.9,0.1,0.1,0.0,0.0,0.0,0.1,0.1,0.0,0.0,0.2,0.0,0.0,0.1,0.1,0.111,0.2,0.111,0.311,0.134,0.03902,0.00396,0.02286,0.08554,0.01116,0.00803,0.23958,0.01822,0.00514,0.1223269824307857,0.117197833518337
691913,Jesus Castillo,PIT,25,R,,floor,Depth (no MLB PA),default,MiLB (MLE),5,1.0,0.2,0.9,0.2,0.2,0.0,0.0,0.0,0.2,0.1,0.0,0.0,0.2,0.0,0.0,0.1,0.1,0.222,0.3,0.222,0.522,0.15573,0.03482,0.00273,0.02287,0.08351,0.01114,0.00794,0.2285,0.01879,0.0053,0.1104724077295015,0.1058403190545277
800332,Victor Rodrigues,LAD,25,R,,floor,Depth (no MLB PA),default,MiLB (MLE),5,1.0,0.2,0.9,0.1,0.1,0.0,0.0,0.0,0.1,0.1,0.0,0.0,0.2,0.0,0.0,0.1,0.1,0.111,0.2,0.111,0.311,0.13305,0.03896,0.00263,0.02288,0.08534,0.01117,0.00806,0.22955,0.01628,0.00459,0.1271758659241691,0.1218434041775241
621433,Brett Phillips,LAA,33,L,CF,floor,Depth (no MLB PA),default,MLB,6,1.0,0.2,0.9,0.1,0.1,0.0,0.0,0.0,0.1,0.1,0.0,0.0,0.4,0.0,0.0,0.1,0.1,0.111,0.2,0.111,0.311,0.11475,0.03373,0.0026,0.02289,0.08113,0.00999,0.00402,0.35586,0.02218,0.00614,0.1028471102239925,0.0873887533607914
824742,Logan Braunschweig,ATL,25,L,,floor,Depth (no MLB PA),default,MiLB (MLE),5,1.0,0.2,0.9,0.1,0.1,0.0,0.0,0.0,0.1,0.1,0.0,0.0,0.2,0.0,0.0,0.1,0.1,0.111,0.2,0.111,0.311,0.1385,0.03536,0.00389,0.0229,0.08221,0.01112,0.00789,0.23768,0.01813,0.00513,0.1172987096268818,0.1123803953109476
800345,Juan Baez,MIL,25,R,,floor,Depth (no MLB PA),default,MiLB (MLE),5,1.0,0.2,0.9,0.1,0.1,0.0,0.0,0.0,0.1,0.1,0.0,0.0,0.2,0.0,0.0,0.1,0.1,0.111,0.2,0.111,0.311,0.13016,0.03833,0.0032,0.02291,0.08203,0.01117,0.00807,0.23009,0.01616,0.00456,0.1172969823098257,0.1123787404199927
808236,Luiyin Alastre,MIL,25,S,,floor,Depth (no MLB PA),default,MiLB (MLE),5,1.0,0.2,0.9,0.1,0.1,0.0,0.0,0.0,0.1,0.1,0.0,0.0,0.2,0.0,0.0,0.1,0.1,0.111,0.2,0.111,0.311,0.12891,0.03923,0.00387,0.02292,0.08771,0.01115,0.00799,0.22805,0.01738,0.00492,0.1172969823098257,0.1123787404199927
701401,Canyon Brown,KC,25,R,,floor,Depth (no MLB PA),default,MiLB (MLE),5,1.0,0.2,0.9,0.1,0.1,0.0,0.0,0.0,0.1,0.1,0.0,0.0,0.3,0.0,0.0,0.1,0.1,0.111,0.2,0.111,0.311,0.12998,0.03482,0.00308,0.02293,0.07829,0.01128,0.00849,0.25096,0.01802,0.00508,0.1126208892977148,0.1078987151675124
703202,Leandro Arias,BAL,25,S,,floor,Depth (no MLB PA),default,MiLB (MLE),5,1.0,0.2,0.9,0.1,0.1,0.0,0.0,0.0,0.1,0.1,0.0,0.0,0.2,0.0,0.0,0.1,0.1,0.111,0.2,0.111,0.311,0.14087,0.03677,0.00352,0.02294,0.08505,0.01122,0.00826,0.23607,0.01811,0.00512,0.1145364810565329,0.109733986499952
694563,Harold Coll,LAA,25,R,,floor,Depth (no MLB PA),default,MiLB (MLE),5,1.0,0.2,0.9,0.1,0.1,0.0,0.0,0.0,0.1,0.1,0.0,0.0,0.2,0.0,0.0,0.1,0.1,0.111,0.2,0.111,0.311,0.12487,0.03673,0.00446,0.02294,0.08188,0.01122,0.00825,0.24162,0.01867,0.00529,0.106480524616612,0.1020158149002312
814442,Ivan Brethowr,PIT,25,R,,floor,Depth (no MLB PA),default,MiLB (MLE),5,1.0,0.2,0.9,0.1,0.1,0.0,0.0,0.0,0.1,0.1,0.0,0.0,0.2,0.0,0.0,0.1,0.1,0.111,0.2,0.111,0.311,0.12199,0.03811,0.00348,0.02298,0.08663,0.01121,0.00821,0.24916,0.01669,0.0047,0.1104724077295015,0.1058403190545277
800393,Yeremy Cabrera,WSH,25,L,,floor,Depth (no MLB PA),default,MiLB (MLE),5,1.0,0.2,0.9,0.1,0.1,0.0,0.0,0.0,0.1,0.1,0.0,0.0,0.2,0.0,0.0,0.1,0.1,0.111,0.2,0.111,0.311,0.13621,0.03582,0.00417,0.02298,0.08257,0.0112,0.00818,0.24312,0.01998,0.00561,0.1126552134847328,0.1079316001473905
696264,Tyler Whitaker,HOU,25,R,,floor,Depth (no MLB PA),default,MiLB (MLE),5,1.0,0.2,0.9,0.1,0.1,0.0,0.0,0.0,0.1,0.1,0.0,0.0,0.3,0.0,0.0,0.1,0.1,0.111,0.2,0.111,0.311,0.12926,0.03594,0.00355,0.02302,0.08776,0.01133,0.0087,0.26309,0.02119,0.00601,0.1191467258589332,0.1141509245466025
641779,Charles Leblanc,LAA,31,R,3B,floor,Depth (no MLB PA),default,MLB,3,1.0,0.2,0.9,0.1,0.1,0.0,0.0,0.0,0.1,0.1,0.0,0.0,0.3,0.0,0.0,0.1,0.1,0.111,0.2,0.111,0.311,0.13024,0.04289,0.00344,0.02303,0.09183,0.00661,0.00195,0.27258,0.01852,0.00527,0.1148308394418094,0.100418607030982
672018,Dasan Brown,MIL,25,R,,floor,Depth (no MLB PA),default,MiLB (MLE),5,1.0,0.2,0.9,0.1,0.1,0.0,0.0,0.0,0.1,0.1,0.0,0.0,0.2,0.0,0.0,0.1,0.1,0.111,0.2,0.111,0.311,0.13566,0.03504,0.00261,0.02286,0.087,0.01116,0.00802,0.24001,0.01977,0.00559,0.1172969823098257,0.1123787404199927
501303,Ehire Adrianza,LAA,37,S,3B,floor,Depth (no MLB PA),default,MLB,6,1.0,0.2,0.9,0.1,0.1,0.0,0.0,0.0,0.1,0.1,0.0,0.0,0.3,0.0,0.0,0.1,0.1,0.111,0.2,0.111,0.311,0.1419,0.03966,0.0044,0.022,0.0858,0.008,0.00662,0.25104,0.01528,0.0043,0.0999796083768609,0.0906298710837707
806210,Alfonsin Rosario,CLE,25,R,,floor,Depth (no MLB PA),feed:order+depth,MiLB (MLE),5,1.0,0.2,0.9,0.1,0.1,0.0,0.0,0.0,0.1,0.1,0.0,0.0,0.3,0.0,0.0,0.1,0.1,0.111,0.2,0.111,0.311,0.11357,0.04343,0.00396,0.02205,0.0825,0.01124,0.00835,0.26269,0.01646,0.00464,0.1100028836523031,0.1053904820395136
572204,Trayce Thompson,CWS,36,R,CF,floor,Depth (no MLB PA),default,MLB,5,1.0,0.2,0.9,0.1,0.1,0.0,0.0,0.0,0.1,0.1,0.0,0.0,0.3,0.0,0.0,0.1,0.1,0.111,0.2,0.111,0.311,0.11062,0.03252,0.0025,0.02206,0.11185,0.0092,0.00484,0.34489,0.01495,0.00418,0.107567860695957,0.1094643049913842
694896,Caden Rose,BOS,25,R,,floor,Depth (no MLB PA),default,MiLB (MLE),5,1.0,0.2,0.9,0.1,0.1,0.0,0.0,0.0,0.1,0.1,0.0,0.0,0.2,0.0,0.0,0.1,0.1,0.111,0.2,0.111,0.311,0.12789,0.04095,0.00334,0.0221,0.08588,0.01123,0.00832,0.24834,0.01805,0.00507,0.1139845743829696,0.1092052211763855
689196,Owen Ayers,CHC,26,S,,floor,Depth (no MLB PA),feed:depth,MiLB (MLE),5,1.0,0.2,0.9,0.1,0.1,0.0,0.0,0.0,0.1,0.1,0.0,0.0,0.2,0.0,0.0,0.1,0.1,0.111,0.2,0.111,0.311,0.13654,0.04165,0.00213,0.0221,0.09255,0.01129,0.00853,0.23451,0.01794,0.00502,0.1223269824307857,0.117197833518337
669222,Nick Senzel,CWS,32,R,3B,floor,Depth (no MLB PA),default,MLB,2,1.0,0.2,0.9,0.1,0.1,0.0,0.0,0.0,0.1,0.1,0.0,0.0,0.2,0.0,0.0,0.1,0.1,0.111,0.2,0.111,0.311,0.1439,0.04073,0.00204,0.02211,0.08243,0.00697,0.00316,0.21676,0.01871,0.00562,0.117030828931515,0.0912796183210188
685382,Andrew Navigato,DET,25,R,,floor,Depth (no MLB PA),default,MiLB (MLE),5,1.0,0.2,0.9,0.1,0.1,0.0,0.0,0.0,0.1,0.1,0.0,0.0,0.2,0.0,0.0,0.1,0.1,0.111,0.2,0.111,0.311,0.13675,0.04761,0.00203,0.02212,0.08636,0.01133,0.00867,0.22475,0.01723,0.00484,0.1154184738764934,0.1105789975157071
815906,Angel Feliz,WSH,25,R,,floor,Depth (no MLB PA),default,MiLB (MLE),5,1.0,0.2,0.9,0.1,0.1,0.0,0.0,0.0,0.1,0.1,0.0,0.0,0.2,0.0,0.0,0.1,0.1,0.111,0.2,0.111,0.311,0.12939,0.04136,0.00481,0.02215,0.08273,0.01126,0.00842,0.24296,0.02069,0.00585,0.1126552134847328,0.1079316001473905
811289,Spencer Nivens,KC,25,L,,floor,Depth (no MLB PA),default,MiLB (MLE),5,1.0,0.2,0.9,0.1,0.1,0.0,0.0,0.0,0.1,0.1,0.0,0.0,0.2,0.0,0.0,0.1,0.1,0.111,0.2,0.111,0.311,0.13723,0.04718,0.00503,0.0222,0.08835,0.01135,0.00875,0.2257,0.01931,0.00543,0.1126208892977148,0.1078987151675124
692568,Miguel Ugueto,STL,25,R,,floor,Depth (no MLB PA),default,MiLB (MLE),5,1.0,0.2,0.9,0.1,0.1,0.0,0.0,0.0,0.1,0.1,0.0,0.0,0.2,0.0,0.0,0.1,0.1,0.111,0.2,0.111,0.311,0.13049,0.04519,0.00483,0.02223,0.0749,0.01129,0.00853,0.23456,0.02114,0.00595,0.1090018959870051,0.1044314656114096
686793,J.T. Arruda,TB,25,S,,floor,Depth (no MLB PA),default,MiLB (MLE),5,1.0,0.2,0.9,0.1,0.1,0.0,0.0,0.0,0.1,0.1,0.0,0.0,0.2,0.0,0.0,0.1,0.1,0.111,0.2,0.111,0.311,0.14275,0.03777,0.00208,0.02226,0.09116,0.01129,0.00854,0.2482,0.02222,0.00623,0.1110392798589936,0.1063834223350814
813880,Devin Saltiban,PHI,25,R,,floor,Depth (no MLB PA),default,MiLB (MLE),5,1.0,0.2,0.9,0.1,0.1,0.0,0.0,0.0,0.1,0.1,0.0,0.0,0.2,0.0,0.0,0.1,0.1,0.111,0.2,0.111,0.311,0.13844,0.03846,0.00546,0.02226,0.07919,0.01124,0.00836,0.2481,0.01973,0.00554,0.1171713130868302,0.1122583404854701
809143,Kyle Walker,HOU,25,R,,floor,Depth (no MLB PA),default,MiLB (MLE),5,1.0,0.2,0.9,0.1,0.1,0.0,0.0,0.0,0.1,0.1,0.0,0.0,0.2,0.0,0.0,0.1,0.1,0.111,0.2,0.111,0.311,0.13507,0.04374,0.00347,0.02226,0.08314,0.01123,0.00829,0.23442,0.02093,0.0059,0.1191467258589332,0.1141509245466025
682679,Dayan Frias,CLE,25,S,,floor,Depth (no MLB PA),default,MiLB (MLE),5,1.0,0.2,0.9,0.1,0.1,0.0,0.0,0.0,0.1,0.1,0.0,0.0,0.2,0.0,0.0,0.1,0.1,0.111,0.2,0.111,0.311,0.12301,0.03853,0.00412,0.02229,0.08582,0.01138,0.00887,0.24456,0.02441,0.00688,0.1100028836523031,0.1053904820395136
690991,Mac Horvath,TB,25,R,,floor,Depth (no MLB PA),default,MiLB (MLE),5,1.0,0.2,0.9,0.1,0.1,0.0,0.0,0.0,0.1,0.1,0.0,0.0,0.3,0.0,0.0,0.1,0.1,0.111,0.2,0.111,0.311,0.1457,0.03705,0.00549,0.02256,0.07914,0.01136,0.00883,0.25398,0.02816,0.00775,0.1110392798589936,0.1063834223350814
808285,Alberth Palma,TB,25,R,,floor,Depth (no MLB PA),default,MiLB (MLE),5,1.0,0.2,0.9,0.1,0.1,0.0,0.0,0.0,0.1,0.1,0.0,0.0,0.2,0.0,0.0,0.1,0.1,0.111,0.2,0.111,0.311,0.1401,0.03635,0.00268,0.02237,0.08493,0.01116,0.00801,0.22737,0.0192,0.0054,0.1110392798589936,0.1063834223350814
679881,J.P. Martínez,TEX,31,L,RF,floor,Depth (no MLB PA),default,MLB,5,1.0,0.2,0.9,0.2,0.1,0.1,0.0,0.0,0.3,0.1,0.0,0.0,0.3,0.0,0.0,0.1,0.1,0.222,0.3,0.333,0.633,0.11857,0.0587,0.00391,0.02239,0.07188,0.00646,0.01858,0.26168,0.01381,0.00389,0.1109145864022527,0.1012794269818824
804614,Marco Vargas,NYM,25,L,,floor,Depth (no MLB PA),default,MiLB (MLE),5,1.0,0.2,0.9,0.1,0.1,0.0,0.0,0.0,0.1,0.1,0.0,0.0,0.2,0.0,0.0,0.1,0.1,0.111,0.2,0.111,0.311,0.14603,0.03812,0.00643,0.0224,0.0844,0.01123,0.0083,0.24567,0.02255,0.00628,0.1185244404252146,0.1135547314319469
691285,Junior Franco,ARI,25,L,,floor,Depth (no MLB PA),default,MiLB (MLE),5,1.0,0.2,0.9,0.1,0.1,0.0,0.0,0.0,0.1,0.1,0.0,0.0,0.2,0.0,0.0,0.1,0.1,0.111,0.2,0.111,0.311,0.14442,0.04107,0.00547,0.0224,0.08281,0.01131,0.00862,0.24072,0.02049,0.00584,0.1197021453855344,0.1146830554298953
700032,Victor Labrada,SEA,25,L,,floor,Depth (no MLB PA),default,MiLB (MLE),5,1.0,0.2,0.9,0.1,0.1,0.0,0.0,0.0,0.1,0.1,0.0,0.0,0.2,0.0,0.0,0.1,0.1,0.111,0.2,0.111,0.311,0.14316,0.04281,0.00343,0.02242,0.08863,0.01143,0.00907,0.23647,0.02361,0.00666,0.1138920715242519,0.1091165969463052
822966,John Taylor,TEX,25,L,,floor,Depth (no MLB PA),feed:order+depth,MiLB (MLE),5,1.0,0.2,0.9,0.1,0.1,0.0,0.0,0.0,0.1,0.1,0.0,0.0,0.2,0.0,0.0,0.1,0.1,0.111,0.2,0.111,0.311,0.13496,0.03569,0.00513,0.02242,0.10089,0.0114,0.00892,0.23908,0.02361,0.00669,0.1092943456639019,0.1047116529246611
804240,Jacob Burke,CWS,25,R,,floor,Depth (no MLB PA),default,MiLB (MLE),5,1.0,0.2,0.9,0.1,0.1,0.0,0.0,0.0,0.1,0.1,0.0,0.0,0.2,0.0,0.0,0.1,0.1,0.111,0.2,0.111,0.311,0.14157,0.03811,0.00401,0.02244,0.07836,0.01128,0.0085,0.23689,0.01953,0.0055,0.1097434769942643,0.1051419522571364
702601,Lamar King Jr.,SD,25,R,,floor,Depth (no MLB PA),default,MiLB (MLE),5,1.0,0.2,0.9,0.1,0.1,0.0,0.0,0.0,0.1,0.1,0.0,0.0,0.2,0.0,0.0,0.1,0.1,0.111,0.2,0.111,0.311,0.13816,0.03805,0.00358,0.02245,0.08236,0.0112,0.0082,0.24032,0.01828,0.00515,0.1148003772844334,0.1099868176053142
807511,Nelly Taylor,BOS,25,L,,floor,Depth (no MLB PA),default,MiLB (MLE),5,1.0,0.2,0.9,0.1,0.1,0.0,0.0,0.0,0.1,0.1,0.0,0.0,0.3,0.0,0.0,0.1,0.1,0.111,0.2,0.111,0.311,0.11223,0.04037,0.00283,0.02246,0.08963,0.01131,0.00863,0.26449,0.02017,0.00567,0.1139845743829696,0.1092052211763855
807951,Rafhlmil Torres,CIN,25,S,,floor,Depth (no MLB PA),default,MiLB (MLE),5,1.0,0.2,0.9,0.1,0.1,0.0,0.0,0.0,0.1,0.1,0.0,0.0,0.2,0.0,0.0,0.1,0.1,0.111,0.2,0.111,0.311,0.14084,0.03994,0.00295,0.02247,0.08274,0.01117,0.00806,0.23159,0.01788,0.00505,0.1096855274705329,0.1050864325467684
800440,Narciso Polanco,TB,25,L,,floor,Depth (no MLB PA),default,MiLB (MLE),5,1.0,0.2,0.9,0.1,0.1,0.0,0.0,0.0,0.1,0.1,0.0,0.0,0.2,0.0,0.0,0.1,0.1,0.111,0.2,0.111,0.311,0.13679,0.03952,0.00427,0.02249,0.08376,0.01126,0.00843,0.23899,0.01951,0.00552,0.1110392798589936,0.1063834223350814
689288,Matt Koperniak,STL,25,L,,floor,Depth (no MLB PA),default,MiLB (MLE),5,1.0,0.2,0.9,0.2,0.2,0.0,0.0,0.0,0.2,0.1,0.0,0.0,0.2,0.0,0.0,0.1,0.1,0.222,0.3,0.222,0.522,0.15069,0.03414,0.00365,0.02249,0.08324,0.01129,0.00854,0.22499,0.01787,0.00505,0.1090018959870051,0.1044314656114096
686810,Brennan Milone,OAK,25,R,,floor,Depth (no MLB PA),default,MiLB (MLE),5,1.0,0.2,0.9,0.1,0.1,0.0,0.0,0.0,0.1,0.1,0.0,0.0,0.3,0.0,0.0,0.1,0.1,0.111,0.2,0.111,0.311,0.12086,0.04098,0.00274,0.02252,0.09802,0.01133,0.00868,0.25826,0.01625,0.00461,0.1137291867017833,0.1089605418558665
670232,Ramón Rodríguez,MIL,25,R,,floor,Depth (no MLB PA),default,MiLB (MLE),5,1.0,0.2,0.9,0.1,0.1,0.0,0.0,0.0,0.1,0.1,0.0,0.0,0.2,0.0,0.0,0.1,0.1,0.111,0.2,0.111,0.311,0.14863,0.03573,0.00221,0.02255,0.07834,0.0113,0.00855,0.22119,0.0156,0.00439,0.1172969823098257,0.1123787404199927
828262,Jaden Fauske,CWS,21,L,,floor,Depth (no MLB PA),feed:depth,MiLB (MLE),5,1.0,0.2,0.9,0.1,0.1,0.0,0.0,0.0,0.1,0.1,0.0,0.0,0.2,0.0,0.0,0.1,0.1,0.111,0.2,0.111,0.311,0.13569,0.03628,0.00583,0.0223,0.08737,0.01118,0.0081,0.23819,0.01945,0.00548,0.1097434769942643,0.1051419522571364
676632,Bligh Madris,DET,31,L,1B,floor,Depth (no MLB PA),default,MLB,6,1.0,0.2,0.9,0.2,0.1,0.1,0.0,0.0,0.3,0.1,0.0,0.0,0.2,0.0,0.0,0.1,0.1,0.222,0.3,0.333,0.633,0.12982,0.06562,0.00403,0.01307,0.08427,0.00281,0.00492,0.24536,0.01407,0.00399,0.1107713616388346,0.0910995989421656
641432,Willie Calhoun,LAA,32,L,1B,floor,Depth (no MLB PA),default,MLB,5,1.0,0.2,0.9,0.2,0.2,0.0,0.0,0.0,0.2,0.1,0.0,0.0,0.2,0.0,0.0,0.1,0.1,0.222,0.3,0.222,0.522,0.16926,0.04036,0.0005,0.01322,0.09178,0.00515,0.00458,0.15669,0.00759,0.00217,0.1051915498449372,0.0918161014895873
669439,Drew Swift,OAK,25,R,,floor,Depth (no MLB PA),default,MiLB (MLE),5,1.0,0.2,0.9,0.1,0.1,0.0,0.0,0.0,0.1,0.1,0.0,0.0,0.3,0.0,0.0,0.1,0.1,0.111,0.2,0.111,0.311,0.14889,0.03616,0.00239,0.01331,0.10809,0.01143,0.00906,0.25847,0.02412,0.00681,0.1137291867017833,0.1089605418558665
675659,Greg Jones,MIL,29,S,LF,floor,Depth (no MLB PA),default,MLB,0,1.0,0.2,0.9,0.2,0.2,0.0,0.0,0.0,0.2,0.1,0.0,0.0,0.3,0.0,0.0,0.1,0.1,0.222,0.3,0.222,0.522,0.15313,0.03178,0.00233,0.01331,0.07053,0.00772,0.00481,0.28187,0.0,0.0,0.1163092182482693,0.1109485403725308
703185,Nelson Rada,LAA,22,L,,floor,Depth (no MLB PA),feed:depth,MiLB (MLE),5,1.0,0.2,0.9,0.2,0.2,0.0,0.0,0.0,0.2,0.1,0.0,0.0,0.2,0.0,0.0,0.1,0.1,0.222,0.3,0.222,0.522,0.1601,0.03706,0.00586,0.01353,0.09639,0.01146,0.00915,0.23114,0.03454,0.00957,0.106480524616612,0.1020158149002312
593160,Whit Merrifield,ATL,38,R,2B,floor,Depth (no MLB PA),default,MLB,2,1.0,0.2,0.9,0.2,0.2,0.0,0.0,0.0,0.2,0.1,0.0,0.0,0.2,0.0,0.0,0.1,0.1,0.222,0.3,0.222,0.522,0.16672,0.04427,0.00648,0.01359,0.0747,0.00429,0.00913,0.17226,0.03884,0.01105,0.1173810245108305,0.093303920955839
592200,Curt Casali,SF,38,R,C,floor,Depth (no MLB PA),default,MLB,6,1.0,0.2,0.9,0.1,0.1,0.0,0.0,0.0,0.1,0.1,0.0,0.0,0.2,0.0,0.0,0.1,0.1,0.111,0.2,0.111,0.311,0.14377,0.03258,0.00028,0.01375,0.10521,0.01399,0.00523,0.23454,0.00704,0.00198,0.1000018684958144,0.0867335969957515
547989,José Abreu,HOU,40,R,1B,floor,Depth (no MLB PA),default,MLB,5,1.0,0.2,0.9,0.2,0.2,0.0,0.0,0.0,0.2,0.1,0.0,0.0,0.2,0.0,0.0,0.1,0.1,0.222,0.3,0.222,0.522,0.16045,0.02059,0.00075,0.01382,0.07513,0.01374,0.00766,0.2033,0.00314,0.0009,0.1104929110333896,0.1173072676351462
543257,Robbie Grossman,KC,37,S,RF,floor,Depth (no MLB PA),default,MLB,7,1.0,0.2,0.9,0.1,0.1,0.0,0.0,0.0,0.1,0.1,0.0,0.0,0.2,0.0,0.0,0.1,0.1,0.111,0.2,0.111,0.311,0.13508,0.03552,0.00297,0.01414,0.12036,0.00784,0.01163,0.2494,0.01184,0.0033,0.0934259429902183,0.087182398951959
675448,Blake Hunt,SD,28,R,C,floor,Depth (no MLB PA),default,MLB,0,1.0,0.2,0.9,0.2,0.2,0.0,0.0,0.0,0.2,0.1,0.0,0.0,0.2,0.0,0.0,0.1,0.1,0.222,0.3,0.222,0.522,0.1582,0.0331,0.00213,0.01435,0.08059,0.01043,0.0065,0.24736,0.0,0.0,0.1138336372651961,0.1085870586191268
665782,Luis De Los Santos,TOR,29,R,3B,floor,Depth (no MLB PA),default,MLB,5,1.0,0.2,0.9,0.2,0.1,0.1,0.0,0.0,0.3,0.1,0.0,0.0,0.2,0.0,0.0,0.1,0.1,0.222,0.3,0.333,0.633,0.13728,0.05562,0.00224,0.01469,0.07949,0.0078,0.00486,0.24388,0.01631,0.0046,0.1078879117062013,0.1007857574529386
641511,Jason Delay,PIT,32,R,C,floor,Depth (no MLB PA),default,MLB,5,1.0,0.2,0.9,0.1,0.1,0.0,0.0,0.0,0.1,0.1,0.0,0.0,0.2,0.0,0.0,0.1,0.1,0.111,0.2,0.111,0.311,0.14639,0.04683,0.00216,0.01471,0.07444,0.01259,0.00335,0.243,0.01165,0.00335,0.1101332380566478,0.0969346925015968
542963,Rob Brantly,MIA,37,L,C,floor,Depth (no MLB PA),default,MLB,0,1.0,0.2,0.9,0.2,0.2,0.0,0.0,0.0,0.2,0.1,0.0,0.0,0.2,0.0,0.0,0.1,0.1,0.222,0.3,0.222,0.522,0.17079,0.02982,0.00275,0.01472,0.07388,0.00875,0.00545,0.22129,0.0,0.0,0.1073907841118627,0.1024411557924819
685332,Carlos Mendoza,TOR,25,L,,floor,Depth (no MLB PA),default,MiLB (MLE),5,1.0,0.2,0.9,0.1,0.1,0.0,0.0,0.0,0.1,0.1,0.0,0.0,0.2,0.0,0.0,0.1,0.1,0.111,0.2,0.111,0.311,0.13495,0.0368,0.00159,0.02062,0.10619,0.01141,0.00898,0.22161,0.01884,0.00544,0.1119841749477096,0.1072886981384986
694170,Dyan Jorge,COL,25,R,,floor,Depth (no MLB PA),default,MiLB (MLE),5,1.0,0.2,0.9,0.1,0.1,0.0,0.0,0.0,0.1,0.1,0.0,0.0,0.2,0.0,0.0,0.1,0.1,0.111,0.2,0.111,0.311,0.14917,0.03215,0.00316,0.01494,0.08868,0.01138,0.00887,0.24269,0.0324,0.00909,0.1064575033399691,0.1019937589016792
592273,Brandon Drury,LAA,34,R,2B,floor,Depth (no MLB PA),default,MLB,4,1.0,0.2,0.9,0.1,0.1,0.0,0.0,0.0,0.1,0.1,0.0,0.0,0.2,0.0,0.0,0.1,0.1,0.111,0.2,0.111,0.311,0.14602,0.03058,0.0009,0.01496,0.0634,0.01383,0.008,0.24003,0.00663,0.00195,0.1078162013727677,0.1094227496389131
671117,Darren Baker,WSH,28,L,2B,floor,Depth (no MLB PA),default,MLB,0,1.0,0.2,0.9,0.2,0.1,0.1,0.0,0.0,0.3,0.1,0.0,0.0,0.2,0.0,0.0,0.1,0.1,0.222,0.3,0.333,0.633,0.1499,0.0504,0.00201,0.01504,0.07613,0.00921,0.00574,0.22701,0.0,0.0,0.1117065380027561,0.1065579971057784
688460,Josh Kasevich,TOR,25,R,,floor,Depth (no MLB PA),default,MiLB (MLE),5,1.0,0.2,0.9,0.2,0.2,0.0,0.0,0.0,0.2,0.1,0.0,0.0,0.2,0.0,0.0,0.1,0.1,0.222,0.3,0.222,0.522,0.16749,0.03848,0.00405,0.01509,0.08633,0.01147,0.00917,0.18852,0.01657,0.00472,0.1119841749477096,0.1072886981384986
658668,Edward Olivares,PIT,31,R,RF,floor,Depth (no MLB PA),default,MLB,2,1.0,0.2,0.9,0.2,0.2,0.0,0.0,0.0,0.2,0.1,0.0,0.0,0.2,0.0,0.0,0.1,0.1,0.222,0.3,0.222,0.522,0.17574,0.04111,0.00189,0.0151,0.06707,0.0138,0.00884,0.19355,0.02324,0.00682,0.1199982302556506,0.1027781014367626
686551,Christian Cairo,NYM,25,R,,floor,Depth (no MLB PA),default,MiLB (MLE),5,1.0,0.2,0.9,0.1,0.1,0.0,0.0,0.0,0.1,0.1,0.0,0.0,0.2,0.0,0.0,0.1,0.1,0.111,0.2,0.111,0.311,0.13754,0.0322,0.00236,0.01533,0.1149,0.01145,0.00911,0.20869,0.02778,0.00804,0.1185244404252146,0.1135547314319469
686823,Will Brennan,CLE,29,L,RF,floor,Depth (no MLB PA),default,MLB,6,1.0,0.2,1.0,0.2,0.2,0.0,0.0,0.0,0.2,0.0,0.0,0.0,0.1,0.0,0.0,0.1,0.1,0.2,0.2,0.2,0.4,0.17096,0.03473,0.00432,0.01539,0.04879,0.01089,0.00358,0.14679,0.02209,0.00642,0.1010675616994932,0.0949788055955807
667452,Corey Julks,CWS,31,R,RF,floor,Depth (no MLB PA),default,MLB,6,1.0,0.2,0.9,0.1,0.1,0.0,0.0,0.0,0.1,0.1,0.0,0.0,0.2,0.0,0.0,0.1,0.1,0.111,0.2,0.111,0.311,0.13144,0.04504,0.00251,0.01565,0.07114,0.00299,0.00726,0.24282,0.02733,0.00766,0.1050745659116136,0.0964106072015401
701298,Phillip Glasser,WSH,25,L,,floor,Depth (no MLB PA),default,MiLB (MLE),5,1.0,0.2,0.9,0.2,0.2,0.0,0.0,0.0,0.2,0.1,0.0,0.0,0.2,0.0,0.0,0.1,0.1,0.222,0.3,0.222,0.522,0.15901,0.03685,0.00271,0.01571,0.09419,0.01142,0.00899,0.20779,0.01989,0.0056,0.1126552134847328,0.1079316001473905
607054,Jace Peterson,ARI,37,L,SS,floor,Depth (no MLB PA),default,MLB,6,1.0,0.2,0.9,0.1,0.1,0.0,0.0,0.0,0.1,0.1,0.0,0.0,0.2,0.0,0.0,0.1,0.1,0.111,0.2,0.111,0.311,0.13154,0.04855,0.0059,0.01591,0.09944,0.00772,0.00853,0.24468,0.02612,0.00702,0.1065874103340841,0.0984812650500813
690914,Brody Moore,STL,25,R,,floor,Depth (no MLB PA),default,MiLB (MLE),5,1.0,0.2,0.9,0.2,0.2,0.0,0.0,0.0,0.2,0.1,0.0,0.0,0.2,0.0,0.0,0.1,0.1,0.222,0.3,0.222,0.522,0.15145,0.04156,0.00178,0.01597,0.08138,0.01138,0.00887,0.22712,0.02364,0.00674,0.1090018959870051,0.1044314656114096
595909,Jake Cave,COL,34,L,RF,floor,Depth (no MLB PA),default,MLB,5,1.0,0.2,0.9,0.1,0.1,0.0,0.0,0.0,0.1,0.1,0.0,0.0,0.3,0.0,0.0,0.1,0.1,0.111,0.2,0.111,0.311,0.14398,0.04383,0.0066,0.01641,0.06324,0.00347,0.00913,0.27278,0.01553,0.00435,0.1010132292656531,0.0989027559538257
641820,Trey Mancini,CHC,35,R,1B,floor,Depth (no MLB PA),default,MLB,6,1.0,0.2,0.9,0.2,0.1,0.1,0.0,0.0,0.3,0.1,0.0,0.0,0.3,0.0,0.0,0.1,0.1,0.222,0.3,0.333,0.633,0.12984,0.05539,0.00313,0.01684,0.08226,0.01321,0.00988,0.25136,0.00589,0.00166,0.1071004922492695,0.1079696576507514
674441,Jacob Hurtubise,CIN,29,L,LF,floor,Depth (no MLB PA),default,MLB,5,1.0,0.2,0.9,0.1,0.1,0.0,0.0,0.0,0.1,0.1,0.0,0.0,0.3,0.0,0.0,0.1,0.1,0.111,0.2,0.111,0.311,0.13449,0.03652,0.00368,0.01698,0.08241,0.03501,0.0093,0.25231,0.01999,0.00559,0.1075591676836041,0.0965425072490637
682515,Logan Porter,KC,31,R,C,floor,Depth (no MLB PA),default,MLB,5,1.0,0.2,0.9,0.1,0.1,0.0,0.0,0.0,0.1,0.1,0.0,0.0,0.2,0.0,0.0,0.1,0.1,0.111,0.2,0.111,0.311,0.14573,0.03615,0.00279,0.01491,0.10033,0.02107,0.00406,0.24241,0.01856,0.00523,0.1124825829424369,0.105675934457689
672359,Tirso Ornelas,SD,27,L,LF,floor,Depth (no MLB PA),default,MLB,0,1.0,0.2,0.9,0.2,0.1,0.0,0.0,0.1,0.5,0.1,0.0,0.0,0.2,0.0,0.0,0.1,0.1,0.222,0.3,0.556,0.856,0.14092,0.02211,0.00203,0.05139,0.08679,0.00903,0.00563,0.21745,0.0,0.0,0.1138336372651961,0.1085870586191268
621311,David Dahl,PHI,33,L,LF,floor,Depth (no MLB PA),default,MLB,5,1.0,0.2,0.9,0.2,0.1,0.0,0.0,0.1,0.5,0.1,0.0,0.0,0.3,0.0,0.0,0.1,0.1,0.222,0.3,0.556,0.856,0.13527,0.0211,0.00206,0.05171,0.07044,0.00573,0.01003,0.25898,0.01452,0.00409,0.112381678709772,0.1128955879776967
624414,Christian Arroyo,BOS,32,R,2B,floor,Depth (no MLB PA),default,MLB,5,1.0,0.2,0.9,0.2,0.1,0.0,0.0,0.1,0.5,0.1,0.0,0.0,0.2,0.0,0.0,0.1,0.1,0.222,0.3,0.556,0.856,0.13809,0.03972,0.00244,0.05183,0.05128,0.00808,0.00758,0.20248,0.01468,0.00425,0.1065855756949523,0.1091952225295098
592325,Ben Gamel,HOU,35,L,RF,floor,Depth (no MLB PA),default,MLB,2,1.0,0.2,0.9,0.2,0.2,0.0,0.0,0.0,0.2,0.1,0.0,0.0,0.2,0.0,0.0,0.1,0.1,0.222,0.3,0.222,0.522,0.167,0.03431,0.00323,0.00833,0.11191,0.00611,0.00246,0.23388,0.01551,0.00434,0.1314376512633284,0.1101166582148877
666703,Eguy Rosario,SD,27,R,3B,floor,Depth (no MLB PA),default,MLB,5,1.0,0.2,0.9,0.2,0.1,0.0,0.0,0.1,0.5,0.1,0.0,0.0,0.3,0.0,0.0,0.1,0.1,0.222,0.3,0.556,0.856,0.09893,0.04428,0.00256,0.05666,0.06622,0.01017,0.003,0.27114,0.01215,0.00342,0.1131790737105042,0.1115980509707098
682183,Drew Avans,MIL,31,L,LF,floor,Depth (no MLB PA),default,MLB,0,1.0,0.2,0.9,0.2,0.2,0.0,0.0,0.0,0.2,0.1,0.0,0.0,0.2,0.0,0.0,0.1,0.1,0.222,0.3,0.222,0.522,0.17501,0.03045,0.00261,0.00083,0.07314,0.00884,0.01547,0.24064,0.0,0.0,0.1163092182482693,0.1109485403725308
702358,Trey Lipscomb,WSH,27,R,3B,floor,Depth (no MLB PA),default,MLB,6,1.0,0.2,0.9,0.2,0.2,0.0,0.0,0.0,0.2,0.1,0.0,0.0,0.2,0.0,0.0,0.1,0.1,0.222,0.3,0.222,0.522,0.18705,0.02167,0.00188,0.00286,0.07687,0.0095,0.00514,0.20914,0.03442,0.00956,0.1067161096861079,0.0846692867664202
657061,Cole Tucker,LAA,30,S,3B,floor,Depth (no MLB PA),default,MLB,6,1.0,0.2,0.9,0.2,0.1,0.1,0.0,0.0,0.3,0.1,0.0,0.0,0.3,0.0,0.0,0.1,0.1,0.222,0.3,0.333,0.633,0.13801,0.05409,0.00904,0.00348,0.0735,0.00872,0.00721,0.2722,0.02332,0.00657,0.0934319901526289,0.0882480698752412
640492,José Azócar,SD,31,R,RF,floor,Depth (no MLB PA),default,MLB,1,1.0,0.2,0.9,0.2,0.2,0.0,0.0,0.0,0.2,0.1,0.0,0.0,0.2,0.0,0.0,0.1,0.1,0.222,0.3,0.222,0.522,0.19872,0.02676,0.00157,0.00359,0.06322,0.00543,0.00294,0.21829,0.04324,0.01262,0.1219804359689774,0.0802394215966987
693049,Oscar Colás,CWS,28,L,RF,floor,Depth (no MLB PA),default,MLB,2,1.0,0.2,0.9,0.2,0.2,0.0,0.0,0.0,0.2,0.1,0.0,0.0,0.3,0.0,0.0,0.1,0.1,0.222,0.3,0.222,0.522,0.18717,0.02015,0.00099,0.00365,0.06433,0.00988,0.00653,0.25644,0.02122,0.0062,0.1133149533069724,0.0970267109320342
623520,David Bote,CHC,34,R,3B,floor,Depth (no MLB PA),default,MLB,5,1.0,0.2,0.9,0.2,0.2,0.0,0.0,0.0,0.2,0.1,0.0,0.0,0.3,0.0,0.0,0.1,0.1,0.222,0.3,0.222,0.522,0.16071,0.03691,0.00235,0.00397,0.06486,0.01855,0.00594,0.27584,0.01455,0.00409,0.119687294915174,0.1153092765965985
605346,Jack López,LAA,34,R,2B,floor,Depth (no MLB PA),default,MLB,6,1.0,0.2,0.9,0.2,0.2,0.0,0.0,0.0,0.2,0.1,0.0,0.0,0.3,0.0,0.0,0.1,0.1,0.222,0.3,0.222,0.522,0.1659,0.03393,0.00283,0.00485,0.06585,0.01213,0.00357,0.26745,0.01812,0.00518,0.0976164879621238,0.0990455686872415
641645,Luis Guillorme,ARI,32,L,3B,floor,Depth (no MLB PA),default,MLB,9,1.0,0.2,0.9,0.2,0.2,0.0,0.0,0.0,0.2,0.1,0.0,0.0,0.2,0.0,0.0,0.1,0.1,0.222,0.3,0.222,0.522,0.16413,0.04054,0.0033,0.00539,0.09661,0.00377,0.00467,0.19739,0.01125,0.0032,0.096769734374832,0.0756118551685292
676113,Zach DeLoach,CWS,28,L,RF,floor,Depth (no MLB PA),default,MLB,2,1.0,0.2,0.9,0.2,0.1,0.1,0.0,0.0,0.3,0.1,0.0,0.0,0.2,0.0,0.0,0.1,0.1,0.222,0.3,0.333,0.633,0.14158,0.05482,0.00318,0.00558,0.08942,0.00559,0.00348,0.246,0.01778,0.00508,0.1217671263596885,0.1017437551186298
623912,Harold Ramírez,WSH,32,R,RF,floor,Depth (no MLB PA),default,MLB,4,1.0,0.2,1.0,0.2,0.2,0.0,0.0,0.0,0.2,0.0,0.0,0.0,0.2,0.0,0.0,0.1,0.1,0.2,0.2,0.2,0.4,0.18288,0.0343,0.00426,0.01298,0.04582,0.0145,0.00944,0.19226,0.01733,0.00519,0.1111333798990619,0.1232092282217236
571466,Tucker Barnhart,ARI,36,L,C,floor,Depth (no MLB PA),default,MLB,8,1.0,0.2,0.9,0.1,0.1,0.0,0.0,0.0,0.1,0.1,0.0,0.0,0.3,0.0,0.0,0.1,0.1,0.111,0.2,0.111,0.311,0.14019,0.03867,0.00126,0.009,0.09087,0.00605,0.00243,0.27246,0.00733,0.00205,0.0920131491239857,0.0853665299986311
622534,Manuel Margot,MIN,32,R,RF,floor,Depth (no MLB PA),default,MLB,6,1.0,0.2,0.9,0.2,0.2,0.0,0.0,0.0,0.2,0.1,0.0,0.0,0.2,0.0,0.0,0.1,0.1,0.222,0.3,0.222,0.522,0.18426,0.03551,0.00219,0.00981,0.06117,0.00839,0.00732,0.18335,0.02123,0.00596,0.1031674474479829,0.1033075662163445
663905,Travis Blankenhorn,WSH,30,L,RF,floor,Depth (no MLB PA),default,MLB,5,1.0,0.2,0.9,0.2,0.2,0.0,0.0,0.0,0.2,0.1,0.0,0.0,0.2,0.0,0.0,0.1,0.1,0.222,0.3,0.222,0.522,0.16866,0.02968,0.00128,0.0104,0.085,0.0057,0.00355,0.22857,0.0165,0.00465,0.1040281958205072,0.1057773162404017
665506,Cristian Pache,MIA,28,R,LF,floor,Bench Bat,feed:order+depth,MLB,6,1.0,0.2,0.9,0.2,0.2,0.0,0.0,0.0,0.2,0.1,0.0,0.0,0.3,0.0,0.0,0.1,0.1,0.222,0.3,0.222,0.522,0.15247,0.03198,0.00288,0.01047,0.07811,0.00292,0.00242,0.29233,0.01847,0.00541,0.0925799001388979,0.0936914289553423
669137,Armando Alvarez,OAK,32,R,3B,floor,Depth (no MLB PA),default,MLB,2,1.0,0.2,0.9,0.2,0.2,0.0,0.0,0.0,0.2,0.1,0.0,0.0,0.2,0.0,0.0,0.1,0.1,0.222,0.3,0.222,0.522,0.1644,0.03759,0.00188,0.0105,0.07637,0.00728,0.00454,0.22419,0.01976,0.00555,0.1220393983265716,0.103154367587407
657088,Forrest Wall,MIA,31,L,LF,floor,Depth (no MLB PA),default,MLB,5,1.0,0.2,0.9,0.2,0.2,0.0,0.0,0.0,0.2,0.1,0.0,0.0,0.2,0.0,0.0,0.1,0.1,0.222,0.3,0.222,0.522,0.15768,0.03493,0.00594,0.01054,0.08572,0.00666,0.00415,0.23137,0.03342,0.00966,0.1091578299226205,0.096532002597367
668853,Austin Shenton,TB,29,L,1B,floor,Depth (no MLB PA),default,MLB,5,1.0,0.2,0.9,0.2,0.1,0.1,0.0,0.0,0.3,0.1,0.0,0.0,0.2,0.0,0.0,0.1,0.1,0.222,0.3,0.333,0.633,0.13912,0.05451,0.00221,0.01066,0.09996,0.00666,0.00415,0.2414,0.01486,0.00419,0.1051074446454737,0.101074965534805
672279,Michael Siani,STL,27,L,CF,floor,Depth (no MLB PA),default,MLB,2,1.0,0.2,0.9,0.2,0.2,0.0,0.0,0.0,0.2,0.1,0.0,0.0,0.3,0.0,0.0,0.1,0.1,0.222,0.3,0.222,0.522,0.16612,0.02891,0.00379,0.01095,0.06823,0.00811,0.00326,0.26759,0.03795,0.01033,0.116077457656337,0.0812064125103188
621563,Joey Wendle,NYM,37,L,2B,floor,Depth (no MLB PA),default,MLB,6,1.0,0.2,1.0,0.2,0.2,0.0,0.0,0.0,0.2,0.0,0.0,0.0,0.2,0.0,0.0,0.1,0.1,0.2,0.2,0.2,0.4,0.17607,0.04573,0.00243,0.01131,0.04853,0.00948,0.00794,0.19152,0.02547,0.00705,0.1067655683093447,0.0938526424314397
682617,Marco Luciano,SF,25,R,2B,floor,Depth (no MLB PA),default,MLB,2,1.0,0.2,0.9,0.1,0.1,0.0,0.0,0.0,0.1,0.1,0.0,0.0,0.3,0.0,0.0,0.1,0.1,0.111,0.2,0.111,0.311,0.14959,0.04202,0.00408,0.01145,0.08256,0.0042,0.00262,0.28472,0.01751,0.00499,0.1083527949309794,0.0823964415806772
663967,César Salazar,HOU,31,L,C,floor,Depth (no MLB PA),default,MLB,4,1.0,0.2,0.9,0.2,0.2,0.0,0.0,0.0,0.2,0.1,0.0,0.0,0.2,0.0,0.0,0.1,0.1,0.222,0.3,0.222,0.522,0.15412,0.03214,0.00278,0.01185,0.08694,0.02806,0.01477,0.21184,0.01837,0.00518,0.1219686219976974,0.1255116693719236
605113,Nick Ahmed,SD,37,R,SS,floor,Depth (no MLB PA),default,MLB,7,1.0,0.2,0.9,0.1,0.1,0.0,0.0,0.0,0.1,0.1,0.0,0.0,0.2,0.0,0.0,0.1,0.1,0.111,0.2,0.111,0.311,0.14921,0.03735,0.00273,0.01188,0.05917,0.00315,0.00595,0.24004,0.0166,0.00473,0.0934414649844086,0.0910850361875176
649557,Aledmys Díaz,HOU,36,R,SS,floor,Depth (no MLB PA),default,MLB,6,1.0,0.2,0.9,0.2,0.2,0.0,0.0,0.0,0.2,0.1,0.0,0.0,0.2,0.0,0.0,0.1,0.1,0.222,0.3,0.222,0.522,0.16963,0.04397,0.00307,0.01198,0.05688,0.0122,0.00815,0.19675,0.01036,0.00293,0.1037621661690779,0.1019227079452909
656185,Greg Allen,NYY,34,S,CF,floor,Depth (no MLB PA),default,MLB,2,1.0,0.2,0.9,0.1,0.1,0.0,0.0,0.0,0.1,0.1,0.0,0.0,0.3,0.0,0.0,0.1,0.1,0.111,0.2,0.111,0.311,0.13796,0.04413,0.00291,0.01265,0.07387,0.01848,0.00592,0.27568,0.03163,0.00891,0.1385697009329551,0.1055055369993277
669374,Keston Hiura,LAA,30,R,1B,floor,Depth (no MLB PA),default,MLB,5,1.0,0.2,0.9,0.1,0.1,0.0,0.0,0.0,0.1,0.1,0.0,0.0,0.3,0.0,0.0,0.1,0.1,0.111,0.2,0.111,0.311,0.12394,0.04073,0.00188,0.00896,0.07283,0.02915,0.00384,0.33758,0.01923,0.00553,0.1044256372994493,0.0994658865475703
688005,Francisco Urbaez,CIN,25,R,,floor,Depth (no MLB PA),default,MiLB (MLE),5,1.0,0.2,0.9,0.1,0.1,0.0,0.0,0.0,0.1,0.1,0.0,0.0,0.2,0.0,0.0,0.1,0.1,0.111,0.2,0.111,0.311,0.14369,0.04609,0.00254,0.0195,0.08238,0.01144,0.00906,0.20727,0.0136,0.00384,0.1096855274705329,0.1050864325467684
801406,Jared Dickey,OAK,25,L,,floor,Depth (no MLB PA),default,MiLB (MLE),5,1.0,0.2,0.9,0.1,0.1,0.0,0.0,0.0,0.1,0.1,0.0,0.0,0.2,0.0,0.0,0.1,0.1,0.111,0.2,0.111,0.311,0.14451,0.03533,0.00484,0.0195,0.0992,0.01142,0.00899,0.21429,0.01589,0.00446,0.1137291867017833,0.1089605418558665
660707,Elehuris Montero,COL,28,R,1B,floor,Depth (no MLB PA),default,MLB,5,1.0,0.2,0.9,0.2,0.1,0.1,0.0,0.0,0.3,0.1,0.0,0.0,0.3,0.0,0.0,0.1,0.1,0.222,0.3,0.333,0.633,0.12002,0.05154,0.00178,0.01957,0.06339,0.00813,0.0078,0.29147,0.00522,0.00147,0.1051594688694203,0.1070271443666128
666931,Jared Oliva,SF,31,R,CF,floor,Depth (no MLB PA),default,MLB,0,1.0,0.2,0.9,0.1,0.1,0.0,0.0,0.0,0.1,0.1,0.0,0.0,0.2,0.0,0.0,0.1,0.1,0.111,0.2,0.111,0.311,0.14933,0.0447,0.00326,0.01958,0.07804,0.00996,0.00621,0.22316,0.0,0.0,0.1075158000263159,0.1025604097384788
696140,Ethan Murray,MIL,25,R,,floor,Depth (no MLB PA),default,MiLB (MLE),5,1.0,0.2,0.9,0.1,0.1,0.0,0.0,0.0,0.1,0.1,0.0,0.0,0.2,0.0,0.0,0.1,0.1,0.111,0.2,0.111,0.311,0.14419,0.03094,0.00382,0.01959,0.08575,0.0114,0.00896,0.24723,0.01934,0.00555,0.1172969823098257,0.1123787404199927
815151,Mac McCroskey,LAA,25,R,,floor,Depth (no MLB PA),default,MiLB (MLE),5,1.0,0.2,0.9,0.1,0.1,0.0,0.0,0.0,0.1,0.1,0.0,0.0,0.3,0.0,0.0,0.1,0.1,0.111,0.2,0.111,0.311,0.13404,0.03368,0.00299,0.01965,0.08838,0.01129,0.00853,0.26129,0.02045,0.00578,0.106480524616612,0.1020158149002312
806077,Kendall George,LAD,23,L,,floor,Depth (no MLB PA),feed:depth,MiLB (MLE),5,1.0,0.2,0.9,0.2,0.2,0.0,0.0,0.0,0.2,0.1,0.0,0.0,0.2,0.0,0.0,0.1,0.1,0.222,0.3,0.222,0.522,0.16355,0.03963,0.00428,0.01968,0.08547,0.01125,0.00835,0.23088,0.0257,0.00719,0.1271758659241691,0.1218434041775241
691020,Carson Tucker,SD,25,R,,floor,Depth (no MLB PA),default,MiLB (MLE),5,1.0,0.2,0.9,0.1,0.1,0.0,0.0,0.0,0.1,0.1,0.0,0.0,0.3,0.0,0.0,0.1,0.1,0.111,0.2,0.111,0.311,0.14677,0.04188,0.00402,0.01971,0.0813,0.01128,0.00849,0.25073,0.02004,0.00565,0.1148003772844334,0.1099868176053142
614173,Franchy Cordero,NYY,32,L,RF,floor,Depth (no MLB PA),default,MLB,3,1.0,0.2,0.9,0.1,0.1,0.0,0.0,0.0,0.1,0.1,0.0,0.0,0.3,0.0,0.0,0.1,0.1,0.111,0.2,0.111,0.311,0.13119,0.03911,0.00272,0.01983,0.08252,0.0043,0.00584,0.29972,0.01554,0.00438,0.1292040740874273,0.1244884372060926
814455,Nick Mitchell,WSH,25,L,,floor,Depth (no MLB PA),default,MiLB (MLE),5,1.0,0.2,0.9,0.1,0.1,0.0,0.0,0.0,0.1,0.1,0.0,0.0,0.2,0.0,0.0,0.1,0.1,0.111,0.2,0.111,0.311,0.14642,0.0359,0.0042,0.01987,0.08878,0.01136,0.00877,0.22791,0.02204,0.0062,0.1126552134847328,0.1079316001473905
660766,Juan Yepez,WSH,29,R,1B,floor,Depth (no MLB PA),default,MLB,5,1.0,0.2,0.9,0.2,0.2,0.0,0.0,0.0,0.2,0.1,0.0,0.0,0.2,0.0,0.0,0.1,0.1,0.222,0.3,0.222,0.522,0.15809,0.04082,0.00146,0.01987,0.06865,0.00564,0.01104,0.21408,0.01073,0.00308,0.1093941415154379,0.0992650543380826
702331,Noah Mendlinger,STL,25,L,,floor,Depth (no MLB PA),default,MiLB (MLE),5,1.0,0.2,0.9,0.2,0.2,0.0,0.0,0.0,0.2,0.1,0.0,0.0,0.2,0.0,0.0,0.1,0.1,0.222,0.3,0.222,0.522,0.15554,0.03948,0.0048,0.01997,0.08762,0.01133,0.00866,0.21313,0.01598,0.00452,0.1090018959870051,0.1044314656114096
808706,Asbel Gonzalez,KC,25,R,,floor,Depth (no MLB PA),feed:order+depth,MiLB (MLE),5,1.0,0.2,0.9,0.2,0.2,0.0,0.0,0.0,0.2,0.1,0.0,0.0,0.2,0.0,0.0,0.1,0.1,0.222,0.3,0.222,0.522,0.15235,0.03195,0.00328,0.02,0.08337,0.01126,0.00841,0.24925,0.02616,0.00733,0.1126208892977148,0.1078987151675124
823795,Nick Rodriguez,LAA,25,L,,floor,Depth (no MLB PA),default,MiLB (MLE),5,1.0,0.2,0.9,0.1,0.1,0.0,0.0,0.0,0.1,0.1,0.0,0.0,0.2,0.0,0.0,0.1,0.1,0.111,0.2,0.111,0.311,0.14159,0.0448,0.00245,0.017,0.08276,0.01138,0.00886,0.24561,0.01955,0.0056,0.106480524616612,0.1020158149002312
703673,Kasen Wells,SD,25,L,,floor,Depth (no MLB PA),default,MiLB (MLE),5,1.0,0.2,0.9,0.1,0.1,0.0,0.0,0.0,0.1,0.1,0.0,0.0,0.2,0.0,0.0,0.1,0.1,0.111,0.2,0.111,0.311,0.14808,0.036,0.00231,0.02012,0.0843,0.01125,0.00838,0.23683,0.02027,0.00572,0.1148003772844334,0.1099868176053142
803172,Griff O'Ferrall,BAL,25,R,,floor,Depth (no MLB PA),default,MiLB (MLE),5,1.0,0.2,0.9,0.1,0.1,0.0,0.0,0.0,0.1,0.1,0.0,0.0,0.2,0.0,0.0,0.1,0.1,0.111,0.2,0.111,0.311,0.13626,0.03529,0.00184,0.02013,0.08436,0.01135,0.00878,0.24319,0.02318,0.00647,0.1145364810565329,0.109733986499952
804645,Caden Connor,CWS,25,L,,floor,Depth (no MLB PA),default,MiLB (MLE),5,1.0,0.2,0.9,0.1,0.1,0.0,0.0,0.0,0.1,0.1,0.0,0.0,0.2,0.0,0.0,0.1,0.1,0.111,0.2,0.111,0.311,0.1484,0.04105,0.00276,0.02017,0.08296,0.01141,0.00896,0.21768,0.02242,0.00641,0.1097434769942643,0.1051419522571364
691186,Arol Vera,LAA,25,S,,floor,Depth (no MLB PA),default,MiLB (MLE),5,1.0,0.2,0.9,0.1,0.1,0.0,0.0,0.0,0.1,0.1,0.0,0.0,0.2,0.0,0.0,0.1,0.1,0.111,0.2,0.111,0.311,0.13534,0.04167,0.00411,0.02025,0.0809,0.01122,0.00826,0.23961,0.01637,0.00462,0.106480524616612,0.1020158149002312
693306,Aaron Sabato,MIN,28,R,1B,floor,Strong Side Platoon,feed:order+depth,MLB,0,1.0,0.2,0.9,0.1,0.1,0.0,0.0,0.0,0.1,0.1,0.0,0.0,0.2,0.0,0.0,0.1,0.1,0.111,0.2,0.111,0.311,0.14955,0.03757,0.00312,0.02037,0.07864,0.01007,0.00628,0.24138,0.0,0.0,0.113135896968568,0.1079214770888242
702789,Austin Gauthier,LAD,25,R,,floor,Depth (no MLB PA),default,MiLB (MLE),5,1.0,0.2,0.9,0.1,0.1,0.0,0.0,0.0,0.1,0.1,0.0,0.0,0.2,0.0,0.0,0.1,0.1,0.111,0.2,0.111,0.311,0.13924,0.03103,0.00282,0.02041,0.09849,0.01139,0.00891,0.24512,0.01732,0.00485,0.1271758659241691,0.1218434041775241
605204,J.D. Davis,NYY,34,R,1B,floor,Depth (no MLB PA),default,MLB,5,1.0,0.2,0.9,0.1,0.1,0.0,0.0,0.0,0.1,0.1,0.0,0.0,0.3,0.0,0.0,0.1,0.1,0.111,0.2,0.111,0.311,0.12609,0.03387,0.0015,0.02044,0.09049,0.01328,0.00721,0.28556,0.00487,0.00138,0.1217859724504321,0.1149039873034263
700321,Andy Perez,COL,25,L,,floor,Depth (no MLB PA),default,MiLB (MLE),5,1.0,0.2,0.9,0.2,0.2,0.0,0.0,0.0,0.2,0.1,0.0,0.0,0.2,0.0,0.0,0.1,0.1,0.222,0.3,0.222,0.522,0.15871,0.04374,0.00318,0.02049,0.06917,0.01138,0.00889,0.22248,0.02293,0.00649,0.1064575033399691,0.1019937589016792
692348,Aeverson Arteaga,SF,25,R,,floor,Depth (no MLB PA),default,MiLB (MLE),5,1.0,0.2,0.9,0.1,0.1,0.0,0.0,0.0,0.1,0.1,0.0,0.0,0.2,0.0,0.0,0.1,0.1,0.111,0.2,0.111,0.311,0.14476,0.03894,0.00445,0.02051,0.07534,0.01135,0.00877,0.24634,0.0156,0.00442,0.1084288853768579,0.1038824812356177
836058,Ely Brown,CWS,25,L,,floor,Depth (no MLB PA),default,MiLB (MLE),5,1.0,0.2,0.9,0.1,0.1,0.0,0.0,0.0,0.1,0.1,0.0,0.0,0.2,0.0,0.0,0.1,0.1,0.111,0.2,0.111,0.311,0.14402,0.03776,0.0037,0.02051,0.09073,0.01128,0.00847,0.23076,0.02007,0.00567,0.1097434769942643,0.1051419522571364
668472,Nick Pratto,KC,28,L,P,floor,Depth (no MLB PA),default,MLB,5,1.0,0.2,0.9,0.1,0.1,0.0,0.0,0.0,0.1,0.1,0.0,0.0,0.3,0.0,0.0,0.1,0.1,0.111,0.2,0.111,0.311,0.10263,0.0459,0.00243,0.02052,0.08647,0.01255,0.01211,0.34899,0.00876,0.00249,0.1062489179295546,0.1085803679185248
686499,Clark Elliott,OAK,25,L,,floor,Depth (no MLB PA),default,MiLB (MLE),5,1.0,0.2,0.9,0.1,0.1,0.0,0.0,0.0,0.1,0.1,0.0,0.0,0.3,0.0,0.0,0.1,0.1,0.111,0.2,0.111,0.311,0.12689,0.03266,0.00259,0.02057,0.10636,0.01135,0.00876,0.25718,0.02101,0.00591,0.1137291867017833,0.1089605418558665
680769,CJ Alexander,OAK,30,L,1B,floor,Depth (no MLB PA),default,MLB,0,1.0,0.2,0.9,0.1,0.1,0.0,0.0,0.0,0.1,0.1,0.0,0.0,0.3,0.0,0.0,0.1,0.1,0.111,0.2,0.111,0.311,0.14564,0.03987,0.00158,0.02057,0.07047,0.00824,0.00514,0.26047,0.0,0.0,0.112771467234821,0.1075738438776605
699043,Yamal Encarnacion,HOU,25,S,,floor,Depth (no MLB PA),default,MiLB (MLE),5,1.0,0.2,0.9,0.1,0.1,0.0,0.0,0.0,0.1,0.1,0.0,0.0,0.2,0.0,0.0,0.1,0.1,0.111,0.2,0.111,0.311,0.14531,0.04027,0.00532,0.02062,0.08227,0.01133,0.00866,0.23064,0.02916,0.00815,0.1191467258589332,0.1141509245466025
571945,Miles Mikolas,WSH,38,R,P,floor,Depth (no MLB PA),default,MLB,0,1.0,0.2,0.9,0.1,0.1,0.0,0.0,0.0,0.1,0.1,0.0,0.0,0.2,0.0,0.0,0.1,0.1,0.111,0.2,0.111,0.311,0.14693,0.04452,0.00266,0.02006,0.08199,0.01069,0.00667,0.22584,0.0,0.0,0.1117065380027561,0.1065579971057784
595281,Kevin Kiermaier,LAD,37,L,CF,floor,Depth (no MLB PA),default,MLB,2,1.0,0.2,0.9,0.2,0.2,0.0,0.0,0.0,0.2,0.1,0.0,0.0,0.3,0.0,0.0,0.1,0.1,0.222,0.3,0.222,0.522,0.15358,0.03,0.00636,0.0171,0.06215,0.00771,0.00547,0.2571,0.02597,0.00707,0.1307903379030665,0.1026219991786343
677578,Carlos Rodríguez,SD,25,L,,floor,Depth (no MLB PA),default,MiLB (MLE),5,1.0,0.2,0.9,0.2,0.2,0.0,0.0,0.0,0.2,0.1,0.0,0.0,0.2,0.0,0.0,0.1,0.1,0.222,0.3,0.222,0.522,0.17636,0.03476,0.00869,0.01725,0.086,0.01146,0.00914,0.18882,0.02475,0.00696,0.1148003772844334,0.1099868176053142
694187,Daniel Vazquez,KC,25,R,,floor,Depth (no MLB PA),default,MiLB (MLE),5,1.0,0.2,0.9,0.1,0.1,0.0,0.0,0.0,0.1,0.1,0.0,0.0,0.3,0.0,0.0,0.1,0.1,0.111,0.2,0.111,0.311,0.14296,0.04125,0.00175,0.01729,0.08041,0.01136,0.00882,0.25925,0.01966,0.00554,0.1126208892977148,0.1078987151675124
700931,Seth Stephenson,DET,25,R,,floor,Depth (no MLB PA),default,MiLB (MLE),5,1.0,0.2,0.9,0.1,0.1,0.0,0.0,0.0,0.1,0.1,0.0,0.0,0.2,0.0,0.0,0.1,0.1,0.111,0.2,0.111,0.311,0.14059,0.04347,0.00344,0.01732,0.07536,0.01135,0.00876,0.23539,0.03229,0.00885,0.1154184738764934,0.1105789975157071
810838,Ryan Jackson,SD,25,R,,floor,Depth (no MLB PA),default,MiLB (MLE),5,1.0,0.2,0.9,0.1,0.1,0.0,0.0,0.0,0.1,0.1,0.0,0.0,0.3,0.0,0.0,0.1,0.1,0.111,0.2,0.111,0.311,0.14811,0.03238,0.00401,0.01735,0.08033,0.01136,0.00882,0.25464,0.01953,0.0056,0.1148003772844334,0.1099868176053142
595284,Andrew Knapp,SF,35,S,C,floor,Depth (no MLB PA),default,MLB,5,1.0,0.2,0.9,0.2,0.1,0.1,0.0,0.0,0.3,0.1,0.0,0.0,0.2,0.0,0.0,0.1,0.1,0.222,0.3,0.333,0.633,0.13202,0.05419,0.003,0.01782,0.08409,0.01389,0.01149,0.23747,0.01621,0.00457,0.1055564710449446,0.1014285643560362
699232,Anderdson Rojas,ARI,25,L,,floor,Depth (no MLB PA),default,MiLB (MLE),5,1.0,0.2,0.9,0.2,0.2,0.0,0.0,0.0,0.2,0.1,0.0,0.0,0.2,0.0,0.0,0.1,0.1,0.222,0.3,0.222,0.522,0.15942,0.03617,0.0036,0.01786,0.07702,0.01142,0.00903,0.2251,0.0213,0.00603,0.1197021453855344,0.1146830554298953
519203,Anthony Rizzo,NYY,37,L,1B,floor,Depth (no MLB PA),default,MLB,6,1.0,0.2,0.9,0.2,0.2,0.0,0.0,0.0,0.2,0.1,0.0,0.0,0.2,0.0,0.0,0.1,0.1,0.222,0.3,0.222,0.522,0.16019,0.03028,0.00032,0.01786,0.08512,0.03055,0.00381,0.20327,0.00816,0.00246,0.1176611578233714,0.1109323488163625
672642,Steward Berroa,TOR,28,S,CF,floor,Depth (no MLB PA),default,MLB,2,1.0,0.2,0.9,0.1,0.1,0.0,0.0,0.0,0.1,0.1,0.0,0.0,0.3,0.0,0.0,0.1,0.1,0.111,0.2,0.111,0.311,0.1225,0.04609,0.00716,0.01789,0.09979,0.00627,0.00391,0.26451,0.03183,0.00901,0.1173869202302746,0.0969743662354201
802506,Dylan O'Rae,MIL,25,L,,floor,Depth (no MLB PA),default,MiLB (MLE),5,1.0,0.2,0.9,0.1,0.1,0.0,0.0,0.0,0.1,0.1,0.0,0.0,0.2,0.0,0.0,0.1,0.1,0.111,0.2,0.111,0.311,0.14848,0.03331,0.00674,0.01813,0.0959,0.01135,0.00873,0.23087,0.0337,0.0093,0.1172969823098257,0.1123787404199927
677941,Jordyn Adams,LAA,27,R,CF,floor,Depth (no MLB PA),default,MLB,6,1.0,0.2,0.9,0.2,0.2,0.0,0.0,0.0,0.2,0.1,0.0,0.0,0.3,0.0,0.0,0.1,0.1,0.222,0.3,0.222,0.522,0.15325,0.0317,0.00464,0.01845,0.06801,0.00531,0.00929,0.27228,0.02563,0.00732,0.0993164401972311,0.0956643450108193
605353,Vimael Machín,OAK,33,L,3B,floor,Depth (no MLB PA),default,MLB,2,1.0,0.2,0.9,0.2,0.1,0.1,0.0,0.0,0.3,0.1,0.0,0.0,0.2,0.0,0.0,0.1,0.1,0.222,0.3,0.333,0.633,0.14464,0.05292,0.00294,0.01849,0.08768,0.00799,0.00989,0.20934,0.01395,0.00396,0.1163230102581398,0.091522066561593
690961,Enrique Bradfield Jr.,BAL,25,L,,floor,Depth (no MLB PA),default,MiLB (MLE),5,1.0,0.2,0.9,0.2,0.2,0.0,0.0,0.0,0.2,0.1,0.0,0.0,0.2,0.0,0.0,0.1,0.1,0.222,0.3,0.222,0.522,0.15187,0.03517,0.00636,0.0185,0.08535,0.01139,0.0089,0.24,0.03188,0.00878,0.1145364810565329,0.109733986499952
689302,Karson Simas,CHC,25,R,,floor,Depth (no MLB PA),default,MiLB (MLE),5,1.0,0.2,0.9,0.1,0.1,0.0,0.0,0.0,0.1,0.1,0.0,0.0,0.3,0.0,0.0,0.1,0.1,0.111,0.2,0.111,0.311,0.1354,0.03262,0.00576,0.01852,0.08075,0.01135,0.00877,0.26505,0.02699,0.00748,0.1223269824307857,0.117197833518337
702690,Cutter Coffey,TOR,25,R,,floor,Depth (no MLB PA),default,MiLB (MLE),5,1.0,0.2,0.9,0.1,0.1,0.0,0.0,0.0,0.1,0.1,0.0,0.0,0.3,0.0,0.0,0.1,0.1,0.111,0.2,0.111,0.311,0.13073,0.0349,0.00552,0.01945,0.08366,0.0113,0.00861,0.27098,0.01732,0.0049,0.1119841749477096,0.1072886981384986
686976,Silas Ardoin,BAL,25,R,,floor,Depth (no MLB PA),default,MiLB (MLE),5,1.0,0.2,0.9,0.1,0.1,0.0,0.0,0.0,0.1,0.1,0.0,0.0,0.3,0.0,0.0,0.1,0.1,0.111,0.2,0.111,0.311,0.11688,0.03561,0.00492,0.01866,0.09661,0.01131,0.00863,0.27317,0.01533,0.00433,0.1145364810565329,0.109733986499952
696281,Wyatt Young,NYM,25,L,,floor,Depth (no MLB PA),default,MiLB (MLE),5,1.0,0.2,0.9,0.1,0.1,0.0,0.0,0.0,0.1,0.1,0.0,0.0,0.2,0.0,0.0,0.1,0.1,0.111,0.2,0.111,0.311,0.13876,0.03465,0.00216,0.01884,0.08599,0.01129,0.00851,0.23879,0.01963,0.00552,0.1185244404252146,0.1135547314319469
694689,Dominic Pitelli,CIN,25,L,,floor,Depth (no MLB PA),default,MiLB (MLE),5,1.0,0.2,0.9,0.1,0.1,0.0,0.0,0.0,0.1,0.1,0.0,0.0,0.3,0.0,0.0,0.1,0.1,0.111,0.2,0.111,0.311,0.13424,0.04482,0.00208,0.01886,0.08401,0.01128,0.00852,0.25992,0.01878,0.00536,0.1096855274705329,0.1050864325467684
683344,Homer Bush Jr.,TB,25,R,,floor,Depth (no MLB PA),default,MiLB (MLE),5,1.0,0.2,0.9,0.1,0.1,0.0,0.0,0.0,0.1,0.1,0.0,0.0,0.3,0.0,0.0,0.1,0.1,0.111,0.2,0.111,0.311,0.14124,0.03898,0.00276,0.01887,0.07708,0.01139,0.00893,0.26473,0.03368,0.00946,0.1110392798589936,0.1063834223350814
702258,Druw Jones,ARI,25,R,,floor,Depth (no MLB PA),default,MiLB (MLE),5,1.0,0.2,0.9,0.1,0.1,0.0,0.0,0.0,0.1,0.1,0.0,0.0,0.3,0.0,0.0,0.1,0.1,0.111,0.2,0.111,0.311,0.14944,0.03522,0.00401,0.01893,0.08845,0.01136,0.00882,0.26989,0.02721,0.00768,0.1197021453855344,0.1146830554298953
699126,Gregory Barrios,TB,25,R,,floor,Depth (no MLB PA),default,MiLB (MLE),5,1.0,0.2,0.9,0.2,0.2,0.0,0.0,0.0,0.2,0.1,0.0,0.0,0.2,0.0,0.0,0.1,0.1,0.222,0.3,0.222,0.522,0.15927,0.03333,0.00508,0.01896,0.07161,0.01135,0.00873,0.2142,0.02716,0.00759,0.1110392798589936,0.1063834223350814
641856,Billy McKinney,PIT,32,L,RF,floor,Depth (no MLB PA),default,MLB,2,1.0,0.2,0.9,0.1,0.1,0.0,0.0,0.0,0.1,0.1,0.0,0.0,0.3,0.0,0.0,0.1,0.1,0.111,0.2,0.111,0.311,0.14069,0.03853,0.0033,0.0191,0.08772,0.00841,0.00748,0.25462,0.01294,0.00363,0.1139900817650988,0.1003166986680526
685274,Braiden Ward,BOS,25,L,,floor,Depth (no MLB PA),default,MiLB (MLE),5,1.0,0.2,0.9,0.1,0.1,0.0,0.0,0.0,0.1,0.1,0.0,0.0,0.2,0.0,0.0,0.1,0.1,0.111,0.2,0.111,0.311,0.14185,0.04034,0.00686,0.01916,0.08216,0.01142,0.009,0.23003,0.043,0.01165,0.1139845743829696,0.1092052211763855
823702,Alex Madera,CHC,25,L,,floor,Depth (no MLB PA),default,MiLB (MLE),5,1.0,0.2,0.9,0.2,0.2,0.0,0.0,0.0,0.2,0.1,0.0,0.0,0.2,0.0,0.0,0.1,0.1,0.222,0.3,0.222,0.522,0.15825,0.03587,0.00327,0.01918,0.09009,0.01125,0.00838,0.23601,0.0209,0.00588,0.1223269824307857,0.117197833518337
823356,Payton Eeles,BAL,25,L,,floor,Depth (no MLB PA),default,MiLB (MLE),5,1.0,0.2,0.9,0.2,0.2,0.0,0.0,0.0,0.2,0.1,0.0,0.0,0.2,0.0,0.0,0.1,0.1,0.222,0.3,0.222,0.522,0.16078,0.03123,0.00199,0.01923,0.09261,0.01133,0.00867,0.23101,0.02146,0.00617,0.1145364810565329,0.109733986499952
571875,Jake Lamb,LAA,36,L,1B,floor,Depth (no MLB PA),default,MLB,2,1.0,0.2,0.9,0.1,0.1,0.0,0.0,0.0,0.1,0.1,0.0,0.0,0.3,0.0,0.0,0.1,0.1,0.111,0.2,0.111,0.311,0.14626,0.03269,0.0019,0.01925,0.082,0.01537,0.0022,0.27023,0.01523,0.00434,0.10763873383174,0.0908260194185908
694757,Maui Ahuna,SF,25,L,,floor,Depth (no MLB PA),default,MiLB (MLE),5,1.0,0.2,0.9,0.1,0.1,0.0,0.0,0.0,0.1,0.1,0.0,0.0,0.3,0.0,0.0,0.1,0.1,0.111,0.2,0.111,0.311,0.13125,0.03724,0.00424,0.01931,0.08715,0.01134,0.00875,0.26753,0.02273,0.00633,0.1084288853768579,0.1038824812356177
668876,Zach Humphreys,LAA,25,R,,floor,Depth (no MLB PA),default,MiLB (MLE),5,1.0,0.2,0.9,0.1,0.1,0.0,0.0,0.0,0.1,0.1,0.0,0.0,0.2,0.0,0.0,0.1,0.1,0.111,0.2,0.111,0.311,0.13395,0.04884,0.00396,0.01943,0.08776,0.01125,0.00836,0.23659,0.01735,0.00489,0.106480524616612,0.1020158149002312
691410,Jose Devers,CLE,25,R,,floor,Depth (no MLB PA),default,MiLB (MLE),5,1.0,0.2,0.9,0.2,0.2,0.0,0.0,0.0,0.2,0.1,0.0,0.0,0.3,0.0,0.0,0.1,0.1,0.222,0.3,0.222,0.522,0.15375,0.0325,0.00582,0.01944,0.0837,0.01128,0.00851,0.25113,0.01925,0.00544,0.1100028836523031,0.1053904820395136
669386,Trevor Hauver,TEX,25,L,,floor,Depth (no MLB PA),default,MiLB (MLE),5,1.0,0.2,0.9,0.1,0.1,0.0,0.0,0.0,0.1,0.1,0.0,0.0,0.3,0.0,0.0,0.1,0.1,0.111,0.2,0.111,0.311,0.14727,0.0371,0.00132,0.01857,0.09495,0.01143,0.00909,0.27054,0.01458,0.0041,0.1092943456639019,0.1047116529246611
826723,Ronny Cruz,WSH,21,R,,floor,Depth (no MLB PA),feed:order+depth,MiLB (MLE),5,1.0,0.2,0.9,0.1,0.1,0.0,0.0,0.0,0.1,0.1,0.0,0.0,0.2,0.0,0.0,0.1,0.1,0.111,0.2,0.111,0.311,0.12949,0.03791,0.00388,0.02442,0.08184,0.01125,0.00836,0.24086,0.02011,0.00565,0.1126552134847328,0.1079316001473905
808696,Stiven Flores,CWS,25,R,,floor,Depth (no MLB PA),default,MiLB (MLE),5,1.0,0.2,0.9,0.1,0.1,0.0,0.0,0.0,0.1,0.1,0.0,0.0,0.2,0.0,0.0,0.1,0.1,0.111,0.2,0.111,0.311,0.14714,0.03905,0.00283,0.02443,0.08184,0.01112,0.00785,0.22355,0.01734,0.00489,0.1097434769942643,0.1051419522571364
821130,Avinson Pinto,BOS,25,L,,floor,Depth (no MLB PA),default,MiLB (MLE),5,1.0,0.2,0.9,0.1,0.1,0.0,0.0,0.0,0.1,0.1,0.0,0.0,0.2,0.0,0.0,0.1,0.1,0.111,0.2,0.111,0.311,0.13357,0.03914,0.00446,0.02444,0.08265,0.01112,0.00789,0.23024,0.01726,0.00487,0.1139845743829696,0.1092052211763855
815067,Aidan Longwell,COL,25,L,,floor,Depth (no MLB PA),default,MiLB (MLE),5,1.0,0.2,0.9,0.1,0.1,0.0,0.0,0.0,0.1,0.1,0.0,0.0,0.2,0.0,0.0,0.1,0.1,0.111,0.2,0.111,0.311,0.13413,0.04607,0.00288,0.02445,0.07465,0.01131,0.00863,0.24448,0.01464,0.00413,0.1064575033399691,0.1019937589016792
806959,Joendry Vargas,LAD,25,R,,floor,Depth (no MLB PA),default,MiLB (MLE),5,1.0,0.2,0.9,0.1,0.1,0.0,0.0,0.0,0.1,0.1,0.0,0.0,0.2,0.0,0.0,0.1,0.1,0.111,0.2,0.111,0.311,0.14385,0.0426,0.00447,0.02446,0.07872,0.01118,0.00812,0.23275,0.01834,0.00518,0.1271758659241691,0.1218434041775241
815903,Ashly Andujar,COL,25,S,,floor,Depth (no MLB PA),default,MiLB (MLE),5,1.0,0.2,0.9,0.1,0.1,0.0,0.0,0.0,0.1,0.1,0.0,0.0,0.2,0.0,0.0,0.1,0.1,0.111,0.2,0.111,0.311,0.14139,0.03776,0.00422,0.02446,0.08148,0.0111,0.00781,0.23142,0.01744,0.00492,0.1064575033399691,0.1019937589016792
692025,Carlos Rodriguez,SD,25,L,,floor,Depth (no MLB PA),default,MiLB (MLE),5,1.0,0.2,0.9,0.1,0.1,0.0,0.0,0.0,0.1,0.1,0.0,0.0,0.2,0.0,0.0,0.1,0.1,0.111,0.2,0.111,0.311,0.13287,0.03666,0.00425,0.02447,0.08382,0.01119,0.00813,0.23634,0.01609,0.00454,0.1148003772844334,0.1099868176053142
687714,Jackson Cluff,CHC,25,L,,floor,Depth (no MLB PA),default,MiLB (MLE),5,1.0,0.2,0.9,0.1,0.1,0.0,0.0,0.0,0.1,0.1,0.0,0.0,0.3,0.0,0.0,0.1,0.1,0.111,0.2,0.111,0.311,0.10626,0.03379,0.00461,0.02449,0.09264,0.01134,0.00872,0.26554,0.02101,0.00585,0.1223269824307857,0.117197833518337
694218,Yeison Morrobel,TEX,25,L,,floor,Depth (no MLB PA),default,MiLB (MLE),5,1.0,0.2,0.9,0.2,0.2,0.0,0.0,0.0,0.2,0.1,0.0,0.0,0.2,0.0,0.0,0.1,0.1,0.222,0.3,0.222,0.522,0.15189,0.04565,0.00467,0.02449,0.07895,0.01118,0.00812,0.22941,0.01781,0.00502,0.1092943456639019,0.1047116529246611
800285,Enmanuel Tejeda,NYY,25,R,,floor,Depth (no MLB PA),default,MiLB (MLE),5,1.0,0.2,0.9,0.1,0.1,0.0,0.0,0.0,0.1,0.1,0.0,0.0,0.2,0.0,0.0,0.1,0.1,0.111,0.2,0.111,0.311,0.13544,0.03666,0.00255,0.02449,0.08439,0.01119,0.00815,0.23113,0.0195,0.0055,0.1247291425689449,0.1194992715033348
694749,Dylan Campbell,CWS,25,R,,floor,Depth (no MLB PA),default,MiLB (MLE),5,1.0,0.2,0.9,0.1,0.1,0.0,0.0,0.0,0.1,0.1,0.0,0.0,0.2,0.0,0.0,0.1,0.1,0.111,0.2,0.111,0.311,0.1222,0.04304,0.00461,0.0245,0.08543,0.01138,0.00887,0.24798,0.02425,0.00681,0.1097434769942643,0.1051419522571364
814194,Quinn McDaniel,MIN,25,R,,floor,Depth (no MLB PA),default,MiLB (MLE),5,1.0,0.2,0.9,0.1,0.1,0.0,0.0,0.0,0.1,0.1,0.0,0.0,0.2,0.0,0.0,0.1,0.1,0.111,0.2,0.111,0.311,0.13772,0.03626,0.00281,0.02452,0.0871,0.01111,0.00782,0.23037,0.01785,0.00503,0.1140967113801906,0.1093126562889861
808148,Eliesbert Alejos,ARI,25,R,,floor,Depth (no MLB PA),default,MiLB (MLE),5,1.0,0.2,0.9,0.1,0.1,0.0,0.0,0.0,0.1,0.1,0.0,0.0,0.2,0.0,0.0,0.1,0.1,0.111,0.2,0.111,0.311,0.13814,0.03792,0.00322,0.02453,0.08236,0.01109,0.00775,0.23251,0.01711,0.00483,0.1197021453855344,0.1146830554298953
669256,Nick Solak,TEX,32,R,1B,floor,Depth (no MLB PA),default,MLB,2,1.0,0.2,0.9,0.1,0.1,0.0,0.0,0.0,0.1,0.1,0.0,0.0,0.2,0.0,0.0,0.1,0.1,0.111,0.2,0.111,0.311,0.14061,0.04316,0.00377,0.02303,0.07658,0.03408,0.00774,0.20744,0.02293,0.00654,0.1135798344807233,0.0931398743969129
444482,David Peralta,SD,39,L,RF,floor,Depth (no MLB PA),default,MLB,6,1.0,0.2,0.9,0.2,0.2,0.0,0.0,0.0,0.2,0.1,0.0,0.0,0.2,0.0,0.0,0.1,0.1,0.222,0.3,0.222,0.522,0.16306,0.0402,0.00341,0.02454,0.07089,0.00688,0.00979,0.21041,0.01043,0.00299,0.1000273813654629,0.1093826050932909
675430,CJ Rodriguez,OAK,25,R,,floor,Depth (no MLB PA),default,MiLB (MLE),5,1.0,0.2,0.9,0.2,0.2,0.0,0.0,0.0,0.2,0.1,0.0,0.0,0.2,0.0,0.0,0.1,0.1,0.222,0.3,0.222,0.522,0.15392,0.03651,0.00293,0.02454,0.08369,0.01107,0.00768,0.22689,0.01818,0.00513,0.1137291867017833,0.1089605418558665
687284,Thomas Gavello,SF,25,L,,floor,Depth (no MLB PA),default,MiLB (MLE),5,1.0,0.2,0.9,0.1,0.1,0.0,0.0,0.0,0.1,0.1,0.0,0.0,0.3,0.0,0.0,0.1,0.1,0.111,0.2,0.111,0.311,0.12041,0.03086,0.00306,0.02455,0.08844,0.01136,0.0088,0.25399,0.01728,0.00487,0.1084288853768579,0.1038824812356177
663731,Connor Kaiser,ARI,30,R,2B,floor,Depth (no MLB PA),default,MLB,0,1.0,0.2,0.9,0.1,0.1,0.0,0.0,0.0,0.1,0.1,0.0,0.0,0.2,0.0,0.0,0.1,0.1,0.111,0.2,0.111,0.311,0.14818,0.03548,0.00312,0.02456,0.07745,0.00841,0.00524,0.23762,0.0,0.0,0.1186941273191299,0.1132235292712471
687867,Clay Dungan,SD,25,L,,floor,Depth (no MLB PA),default,MiLB (MLE),5,1.0,0.2,0.9,0.1,0.1,0.0,0.0,0.0,0.1,0.1,0.0,0.0,0.3,0.0,0.0,0.1,0.1,0.111,0.2,0.111,0.311,0.13006,0.03729,0.00168,0.02457,0.09009,0.01137,0.00886,0.25623,0.01749,0.0049,0.1148003772844334,0.1099868176053142
808768,Ben McLaughlin,ARI,25,L,,floor,Depth (no MLB PA),default,MiLB (MLE),5,1.0,0.2,0.9,0.1,0.1,0.0,0.0,0.0,0.1,0.1,0.0,0.0,0.2,0.0,0.0,0.1,0.1,0.111,0.2,0.111,0.311,0.14034,0.04157,0.00324,0.02458,0.08306,0.01138,0.00886,0.21236,0.01558,0.00441,0.1197021453855344,0.1146830554298953
695493,Teo Banks,WSH,25,R,,floor,Depth (no MLB PA),default,MiLB (MLE),5,1.0,0.2,0.9,0.1,0.1,0.0,0.0,0.0,0.1,0.1,0.0,0.0,0.2,0.0,0.0,0.1,0.1,0.111,0.2,0.111,0.311,0.13879,0.04001,0.00318,0.02458,0.08223,0.01117,0.00807,0.23666,0.01909,0.00538,0.1126552134847328,0.1079316001473905
814297,Edgleen Perez,PIT,25,R,,floor,Depth (no MLB PA),default,MiLB (MLE),5,1.0,0.2,0.9,0.1,0.1,0.0,0.0,0.0,0.1,0.1,0.0,0.0,0.2,0.0,0.0,0.1,0.1,0.111,0.2,0.111,0.311,0.14825,0.03833,0.00288,0.02459,0.0833,0.01109,0.00776,0.22732,0.01756,0.00495,0.1104724077295015,0.1058403190545277
821136,Handelfry Encarnacion,MIL,20,L,,floor,Depth (no MLB PA),feed:order+depth,MiLB (MLE),5,1.0,0.2,0.9,0.1,0.1,0.0,0.0,0.0,0.1,0.1,0.0,0.0,0.2,0.0,0.0,0.1,0.1,0.111,0.2,0.111,0.311,0.13201,0.04056,0.00324,0.02459,0.0865,0.01118,0.00809,0.23123,0.01825,0.00516,0.1172969823098257,0.1123787404199927
691708,Junior Tilien,DET,25,R,,floor,Depth (no MLB PA),default,MiLB (MLE),5,1.0,0.2,0.9,0.1,0.1,0.0,0.0,0.0,0.1,0.1,0.0,0.0,0.2,0.0,0.0,0.1,0.1,0.111,0.2,0.111,0.311,0.1344,0.04071,0.00288,0.0246,0.08228,0.01109,0.00774,0.23104,0.01671,0.00471,0.1154184738764934,0.1105789975157071
802397,Angel Arredondo,LAA,25,R,,floor,Depth (no MLB PA),default,MiLB (MLE),5,1.0,0.2,0.9,0.1,0.1,0.0,0.0,0.0,0.1,0.1,0.0,0.0,0.2,0.0,0.0,0.1,0.1,0.111,0.2,0.111,0.311,0.13562,0.04001,0.00367,0.02461,0.0847,0.01115,0.00799,0.23115,0.0168,0.00474,0.106480524616612,0.1020158149002312
803723,Jordan Yost,DET,21,L,,floor,Depth (no MLB PA),feed:order+depth,MiLB (MLE),5,1.0,0.2,0.9,0.1,0.1,0.0,0.0,0.0,0.1,0.1,0.0,0.0,0.2,0.0,0.0,0.1,0.1,0.111,0.2,0.111,0.311,0.13888,0.03906,0.00385,0.02462,0.08397,0.01111,0.00783,0.22733,0.01773,0.00499,0.1154184738764934,0.1105789975157071
702629,Gage Harrelson,LAA,25,L,,floor,Depth (no MLB PA),default,MiLB (MLE),5,1.0,0.2,0.9,0.1,0.1,0.0,0.0,0.0,0.1,0.1,0.0,0.0,0.2,0.0,0.0,0.1,0.1,0.111,0.2,0.111,0.311,0.13523,0.03797,0.00276,0.02463,0.08479,0.01111,0.00784,0.23879,0.01753,0.00495,0.106480524616612,0.1020158149002312
703201,Henry Ramos,KC,25,L,,floor,Depth (no MLB PA),default,MiLB (MLE),5,1.0,0.2,0.9,0.1,0.1,0.0,0.0,0.0,0.1,0.1,0.0,0.0,0.2,0.0,0.0,0.1,0.1,0.111,0.2,0.111,0.311,0.14149,0.03649,0.00476,0.02463,0.08273,0.01113,0.00793,0.23216,0.0184,0.0052,0.1126208892977148,0.1078987151675124
815147,Wilson Rodriguez,NYY,23,L,,floor,Depth (no MLB PA),feed:depth,MiLB (MLE),5,1.0,0.2,0.9,0.1,0.1,0.0,0.0,0.0,0.1,0.1,0.0,0.0,0.2,0.0,0.0,0.1,0.1,0.111,0.2,0.111,0.311,0.13361,0.03912,0.00531,0.02454,0.08775,0.0112,0.00818,0.23338,0.01861,0.00524,0.1247291425689449,0.1194992715033348
657051,Nicholas Torres,NYY,25,R,,floor,Depth (no MLB PA),default,MiLB (MLE),5,1.0,0.2,0.9,0.1,0.1,0.0,0.0,0.0,0.1,0.1,0.0,0.0,0.2,0.0,0.0,0.1,0.1,0.111,0.2,0.111,0.311,0.14568,0.03666,0.00266,0.02418,0.08207,0.01115,0.00801,0.23549,0.01781,0.00501,0.1247291425689449,0.1194992715033348
807267,JD Dix,ARI,25,S,,floor,Depth (no MLB PA),feed:depth,MiLB (MLE),5,1.0,0.2,0.9,0.1,0.1,0.0,0.0,0.0,0.1,0.1,0.0,0.0,0.2,0.0,0.0,0.1,0.1,0.111,0.2,0.111,0.311,0.13769,0.04052,0.00456,0.02418,0.0828,0.01113,0.00792,0.23797,0.01846,0.0052,0.1197021453855344,0.1146830554298953
805782,Ryan Lasko,OAK,25,R,,floor,Depth (no MLB PA),default,MiLB (MLE),5,1.0,0.2,0.9,0.1,0.1,0.0,0.0,0.0,0.1,0.1,0.0,0.0,0.3,0.0,0.0,0.1,0.1,0.111,0.2,0.111,0.311,0.12809,0.03778,0.00712,0.0242,0.0767,0.01125,0.00838,0.25008,0.01655,0.00468,0.1137291867017833,0.1089605418558665
800712,Wallace Clark,ARI,25,S,,floor,Depth (no MLB PA),default,MiLB (MLE),5,1.0,0.2,0.9,0.1,0.1,0.0,0.0,0.0,0.1,0.1,0.0,0.0,0.2,0.0,0.0,0.1,0.1,0.111,0.2,0.111,0.311,0.13259,0.03634,0.00314,0.02421,0.08338,0.01118,0.00811,0.23728,0.01745,0.00494,0.1197021453855344,0.1146830554298953
821765,Jesus Pinto,DET,25,R,,floor,Depth (no MLB PA),default,MiLB (MLE),5,1.0,0.2,0.9,0.1,0.1,0.0,0.0,0.0,0.1,0.1,0.0,0.0,0.2,0.0,0.0,0.1,0.1,0.111,0.2,0.111,0.311,0.14179,0.0384,0.00405,0.02421,0.08383,0.01114,0.00795,0.23111,0.01849,0.00522,0.1154184738764934,0.1105789975157071
596129,Daniel Vogelbach,TOR,34,L,1B,floor,Depth (no MLB PA),default,MLB,5,1.0,0.2,0.9,0.1,0.1,0.0,0.0,0.0,0.1,0.1,0.0,0.0,0.2,0.0,0.0,0.1,0.1,0.111,0.2,0.111,0.311,0.12858,0.04656,0.00048,0.02422,0.12842,0.00402,0.00161,0.24697,0.00298,0.00084,0.0973378236453381,0.118644286405126
674976,Griffin Lockwood-Powell,LAD,25,R,,floor,Depth (no MLB PA),default,MiLB (MLE),5,1.0,0.2,0.9,0.1,0.1,0.0,0.0,0.0,0.1,0.1,0.0,0.0,0.2,0.0,0.0,0.1,0.1,0.111,0.2,0.111,0.311,0.13876,0.04775,0.00269,0.02422,0.08433,0.01116,0.008,0.22638,0.01686,0.00475,0.1271758659241691,0.1218434041775241
681123,Luca Tresh,KC,25,R,,floor,Depth (no MLB PA),default,MiLB (MLE),5,1.0,0.2,0.9,0.1,0.1,0.0,0.0,0.0,0.1,0.1,0.0,0.0,0.3,0.0,0.0,0.1,0.1,0.111,0.2,0.111,0.311,0.14963,0.04124,0.00159,0.02422,0.073,0.01139,0.00893,0.27137,0.01389,0.00393,0.1126208892977148,0.1078987151675124
694214,Samuel Zavala,CWS,25,L,,floor,Depth (no MLB PA),default,MiLB (MLE),5,1.0,0.2,0.9,0.1,0.1,0.0,0.0,0.0,0.1,0.1,0.0,0.0,0.2,0.0,0.0,0.1,0.1,0.111,0.2,0.111,0.311,0.12422,0.03519,0.00174,0.02423,0.10534,0.01136,0.0088,0.24799,0.01874,0.00535,0.1097434769942643,0.1051419522571364
676038,Skyler Messinger,COL,25,R,,floor,Depth (no MLB PA),default,MiLB (MLE),5,1.0,0.2,0.9,0.1,0.1,0.0,0.0,0.0,0.1,0.1,0.0,0.0,0.2,0.0,0.0,0.1,0.1,0.111,0.2,0.111,0.311,0.13375,0.04265,0.0029,0.02425,0.08095,0.01107,0.00769,0.23631,0.01733,0.00488,0.1064575033399691,0.1019937589016792
686766,William Simoneit,TOR,25,R,,floor,Depth (no MLB PA),default,MiLB (MLE),5,1.0,0.2,0.9,0.1,0.1,0.0,0.0,0.0,0.1,0.1,0.0,0.0,0.3,0.0,0.0,0.1,0.1,0.111,0.2,0.111,0.311,0.13419,0.04484,0.00218,0.02425,0.08461,0.01127,0.00845,0.25178,0.01521,0.00429,0.1119841749477096,0.1072886981384986
821149,Frederi Montero,MIL,25,L,,floor,Depth (no MLB PA),default,MiLB (MLE),5,1.0,0.2,0.9,0.1,0.1,0.0,0.0,0.0,0.1,0.1,0.0,0.0,0.2,0.0,0.0,0.1,0.1,0.111,0.2,0.111,0.311,0.13132,0.0367,0.003,0.02426,0.0849,0.01115,0.00798,0.23873,0.01696,0.00479,0.1172969823098257,0.1123787404199927
666801,Rodolfo Castro,PHI,28,R,SS,floor,Depth (no MLB PA),default,MLB,6,1.0,0.2,0.9,0.1,0.1,0.0,0.0,0.0,0.1,0.1,0.0,0.0,0.3,0.0,0.0,0.1,0.1,0.111,0.2,0.111,0.311,0.13282,0.04145,0.00239,0.02426,0.08263,0.01243,0.00406,0.26802,0.01789,0.00534,0.1019287642001837,0.1052383398856188
801887,Kole Myers,LAD,25,L,,floor,Depth (no MLB PA),default,MiLB (MLE),5,1.0,0.2,0.9,0.1,0.1,0.0,0.0,0.0,0.1,0.1,0.0,0.0,0.2,0.0,0.0,0.1,0.1,0.111,0.2,0.111,0.311,0.13302,0.03329,0.00475,0.02427,0.09198,0.0113,0.00857,0.24795,0.01917,0.00542,0.1271758659241691,0.1218434041775241
800257,Yonatan Henriquez,NYM,25,S,,floor,Depth (no MLB PA),default,MiLB (MLE),5,1.0,0.2,0.9,0.1,0.1,0.0,0.0,0.0,0.1,0.1,0.0,0.0,0.2,0.0,0.0,0.1,0.1,0.111,0.2,0.111,0.311,0.1266,0.04258,0.00395,0.02441,0.07955,0.01123,0.00832,0.24402,0.01906,0.00539,0.1185244404252146,0.1135547314319469
691938,Willy Vasquez,BAL,25,R,,floor,Depth (no MLB PA),default,MiLB (MLE),5,1.0,0.2,0.9,0.1,0.1,0.0,0.0,0.0,0.1,0.1,0.0,0.0,0.3,0.0,0.0,0.1,0.1,0.111,0.2,0.111,0.311,0.13399,0.03704,0.00404,0.02428,0.08687,0.01123,0.0083,0.25216,0.02057,0.00586,0.1145364810565329,0.109733986499952
807742,Colton Ledbetter,STL,25,L,,floor,Depth (no MLB PA),default,MiLB (MLE),5,1.0,0.2,0.9,0.1,0.1,0.0,0.0,0.0,0.1,0.1,0.0,0.0,0.3,0.0,0.0,0.1,0.1,0.111,0.2,0.111,0.311,0.1438,0.04191,0.00447,0.02429,0.08104,0.01142,0.00905,0.26993,0.02593,0.00726,0.1090018959870051,0.1044314656114096
815902,Yandel Ricardo,KC,25,S,,floor,Depth (no MLB PA),feed:order+depth,MiLB (MLE),5,1.0,0.2,0.9,0.1,0.1,0.0,0.0,0.0,0.1,0.1,0.0,0.0,0.2,0.0,0.0,0.1,0.1,0.111,0.2,0.111,0.311,0.14011,0.03853,0.00503,0.02431,0.08277,0.01114,0.00797,0.23296,0.01883,0.00533,0.1126208892977148,0.1078987151675124
687192,Cade Hunter,CIN,25,L,,floor,Depth (no MLB PA),default,MiLB (MLE),5,1.0,0.2,0.9,0.1,0.1,0.0,0.0,0.0,0.1,0.1,0.0,0.0,0.3,0.0,0.0,0.1,0.1,0.111,0.2,0.111,0.311,0.13026,0.03851,0.00211,0.02431,0.08532,0.01128,0.00849,0.2588,0.01717,0.00488,0.1096855274705329,0.1050864325467684
802018,Ryan Burrowes,CWS,25,R,,floor,Depth (no MLB PA),feed:depth,MiLB (MLE),5,1.0,0.2,0.9,0.1,0.1,0.0,0.0,0.0,0.1,0.1,0.0,0.0,0.2,0.0,0.0,0.1,0.1,0.111,0.2,0.111,0.311,0.14507,0.03449,0.00378,0.02431,0.08372,0.01115,0.00799,0.23287,0.0192,0.00541,0.1097434769942643,0.1051419522571364
821379,Juan Mateo,ATL,25,S,,floor,Depth (no MLB PA),default,MiLB (MLE),5,1.0,0.2,0.9,0.1,0.1,0.0,0.0,0.0,0.1,0.1,0.0,0.0,0.2,0.0,0.0,0.1,0.1,0.111,0.2,0.111,0.311,0.1384,0.03891,0.00373,0.02433,0.08251,0.01114,0.00794,0.2306,0.01822,0.00515,0.1172987096268818,0.1123803953109476
813851,Colton Becker,KC,25,R,,floor,Depth (no MLB PA),default,MiLB (MLE),5,1.0,0.2,0.9,0.1,0.1,0.0,0.0,0.0,0.1,0.1,0.0,0.0,0.2,0.0,0.0,0.1,0.1,0.111,0.2,0.111,0.311,0.13295,0.03497,0.00291,0.02434,0.08322,0.01107,0.00769,0.23204,0.01776,0.005,0.1126208892977148,0.1078987151675124
700840,Christian Olivo,CHC,25,R,,floor,Depth (no MLB PA),default,MiLB (MLE),5,1.0,0.2,0.9,0.1,0.1,0.0,0.0,0.0,0.1,0.1,0.0,0.0,0.2,0.0,0.0,0.1,0.1,0.111,0.2,0.111,0.311,0.13207,0.03971,0.00379,0.02434,0.08436,0.01117,0.00805,0.23164,0.01789,0.00503,0.1223269824307857,0.117197833518337
802560,Ichiro Cano,CIN,25,L,,floor,Depth (no MLB PA),default,MiLB (MLE),5,1.0,0.2,0.9,0.1,0.1,0.0,0.0,0.0,0.1,0.1,0.0,0.0,0.2,0.0,0.0,0.1,0.1,0.111,0.2,0.111,0.311,0.14312,0.03935,0.00371,0.02436,0.08517,0.01114,0.00796,0.23186,0.01729,0.00487,0.1096855274705329,0.1050864325467684
800232,Luis Baez,HOU,25,R,,floor,Depth (no MLB PA),default,MiLB (MLE),5,1.0,0.2,0.9,0.1,0.1,0.0,0.0,0.0,0.1,0.1,0.0,0.0,0.2,0.0,0.0,0.1,0.1,0.111,0.2,0.111,0.311,0.13534,0.04011,0.00292,0.02438,0.08152,0.01107,0.00769,0.23126,0.01741,0.00492,0.1191467258589332,0.1141509245466025
663796,Coco Montes,COL,30,R,2B,floor,Depth (no MLB PA),default,MLB,5,1.0,0.2,0.9,0.1,0.1,0.0,0.0,0.0,0.1,0.1,0.0,0.0,0.2,0.0,0.0,0.1,0.1,0.111,0.2,0.111,0.311,0.14277,0.04218,0.00286,0.02439,0.07217,0.01399,0.00412,0.24389,0.01636,0.00461,0.1027781826105,0.0987440035365643
694211,Manuel Pena,ARI,25,L,,floor,Depth (no MLB PA),default,MiLB (MLE),5,1.0,0.2,0.9,0.2,0.2,0.0,0.0,0.0,0.2,0.1,0.0,0.0,0.2,0.0,0.0,0.1,0.1,0.222,0.3,0.222,0.522,0.16226,0.03906,0.0021,0.0244,0.07653,0.0113,0.00858,0.24083,0.01687,0.00474,0.1197021453855344,0.1146830554298953
682775,Kervin Pichardo,WSH,25,R,,floor,Depth (no MLB PA),default,MiLB (MLE),5,1.0,0.2,0.9,0.1,0.1,0.0,0.0,0.0,0.1,0.1,0.0,0.0,0.2,0.0,0.0,0.1,0.1,0.111,0.2,0.111,0.311,0.13707,0.03226,0.00188,0.0244,0.09021,0.01134,0.00872,0.24871,0.01658,0.00466,0.1126552134847328,0.1079316001473905
827281,Carlos Renzullo,COL,25,S,,floor,Depth (no MLB PA),default,MiLB (MLE),5,1.0,0.2,0.9,0.1,0.1,0.0,0.0,0.0,0.1,0.1,0.0,0.0,0.2,0.0,0.0,0.1,0.1,0.111,0.2,0.111,0.311,0.14486,0.03841,0.00355,0.02441,0.08335,0.0111,0.00779,0.22663,0.01802,0.00509,0.1064575033399691,0.1019937589016792
800193,Kelvin Hidalgo,COL,25,R,,floor,Depth (no MLB PA),default,MiLB (MLE),5,1.0,0.2,0.9,0.1,0.1,0.0,0.0,0.0,0.1,0.1,0.0,0.0,0.2,0.0,0.0,0.1,0.1,0.111,0.2,0.111,0.311,0.13994,0.03605,0.00388,0.02427,0.08084,0.01124,0.00836,0.24917,0.01904,0.00539,0.1064575033399691,0.1019937589016792
822624,Kevin Fitzer,COL,25,R,,floor,Depth (no MLB PA),default,MiLB (MLE),5,1.0,0.2,0.9,0.1,0.1,0.0,0.0,0.0,0.1,0.1,0.0,0.0,0.2,0.0,0.0,0.1,0.1,0.111,0.2,0.111,0.311,0.12006,0.03926,0.00256,0.02483,0.08471,0.01116,0.00805,0.24889,0.01579,0.00445,0.1064575033399691,0.1019937589016792
813844,Will Bush,HOU,25,L,,floor,Depth (no MLB PA),default,MiLB (MLE),5,1.0,0.2,0.9,0.1,0.1,0.0,0.0,0.0,0.1,0.1,0.0,0.0,0.3,0.0,0.0,0.1,0.1,0.111,0.2,0.111,0.311,0.12748,0.03254,0.00178,0.02483,0.09805,0.01133,0.00871,0.27765,0.02027,0.00575,0.1191467258589332,0.1141509245466025
701339,Marek Houston,MIN,23,R,,floor,Depth (no MLB PA),feed:order+depth,MiLB (MLE),5,1.0,0.2,0.9,0.1,0.1,0.0,0.0,0.0,0.1,0.1,0.0,0.0,0.2,0.0,0.0,0.1,0.1,0.111,0.2,0.111,0.311,0.14992,0.04144,0.00322,0.02484,0.0835,0.01126,0.00842,0.23491,0.02354,0.00663,0.1140967113801906,0.1093126562889861
821236,Efren Teran,CWS,25,S,,floor,Depth (no MLB PA),default,MiLB (MLE),5,1.0,0.2,0.9,0.1,0.1,0.0,0.0,0.0,0.1,0.1,0.0,0.0,0.2,0.0,0.0,0.1,0.1,0.111,0.2,0.111,0.311,0.14597,0.03837,0.00333,0.02484,0.08273,0.01106,0.00763,0.22739,0.01795,0.00506,0.1097434769942643,0.1051419522571364
702463,Aaron McKeithan,SEA,25,R,,floor,Depth (no MLB PA),default,MiLB (MLE),5,1.0,0.2,0.9,0.2,0.2,0.0,0.0,0.0,0.2,0.1,0.0,0.0,0.2,0.0,0.0,0.1,0.1,0.222,0.3,0.222,0.522,0.15015,0.03672,0.00285,0.02485,0.08522,0.0111,0.00778,0.22885,0.01801,0.00508,0.1138920715242519,0.1091165969463052
701811,John Spikerman,NYM,25,S,,floor,Depth (no MLB PA),default,MiLB (MLE),5,1.0,0.2,0.9,0.1,0.1,0.0,0.0,0.0,0.1,0.1,0.0,0.0,0.2,0.0,0.0,0.1,0.1,0.111,0.2,0.111,0.311,0.13549,0.03828,0.00406,0.02486,0.08656,0.01111,0.00782,0.23434,0.01962,0.00552,0.1185244404252146,0.1135547314319469
701784,Cam Clayton,MIA,25,R,,floor,Depth (no MLB PA),default,MiLB (MLE),5,1.0,0.2,0.9,0.1,0.1,0.0,0.0,0.0,0.1,0.1,0.0,0.0,0.2,0.0,0.0,0.1,0.1,0.111,0.2,0.111,0.311,0.12779,0.04065,0.00329,0.02486,0.08738,0.01115,0.00797,0.23257,0.01872,0.00527,0.1083028077561248,0.1037616900274031
825646,Juan Sanchez,TOR,25,R,,floor,Depth (no MLB PA),feed:order+depth,MiLB (MLE),5,1.0,0.2,0.9,0.1,0.1,0.0,0.0,0.0,0.1,0.1,0.0,0.0,0.2,0.0,0.0,0.1,0.1,0.111,0.2,0.111,0.311,0.13086,0.04172,0.0031,0.02487,0.08173,0.01112,0.00788,0.2366,0.01688,0.00475,0.1119841749477096,0.1072886981384986
692657,Omar Alfonzo,NYY,25,L,,floor,Depth (no MLB PA),default,MiLB (MLE),5,1.0,0.2,0.9,0.1,0.1,0.0,0.0,0.0,0.1,0.1,0.0,0.0,0.3,0.0,0.0,0.1,0.1,0.111,0.2,0.111,0.311,0.12265,0.0359,0.002,0.02487,0.08383,0.01129,0.00856,0.27019,0.01431,0.00403,0.1247291425689449,0.1194992715033348
821112,Anderson Fermin,BOS,25,S,,floor,Depth (no MLB PA),default,MiLB (MLE),5,1.0,0.2,0.9,0.1,0.1,0.0,0.0,0.0,0.1,0.1,0.0,0.0,0.2,0.0,0.0,0.1,0.1,0.111,0.2,0.111,0.311,0.13819,0.03892,0.00405,0.02487,0.08449,0.01106,0.00763,0.23207,0.01786,0.00504,0.1139845743829696,0.1092052211763855
800569,Alberto Barriga,ARI,25,R,,floor,Depth (no MLB PA),default,MiLB (MLE),5,1.0,0.2,0.9,0.1,0.1,0.0,0.0,0.0,0.1,0.1,0.0,0.0,0.2,0.0,0.0,0.1,0.1,0.111,0.2,0.111,0.311,0.13705,0.04116,0.00245,0.02488,0.08094,0.01122,0.00826,0.23284,0.01757,0.00496,0.1197021453855344,0.1146830554298953
806730,Drew Davies,CIN,25,L,,floor,Depth (no MLB PA),default,MiLB (MLE),5,1.0,0.2,0.9,0.1,0.1,0.0,0.0,0.0,0.1,0.1,0.0,0.0,0.2,0.0,0.0,0.1,0.1,0.111,0.2,0.111,0.311,0.13823,0.03992,0.00346,0.02489,0.08572,0.01112,0.00787,0.23406,0.0173,0.00488,0.1096855274705329,0.1050864325467684
690715,Daunte Stuart,PHI,25,R,,floor,Depth (no MLB PA),default,MiLB (MLE),5,1.0,0.2,0.9,0.1,0.1,0.0,0.0,0.0,0.1,0.1,0.0,0.0,0.2,0.0,0.0,0.1,0.1,0.111,0.2,0.111,0.311,0.13659,0.03825,0.00341,0.0249,0.08254,0.01111,0.00785,0.23118,0.01865,0.00526,0.1171713130868302,0.1122583404854701
692238,Parks Harber,SF,26,R,,floor,Depth (no MLB PA),feed:order+depth,MiLB (MLE),5,1.0,0.2,0.9,0.1,0.1,0.0,0.0,0.0,0.1,0.1,0.0,0.0,0.2,0.0,0.0,0.1,0.1,0.111,0.2,0.111,0.311,0.14174,0.0374,0.0034,0.02463,0.08749,0.01132,0.00865,0.24184,0.01638,0.00462,0.1084288853768579,0.1038824812356177
700939,Bennett Lee,DET,25,R,,floor,Depth (no MLB PA),default,MiLB (MLE),5,1.0,0.2,0.9,0.1,0.1,0.0,0.0,0.0,0.1,0.1,0.0,0.0,0.2,0.0,0.0,0.1,0.1,0.111,0.2,0.111,0.311,0.14622,0.0352,0.00472,0.02491,0.08112,0.01111,0.00786,0.24075,0.01727,0.00487,0.1154184738764934,0.1105789975157071
678962,Daniel Vellojin,TB,25,L,,floor,Depth (no MLB PA),default,MiLB (MLE),5,1.0,0.2,0.9,0.1,0.1,0.0,0.0,0.0,0.1,0.1,0.0,0.0,0.2,0.0,0.0,0.1,0.1,0.111,0.2,0.111,0.311,0.13687,0.04185,0.00286,0.02492,0.08332,0.01109,0.00777,0.23096,0.017,0.00479,0.1110392798589936,0.1063834223350814
703204,Esmith Pineda,CIN,25,R,,floor,Depth (no MLB PA),default,MiLB (MLE),5,1.0,0.2,0.9,0.1,0.1,0.0,0.0,0.0,0.1,0.1,0.0,0.0,0.2,0.0,0.0,0.1,0.1,0.111,0.2,0.111,0.311,0.13582,0.03701,0.0028,0.02492,0.08201,0.0111,0.00781,0.23902,0.01681,0.00474,0.1096855274705329,0.1050864325467684
702906,Wilfredo Lara,MIA,25,R,,floor,Depth (no MLB PA),default,MiLB (MLE),5,1.0,0.2,0.9,0.1,0.1,0.0,0.0,0.0,0.1,0.1,0.0,0.0,0.2,0.0,0.0,0.1,0.1,0.111,0.2,0.111,0.311,0.1324,0.04004,0.00324,0.02493,0.08631,0.01116,0.00801,0.23704,0.01777,0.005,0.1083028077561248,0.1037616900274031
701653,Mason Guerra,ATL,25,R,,floor,Depth (no MLB PA),default,MiLB (MLE),5,1.0,0.2,0.9,0.1,0.1,0.0,0.0,0.0,0.1,0.1,0.0,0.0,0.2,0.0,0.0,0.1,0.1,0.111,0.2,0.111,0.311,0.13361,0.03711,0.00295,0.02493,0.08741,0.01122,0.00826,0.24367,0.01664,0.00469,0.1172987096268818,0.1123803953109476
681879,Nick Lucky,NYM,25,L,,floor,Depth (no MLB PA),default,MiLB (MLE),5,1.0,0.2,0.9,0.1,0.1,0.0,0.0,0.0,0.1,0.1,0.0,0.0,0.2,0.0,0.0,0.1,0.1,0.111,0.2,0.111,0.311,0.14631,0.03583,0.00298,0.02494,0.08239,0.01104,0.00757,0.23377,0.01828,0.00516,0.1185244404252146,0.1135547314319469
702526,Eric Snow,TOR,25,R,,floor,Depth (no MLB PA),default,MiLB (MLE),5,1.0,0.2,0.9,0.1,0.1,0.0,0.0,0.0,0.1,0.1,0.0,0.0,0.2,0.0,0.0,0.1,0.1,0.111,0.2,0.111,0.311,0.13535,0.04301,0.00286,0.02494,0.08229,0.0111,0.00778,0.22884,0.01778,0.00502,0.1119841749477096,0.1072886981384986
691600,Blayberg Diaz,MIL,25,R,,floor,Depth (no MLB PA),default,MiLB (MLE),5,1.0,0.2,0.9,0.1,0.1,0.0,0.0,0.0,0.1,0.1,0.0,0.0,0.2,0.0,0.0,0.1,0.1,0.111,0.2,0.111,0.311,0.14066,0.04003,0.00298,0.02494,0.08202,0.01105,0.0076,0.23072,0.01729,0.00487,0.1172969823098257,0.1123787404199927
702253,Cam Collier,CIN,25,L,,floor,Depth (no MLB PA),default,MiLB (MLE),5,1.0,0.2,0.9,0.1,0.1,0.0,0.0,0.0,0.1,0.1,0.0,0.0,0.3,0.0,0.0,0.1,0.1,0.111,0.2,0.111,0.311,0.11733,0.03942,0.00235,0.02494,0.07967,0.01138,0.0089,0.26386,0.01256,0.00354,0.1096855274705329,0.1050864325467684
815814,Billy Carlson,CWS,25,R,,floor,Depth (no MLB PA),feed:depth,MiLB (MLE),5,1.0,0.2,0.9,0.1,0.1,0.0,0.0,0.0,0.1,0.1,0.0,0.0,0.2,0.0,0.0,0.1,0.1,0.111,0.2,0.111,0.311,0.13807,0.04105,0.00373,0.02495,0.08392,0.01104,0.00758,0.23112,0.01772,0.00499,0.1097434769942643,0.1051419522571364
827672,Jude Warwick,DET,25,L,,floor,Depth (no MLB PA),default,MiLB (MLE),5,1.0,0.2,0.9,0.1,0.1,0.0,0.0,0.0,0.1,0.1,0.0,0.0,0.2,0.0,0.0,0.1,0.1,0.111,0.2,0.111,0.311,0.13005,0.03955,0.00371,0.02495,0.08236,0.01114,0.00796,0.24055,0.01706,0.00481,0.1154184738764934,0.1105789975157071
668965,Freddy Zamora,MIL,25,R,,floor,Depth (no MLB PA),default,MiLB (MLE),5,1.0,0.2,0.9,0.1,0.1,0.0,0.0,0.0,0.1,0.1,0.0,0.0,0.2,0.0,0.0,0.1,0.1,0.111,0.2,0.111,0.311,0.12168,0.04157,0.0041,0.02496,0.0866,0.01122,0.00827,0.23557,0.0158,0.00445,0.1172969823098257,0.1123787404199927
683546,Albert Fabian,SD,25,L,,floor,Depth (no MLB PA),default,MiLB (MLE),5,1.0,0.2,0.9,0.1,0.1,0.0,0.0,0.0,0.1,0.1,0.0,0.0,0.2,0.0,0.0,0.1,0.1,0.111,0.2,0.111,0.311,0.14204,0.04081,0.00437,0.02496,0.07948,0.01134,0.00871,0.23282,0.01773,0.00498,0.1148003772844334,0.1099868176053142
808571,D'Angelo Ortiz,BOS,25,R,,floor,Depth (no MLB PA),default,MiLB (MLE),5,1.0,0.2,0.9,0.1,0.1,0.0,0.0,0.0,0.1,0.1,0.0,0.0,0.2,0.0,0.0,0.1,0.1,0.111,0.2,0.111,0.311,0.14149,0.0393,0.00331,0.02496,0.0828,0.01107,0.00766,0.22725,0.01764,0.00498,0.1139845743829696,0.1092052211763855
806978,Robert Calaz,COL,25,R,,floor,Depth (no MLB PA),default,MiLB (MLE),5,1.0,0.2,0.9,0.1,0.1,0.0,0.0,0.0,0.1,0.1,0.0,0.0,0.3,0.0,0.0,0.1,0.1,0.111,0.2,0.111,0.311,0.13189,0.03879,0.00399,0.02491,0.08136,0.01123,0.00829,0.25215,0.01715,0.00484,0.1064575033399691,0.1019937589016792
684222,Jorge Burgos,TOR,25,L,,floor,Depth (no MLB PA),default,MiLB (MLE),5,1.0,0.2,0.9,0.1,0.1,0.0,0.0,0.0,0.1,0.1,0.0,0.0,0.2,0.0,0.0,0.1,0.1,0.111,0.2,0.111,0.311,0.13431,0.04694,0.00319,0.02464,0.08539,0.01127,0.00845,0.2281,0.01605,0.00454,0.1119841749477096,0.1072886981384986
805950,Antonis Macias,TEX,25,L,,floor,Depth (no MLB PA),default,MiLB (MLE),5,1.0,0.2,0.9,0.1,0.1,0.0,0.0,0.0,0.1,0.1,0.0,0.0,0.2,0.0,0.0,0.1,0.1,0.111,0.2,0.111,0.311,0.13985,0.03788,0.00356,0.02464,0.0846,0.01122,0.00824,0.22801,0.01684,0.00475,0.1092943456639019,0.1047116529246611
694541,Alan Espinal,COL,25,R,,floor,Depth (no MLB PA),default,MiLB (MLE),5,1.0,0.2,0.9,0.1,0.1,0.0,0.0,0.0,0.1,0.1,0.0,0.0,0.2,0.0,0.0,0.1,0.1,0.111,0.2,0.111,0.311,0.13328,0.03816,0.00367,0.02465,0.08463,0.01119,0.00814,0.24565,0.01756,0.00496,0.1064575033399691,0.1019937589016792
815617,Kayson Cunningham,ARI,21,L,,floor,Depth (no MLB PA),feed:depth,MiLB (MLE),5,1.0,0.2,0.9,0.1,0.1,0.0,0.0,0.0,0.1,0.1,0.0,0.0,0.2,0.0,0.0,0.1,0.1,0.111,0.2,0.111,0.311,0.13465,0.04219,0.00326,0.02465,0.08492,0.01115,0.008,0.2337,0.01856,0.00523,0.1197021453855344,0.1146830554298953
826928,Owen Carey,ATL,21,L,,floor,Depth (no MLB PA),feed:order+depth,MiLB (MLE),5,1.0,0.2,0.9,0.1,0.1,0.0,0.0,0.0,0.1,0.1,0.0,0.0,0.2,0.0,0.0,0.1,0.1,0.111,0.2,0.111,0.311,0.13412,0.0386,0.00497,0.02465,0.08224,0.01114,0.00794,0.236,0.01703,0.0048,0.1172987096268818,0.1123803953109476
703715,Wyatt Hoffman,SD,25,R,,floor,Depth (no MLB PA),default,MiLB (MLE),5,1.0,0.2,0.9,0.1,0.1,0.0,0.0,0.0,0.1,0.1,0.0,0.0,0.2,0.0,0.0,0.1,0.1,0.111,0.2,0.111,0.311,0.13185,0.03906,0.00403,0.02465,0.08165,0.01109,0.00777,0.24018,0.01706,0.00482,0.1148003772844334,0.1099868176053142
813715,Khadim Diaw,MIN,25,R,,floor,Depth (no MLB PA),feed:order+depth,MiLB (MLE),5,1.0,0.2,0.9,0.2,0.2,0.0,0.0,0.0,0.2,0.1,0.0,0.0,0.2,0.0,0.0,0.1,0.1,0.222,0.3,0.222,0.522,0.15066,0.0421,0.00352,0.02466,0.08502,0.01121,0.00822,0.21951,0.01952,0.0055,0.1140967113801906,0.1093126562889861
677342,Brock Jones,TB,25,L,,floor,Depth (no MLB PA),default,MiLB (MLE),5,1.0,0.2,0.9,0.1,0.1,0.0,0.0,0.0,0.1,0.1,0.0,0.0,0.3,0.0,0.0,0.1,0.1,0.111,0.2,0.111,0.311,0.12609,0.03156,0.00736,0.02467,0.08642,0.01125,0.00838,0.27274,0.02196,0.00619,0.1110392798589936,0.1063834223350814
803131,Camden Troyer,NYY,25,L,,floor,Depth (no MLB PA),default,MiLB (MLE),5,1.0,0.2,0.9,0.1,0.1,0.0,0.0,0.0,0.1,0.1,0.0,0.0,0.2,0.0,0.0,0.1,0.1,0.111,0.2,0.111,0.311,0.13246,0.03918,0.00302,0.02468,0.08294,0.01121,0.00821,0.23612,0.0171,0.00481,0.1247291425689449,0.1194992715033348
680518,Zavier Warren,CIN,25,S,,floor,Depth (no MLB PA),default,MiLB (MLE),5,1.0,0.2,0.9,0.1,0.1,0.0,0.0,0.0,0.1,0.1,0.0,0.0,0.2,0.0,0.0,0.1,0.1,0.111,0.2,0.111,0.311,0.12472,0.03334,0.00344,0.02469,0.08631,0.01122,0.00825,0.24315,0.01598,0.0045,0.1096855274705329,0.1050864325467684
828237,Cooper Flemming,TB,21,L,,floor,Depth (no MLB PA),feed:order+depth,MiLB (MLE),5,1.0,0.2,0.9,0.1,0.1,0.0,0.0,0.0,0.1,0.1,0.0,0.0,0.2,0.0,0.0,0.1,0.1,0.111,0.2,0.111,0.311,0.1431,0.04174,0.0036,0.02469,0.0824,0.01117,0.00806,0.23073,0.01795,0.00507,0.1110392798589936,0.1063834223350814
665120,Jared Walsh,TEX,33,L,1B,floor,Depth (no MLB PA),default,MLB,5,1.0,0.2,0.9,0.1,0.1,0.0,0.0,0.0,0.1,0.1,0.0,0.0,0.3,0.0,0.0,0.1,0.1,0.111,0.2,0.111,0.311,0.14771,0.02563,0.00165,0.02469,0.07449,0.00802,0.00076,0.30642,0.01021,0.00289,0.1019121837199366,0.1014328225547441
815894,Jorge Quintana,SD,25,S,,floor,Depth (no MLB PA),default,MiLB (MLE),5,1.0,0.2,0.9,0.1,0.1,0.0,0.0,0.0,0.1,0.1,0.0,0.0,0.2,0.0,0.0,0.1,0.1,0.111,0.2,0.111,0.311,0.13369,0.03885,0.00371,0.0247,0.08332,0.01114,0.00795,0.24061,0.01811,0.0051,0.1148003772844334,0.1099868176053142
668776,Devin Ortiz,WSH,25,R,,floor,Depth (no MLB PA),default,MiLB (MLE),5,1.0,0.2,0.9,0.1,0.1,0.0,0.0,0.0,0.1,0.1,0.0,0.0,0.2,0.0,0.0,0.1,0.1,0.111,0.2,0.111,0.311,0.12476,0.03122,0.00242,0.02471,0.08319,0.01122,0.00825,0.24162,0.01679,0.00476,0.1126552134847328,0.1079316001473905
808805,Tyler Pettorini,PHI,25,L,,floor,Depth (no MLB PA),default,MiLB (MLE),5,1.0,0.2,0.9,0.1,0.1,0.0,0.0,0.0,0.1,0.1,0.0,0.0,0.2,0.0,0.0,0.1,0.1,0.111,0.2,0.111,0.311,0.14145,0.04143,0.0034,0.02482,0.08305,0.01112,0.00786,0.23105,0.01853,0.00522,0.1171713130868302,0.1122583404854701
809633,Michael Dattalo,STL,25,R,,floor,Depth (no MLB PA),default,MiLB (MLE),5,1.0,0.2,0.9,0.1,0.1,0.0,0.0,0.0,0.1,0.1,0.0,0.0,0.2,0.0,0.0,0.1,0.1,0.111,0.2,0.111,0.311,0.14247,0.03882,0.0029,0.02472,0.08181,0.01108,0.00773,0.2294,0.01734,0.00489,0.1090018959870051,0.1044314656114096
686531,Andre Lipcius,DET,29,R,3B,floor,Depth (no MLB PA),default,MLB,5,1.0,0.2,0.9,0.2,0.2,0.0,0.0,0.0,0.2,0.1,0.0,0.0,0.2,0.0,0.0,0.1,0.1,0.222,0.3,0.222,0.522,0.15206,0.03785,0.00263,0.02473,0.08175,0.00734,0.00457,0.22563,0.01657,0.00467,0.1128772425657039,0.1111054677474244
811764,Cody Miller,ATL,25,R,,floor,Depth (no MLB PA),default,MiLB (MLE),5,1.0,0.2,0.9,0.1,0.1,0.0,0.0,0.0,0.1,0.1,0.0,0.0,0.2,0.0,0.0,0.1,0.1,0.111,0.2,0.111,0.311,0.12797,0.03765,0.00309,0.02473,0.08335,0.01118,0.00813,0.24577,0.01935,0.00544,0.1172987096268818,0.1123803953109476
695763,Sam Petersen,WSH,24,R,,floor,Depth (no MLB PA),feed:order+depth,MiLB (MLE),5,1.0,0.2,0.9,0.1,0.1,0.0,0.0,0.0,0.1,0.1,0.0,0.0,0.2,0.0,0.0,0.1,0.1,0.111,0.2,0.111,0.311,0.14171,0.03948,0.00408,0.02474,0.08212,0.01122,0.00828,0.24599,0.01885,0.00528,0.1126552134847328,0.1079316001473905
699027,José Suárez,STL,25,R,,floor,Depth (no MLB PA),default,MiLB (MLE),5,1.0,0.2,0.9,0.1,0.1,0.0,0.0,0.0,0.1,0.1,0.0,0.0,0.3,0.0,0.0,0.1,0.1,0.111,0.2,0.111,0.311,0.13834,0.04169,0.00354,0.02474,0.07799,0.01121,0.00823,0.25139,0.01933,0.00544,0.1090018959870051,0.1044314656114096
815889,Paulino Santana,TEX,21,R,,floor,Depth (no MLB PA),feed:order+depth,MiLB (MLE),5,1.0,0.2,0.9,0.1,0.1,0.0,0.0,0.0,0.1,0.1,0.0,0.0,0.2,0.0,0.0,0.1,0.1,0.111,0.2,0.111,0.311,0.13436,0.03943,0.00382,0.02474,0.08537,0.01118,0.00813,0.24145,0.01829,0.00516,0.1092943456639019,0.1047116529246611
833458,Justin Stransky,CHC,25,R,,floor,Depth (no MLB PA),default,MiLB (MLE),5,1.0,0.2,0.9,0.1,0.1,0.0,0.0,0.0,0.1,0.1,0.0,0.0,0.2,0.0,0.0,0.1,0.1,0.111,0.2,0.111,0.311,0.1304,0.0384,0.00321,0.02477,0.08601,0.01117,0.00806,0.22816,0.01717,0.00483,0.1223269824307857,0.117197833518337
813429,Lucas Ramirez,LAA,25,L,,floor,Depth (no MLB PA),default,MiLB (MLE),5,1.0,0.2,0.9,0.1,0.1,0.0,0.0,0.0,0.1,0.1,0.0,0.0,0.2,0.0,0.0,0.1,0.1,0.111,0.2,0.111,0.311,0.13108,0.04125,0.00548,0.02477,0.08195,0.01113,0.00793,0.24424,0.01688,0.00476,0.106480524616612,0.1020158149002312
815829,Ryan Mitchell,STL,20,L,,floor,Depth (no MLB PA),feed:order+depth,MiLB (MLE),5,1.0,0.2,0.9,0.1,0.1,0.0,0.0,0.0,0.1,0.1,0.0,0.0,0.2,0.0,0.0,0.1,0.1,0.111,0.2,0.111,0.311,0.1319,0.03411,0.00326,0.02478,0.08849,0.01116,0.00804,0.24835,0.01914,0.0054,0.1090018959870051,0.1044314656114096
801276,Juan Matheus,MIA,25,S,,floor,Depth (no MLB PA),default,MiLB (MLE),5,1.0,0.2,0.9,0.1,0.1,0.0,0.0,0.0,0.1,0.1,0.0,0.0,0.2,0.0,0.0,0.1,0.1,0.111,0.2,0.111,0.311,0.13519,0.04208,0.00297,0.0248,0.08438,0.01106,0.00762,0.22812,0.01832,0.00516,0.1083028077561248,0.1037616900274031
808162,Joshua Liranzo,BAL,25,R,,floor,Depth (no MLB PA),default,MiLB (MLE),5,1.0,0.2,0.9,0.1,0.1,0.0,0.0,0.0,0.1,0.1,0.0,0.0,0.2,0.0,0.0,0.1,0.1,0.111,0.2,0.111,0.311,0.13361,0.03761,0.00323,0.02481,0.08384,0.01108,0.00772,0.2353,0.01782,0.00502,0.1145364810565329,0.109733986499952
686196,Peter Burns,LAA,25,L,,floor,Depth (no MLB PA),default,MiLB (MLE),5,1.0,0.2,0.9,0.1,0.1,0.0,0.0,0.0,0.1,0.1,0.0,0.0,0.2,0.0,0.0,0.1,0.1,0.111,0.2,0.111,0.311,0.14302,0.03609,0.00274,0.02481,0.08297,0.01113,0.00793,0.23121,0.01712,0.00483,0.106480524616612,0.1020158149002312
688617,Michael Snyder,MIA,25,R,,floor,Depth (no MLB PA),default,MiLB (MLE),5,1.0,0.2,0.9,0.1,0.1,0.0,0.0,0.0,0.1,0.1,0.0,0.0,0.2,0.0,0.0,0.1,0.1,0.111,0.2,0.111,0.311,0.12694,0.0367,0.00524,0.02482,0.08624,0.01109,0.00776,0.2325,0.01729,0.00487,0.1083028077561248,0.1037616900274031
811716,Landyn Vidourek,COL,25,L,,floor,Depth (no MLB PA),default,MiLB (MLE),5,1.0,0.2,0.9,0.1,0.1,0.0,0.0,0.0,0.1,0.1,0.0,0.0,0.2,0.0,0.0,0.1,0.1,0.111,0.2,0.111,0.311,0.12018,0.03763,0.0034,0.02482,0.08631,0.01113,0.0079,0.24639,0.01685,0.00475,0.1064575033399691,0.1019937589016792
815654,Eli Lovich,CHC,25,L,,floor,Depth (no MLB PA),default,MiLB (MLE),5,1.0,0.2,0.9,0.1,0.1,0.0,0.0,0.0,0.1,0.1,0.0,0.0,0.2,0.0,0.0,0.1,0.1,0.111,0.2,0.111,0.311,0.12776,0.03741,0.00373,0.02471,0.08424,0.01113,0.00793,0.24491,0.01691,0.00476,0.1223269824307857,0.117197833518337
699114,Leo Balcazar,CIN,25,R,,floor,Depth (no MLB PA),default,MiLB (MLE),5,1.0,0.2,0.9,0.1,0.1,0.0,0.0,0.0,0.1,0.1,0.0,0.0,0.2,0.0,0.0,0.1,0.1,0.111,0.2,0.111,0.311,0.13227,0.04473,0.00405,0.02335,0.08626,0.01124,0.0083,0.22466,0.01622,0.00458,0.1096855274705329,0.1050864325467684
702540,Mikey Romero,BOS,25,L,,floor,Depth (no MLB PA),default,MiLB (MLE),5,1.0,0.2,0.9,0.1,0.1,0.0,0.0,0.0,0.1,0.1,0.0,0.0,0.2,0.0,0.0,0.1,0.1,0.111,0.2,0.111,0.311,0.13835,0.03638,0.00441,0.02335,0.07888,0.01143,0.00907,0.23981,0.01245,0.0035,0.1139845743829696,0.1092052211763855
702977,Dillon Head,MIA,25,L,,floor,Depth (no MLB PA),default,MiLB (MLE),5,1.0,0.2,0.9,0.1,0.1,0.0,0.0,0.0,0.1,0.1,0.0,0.0,0.2,0.0,0.0,0.1,0.1,0.111,0.2,0.111,0.311,0.13714,0.03959,0.00458,0.02336,0.08205,0.01122,0.00827,0.23529,0.02083,0.00584,0.1083028077561248,0.1037616900274031
822177,Jose Cerice,KC,25,R,,floor,Depth (no MLB PA),default,MiLB (MLE),5,1.0,0.2,0.9,0.1,0.1,0.0,0.0,0.0,0.1,0.1,0.0,0.0,0.2,0.0,0.0,0.1,0.1,0.111,0.2,0.111,0.311,0.14809,0.03672,0.00355,0.02336,0.08262,0.01122,0.00824,0.22655,0.01918,0.00541,0.1126208892977148,0.1078987151675124
695634,Jaime Ferrer,MIN,25,R,,floor,Depth (no MLB PA),default,MiLB (MLE),5,1.0,0.2,0.9,0.1,0.1,0.0,0.0,0.0,0.1,0.1,0.0,0.0,0.2,0.0,0.0,0.1,0.1,0.111,0.2,0.111,0.311,0.13536,0.04038,0.00313,0.02337,0.0779,0.01127,0.00847,0.24445,0.01745,0.0049,0.1140967113801906,0.1093126562889861
694304,Cole Fontenelle,LAA,25,S,,floor,Depth (no MLB PA),default,MiLB (MLE),5,1.0,0.2,0.9,0.1,0.1,0.0,0.0,0.0,0.1,0.1,0.0,0.0,0.3,0.0,0.0,0.1,0.1,0.111,0.2,0.111,0.311,0.12185,0.04179,0.00412,0.02338,0.08035,0.01126,0.00843,0.26063,0.01737,0.00487,0.106480524616612,0.1020158149002312
815843,Josh Hammond,KC,21,R,,floor,Depth (no MLB PA),feed:order+depth,MiLB (MLE),5,1.0,0.2,0.9,0.1,0.1,0.0,0.0,0.0,0.1,0.1,0.0,0.0,0.2,0.0,0.0,0.1,0.1,0.111,0.2,0.111,0.311,0.14532,0.04026,0.00363,0.02338,0.08199,0.01116,0.00803,0.23238,0.01843,0.00519,0.1126208892977148,0.1078987151675124
666165,Blake Sabol,SF,29,L,C,floor,Depth (no MLB PA),default,MLB,5,1.0,0.2,0.9,0.1,0.1,0.0,0.0,0.0,0.1,0.1,0.0,0.0,0.3,0.0,0.0,0.1,0.1,0.111,0.2,0.111,0.311,0.12583,0.03746,0.00304,0.02338,0.07649,0.01589,0.00721,0.30326,0.01406,0.00401,0.1056610954080276,0.1110920509826053
806005,Ryan McCarty,TOR,25,R,,floor,Depth (no MLB PA),default,MiLB (MLE),5,1.0,0.2,0.9,0.1,0.1,0.0,0.0,0.0,0.1,0.1,0.0,0.0,0.2,0.0,0.0,0.1,0.1,0.111,0.2,0.111,0.311,0.14499,0.03566,0.0028,0.02339,0.08635,0.01111,0.00785,0.22868,0.01858,0.00525,0.1119841749477096,0.1072886981384986
805590,Dylan Palmer,PIT,25,L,,floor,Depth (no MLB PA),default,MiLB (MLE),5,1.0,0.2,0.9,0.1,0.1,0.0,0.0,0.0,0.1,0.1,0.0,0.0,0.2,0.0,0.0,0.1,0.1,0.111,0.2,0.111,0.311,0.14983,0.04004,0.00459,0.0234,0.08372,0.01112,0.00788,0.2253,0.01946,0.0055,0.1104724077295015,0.1058403190545277
801561,Matt Halbach,CHC,25,R,,floor,Depth (no MLB PA),default,MiLB (MLE),5,1.0,0.2,0.9,0.1,0.1,0.0,0.0,0.0,0.1,0.1,0.0,0.0,0.2,0.0,0.0,0.1,0.1,0.111,0.2,0.111,0.311,0.13948,0.03921,0.00231,0.0234,0.08216,0.01125,0.00839,0.23558,0.01649,0.00464,0.1223269824307857,0.117197833518337
805346,Ben Ross,MIN,26,R,SS,floor,Bench Bat,feed:order+depth,MLB,0,1.0,0.2,0.9,0.1,0.1,0.0,0.0,0.0,0.1,0.1,0.0,0.0,0.3,0.0,0.0,0.1,0.1,0.111,0.2,0.111,0.311,0.13842,0.03847,0.00258,0.02341,0.07006,0.00856,0.00534,0.2739,0.0,0.0,0.113135896968568,0.1079214770888242
698933,Ronald Hernandez,NYM,25,S,,floor,Depth (no MLB PA),default,MiLB (MLE),5,1.0,0.2,0.9,0.1,0.1,0.0,0.0,0.0,0.1,0.1,0.0,0.0,0.2,0.0,0.0,0.1,0.1,0.111,0.2,0.111,0.311,0.12548,0.03557,0.00336,0.02347,0.08865,0.01124,0.00835,0.24417,0.01815,0.00509,0.1185244404252146,0.1135547314319469
802504,Myles Naylor,OAK,25,R,,floor,Depth (no MLB PA),default,MiLB (MLE),5,1.0,0.2,0.9,0.1,0.1,0.0,0.0,0.0,0.1,0.1,0.0,0.0,0.2,0.0,0.0,0.1,0.1,0.111,0.2,0.111,0.311,0.13036,0.03899,0.00375,0.02417,0.08434,0.01117,0.00807,0.24973,0.01692,0.00477,0.1137291867017833,0.1089605418558665
807257,Ty Southisene,TOR,22,R,,floor,Depth (no MLB PA),feed:order+depth,MiLB (MLE),5,1.0,0.2,0.9,0.2,0.2,0.0,0.0,0.0,0.2,0.1,0.0,0.0,0.2,0.0,0.0,0.1,0.1,0.222,0.3,0.222,0.522,0.15203,0.03689,0.00453,0.0235,0.08479,0.01114,0.00793,0.22593,0.02001,0.00564,0.1119841749477096,0.1072886981384986
702544,Jacob Reimer,NYM,23,R,,floor,Depth (no MLB PA),feed:depth,MiLB (MLE),5,1.0,0.2,0.9,0.1,0.1,0.0,0.0,0.0,0.1,0.1,0.0,0.0,0.2,0.0,0.0,0.1,0.1,0.111,0.2,0.111,0.311,0.12472,0.04482,0.00206,0.02353,0.08812,0.0113,0.00857,0.24709,0.0188,0.00531,0.1185244404252146,0.1135547314319469
827294,Edgar Alvarez,CHC,25,L,,floor,Depth (no MLB PA),default,MiLB (MLE),5,1.0,0.2,0.9,0.1,0.1,0.0,0.0,0.0,0.1,0.1,0.0,0.0,0.3,0.0,0.0,0.1,0.1,0.111,0.2,0.111,0.311,0.11141,0.04009,0.00268,0.02353,0.09757,0.01134,0.00871,0.25787,0.01401,0.00396,0.1223269824307857,0.117197833518337
815299,Will Verdung,ATL,25,R,,floor,Depth (no MLB PA),default,MiLB (MLE),5,1.0,0.2,0.9,0.1,0.1,0.0,0.0,0.0,0.1,0.1,0.0,0.0,0.2,0.0,0.0,0.1,0.1,0.111,0.2,0.111,0.311,0.13406,0.03794,0.00365,0.02353,0.08323,0.01118,0.0081,0.23239,0.0177,0.00499,0.1172987096268818,0.1123803953109476
701906,Trevor Cohen,SF,25,L,,floor,Depth (no MLB PA),default,MiLB (MLE),5,1.0,0.2,0.9,0.2,0.2,0.0,0.0,0.0,0.2,0.1,0.0,0.0,0.2,0.0,0.0,0.1,0.1,0.222,0.3,0.222,0.522,0.15927,0.03735,0.00443,0.02354,0.07913,0.01123,0.00827,0.21608,0.02186,0.00615,0.1084288853768579,0.1038824812356177
823944,Maddox Latta,TOR,25,R,,floor,Depth (no MLB PA),default,MiLB (MLE),5,1.0,0.2,0.9,0.1,0.1,0.0,0.0,0.0,0.1,0.1,0.0,0.0,0.2,0.0,0.0,0.1,0.1,0.111,0.2,0.111,0.311,0.13547,0.03797,0.00236,0.02355,0.08753,0.01124,0.00833,0.23355,0.01763,0.00498,0.1119841749477096,0.1072886981384986
703519,Brady Counsell,ARI,25,R,,floor,Depth (no MLB PA),default,MiLB (MLE),5,1.0,0.2,0.9,0.1,0.1,0.0,0.0,0.0,0.1,0.1,0.0,0.0,0.2,0.0,0.0,0.1,0.1,0.111,0.2,0.111,0.311,0.13446,0.03891,0.00264,0.02356,0.08286,0.01115,0.00799,0.24147,0.01735,0.00489,0.1197021453855344,0.1146830554298953
828473,Zach Evans,SD,25,R,,floor,Depth (no MLB PA),default,MiLB (MLE),5,1.0,0.2,0.9,0.1,0.1,0.0,0.0,0.0,0.1,0.1,0.0,0.0,0.2,0.0,0.0,0.1,0.1,0.111,0.2,0.111,0.311,0.1362,0.04051,0.00323,0.02357,0.08121,0.01116,0.00804,0.23107,0.01672,0.00472,0.1148003772844334,0.1099868176053142
694183,Cristian Hernández,MIA,25,R,,floor,Depth (no MLB PA),default,MiLB (MLE),5,1.0,0.2,0.9,0.1,0.1,0.0,0.0,0.0,0.1,0.1,0.0,0.0,0.3,0.0,0.0,0.1,0.1,0.111,0.2,0.111,0.311,0.13125,0.04503,0.00177,0.02357,0.08531,0.01136,0.00881,0.25436,0.0246,0.00692,0.1083028077561248,0.1037616900274031
815592,Matthew Boughton,CWS,25,R,,floor,Depth (no MLB PA),default,MiLB (MLE),5,1.0,0.2,0.9,0.1,0.1,0.0,0.0,0.0,0.1,0.1,0.0,0.0,0.2,0.0,0.0,0.1,0.1,0.111,0.2,0.111,0.311,0.13604,0.03822,0.00404,0.02359,0.08257,0.01114,0.00796,0.23326,0.01837,0.00518,0.1097434769942643,0.1051419522571364
806368,Maddux Houghton,MIN,25,R,,floor,Depth (no MLB PA),default,MiLB (MLE),5,1.0,0.2,0.9,0.1,0.1,0.0,0.0,0.0,0.1,0.1,0.0,0.0,0.3,0.0,0.0,0.1,0.1,0.111,0.2,0.111,0.311,0.12134,0.04263,0.00576,0.02359,0.08059,0.01119,0.00815,0.25363,0.01831,0.00514,0.1140967113801906,0.1093126562889861
806965,Starlyn Caba,MIA,22,S,,floor,Depth (no MLB PA),feed:order+depth,MiLB (MLE),5,1.0,0.2,0.9,0.1,0.1,0.0,0.0,0.0,0.1,0.1,0.0,0.0,0.2,0.0,0.0,0.1,0.1,0.111,0.2,0.111,0.311,0.12998,0.03722,0.00471,0.02359,0.09046,0.01121,0.00821,0.23947,0.0182,0.00511,0.1083028077561248,0.1037616900274031
657247,Brian O'Keefe,SEA,33,R,C,floor,Depth (no MLB PA),default,MLB,0,1.0,0.2,0.9,0.1,0.1,0.0,0.0,0.0,0.1,0.1,0.0,0.0,0.2,0.0,0.0,0.1,0.1,0.111,0.2,0.111,0.311,0.13686,0.04599,0.00272,0.0236,0.0862,0.00825,0.00514,0.24307,0.0,0.0,0.1129329803956266,0.1077279129163165
691452,Ricardo Hurtado,DET,25,R,,floor,Depth (no MLB PA),default,MiLB (MLE),5,1.0,0.2,0.9,0.1,0.1,0.0,0.0,0.0,0.1,0.1,0.0,0.0,0.2,0.0,0.0,0.1,0.1,0.111,0.2,0.111,0.311,0.12266,0.03648,0.00234,0.0236,0.08918,0.01123,0.00829,0.24712,0.01604,0.00452,0.1154184738764934,0.1105789975157071
678636,Orlando Martinez,TEX,25,L,,floor,Depth (no MLB PA),default,MiLB (MLE),5,1.0,0.2,0.9,0.1,0.1,0.0,0.0,0.0,0.1,0.1,0.0,0.0,0.2,0.0,0.0,0.1,0.1,0.111,0.2,0.111,0.311,0.14519,0.03961,0.00565,0.02348,0.08402,0.01124,0.00831,0.21952,0.0203,0.00573,0.1092943456639019,0.1047116529246611
695481,Jay Allen II,CIN,25,R,,floor,Depth (no MLB PA),default,MiLB (MLE),5,1.0,0.2,0.9,0.1,0.1,0.0,0.0,0.0,0.1,0.1,0.0,0.0,0.2,0.0,0.0,0.1,0.1,0.111,0.2,0.111,0.311,0.13957,0.03938,0.00275,0.02303,0.08227,0.01111,0.00786,0.23998,0.0184,0.00517,0.1096855274705329,0.1050864325467684
800419,Jeral Perez,CWS,25,R,,floor,Depth (no MLB PA),default,MiLB (MLE),5,1.0,0.2,0.9,0.1,0.1,0.0,0.0,0.0,0.1,0.1,0.0,0.0,0.2,0.0,0.0,0.1,0.1,0.111,0.2,0.111,0.311,0.12315,0.03875,0.00233,0.02303,0.08446,0.01123,0.00832,0.24544,0.01606,0.00453,0.1097434769942643,0.1051419522571364
701783,Cole Messina,COL,25,R,,floor,Depth (no MLB PA),default,MiLB (MLE),5,1.0,0.2,0.9,0.1,0.1,0.0,0.0,0.0,0.1,0.1,0.0,0.0,0.3,0.0,0.0,0.1,0.1,0.111,0.2,0.111,0.311,0.12449,0.04406,0.00202,0.02307,0.08603,0.0113,0.0086,0.25401,0.01988,0.00557,0.1064575033399691,0.1019937589016792
694425,Justice Bigbie,DET,25,R,,floor,Depth (no MLB PA),default,MiLB (MLE),5,1.0,0.2,0.9,0.1,0.1,0.0,0.0,0.0,0.1,0.1,0.0,0.0,0.2,0.0,0.0,0.1,0.1,0.111,0.2,0.111,0.311,0.14857,0.03801,0.00257,0.02307,0.08344,0.0112,0.00818,0.21955,0.01727,0.00488,0.1154184738764934,0.1105789975157071
687272,Tucker Flint,LAA,25,L,,floor,Depth (no MLB PA),default,MiLB (MLE),5,1.0,0.2,0.9,0.1,0.1,0.0,0.0,0.0,0.1,0.1,0.0,0.0,0.3,0.0,0.0,0.1,0.1,0.111,0.2,0.111,0.311,0.12461,0.03757,0.0024,0.02308,0.09637,0.01137,0.00885,0.26666,0.01914,0.00536,0.106480524616612,0.1020158149002312
802531,Trent Farquhar,PHI,25,L,,floor,Depth (no MLB PA),default,MiLB (MLE),5,1.0,0.2,0.9,0.1,0.1,0.0,0.0,0.0,0.1,0.1,0.0,0.0,0.2,0.0,0.0,0.1,0.1,0.111,0.2,0.111,0.311,0.12739,0.04163,0.00392,0.02312,0.08528,0.01114,0.00794,0.23333,0.01693,0.00477,0.1171713130868302,0.1122583404854701
814504,Dylan Fien,OAK,25,S,,floor,Depth (no MLB PA),default,MiLB (MLE),5,1.0,0.2,0.9,0.1,0.1,0.0,0.0,0.0,0.1,0.1,0.0,0.0,0.2,0.0,0.0,0.1,0.1,0.111,0.2,0.111,0.311,0.13239,0.03686,0.00494,0.02313,0.08184,0.01117,0.00806,0.24003,0.01626,0.00459,0.1137291867017833,0.1089605418558665
811780,Joel Dragoo,PHI,25,R,,floor,Depth (no MLB PA),default,MiLB (MLE),5,1.0,0.2,0.9,0.1,0.1,0.0,0.0,0.0,0.1,0.1,0.0,0.0,0.2,0.0,0.0,0.1,0.1,0.111,0.2,0.111,0.311,0.12843,0.03579,0.00327,0.02313,0.08776,0.01114,0.00797,0.24043,0.01693,0.00478,0.1171713130868302,0.1122583404854701
690985,Colby Halter,OAK,25,L,,floor,Depth (no MLB PA),default,MiLB (MLE),5,1.0,0.2,0.9,0.1,0.1,0.0,0.0,0.0,0.1,0.1,0.0,0.0,0.3,0.0,0.0,0.1,0.1,0.111,0.2,0.111,0.311,0.14083,0.03142,0.00206,0.02315,0.08861,0.01129,0.00853,0.25976,0.02139,0.00597,0.1137291867017833,0.1089605418558665
808090,José Mejía,ARI,25,R,,floor,Depth (no MLB PA),feed:depth,MiLB (MLE),5,1.0,0.2,0.9,0.1,0.1,0.0,0.0,0.0,0.1,0.1,0.0,0.0,0.2,0.0,0.0,0.1,0.1,0.111,0.2,0.111,0.311,0.13554,0.03969,0.00311,0.02315,0.08487,0.01119,0.00814,0.23081,0.01792,0.00505,0.1197021453855344,0.1146830554298953
808037,Juan Hernandez,DET,25,L,,floor,Depth (no MLB PA),default,MiLB (MLE),5,1.0,0.2,0.9,0.1,0.1,0.0,0.0,0.0,0.1,0.1,0.0,0.0,0.2,0.0,0.0,0.1,0.1,0.111,0.2,0.111,0.311,0.13887,0.03569,0.0032,0.02315,0.08076,0.01116,0.00804,0.24615,0.01667,0.0047,0.1154184738764934,0.1105789975157071
642727,Sergio Alcántara,ARI,30,S,3B,floor,Depth (no MLB PA),default,MLB,5,1.0,0.2,0.9,0.1,0.1,0.0,0.0,0.0,0.1,0.1,0.0,0.0,0.2,0.0,0.0,0.1,0.1,0.111,0.2,0.111,0.311,0.14489,0.04057,0.00272,0.02315,0.06653,0.00595,0.01442,0.24741,0.0153,0.00439,0.118578625249021,0.1196811450091509
695780,Jake Fox,CLE,25,L,,floor,Depth (no MLB PA),default,MiLB (MLE),5,1.0,0.2,0.9,0.1,0.1,0.0,0.0,0.0,0.1,0.1,0.0,0.0,0.2,0.0,0.0,0.1,0.1,0.111,0.2,0.111,0.311,0.14757,0.04238,0.00592,0.02317,0.08931,0.01116,0.00803,0.22523,0.01896,0.00536,0.1100028836523031,0.1053904820395136
474832,Brandon Belt,TOR,39,L,1B,floor,Depth (no MLB PA),default,MLB,6,1.0,0.2,0.9,0.1,0.1,0.0,0.0,0.0,0.1,0.1,0.0,0.0,0.3,0.0,0.0,0.1,0.1,0.111,0.2,0.111,0.311,0.11623,0.03417,0.00263,0.02318,0.1249,0.011,0.00443,0.30361,0.00752,0.00211,0.1084478325809398,0.0960804574704866
828489,Andy Polanco,SF,25,R,,floor,Depth (no MLB PA),default,MiLB (MLE),5,1.0,0.2,0.9,0.1,0.1,0.0,0.0,0.0,0.1,0.1,0.0,0.0,0.2,0.0,0.0,0.1,0.1,0.111,0.2,0.111,0.311,0.14548,0.03993,0.00591,0.02332,0.08029,0.01112,0.00786,0.24043,0.01957,0.00552,0.1084288853768579,0.1038824812356177
803745,Adrian Santana,MIA,25,S,,floor,Depth (no MLB PA),default,MiLB (MLE),5,1.0,0.2,0.9,0.1,0.1,0.0,0.0,0.0,0.1,0.1,0.0,0.0,0.2,0.0,0.0,0.1,0.1,0.111,0.2,0.111,0.311,0.14125,0.04276,0.00277,0.02319,0.08284,0.01113,0.00791,0.22553,0.01795,0.00505,0.1083028077561248,0.1037616900274031
681941,Jaylen Palmer,NYM,25,R,,floor,Depth (no MLB PA),default,MiLB (MLE),5,1.0,0.2,0.9,0.1,0.1,0.0,0.0,0.0,0.1,0.1,0.0,0.0,0.2,0.0,0.0,0.1,0.1,0.111,0.2,0.111,0.311,0.12164,0.04806,0.00265,0.02319,0.08467,0.01114,0.00796,0.24415,0.017,0.00478,0.1185244404252146,0.1135547314319469
814408,Jackson Hornung,TOR,25,R,,floor,Depth (no MLB PA),default,MiLB (MLE),5,1.0,0.2,0.9,0.1,0.1,0.0,0.0,0.0,0.1,0.1,0.0,0.0,0.2,0.0,0.0,0.1,0.1,0.111,0.2,0.111,0.311,0.1347,0.04119,0.00437,0.02322,0.08067,0.01123,0.00831,0.24727,0.01662,0.00467,0.1119841749477096,0.1072886981384986
822501,Jon Jon Gazdar,STL,25,R,,floor,Depth (no MLB PA),default,MiLB (MLE),5,1.0,0.2,0.9,0.1,0.1,0.0,0.0,0.0,0.1,0.1,0.0,0.0,0.2,0.0,0.0,0.1,0.1,0.111,0.2,0.111,0.311,0.14051,0.03647,0.00209,0.02322,0.08609,0.01133,0.00865,0.21584,0.01781,0.00498,0.1090018959870051,0.1044314656114096
696142,Will Taylor,PIT,25,R,,floor,Depth (no MLB PA),default,MiLB (MLE),5,1.0,0.2,0.9,0.1,0.1,0.0,0.0,0.0,0.1,0.1,0.0,0.0,0.3,0.0,0.0,0.1,0.1,0.111,0.2,0.111,0.311,0.1364,0.03681,0.00426,0.02323,0.08456,0.01134,0.00874,0.25666,0.02208,0.00624,0.1104724077295015,0.1058403190545277
800194,Capri Ortiz,LAA,25,R,,floor,Depth (no MLB PA),default,MiLB (MLE),5,1.0,0.2,0.9,0.1,0.1,0.0,0.0,0.0,0.1,0.1,0.0,0.0,0.2,0.0,0.0,0.1,0.1,0.111,0.2,0.111,0.311,0.13672,0.03928,0.00343,0.02324,0.07815,0.01123,0.00832,0.24209,0.02121,0.00599,0.106480524616612,0.1020158149002312
699157,Ahbram Liendo,BOS,25,R,,floor,Depth (no MLB PA),default,MiLB (MLE),5,1.0,0.2,0.9,0.1,0.1,0.0,0.0,0.0,0.1,0.1,0.0,0.0,0.3,0.0,0.0,0.1,0.1,0.111,0.2,0.111,0.311,0.13533,0.03491,0.00383,0.02326,0.08705,0.0113,0.00857,0.26123,0.02256,0.00636,0.1139845743829696,0.1092052211763855
815734,Dylan Jasso,MIA,25,R,,floor,Depth (no MLB PA),default,MiLB (MLE),5,1.0,0.2,0.9,0.1,0.1,0.0,0.0,0.0,0.1,0.1,0.0,0.0,0.2,0.0,0.0,0.1,0.1,0.111,0.2,0.111,0.311,0.13815,0.04329,0.00336,0.02327,0.0855,0.01124,0.00832,0.23767,0.01669,0.0047,0.1083028077561248,0.1037616900274031
695069,Keith Jones II,TEX,25,L,,floor,Depth (no MLB PA),default,MiLB (MLE),5,1.0,0.2,0.9,0.1,0.1,0.0,0.0,0.0,0.1,0.1,0.0,0.0,0.3,0.0,0.0,0.1,0.1,0.111,0.2,0.111,0.311,0.12463,0.03902,0.00358,0.02328,0.09056,0.01133,0.00869,0.25685,0.0191,0.00539,0.1092943456639019,0.1047116529246611
702550,Chandler Pollard,TEX,25,R,,floor,Depth (no MLB PA),default,MiLB (MLE),5,1.0,0.2,0.9,0.1,0.1,0.0,0.0,0.0,0.1,0.1,0.0,0.0,0.2,0.0,0.0,0.1,0.1,0.111,0.2,0.111,0.311,0.13556,0.0384,0.0038,0.02328,0.08228,0.01116,0.00804,0.24081,0.01939,0.00544,0.1092943456639019,0.1047116529246611
694815,Jack Hurley,ARI,25,L,,floor,Depth (no MLB PA),default,MiLB (MLE),5,1.0,0.2,0.9,0.1,0.1,0.0,0.0,0.0,0.1,0.1,0.0,0.0,0.2,0.0,0.0,0.1,0.1,0.111,0.2,0.111,0.311,0.14189,0.04618,0.00613,0.0233,0.08214,0.01118,0.0081,0.23365,0.01649,0.00465,0.1197021453855344,0.1146830554298953
701481,Ryan Campos,STL,25,L,,floor,Depth (no MLB PA),default,MiLB (MLE),5,1.0,0.2,0.9,0.1,0.1,0.0,0.0,0.0,0.1,0.1,0.0,0.0,0.2,0.0,0.0,0.1,0.1,0.111,0.2,0.111,0.311,0.13749,0.03754,0.00179,0.02331,0.09398,0.01136,0.00878,0.24906,0.01897,0.00531,0.1090018959870051,0.1044314656114096
690448,Mike Jarvis,PIT,25,R,,floor,Depth (no MLB PA),default,MiLB (MLE),5,1.0,0.2,0.9,0.1,0.1,0.0,0.0,0.0,0.1,0.1,0.0,0.0,0.2,0.0,0.0,0.1,0.1,0.111,0.2,0.111,0.311,0.13079,0.03887,0.00258,0.02331,0.0838,0.01117,0.00806,0.24248,0.01922,0.00543,0.1104724077295015,0.1058403190545277
695462,Cal Conley,ATL,25,S,,floor,Depth (no MLB PA),default,MiLB (MLE),5,1.0,0.2,0.9,0.1,0.1,0.0,0.0,0.0,0.1,0.1,0.0,0.0,0.2,0.0,0.0,0.1,0.1,0.111,0.2,0.111,0.311,0.13652,0.04426,0.00359,0.02331,0.07792,0.0113,0.00856,0.24239,0.02132,0.00596,0.1172987096268818,0.1123803953109476
698945,Anderson De Los Santos,BAL,25,R,,floor,Depth (no MLB PA),default,MiLB (MLE),5,1.0,0.2,0.9,0.1,0.1,0.0,0.0,0.0,0.1,0.1,0.0,0.0,0.3,0.0,0.0,0.1,0.1,0.111,0.2,0.111,0.311,0.11946,0.03906,0.00257,0.02319,0.09576,0.01136,0.00879,0.25085,0.01685,0.00478,0.1145364810565329,0.109733986499952
691797,Ryan Spikes,TB,25,R,,floor,Depth (no MLB PA),default,MiLB (MLE),5,1.0,0.2,0.9,0.1,0.1,0.0,0.0,0.0,0.1,0.1,0.0,0.0,0.3,0.0,0.0,0.1,0.1,0.111,0.2,0.111,0.311,0.13024,0.03814,0.00596,0.02392,0.07698,0.01127,0.00846,0.26148,0.02011,0.00564,0.1110392798589936,0.1063834223350814
683341,David Calabrese,LAA,25,L,,floor,Depth (no MLB PA),default,MiLB (MLE),5,1.0,0.2,0.9,0.1,0.1,0.0,0.0,0.0,0.1,0.1,0.0,0.0,0.2,0.0,0.0,0.1,0.1,0.111,0.2,0.111,0.311,0.13077,0.04167,0.00332,0.02394,0.08226,0.01125,0.00836,0.2321,0.0171,0.00482,0.106480524616612,0.1020158149002312
805319,Dervy Ventura,SEA,25,S,,floor,Depth (no MLB PA),default,MiLB (MLE),5,1.0,0.2,0.9,0.1,0.1,0.0,0.0,0.0,0.1,0.1,0.0,0.0,0.2,0.0,0.0,0.1,0.1,0.111,0.2,0.111,0.311,0.13593,0.03811,0.00368,0.02395,0.08523,0.01115,0.00798,0.23935,0.01886,0.00532,0.1138920715242519,0.1091165969463052
693819,Kyle Nevin,LAD,25,R,,floor,Depth (no MLB PA),default,MiLB (MLE),5,1.0,0.2,0.9,0.2,0.2,0.0,0.0,0.0,0.2,0.1,0.0,0.0,0.2,0.0,0.0,0.1,0.1,0.222,0.3,0.222,0.522,0.15133,0.03829,0.00228,0.02396,0.08189,0.01127,0.00843,0.2322,0.01893,0.00533,0.1271758659241691,0.1218434041775241
806872,Carlos Gutierrez,BOS,25,L,,floor,Depth (no MLB PA),feed:order+depth,MiLB (MLE),5,1.0,0.2,0.9,0.1,0.1,0.0,0.0,0.0,0.1,0.1,0.0,0.0,0.2,0.0,0.0,0.1,0.1,0.111,0.2,0.111,0.311,0.1358,0.04206,0.00401,0.02396,0.08681,0.01123,0.00829,0.23294,0.01971,0.00553,0.1139845743829696,0.1092052211763855
821151,Yeiferth Castillo,CLE,25,L,,floor,Depth (no MLB PA),default,MiLB (MLE),5,1.0,0.2,0.9,0.1,0.1,0.0,0.0,0.0,0.1,0.1,0.0,0.0,0.2,0.0,0.0,0.1,0.1,0.111,0.2,0.111,0.311,0.14461,0.03754,0.00339,0.02397,0.07997,0.01115,0.00797,0.22214,0.01729,0.00488,0.1100028836523031,0.1053904820395136
681333,Dru Baker,CWS,25,R,,floor,Depth (no MLB PA),default,MiLB (MLE),5,1.0,0.2,0.9,0.2,0.2,0.0,0.0,0.0,0.2,0.1,0.0,0.0,0.3,0.0,0.0,0.1,0.1,0.222,0.3,0.222,0.522,0.15089,0.03681,0.00545,0.02398,0.07442,0.01137,0.00884,0.25636,0.02379,0.00667,0.1097434769942643,0.1051419522571364
834240,Ryan Wideman,SD,25,R,,floor,Depth (no MLB PA),feed:order+depth,MiLB (MLE),5,1.0,0.2,0.9,0.1,0.1,0.0,0.0,0.0,0.1,0.1,0.0,0.0,0.2,0.0,0.0,0.1,0.1,0.111,0.2,0.111,0.311,0.14751,0.03716,0.00287,0.024,0.08094,0.01109,0.00776,0.23169,0.01975,0.00558,0.1148003772844334,0.1099868176053142
828589,Max Durrington,OAK,25,L,,floor,Depth (no MLB PA),default,MiLB (MLE),5,1.0,0.2,0.9,0.1,0.1,0.0,0.0,0.0,0.1,0.1,0.0,0.0,0.2,0.0,0.0,0.1,0.1,0.111,0.2,0.111,0.311,0.142,0.03671,0.00411,0.02401,0.08424,0.01113,0.0079,0.23172,0.01842,0.00519,0.1137291867017833,0.1089605418558665
800206,Yerald Nin,ARI,25,L,,floor,Depth (no MLB PA),default,MiLB (MLE),5,1.0,0.2,0.9,0.1,0.1,0.0,0.0,0.0,0.1,0.1,0.0,0.0,0.2,0.0,0.0,0.1,0.1,0.111,0.2,0.111,0.311,0.14137,0.03562,0.00509,0.02401,0.0827,0.01114,0.00796,0.23363,0.01927,0.00543,0.1197021453855344,0.1146830554298953
679754,Alberto Rodriguez,KC,25,L,,floor,Depth (no MLB PA),default,MiLB (MLE),5,1.0,0.2,0.9,0.1,0.1,0.0,0.0,0.0,0.1,0.1,0.0,0.0,0.2,0.0,0.0,0.1,0.1,0.111,0.2,0.111,0.311,0.13602,0.03388,0.00361,0.02402,0.08215,0.01118,0.00812,0.24354,0.01672,0.00472,0.1126208892977148,0.1078987151675124
703153,Samuel Munoz,LAD,25,L,,floor,Depth (no MLB PA),default,MiLB (MLE),5,1.0,0.2,0.9,0.1,0.1,0.0,0.0,0.0,0.1,0.1,0.0,0.0,0.2,0.0,0.0,0.1,0.1,0.111,0.2,0.111,0.311,0.13425,0.03538,0.0036,0.02402,0.0827,0.0112,0.0082,0.23353,0.01708,0.00483,0.1271758659241691,0.1218434041775241
694222,Ambioris Tavarez,ATL,25,R,,floor,Depth (no MLB PA),default,MiLB (MLE),5,1.0,0.2,0.9,0.1,0.1,0.0,0.0,0.0,0.1,0.1,0.0,0.0,0.3,0.0,0.0,0.1,0.1,0.111,0.2,0.111,0.311,0.11976,0.03527,0.00215,0.02402,0.08582,0.01126,0.00844,0.26465,0.01936,0.00547,0.1172987096268818,0.1123803953109476
677605,Luis Verdugo,SD,25,R,,floor,Depth (no MLB PA),default,MiLB (MLE),5,1.0,0.2,0.9,0.1,0.1,0.0,0.0,0.0,0.1,0.1,0.0,0.0,0.3,0.0,0.0,0.1,0.1,0.111,0.2,0.111,0.311,0.14239,0.03285,0.00197,0.02403,0.08636,0.01132,0.00864,0.25031,0.01605,0.00451,0.1148003772844334,0.1099868176053142
800421,Marvin Alcantara,BOS,25,R,,floor,Depth (no MLB PA),default,MiLB (MLE),5,1.0,0.2,0.9,0.1,0.1,0.0,0.0,0.0,0.1,0.1,0.0,0.0,0.2,0.0,0.0,0.1,0.1,0.111,0.2,0.111,0.311,0.13633,0.0426,0.00316,0.02367,0.07844,0.01128,0.00847,0.23046,0.01902,0.00535,0.1139845743829696,0.1092052211763855
806071,Jonny Farmelo,SEA,23,L,,floor,Depth (no MLB PA),feed:order+depth,MiLB (MLE),5,1.0,0.2,0.9,0.1,0.1,0.0,0.0,0.0,0.1,0.1,0.0,0.0,0.2,0.0,0.0,0.1,0.1,0.111,0.2,0.111,0.311,0.12873,0.03826,0.00455,0.02405,0.08882,0.01121,0.00821,0.2428,0.01889,0.0053,0.1138920715242519,0.1091165969463052
803241,Jose Escobar,CHC,23,L,,floor,Depth (no MLB PA),feed:depth,MiLB (MLE),5,1.0,0.2,0.9,0.1,0.1,0.0,0.0,0.0,0.1,0.1,0.0,0.0,0.2,0.0,0.0,0.1,0.1,0.111,0.2,0.111,0.311,0.14429,0.04327,0.00427,0.02406,0.08226,0.01118,0.00812,0.22485,0.01755,0.00495,0.1223269824307857,0.117197833518337
694230,Hendry Mendez,MIN,25,L,,floor,Depth (no MLB PA),feed:order+depth,MiLB (MLE),5,1.0,0.2,0.9,0.2,0.2,0.0,0.0,0.0,0.2,0.1,0.0,0.0,0.2,0.0,0.0,0.1,0.1,0.222,0.3,0.222,0.522,0.15185,0.03818,0.00179,0.02408,0.093,0.01138,0.00886,0.21815,0.01654,0.00468,0.1140967113801906,0.1093126562889861
827628,Garrett Howe,CLE,25,L,,floor,Depth (no MLB PA),default,MiLB (MLE),5,1.0,0.2,0.9,0.1,0.1,0.0,0.0,0.0,0.1,0.1,0.0,0.0,0.2,0.0,0.0,0.1,0.1,0.111,0.2,0.111,0.311,0.13205,0.03842,0.00332,0.02408,0.08455,0.01113,0.00793,0.23824,0.01756,0.00496,0.1100028836523031,0.1053904820395136
825269,Jose Verdugo,SD,25,R,,floor,Depth (no MLB PA),feed:order+depth,MiLB (MLE),5,1.0,0.2,0.9,0.1,0.1,0.0,0.0,0.0,0.1,0.1,0.0,0.0,0.2,0.0,0.0,0.1,0.1,0.111,0.2,0.111,0.311,0.14704,0.03751,0.0041,0.0241,0.08139,0.01113,0.00791,0.22966,0.01928,0.00543,0.1148003772844334,0.1099868176053142
686541,Drew Compton,ATL,25,S,,floor,Depth (no MLB PA),default,MiLB (MLE),5,1.0,0.2,0.9,0.1,0.1,0.0,0.0,0.0,0.1,0.1,0.0,0.0,0.2,0.0,0.0,0.1,0.1,0.111,0.2,0.111,0.311,0.13518,0.03172,0.00545,0.0241,0.08104,0.01122,0.00826,0.2311,0.01608,0.00454,0.1172987096268818,0.1123803953109476
702518,Jett Williams,MIL,24,R,,floor,Depth (no MLB PA),feed:order+depth,MiLB (MLE),5,1.0,0.2,0.9,0.1,0.1,0.0,0.0,0.0,0.1,0.1,0.0,0.0,0.2,0.0,0.0,0.1,0.1,0.111,0.2,0.111,0.311,0.13138,0.03147,0.00761,0.0241,0.09352,0.01139,0.0089,0.24107,0.02385,0.00666,0.1172969823098257,0.1123787404199927
807714,Carter Trice,CHC,25,R,,floor,Depth (no MLB PA),feed:depth,MiLB (MLE),5,1.0,0.2,0.9,0.1,0.1,0.0,0.0,0.0,0.1,0.1,0.0,0.0,0.3,0.0,0.0,0.1,0.1,0.111,0.2,0.111,0.311,0.12454,0.04368,0.00395,0.02412,0.0853,0.01137,0.00884,0.26048,0.01926,0.00546,0.1223269824307857,0.117197833518337
828557,Blaine Bullard,TOR,25,S,,floor,Depth (no MLB PA),feed:order+depth,MiLB (MLE),5,1.0,0.2,0.9,0.1,0.1,0.0,0.0,0.0,0.1,0.1,0.0,0.0,0.2,0.0,0.0,0.1,0.1,0.111,0.2,0.111,0.311,0.13706,0.03905,0.00366,0.02413,0.08203,0.01115,0.008,0.24112,0.01862,0.00524,0.1119841749477096,0.1072886981384986
681439,Zach Morgan,SF,25,R,,floor,Depth (no MLB PA),default,MiLB (MLE),5,1.0,0.2,0.9,0.1,0.1,0.0,0.0,0.0,0.1,0.1,0.0,0.0,0.2,0.0,0.0,0.1,0.1,0.111,0.2,0.111,0.311,0.13831,0.04077,0.00251,0.02415,0.08284,0.01122,0.00823,0.2225,0.01594,0.00449,0.1084288853768579,0.1038824812356177
691561,Jose Meza,LAD,25,R,,floor,Depth (no MLB PA),default,MiLB (MLE),5,1.0,0.2,0.9,0.1,0.1,0.0,0.0,0.0,0.1,0.1,0.0,0.0,0.2,0.0,0.0,0.1,0.1,0.111,0.2,0.111,0.311,0.13883,0.03541,0.00291,0.02415,0.08474,0.01123,0.0083,0.24195,0.01816,0.00513,0.1271758659241691,0.1218434041775241
808269,Gerardo Rodriguez,BOS,25,R,,floor,Depth (no MLB PA),default,MiLB (MLE),5,1.0,0.2,0.9,0.1,0.1,0.0,0.0,0.0,0.1,0.1,0.0,0.0,0.2,0.0,0.0,0.1,0.1,0.111,0.2,0.111,0.311,0.14432,0.03662,0.00301,0.02416,0.082,0.01122,0.00826,0.22494,0.01638,0.00462,0.1139845743829696,0.1092052211763855
692633,Manuel Palencia,NYY,25,R,,floor,Depth (no MLB PA),default,MiLB (MLE),5,1.0,0.2,0.9,0.2,0.2,0.0,0.0,0.0,0.2,0.1,0.0,0.0,0.2,0.0,0.0,0.1,0.1,0.222,0.3,0.222,0.522,0.1519,0.03539,0.00224,0.02416,0.07961,0.01129,0.00851,0.22289,0.01601,0.00452,0.1247291425689449,0.1194992715033348
815665,Brendan Tunink,LAD,25,L,,floor,Depth (no MLB PA),default,MiLB (MLE),5,1.0,0.2,0.9,0.1,0.1,0.0,0.0,0.0,0.1,0.1,0.0,0.0,0.2,0.0,0.0,0.1,0.1,0.111,0.2,0.111,0.311,0.12963,0.04065,0.00316,0.02416,0.08361,0.0111,0.00779,0.24186,0.01716,0.00483,0.1271758659241691,0.1218434041775241
809763,Kaeden Kent,SF,25,L,,floor,Depth (no MLB PA),default,MiLB (MLE),5,1.0,0.2,0.9,0.1,0.1,0.0,0.0,0.0,0.1,0.1,0.0,0.0,0.2,0.0,0.0,0.1,0.1,0.111,0.2,0.111,0.311,0.1475,0.04322,0.00352,0.02404,0.08018,0.01122,0.00827,0.22732,0.01937,0.00545,0.1084288853768579,0.1038824812356177
802005,Gunner Gouldsmith,OAK,25,S,,floor,Depth (no MLB PA),default,MiLB (MLE),5,1.0,0.2,0.9,0.1,0.1,0.0,0.0,0.0,0.1,0.1,0.0,0.0,0.2,0.0,0.0,0.1,0.1,0.111,0.2,0.111,0.311,0.13668,0.0362,0.00256,0.02368,0.08653,0.01119,0.00814,0.22879,0.01785,0.00504,0.1137291867017833,0.1089605418558665
833008,Truitt Madonna,SD,25,R,,floor,Depth (no MLB PA),default,MiLB (MLE),5,1.0,0.2,0.9,0.1,0.1,0.0,0.0,0.0,0.1,0.1,0.0,0.0,0.2,0.0,0.0,0.1,0.1,0.111,0.2,0.111,0.311,0.12703,0.04132,0.00377,0.02369,0.08456,0.01112,0.0079,0.24223,0.01716,0.00484,0.1148003772844334,0.1099868176053142
814955,Matthew Ferrara,PHI,25,R,,floor,Depth (no MLB PA),default,MiLB (MLE),5,1.0,0.2,0.9,0.1,0.1,0.0,0.0,0.0,0.1,0.1,0.0,0.0,0.2,0.0,0.0,0.1,0.1,0.111,0.2,0.111,0.311,0.13497,0.03981,0.00465,0.0237,0.08307,0.01115,0.008,0.23612,0.01844,0.00519,0.1171713130868302,0.1122583404854701
657193,Eddy Alvarez,LAD,37,L,2B,floor,Depth (no MLB PA),default,MLB,5,1.0,0.2,0.9,0.1,0.1,0.0,0.0,0.0,0.1,0.1,0.0,0.0,0.2,0.0,0.0,0.1,0.1,0.111,0.2,0.111,0.311,0.13906,0.04192,0.00227,0.02371,0.07468,0.01554,0.01285,0.23671,0.01854,0.00521,0.1218322483998114,0.1204935550742939
694848,Sam Brown,WSH,25,L,,floor,Depth (no MLB PA),default,MiLB (MLE),5,1.0,0.2,0.9,0.1,0.1,0.0,0.0,0.0,0.1,0.1,0.0,0.0,0.2,0.0,0.0,0.1,0.1,0.111,0.2,0.111,0.311,0.13168,0.04179,0.00202,0.02371,0.08943,0.01131,0.00862,0.24266,0.01476,0.00417,0.1126552134847328,0.1079316001473905
667240,Jason Matthews,CWS,25,R,,floor,Depth (no MLB PA),default,MiLB (MLE),5,1.0,0.2,0.9,0.1,0.1,0.0,0.0,0.0,0.1,0.1,0.0,0.0,0.3,0.0,0.0,0.1,0.1,0.111,0.2,0.111,0.311,0.1345,0.03615,0.00227,0.02371,0.08685,0.01124,0.00836,0.25135,0.01773,0.00505,0.1097434769942643,0.1051419522571364
806124,Colin Houck,NYM,25,R,,floor,Depth (no MLB PA),default,MiLB (MLE),5,1.0,0.2,0.9,0.1,0.1,0.0,0.0,0.0,0.1,0.1,0.0,0.0,0.3,0.0,0.0,0.1,0.1,0.111,0.2,0.111,0.311,0.12772,0.03858,0.00349,0.02371,0.08138,0.01121,0.00825,0.26353,0.01662,0.00469,0.1185244404252146,0.1135547314319469
695692,Cooper Kinney,TB,25,L,,floor,Depth (no MLB PA),default,MiLB (MLE),5,1.0,0.2,0.9,0.1,0.1,0.0,0.0,0.0,0.1,0.1,0.0,0.0,0.3,0.0,0.0,0.1,0.1,0.111,0.2,0.111,0.311,0.13834,0.03392,0.00525,0.02373,0.08228,0.01128,0.0085,0.25505,0.01673,0.00472,0.1110392798589936,0.1063834223350814
687543,Andrew Jenkins,DET,25,R,,floor,Depth (no MLB PA),default,MiLB (MLE),5,1.0,0.2,0.9,0.1,0.1,0.0,0.0,0.0,0.1,0.1,0.0,0.0,0.2,0.0,0.0,0.1,0.1,0.111,0.2,0.111,0.311,0.1487,0.04258,0.00589,0.02373,0.07634,0.01134,0.00873,0.24543,0.01585,0.00447,0.1154184738764934,0.1105789975157071
806993,German Ramirez,HOU,25,R,,floor,Depth (no MLB PA),default,MiLB (MLE),5,1.0,0.2,0.9,0.1,0.1,0.0,0.0,0.0,0.1,0.1,0.0,0.0,0.2,0.0,0.0,0.1,0.1,0.111,0.2,0.111,0.311,0.1359,0.03951,0.00277,0.02373,0.08311,0.01111,0.00783,0.2399,0.01837,0.00517,0.1191467258589332,0.1141509245466025
670869,Livan Soto,LAA,27,L,2B,floor,Depth (no MLB PA),default,MLB,3,1.0,0.2,0.9,0.2,0.2,0.0,0.0,0.0,0.2,0.1,0.0,0.0,0.2,0.0,0.0,0.1,0.1,0.222,0.3,0.222,0.522,0.15443,0.03482,0.00202,0.02375,0.08762,0.00519,0.00908,0.22226,0.01943,0.00552,0.1118886144195083,0.1079469669293144
815819,Sean Gamble,KC,25,L,,floor,Depth (no MLB PA),feed:order+depth,MiLB (MLE),5,1.0,0.2,0.9,0.1,0.1,0.0,0.0,0.0,0.1,0.1,0.0,0.0,0.2,0.0,0.0,0.1,0.1,0.111,0.2,0.111,0.311,0.13039,0.03778,0.00364,0.02376,0.08347,0.01115,0.00801,0.24002,0.01837,0.00517,0.1126208892977148,0.1078987151675124
702501,Eli Serrano III,NYM,25,L,,floor,Depth (no MLB PA),default,MiLB (MLE),5,1.0,0.2,0.9,0.1,0.1,0.0,0.0,0.0,0.1,0.1,0.0,0.0,0.2,0.0,0.0,0.1,0.1,0.111,0.2,0.111,0.311,0.11467,0.04232,0.00513,0.02377,0.08629,0.01126,0.00842,0.24617,0.01649,0.00465,0.1185244404252146,0.1135547314319469
827637,Dalton McIntyre,ATL,25,L,,floor,Depth (no MLB PA),default,MiLB (MLE),5,1.0,0.2,0.9,0.1,0.1,0.0,0.0,0.0,0.1,0.1,0.0,0.0,0.2,0.0,0.0,0.1,0.1,0.111,0.2,0.111,0.311,0.13631,0.03492,0.00484,0.02378,0.08455,0.01116,0.00803,0.2403,0.01835,0.00517,0.1172987096268818,0.1123803953109476
695078,Jean Walters,ARI,25,S,,floor,Depth (no MLB PA),default,MiLB (MLE),5,1.0,0.2,0.9,0.1,0.1,0.0,0.0,0.0,0.1,0.1,0.0,0.0,0.2,0.0,0.0,0.1,0.1,0.111,0.2,0.111,0.311,0.13917,0.04531,0.00266,0.02392,0.08277,0.01116,0.00804,0.229,0.01649,0.00465,0.1197021453855344,0.1146830554298953
691437,Adrian Pinto,TOR,25,R,,floor,Depth (no MLB PA),default,MiLB (MLE),5,1.0,0.2,0.9,0.1,0.1,0.0,0.0,0.0,0.1,0.1,0.0,0.0,0.2,0.0,0.0,0.1,0.1,0.111,0.2,0.111,0.311,0.13036,0.04517,0.00475,0.02379,0.08587,0.01117,0.00808,0.22757,0.01636,0.00462,0.1119841749477096,0.1072886981384986
809944,Elijah Hainline,LAD,25,R,,floor,Depth (no MLB PA),default,MiLB (MLE),5,1.0,0.2,0.9,0.1,0.1,0.0,0.0,0.0,0.1,0.1,0.0,0.0,0.3,0.0,0.0,0.1,0.1,0.111,0.2,0.111,0.311,0.1294,0.03473,0.00255,0.0238,0.10114,0.01136,0.00878,0.25696,0.01982,0.00559,0.1271758659241691,0.1218434041775241
692416,Christian Cerda,ARI,25,R,,floor,Depth (no MLB PA),default,MiLB (MLE),5,1.0,0.2,0.9,0.1,0.1,0.0,0.0,0.0,0.1,0.1,0.0,0.0,0.2,0.0,0.0,0.1,0.1,0.111,0.2,0.111,0.311,0.1334,0.04123,0.00204,0.02381,0.08751,0.01132,0.00862,0.23762,0.01452,0.00409,0.1197021453855344,0.1146830554298953
685744,Kenedy Corona,HOU,27,R,CF,floor,Depth (no MLB PA),default,MLB,0,1.0,0.2,0.9,0.2,0.2,0.0,0.0,0.0,0.2,0.1,0.0,0.0,0.2,0.0,0.0,0.1,0.1,0.222,0.3,0.222,0.522,0.15864,0.02565,0.00167,0.02381,0.0941,0.01031,0.00643,0.22858,0.0,0.0,0.1181433850095948,0.1126981706084979
675085,Jonathon Long,MIA,25,R,,floor,Depth (no MLB PA),default,MiLB (MLE),5,1.0,0.2,0.9,0.1,0.1,0.0,0.0,0.0,0.1,0.1,0.0,0.0,0.2,0.0,0.0,0.1,0.1,0.111,0.2,0.111,0.311,0.1367,0.04894,0.00301,0.02381,0.09623,0.01146,0.00918,0.24437,0.01208,0.00339,0.1083028077561248,0.1037616900274031
806987,Daiverson Gutierrez,NYM,25,R,,floor,Depth (no MLB PA),default,MiLB (MLE),5,1.0,0.2,0.9,0.1,0.1,0.0,0.0,0.0,0.1,0.1,0.0,0.0,0.2,0.0,0.0,0.1,0.1,0.111,0.2,0.111,0.311,0.12787,0.03897,0.00297,0.02382,0.08238,0.01123,0.00828,0.22927,0.01612,0.00455,0.1185244404252146,0.1135547314319469
692405,Jeremy Rivas,STL,25,R,,floor,Depth (no MLB PA),default,MiLB (MLE),5,1.0,0.2,0.9,0.1,0.1,0.0,0.0,0.0,0.1,0.1,0.0,0.0,0.2,0.0,0.0,0.1,0.1,0.111,0.2,0.111,0.311,0.14191,0.03568,0.00264,0.02384,0.08678,0.01116,0.00801,0.23563,0.01775,0.005,0.1090018959870051,0.1044314656114096
821599,Daniel Flames,TEX,25,S,,floor,Depth (no MLB PA),default,MiLB (MLE),5,1.0,0.2,0.9,0.1,0.1,0.0,0.0,0.0,0.1,0.1,0.0,0.0,0.2,0.0,0.0,0.1,0.1,0.111,0.2,0.111,0.311,0.14189,0.03959,0.00317,0.02384,0.08266,0.0111,0.0078,0.23463,0.01751,0.00494,0.1092943456639019,0.1047116529246611
689878,Colin Burgess,ATL,25,R,,floor,Depth (no MLB PA),default,MiLB (MLE),5,1.0,0.2,0.9,0.1,0.1,0.0,0.0,0.0,0.1,0.1,0.0,0.0,0.2,0.0,0.0,0.1,0.1,0.111,0.2,0.111,0.311,0.13108,0.03795,0.00328,0.02384,0.08298,0.01115,0.00798,0.23507,0.01617,0.00456,0.1172987096268818,0.1123803953109476
647378,Andy Yerzy,STL,25,L,,floor,Depth (no MLB PA),default,MiLB (MLE),5,1.0,0.2,0.9,0.1,0.1,0.0,0.0,0.0,0.1,0.1,0.0,0.0,0.2,0.0,0.0,0.1,0.1,0.111,0.2,0.111,0.311,0.12245,0.03511,0.00246,0.02386,0.08447,0.0112,0.00821,0.24131,0.0153,0.00431,0.1090018959870051,0.1044314656114096
802117,Patrick Clohisy,ATL,26,L,,floor,Depth (no MLB PA),feed:order+depth,MiLB (MLE),5,1.0,0.2,0.9,0.2,0.2,0.0,0.0,0.0,0.2,0.1,0.0,0.0,0.2,0.0,0.0,0.1,0.1,0.222,0.3,0.222,0.522,0.15786,0.04484,0.00391,0.02386,0.08663,0.01125,0.00838,0.23449,0.02815,0.00789,0.1172987096268818,0.1123803953109476
702708,Emaarion Boyd,MIA,25,R,,floor,Depth (no MLB PA),default,MiLB (MLE),5,1.0,0.2,0.9,0.1,0.1,0.0,0.0,0.0,0.1,0.1,0.0,0.0,0.2,0.0,0.0,0.1,0.1,0.111,0.2,0.111,0.311,0.14208,0.03818,0.00357,0.02387,0.07886,0.01119,0.00816,0.24091,0.0214,0.00607,0.1083028077561248,0.1037616900274031
572287,Mike Zunino,CLE,36,R,C,floor,Depth (no MLB PA),default,MLB,6,1.0,0.2,0.9,0.1,0.1,0.0,0.0,0.0,0.1,0.1,0.0,0.0,0.3,0.0,0.0,0.1,0.1,0.111,0.2,0.111,0.311,0.11972,0.03519,0.00271,0.02388,0.08111,0.00815,0.00441,0.33358,0.01121,0.00316,0.0947954674561601,0.1038079844150418
688682,Cooper Bowman,TB,25,R,,floor,Depth (no MLB PA),default,MiLB (MLE),5,1.0,0.2,0.9,0.1,0.1,0.0,0.0,0.0,0.1,0.1,0.0,0.0,0.2,0.0,0.0,0.1,0.1,0.111,0.2,0.111,0.311,0.12649,0.04307,0.00286,0.0239,0.08303,0.01108,0.00772,0.2379,0.01775,0.005,0.1110392798589936,0.1063834223350814
691267,Alex Ramírez,CHC,25,R,,floor,Depth (no MLB PA),default,MiLB (MLE),5,1.0,0.2,0.9,0.2,0.2,0.0,0.0,0.0,0.2,0.1,0.0,0.0,0.2,0.0,0.0,0.1,0.1,0.222,0.3,0.222,0.522,0.15143,0.04104,0.00244,0.02379,0.07398,0.01139,0.0089,0.22853,0.02775,0.00774,0.1223269824307857,0.117197833518337
691948,Jordan Thompson,LAD,25,R,,floor,Depth (no MLB PA),default,MiLB (MLE),0,1.0,0.2,0.9,0.1,0.1,0.0,0.0,0.0,0.1,0.1,0.0,0.0,0.2,0.0,0.0,0.1,0.1,0.111,0.2,0.111,0.311,0.13846,0.04215,0.00344,0.02878,0.08269,0.01084,0.0068,0.22781,0.0,0.0,0.126104911263755,0.1202927510754662
806065,Mason Eckelman,SEA,25,L,,floor,Depth (no MLB PA),default,MiLB (MLE),0,1.0,0.2,0.9,0.1,0.1,0.0,0.0,0.0,0.1,0.1,0.0,0.0,0.2,0.0,0.0,0.1,0.1,0.111,0.2,0.111,0.311,0.13803,0.0418,0.00341,0.02878,0.08271,0.01086,0.00688,0.22786,0.0,0.0,0.1129329803956266,0.1077279129163165
811314,Bryan Gonzalez Garcia,LAD,25,R,,floor,Depth (no MLB PA),default,MiLB (MLE),0,1.0,0.2,0.9,0.1,0.1,0.0,0.0,0.0,0.1,0.1,0.0,0.0,0.2,0.0,0.0,0.1,0.1,0.111,0.2,0.111,0.311,0.13936,0.04135,0.00344,0.02878,0.0827,0.01084,0.0068,0.22781,0.0,0.0,0.126104911263755,0.1202927510754662
806873,Yael Romero,CIN,25,L,,floor,Depth (no MLB PA),default,MiLB (MLE),0,1.0,0.2,0.9,0.1,0.1,0.0,0.0,0.0,0.1,0.1,0.0,0.0,0.2,0.0,0.0,0.1,0.1,0.111,0.2,0.111,0.311,0.13842,0.04134,0.00344,0.02878,0.0827,0.01084,0.0068,0.22782,0.0,0.0,0.108761859870781,0.1037490388346277
685076,Jack Blomgren,TEX,25,R,,floor,Depth (no MLB PA),default,MiLB (MLE),0,1.0,0.2,0.9,0.1,0.1,0.0,0.0,0.0,0.1,0.1,0.0,0.0,0.2,0.0,0.0,0.1,0.1,0.111,0.2,0.111,0.311,0.13846,0.04135,0.00344,0.02878,0.08269,0.01084,0.0068,0.22781,0.0,0.0,0.1083739722267322,0.1033790288854258
800179,Nolan Beltran,PHI,25,L,,floor,Depth (no MLB PA),default,MiLB (MLE),0,1.0,0.2,0.9,0.1,0.1,0.0,0.0,0.0,0.1,0.1,0.0,0.0,0.2,0.0,0.0,0.1,0.1,0.111,0.2,0.111,0.311,0.13846,0.04135,0.00344,0.02878,0.0827,0.01084,0.0068,0.22779,0.0,0.0,0.1161846072924148,0.1108296727206394
800348,Edwin Amparo,BAL,25,S,,floor,Depth (no MLB PA),default,MiLB (MLE),0,1.0,0.2,0.9,0.1,0.1,0.0,0.0,0.0,0.1,0.1,0.0,0.0,0.2,0.0,0.0,0.1,0.1,0.111,0.2,0.111,0.311,0.13846,0.04135,0.00344,0.02878,0.0827,0.01084,0.0068,0.22779,0.0,0.0,0.11357196332132,0.1083374451958416
829077,Kenly Hunter,STL,25,R,,floor,Depth (no MLB PA),default,MiLB (MLE),0,1.0,0.2,0.9,0.1,0.1,0.0,0.0,0.0,0.1,0.1,0.0,0.0,0.2,0.0,0.0,0.1,0.1,0.111,0.2,0.111,0.311,0.13994,0.04132,0.00344,0.02876,0.08269,0.01084,0.00681,0.2278,0.0,0.0,0.1080839852839566,0.103102407405954
666197,Grae Kessinger,HOU,29,R,3B,floor,Depth (no MLB PA),default,MLB,6,1.0,0.2,0.9,0.1,0.1,0.0,0.0,0.0,0.1,0.1,0.0,0.0,0.2,0.0,0.0,0.1,0.1,0.111,0.2,0.111,0.311,0.11842,0.03602,0.00234,0.04959,0.09086,0.01222,0.0036,0.24171,0.01629,0.00465,0.1156768387549713,0.0975748975981579
834582,Jack Collins,TEX,25,R,,floor,Depth (no MLB PA),default,MiLB (MLE),0,1.0,0.2,0.9,0.1,0.1,0.0,0.0,0.0,0.1,0.1,0.0,0.0,0.2,0.0,0.0,0.1,0.1,0.111,0.2,0.111,0.311,0.13941,0.04131,0.00344,0.02876,0.0827,0.01084,0.00681,0.22781,0.0,0.0,0.1083739722267322,0.1033790288854258
698973,Jose Astudillo,SF,25,R,,floor,Depth (no MLB PA),default,MiLB (MLE),0,1.0,0.2,0.9,0.1,0.1,0.0,0.0,0.0,0.1,0.1,0.0,0.0,0.2,0.0,0.0,0.1,0.1,0.111,0.2,0.111,0.311,0.14088,0.0413,0.00344,0.02875,0.08272,0.01084,0.00681,0.22777,0.0,0.0,0.1075158000263159,0.1025604097384788
809452,Damian Ruiz,CIN,25,R,,floor,Depth (no MLB PA),default,MiLB (MLE),0,1.0,0.2,0.9,0.1,0.1,0.0,0.0,0.0,0.1,0.1,0.0,0.0,0.2,0.0,0.0,0.1,0.1,0.111,0.2,0.111,0.311,0.13711,0.04041,0.0033,0.02875,0.08271,0.01091,0.00708,0.22841,0.0,0.0,0.108761859870781,0.1037490388346277
828255,Ethan Conrad,CHC,23,L,,floor,Depth (no MLB PA),feed:depth,MiLB (MLE),0,1.0,0.2,0.9,0.1,0.1,0.0,0.0,0.0,0.1,0.1,0.0,0.0,0.2,0.0,0.0,0.1,0.1,0.111,0.2,0.111,0.311,0.13831,0.0413,0.00344,0.02875,0.08269,0.01084,0.00681,0.22782,0.0,0.0,0.1212968604734738,0.1157063027676458
676560,Hemmanuel Rosario,HOU,25,R,,floor,Depth (no MLB PA),default,MiLB (MLE),0,1.0,0.2,0.9,0.1,0.1,0.0,0.0,0.0,0.1,0.1,0.0,0.0,0.2,0.0,0.0,0.1,0.1,0.111,0.2,0.111,0.311,0.14089,0.04129,0.00344,0.02875,0.08272,0.01084,0.00681,0.22781,0.0,0.0,0.1181433850095948,0.1126981706084979
806498,Cam Kozeal,MIA,25,L,,floor,Depth (no MLB PA),default,MiLB (MLE),0,1.0,0.2,0.9,0.1,0.1,0.0,0.0,0.0,0.1,0.1,0.0,0.0,0.2,0.0,0.0,0.1,0.1,0.111,0.2,0.111,0.311,0.13799,0.04131,0.00337,0.02875,0.08272,0.01088,0.00696,0.22796,0.0,0.0,0.1073907841118627,0.1024411557924819
806039,Drew Burress,OAK,23,R,,floor,Depth (no MLB PA),feed:order+depth,MiLB (MLE),0,1.0,0.2,0.9,0.1,0.1,0.0,0.0,0.0,0.1,0.1,0.0,0.0,0.2,0.0,0.0,0.1,0.1,0.111,0.2,0.111,0.311,0.13645,0.04089,0.00438,0.02875,0.08318,0.01096,0.00726,0.2297,0.0,0.0,0.112771467234821,0.1075738438776605
692944,Kevin Villavicencio,NYM,25,R,,floor,Depth (no MLB PA),default,MiLB (MLE),0,1.0,0.2,0.9,0.1,0.1,0.0,0.0,0.0,0.1,0.1,0.0,0.0,0.2,0.0,0.0,0.1,0.1,0.111,0.2,0.111,0.311,0.14089,0.04129,0.00344,0.02875,0.08268,0.01084,0.00681,0.22783,0.0,0.0,0.1175263398742655,0.1121095650092184
801346,Luis Hernandez,MIN,25,R,,floor,Depth (no MLB PA),default,MiLB (MLE),0,1.0,0.2,0.9,0.1,0.1,0.0,0.0,0.0,0.1,0.1,0.0,0.0,0.2,0.0,0.0,0.1,0.1,0.111,0.2,0.111,0.311,0.13829,0.0413,0.00344,0.02875,0.08268,0.01084,0.00681,0.22777,0.0,0.0,0.113135896968568,0.1079214770888242
660758,Sandro Fabian,TEX,29,R,LF,floor,Depth (no MLB PA),default,MLB,0,1.0,0.2,0.9,0.1,0.1,0.0,0.0,0.0,0.1,0.1,0.0,0.0,0.2,0.0,0.0,0.1,0.1,0.111,0.2,0.111,0.311,0.13953,0.04462,0.00283,0.02876,0.08023,0.01019,0.00635,0.22099,0.0,0.0,0.1083739722267322,0.1033790288854258
701816,John Cristino,NYY,25,R,,floor,Depth (no MLB PA),default,MiLB (MLE),0,1.0,0.2,0.9,0.1,0.1,0.0,0.0,0.0,0.1,0.1,0.0,0.0,0.2,0.0,0.0,0.1,0.1,0.111,0.2,0.111,0.311,0.13871,0.04142,0.00345,0.02884,0.08269,0.01084,0.00679,0.22779,0.0,0.0,0.1236787918946801,0.1179784512562222
811294,Caden Sorrell,CHC,22,L,,floor,Depth (no MLB PA),feed:depth,MiLB (MLE),0,1.0,0.2,0.9,0.1,0.1,0.0,0.0,0.0,0.1,0.1,0.0,0.0,0.2,0.0,0.0,0.1,0.1,0.111,0.2,0.111,0.311,0.14077,0.0397,0.00407,0.02884,0.08255,0.01093,0.00713,0.22922,0.0,0.0,0.1212968604734738,0.1157063027676458
836276,August Cuneo,HOU,25,R,,floor,Depth (no MLB PA),default,MiLB (MLE),0,1.0,0.2,0.9,0.1,0.1,0.0,0.0,0.0,0.1,0.1,0.0,0.0,0.2,0.0,0.0,0.1,0.1,0.111,0.2,0.111,0.311,0.13871,0.04142,0.00345,0.02884,0.08269,0.01084,0.00679,0.22779,0.0,0.0,0.1181433850095948,0.1126981706084979
834605,Seong-Jun Kim,TEX,25,R,,floor,Depth (no MLB PA),feed:order+depth,MiLB (MLE),0,1.0,0.2,0.9,0.1,0.1,0.0,0.0,0.0,0.1,0.1,0.0,0.0,0.2,0.0,0.0,0.1,0.1,0.111,0.2,0.111,0.311,0.13828,0.04187,0.00341,0.02884,0.08267,0.01086,0.00686,0.22793,0.0,0.0,0.1083739722267322,0.1033790288854258
666748,Mitch Neunborn,PHI,25,R,,floor,Depth (no MLB PA),default,MiLB (MLE),0,1.0,0.2,0.9,0.1,0.1,0.0,0.0,0.0,0.1,0.1,0.0,0.0,0.2,0.0,0.0,0.1,0.1,0.111,0.2,0.111,0.311,0.13867,0.04141,0.00345,0.02883,0.08269,0.01084,0.00679,0.2278,0.0,0.0,0.1161846072924148,0.1108296727206394
806739,Jayden Kim,PIT,25,R,,floor,Depth (no MLB PA),default,MiLB (MLE),0,1.0,0.2,0.9,0.1,0.1,0.0,0.0,0.0,0.1,0.1,0.0,0.0,0.2,0.0,0.0,0.1,0.1,0.111,0.2,0.111,0.311,0.13922,0.04142,0.00345,0.02883,0.08269,0.01084,0.00679,0.2278,0.0,0.0,0.1095421137696742,0.1044933309251943
695603,Benny Montgomery,COL,25,R,,floor,Depth (no MLB PA),default,MiLB (MLE),5,1.0,0.2,0.9,0.1,0.1,0.0,0.0,0.0,0.1,0.1,0.0,0.0,0.2,0.0,0.0,0.1,0.1,0.111,0.2,0.111,0.311,0.13156,0.03377,0.00375,0.02883,0.08197,0.01115,0.00801,0.2464,0.01616,0.00456,0.1064575033399691,0.1019937589016792
821244,Francisco Loreto,PIT,25,R,,floor,Depth (no MLB PA),default,MiLB (MLE),0,1.0,0.2,0.9,0.1,0.1,0.0,0.0,0.0,0.1,0.1,0.0,0.0,0.2,0.0,0.0,0.1,0.1,0.111,0.2,0.111,0.311,0.13869,0.04142,0.00386,0.02883,0.08269,0.01084,0.00679,0.22778,0.0,0.0,0.1095421137696742,0.1044933309251943
814294,Dario Reynoso,SF,25,R,,floor,Depth (no MLB PA),default,MiLB (MLE),0,1.0,0.2,0.9,0.1,0.1,0.0,0.0,0.0,0.1,0.1,0.0,0.0,0.2,0.0,0.0,0.1,0.1,0.111,0.2,0.111,0.311,0.13867,0.04141,0.00345,0.02883,0.08269,0.01084,0.00679,0.2278,0.0,0.0,0.1075158000263159,0.1025604097384788
802528,Agustin Acosta,LAD,25,L,,floor,Depth (no MLB PA),default,MiLB (MLE),0,1.0,0.2,0.9,0.1,0.1,0.0,0.0,0.0,0.1,0.1,0.0,0.0,0.2,0.0,0.0,0.1,0.1,0.111,0.2,0.111,0.311,0.13846,0.04135,0.00344,0.02878,0.08269,0.01084,0.0068,0.22781,0.0,0.0,0.126104911263755,0.1202927510754662
822796,Scott Gell,SF,25,R,,floor,Depth (no MLB PA),default,MiLB (MLE),0,1.0,0.2,0.9,0.1,0.1,0.0,0.0,0.0,0.1,0.1,0.0,0.0,0.2,0.0,0.0,0.1,0.1,0.111,0.2,0.111,0.311,0.13869,0.04142,0.00345,0.02883,0.08269,0.01084,0.00679,0.22778,0.0,0.0,0.1075158000263159,0.1025604097384788
837510,Eric Jeon,SEA,25,R,,floor,Depth (no MLB PA),default,MiLB (MLE),0,1.0,0.2,0.9,0.1,0.1,0.0,0.0,0.0,0.1,0.1,0.0,0.0,0.2,0.0,0.0,0.1,0.1,0.111,0.2,0.111,0.311,0.14074,0.04139,0.00386,0.02882,0.08269,0.01084,0.00679,0.22778,0.0,0.0,0.1129329803956266,0.1077279129163165
806441,Nehomar Ochoa Jr.,HOU,25,R,,floor,Depth (no MLB PA),default,MiLB (MLE),5,1.0,0.2,0.9,0.1,0.1,0.0,0.0,0.0,0.1,0.1,0.0,0.0,0.2,0.0,0.0,0.1,0.1,0.111,0.2,0.111,0.311,0.13695,0.04544,0.00373,0.02882,0.08185,0.01102,0.00748,0.23248,0.0178,0.00501,0.1191467258589332,0.1141509245466025
808143,Sebastian De Andrade,SEA,25,R,,floor,Depth (no MLB PA),default,MiLB (MLE),0,1.0,0.2,0.9,0.1,0.1,0.0,0.0,0.0,0.1,0.1,0.0,0.0,0.2,0.0,0.0,0.1,0.1,0.111,0.2,0.111,0.311,0.1386,0.04139,0.00345,0.02881,0.0827,0.01084,0.00679,0.22779,0.0,0.0,0.1129329803956266,0.1077279129163165
813833,Cole Conn,OAK,25,S,,floor,Depth (no MLB PA),feed:order+depth,MiLB (MLE),5,1.0,0.2,0.9,0.1,0.1,0.0,0.0,0.0,0.1,0.1,0.0,0.0,0.2,0.0,0.0,0.1,0.1,0.111,0.2,0.111,0.311,0.13985,0.04713,0.00396,0.02881,0.08331,0.01125,0.00836,0.23355,0.01855,0.00526,0.1137291867017833,0.1089605418558665
698935,Yasmil Bucce,BAL,25,L,,floor,Depth (no MLB PA),default,MiLB (MLE),5,1.0,0.2,0.9,0.1,0.1,0.0,0.0,0.0,0.1,0.1,0.0,0.0,0.2,0.0,0.0,0.1,0.1,0.111,0.2,0.111,0.311,0.12756,0.0387,0.00276,0.0288,0.08688,0.01111,0.00783,0.23888,0.0166,0.00468,0.1145364810565329,0.109733986499952
800438,Andrés Nolaya,BAL,25,R,,floor,Depth (no MLB PA),default,MiLB (MLE),0,1.0,0.2,0.9,0.1,0.1,0.0,0.0,0.0,0.1,0.1,0.0,0.0,0.2,0.0,0.0,0.1,0.1,0.111,0.2,0.111,0.311,0.14008,0.04135,0.00344,0.02879,0.08269,0.01084,0.0068,0.22779,0.0,0.0,0.11357196332132,0.1083374451958416
805801,Nazzan Zanetello,BOS,25,R,,floor,Depth (no MLB PA),default,MiLB (MLE),5,1.0,0.2,0.9,0.1,0.1,0.0,0.0,0.0,0.1,0.1,0.0,0.0,0.2,0.0,0.0,0.1,0.1,0.111,0.2,0.111,0.311,0.13336,0.041,0.00373,0.02878,0.08275,0.01102,0.00747,0.23422,0.01745,0.00492,0.1139845743829696,0.1092052211763855
808118,Félix Amparo,BAL,25,R,,floor,Depth (no MLB PA),default,MiLB (MLE),0,1.0,0.2,0.9,0.1,0.1,0.0,0.0,0.0,0.1,0.1,0.0,0.0,0.2,0.0,0.0,0.1,0.1,0.111,0.2,0.111,0.311,0.14008,0.04135,0.00344,0.02878,0.0827,0.01084,0.0068,0.22779,0.0,0.0,0.11357196332132,0.1083374451958416
814781,Jonathan Hogart,PHI,25,R,,floor,Depth (no MLB PA),default,MiLB (MLE),0,1.0,0.2,0.9,0.1,0.1,0.0,0.0,0.0,0.1,0.1,0.0,0.0,0.2,0.0,0.0,0.1,0.1,0.111,0.2,0.111,0.311,0.13867,0.04141,0.00345,0.02883,0.08269,0.01084,0.00679,0.2278,0.0,0.0,0.1161846072924148,0.1108296727206394
679972,Arturo De Freitas,TEX,25,R,,floor,Depth (no MLB PA),default,MiLB (MLE),0,1.0,0.2,0.9,0.1,0.1,0.0,0.0,0.0,0.1,0.1,0.0,0.0,0.2,0.0,0.0,0.1,0.1,0.111,0.2,0.111,0.311,0.13477,0.04168,0.0031,0.0287,0.08236,0.011,0.0074,0.23256,0.0,0.0,0.1083739722267322,0.1033790288854258
813852,Trey Paige,STL,25,L,,floor,Depth (no MLB PA),default,MiLB (MLE),5,1.0,0.2,0.9,0.1,0.1,0.0,0.0,0.0,0.1,0.1,0.0,0.0,0.2,0.0,0.0,0.1,0.1,0.111,0.2,0.111,0.311,0.14668,0.04005,0.00694,0.02869,0.08254,0.01106,0.00762,0.22625,0.01783,0.00503,0.1090018959870051,0.1044314656114096
805268,Peyton Williams,TOR,25,L,,floor,Depth (no MLB PA),default,MiLB (MLE),5,1.0,0.2,0.9,0.1,0.1,0.0,0.0,0.0,0.1,0.1,0.0,0.0,0.2,0.0,0.0,0.1,0.1,0.111,0.2,0.111,0.311,0.1462,0.03955,0.00279,0.02869,0.08108,0.01112,0.00787,0.23135,0.01718,0.00484,0.1119841749477096,0.1072886981384986
700385,Gabriel Silva,KC,25,R,,floor,Depth (no MLB PA),default,MiLB (MLE),0,1.0,0.2,0.9,0.1,0.1,0.0,0.0,0.0,0.1,0.1,0.0,0.0,0.2,0.0,0.0,0.1,0.1,0.111,0.2,0.111,0.311,0.13414,0.04079,0.00332,0.02869,0.08258,0.0109,0.00703,0.22878,0.0,0.0,0.1116725028615235,0.1065255306401104
824765,Michael Martinez,ATL,25,R,,floor,Depth (no MLB PA),default,MiLB (MLE),0,1.0,0.2,0.9,0.1,0.1,0.0,0.0,0.0,0.1,0.1,0.0,0.0,0.2,0.0,0.0,0.1,0.1,0.111,0.2,0.111,0.311,0.13817,0.03994,0.00318,0.02869,0.08246,0.01096,0.00727,0.2311,0.0,0.0,0.1163109310194975,0.1109501742023392
822496,Bayram Hot,NYY,25,R,,floor,Depth (no MLB PA),default,MiLB (MLE),0,1.0,0.2,0.9,0.1,0.1,0.0,0.0,0.0,0.1,0.1,0.0,0.0,0.2,0.0,0.0,0.1,0.1,0.111,0.2,0.111,0.311,0.13852,0.04121,0.00343,0.02869,0.08271,0.01085,0.00683,0.22786,0.0,0.0,0.1236787918946801,0.1179784512562222
695426,Spencer Bramwell,MIA,25,R,,floor,Depth (no MLB PA),default,MiLB (MLE),0,1.0,0.2,0.9,0.1,0.1,0.0,0.0,0.0,0.1,0.1,0.0,0.0,0.2,0.0,0.0,0.1,0.1,0.111,0.2,0.111,0.311,0.13795,0.0412,0.00343,0.02868,0.08268,0.01085,0.00683,0.22786,0.0,0.0,0.1073907841118627,0.1024411557924819
695742,Hudson White,BOS,25,R,,floor,Depth (no MLB PA),default,MiLB (MLE),0,1.0,0.2,0.9,0.1,0.1,0.0,0.0,0.0,0.1,0.1,0.0,0.0,0.2,0.0,0.0,0.1,0.1,0.111,0.2,0.111,0.311,0.13795,0.04268,0.00343,0.02868,0.08268,0.01085,0.00683,0.22786,0.0,0.0,0.1130247042829025,0.1078154092606633
683233,Douglas Hodo III,BAL,25,R,,floor,Depth (no MLB PA),default,MiLB (MLE),5,1.0,0.2,0.9,0.1,0.1,0.0,0.0,0.0,0.1,0.1,0.0,0.0,0.2,0.0,0.0,0.1,0.1,0.111,0.2,0.111,0.311,0.12544,0.04068,0.00467,0.02868,0.08079,0.01118,0.00813,0.24392,0.018,0.00506,0.1145364810565329,0.109733986499952
691710,Vincent Perozo,NYM,25,L,,floor,Depth (no MLB PA),default,MiLB (MLE),0,1.0,0.2,0.9,0.1,0.1,0.0,0.0,0.0,0.1,0.1,0.0,0.0,0.2,0.0,0.0,0.1,0.1,0.111,0.2,0.111,0.311,0.13827,0.04377,0.00344,0.02875,0.08268,0.01084,0.00681,0.22783,0.0,0.0,0.1175263398742655,0.1121095650092184
691392,Johnny Ascanio,CIN,25,S,,floor,Depth (no MLB PA),default,MiLB (MLE),0,1.0,0.2,0.9,0.1,0.1,0.0,0.0,0.0,0.1,0.1,0.0,0.0,0.2,0.0,0.0,0.1,0.1,0.111,0.2,0.111,0.311,0.13789,0.04118,0.00343,0.02867,0.08268,0.01085,0.00683,0.22781,0.0,0.0,0.108761859870781,0.1037490388346277
800384,Nicandro Aybar,TB,25,S,,floor,Depth (no MLB PA),default,MiLB (MLE),0,1.0,0.2,0.9,0.1,0.1,0.0,0.0,0.0,0.1,0.1,0.0,0.0,0.2,0.0,0.0,0.1,0.1,0.111,0.2,0.111,0.311,0.13789,0.04118,0.00343,0.02867,0.08272,0.01085,0.00683,0.22776,0.0,0.0,0.1101042122391284,0.1050295223438183
821877,Blake Schaaf,NYY,25,L,,floor,Depth (no MLB PA),default,MiLB (MLE),0,1.0,0.2,0.9,0.1,0.1,0.0,0.0,0.0,0.1,0.1,0.0,0.0,0.2,0.0,0.0,0.1,0.1,0.111,0.2,0.111,0.311,0.13843,0.04118,0.00343,0.02867,0.08273,0.01085,0.00683,0.22786,0.0,0.0,0.1236787918946801,0.1179784512562222
800414,Alfredo Velásquez,BAL,25,R,,floor,Depth (no MLB PA),default,MiLB (MLE),0,1.0,0.2,0.9,0.1,0.1,0.0,0.0,0.0,0.1,0.1,0.0,0.0,0.2,0.0,0.0,0.1,0.1,0.111,0.2,0.111,0.311,0.13789,0.04118,0.00343,0.02867,0.08268,0.01085,0.00683,0.22781,0.0,0.0,0.11357196332132,0.1083374451958416
821791,Angel Brachi,MIA,25,R,,floor,Depth (no MLB PA),default,MiLB (MLE),0,1.0,0.2,0.9,0.1,0.1,0.0,0.0,0.0,0.1,0.1,0.0,0.0,0.2,0.0,0.0,0.1,0.1,0.111,0.2,0.111,0.311,0.13897,0.04118,0.00343,0.02867,0.08269,0.01085,0.00683,0.22785,0.0,0.0,0.1073907841118627,0.1024411557924819
687600,Kaden Hopson,LAA,25,L,,floor,Depth (no MLB PA),default,MiLB (MLE),0,1.0,0.2,0.9,0.1,0.1,0.0,0.0,0.0,0.1,0.1,0.0,0.0,0.2,0.0,0.0,0.1,0.1,0.111,0.2,0.111,0.311,0.14048,0.04118,0.00343,0.02867,0.08268,0.01085,0.00683,0.22776,0.0,0.0,0.1055838465145773,0.1007174997316602
691276,Luis Caicuto,PHI,25,R,,floor,Depth (no MLB PA),default,MiLB (MLE),0,1.0,0.2,0.9,0.1,0.1,0.0,0.0,0.0,0.1,0.1,0.0,0.0,0.2,0.0,0.0,0.1,0.1,0.111,0.2,0.111,0.311,0.14308,0.04118,0.00343,0.02867,0.08268,0.01085,0.00683,0.22781,0.0,0.0,0.1161846072924148,0.1108296727206394
671748,Casey Yamauchi,OAK,25,R,,floor,Depth (no MLB PA),default,MiLB (MLE),0,1.0,0.2,0.9,0.1,0.1,0.0,0.0,0.0,0.1,0.1,0.0,0.0,0.2,0.0,0.0,0.1,0.1,0.111,0.2,0.111,0.311,0.13789,0.04364,0.00343,0.02867,0.08268,0.01085,0.00683,0.22781,0.0,0.0,0.112771467234821,0.1075738438776605
806212,Stone Russell,KC,25,R,,floor,Depth (no MLB PA),default,MiLB (MLE),0,1.0,0.2,0.9,0.1,0.1,0.0,0.0,0.0,0.1,0.1,0.0,0.0,0.2,0.0,0.0,0.1,0.1,0.111,0.2,0.111,0.311,0.14048,0.04118,0.00343,0.02866,0.08272,0.01085,0.00683,0.22781,0.0,0.0,0.1116725028615235,0.1065255306401104
675382,Andrew Sojka,DET,25,L,,floor,Depth (no MLB PA),default,MiLB (MLE),0,1.0,0.2,0.9,0.1,0.1,0.0,0.0,0.0,0.1,0.1,0.0,0.0,0.2,0.0,0.0,0.1,0.1,0.111,0.2,0.111,0.311,0.13957,0.04268,0.00343,0.02868,0.08271,0.01085,0.00683,0.22783,0.0,0.0,0.1144465288333229,0.1091717020886165
518586,Charlie Culberson,TEX,38,R,3B,floor,Depth (no MLB PA),default,MLB,2,1.0,0.2,0.9,0.1,0.1,0.0,0.0,0.0,0.1,0.1,0.0,0.0,0.2,0.0,0.0,0.1,0.1,0.111,0.2,0.111,0.311,0.14413,0.04237,0.00326,0.02875,0.06704,0.00422,0.00263,0.23657,0.01943,0.00561,0.1157561341706975,0.1010876825158054
836079,Rylan Mills,MIL,25,R,,floor,Depth (no MLB PA),default,MiLB (MLE),5,1.0,0.2,0.9,0.1,0.1,0.0,0.0,0.0,0.1,0.1,0.0,0.0,0.2,0.0,0.0,0.1,0.1,0.111,0.2,0.111,0.311,0.13177,0.03885,0.00334,0.02875,0.08382,0.01104,0.00758,0.23617,0.01706,0.00481,0.1172969823098257,0.1123787404199927
694565,Alex Stone,TOR,25,R,,floor,Depth (no MLB PA),default,MiLB (MLE),0,1.0,0.2,0.9,0.1,0.1,0.0,0.0,0.0,0.1,0.1,0.0,0.0,0.2,0.0,0.0,0.1,0.1,0.111,0.2,0.111,0.311,0.13828,0.04377,0.00344,0.02875,0.08268,0.01084,0.00681,0.22781,0.0,0.0,0.111041150316571,0.1059232770579959
806273,Adam Retzbach,BAL,25,R,,floor,Depth (no MLB PA),default,MiLB (MLE),0,1.0,0.2,0.9,0.1,0.1,0.0,0.0,0.0,0.1,0.1,0.0,0.0,0.2,0.0,0.0,0.1,0.1,0.111,0.2,0.111,0.311,0.13827,0.04129,0.00344,0.02875,0.08272,0.01084,0.00681,0.22781,0.0,0.0,0.11357196332132,0.1083374451958416
825891,Trevor Condon,STL,19,L,,floor,Depth (no MLB PA),feed:order+depth,MiLB (MLE),0,1.0,0.2,0.9,0.1,0.1,0.0,0.0,0.0,0.1,0.1,0.0,0.0,0.2,0.0,0.0,0.1,0.1,0.111,0.2,0.111,0.311,0.13944,0.04219,0.0034,0.02875,0.08269,0.01086,0.00689,0.22785,0.0,0.0,0.1080839852839566,0.103102407405954
842420,Dominic Kibler,ATL,25,L,,floor,Depth (no MLB PA),default,MiLB (MLE),0,1.0,0.2,0.9,0.1,0.1,0.0,0.0,0.0,0.1,0.1,0.0,0.0,0.2,0.0,0.0,0.1,0.1,0.111,0.2,0.111,0.311,0.13784,0.04129,0.0034,0.02874,0.08275,0.01086,0.00689,0.22796,0.0,0.0,0.1163109310194975,0.1109501742023392
825159,Yunior Amparo,NYM,25,R,,floor,Depth (no MLB PA),default,MiLB (MLE),0,1.0,0.2,0.9,0.1,0.1,0.0,0.0,0.0,0.1,0.1,0.0,0.0,0.2,0.0,0.0,0.1,0.1,0.111,0.2,0.111,0.311,0.13932,0.04129,0.00344,0.02874,0.08269,0.01084,0.00681,0.22783,0.0,0.0,0.1175263398742655,0.1121095650092184
821933,Landon Hodge,CWS,25,L,,floor,Depth (no MLB PA),default,MiLB (MLE),0,1.0,0.2,0.9,0.1,0.1,0.0,0.0,0.0,0.1,0.1,0.0,0.0,0.2,0.0,0.0,0.1,0.1,0.111,0.2,0.111,0.311,0.14039,0.04129,0.00344,0.02874,0.08268,0.01084,0.00681,0.22783,0.0,0.0,0.1088193213985232,0.1038038519674695
821697,Reyli Mariano,LAD,25,S,,floor,Depth (no MLB PA),default,MiLB (MLE),0,1.0,0.2,0.9,0.1,0.1,0.0,0.0,0.0,0.1,0.1,0.0,0.0,0.2,0.0,0.0,0.1,0.1,0.111,0.2,0.111,0.311,0.13821,0.04127,0.00344,0.02873,0.0827,0.01084,0.00682,0.22779,0.0,0.0,0.126104911263755,0.1202927510754662
830337,Ben Tryon,HOU,25,L,,floor,Depth (no MLB PA),default,MiLB (MLE),0,1.0,0.2,0.9,0.1,0.1,0.0,0.0,0.0,0.1,0.1,0.0,0.0,0.2,0.0,0.0,0.1,0.1,0.111,0.2,0.111,0.311,0.13929,0.04123,0.00336,0.0287,0.08272,0.01088,0.00697,0.22808,0.0,0.0,0.1181433850095948,0.1126981706084979
815924,Eduardo Beltre,MIN,25,R,,floor,Depth (no MLB PA),default,MiLB (MLE),0,1.0,0.2,0.9,0.1,0.1,0.0,0.0,0.0,0.1,0.1,0.0,0.0,0.2,0.0,0.0,0.1,0.1,0.111,0.2,0.111,0.311,0.14001,0.03995,0.00333,0.02872,0.08264,0.0109,0.00703,0.2283,0.0,0.0,0.113135896968568,0.1079214770888242
829191,Joephillip Guzman,BAL,25,R,,floor,Depth (no MLB PA),default,MiLB (MLE),0,1.0,0.2,0.9,0.1,0.1,0.0,0.0,0.0,0.1,0.1,0.0,0.0,0.2,0.0,0.0,0.1,0.1,0.111,0.2,0.111,0.311,0.13923,0.04126,0.00385,0.02872,0.0827,0.01085,0.00682,0.22784,0.0,0.0,0.11357196332132,0.1083374451958416
835227,Peyton Bonds,SF,22,R,,floor,Depth (no MLB PA),feed:order+depth,MiLB (MLE),0,1.0,0.2,0.9,0.1,0.1,0.0,0.0,0.0,0.1,0.1,0.0,0.0,0.2,0.0,0.0,0.1,0.1,0.111,0.2,0.111,0.311,0.1403,0.04126,0.00344,0.02872,0.08269,0.01085,0.00682,0.22781,0.0,0.0,0.1075158000263159,0.1025604097384788
695652,Eddie King Jr.,PIT,25,R,,floor,Depth (no MLB PA),default,MiLB (MLE),0,1.0,0.2,0.9,0.1,0.1,0.0,0.0,0.0,0.1,0.1,0.0,0.0,0.2,0.0,0.0,0.1,0.1,0.111,0.2,0.111,0.311,0.13979,0.04041,0.00336,0.02872,0.083,0.01088,0.00696,0.2278,0.0,0.0,0.1095421137696742,0.1044933309251943
541645,Avisaíl García,MIA,36,R,RF,floor,Depth (no MLB PA),default,MLB,6,1.0,0.2,0.9,0.2,0.2,0.0,0.0,0.0,0.2,0.1,0.0,0.0,0.3,0.0,0.0,0.1,0.1,0.222,0.3,0.222,0.522,0.15217,0.02818,0.00283,0.02872,0.05327,0.01059,0.00396,0.2792,0.01345,0.00372,0.0940809390534126,0.0982230464377696
804133,Braden Holcomb,CWS,25,R,,floor,Depth (no MLB PA),default,MiLB (MLE),0,1.0,0.2,0.9,0.1,0.1,0.0,0.0,0.0,0.1,0.1,0.0,0.0,0.2,0.0,0.0,0.1,0.1,0.111,0.2,0.111,0.311,0.13998,0.04126,0.00344,0.02872,0.08269,0.01085,0.00682,0.22782,0.0,0.0,0.1088193213985232,0.1038038519674695
815011,Henniel Alcala,CHC,25,R,,floor,Depth (no MLB PA),default,MiLB (MLE),0,1.0,0.2,0.9,0.1,0.1,0.0,0.0,0.0,0.1,0.1,0.0,0.0,0.2,0.0,0.0,0.1,0.1,0.111,0.2,0.111,0.311,0.13926,0.0408,0.0034,0.02871,0.08269,0.01087,0.00689,0.228,0.0,0.0,0.1212968604734738,0.1157063027676458
807383,Randy Guzman,NYM,22,R,,floor,Depth (no MLB PA),feed:depth,MiLB (MLE),0,1.0,0.2,0.9,0.1,0.1,0.0,0.0,0.0,0.1,0.1,0.0,0.0,0.2,0.0,0.0,0.1,0.1,0.111,0.2,0.111,0.311,0.14322,0.04116,0.00336,0.0287,0.08266,0.01088,0.00696,0.22799,0.0,0.0,0.1175263398742655,0.1121095650092184
806025,Brayden Bakes,PHI,25,L,,floor,Depth (no MLB PA),default,MiLB (MLE),0,1.0,0.2,0.9,0.1,0.1,0.0,0.0,0.0,0.1,0.1,0.0,0.0,0.2,0.0,0.0,0.1,0.1,0.111,0.2,0.111,0.311,0.1377,0.04167,0.00336,0.0287,0.08265,0.01088,0.00697,0.22829,0.0,0.0,0.1161846072924148,0.1108296727206394
804560,Charles Davalan,LAD,24,L,,floor,Depth (no MLB PA),feed:depth,MiLB (MLE),0,1.0,0.2,0.9,0.1,0.1,0.0,0.0,0.0,0.1,0.1,0.0,0.0,0.2,0.0,0.0,0.1,0.1,0.111,0.2,0.111,0.311,0.13983,0.04128,0.00344,0.02873,0.08268,0.01084,0.00682,0.22777,0.0,0.0,0.126104911263755,0.1202927510754662
676509,Josh Crouch,LAA,25,R,,floor,Depth (no MLB PA),default,MiLB (MLE),0,1.0,0.2,0.9,0.1,0.1,0.0,0.0,0.0,0.1,0.1,0.0,0.0,0.2,0.0,0.0,0.1,0.1,0.111,0.2,0.111,0.311,0.138,0.03979,0.00331,0.02889,0.08266,0.01091,0.00705,0.2286,0.0,0.0,0.1055838465145773,0.1007174997316602
800434,Jose Alpuria,ARI,22,R,,floor,Depth (no MLB PA),feed:depth,MiLB (MLE),0,1.0,0.2,0.9,0.1,0.1,0.0,0.0,0.0,0.1,0.1,0.0,0.0,0.2,0.0,0.0,0.1,0.1,0.111,0.2,0.111,0.311,0.13784,0.04142,0.00338,0.02887,0.08285,0.01087,0.00692,0.22773,0.0,0.0,0.1186941273191299,0.1132235292712471
821187,Juan Ortuno,MIL,25,R,,floor,Depth (no MLB PA),default,MiLB (MLE),0,1.0,0.2,0.9,0.1,0.1,0.0,0.0,0.0,0.1,0.1,0.0,0.0,0.2,0.0,0.0,0.1,0.1,0.111,0.2,0.111,0.311,0.13784,0.04142,0.00338,0.02887,0.08269,0.01087,0.00692,0.22789,0.0,0.0,0.1163092182482693,0.1109485403725308
835868,Caleb Johnson,LAD,25,S,,floor,Depth (no MLB PA),default,MiLB (MLE),0,1.0,0.2,0.9,0.1,0.1,0.0,0.0,0.0,0.1,0.1,0.0,0.0,0.2,0.0,0.0,0.1,0.1,0.111,0.2,0.111,0.311,0.13882,0.04147,0.00327,0.02886,0.08275,0.01093,0.00713,0.2287,0.0,0.0,0.126104911263755,0.1202927510754662
805212,Jacob Galloway,SEA,25,L,,floor,Depth (no MLB PA),default,MiLB (MLE),0,1.0,0.2,0.9,0.1,0.1,0.0,0.0,0.0,0.1,0.1,0.0,0.0,0.2,0.0,0.0,0.1,0.1,0.111,0.2,0.111,0.311,0.13963,0.04144,0.00345,0.02885,0.08269,0.01084,0.00679,0.22779,0.0,0.0,0.1129329803956266,0.1077279129163165
814453,Nathan Archer,CWS,25,L,,floor,Depth (no MLB PA),default,MiLB (MLE),0,1.0,0.2,0.9,0.1,0.1,0.0,0.0,0.0,0.1,0.1,0.0,0.0,0.2,0.0,0.0,0.1,0.1,0.111,0.2,0.111,0.311,0.13988,0.04144,0.00345,0.02885,0.08269,0.01084,0.00679,0.22778,0.0,0.0,0.1088193213985232,0.1038038519674695
842160,Owen Clyne,PHI,25,L,,floor,Depth (no MLB PA),default,MiLB (MLE),0,1.0,0.2,0.9,0.1,0.1,0.0,0.0,0.0,0.1,0.1,0.0,0.0,0.2,0.0,0.0,0.1,0.1,0.111,0.2,0.111,0.311,0.13963,0.04144,0.00345,0.02885,0.08269,0.01084,0.00679,0.22779,0.0,0.0,0.1161846072924148,0.1108296727206394
808033,Jonathan Rivero,PIT,25,L,,floor,Depth (no MLB PA),default,MiLB (MLE),0,1.0,0.2,0.9,0.1,0.1,0.0,0.0,0.0,0.1,0.1,0.0,0.0,0.2,0.0,0.0,0.1,0.1,0.111,0.2,0.111,0.311,0.13876,0.04144,0.00345,0.02885,0.08269,0.01084,0.00679,0.22779,0.0,0.0,0.1095421137696742,0.1044933309251943
815931,Yolfran Castillo,TEX,20,R,,floor,Depth (no MLB PA),feed:order+depth,MiLB (MLE),0,1.0,0.2,0.9,0.1,0.1,0.0,0.0,0.0,0.1,0.1,0.0,0.0,0.2,0.0,0.0,0.1,0.1,0.111,0.2,0.111,0.311,0.14057,0.04144,0.00345,0.02884,0.08269,0.01084,0.00679,0.22779,0.0,0.0,0.1083739722267322,0.1033790288854258
801854,Ben Wilmes,COL,25,R,,floor,Depth (no MLB PA),default,MiLB (MLE),0,1.0,0.2,0.9,0.1,0.1,0.0,0.0,0.0,0.1,0.1,0.0,0.0,0.2,0.0,0.0,0.1,0.1,0.111,0.2,0.111,0.311,0.13876,0.04144,0.00345,0.02885,0.08269,0.01084,0.00679,0.22779,0.0,0.0,0.1055610191013167,0.1006957244311304
593833,Wander Suero,OAK,25,R,P,floor,Depth (no MLB PA),default,MiLB (MLE),0,1.0,0.2,0.9,0.1,0.1,0.0,0.0,0.0,0.1,0.1,0.0,0.0,0.2,0.0,0.0,0.1,0.1,0.111,0.2,0.111,0.311,0.13876,0.04144,0.00345,0.02885,0.08269,0.01084,0.00679,0.22779,0.0,0.0,0.112771467234821,0.1075738438776605
831590,Taylor Darden,NYM,25,R,,floor,Depth (no MLB PA),default,MiLB (MLE),0,1.0,0.2,0.9,0.1,0.1,0.0,0.0,0.0,0.1,0.1,0.0,0.0,0.2,0.0,0.0,0.1,0.1,0.111,0.2,0.111,0.311,0.13877,0.04144,0.00345,0.02885,0.0827,0.01084,0.00679,0.22777,0.0,0.0,0.1175263398742655,0.1121095650092184
802085,Geury Rodriguez,TEX,25,L,,floor,Depth (no MLB PA),default,MiLB (MLE),0,1.0,0.2,0.9,0.1,0.1,0.0,0.0,0.0,0.1,0.1,0.0,0.0,0.2,0.0,0.0,0.1,0.1,0.111,0.2,0.111,0.311,0.13877,0.04144,0.00345,0.02885,0.0827,0.01084,0.00679,0.22777,0.0,0.0,0.1083739722267322,0.1033790288854258
815694,Lou Albrecht,PHI,25,R,,floor,Depth (no MLB PA),default,MiLB (MLE),0,1.0,0.2,0.9,0.1,0.1,0.0,0.0,0.0,0.1,0.1,0.0,0.0,0.2,0.0,0.0,0.1,0.1,0.111,0.2,0.111,0.311,0.13877,0.04144,0.00345,0.02885,0.08269,0.01084,0.00679,0.22777,0.0,0.0,0.1161846072924148,0.1108296727206394
838338,Giaconino Lasaracina,TOR,25,R,,floor,Depth (no MLB PA),default,MiLB (MLE),0,1.0,0.2,0.9,0.1,0.1,0.0,0.0,0.0,0.1,0.1,0.0,0.0,0.2,0.0,0.0,0.1,0.1,0.111,0.2,0.111,0.311,0.13705,0.04062,0.00317,0.02885,0.08291,0.01097,0.0073,0.22942,0.0,0.0,0.111041150316571,0.1059232770579959
801525,Wady Mendez,TEX,25,L,,floor,Depth (no MLB PA),default,MiLB (MLE),0,1.0,0.2,0.9,0.1,0.1,0.0,0.0,0.0,0.1,0.1,0.0,0.0,0.2,0.0,0.0,0.1,0.1,0.111,0.2,0.111,0.311,0.13876,0.04144,0.00345,0.02885,0.08269,0.01084,0.00679,0.22779,0.0,0.0,0.1083739722267322,0.1033790288854258
815004,Maylerson Casanova,PHI,25,R,,floor,Depth (no MLB PA),default,MiLB (MLE),0,1.0,0.2,0.9,0.1,0.1,0.0,0.0,0.0,0.1,0.1,0.0,0.0,0.2,0.0,0.0,0.1,0.1,0.111,0.2,0.111,0.311,0.13877,0.04144,0.00345,0.02885,0.08269,0.01084,0.00679,0.22778,0.0,0.0,0.1161846072924148,0.1108296727206394
815009,Cesar Mujica,PHI,25,R,,floor,Depth (no MLB PA),default,MiLB (MLE),0,1.0,0.2,0.9,0.1,0.1,0.0,0.0,0.0,0.1,0.1,0.0,0.0,0.2,0.0,0.0,0.1,0.1,0.111,0.2,0.111,0.311,0.13939,0.04144,0.00345,0.02885,0.08269,0.01084,0.00679,0.22778,0.0,0.0,0.1161846072924148,0.1108296727206394
808153,Luis Merejo,CLE,25,R,,floor,Depth (no MLB PA),default,MiLB (MLE),0,1.0,0.2,0.9,0.1,0.1,0.0,0.0,0.0,0.1,0.1,0.0,0.0,0.2,0.0,0.0,0.1,0.1,0.111,0.2,0.111,0.311,0.13931,0.04144,0.00345,0.02885,0.08269,0.01084,0.00679,0.22779,0.0,0.0,0.1090765435794416,0.1040492188090162
695659,Tanner Smith,ATL,25,R,,floor,Depth (no MLB PA),default,MiLB (MLE),0,1.0,0.2,0.9,0.1,0.1,0.0,0.0,0.0,0.1,0.1,0.0,0.0,0.2,0.0,0.0,0.1,0.1,0.111,0.2,0.111,0.311,0.13458,0.04071,0.00332,0.02897,0.0828,0.0109,0.00703,0.22874,0.0,0.0,0.1163109310194975,0.1109501742023392
815195,Wilder Dalis,COL,21,S,,floor,Depth (no MLB PA),feed:order+depth,MiLB (MLE),0,1.0,0.2,0.9,0.1,0.1,0.0,0.0,0.0,0.1,0.1,0.0,0.0,0.2,0.0,0.0,0.1,0.1,0.111,0.2,0.111,0.311,0.14401,0.03992,0.00326,0.02896,0.0824,0.01093,0.00716,0.22817,0.0,0.0,0.1055610191013167,0.1006957244311304
695530,Gio Cueto,LAD,25,R,,floor,Depth (no MLB PA),default,MiLB (MLE),0,1.0,0.2,0.9,0.1,0.1,0.0,0.0,0.0,0.1,0.1,0.0,0.0,0.2,0.0,0.0,0.1,0.1,0.111,0.2,0.111,0.311,0.13785,0.0391,0.00319,0.02896,0.08307,0.01096,0.00726,0.22933,0.0,0.0,0.126104911263755,0.1202927510754662
806919,Jose Gonzalez,LAD,25,L,,floor,Depth (no MLB PA),default,MiLB (MLE),0,1.0,0.2,0.9,0.1,0.1,0.0,0.0,0.0,0.1,0.1,0.0,0.0,0.2,0.0,0.0,0.1,0.1,0.111,0.2,0.111,0.311,0.13888,0.04116,0.00384,0.02896,0.08269,0.01085,0.00683,0.22787,0.0,0.0,0.126104911263755,0.1202927510754662
809730,Weber Neels,ARI,25,R,,floor,Depth (no MLB PA),default,MiLB (MLE),0,1.0,0.2,0.9,0.1,0.1,0.0,0.0,0.0,0.1,0.1,0.0,0.0,0.2,0.0,0.0,0.1,0.1,0.111,0.2,0.111,0.311,0.13749,0.04511,0.00335,0.02895,0.08261,0.01089,0.00698,0.22807,0.0,0.0,0.1186941273191299,0.1132235292712471
695301,Ryland Zaborowski,LAA,25,R,,floor,Depth (no MLB PA),default,MiLB (MLE),0,1.0,0.2,0.9,0.1,0.1,0.0,0.0,0.0,0.1,0.1,0.0,0.0,0.2,0.0,0.0,0.1,0.1,0.111,0.2,0.111,0.311,0.13628,0.04225,0.00332,0.02895,0.0827,0.0109,0.00704,0.22852,0.0,0.0,0.1055838465145773,0.1007174997316602
812442,Stephen Hrustich,DET,25,R,,floor,Depth (no MLB PA),default,MiLB (MLE),0,1.0,0.2,0.9,0.1,0.1,0.0,0.0,0.0,0.1,0.1,0.0,0.0,0.2,0.0,0.0,0.1,0.1,0.111,0.2,0.111,0.311,0.13986,0.04133,0.00332,0.02895,0.08287,0.0109,0.00704,0.228,0.0,0.0,0.1144465288333229,0.1091717020886165
814457,Jake Casey,TOR,25,L,,floor,Depth (no MLB PA),default,MiLB (MLE),5,1.0,0.2,0.9,0.1,0.1,0.0,0.0,0.0,0.1,0.1,0.0,0.0,0.2,0.0,0.0,0.1,0.1,0.111,0.2,0.111,0.311,0.12846,0.04028,0.00462,0.02894,0.08402,0.01112,0.00788,0.23809,0.01719,0.00484,0.1119841749477096,0.1072886981384986
811083,Andrew Tess,BAL,25,R,,floor,Depth (no MLB PA),default,MiLB (MLE),0,1.0,0.2,0.9,0.1,0.1,0.0,0.0,0.0,0.1,0.1,0.0,0.0,0.2,0.0,0.0,0.1,0.1,0.111,0.2,0.111,0.311,0.13933,0.04113,0.00342,0.02894,0.0827,0.01085,0.00684,0.22788,0.0,0.0,0.11357196332132,0.1083374451958416
663445,James Nelson,HOU,25,R,,floor,Depth (no MLB PA),default,MiLB (MLE),5,1.0,0.2,0.9,0.1,0.1,0.0,0.0,0.0,0.1,0.1,0.0,0.0,0.2,0.0,0.0,0.1,0.1,0.111,0.2,0.111,0.311,0.14717,0.04,0.00223,0.02891,0.07545,0.01127,0.00845,0.24553,0.02011,0.00565,0.1191467258589332,0.1141509245466025
822034,Ryan Tayman,NYM,25,R,,floor,Depth (no MLB PA),default,MiLB (MLE),0,1.0,0.2,0.9,0.1,0.1,0.0,0.0,0.0,0.1,0.1,0.0,0.0,0.2,0.0,0.0,0.1,0.1,0.111,0.2,0.111,0.311,0.1392,0.04159,0.00328,0.02894,0.08284,0.01092,0.00711,0.22807,0.0,0.0,0.1175263398742655,0.1121095650092184
835409,Erasmi Rodriguez,CWS,25,R,,floor,Depth (no MLB PA),default,MiLB (MLE),0,1.0,0.2,0.9,0.1,0.1,0.0,0.0,0.0,0.1,0.1,0.0,0.0,0.2,0.0,0.0,0.1,0.1,0.111,0.2,0.111,0.311,0.13872,0.04111,0.00342,0.02893,0.08268,0.01085,0.00684,0.22785,0.0,0.0,0.1088193213985232,0.1038038519674695
686617,Christian Fagnant,WSH,25,L,,floor,Depth (no MLB PA),default,MiLB (MLE),0,1.0,0.2,0.9,0.1,0.1,0.0,0.0,0.0,0.1,0.1,0.0,0.0,0.2,0.0,0.0,0.1,0.1,0.111,0.2,0.111,0.311,0.13764,0.04155,0.00342,0.02893,0.08272,0.01085,0.00684,0.22789,0.0,0.0,0.1117065380027561,0.1065579971057784
801307,Gregory Bozzo,NYY,25,R,,floor,Depth (no MLB PA),default,MiLB (MLE),0,1.0,0.2,0.9,0.1,0.1,0.0,0.0,0.0,0.1,0.1,0.0,0.0,0.2,0.0,0.0,0.1,0.1,0.111,0.2,0.111,0.311,0.13924,0.04156,0.00342,0.02893,0.08269,0.01085,0.00684,0.22787,0.0,0.0,0.1236787918946801,0.1179784512562222
828657,Aiden Robbins,NYM,22,R,,floor,Depth (no MLB PA),feed:depth,MiLB (MLE),0,1.0,0.2,0.9,0.1,0.1,0.0,0.0,0.0,0.1,0.1,0.0,0.0,0.2,0.0,0.0,0.1,0.1,0.111,0.2,0.111,0.311,0.1408,0.0407,0.00339,0.02893,0.08272,0.01087,0.00691,0.22805,0.0,0.0,0.1175263398742655,0.1121095650092184
686438,Rubel Cespedes,LAA,25,L,,floor,Depth (no MLB PA),default,MiLB (MLE),0,1.0,0.2,0.9,0.1,0.1,0.0,0.0,0.0,0.1,0.1,0.0,0.0,0.2,0.0,0.0,0.1,0.1,0.111,0.2,0.111,0.311,0.13871,0.04111,0.00342,0.02893,0.08268,0.01085,0.00684,0.22785,0.0,0.0,0.1055838465145773,0.1007174997316602
701820,Jacob Friend,CIN,25,L,,floor,Depth (no MLB PA),default,MiLB (MLE),5,1.0,0.2,0.9,0.1,0.1,0.0,0.0,0.0,0.1,0.1,0.0,0.0,0.2,0.0,0.0,0.1,0.1,0.111,0.2,0.111,0.311,0.12034,0.03879,0.00261,0.02892,0.08808,0.01115,0.00798,0.24612,0.01723,0.00485,0.1096855274705329,0.1050864325467684
700815,Matthew Ellis,SEA,25,L,,floor,Depth (no MLB PA),default,MiLB (MLE),5,1.0,0.2,0.9,0.1,0.1,0.0,0.0,0.0,0.1,0.1,0.0,0.0,0.2,0.0,0.0,0.1,0.1,0.111,0.2,0.111,0.311,0.12985,0.03694,0.0025,0.02892,0.08715,0.01119,0.00813,0.24424,0.01628,0.00459,0.1138920715242519,0.1091165969463052
815488,Augie Lopez,SD,25,L,,floor,Depth (no MLB PA),default,MiLB (MLE),0,1.0,0.2,0.9,0.1,0.1,0.0,0.0,0.0,0.1,0.1,0.0,0.0,0.2,0.0,0.0,0.1,0.1,0.111,0.2,0.111,0.311,0.13664,0.04109,0.00338,0.02891,0.08268,0.01087,0.00692,0.228,0.0,0.0,0.1138336372651961,0.1085870586191268
694806,Brandon Eike,SEA,25,R,,floor,Depth (no MLB PA),default,MiLB (MLE),5,1.0,0.2,0.9,0.1,0.1,0.0,0.0,0.0,0.1,0.1,0.0,0.0,0.2,0.0,0.0,0.1,0.1,0.111,0.2,0.111,0.311,0.13788,0.04331,0.0033,0.02894,0.07998,0.01125,0.0084,0.24485,0.01657,0.00469,0.1138920715242519,0.1091165969463052
820856,Alexander Mambel,BOS,25,R,,floor,Depth (no MLB PA),default,MiLB (MLE),0,1.0,0.2,0.9,0.1,0.1,0.0,0.0,0.0,0.1,0.1,0.0,0.0,0.2,0.0,0.0,0.1,0.1,0.111,0.2,0.111,0.311,0.13877,0.04144,0.00345,0.02885,0.0827,0.01084,0.00679,0.22777,0.0,0.0,0.1130247042829025,0.1078154092606633
821523,Victor Leal,MIN,25,R,,floor,Depth (no MLB PA),default,MiLB (MLE),0,1.0,0.2,0.9,0.1,0.1,0.0,0.0,0.0,0.1,0.1,0.0,0.0,0.2,0.0,0.0,0.1,0.1,0.111,0.2,0.111,0.311,0.13876,0.04144,0.00345,0.02885,0.0827,0.01084,0.00679,0.22779,0.0,0.0,0.113135896968568,0.1079214770888242
681172,Tyler Tolve,ATL,25,L,,floor,Depth (no MLB PA),default,MiLB (MLE),0,1.0,0.2,0.9,0.1,0.1,0.0,0.0,0.0,0.1,0.1,0.0,0.0,0.2,0.0,0.0,0.1,0.1,0.111,0.2,0.111,0.311,0.13877,0.04144,0.00345,0.02885,0.08269,0.01084,0.00679,0.22777,0.0,0.0,0.1163109310194975,0.1109501742023392
800331,Francisco Toledo,NYM,25,R,,floor,Depth (no MLB PA),default,MiLB (MLE),0,1.0,0.2,0.9,0.1,0.1,0.0,0.0,0.0,0.1,0.1,0.0,0.0,0.2,0.0,0.0,0.1,0.1,0.111,0.2,0.111,0.311,0.13988,0.04144,0.00345,0.02885,0.08269,0.01084,0.00679,0.22778,0.0,0.0,0.1175263398742655,0.1121095650092184
621389,Ty Blach,CHC,25,R,P,floor,Depth (no MLB PA),default,MiLB (MLE),0,1.0,0.2,0.9,0.1,0.1,0.0,0.0,0.0,0.1,0.1,0.0,0.0,0.2,0.0,0.0,0.1,0.1,0.111,0.2,0.111,0.311,0.13876,0.04144,0.00345,0.02885,0.08269,0.01084,0.00679,0.22779,0.0,0.0,0.1212968604734738,0.1157063027676458
815917,Angel Guzman,TOR,25,S,,floor,Depth (no MLB PA),default,MiLB (MLE),0,1.0,0.2,0.9,0.1,0.1,0.0,0.0,0.0,0.1,0.1,0.0,0.0,0.2,0.0,0.0,0.1,0.1,0.111,0.2,0.111,0.311,0.14021,0.04144,0.00345,0.02885,0.08269,0.01084,0.00679,0.22777,0.0,0.0,0.111041150316571,0.1059232770579959
830412,Renyel Campos,TOR,25,L,,floor,Depth (no MLB PA),default,MiLB (MLE),0,1.0,0.2,0.9,0.1,0.1,0.0,0.0,0.0,0.1,0.1,0.0,0.0,0.2,0.0,0.0,0.1,0.1,0.111,0.2,0.111,0.311,0.13876,0.04144,0.00345,0.02885,0.0827,0.01084,0.00679,0.22779,0.0,0.0,0.111041150316571,0.1059232770579959
829702,Edgardo Figueroa,WSH,25,R,,floor,Depth (no MLB PA),default,MiLB (MLE),0,1.0,0.2,0.9,0.1,0.1,0.0,0.0,0.0,0.1,0.1,0.0,0.0,0.2,0.0,0.0,0.1,0.1,0.111,0.2,0.111,0.311,0.13877,0.04144,0.00663,0.02885,0.08269,0.01084,0.00679,0.22778,0.0,0.0,0.1117065380027561,0.1065579971057784
829716,Darell Morel,PIT,25,L,,floor,Depth (no MLB PA),default,MiLB (MLE),0,1.0,0.2,0.9,0.1,0.1,0.0,0.0,0.0,0.1,0.1,0.0,0.0,0.2,0.0,0.0,0.1,0.1,0.111,0.2,0.111,0.311,0.13931,0.04144,0.00345,0.02885,0.08269,0.01084,0.00679,0.22778,0.0,0.0,0.1095421137696742,0.1044933309251943
800615,Luke Scherrer,PIT,25,R,,floor,Depth (no MLB PA),default,MiLB (MLE),0,1.0,0.2,0.9,0.1,0.1,0.0,0.0,0.0,0.1,0.1,0.0,0.0,0.2,0.0,0.0,0.1,0.1,0.111,0.2,0.111,0.311,0.13876,0.04144,0.00345,0.02885,0.0827,0.01084,0.00679,0.22778,0.0,0.0,0.1095421137696742,0.1044933309251943
802599,Jack Penney,DET,25,L,,floor,Depth (no MLB PA),default,MiLB (MLE),0,1.0,0.2,0.9,0.1,0.1,0.0,0.0,0.0,0.1,0.1,0.0,0.0,0.2,0.0,0.0,0.1,0.1,0.111,0.2,0.111,0.311,0.13988,0.04242,0.00345,0.02885,0.08269,0.01084,0.00679,0.22778,0.0,0.0,0.1144465288333229,0.1091717020886165
800188,Dario Laverde,LAA,25,L,,floor,Depth (no MLB PA),default,MiLB (MLE),0,1.0,0.2,0.9,0.1,0.1,0.0,0.0,0.0,0.1,0.1,0.0,0.0,0.2,0.0,0.0,0.1,0.1,0.111,0.2,0.111,0.311,0.13875,0.04144,0.00345,0.02884,0.0827,0.01084,0.00679,0.22778,0.0,0.0,0.1055838465145773,0.1007174997316602
801563,Austin Smith,TOR,25,L,,floor,Depth (no MLB PA),default,MiLB (MLE),0,1.0,0.2,0.9,0.1,0.1,0.0,0.0,0.0,0.1,0.1,0.0,0.0,0.2,0.0,0.0,0.1,0.1,0.111,0.2,0.111,0.311,0.13883,0.04399,0.00313,0.02884,0.08203,0.011,0.0074,0.22629,0.0,0.0,0.111041150316571,0.1059232770579959
805466,Cruzmel Arias,COL,25,R,,floor,Depth (no MLB PA),default,MiLB (MLE),0,1.0,0.2,0.9,0.1,0.1,0.0,0.0,0.0,0.1,0.1,0.0,0.0,0.2,0.0,0.0,0.1,0.1,0.111,0.2,0.111,0.311,0.13988,0.04098,0.00382,0.02884,0.08268,0.01086,0.00686,0.22784,0.0,0.0,0.1055610191013167,0.1006957244311304
814394,Colin Summerhill,LAA,25,R,,floor,Depth (no MLB PA),default,MiLB (MLE),0,1.0,0.2,0.9,0.1,0.1,0.0,0.0,0.0,0.1,0.1,0.0,0.0,0.2,0.0,0.0,0.1,0.1,0.111,0.2,0.111,0.311,0.13966,0.04144,0.00345,0.02884,0.08269,0.01084,0.00679,0.22779,0.0,0.0,0.1055838465145773,0.1007174997316602
805692,Ricson Gonzalez,KC,25,R,,floor,Depth (no MLB PA),default,MiLB (MLE),0,1.0,0.2,0.9,0.1,0.1,0.0,0.0,0.0,0.1,0.1,0.0,0.0,0.2,0.0,0.0,0.1,0.1,0.111,0.2,0.111,0.311,0.14034,0.04142,0.00345,0.02884,0.08269,0.01084,0.00679,0.22779,0.0,0.0,0.1116725028615235,0.1065255306401104
805587,Drew Wyers,HOU,25,R,,floor,Depth (no MLB PA),default,MiLB (MLE),0,1.0,0.2,0.9,0.1,0.1,0.0,0.0,0.0,0.1,0.1,0.0,0.0,0.2,0.0,0.0,0.1,0.1,0.111,0.2,0.111,0.311,0.14034,0.04143,0.00345,0.02884,0.08269,0.01084,0.00679,0.22777,0.0,0.0,0.1181433850095948,0.1126981706084979
671925,Matt Coutney,LAA,25,L,,floor,Depth (no MLB PA),default,MiLB (MLE),0,1.0,0.2,0.9,0.1,0.1,0.0,0.0,0.0,0.1,0.1,0.0,0.0,0.2,0.0,0.0,0.1,0.1,0.111,0.2,0.111,0.311,0.13871,0.04142,0.00345,0.02884,0.0827,0.01084,0.00679,0.22779,0.0,0.0,0.1055838465145773,0.1007174997316602
702632,Michael Gupton,CHC,25,R,,floor,Depth (no MLB PA),default,MiLB (MLE),0,1.0,0.2,0.9,0.1,0.1,0.0,0.0,0.0,0.1,0.1,0.0,0.0,0.2,0.0,0.0,0.1,0.1,0.111,0.2,0.111,0.311,0.13871,0.04142,0.00345,0.02884,0.08269,0.01084,0.00679,0.22779,0.0,0.0,0.1212968604734738,0.1157063027676458
800508,Franyerber Montilla,DET,25,S,,floor,Depth (no MLB PA),default,MiLB (MLE),0,1.0,0.2,0.9,0.1,0.1,0.0,0.0,0.0,0.1,0.1,0.0,0.0,0.2,0.0,0.0,0.1,0.1,0.111,0.2,0.111,0.311,0.13877,0.04144,0.00345,0.02885,0.0827,0.01084,0.00679,0.22777,0.0,0.0,0.1144465288333229,0.1091717020886165
805145,Jake Bold,SD,25,R,,floor,Depth (no MLB PA),default,MiLB (MLE),0,1.0,0.2,0.9,0.1,0.1,0.0,0.0,0.0,0.1,0.1,0.0,0.0,0.2,0.0,0.0,0.1,0.1,0.111,0.2,0.111,0.311,0.13877,0.04144,0.00345,0.02885,0.08269,0.01084,0.00679,0.22777,0.0,0.0,0.1138336372651961,0.1085870586191268
806166,Tyler Minnick,PHI,25,R,,floor,Depth (no MLB PA),default,MiLB (MLE),0,1.0,0.2,0.9,0.1,0.1,0.0,0.0,0.0,0.1,0.1,0.0,0.0,0.2,0.0,0.0,0.1,0.1,0.111,0.2,0.111,0.311,0.14001,0.04144,0.00345,0.02885,0.08269,0.01084,0.00679,0.22777,0.0,0.0,0.1161846072924148,0.1108296727206394
808538,Luis Parababire,ATL,25,R,,floor,Depth (no MLB PA),default,MiLB (MLE),0,1.0,0.2,0.9,0.1,0.1,0.0,0.0,0.0,0.1,0.1,0.0,0.0,0.2,0.0,0.0,0.1,0.1,0.111,0.2,0.111,0.311,0.13876,0.04144,0.00345,0.02885,0.0827,0.01084,0.00679,0.22779,0.0,0.0,0.1163109310194975,0.1109501742023392
815586,Joe Olsavsky,ATL,25,R,,floor,Depth (no MLB PA),default,MiLB (MLE),0,1.0,0.2,0.9,0.1,0.1,0.0,0.0,0.0,0.1,0.1,0.0,0.0,0.2,0.0,0.0,0.1,0.1,0.111,0.2,0.111,0.311,0.13877,0.04144,0.00345,0.02885,0.08269,0.01084,0.00679,0.22777,0.0,0.0,0.1163109310194975,0.1109501742023392
640454,Matt Krook,OAK,25,L,P,floor,Depth (no MLB PA),default,MiLB (MLE),0,1.0,0.2,0.9,0.1,0.1,0.0,0.0,0.0,0.1,0.1,0.0,0.0,0.2,0.0,0.0,0.1,0.1,0.111,0.2,0.111,0.311,0.14199,0.04144,0.00345,0.02885,0.08269,0.01084,0.00679,0.22777,0.0,0.0,0.112771467234821,0.1075738438776605
691464,Fernando Caldera,HOU,25,R,,floor,Depth (no MLB PA),default,MiLB (MLE),0,1.0,0.2,0.9,0.1,0.1,0.0,0.0,0.0,0.1,0.1,0.0,0.0,0.2,0.0,0.0,0.1,0.1,0.111,0.2,0.111,0.311,0.14199,0.04144,0.00345,0.02885,0.08269,0.01084,0.00679,0.22777,0.0,0.0,0.1181433850095948,0.1126981706084979
703447,Jacob Jarrell,ATL,25,R,,floor,Depth (no MLB PA),default,MiLB (MLE),0,1.0,0.2,0.9,0.1,0.1,0.0,0.0,0.0,0.1,0.1,0.0,0.0,0.2,0.0,0.0,0.1,0.1,0.111,0.2,0.111,0.311,0.13876,0.04144,0.00345,0.02885,0.08269,0.01084,0.00679,0.22779,0.0,0.0,0.1163109310194975,0.1109501742023392
703152,Anthony Gutierrez,TEX,25,R,,floor,Depth (no MLB PA),default,MiLB (MLE),0,1.0,0.2,0.9,0.1,0.1,0.0,0.0,0.0,0.1,0.1,0.0,0.0,0.2,0.0,0.0,0.1,0.1,0.111,0.2,0.111,0.311,0.13876,0.04144,0.00345,0.02885,0.08269,0.01084,0.00679,0.22779,0.0,0.0,0.1083739722267322,0.1033790288854258
808233,Alfredo Rodriguez,TB,25,R,,floor,Depth (no MLB PA),default,MiLB (MLE),0,1.0,0.2,0.9,0.1,0.1,0.0,0.0,0.0,0.1,0.1,0.0,0.0,0.2,0.0,0.0,0.1,0.1,0.111,0.2,0.111,0.311,0.14199,0.04144,0.00345,0.02885,0.08269,0.01084,0.00679,0.22777,0.0,0.0,0.1101042122391284,0.1050295223438183
805990,Grant Kipp,CHC,25,R,,floor,Depth (no MLB PA),default,MiLB (MLE),0,1.0,0.2,0.9,0.1,0.1,0.0,0.0,0.0,0.1,0.1,0.0,0.0,0.2,0.0,0.0,0.1,0.1,0.111,0.2,0.111,0.311,0.13876,0.04144,0.00345,0.02885,0.08269,0.01084,0.00679,0.22779,0.0,0.0,0.1212968604734738,0.1157063027676458
821348,Brent Iredale,PIT,25,R,,floor,Depth (no MLB PA),default,MiLB (MLE),0,1.0,0.2,0.9,0.1,0.1,0.0,0.0,0.0,0.1,0.1,0.0,0.0,0.2,0.0,0.0,0.1,0.1,0.111,0.2,0.111,0.311,0.13877,0.04144,0.00345,0.02885,0.08269,0.01084,0.00679,0.22777,0.0,0.0,0.1095421137696742,0.1044933309251943
656686,Corbin Martin,CHC,25,R,P,floor,Depth (no MLB PA),default,MiLB (MLE),0,1.0,0.2,0.9,0.1,0.1,0.0,0.0,0.0,0.1,0.1,0.0,0.0,0.2,0.0,0.0,0.1,0.1,0.111,0.2,0.111,0.311,0.13876,0.04144,0.00345,0.02885,0.08269,0.01084,0.00679,0.22779,0.0,0.0,0.1212968604734738,0.1157063027676458
690523,Joe Campagna,DET,25,R,,floor,Depth (no MLB PA),default,MiLB (MLE),0,1.0,0.2,0.9,0.1,0.1,0.0,0.0,0.0,0.1,0.1,0.0,0.0,0.2,0.0,0.0,0.1,0.1,0.111,0.2,0.111,0.311,0.13876,0.04144,0.00345,0.02885,0.08269,0.01084,0.00679,0.22779,0.0,0.0,0.1144465288333229,0.1091717020886165
827412,Gabriel Flores,PHI,25,R,,floor,Depth (no MLB PA),default,MiLB (MLE),0,1.0,0.2,0.9,0.1,0.1,0.0,0.0,0.0,0.1,0.1,0.0,0.0,0.2,0.0,0.0,0.1,0.1,0.111,0.2,0.111,0.311,0.13877,0.04144,0.00345,0.02885,0.08269,0.01084,0.00679,0.22777,0.0,0.0,0.1161846072924148,0.1108296727206394
808343,Jormy Nivar,TEX,25,R,,floor,Depth (no MLB PA),default,MiLB (MLE),0,1.0,0.2,0.9,0.1,0.1,0.0,0.0,0.0,0.1,0.1,0.0,0.0,0.2,0.0,0.0,0.1,0.1,0.111,0.2,0.111,0.311,0.13877,0.04144,0.00345,0.02885,0.0827,0.01084,0.00679,0.22777,0.0,0.0,0.1083739722267322,0.1033790288854258
691384,Luis Perales,WSH,25,R,P,floor,Depth (no MLB PA),feed:order+depth,MiLB (MLE),0,1.0,0.2,0.9,0.1,0.1,0.0,0.0,0.0,0.1,0.1,0.0,0.0,0.2,0.0,0.0,0.1,0.1,0.111,0.2,0.111,0.311,0.13876,0.04144,0.00345,0.02885,0.08269,0.01084,0.00679,0.22779,0.0,0.0,0.1117065380027561,0.1065579971057784
683176,Nate Rombach,WSH,25,R,,floor,Depth (no MLB PA),default,MiLB (MLE),0,1.0,0.2,0.9,0.1,0.1,0.0,0.0,0.0,0.1,0.1,0.0,0.0,0.2,0.0,0.0,0.1,0.1,0.111,0.2,0.111,0.311,0.13877,0.04144,0.00345,0.02885,0.08269,0.01084,0.00679,0.22777,0.0,0.0,0.1117065380027561,0.1065579971057784
821672,Eduardo Rojas,LAD,25,S,,floor,Depth (no MLB PA),default,MiLB (MLE),0,1.0,0.2,0.9,0.1,0.1,0.0,0.0,0.0,0.1,0.1,0.0,0.0,0.2,0.0,0.0,0.1,0.1,0.111,0.2,0.111,0.311,0.13877,0.04144,0.00345,0.02885,0.08269,0.01084,0.00679,0.22777,0.0,0.0,0.126104911263755,0.1202927510754662
815899,Jose Perdomo,ATL,25,R,,floor,Depth (no MLB PA),default,MiLB (MLE),0,1.0,0.2,0.9,0.1,0.1,0.0,0.0,0.0,0.1,0.1,0.0,0.0,0.2,0.0,0.0,0.1,0.1,0.111,0.2,0.111,0.311,0.13876,0.04144,0.00345,0.02885,0.08269,0.01084,0.00679,0.22779,0.0,0.0,0.1163109310194975,0.1109501742023392
828408,Evan Bouldin,PHI,25,R,,floor,Depth (no MLB PA),default,MiLB (MLE),0,1.0,0.2,0.9,0.1,0.1,0.0,0.0,0.0,0.1,0.1,0.0,0.0,0.2,0.0,0.0,0.1,0.1,0.111,0.2,0.111,0.311,0.13985,0.04144,0.00345,0.02885,0.08269,0.01084,0.00679,0.22777,0.0,0.0,0.1161846072924148,0.1108296727206394
677338,GJ Hill,COL,25,S,,floor,Depth (no MLB PA),default,MiLB (MLE),5,1.0,0.2,0.9,0.1,0.1,0.0,0.0,0.0,0.1,0.1,0.0,0.0,0.3,0.0,0.0,0.1,0.1,0.111,0.2,0.111,0.311,0.12096,0.0438,0.00282,0.0285,0.07965,0.01131,0.00864,0.26563,0.02288,0.0064,0.1064575033399691,0.1019937589016792
686781,Brandon Lewis,PHI,25,R,,floor,Depth (no MLB PA),default,MiLB (MLE),0,1.0,0.2,0.9,0.1,0.1,0.0,0.0,0.0,0.1,0.1,0.0,0.0,0.2,0.0,0.0,0.1,0.1,0.111,0.2,0.111,0.311,0.13217,0.03992,0.00308,0.02849,0.08273,0.01101,0.00744,0.23129,0.0,0.0,0.1161846072924148,0.1108296727206394
660681,Leandro Cedeño,SD,25,R,,floor,Depth (no MLB PA),default,MiLB (MLE),5,1.0,0.2,0.9,0.1,0.1,0.0,0.0,0.0,0.1,0.1,0.0,0.0,0.2,0.0,0.0,0.1,0.1,0.111,0.2,0.111,0.311,0.14199,0.04128,0.0041,0.02849,0.08392,0.01108,0.0077,0.23076,0.01744,0.00492,0.1148003772844334,0.1099868176053142
834685,Angel Abreu,CLE,25,R,,floor,Depth (no MLB PA),default,MiLB (MLE),0,1.0,0.2,0.9,0.1,0.1,0.0,0.0,0.0,0.1,0.1,0.0,0.0,0.2,0.0,0.0,0.1,0.1,0.111,0.2,0.111,0.311,0.1397,0.04137,0.00341,0.02849,0.08274,0.01086,0.00687,0.22788,0.0,0.0,0.1090765435794416,0.1040492188090162
808170,Carter Dierdorf,NYM,25,L,,floor,Depth (no MLB PA),default,MiLB (MLE),0,1.0,0.2,0.9,0.1,0.1,0.0,0.0,0.0,0.1,0.1,0.0,0.0,0.2,0.0,0.0,0.1,0.1,0.111,0.2,0.111,0.311,0.13698,0.04091,0.00341,0.02848,0.0828,0.01086,0.00687,0.22798,0.0,0.0,0.1175263398742655,0.1121095650092184
701980,Nestor Rios,MIA,25,R,,floor,Depth (no MLB PA),default,MiLB (MLE),0,1.0,0.2,0.9,0.1,0.1,0.0,0.0,0.0,0.1,0.1,0.0,0.0,0.2,0.0,0.0,0.1,0.1,0.111,0.2,0.111,0.311,0.13858,0.04237,0.00341,0.02848,0.08266,0.01086,0.00688,0.22783,0.0,0.0,0.1073907841118627,0.1024411557924819
814261,Carlos Caro,PIT,25,R,,floor,Depth (no MLB PA),default,MiLB (MLE),0,1.0,0.2,0.9,0.1,0.1,0.0,0.0,0.0,0.1,0.1,0.0,0.0,0.2,0.0,0.0,0.1,0.1,0.111,0.2,0.111,0.311,0.13693,0.04089,0.0034,0.02847,0.08279,0.01086,0.00688,0.2279,0.0,0.0,0.1095421137696742,0.1044933309251943
801726,Santiago Gomez,NYY,25,R,,floor,Depth (no MLB PA),default,MiLB (MLE),0,1.0,0.2,0.9,0.1,0.1,0.0,0.0,0.0,0.1,0.1,0.0,0.0,0.2,0.0,0.0,0.1,0.1,0.111,0.2,0.111,0.311,0.13857,0.04385,0.00341,0.02847,0.08274,0.01086,0.00688,0.22783,0.0,0.0,0.1236787918946801,0.1179784512562222
808368,Juan Sulbaran,TEX,25,R,,floor,Depth (no MLB PA),default,MiLB (MLE),0,1.0,0.2,0.9,0.1,0.1,0.0,0.0,0.0,0.1,0.1,0.0,0.0,0.2,0.0,0.0,0.1,0.1,0.111,0.2,0.111,0.311,0.13879,0.04197,0.00343,0.02866,0.08271,0.01085,0.00683,0.22783,0.0,0.0,0.1083739722267322,0.1033790288854258
809569,Maika Niu,NYY,25,R,,floor,Depth (no MLB PA),default,MiLB (MLE),0,1.0,0.2,0.9,0.1,0.1,0.0,0.0,0.0,0.1,0.1,0.0,0.0,0.2,0.0,0.0,0.1,0.1,0.111,0.2,0.111,0.311,0.13469,0.04067,0.00314,0.02847,0.08294,0.01098,0.00735,0.23016,0.0,0.0,0.1236787918946801,0.1179784512562222
804826,Jake Ogden,NYM,25,R,,floor,Depth (no MLB PA),default,MiLB (MLE),0,1.0,0.2,0.9,0.1,0.1,0.0,0.0,0.0,0.1,0.1,0.0,0.0,0.2,0.0,0.0,0.1,0.1,0.111,0.2,0.111,0.311,0.14009,0.04087,0.00337,0.02845,0.08274,0.01088,0.00696,0.22783,0.0,0.0,0.1175263398742655,0.1121095650092184
835269,Judah Morris,OAK,25,R,,floor,Depth (no MLB PA),default,MiLB (MLE),0,1.0,0.2,0.9,0.1,0.1,0.0,0.0,0.0,0.1,0.1,0.0,0.0,0.2,0.0,0.0,0.1,0.1,0.111,0.2,0.111,0.311,0.13793,0.04177,0.00382,0.02845,0.08268,0.01086,0.00688,0.22801,0.0,0.0,0.112771467234821,0.1075738438776605
689108,Tommy Takayoshi,OAK,25,S,,floor,Depth (no MLB PA),default,MiLB (MLE),0,1.0,0.2,0.9,0.1,0.1,0.0,0.0,0.0,0.1,0.1,0.0,0.0,0.2,0.0,0.0,0.1,0.1,0.111,0.2,0.111,0.311,0.13898,0.04087,0.0034,0.02845,0.08274,0.01086,0.00688,0.22799,0.0,0.0,0.112771467234821,0.1075738438776605
693243,Garrett Pennington,DET,25,R,,floor,Depth (no MLB PA),default,MiLB (MLE),5,1.0,0.2,0.9,0.1,0.1,0.0,0.0,0.0,0.1,0.1,0.0,0.0,0.2,0.0,0.0,0.1,0.1,0.111,0.2,0.111,0.311,0.14034,0.0412,0.00409,0.02844,0.08206,0.01108,0.00771,0.233,0.01726,0.00487,0.1154184738764934,0.1105789975157071
696273,Lorenzo Carrier,COL,25,R,,floor,Depth (no MLB PA),default,MiLB (MLE),0,1.0,0.2,0.9,0.1,0.1,0.0,0.0,0.0,0.1,0.1,0.0,0.0,0.2,0.0,0.0,0.1,0.1,0.111,0.2,0.111,0.311,0.14124,0.04399,0.0034,0.02844,0.08265,0.01086,0.00689,0.22777,0.0,0.0,0.1055610191013167,0.1006957244311304
816339,Bohan Adderley,NYM,25,R,,floor,Depth (no MLB PA),default,MiLB (MLE),0,1.0,0.2,0.9,0.1,0.1,0.0,0.0,0.0,0.1,0.1,0.0,0.0,0.2,0.0,0.0,0.1,0.1,0.111,0.2,0.111,0.311,0.14104,0.04128,0.00336,0.02843,0.08267,0.01088,0.00696,0.228,0.0,0.0,0.1175263398742655,0.1121095650092184
806980,Angel Cepeda,CHC,25,R,,floor,Depth (no MLB PA),default,MiLB (MLE),0,1.0,0.2,0.9,0.1,0.1,0.0,0.0,0.0,0.1,0.1,0.0,0.0,0.2,0.0,0.0,0.1,0.1,0.111,0.2,0.111,0.311,0.14153,0.04083,0.0034,0.02843,0.08265,0.01086,0.00689,0.22783,0.0,0.0,0.1212968604734738,0.1157063027676458
808326,Pablo Guerrero,TEX,25,R,,floor,Depth (no MLB PA),default,MiLB (MLE),0,1.0,0.2,0.9,0.1,0.1,0.0,0.0,0.0,0.1,0.1,0.0,0.0,0.2,0.0,0.0,0.1,0.1,0.111,0.2,0.111,0.311,0.13989,0.04169,0.00316,0.02843,0.08328,0.01098,0.00732,0.22924,0.0,0.0,0.1083739722267322,0.1033790288854258
808094,Jhorvic Abreus,CLE,25,S,,floor,Depth (no MLB PA),default,MiLB (MLE),0,1.0,0.2,0.9,0.1,0.1,0.0,0.0,0.0,0.1,0.1,0.0,0.0,0.2,0.0,0.0,0.1,0.1,0.111,0.2,0.111,0.311,0.14017,0.04089,0.0034,0.02847,0.08274,0.01086,0.00688,0.22797,0.0,0.0,0.1090765435794416,0.1040492188090162
805890,Kaden Carpenter,TEX,25,L,,floor,Depth (no MLB PA),default,MiLB (MLE),0,1.0,0.2,0.9,0.1,0.1,0.0,0.0,0.0,0.1,0.1,0.0,0.0,0.2,0.0,0.0,0.1,0.1,0.111,0.2,0.111,0.311,0.13477,0.04014,0.00399,0.02853,0.08324,0.01096,0.00725,0.22932,0.0,0.0,0.1083739722267322,0.1033790288854258
823775,DJ Newman,HOU,25,R,,floor,Depth (no MLB PA),default,MiLB (MLE),0,1.0,0.2,0.9,0.1,0.1,0.0,0.0,0.0,0.1,0.1,0.0,0.0,0.2,0.0,0.0,0.1,0.1,0.111,0.2,0.111,0.311,0.14786,0.04231,0.00321,0.02853,0.08238,0.01096,0.00724,0.22862,0.0,0.0,0.1181433850095948,0.1126981706084979
824425,Diego Castellanos,NYY,25,L,,floor,Depth (no MLB PA),default,MiLB (MLE),0,1.0,0.2,0.9,0.1,0.1,0.0,0.0,0.0,0.1,0.1,0.0,0.0,0.2,0.0,0.0,0.1,0.1,0.111,0.2,0.111,0.311,0.14057,0.04012,0.0033,0.02853,0.08276,0.01091,0.00708,0.22775,0.0,0.0,0.1236787918946801,0.1179784512562222
803284,Max Belyeu,COL,25,L,,floor,Depth (no MLB PA),default,MiLB (MLE),5,1.0,0.2,0.9,0.1,0.1,0.0,0.0,0.0,0.1,0.1,0.0,0.0,0.2,0.0,0.0,0.1,0.1,0.111,0.2,0.111,0.311,0.12728,0.039,0.00511,0.02853,0.08317,0.01115,0.00798,0.24442,0.01668,0.00471,0.1064575033399691,0.1019937589016792
807971,Juan Rosas,TOR,25,R,,floor,Depth (no MLB PA),default,MiLB (MLE),0,1.0,0.2,0.9,0.1,0.1,0.0,0.0,0.0,0.1,0.1,0.0,0.0,0.2,0.0,0.0,0.1,0.1,0.111,0.2,0.111,0.311,0.13838,0.04053,0.00337,0.02853,0.08275,0.01088,0.00694,0.22819,0.0,0.0,0.111041150316571,0.1059232770579959
806495,Kale Fountain,SD,25,R,,floor,Depth (no MLB PA),default,MiLB (MLE),0,1.0,0.2,0.9,0.1,0.1,0.0,0.0,0.0,0.1,0.1,0.0,0.0,0.2,0.0,0.0,0.1,0.1,0.111,0.2,0.111,0.311,0.13739,0.04097,0.00334,0.02852,0.08269,0.0109,0.00701,0.22826,0.0,0.0,0.1138336372651961,0.1085870586191268
572138,Jon Singleton,HOU,35,L,1B,floor,Depth (no MLB PA),default,MLB,6,1.0,0.2,0.9,0.1,0.1,0.0,0.0,0.0,0.1,0.1,0.0,0.0,0.3,0.0,0.0,0.1,0.1,0.111,0.2,0.111,0.311,0.13201,0.04211,0.00216,0.02852,0.10503,0.00145,0.00742,0.25695,0.00627,0.00177,0.1118516017668687,0.1061137462847148
804561,Eric Guevara,MIA,25,R,,floor,Depth (no MLB PA),default,MiLB (MLE),0,1.0,0.2,0.9,0.1,0.1,0.0,0.0,0.0,0.1,0.1,0.0,0.0,0.2,0.0,0.0,0.1,0.1,0.111,0.2,0.111,0.311,0.13947,0.04009,0.00334,0.02852,0.08283,0.0109,0.00701,0.22816,0.0,0.0,0.1073907841118627,0.1024411557924819
687084,Joshua Mears,SD,25,R,,floor,Depth (no MLB PA),default,MiLB (MLE),0,1.0,0.2,0.9,0.1,0.1,0.0,0.0,0.0,0.1,0.1,0.0,0.0,0.2,0.0,0.0,0.1,0.1,0.111,0.2,0.111,0.311,0.13719,0.04097,0.00341,0.02852,0.08267,0.01086,0.00687,0.22795,0.0,0.0,0.1138336372651961,0.1085870586191268
690996,T.J. McCants,CWS,25,L,,floor,Depth (no MLB PA),default,MiLB (MLE),0,1.0,0.2,0.9,0.1,0.1,0.0,0.0,0.0,0.1,0.1,0.0,0.0,0.2,0.0,0.0,0.1,0.1,0.111,0.2,0.111,0.311,0.13707,0.04093,0.00341,0.0285,0.08273,0.01086,0.00687,0.22797,0.0,0.0,0.1088193213985232,0.1038038519674695
702270,Malcolm Moore,TEX,25,L,,floor,Depth (no MLB PA),default,MiLB (MLE),5,1.0,0.2,0.9,0.1,0.1,0.0,0.0,0.0,0.1,0.1,0.0,0.0,0.2,0.0,0.0,0.1,0.1,0.111,0.2,0.111,0.311,0.12734,0.04044,0.00357,0.02851,0.08179,0.01119,0.00816,0.23777,0.01592,0.0045,0.1092943456639019,0.1047116529246611
821818,Luis Corobo,MIL,25,R,,floor,Depth (no MLB PA),default,MiLB (MLE),0,1.0,0.2,0.9,0.1,0.1,0.0,0.0,0.0,0.1,0.1,0.0,0.0,0.2,0.0,0.0,0.1,0.1,0.111,0.2,0.111,0.311,0.14031,0.04095,0.00341,0.02851,0.08272,0.01086,0.00687,0.22793,0.0,0.0,0.1163092182482693,0.1109485403725308
813075,Jacob Lombard,MIA,20,R,,floor,Depth (no MLB PA),feed:order+depth,MiLB (MLE),0,1.0,0.2,0.9,0.1,0.1,0.0,0.0,0.0,0.1,0.1,0.0,0.0,0.2,0.0,0.0,0.1,0.1,0.111,0.2,0.111,0.311,0.13753,0.04009,0.00326,0.02851,0.08282,0.01093,0.00713,0.2296,0.0,0.0,0.1073907841118627,0.1024411557924819
702686,Everett Cooper III,WSH,25,L,,floor,Depth (no MLB PA),default,MiLB (MLE),0,1.0,0.2,0.9,0.1,0.1,0.0,0.0,0.0,0.1,0.1,0.0,0.0,0.2,0.0,0.0,0.1,0.1,0.111,0.2,0.111,0.311,0.1382,0.04096,0.00341,0.02851,0.08271,0.01086,0.00687,0.22783,0.0,0.0,0.1117065380027561,0.1065579971057784
702594,Jack Lausch,CIN,25,L,,floor,Depth (no MLB PA),default,MiLB (MLE),0,1.0,0.2,0.9,0.1,0.1,0.0,0.0,0.0,0.1,0.1,0.0,0.0,0.2,0.0,0.0,0.1,0.1,0.111,0.2,0.111,0.311,0.13517,0.04089,0.00334,0.02851,0.08272,0.01089,0.007,0.22858,0.0,0.0,0.108761859870781,0.1037490388346277
687357,Jack Scanlon,PIT,25,L,,floor,Depth (no MLB PA),default,MiLB (MLE),0,1.0,0.2,0.9,0.1,0.1,0.0,0.0,0.0,0.1,0.1,0.0,0.0,0.2,0.0,0.0,0.1,0.1,0.111,0.2,0.111,0.311,0.13692,0.04052,0.0033,0.02851,0.08276,0.01091,0.00707,0.22906,0.0,0.0,0.1095421137696742,0.1044933309251943
702750,Edinson Duran,NYY,25,R,,floor,Depth (no MLB PA),default,MiLB (MLE),0,1.0,0.2,0.9,0.1,0.1,0.0,0.0,0.0,0.1,0.1,0.0,0.0,0.2,0.0,0.0,0.1,0.1,0.111,0.2,0.111,0.311,0.1371,0.04339,0.00341,0.0285,0.08273,0.01086,0.00687,0.2278,0.0,0.0,0.1236787918946801,0.1179784512562222
692021,Oswaldo Linares,SD,25,R,,floor,Depth (no MLB PA),default,MiLB (MLE),0,1.0,0.2,0.9,0.1,0.1,0.0,0.0,0.0,0.1,0.1,0.0,0.0,0.2,0.0,0.0,0.1,0.1,0.111,0.2,0.111,0.311,0.1371,0.04094,0.00341,0.0285,0.08266,0.01086,0.00687,0.22789,0.0,0.0,0.1138336372651961,0.1085870586191268
813697,Sam Biller,NYM,25,L,,floor,Depth (no MLB PA),default,MiLB (MLE),0,1.0,0.2,0.9,0.1,0.1,0.0,0.0,0.0,0.1,0.1,0.0,0.0,0.2,0.0,0.0,0.1,0.1,0.111,0.2,0.111,0.311,0.13709,0.04094,0.00572,0.0285,0.08266,0.01086,0.00687,0.22797,0.0,0.0,0.1175263398742655,0.1121095650092184
605421,Michael Pérez,NYM,34,L,C,floor,Depth (no MLB PA),default,MLB,6,1.0,0.2,0.9,0.1,0.1,0.0,0.0,0.0,0.1,0.1,0.0,0.0,0.2,0.0,0.0,0.1,0.1,0.111,0.2,0.111,0.311,0.14297,0.04203,0.00324,0.02852,0.0774,0.00394,0.00245,0.23223,0.0157,0.00441,0.1071606497774287,0.1095103448244549
829040,Juan Cabada,CHC,25,L,,floor,Depth (no MLB PA),feed:depth,MiLB (MLE),0,1.0,0.2,0.9,0.1,0.1,0.0,0.0,0.0,0.1,0.1,0.0,0.0,0.2,0.0,0.0,0.1,0.1,0.111,0.2,0.111,0.311,0.13889,0.04081,0.00332,0.0284,0.08258,0.0109,0.00703,0.2283,0.0,0.0,0.1212968604734738,0.1157063027676458
840390,Paul Schoenfeld,ARI,25,L,,floor,Depth (no MLB PA),default,MiLB (MLE),0,1.0,0.2,0.9,0.1,0.1,0.0,0.0,0.0,0.1,0.1,0.0,0.0,0.2,0.0,0.0,0.1,0.1,0.111,0.2,0.111,0.311,0.13935,0.04209,0.00373,0.0284,0.08263,0.0109,0.00704,0.2279,0.0,0.0,0.1186941273191299,0.1132235292712471
701837,Kavares Tears,SD,25,L,,floor,Depth (no MLB PA),default,MiLB (MLE),5,1.0,0.2,0.9,0.1,0.1,0.0,0.0,0.0,0.1,0.1,0.0,0.0,0.2,0.0,0.0,0.1,0.1,0.111,0.2,0.111,0.311,0.12371,0.04081,0.00447,0.0284,0.08411,0.01115,0.00799,0.24392,0.01614,0.00456,0.1148003772844334,0.1099868176053142
814188,Jayson Bass,MIN,25,S,,floor,Depth (no MLB PA),default,MiLB (MLE),0,1.0,0.2,0.9,0.1,0.1,0.0,0.0,0.0,0.1,0.1,0.0,0.0,0.2,0.0,0.0,0.1,0.1,0.111,0.2,0.111,0.311,0.13783,0.03833,0.00319,0.02839,0.08232,0.01096,0.00726,0.23027,0.0,0.0,0.113135896968568,0.1079214770888242
701373,Isaiah Barkett,SF,25,R,,floor,Depth (no MLB PA),default,MiLB (MLE),0,1.0,0.2,0.9,0.1,0.1,0.0,0.0,0.0,0.1,0.1,0.0,0.0,0.2,0.0,0.0,0.1,0.1,0.111,0.2,0.111,0.311,0.14165,0.04072,0.00333,0.02839,0.0827,0.0109,0.00704,0.22764,0.0,0.0,0.1075158000263159,0.1025604097384788
800191,Eliezer Rivero,LAA,25,R,,floor,Depth (no MLB PA),default,MiLB (MLE),0,1.0,0.2,0.9,0.1,0.1,0.0,0.0,0.0,0.1,0.1,0.0,0.0,0.2,0.0,0.0,0.1,0.1,0.111,0.2,0.111,0.311,0.1397,0.04122,0.00339,0.02838,0.08266,0.01087,0.0069,0.22806,0.0,0.0,0.1055838465145773,0.1007174997316602
692368,Adrián Sugastey,SF,25,R,,floor,Depth (no MLB PA),default,MiLB (MLE),5,1.0,0.2,0.9,0.2,0.2,0.0,0.0,0.0,0.2,0.1,0.0,0.0,0.2,0.0,0.0,0.1,0.1,0.222,0.3,0.222,0.522,0.15045,0.03725,0.00278,0.02838,0.08243,0.01114,0.00793,0.22151,0.01731,0.00488,0.1084288853768579,0.1038824812356177
694184,Cristian Santana,DET,25,R,,floor,Depth (no MLB PA),default,MiLB (MLE),5,1.0,0.2,0.9,0.1,0.1,0.0,0.0,0.0,0.1,0.1,0.0,0.0,0.2,0.0,0.0,0.1,0.1,0.111,0.2,0.111,0.311,0.12394,0.03377,0.00308,0.02838,0.08708,0.01119,0.00814,0.24178,0.01611,0.00454,0.1154184738764934,0.1105789975157071
802500,Deiten Lachance,CLE,25,R,,floor,Depth (no MLB PA),default,MiLB (MLE),0,1.0,0.2,0.9,0.1,0.1,0.0,0.0,0.0,0.1,0.1,0.0,0.0,0.2,0.0,0.0,0.1,0.1,0.111,0.2,0.111,0.311,0.13926,0.04207,0.00332,0.02838,0.08266,0.0109,0.00704,0.22801,0.0,0.0,0.1090765435794416,0.1040492188090162
815268,Patrick Lee,DET,25,R,,floor,Depth (no MLB PA),default,MiLB (MLE),5,1.0,0.2,0.9,0.1,0.1,0.0,0.0,0.0,0.1,0.1,0.0,0.0,0.2,0.0,0.0,0.1,0.1,0.111,0.2,0.111,0.311,0.13033,0.04072,0.00267,0.02843,0.08363,0.01114,0.00795,0.24369,0.01942,0.00545,0.1154184738764934,0.1105789975157071
821696,Kendrick Herrera,PIT,25,R,,floor,Depth (no MLB PA),default,MiLB (MLE),0,1.0,0.2,0.9,0.1,0.1,0.0,0.0,0.0,0.1,0.1,0.0,0.0,0.2,0.0,0.0,0.1,0.1,0.111,0.2,0.111,0.311,0.13969,0.04077,0.00339,0.02838,0.08274,0.01087,0.0069,0.22806,0.0,0.0,0.1095421137696742,0.1044933309251943
827290,Paul Gutierrez-Contreras II,NYY,25,R,,floor,Depth (no MLB PA),default,MiLB (MLE),0,1.0,0.2,0.9,0.1,0.1,0.0,0.0,0.0,0.1,0.1,0.0,0.0,0.2,0.0,0.0,0.1,0.1,0.111,0.2,0.111,0.311,0.14029,0.04033,0.00372,0.02838,0.08278,0.0109,0.00704,0.22784,0.0,0.0,0.1236787918946801,0.1179784512562222
811602,Yimy Tovar,SD,25,R,,floor,Depth (no MLB PA),default,MiLB (MLE),0,1.0,0.2,0.9,0.1,0.1,0.0,0.0,0.0,0.1,0.1,0.0,0.0,0.2,0.0,0.0,0.1,0.1,0.111,0.2,0.111,0.311,0.13898,0.0407,0.00332,0.02837,0.0827,0.0109,0.00704,0.22817,0.0,0.0,0.1138336372651961,0.1085870586191268
800299,Diomedes Hernandez,NYY,25,R,,floor,Depth (no MLB PA),default,MiLB (MLE),0,1.0,0.2,0.9,0.1,0.1,0.0,0.0,0.0,0.1,0.1,0.0,0.0,0.2,0.0,0.0,0.1,0.1,0.111,0.2,0.111,0.311,0.13826,0.04233,0.00339,0.02837,0.08269,0.01087,0.0069,0.2279,0.0,0.0,0.1236787918946801,0.1179784512562222
803124,Tristan Bissetta,STL,25,L,,floor,Depth (no MLB PA),default,MiLB (MLE),0,1.0,0.2,0.9,0.1,0.1,0.0,0.0,0.0,0.1,0.1,0.0,0.0,0.2,0.0,0.0,0.1,0.1,0.111,0.2,0.111,0.311,0.13426,0.04057,0.00319,0.02837,0.08269,0.01096,0.00726,0.23089,0.0,0.0,0.1080839852839566,0.103102407405954
836153,Alex Ungar,CWS,25,R,,floor,Depth (no MLB PA),default,MiLB (MLE),5,1.0,0.2,0.9,0.1,0.1,0.0,0.0,0.0,0.1,0.1,0.0,0.0,0.2,0.0,0.0,0.1,0.1,0.111,0.2,0.111,0.311,0.13544,0.0375,0.00294,0.02836,0.0825,0.01105,0.00762,0.23464,0.01783,0.00502,0.1097434769942643,0.1051419522571364
813935,Ty Head,BAL,22,L,,floor,Depth (no MLB PA),feed:order+depth,MiLB (MLE),0,1.0,0.2,0.9,0.1,0.1,0.0,0.0,0.0,0.1,0.1,0.0,0.0,0.2,0.0,0.0,0.1,0.1,0.111,0.2,0.111,0.311,0.14095,0.04075,0.00339,0.02836,0.08272,0.01087,0.0069,0.228,0.0,0.0,0.11357196332132,0.1083374451958416
695477,Slate Alford,LAA,25,R,,floor,Depth (no MLB PA),default,MiLB (MLE),0,1.0,0.2,0.9,0.1,0.1,0.0,0.0,0.0,0.1,0.1,0.0,0.0,0.2,0.0,0.0,0.1,0.1,0.111,0.2,0.111,0.311,0.14073,0.04147,0.00332,0.02836,0.08285,0.0109,0.00704,0.22835,0.0,0.0,0.1055838465145773,0.1007174997316602
823455,Petey Soto Jr.,HOU,25,R,,floor,Depth (no MLB PA),default,MiLB (MLE),0,1.0,0.2,0.9,0.1,0.1,0.0,0.0,0.0,0.1,0.1,0.0,0.0,0.2,0.0,0.0,0.1,0.1,0.111,0.2,0.111,0.311,0.14058,0.04117,0.00339,0.02835,0.08275,0.01087,0.00691,0.228,0.0,0.0,0.1181433850095948,0.1126981706084979
823779,Ryan Sprock,TOR,25,R,,floor,Depth (no MLB PA),feed:order+depth,MiLB (MLE),5,1.0,0.2,0.9,0.1,0.1,0.0,0.0,0.0,0.1,0.1,0.0,0.0,0.2,0.0,0.0,0.1,0.1,0.111,0.2,0.111,0.311,0.13729,0.04186,0.00367,0.02838,0.08365,0.01104,0.00755,0.22864,0.0174,0.00491,0.1119841749477096,0.1072886981384986
543939,Kolten Wong,LAD,36,L,2B,floor,Depth (no MLB PA),default,MLB,6,1.0,0.2,0.9,0.1,0.1,0.0,0.0,0.0,0.1,0.1,0.0,0.0,0.2,0.0,0.0,0.1,0.1,0.111,0.2,0.111,0.311,0.14251,0.04189,0.00323,0.02843,0.08297,0.02331,0.01011,0.20181,0.02583,0.00746,0.1211852132924779,0.1059910440478535
800741,Logan Maxwell,NYY,25,L,,floor,Depth (no MLB PA),default,MiLB (MLE),0,1.0,0.2,0.9,0.1,0.1,0.0,0.0,0.0,0.1,0.1,0.0,0.0,0.2,0.0,0.0,0.1,0.1,0.111,0.2,0.111,0.311,0.13872,0.04042,0.00322,0.02842,0.08302,0.01095,0.00722,0.22845,0.0,0.0,0.1236787918946801,0.1179784512562222
800313,Alejandro Rios,ARI,25,R,,floor,Depth (no MLB PA),default,MiLB (MLE),0,1.0,0.2,0.9,0.1,0.1,0.0,0.0,0.0,0.1,0.1,0.0,0.0,0.2,0.0,0.0,0.1,0.1,0.111,0.2,0.111,0.311,0.13828,0.04082,0.0034,0.02842,0.08268,0.01086,0.00689,0.22803,0.0,0.0,0.1186941273191299,0.1132235292712471
815928,Edward Lantigua,NYM,25,R,,floor,Depth (no MLB PA),default,MiLB (MLE),0,1.0,0.2,0.9,0.1,0.1,0.0,0.0,0.0,0.1,0.1,0.0,0.0,0.2,0.0,0.0,0.1,0.1,0.111,0.2,0.111,0.311,0.13776,0.04216,0.0034,0.02842,0.08268,0.01086,0.00689,0.22796,0.0,0.0,0.1175263398742655,0.1121095650092184
800209,Estuar Suero,PIT,25,S,,floor,Depth (no MLB PA),default,MiLB (MLE),0,1.0,0.2,0.9,0.1,0.1,0.0,0.0,0.0,0.1,0.1,0.0,0.0,0.2,0.0,0.0,0.1,0.1,0.111,0.2,0.111,0.311,0.13892,0.04172,0.00336,0.02842,0.08263,0.01088,0.00696,0.22833,0.0,0.0,0.1095421137696742,0.1044933309251943
807649,Yeycol Soriano,CIN,25,L,,floor,Depth (no MLB PA),default,MiLB (MLE),0,1.0,0.2,0.9,0.1,0.1,0.0,0.0,0.0,0.1,0.1,0.0,0.0,0.2,0.0,0.0,0.1,0.1,0.111,0.2,0.111,0.311,0.13934,0.04082,0.0034,0.02842,0.08269,0.01086,0.00689,0.22802,0.0,0.0,0.108761859870781,0.1037490388346277
702662,Dylan Dreiling,TEX,24,L,,floor,Depth (no MLB PA),feed:order+depth,MiLB (MLE),5,1.0,0.2,0.9,0.2,0.2,0.0,0.0,0.0,0.2,0.1,0.0,0.0,0.2,0.0,0.0,0.1,0.1,0.222,0.3,0.222,0.522,0.15134,0.0416,0.00317,0.02842,0.08449,0.01138,0.00887,0.23934,0.01846,0.00521,0.1092943456639019,0.1047116529246611
687625,Kai Murphy,SD,25,L,,floor,Depth (no MLB PA),default,MiLB (MLE),0,1.0,0.2,0.9,0.1,0.1,0.0,0.0,0.0,0.1,0.1,0.0,0.0,0.2,0.0,0.0,0.1,0.1,0.111,0.2,0.111,0.311,0.1367,0.04082,0.0034,0.02842,0.08273,0.01086,0.00689,0.2279,0.0,0.0,0.1138336372651961,0.1085870586191268
821296,Connor McGinnis,NYY,25,L,,floor,Depth (no MLB PA),default,MiLB (MLE),0,1.0,0.2,0.9,0.1,0.1,0.0,0.0,0.0,0.1,0.1,0.0,0.0,0.2,0.0,0.0,0.1,0.1,0.111,0.2,0.111,0.311,0.1393,0.04327,0.0034,0.02842,0.0828,0.01086,0.00689,0.22772,0.0,0.0,0.1236787918946801,0.1179784512562222
701616,Caleb Lomavita,WSH,25,R,,floor,Depth (no MLB PA),default,MiLB (MLE),5,1.0,0.2,0.9,0.1,0.1,0.0,0.0,0.0,0.1,0.1,0.0,0.0,0.2,0.0,0.0,0.1,0.1,0.111,0.2,0.111,0.311,0.12773,0.04122,0.00473,0.0284,0.08103,0.0113,0.00857,0.24143,0.0148,0.00417,0.1126552134847328,0.1079316001473905
808553,John Estevez,ATL,25,L,,floor,Depth (no MLB PA),default,MiLB (MLE),0,1.0,0.2,0.9,0.1,0.1,0.0,0.0,0.0,0.1,0.1,0.0,0.0,0.2,0.0,0.0,0.1,0.1,0.111,0.2,0.111,0.311,0.14034,0.04083,0.0034,0.02842,0.08273,0.01086,0.00689,0.22799,0.0,0.0,0.1163109310194975,0.1109501742023392
671272,David García,MIL,25,S,,floor,Depth (no MLB PA),default,MiLB (MLE),0,1.0,0.2,0.9,0.1,0.1,0.0,0.0,0.0,0.1,0.1,0.0,0.0,0.2,0.0,0.0,0.1,0.1,0.111,0.2,0.111,0.311,0.13635,0.03897,0.00313,0.02842,0.08238,0.01099,0.00737,0.22948,0.0,0.0,0.1163092182482693,0.1109485403725308
702276,Carsten Sabathia III,MIL,25,R,,floor,Depth (no MLB PA),default,MiLB (MLE),0,1.0,0.2,0.9,0.1,0.1,0.0,0.0,0.0,0.1,0.1,0.0,0.0,0.2,0.0,0.0,0.1,0.1,0.111,0.2,0.111,0.311,0.13958,0.04127,0.00329,0.02842,0.08278,0.01092,0.00709,0.22858,0.0,0.0,0.1163092182482693,0.1109485403725308
821199,Moises Polanco,MIL,25,R,,floor,Depth (no MLB PA),default,MiLB (MLE),0,1.0,0.2,0.9,0.1,0.1,0.0,0.0,0.0,0.1,0.1,0.0,0.0,0.2,0.0,0.0,0.1,0.1,0.111,0.2,0.111,0.311,0.14146,0.04127,0.0034,0.02842,0.08268,0.01086,0.00689,0.22788,0.0,0.0,0.1163092182482693,0.1109485403725308
821101,Ezequiel Pena,CHC,25,L,,floor,Depth (no MLB PA),default,MiLB (MLE),0,1.0,0.2,0.9,0.1,0.1,0.0,0.0,0.0,0.1,0.1,0.0,0.0,0.2,0.0,0.0,0.1,0.1,0.111,0.2,0.111,0.311,0.13935,0.04083,0.0034,0.02842,0.08269,0.01086,0.00689,0.22791,0.0,0.0,0.1212968604734738,0.1157063027676458
691793,Charlie Saum,TOR,25,R,,floor,Depth (no MLB PA),default,MiLB (MLE),0,1.0,0.2,0.9,0.1,0.1,0.0,0.0,0.0,0.1,0.1,0.0,0.0,0.2,0.0,0.0,0.1,0.1,0.111,0.2,0.111,0.311,0.13667,0.04082,0.0034,0.02841,0.08274,0.01086,0.00689,0.22803,0.0,0.0,0.111041150316571,0.1059232770579959
808220,Raimundo De Los Santos,TOR,25,S,,floor,Depth (no MLB PA),default,MiLB (MLE),0,1.0,0.2,0.9,0.1,0.1,0.0,0.0,0.0,0.1,0.1,0.0,0.0,0.2,0.0,0.0,0.1,0.1,0.111,0.2,0.111,0.311,0.13668,0.04082,0.0034,0.02841,0.08269,0.01086,0.00689,0.22803,0.0,0.0,0.111041150316571,0.1059232770579959
805951,Boston Baro,NYM,25,L,,floor,Depth (no MLB PA),default,MiLB (MLE),0,1.0,0.2,0.9,0.1,0.1,0.0,0.0,0.0,0.1,0.1,0.0,0.0,0.2,0.0,0.0,0.1,0.1,0.111,0.2,0.111,0.311,0.13928,0.04169,0.0034,0.02841,0.08271,0.01087,0.00689,0.22779,0.0,0.0,0.1175263398742655,0.1121095650092184
808232,Alirio Ferrebus,PHI,25,R,,floor,Depth (no MLB PA),default,MiLB (MLE),0,1.0,0.2,0.9,0.1,0.1,0.0,0.0,0.0,0.1,0.1,0.0,0.0,0.2,0.0,0.0,0.1,0.1,0.111,0.2,0.111,0.311,0.13842,0.0408,0.0034,0.02841,0.08267,0.01087,0.0069,0.22777,0.0,0.0,0.1161846072924148,0.1108296727206394
695023,Eddie Park,CWS,25,L,,floor,Depth (no MLB PA),default,MiLB (MLE),0,1.0,0.2,0.9,0.1,0.1,0.0,0.0,0.0,0.1,0.1,0.0,0.0,0.2,0.0,0.0,0.1,0.1,0.111,0.2,0.111,0.311,0.14187,0.04082,0.0034,0.02842,0.08265,0.01086,0.00689,0.228,0.0,0.0,0.1088193213985232,0.1038038519674695
699228,Jakey Josepha,ARI,25,L,,floor,Depth (no MLB PA),default,MiLB (MLE),0,1.0,0.2,0.9,0.1,0.1,0.0,0.0,0.0,0.1,0.1,0.0,0.0,0.2,0.0,0.0,0.1,0.1,0.111,0.2,0.111,0.311,0.14256,0.04112,0.00342,0.02863,0.08271,0.01085,0.00684,0.22784,0.0,0.0,0.1186941273191299,0.1132235292712471
829073,Brailyn Antunez,MIL,20,R,,floor,Depth (no MLB PA),feed:order+depth,MiLB (MLE),0,1.0,0.2,0.9,0.1,0.1,0.0,0.0,0.0,0.1,0.1,0.0,0.0,0.2,0.0,0.0,0.1,0.1,0.111,0.2,0.111,0.311,0.14188,0.04071,0.00357,0.02863,0.08282,0.01097,0.00729,0.22955,0.0,0.0,0.1163092182482693,0.1109485403725308
821648,Wilberson De Pena,NYY,25,R,,floor,Depth (no MLB PA),feed:depth,MiLB (MLE),0,1.0,0.2,0.9,0.1,0.1,0.0,0.0,0.0,0.1,0.1,0.0,0.0,0.2,0.0,0.0,0.1,0.1,0.111,0.2,0.111,0.311,0.13649,0.03981,0.00368,0.02862,0.08265,0.01092,0.00712,0.22885,0.0,0.0,0.1236787918946801,0.1179784512562222
806499,Avery Ortiz,WSH,25,R,,floor,Depth (no MLB PA),default,MiLB (MLE),0,1.0,0.2,0.9,0.1,0.1,0.0,0.0,0.0,0.1,0.1,0.0,0.0,0.2,0.0,0.0,0.1,0.1,0.111,0.2,0.111,0.311,0.13746,0.04156,0.00331,0.02862,0.08281,0.01091,0.00705,0.22865,0.0,0.0,0.1117065380027561,0.1065579971057784
690944,Curtis Washington Jr.,SEA,25,R,,floor,Depth (no MLB PA),default,MiLB (MLE),5,1.0,0.2,0.9,0.1,0.1,0.0,0.0,0.0,0.1,0.1,0.0,0.0,0.2,0.0,0.0,0.1,0.1,0.111,0.2,0.111,0.311,0.12855,0.03994,0.00351,0.02862,0.08332,0.01108,0.00774,0.23512,0.01798,0.00507,0.1138920715242519,0.1091165969463052
821920,Kuhio Aloy,NYM,25,R,,floor,Depth (no MLB PA),default,MiLB (MLE),0,1.0,0.2,0.9,0.1,0.1,0.0,0.0,0.0,0.1,0.1,0.0,0.0,0.2,0.0,0.0,0.1,0.1,0.111,0.2,0.111,0.311,0.13598,0.04112,0.00328,0.02862,0.08288,0.01092,0.00712,0.22856,0.0,0.0,0.1175263398742655,0.1121095650092184
831546,Kyeler Thompson,LAD,25,R,,floor,Depth (no MLB PA),default,MiLB (MLE),0,1.0,0.2,0.9,0.1,0.1,0.0,0.0,0.0,0.1,0.1,0.0,0.0,0.2,0.0,0.0,0.1,0.1,0.111,0.2,0.111,0.311,0.14084,0.04111,0.00384,0.02862,0.08269,0.01085,0.00684,0.22778,0.0,0.0,0.126104911263755,0.1202927510754662
800526,Ivan Sosa,KC,25,R,,floor,Depth (no MLB PA),default,MiLB (MLE),0,1.0,0.2,0.9,0.1,0.1,0.0,0.0,0.0,0.1,0.1,0.0,0.0,0.2,0.0,0.0,0.1,0.1,0.111,0.2,0.111,0.311,0.1334,0.03986,0.00314,0.02862,0.082,0.01098,0.00733,0.23215,0.0,0.0,0.1116725028615235,0.1065255306401104
694953,C.J. Pittaro,OAK,25,L,,floor,Depth (no MLB PA),default,MiLB (MLE),0,1.0,0.2,0.9,0.1,0.1,0.0,0.0,0.0,0.1,0.1,0.0,0.0,0.2,0.0,0.0,0.1,0.1,0.111,0.2,0.111,0.311,0.13882,0.04098,0.00341,0.02853,0.08267,0.01086,0.00687,0.22784,0.0,0.0,0.112771467234821,0.1075738438776605
808263,Daniel Rojas,STL,25,R,,floor,Depth (no MLB PA),default,MiLB (MLE),0,1.0,0.2,0.9,0.1,0.1,0.0,0.0,0.0,0.1,0.1,0.0,0.0,0.2,0.0,0.0,0.1,0.1,0.111,0.2,0.111,0.311,0.13978,0.04156,0.00342,0.02862,0.08268,0.01085,0.00684,0.22787,0.0,0.0,0.1080839852839566,0.103102407405954
622666,Johan Camargo,PHI,33,S,SS,floor,Depth (no MLB PA),default,MLB,6,1.0,0.2,0.9,0.1,0.1,0.0,0.0,0.0,0.1,0.1,0.0,0.0,0.2,0.0,0.0,0.1,0.1,0.111,0.2,0.111,0.311,0.14349,0.04218,0.00325,0.02862,0.07827,0.00689,0.00203,0.22634,0.01268,0.00358,0.0975913699788993,0.1044674759837317
701618,Damon Keith,MIL,25,R,,floor,Depth (no MLB PA),default,MiLB (MLE),5,1.0,0.2,0.9,0.1,0.1,0.0,0.0,0.0,0.1,0.1,0.0,0.0,0.2,0.0,0.0,0.1,0.1,0.111,0.2,0.111,0.311,0.13976,0.0467,0.00236,0.02861,0.08165,0.01123,0.0083,0.2468,0.01797,0.00507,0.1172969823098257,0.1123787404199927
814514,AJ Salgado,NYM,25,L,,floor,Depth (no MLB PA),default,MiLB (MLE),0,1.0,0.2,0.9,0.1,0.1,0.0,0.0,0.0,0.1,0.1,0.0,0.0,0.2,0.0,0.0,0.1,0.1,0.111,0.2,0.111,0.311,0.14031,0.04109,0.00342,0.02861,0.08267,0.01085,0.00685,0.22786,0.0,0.0,0.1175263398742655,0.1121095650092184
808698,Pedro Roque,KC,25,R,,floor,Depth (no MLB PA),default,MiLB (MLE),0,1.0,0.2,0.9,0.1,0.1,0.0,0.0,0.0,0.1,0.1,0.0,0.0,0.2,0.0,0.0,0.1,0.1,0.111,0.2,0.111,0.311,0.13758,0.04109,0.00416,0.0286,0.08271,0.01085,0.00685,0.2279,0.0,0.0,0.1116725028615235,0.1065255306401104
825130,Lane Haworth,PHI,25,L,,floor,Depth (no MLB PA),default,MiLB (MLE),0,1.0,0.2,0.9,0.1,0.1,0.0,0.0,0.0,0.1,0.1,0.0,0.0,0.2,0.0,0.0,0.1,0.1,0.111,0.2,0.111,0.311,0.13916,0.04153,0.00342,0.0286,0.08273,0.01085,0.00685,0.22782,0.0,0.0,0.1161846072924148,0.1108296727206394
702444,Eric Martinez,MIL,25,R,,floor,Depth (no MLB PA),default,MiLB (MLE),0,1.0,0.2,0.9,0.1,0.1,0.0,0.0,0.0,0.1,0.1,0.0,0.0,0.2,0.0,0.0,0.1,0.1,0.111,0.2,0.111,0.311,0.13862,0.04153,0.00342,0.0286,0.0827,0.01085,0.00685,0.22791,0.0,0.0,0.1163092182482693,0.1109485403725308
808106,Gabriel Lara,NYY,25,L,,floor,Depth (no MLB PA),default,MiLB (MLE),0,1.0,0.2,0.9,0.1,0.1,0.0,0.0,0.0,0.1,0.1,0.0,0.0,0.2,0.0,0.0,0.1,0.1,0.111,0.2,0.111,0.311,0.1394,0.04109,0.00342,0.0286,0.08269,0.01085,0.00685,0.22789,0.0,0.0,0.1236787918946801,0.1179784512562222
808278,Facundo Velásquez,STL,25,S,,floor,Depth (no MLB PA),default,MiLB (MLE),0,1.0,0.2,0.9,0.1,0.1,0.0,0.0,0.0,0.1,0.1,0.0,0.0,0.2,0.0,0.0,0.1,0.1,0.111,0.2,0.111,0.311,0.13525,0.04065,0.00372,0.0286,0.08278,0.01091,0.00705,0.22891,0.0,0.0,0.1080839852839566,0.103102407405954
805785,Ryder Helfrick,ARI,22,R,,floor,Depth (no MLB PA),feed:depth,MiLB (MLE),0,1.0,0.2,0.9,0.1,0.1,0.0,0.0,0.0,0.1,0.1,0.0,0.0,0.2,0.0,0.0,0.1,0.1,0.111,0.2,0.111,0.311,0.13509,0.04198,0.00404,0.02862,0.08278,0.01094,0.00717,0.22897,0.0,0.0,0.1186941273191299,0.1132235292712471
691571,Johan Macias,LAA,25,S,,floor,Depth (no MLB PA),default,MiLB (MLE),0,1.0,0.2,0.9,0.1,0.1,0.0,0.0,0.0,0.1,0.1,0.0,0.0,0.2,0.0,0.0,0.1,0.1,0.111,0.2,0.111,0.311,0.14048,0.04118,0.00343,0.02866,0.08268,0.01085,0.00683,0.22787,0.0,0.0,0.1055838465145773,0.1007174997316602
681317,Jeremiah Boyd,ARI,25,R,,floor,Depth (no MLB PA),default,MiLB (MLE),0,1.0,0.2,0.9,0.1,0.1,0.0,0.0,0.0,0.1,0.1,0.0,0.0,0.2,0.0,0.0,0.1,0.1,0.111,0.2,0.111,0.311,0.14048,0.04117,0.00343,0.02866,0.08272,0.01085,0.00683,0.22787,0.0,0.0,0.1186941273191299,0.1132235292712471
821790,Ronald Ramirez,DET,25,R,,floor,Depth (no MLB PA),default,MiLB (MLE),0,1.0,0.2,0.9,0.1,0.1,0.0,0.0,0.0,0.1,0.1,0.0,0.0,0.2,0.0,0.0,0.1,0.1,0.111,0.2,0.111,0.311,0.13953,0.04161,0.0038,0.02866,0.0827,0.01087,0.00691,0.22797,0.0,0.0,0.1144465288333229,0.1091717020886165
829089,Romeli Espinosa,PHI,25,R,,floor,Depth (no MLB PA),default,MiLB (MLE),0,1.0,0.2,0.9,0.1,0.1,0.0,0.0,0.0,0.1,0.1,0.0,0.0,0.2,0.0,0.0,0.1,0.1,0.111,0.2,0.111,0.311,0.13969,0.04118,0.00343,0.02866,0.08268,0.01085,0.00683,0.22785,0.0,0.0,0.1161846072924148,0.1108296727206394
695494,Kevin Bazzell,WSH,25,R,,floor,Depth (no MLB PA),default,MiLB (MLE),0,1.0,0.2,0.9,0.1,0.1,0.0,0.0,0.0,0.1,0.1,0.0,0.0,0.2,0.0,0.0,0.1,0.1,0.111,0.2,0.111,0.311,0.14045,0.04471,0.00316,0.02866,0.08267,0.01098,0.00734,0.22667,0.0,0.0,0.1117065380027561,0.1065579971057784
814362,Alberto Rios,LAA,25,R,,floor,Depth (no MLB PA),default,MiLB (MLE),0,1.0,0.2,0.9,0.1,0.1,0.0,0.0,0.0,0.1,0.1,0.0,0.0,0.2,0.0,0.0,0.1,0.1,0.111,0.2,0.111,0.311,0.13788,0.04118,0.00574,0.02866,0.08268,0.01085,0.00683,0.22787,0.0,0.0,0.1055838465145773,0.1007174997316602
812430,Heriberto Caraballo,STL,25,R,,floor,Depth (no MLB PA),default,MiLB (MLE),0,1.0,0.2,0.9,0.1,0.1,0.0,0.0,0.0,0.1,0.1,0.0,0.0,0.2,0.0,0.0,0.1,0.1,0.111,0.2,0.111,0.311,0.13788,0.04197,0.00343,0.02866,0.08268,0.01085,0.00683,0.22787,0.0,0.0,0.1080839852839566,0.103102407405954
800643,Ty Hanchey,SF,25,L,,floor,Depth (no MLB PA),default,MiLB (MLE),0,1.0,0.2,0.9,0.1,0.1,0.0,0.0,0.0,0.1,0.1,0.0,0.0,0.2,0.0,0.0,0.1,0.1,0.111,0.2,0.111,0.311,0.13788,0.04118,0.00343,0.02866,0.08268,0.01085,0.00683,0.22787,0.0,0.0,0.1075158000263159,0.1025604097384788
694200,Ariel Almonte,CIN,25,L,,floor,Depth (no MLB PA),default,MiLB (MLE),0,1.0,0.2,0.9,0.1,0.1,0.0,0.0,0.0,0.1,0.1,0.0,0.0,0.2,0.0,0.0,0.1,0.1,0.111,0.2,0.111,0.311,0.13118,0.03864,0.00309,0.02865,0.08268,0.011,0.00741,0.23176,0.0,0.0,0.108761859870781,0.1037490388346277
822518,Vahn Lackey,MIN,22,R,,floor,Depth (no MLB PA),feed:order+depth,MiLB (MLE),0,1.0,0.2,0.9,0.1,0.1,0.0,0.0,0.0,0.1,0.1,0.0,0.0,0.2,0.0,0.0,0.1,0.1,0.111,0.2,0.111,0.311,0.14006,0.04025,0.00329,0.02863,0.08327,0.01092,0.0071,0.22785,0.0,0.0,0.113135896968568,0.1079214770888242
814452,Anthony Martinez,CLE,25,L,,floor,Depth (no MLB PA),default,MiLB (MLE),5,1.0,0.2,0.9,0.1,0.1,0.0,0.0,0.0,0.1,0.1,0.0,0.0,0.2,0.0,0.0,0.1,0.1,0.111,0.2,0.111,0.311,0.13593,0.04482,0.00294,0.02864,0.08277,0.01107,0.00768,0.22869,0.0169,0.00477,0.1100028836523031,0.1053904820395136
808793,Henry Kaczmar,SEA,25,L,,floor,Depth (no MLB PA),default,MiLB (MLE),0,1.0,0.2,0.9,0.1,0.1,0.0,0.0,0.0,0.1,0.1,0.0,0.0,0.2,0.0,0.0,0.1,0.1,0.111,0.2,0.111,0.311,0.14046,0.04193,0.00342,0.02864,0.08269,0.01085,0.00684,0.2278,0.0,0.0,0.1129329803956266,0.1077279129163165
408234,Miguel Cabrera,DET,44,R,1B,floor,Depth (no MLB PA),default,MLB,7,1.0,0.2,0.9,0.1,0.1,0.0,0.0,0.0,0.1,0.1,0.0,0.0,0.2,0.0,0.0,0.1,0.1,0.111,0.2,0.111,0.311,0.14358,0.04221,0.00325,0.02864,0.07461,0.00646,0.00946,0.22256,0.0062,0.00174,0.0832430431765376,0.1110345967546933
642197,Jamie Westbrook,BOS,32,R,2B,floor,Depth (no MLB PA),default,MLB,5,1.0,0.2,0.9,0.1,0.1,0.0,0.0,0.0,0.1,0.1,0.0,0.0,0.2,0.0,0.0,0.1,0.1,0.111,0.2,0.111,0.311,0.12835,0.04209,0.00287,0.02864,0.08239,0.01433,0.01947,0.24373,0.01572,0.00443,0.1091352306482556,0.1123148003547279
702668,Korbyn Dickerson,SEA,25,R,,floor,Depth (no MLB PA),feed:order+depth,MiLB (MLE),5,1.0,0.2,0.9,0.1,0.1,0.0,0.0,0.0,0.1,0.1,0.0,0.0,0.2,0.0,0.0,0.1,0.1,0.111,0.2,0.111,0.311,0.13855,0.04008,0.00304,0.02864,0.08307,0.01102,0.00751,0.23104,0.01816,0.00512,0.1138920715242519,0.1091165969463052
808067,Branny De Oleo,NYM,25,R,,floor,Depth (no MLB PA),default,MiLB (MLE),0,1.0,0.2,0.9,0.1,0.1,0.0,0.0,0.0,0.1,0.1,0.0,0.0,0.2,0.0,0.0,0.1,0.1,0.111,0.2,0.111,0.311,0.1377,0.04112,0.00342,0.02863,0.08268,0.01085,0.00684,0.22789,0.0,0.0,0.1175263398742655,0.1121095650092184
656821,Kevin Padlo,PIT,30,R,1B,floor,Depth (no MLB PA),default,MLB,5,1.0,0.2,0.9,0.1,0.1,0.0,0.0,0.0,0.1,0.1,0.0,0.0,0.2,0.0,0.0,0.1,0.1,0.111,0.2,0.111,0.311,0.14353,0.04219,0.00325,0.02863,0.07294,0.0071,0.00442,0.22889,0.01654,0.00466,0.1027199580642733,0.1052104325192279
824028,Gage Miller,MIA,25,R,,floor,Depth (no MLB PA),default,MiLB (MLE),5,1.0,0.2,0.9,0.1,0.1,0.0,0.0,0.0,0.1,0.1,0.0,0.0,0.2,0.0,0.0,0.1,0.1,0.111,0.2,0.111,0.311,0.12847,0.04124,0.0022,0.02863,0.09199,0.01128,0.00848,0.23116,0.01946,0.00552,0.1083028077561248,0.1037616900274031
699166,Edgardo Ordonez,MIL,25,L,,floor,Depth (no MLB PA),default,MiLB (MLE),0,1.0,0.2,0.9,0.1,0.1,0.0,0.0,0.0,0.1,0.1,0.0,0.0,0.2,0.0,0.0,0.1,0.1,0.111,0.2,0.111,0.311,0.13932,0.04112,0.00342,0.02863,0.08268,0.01085,0.00684,0.22788,0.0,0.0,0.1163092182482693,0.1109485403725308
805763,Drake Logan,CWS,25,R,,floor,Depth (no MLB PA),default,MiLB (MLE),5,1.0,0.2,0.9,0.1,0.1,0.0,0.0,0.0,0.1,0.1,0.0,0.0,0.2,0.0,0.0,0.1,0.1,0.111,0.2,0.111,0.311,0.135,0.04177,0.00302,0.02864,0.08238,0.01102,0.00751,0.23505,0.01736,0.00489,0.1097434769942643,0.1051419522571364
823703,Anthony Donofrio,SEA,25,L,,floor,Depth (no MLB PA),default,MiLB (MLE),0,1.0,0.2,0.9,0.1,0.1,0.0,0.0,0.0,0.1,0.1,0.0,0.0,0.2,0.0,0.0,0.1,0.1,0.111,0.2,0.111,0.311,0.14068,0.04105,0.00342,0.02857,0.08267,0.01085,0.00685,0.22792,0.0,0.0,0.1129329803956266,0.1077279129163165
829768,Malvin Fernandez,ATL,25,S,,floor,Depth (no MLB PA),default,MiLB (MLE),0,1.0,0.2,0.9,0.1,0.1,0.0,0.0,0.0,0.1,0.1,0.0,0.0,0.2,0.0,0.0,0.1,0.1,0.111,0.2,0.111,0.311,0.13745,0.04105,0.00342,0.02857,0.08271,0.01085,0.00685,0.22786,0.0,0.0,0.1163109310194975,0.1109501742023392
816000,Owen Gregg,TOR,25,R,,floor,Depth (no MLB PA),default,MiLB (MLE),0,1.0,0.2,0.9,0.1,0.1,0.0,0.0,0.0,0.1,0.1,0.0,0.0,0.2,0.0,0.0,0.1,0.1,0.111,0.2,0.111,0.311,0.14058,0.04103,0.00342,0.02856,0.08268,0.01086,0.00686,0.22792,0.0,0.0,0.111041150316571,0.1059232770579959
840371,Tyson LeBlanc,DET,25,R,,floor,Depth (no MLB PA),feed:order+depth,MiLB (MLE),0,1.0,0.2,0.9,0.1,0.1,0.0,0.0,0.0,0.1,0.1,0.0,0.0,0.2,0.0,0.0,0.1,0.1,0.111,0.2,0.111,0.311,0.13951,0.04148,0.00342,0.02856,0.08268,0.01086,0.00686,0.2279,0.0,0.0,0.1144465288333229,0.1091717020886165
835318,Aidan Redahan,COL,25,L,,floor,Depth (no MLB PA),default,MiLB (MLE),0,1.0,0.2,0.9,0.1,0.1,0.0,0.0,0.0,0.1,0.1,0.0,0.0,0.2,0.0,0.0,0.1,0.1,0.111,0.2,0.111,0.311,0.14007,0.04146,0.00338,0.02856,0.08273,0.01088,0.00693,0.22786,0.0,0.0,0.1055610191013167,0.1006957244311304
831384,Josh Owens,TEX,25,L,,floor,Depth (no MLB PA),feed:order+depth,MiLB (MLE),0,1.0,0.2,0.9,0.1,0.1,0.0,0.0,0.0,0.1,0.1,0.0,0.0,0.2,0.0,0.0,0.1,0.1,0.111,0.2,0.111,0.311,0.13898,0.04148,0.00342,0.02856,0.08269,0.01086,0.00686,0.2279,0.0,0.0,0.1083739722267322,0.1033790288854258
682616,Diego Cartaya,SF,25,R,,floor,Depth (no MLB PA),default,MiLB (MLE),0,1.0,0.2,0.9,0.1,0.1,0.0,0.0,0.0,0.1,0.1,0.0,0.0,0.2,0.0,0.0,0.1,0.1,0.111,0.2,0.111,0.311,0.13634,0.04018,0.00335,0.02856,0.08282,0.01089,0.00699,0.2285,0.0,0.0,0.1075158000263159,0.1025604097384788
814458,Fenwick Trimble,MIA,25,R,,floor,Depth (no MLB PA),default,MiLB (MLE),5,1.0,0.2,0.9,0.1,0.1,0.0,0.0,0.0,0.1,0.1,0.0,0.0,0.2,0.0,0.0,0.1,0.1,0.111,0.2,0.111,0.311,0.13308,0.044,0.00207,0.02856,0.082,0.01131,0.00861,0.23747,0.02079,0.00589,0.1083028077561248,0.1037616900274031
814829,Maddox Molony,DET,25,R,,floor,Depth (no MLB PA),default,MiLB (MLE),0,1.0,0.2,0.9,0.1,0.1,0.0,0.0,0.0,0.1,0.1,0.0,0.0,0.2,0.0,0.0,0.1,0.1,0.111,0.2,0.111,0.311,0.14005,0.04103,0.00342,0.02856,0.08269,0.01086,0.00686,0.22784,0.0,0.0,0.1144465288333229,0.1091717020886165
833397,James Quinn-Irons,TB,25,R,,floor,Depth (no MLB PA),default,MiLB (MLE),0,1.0,0.2,0.9,0.1,0.1,0.0,0.0,0.0,0.1,0.1,0.0,0.0,0.2,0.0,0.0,0.1,0.1,0.111,0.2,0.111,0.311,0.13916,0.04153,0.00342,0.0286,0.08271,0.01085,0.00685,0.22786,0.0,0.0,0.1101042122391284,0.1050295223438183
806884,Luis Escudero,NYY,21,S,,floor,Depth (no MLB PA),feed:depth,MiLB (MLE),0,1.0,0.2,0.9,0.1,0.1,0.0,0.0,0.0,0.1,0.1,0.0,0.0,0.2,0.0,0.0,0.1,0.1,0.111,0.2,0.111,0.311,0.13486,0.04144,0.00308,0.02855,0.08443,0.01101,0.00745,0.22846,0.0,0.0,0.1236787918946801,0.1179784512562222
813314,Logan Hughes,HOU,22,L,,floor,Depth (no MLB PA),feed:order+depth,MiLB (MLE),0,1.0,0.2,0.9,0.1,0.1,0.0,0.0,0.0,0.1,0.1,0.0,0.0,0.2,0.0,0.0,0.1,0.1,0.111,0.2,0.111,0.311,0.13876,0.04275,0.00367,0.02855,0.08283,0.01093,0.00713,0.22832,0.0,0.0,0.1181433850095948,0.1126981706084979
701331,Blake Cyr,NYY,25,R,,floor,Depth (no MLB PA),default,MiLB (MLE),0,1.0,0.2,0.9,0.1,0.1,0.0,0.0,0.0,0.1,0.1,0.0,0.0,0.2,0.0,0.0,0.1,0.1,0.111,0.2,0.111,0.311,0.13953,0.04146,0.00338,0.02855,0.08273,0.01088,0.00693,0.22808,0.0,0.0,0.1236787918946801,0.1179784512562222
836068,Brayden Corn,SEA,25,R,,floor,Depth (no MLB PA),default,MiLB (MLE),0,1.0,0.2,0.9,0.1,0.1,0.0,0.0,0.0,0.1,0.1,0.0,0.0,0.2,0.0,0.0,0.1,0.1,0.111,0.2,0.111,0.311,0.1382,0.0418,0.00341,0.02854,0.08273,0.01086,0.00686,0.22794,0.0,0.0,0.1129329803956266,0.1077279129163165
828808,Wessley Roberson,MIA,19,L,,floor,Depth (no MLB PA),feed:order+depth,MiLB (MLE),0,1.0,0.2,0.9,0.1,0.1,0.0,0.0,0.0,0.1,0.1,0.0,0.0,0.2,0.0,0.0,0.1,0.1,0.111,0.2,0.111,0.311,0.13889,0.0419,0.00341,0.02854,0.08275,0.01086,0.00686,0.22792,0.0,0.0,0.1073907841118627,0.1024411557924819
828395,Jason Schiavone,HOU,24,R,,floor,Depth (no MLB PA),feed:order+depth,MiLB (MLE),0,1.0,0.2,0.9,0.1,0.1,0.0,0.0,0.0,0.1,0.1,0.0,0.0,0.2,0.0,0.0,0.1,0.1,0.111,0.2,0.111,0.311,0.1347,0.04501,0.00317,0.02854,0.08363,0.01097,0.0073,0.22921,0.0,0.0,0.1181433850095948,0.1126981706084979
806995,Filippo Di Turi,MIL,25,S,,floor,Depth (no MLB PA),default,MiLB (MLE),0,1.0,0.2,0.9,0.1,0.1,0.0,0.0,0.0,0.1,0.1,0.0,0.0,0.2,0.0,0.0,0.1,0.1,0.111,0.2,0.111,0.311,0.13911,0.041,0.00341,0.02854,0.08275,0.01086,0.00686,0.2279,0.0,0.0,0.1163092182482693,0.1109485403725308
808096,Reiner Herrera,CLE,22,L,,floor,Depth (no MLB PA),feed:order+depth,MiLB (MLE),0,1.0,0.2,0.9,0.1,0.1,0.0,0.0,0.0,0.1,0.1,0.0,0.0,0.2,0.0,0.0,0.1,0.1,0.111,0.2,0.111,0.311,0.13795,0.03976,0.00356,0.02854,0.08331,0.01097,0.0073,0.22832,0.0,0.0,0.1090765435794416,0.1040492188090162
821156,Carl Calixte,PIT,25,R,,floor,Depth (no MLB PA),default,MiLB (MLE),0,1.0,0.2,0.9,0.1,0.1,0.0,0.0,0.0,0.1,0.1,0.0,0.0,0.2,0.0,0.0,0.1,0.1,0.111,0.2,0.111,0.311,0.13889,0.04145,0.00341,0.02854,0.08268,0.01086,0.00686,0.22794,0.0,0.0,0.1095421137696742,0.1044933309251943
703766,Dakota Harris,STL,25,R,,floor,Depth (no MLB PA),default,MiLB (MLE),5,1.0,0.2,0.9,0.1,0.1,0.0,0.0,0.0,0.1,0.1,0.0,0.0,0.2,0.0,0.0,0.1,0.1,0.111,0.2,0.111,0.311,0.1326,0.04627,0.00296,0.02855,0.08248,0.01106,0.00763,0.2299,0.0173,0.00488,0.1090018959870051,0.1044314656114096
692232,Fernando Gonzalez,SF,25,R,,floor,Depth (no MLB PA),default,MiLB (MLE),0,1.0,0.2,0.9,0.1,0.1,0.0,0.0,0.0,0.1,0.1,0.0,0.0,0.2,0.0,0.0,0.1,0.1,0.111,0.2,0.111,0.311,0.13994,0.03808,0.00538,0.0286,0.08363,0.01097,0.00729,0.23005,0.0,0.0,0.1075158000263159,0.1025604097384788
805025,Rylan Galvan,CWS,25,R,,floor,Depth (no MLB PA),default,MiLB (MLE),0,1.0,0.2,0.9,0.1,0.1,0.0,0.0,0.0,0.1,0.1,0.0,0.0,0.2,0.0,0.0,0.1,0.1,0.111,0.2,0.111,0.311,0.1372,0.03939,0.004,0.02859,0.08321,0.01092,0.00711,0.22883,0.0,0.0,0.1088193213985232,0.1038038519674695
806227,Alex Sosa,OAK,25,L,,floor,Depth (no MLB PA),default,MiLB (MLE),0,1.0,0.2,0.9,0.1,0.1,0.0,0.0,0.0,0.1,0.1,0.0,0.0,0.2,0.0,0.0,0.1,0.1,0.111,0.2,0.111,0.311,0.13883,0.04151,0.00331,0.02859,0.08287,0.01091,0.00706,0.22792,0.0,0.0,0.112771467234821,0.1075738438776605
828811,Tyler Spangler,PHI,20,L,,floor,Depth (no MLB PA),feed:order+depth,MiLB (MLE),0,1.0,0.2,0.9,0.1,0.1,0.0,0.0,0.0,0.1,0.1,0.0,0.0,0.2,0.0,0.0,0.1,0.1,0.111,0.2,0.111,0.311,0.13813,0.04107,0.00338,0.02859,0.08273,0.01087,0.00692,0.22797,0.0,0.0,0.1161846072924148,0.1108296727206394
687731,Trevor Werner,KC,25,R,,floor,Depth (no MLB PA),default,MiLB (MLE),5,1.0,0.2,0.9,0.1,0.1,0.0,0.0,0.0,0.1,0.1,0.0,0.0,0.2,0.0,0.0,0.1,0.1,0.111,0.2,0.111,0.311,0.12767,0.04354,0.00364,0.02859,0.08293,0.01105,0.00759,0.23251,0.01666,0.0047,0.1126208892977148,0.1078987151675124
822904,Rashawn Galloway,HOU,25,R,,floor,Depth (no MLB PA),default,MiLB (MLE),0,1.0,0.2,0.9,0.1,0.1,0.0,0.0,0.0,0.1,0.1,0.0,0.0,0.2,0.0,0.0,0.1,0.1,0.111,0.2,0.111,0.311,0.13855,0.04151,0.00342,0.02858,0.08272,0.01085,0.00685,0.22777,0.0,0.0,0.1181433850095948,0.1126981706084979
814456,Jo Oyama,SEA,25,L,,floor,Depth (no MLB PA),default,MiLB (MLE),0,1.0,0.2,0.9,0.1,0.1,0.0,0.0,0.0,0.1,0.1,0.0,0.0,0.2,0.0,0.0,0.1,0.1,0.111,0.2,0.111,0.311,0.13836,0.04105,0.0049,0.02858,0.08277,0.01086,0.00685,0.2278,0.0,0.0,0.1129329803956266,0.1077279129163165
802541,Bryan Broecker,TB,25,R,,floor,Depth (no MLB PA),default,MiLB (MLE),0,1.0,0.2,0.9,0.1,0.1,0.0,0.0,0.0,0.1,0.1,0.0,0.0,0.2,0.0,0.0,0.1,0.1,0.111,0.2,0.111,0.311,0.13747,0.04105,0.00342,0.02858,0.08276,0.01085,0.00685,0.22789,0.0,0.0,0.1101042122391284,0.1050295223438183
801592,Zander Darby,SF,25,L,,floor,Depth (no MLB PA),default,MiLB (MLE),0,1.0,0.2,0.9,0.1,0.1,0.0,0.0,0.0,0.1,0.1,0.0,0.0,0.2,0.0,0.0,0.1,0.1,0.111,0.2,0.111,0.311,0.13747,0.04106,0.00342,0.02858,0.08273,0.01085,0.00685,0.22789,0.0,0.0,0.1075158000263159,0.1025604097384788
808380,Yosneiker Rivas,SF,25,L,,floor,Depth (no MLB PA),default,MiLB (MLE),0,1.0,0.2,0.9,0.1,0.1,0.0,0.0,0.0,0.1,0.1,0.0,0.0,0.2,0.0,0.0,0.1,0.1,0.111,0.2,0.111,0.311,0.14121,0.04105,0.00338,0.02857,0.08263,0.01087,0.00693,0.22797,0.0,0.0,0.1075158000263159,0.1025604097384788
800197,Richard Ramirez,PIT,25,R,,floor,Depth (no MLB PA),default,MiLB (MLE),0,1.0,0.2,0.9,0.1,0.1,0.0,0.0,0.0,0.1,0.1,0.0,0.0,0.2,0.0,0.0,0.1,0.1,0.111,0.2,0.111,0.311,0.1391,0.041,0.00335,0.02858,0.08259,0.01089,0.00699,0.22797,0.0,0.0,0.1095421137696742,0.1044933309251943
804751,Logan Poteet,CHC,25,R,,floor,Depth (no MLB PA),default,MiLB (MLE),5,1.0,0.2,0.9,0.1,0.1,0.0,0.0,0.0,0.1,0.1,0.0,0.0,0.2,0.0,0.0,0.1,0.1,0.111,0.2,0.111,0.311,0.13156,0.04429,0.00296,0.02858,0.08309,0.01105,0.00759,0.23502,0.01677,0.00473,0.1223269824307857,0.117197833518337
815966,Irvin Nunez,MIN,25,R,,floor,Depth (no MLB PA),default,MiLB (MLE),0,1.0,0.2,0.9,0.1,0.1,0.0,0.0,0.0,0.1,0.1,0.0,0.0,0.2,0.0,0.0,0.1,0.1,0.111,0.2,0.111,0.311,0.1424,0.04093,0.00328,0.02858,0.08274,0.01092,0.00712,0.22837,0.0,0.0,0.113135896968568,0.1079214770888242
695467,Juan Montero,BOS,25,R,,floor,Depth (no MLB PA),default,MiLB (MLE),0,1.0,0.2,0.9,0.1,0.1,0.0,0.0,0.0,0.1,0.1,0.0,0.0,0.2,0.0,0.0,0.1,0.1,0.111,0.2,0.111,0.311,0.14008,0.04106,0.00342,0.02858,0.08267,0.01085,0.00685,0.22789,0.0,0.0,0.1130247042829025,0.1078154092606633
826163,Carter Dorighi,SEA,25,L,,floor,Depth (no MLB PA),default,MiLB (MLE),0,1.0,0.2,0.9,0.1,0.1,0.0,0.0,0.0,0.1,0.1,0.0,0.0,0.2,0.0,0.0,0.1,0.1,0.111,0.2,0.111,0.311,0.13907,0.04105,0.00342,0.02858,0.0827,0.01085,0.00685,0.22784,0.0,0.0,0.1129329803956266,0.1077279129163165
702610,Ike Irish,BAL,24,L,,floor,Depth (no MLB PA),feed:order+depth,MiLB (MLE),5,1.0,0.2,0.9,0.1,0.1,0.0,0.0,0.0,0.1,0.1,0.0,0.0,0.2,0.0,0.0,0.1,0.1,0.111,0.2,0.111,0.311,0.13416,0.04274,0.00311,0.02857,0.0847,0.01119,0.00814,0.23553,0.01904,0.00539,0.1145364810565329,0.109733986499952
681400,Danny Serretti,ARI,25,S,,floor,Depth (no MLB PA),feed:depth,MiLB (MLE),5,1.0,0.2,0.9,0.1,0.1,0.0,0.0,0.0,0.1,0.1,0.0,0.0,0.2,0.0,0.0,0.1,0.1,0.111,0.2,0.111,0.311,0.14662,0.04035,0.00416,0.02857,0.08843,0.01122,0.00824,0.23387,0.01727,0.00488,0.1197021453855344,0.1146830554298953
703191,Yilber Herrera,MIN,25,S,,floor,Depth (no MLB PA),default,MiLB (MLE),0,1.0,0.2,0.9,0.1,0.1,0.0,0.0,0.0,0.1,0.1,0.0,0.0,0.2,0.0,0.0,0.1,0.1,0.111,0.2,0.111,0.311,0.13926,0.04105,0.00416,0.02857,0.08271,0.01085,0.00685,0.2279,0.0,0.0,0.113135896968568,0.1079214770888242
814842,Neurelin Montero,TEX,25,R,,floor,Depth (no MLB PA),default,MiLB (MLE),0,1.0,0.2,0.9,0.1,0.1,0.0,0.0,0.0,0.1,0.1,0.0,0.0,0.2,0.0,0.0,0.1,0.1,0.111,0.2,0.111,0.311,0.13834,0.04184,0.00342,0.02857,0.08271,0.01085,0.00685,0.22792,0.0,0.0,0.1083739722267322,0.1033790288854258
807999,David Guzman,TOR,25,L,,floor,Depth (no MLB PA),default,MiLB (MLE),0,1.0,0.2,0.9,0.1,0.1,0.0,0.0,0.0,0.1,0.1,0.0,0.0,0.2,0.0,0.0,0.1,0.1,0.111,0.2,0.111,0.311,0.13746,0.04253,0.00342,0.02858,0.08267,0.01085,0.00685,0.22784,0.0,0.0,0.111041150316571,0.1059232770579959
668752,Duke Ellis,NYY,29,L,CF,floor,Depth (no MLB PA),default,MLB,0,1.0,0.2,0.9,0.1,0.1,0.0,0.0,0.0,0.1,0.1,0.0,0.0,0.2,0.0,0.0,0.1,0.1,0.111,0.2,0.111,0.311,0.14655,0.03208,0.00231,0.03193,0.08021,0.01019,0.00635,0.2331,0.0,0.0,0.1236787918946801,0.1179784512562222
692390,Jose Cordoba,STL,25,R,,floor,Depth (no MLB PA),default,MiLB (MLE),0,1.0,0.2,0.9,0.1,0.1,0.0,0.0,0.0,0.1,0.1,0.0,0.0,0.2,0.0,0.0,0.1,0.1,0.111,0.2,0.111,0.311,0.13726,0.04056,0.00326,0.03187,0.08252,0.01093,0.00716,0.2279,0.0,0.0,0.1080839852839566,0.103102407405954
690970,Corey Collins,NYM,25,L,,floor,Depth (no MLB PA),default,MiLB (MLE),5,1.0,0.2,0.9,0.1,0.1,0.0,0.0,0.0,0.1,0.1,0.0,0.0,0.2,0.0,0.0,0.1,0.1,0.111,0.2,0.111,0.311,0.12935,0.03758,0.00375,0.03185,0.08662,0.01116,0.00802,0.23651,0.01648,0.00465,0.1185244404252146,0.1135547314319469
682774,Andrick Nava,MIL,25,S,,floor,Depth (no MLB PA),default,MiLB (MLE),5,1.0,0.2,0.9,0.1,0.1,0.0,0.0,0.0,0.1,0.1,0.0,0.0,0.2,0.0,0.0,0.1,0.1,0.111,0.2,0.111,0.311,0.14397,0.03933,0.00293,0.03182,0.08215,0.01108,0.00771,0.22507,0.01775,0.00501,0.1172969823098257,0.1123787404199927
542364,Rafael Ortega,NYM,36,L,CF,floor,Depth (no MLB PA),default,MLB,6,1.0,0.2,0.9,0.1,0.1,0.0,0.0,0.0,0.1,0.1,0.0,0.0,0.2,0.0,0.0,0.1,0.1,0.111,0.2,0.111,0.311,0.14064,0.0306,0.002,0.0318,0.11202,0.00625,0.01384,0.22101,0.02961,0.00857,0.1122967088625213,0.0999764051867424
542194,Christian Bethancourt,CHC,35,R,C,floor,Depth (no MLB PA),default,MLB,5,1.0,0.2,1.0,0.1,0.1,0.0,0.0,0.0,0.1,0.0,0.0,0.0,0.3,0.0,0.0,0.1,0.1,0.1,0.1,0.1,0.2,0.12882,0.04849,0.00317,0.03176,0.04509,0.00422,0.00388,0.25409,0.01167,0.00323,0.1263938180747566,0.1125193629622122
806230,Sammy Stafura,NYM,23,R,,floor,Depth (no MLB PA),feed:depth,MiLB (MLE),5,1.0,0.2,0.9,0.1,0.1,0.0,0.0,0.0,0.1,0.1,0.0,0.0,0.2,0.0,0.0,0.1,0.1,0.111,0.2,0.111,0.311,0.13256,0.04071,0.00319,0.03171,0.08277,0.01117,0.00805,0.24125,0.018,0.00506,0.1185244404252146,0.1135547314319469
702593,Jace LaViolette,CLE,25,L,,floor,Depth (no MLB PA),feed:order+depth,MiLB (MLE),5,1.0,0.2,0.9,0.1,0.1,0.0,0.0,0.0,0.1,0.1,0.0,0.0,0.2,0.0,0.0,0.1,0.1,0.111,0.2,0.111,0.311,0.12285,0.03719,0.00398,0.03171,0.0837,0.0111,0.00782,0.24147,0.01667,0.00469,0.1100028836523031,0.1053904820395136
829769,Yostin Pena,NYY,20,R,,floor,Depth (no MLB PA),feed:depth,MiLB (MLE),0,1.0,0.2,0.9,0.1,0.1,0.0,0.0,0.0,0.1,0.1,0.0,0.0,0.2,0.0,0.0,0.1,0.1,0.111,0.2,0.111,0.311,0.14245,0.03909,0.00404,0.02897,0.08262,0.01094,0.00717,0.22791,0.0,0.0,0.1236787918946801,0.1179784512562222
695735,Creed Willems,BAL,25,L,,floor,Depth (no MLB PA),default,MiLB (MLE),5,1.0,0.2,0.9,0.1,0.1,0.0,0.0,0.0,0.1,0.1,0.0,0.0,0.2,0.0,0.0,0.1,0.1,0.111,0.2,0.111,0.311,0.14863,0.02253,0.0015,0.03163,0.09038,0.01142,0.00902,0.24421,0.01253,0.00353,0.1145364810565329,0.109733986499952
814522,Caden Kendle,MIN,25,R,,floor,Depth (no MLB PA),default,MiLB (MLE),5,1.0,0.2,0.9,0.2,0.2,0.0,0.0,0.0,0.2,0.1,0.0,0.0,0.2,0.0,0.0,0.1,0.1,0.222,0.3,0.222,0.522,0.15103,0.04765,0.00256,0.0316,0.08086,0.01119,0.00813,0.23531,0.01939,0.00546,0.1140967113801906,0.1093126562889861
686638,Hunter Fitz-Gerald,SEA,25,L,,floor,Depth (no MLB PA),default,MiLB (MLE),5,1.0,0.2,0.9,0.1,0.1,0.0,0.0,0.0,0.1,0.1,0.0,0.0,0.3,0.0,0.0,0.1,0.1,0.111,0.2,0.111,0.311,0.12929,0.04743,0.00374,0.03157,0.07648,0.01138,0.0089,0.28001,0.01745,0.00493,0.1138920715242519,0.1091165969463052
691024,Cayden Wallace,WSH,25,R,,floor,Depth (no MLB PA),default,MiLB (MLE),5,1.0,0.2,0.9,0.1,0.1,0.0,0.0,0.0,0.1,0.1,0.0,0.0,0.2,0.0,0.0,0.1,0.1,0.111,0.2,0.111,0.311,0.1463,0.04527,0.00344,0.03155,0.07898,0.01132,0.00865,0.22722,0.0212,0.00602,0.1126552134847328,0.1079316001473905
701337,Ethan Petry,WSH,25,R,,floor,Depth (no MLB PA),default,MiLB (MLE),5,1.0,0.2,0.9,0.1,0.1,0.0,0.0,0.0,0.1,0.1,0.0,0.0,0.3,0.0,0.0,0.1,0.1,0.111,0.2,0.111,0.311,0.12256,0.04138,0.00221,0.03155,0.07908,0.01125,0.0084,0.26182,0.01511,0.00425,0.1126552134847328,0.1079316001473905
680996,Luke Mann,OAK,25,L,,floor,Depth (no MLB PA),default,MiLB (MLE),5,1.0,0.2,0.9,0.1,0.1,0.0,0.0,0.0,0.1,0.1,0.0,0.0,0.2,0.0,0.0,0.1,0.1,0.111,0.2,0.111,0.311,0.14274,0.03856,0.00271,0.03153,0.08406,0.01114,0.00795,0.23165,0.01694,0.00477,0.1137291867017833,0.1089605418558665
803175,Ethan Anderson,BAL,24,S,,floor,Depth (no MLB PA),feed:order+depth,MiLB (MLE),0,1.0,0.2,0.9,0.1,0.1,0.0,0.0,0.0,0.1,0.1,0.0,0.0,0.2,0.0,0.0,0.1,0.1,0.111,0.2,0.111,0.311,0.13897,0.04398,0.00327,0.03151,0.08294,0.01093,0.00714,0.22765,0.0,0.0,0.11357196332132,0.1083374451958416
605119,Brian Anderson,MIL,34,R,RF,floor,Depth (no MLB PA),default,MLB,5,1.0,0.2,0.9,0.1,0.1,0.0,0.0,0.0,0.1,0.1,0.0,0.0,0.3,0.0,0.0,0.1,0.1,0.111,0.2,0.111,0.311,0.12713,0.03396,0.00206,0.03146,0.09236,0.01387,0.00536,0.27582,0.00985,0.00286,0.118469952132924,0.1045898092262613
694310,Bryson Ware,PHI,25,R,,floor,Depth (no MLB PA),default,MiLB (MLE),5,1.0,0.2,0.9,0.1,0.1,0.0,0.0,0.0,0.1,0.1,0.0,0.0,0.3,0.0,0.0,0.1,0.1,0.111,0.2,0.111,0.311,0.12912,0.03814,0.00406,0.03145,0.08306,0.01127,0.00847,0.25587,0.01844,0.00522,0.1171713130868302,0.1122583404854701
677551,Wander Franco,TB,26,S,SS,floor,Bench Bat,feed:order+depth,MLB,2,1.0,0.2,0.9,0.2,0.2,0.0,0.0,0.0,0.2,0.1,0.0,0.0,0.1,0.0,0.0,0.1,0.1,0.222,0.3,0.222,0.522,0.15874,0.04666,0.00359,0.03166,0.0806,0.00413,0.00914,0.1467,0.03709,0.01042,0.1148866935032307,0.0991658691442468
681433,Noah Cardenas,MIN,25,R,,floor,Depth (no MLB PA),default,MiLB (MLE),5,1.0,0.2,0.9,0.1,0.1,0.0,0.0,0.0,0.1,0.1,0.0,0.0,0.2,0.0,0.0,0.1,0.1,0.111,0.2,0.111,0.311,0.1182,0.02863,0.00189,0.0329,0.09406,0.01133,0.0087,0.24895,0.01533,0.00433,0.1140967113801906,0.1093126562889861
682989,Victor Mederos,ATL,26,R,P,floor,Depth (no MLB PA),default,MLB,0,1.0,0.2,0.9,0.1,0.1,0.0,0.0,0.0,0.1,0.1,0.0,0.0,0.2,0.0,0.0,0.1,0.1,0.111,0.2,0.111,0.311,0.13353,0.04454,0.00338,0.03286,0.08199,0.01069,0.00667,0.22585,0.0,0.0,0.1163109310194975,0.1109501742023392
691792,Roc Riggio,COL,25,L,,floor,Depth (no MLB PA),feed:order+depth,MiLB (MLE),5,1.0,0.2,0.9,0.1,0.1,0.0,0.0,0.0,0.1,0.1,0.0,0.0,0.2,0.0,0.0,0.1,0.1,0.111,0.2,0.111,0.311,0.14472,0.03789,0.00266,0.03284,0.08248,0.01115,0.00799,0.23841,0.01723,0.00485,0.1064575033399691,0.1019937589016792
694224,Gabriel Gonzalez,MIN,23,R,LF,floor,Depth (no MLB PA),default,MLB,0,1.0,0.2,0.9,0.1,0.1,0.0,0.0,0.0,0.1,0.1,0.0,0.0,0.2,0.0,0.0,0.1,0.1,0.111,0.2,0.111,0.311,0.13389,0.038,0.00276,0.03279,0.09085,0.02016,0.00594,0.22428,0.0,0.0,0.113135896968568,0.1079214770888242
703156,Tony Blanco Jr.,PIT,22,R,,floor,Depth (no MLB PA),feed:order+depth,MiLB (MLE),5,1.0,0.2,0.9,0.1,0.1,0.0,0.0,0.0,0.1,0.1,0.0,0.0,0.2,0.0,0.0,0.1,0.1,0.111,0.2,0.111,0.311,0.12488,0.04092,0.0031,0.03279,0.08275,0.01118,0.00813,0.2444,0.01566,0.00441,0.1104724077295015,0.1058403190545277
814436,Ryan Galanie,CWS,25,R,,floor,Depth (no MLB PA),default,MiLB (MLE),5,1.0,0.2,0.9,0.1,0.1,0.0,0.0,0.0,0.1,0.1,0.0,0.0,0.3,0.0,0.0,0.1,0.1,0.111,0.2,0.111,0.311,0.1378,0.04554,0.00592,0.03271,0.07628,0.0114,0.00898,0.25029,0.01914,0.00541,0.1097434769942643,0.1051419522571364
703477,Brooks Brannon,BOS,25,R,,floor,Depth (no MLB PA),feed:order+depth,MiLB (MLE),5,1.0,0.2,0.9,0.1,0.1,0.0,0.0,0.0,0.1,0.1,0.0,0.0,0.3,0.0,0.0,0.1,0.1,0.111,0.2,0.111,0.311,0.12369,0.04881,0.00364,0.0327,0.08303,0.01132,0.00866,0.2615,0.01461,0.00412,0.1139845743829696,0.1092052211763855
660636,Diego Castillo,PIT,29,R,3B,floor,Depth (no MLB PA),default,MLB,5,1.0,0.2,0.9,0.2,0.1,0.1,0.0,0.0,0.3,0.1,0.0,0.0,0.2,0.0,0.0,0.1,0.1,0.222,0.3,0.333,0.633,0.12456,0.0507,0.00303,0.03267,0.0672,0.01013,0.01194,0.24828,0.0129,0.00366,0.1097940683837941,0.1084373896923791
702140,Ruben Ibarra,CIN,25,R,,floor,Depth (no MLB PA),default,MiLB (MLE),5,1.0,0.2,0.9,0.1,0.1,0.0,0.0,0.0,0.1,0.1,0.0,0.0,0.3,0.0,0.0,0.1,0.1,0.111,0.2,0.111,0.311,0.12034,0.03793,0.00182,0.03264,0.08674,0.01135,0.00876,0.25543,0.01358,0.00383,0.1096855274705329,0.1050864325467684
801590,Aaron Parker,TOR,25,R,,floor,Depth (no MLB PA),default,MiLB (MLE),5,1.0,0.2,0.9,0.1,0.1,0.0,0.0,0.0,0.1,0.1,0.0,0.0,0.3,0.0,0.0,0.1,0.1,0.111,0.2,0.111,0.311,0.13364,0.03179,0.002,0.03194,0.0869,0.0113,0.00858,0.2652,0.01863,0.00526,0.1119841749477096,0.1072886981384986
663630,Ryan McKenna,BAL,30,R,RF,floor,Depth (no MLB PA),default,MLB,2,1.0,0.2,0.9,0.1,0.1,0.0,0.0,0.0,0.1,0.1,0.0,0.0,0.3,0.0,0.0,0.1,0.1,0.111,0.2,0.111,0.311,0.12424,0.03924,0.00311,0.0324,0.07051,0.01403,0.00853,0.27925,0.01721,0.00479,0.1258193291465756,0.101093515122003
682003,Garrett Martin,NYY,25,R,,floor,Depth (no MLB PA),default,MiLB (MLE),0,1.0,0.2,0.9,0.1,0.1,0.0,0.0,0.0,0.1,0.1,0.0,0.0,0.2,0.0,0.0,0.1,0.1,0.111,0.2,0.111,0.311,0.13616,0.04235,0.00315,0.03239,0.08198,0.01098,0.00735,0.22993,0.0,0.0,0.1236787918946801,0.1179784512562222
808864,Raider Tello,PHI,25,R,,floor,Depth (no MLB PA),default,MiLB (MLE),0,1.0,0.2,0.9,0.1,0.1,0.0,0.0,0.0,0.1,0.1,0.0,0.0,0.2,0.0,0.0,0.1,0.1,0.111,0.2,0.111,0.311,0.13954,0.04017,0.00334,0.03219,0.08268,0.01089,0.007,0.2276,0.0,0.0,0.1161846072924148,0.1108296727206394
699073,Thayron Liranzo,DET,25,S,,floor,Depth (no MLB PA),default,MiLB (MLE),5,1.0,0.2,0.9,0.1,0.1,0.0,0.0,0.0,0.1,0.1,0.0,0.0,0.3,0.0,0.0,0.1,0.1,0.111,0.2,0.111,0.311,0.10816,0.03701,0.00294,0.03218,0.09053,0.0113,0.00857,0.25657,0.01466,0.00415,0.1154184738764934,0.1105789975157071
571745,Mitch Haniger,SEA,36,R,RF,floor,Depth (no MLB PA),default,MLB,5,1.0,0.2,0.9,0.1,0.1,0.0,0.0,0.0,0.1,0.1,0.0,0.0,0.3,0.0,0.0,0.1,0.1,0.111,0.2,0.111,0.311,0.12739,0.03635,0.00109,0.03216,0.08236,0.00582,0.00453,0.28135,0.00519,0.00146,0.1123635200380054,0.1154705756734477
814450,Wehiwa Aloy,BAL,23,R,,floor,Depth (no MLB PA),feed:order+depth,MiLB (MLE),5,1.0,0.2,0.9,0.1,0.1,0.0,0.0,0.0,0.1,0.1,0.0,0.0,0.2,0.0,0.0,0.1,0.1,0.111,0.2,0.111,0.311,0.13464,0.03918,0.00266,0.03213,0.08222,0.01115,0.00799,0.2381,0.018,0.00507,0.1145364810565329,0.109733986499952
686759,TJ Hopkins,CIN,30,R,RF,floor,Depth (no MLB PA),default,MLB,2,1.0,0.2,0.9,0.1,0.1,0.0,0.0,0.0,0.1,0.1,0.0,0.0,0.3,0.0,0.0,0.1,0.1,0.111,0.2,0.111,0.311,0.12637,0.04437,0.00262,0.03207,0.07547,0.01478,0.00435,0.25872,0.01669,0.00469,0.1129279856071618,0.0963308334241206
703177,Jhonny Severino,PIT,23,R,,floor,Depth (no MLB PA),feed:order+depth,MiLB (MLE),5,1.0,0.2,0.9,0.1,0.1,0.0,0.0,0.0,0.1,0.1,0.0,0.0,0.2,0.0,0.0,0.1,0.1,0.111,0.2,0.111,0.311,0.12849,0.04037,0.00231,0.03206,0.07899,0.01125,0.00839,0.23954,0.01719,0.00484,0.1104724077295015,0.1058403190545277
813668,Jack Gurevitch,STL,25,L,,floor,Depth (no MLB PA),default,MiLB (MLE),5,1.0,0.2,0.9,0.1,0.1,0.0,0.0,0.0,0.1,0.1,0.0,0.0,0.2,0.0,0.0,0.1,0.1,0.111,0.2,0.111,0.311,0.13685,0.03895,0.00272,0.03204,0.0797,0.01112,0.00789,0.24467,0.01675,0.00473,0.1090018959870051,0.1044314656114096
691789,Izaac Pacheco,DET,25,L,,floor,Depth (no MLB PA),default,MiLB (MLE),5,1.0,0.2,0.9,0.1,0.1,0.0,0.0,0.0,0.1,0.1,0.0,0.0,0.3,0.0,0.0,0.1,0.1,0.111,0.2,0.111,0.311,0.11678,0.03544,0.00371,0.03262,0.09009,0.01131,0.00862,0.27463,0.01517,0.00426,0.1154184738764934,0.1105789975157071
809686,Cam Maldonado,SF,24,R,,floor,Depth (no MLB PA),feed:order+depth,MiLB (MLE),0,1.0,0.2,0.9,0.1,0.1,0.0,0.0,0.0,0.1,0.1,0.0,0.0,0.2,0.0,0.0,0.1,0.1,0.111,0.2,0.111,0.311,0.13573,0.04098,0.00386,0.03092,0.0827,0.01097,0.00731,0.2292,0.0,0.0,0.1075158000263159,0.1025604097384788
696145,Lonnie White Jr.,PIT,25,R,,floor,Depth (no MLB PA),feed:order+depth,MiLB (MLE),5,1.0,0.2,0.9,0.1,0.1,0.0,0.0,0.0,0.1,0.1,0.0,0.0,0.3,0.0,0.0,0.1,0.1,0.111,0.2,0.111,0.311,0.12705,0.03825,0.00369,0.03089,0.08944,0.01131,0.00863,0.26835,0.01774,0.00499,0.1104724077295015,0.1058403190545277
809945,Jonah Advincula,CLE,25,L,,floor,Depth (no MLB PA),default,MiLB (MLE),0,1.0,0.2,0.9,0.1,0.1,0.0,0.0,0.0,0.1,0.1,0.0,0.0,0.2,0.0,0.0,0.1,0.1,0.111,0.2,0.111,0.311,0.13643,0.04359,0.00328,0.03088,0.08282,0.01093,0.00713,0.22761,0.0,0.0,0.1090765435794416,0.1040492188090162
683454,Brayan Buelvas,OAK,25,R,,floor,Depth (no MLB PA),default,MiLB (MLE),5,1.0,0.2,0.9,0.1,0.1,0.0,0.0,0.0,0.1,0.1,0.0,0.0,0.3,0.0,0.0,0.1,0.1,0.111,0.2,0.111,0.311,0.12992,0.04708,0.006,0.03087,0.08209,0.0114,0.00897,0.25694,0.01442,0.00404,0.1137291867017833,0.1089605418558665
668751,Cal Mitchell,PIT,28,L,RF,floor,Depth (no MLB PA),default,MLB,6,1.0,0.2,0.9,0.1,0.1,0.0,0.0,0.0,0.1,0.1,0.0,0.0,0.2,0.0,0.0,0.1,0.1,0.111,0.2,0.111,0.311,0.14418,0.03952,0.00253,0.03086,0.08063,0.00273,0.00478,0.22799,0.01649,0.00465,0.1067318507660289,0.0972350999261244
602074,Yonathan Daza,COL,33,R,CF,floor,Depth (no MLB PA),default,MLB,2,1.0,0.2,0.9,0.2,0.2,0.0,0.0,0.0,0.2,0.1,0.0,0.0,0.2,0.0,0.0,0.1,0.1,0.222,0.3,0.222,0.522,0.15461,0.04545,0.0035,0.03084,0.06533,0.01005,0.01128,0.17365,0.01085,0.00314,0.1122846508912095,0.0883130358847445
806154,David McCann,NYY,25,L,,floor,Depth (no MLB PA),default,MiLB (MLE),0,1.0,0.2,0.9,0.1,0.1,0.0,0.0,0.0,0.1,0.1,0.0,0.0,0.2,0.0,0.0,0.1,0.1,0.111,0.2,0.111,0.311,0.13619,0.03865,0.00316,0.03082,0.08214,0.01098,0.00733,0.22967,0.0,0.0,0.1236787918946801,0.1179784512562222
687394,Jack Brannigan,PIT,26,R,3B,floor,Depth (no MLB PA),default,MLB,0,1.0,0.2,0.9,0.1,0.1,0.0,0.0,0.0,0.1,0.1,0.0,0.0,0.2,0.0,0.0,0.1,0.1,0.111,0.2,0.111,0.311,0.13868,0.03982,0.00242,0.0308,0.08198,0.01069,0.00666,0.23441,0.0,0.0,0.1095421137696742,0.1044933309251943
801954,Beau Ankeney,DET,25,R,,floor,Depth (no MLB PA),default,MiLB (MLE),0,1.0,0.2,0.9,0.1,0.1,0.0,0.0,0.0,0.1,0.1,0.0,0.0,0.2,0.0,0.0,0.1,0.1,0.111,0.2,0.111,0.311,0.13432,0.04152,0.00377,0.03079,0.08326,0.011,0.00743,0.22991,0.0,0.0,0.1144465288333229,0.1091717020886165
702556,Austin Overn,TB,24,L,,floor,Depth (no MLB PA),feed:order+depth,MiLB (MLE),5,1.0,0.2,0.9,0.1,0.1,0.0,0.0,0.0,0.1,0.1,0.0,0.0,0.3,0.0,0.0,0.1,0.1,0.111,0.2,0.111,0.311,0.144,0.03494,0.00711,0.03144,0.08401,0.01126,0.00841,0.25601,0.02773,0.00768,0.1110392798589936,0.1063834223350814
656448,Stone Garrett,WSH,31,R,LF,floor,Depth (no MLB PA),default,MLB,3,1.0,0.2,0.9,0.1,0.1,0.0,0.0,0.0,0.1,0.1,0.0,0.0,0.3,0.0,0.0,0.1,0.1,0.111,0.2,0.111,0.311,0.12262,0.03885,0.00267,0.03072,0.08285,0.01073,0.01449,0.2785,0.01651,0.00467,0.1300574793572429,0.1242468420301356
677601,Keyber Rodriguez,TEX,25,R,,floor,Depth (no MLB PA),default,MiLB (MLE),5,1.0,0.2,0.9,0.1,0.1,0.0,0.0,0.0,0.1,0.1,0.0,0.0,0.2,0.0,0.0,0.1,0.1,0.111,0.2,0.111,0.311,0.13181,0.03527,0.00538,0.0307,0.08016,0.01138,0.00886,0.23983,0.0185,0.00519,0.1092943456639019,0.1047116529246611
824615,Connor Hujsak,TB,25,R,,floor,Depth (no MLB PA),default,MiLB (MLE),0,1.0,0.2,0.9,0.1,0.1,0.0,0.0,0.0,0.1,0.1,0.0,0.0,0.2,0.0,0.0,0.1,0.1,0.111,0.2,0.111,0.311,0.13767,0.04511,0.00533,0.03068,0.08197,0.01097,0.00729,0.22924,0.0,0.0,0.1101042122391284,0.1050295223438183
702563,Mason Neville,CIN,25,L,,floor,Depth (no MLB PA),default,MiLB (MLE),5,1.0,0.2,0.9,0.1,0.1,0.0,0.0,0.0,0.1,0.1,0.0,0.0,0.2,0.0,0.0,0.1,0.1,0.111,0.2,0.111,0.311,0.12581,0.03978,0.003,0.03068,0.08342,0.01103,0.00752,0.23581,0.01653,0.00466,0.1096855274705329,0.1050864325467684
834962,Anthony DePino,CWS,25,R,,floor,Depth (no MLB PA),default,MiLB (MLE),5,1.0,0.2,0.9,0.1,0.1,0.0,0.0,0.0,0.1,0.1,0.0,0.0,0.3,0.0,0.0,0.1,0.1,0.111,0.2,0.111,0.311,0.13168,0.0363,0.00366,0.03065,0.08665,0.01132,0.00865,0.25271,0.01506,0.00425,0.1097434769942643,0.1051419522571364
676205,Tyler Hardman,NYY,25,R,,floor,Depth (no MLB PA),default,MiLB (MLE),5,1.0,0.2,0.9,0.1,0.1,0.0,0.0,0.0,0.1,0.1,0.0,0.0,0.2,0.0,0.0,0.1,0.1,0.111,0.2,0.111,0.311,0.12386,0.03506,0.00167,0.03061,0.08292,0.01139,0.0089,0.24609,0.01631,0.00457,0.1247291425689449,0.1194992715033348
802991,E.J. Exposito,DET,25,R,,floor,Depth (no MLB PA),default,MiLB (MLE),5,1.0,0.2,0.9,0.1,0.1,0.0,0.0,0.0,0.1,0.1,0.0,0.0,0.3,0.0,0.0,0.1,0.1,0.111,0.2,0.111,0.311,0.12334,0.03466,0.00255,0.0306,0.08578,0.01135,0.00879,0.25714,0.01968,0.00557,0.1154184738764934,0.1105789975157071
696513,Andy Garriola,CHC,25,R,,floor,Depth (no MLB PA),default,MiLB (MLE),5,1.0,0.2,0.9,0.1,0.1,0.0,0.0,0.0,0.1,0.1,0.0,0.0,0.3,0.0,0.0,0.1,0.1,0.111,0.2,0.111,0.311,0.1374,0.03644,0.00263,0.03057,0.07558,0.01135,0.00877,0.25002,0.01417,0.004,0.1223269824307857,0.117197833518337
701689,Vance Honeycutt,BAL,25,R,,floor,Depth (no MLB PA),default,MiLB (MLE),5,1.0,0.2,0.9,0.1,0.1,0.0,0.0,0.0,0.1,0.1,0.0,0.0,0.2,0.0,0.0,0.1,0.1,0.111,0.2,0.111,0.311,0.13239,0.04534,0.00424,0.03056,0.08298,0.01104,0.00756,0.23065,0.01798,0.00506,0.1145364810565329,0.109733986499952
670868,Abrahan Gutierrez,NYY,25,R,,floor,Depth (no MLB PA),default,MiLB (MLE),5,1.0,0.2,0.9,0.1,0.1,0.0,0.0,0.0,0.1,0.1,0.0,0.0,0.2,0.0,0.0,0.1,0.1,0.111,0.2,0.111,0.311,0.13874,0.03819,0.003,0.03078,0.08267,0.01105,0.00759,0.22663,0.01717,0.00484,0.1247291425689449,0.1194992715033348
683079,Omar Martinez,LAA,25,L,C,floor,Depth (no MLB PA),default,MLB,0,1.0,0.2,0.9,0.1,0.1,0.0,0.0,0.0,0.1,0.1,0.0,0.0,0.2,0.0,0.0,0.1,0.1,0.111,0.2,0.111,0.311,0.1416,0.03875,0.0018,0.03141,0.08062,0.01043,0.0065,0.23053,0.0,0.0,0.1055838465145773,0.1007174997316602
683006,Chris Newell,LAD,25,L,,floor,Depth (no MLB PA),default,MiLB (MLE),5,1.0,0.2,0.9,0.1,0.1,0.0,0.0,0.0,0.1,0.1,0.0,0.0,0.2,0.0,0.0,0.1,0.1,0.111,0.2,0.111,0.311,0.13878,0.04098,0.00304,0.0314,0.08377,0.01102,0.0075,0.2314,0.01802,0.00508,0.1271758659241691,0.1218434041775241
703190,Johanfran Garcia,BOS,25,R,,floor,Depth (no MLB PA),default,MiLB (MLE),5,1.0,0.2,0.9,0.1,0.1,0.0,0.0,0.0,0.1,0.1,0.0,0.0,0.3,0.0,0.0,0.1,0.1,0.111,0.2,0.111,0.311,0.14553,0.03716,0.00206,0.03137,0.07714,0.01129,0.00857,0.25854,0.01629,0.00459,0.1139845743829696,0.1092052211763855
680695,Brennen Davis,SEA,25,R,,floor,Bench Bat,feed:order+depth,MiLB (MLE),5,1.0,0.2,0.9,0.2,0.1,0.1,0.0,0.0,0.3,0.1,0.0,0.0,0.2,0.0,0.0,0.1,0.1,0.222,0.3,0.333,0.633,0.12415,0.0508,0.00219,0.03135,0.08716,0.01128,0.00849,0.23786,0.01502,0.00423,0.1138920715242519,0.1091165969463052
488726,Michael Brantley,HOU,40,L,LF,floor,Depth (no MLB PA),default,MLB,6,1.0,0.2,0.9,0.2,0.2,0.0,0.0,0.0,0.2,0.1,0.0,0.0,0.1,0.0,0.0,0.1,0.1,0.222,0.3,0.222,0.522,0.15697,0.04614,0.00355,0.03131,0.0901,0.00444,0.00603,0.14846,0.01219,0.00346,0.1105033625005702,0.1052776289102661
701862,Jacob Walsh,WSH,25,L,,floor,Depth (no MLB PA),default,MiLB (MLE),5,1.0,0.2,0.9,0.1,0.1,0.0,0.0,0.0,0.1,0.1,0.0,0.0,0.2,0.0,0.0,0.1,0.1,0.111,0.2,0.111,0.311,0.12958,0.04335,0.00263,0.03129,0.08134,0.01115,0.008,0.24416,0.01629,0.0046,0.1126552134847328,0.1079316001473905
675455,Milan Tolentino,CLE,25,L,,floor,Depth (no MLB PA),default,MiLB (MLE),5,1.0,0.2,0.9,0.1,0.1,0.0,0.0,0.0,0.1,0.1,0.0,0.0,0.3,0.0,0.0,0.1,0.1,0.111,0.2,0.111,0.311,0.10395,0.04295,0.00541,0.03127,0.09654,0.01142,0.00907,0.29185,0.02126,0.00597,0.1100028836523031,0.1053904820395136
516416,Jean Segura,MIA,37,R,3B,floor,Depth (no MLB PA),default,MLB,7,1.0,0.2,0.9,0.2,0.2,0.0,0.0,0.0,0.2,0.1,0.0,0.0,0.2,0.0,0.0,0.1,0.1,0.222,0.3,0.222,0.522,0.15664,0.04605,0.00355,0.03124,0.06869,0.01209,0.00191,0.16794,0.02304,0.00666,0.0961804934844743,0.0821581299539445
694266,D'Andre Smith,NYM,25,R,,floor,Depth (no MLB PA),default,MiLB (MLE),5,1.0,0.2,0.9,0.1,0.1,0.0,0.0,0.0,0.1,0.1,0.0,0.0,0.2,0.0,0.0,0.1,0.1,0.111,0.2,0.111,0.311,0.14383,0.03996,0.00256,0.03124,0.08441,0.01119,0.00815,0.22886,0.0207,0.0058,0.1185244404252146,0.1135547314319469
572816,Corey Dickerson,WSH,38,L,LF,floor,Depth (no MLB PA),default,MLB,6,1.0,0.2,0.9,0.2,0.2,0.0,0.0,0.0,0.2,0.1,0.0,0.0,0.2,0.0,0.0,0.1,0.1,0.222,0.3,0.222,0.522,0.15514,0.04561,0.00351,0.03094,0.05477,0.0053,0.00656,0.19115,0.00946,0.0027,0.0962510332755524,0.1078327797846846
702262,Jared Jones,PIT,25,R,,floor,Depth (no MLB PA),feed:order+depth,MiLB (MLE),5,1.0,0.2,0.9,0.1,0.1,0.0,0.0,0.0,0.1,0.1,0.0,0.0,0.2,0.0,0.0,0.1,0.1,0.111,0.2,0.111,0.311,0.14303,0.03505,0.00245,0.03118,0.08581,0.0112,0.00818,0.2459,0.01654,0.00466,0.1104724077295015,0.1058403190545277
593643,Hanser Alberto,CWS,34,R,3B,floor,Depth (no MLB PA),default,MLB,5,1.0,0.2,0.9,0.2,0.2,0.0,0.0,0.0,0.2,0.1,0.0,0.0,0.2,0.0,0.0,0.1,0.1,0.222,0.3,0.222,0.522,0.1563,0.04595,0.00354,0.03118,0.05337,0.00558,0.00461,0.18869,0.01275,0.00363,0.1025716445064813,0.1107061390731614
806221,Easton Shelton,LAD,25,R,,floor,Depth (no MLB PA),feed:depth,MiLB (MLE),5,1.0,0.2,0.9,0.1,0.1,0.0,0.0,0.0,0.1,0.1,0.0,0.0,0.2,0.0,0.0,0.1,0.1,0.111,0.2,0.111,0.311,0.12866,0.04073,0.00327,0.03116,0.08505,0.01116,0.00802,0.24825,0.0164,0.00462,0.1271758659241691,0.1218434041775241
701177,Nick Cimillo,PIT,25,R,,floor,Depth (no MLB PA),default,MiLB (MLE),5,1.0,0.2,0.9,0.1,0.1,0.0,0.0,0.0,0.1,0.1,0.0,0.0,0.3,0.0,0.0,0.1,0.1,0.111,0.2,0.111,0.311,0.10716,0.04293,0.00276,0.03113,0.09144,0.01139,0.00892,0.27028,0.01293,0.00366,0.1104724077295015,0.1058403190545277
691385,Ronald Rosario,BOS,25,R,,floor,Depth (no MLB PA),default,MiLB (MLE),5,1.0,0.2,0.9,0.1,0.1,0.0,0.0,0.0,0.1,0.1,0.0,0.0,0.2,0.0,0.0,0.1,0.1,0.111,0.2,0.111,0.311,0.13484,0.04184,0.0031,0.03108,0.07873,0.01128,0.0085,0.23807,0.01552,0.00438,0.1139845743829696,0.1092052211763855
593934,Miguel Sanó,LAA,34,R,3B,floor,Depth (no MLB PA),default,MLB,6,1.0,0.2,0.9,0.1,0.1,0.0,0.0,0.0,0.1,0.1,0.0,0.0,0.3,0.0,0.0,0.1,0.1,0.111,0.2,0.111,0.311,0.12329,0.0387,0.00106,0.03108,0.09241,0.0153,0.01012,0.29822,0.01269,0.00357,0.0941325199198434,0.087370072566999
688714,Ryan Cermak,TB,25,R,,floor,Depth (no MLB PA),default,MiLB (MLE),0,1.0,0.2,0.9,0.1,0.1,0.0,0.0,0.0,0.1,0.1,0.0,0.0,0.2,0.0,0.0,0.1,0.1,0.111,0.2,0.111,0.311,0.13594,0.03877,0.0031,0.03103,0.08297,0.01099,0.00739,0.23275,0.0,0.0,0.1101042122391284,0.1050295223438183
691627,Ricardo Olivar,MIN,25,R,,floor,Depth (no MLB PA),default,MiLB (MLE),0,1.0,0.2,0.9,0.1,0.1,0.0,0.0,0.0,0.1,0.1,0.0,0.0,0.2,0.0,0.0,0.1,0.1,0.111,0.2,0.111,0.311,0.13678,0.04327,0.00322,0.03101,0.08213,0.01095,0.00723,0.22829,0.0,0.0,0.113135896968568,0.1079214770888242
695521,Gavin Conticello,ARI,25,L,,floor,Depth (no MLB PA),default,MiLB (MLE),5,1.0,0.2,0.9,0.1,0.1,0.0,0.0,0.0,0.1,0.1,0.0,0.0,0.2,0.0,0.0,0.1,0.1,0.111,0.2,0.111,0.311,0.14291,0.04245,0.00385,0.03095,0.07997,0.01126,0.00842,0.23585,0.01592,0.00448,0.1197021453855344,0.1146830554298953
800231,Won-Bin Cho,STL,24,L,,floor,Depth (no MLB PA),default,MiLB (MLE),5,1.0,0.2,0.9,0.1,0.1,0.0,0.0,0.0,0.1,0.1,0.0,0.0,0.2,0.0,0.0,0.1,0.1,0.111,0.2,0.111,0.311,0.13295,0.03919,0.00244,0.03122,0.08858,0.01122,0.00824,0.23223,0.01784,0.00504,0.1090018959870051,0.1044314656114096
675915,David Bañuelos,BAL,30,R,,floor,Depth (no MLB PA),default,MLB,0,1.0,0.2,0.9,0.1,0.1,0.0,0.0,0.0,0.1,0.1,0.0,0.0,0.2,0.0,0.0,0.1,0.1,0.111,0.2,0.111,0.311,0.11984,0.0454,0.00255,0.04175,0.08104,0.0221,0.00651,0.23045,0.0,0.0,0.11357196332132,0.1083374451958416
800305,Jesús  Báez,STL,22,R,,floor,Depth (no MLB PA),feed:order+depth,MiLB (MLE),5,1.0,0.2,0.9,0.1,0.1,0.0,0.0,0.0,0.1,0.1,0.0,0.0,0.2,0.0,0.0,0.1,0.1,0.111,0.2,0.111,0.311,0.1412,0.03938,0.00243,0.04127,0.0765,0.01124,0.00832,0.22661,0.01667,0.00471,0.1090018959870051,0.1044314656114096
667428,Grant Koch,PIT,30,R,C,floor,Depth (no MLB PA),default,MLB,0,1.0,0.2,0.9,0.1,0.1,0.0,0.0,0.0,0.1,0.1,0.0,0.0,0.3,0.0,0.0,0.1,0.1,0.111,0.2,0.111,0.311,0.12981,0.03251,0.00208,0.04079,0.08448,0.00984,0.00613,0.25281,0.0,0.0,0.1095421137696742,0.1044933309251943
668731,Akil Baddoo,DET,28,L,LF,floor,Depth (no MLB PA),default,MLB,2,1.0,0.2,0.9,0.1,0.1,0.0,0.0,0.0,0.1,0.1,0.0,0.0,0.3,0.0,0.0,0.1,0.1,0.111,0.2,0.111,0.311,0.11885,0.03371,0.00528,0.04006,0.10131,0.00114,0.00327,0.2664,0.02968,0.00852,0.1244494632359523,0.0927093829199166
694175,Pedro León,HOU,29,R,RF,floor,Depth (no MLB PA),default,MLB,0,1.0,0.2,0.9,0.2,0.1,0.1,0.0,0.0,0.3,0.1,0.0,0.0,0.3,0.0,0.0,0.1,0.1,0.222,0.3,0.333,0.633,0.10052,0.06574,0.00202,0.03917,0.07848,0.00857,0.00534,0.25707,0.0,0.0,0.1181433850095948,0.1126981706084979
689531,Brett Squires,KC,25,L,,floor,Depth (no MLB PA),default,MiLB (MLE),5,1.0,0.2,0.9,0.1,0.1,0.0,0.0,0.0,0.1,0.1,0.0,0.0,0.3,0.0,0.0,0.1,0.1,0.111,0.2,0.111,0.311,0.12253,0.0455,0.00485,0.03897,0.08242,0.0114,0.00898,0.2598,0.01835,0.00507,0.1126208892977148,0.1078987151675124
664874,Seby Zavala,SEA,33,R,C,floor,Depth (no MLB PA),default,MLB,6,1.0,0.2,0.9,0.1,0.1,0.0,0.0,0.0,0.1,0.1,0.0,0.0,0.3,0.0,0.0,0.1,0.1,0.111,0.2,0.111,0.311,0.10781,0.03815,0.00166,0.03893,0.0766,0.01093,0.00851,0.31101,0.008,0.00225,0.1037516809455575,0.0986565093247357
702315,Bennett Hostetler,MIA,25,R,,floor,Depth (no MLB PA),default,MiLB (MLE),5,1.0,0.2,0.9,0.1,0.1,0.0,0.0,0.0,0.1,0.1,0.0,0.0,0.2,0.0,0.0,0.1,0.1,0.111,0.2,0.111,0.311,0.12934,0.04233,0.00477,0.03838,0.08048,0.0111,0.0078,0.23302,0.01647,0.00464,0.1083028077561248,0.1037616900274031
605244,Aramis Garcia,CIN,34,R,C,floor,Depth (no MLB PA),default,MLB,6,1.0,0.2,0.9,0.1,0.1,0.0,0.0,0.0,0.1,0.1,0.0,0.0,0.3,0.0,0.0,0.1,0.1,0.111,0.2,0.111,0.311,0.13247,0.03857,0.00318,0.03291,0.05479,0.01243,0.0024,0.27191,0.01365,0.00389,0.0979376301861889,0.0907599632131172
677943,Will Banfield,CIN,27,R,C,floor,Bench Bat,feed:order+depth,MLB,0,1.0,0.2,0.9,0.1,0.1,0.0,0.0,0.0,0.1,0.1,0.0,0.0,0.3,0.0,0.0,0.1,0.1,0.111,0.2,0.111,0.311,0.12764,0.03797,0.00178,0.03783,0.06603,0.00779,0.01364,0.26577,0.0,0.0,0.108761859870781,0.1037490388346277
676946,Matthew Batten,SD,32,R,1B,floor,Depth (no MLB PA),default,MLB,2,1.0,0.2,0.9,0.1,0.1,0.0,0.0,0.0,0.1,0.1,0.0,0.0,0.2,0.0,0.0,0.1,0.1,0.111,0.2,0.111,0.311,0.12505,0.04477,0.00388,0.03747,0.0967,0.01149,0.00221,0.22537,0.01786,0.00512,0.119422603001412,0.10107468305297
801938,Avery Owusu-Asiedu,ARI,24,R,,floor,Depth (no MLB PA),feed:depth,MiLB (MLE),5,1.0,0.2,0.9,0.1,0.1,0.0,0.0,0.0,0.1,0.1,0.0,0.0,0.2,0.0,0.0,0.1,0.1,0.111,0.2,0.111,0.311,0.13241,0.0405,0.00507,0.03729,0.08444,0.01112,0.00788,0.23468,0.01768,0.00498,0.1197021453855344,0.1146830554298953
682119,Levi Jordan,CIN,31,R,LF,floor,Depth (no MLB PA),default,MLB,0,1.0,0.2,0.9,0.1,0.1,0.0,0.0,0.0,0.1,0.1,0.0,0.0,0.2,0.0,0.0,0.1,0.1,0.111,0.2,0.111,0.311,0.13544,0.03535,0.00272,0.03719,0.07745,0.00952,0.01666,0.23097,0.0,0.0,0.108761859870781,0.1037490388346277
683610,Leandro Pineda,WSH,25,L,,floor,Depth (no MLB PA),default,MiLB (MLE),5,1.0,0.2,0.9,0.1,0.1,0.0,0.0,0.0,0.1,0.1,0.0,0.0,0.2,0.0,0.0,0.1,0.1,0.111,0.2,0.111,0.311,0.13746,0.04408,0.00542,0.03689,0.08908,0.01127,0.00842,0.23077,0.01625,0.00461,0.1126552134847328,0.1079316001473905
605612,Harold Castro,COL,33,L,2B,floor,Depth (no MLB PA),default,MLB,5,1.0,0.2,1.0,0.2,0.1,0.1,0.0,0.0,0.3,0.0,0.0,0.0,0.2,0.0,0.0,0.1,0.1,0.2,0.2,0.3,0.5,0.1223,0.06831,0.00491,0.03689,0.04619,0.00231,0.0056,0.21419,0.00618,0.00175,0.0957183692311125,0.109688581950112
695372,Jake Gelof,LAD,25,R,,floor,Depth (no MLB PA),default,MiLB (MLE),5,1.0,0.2,0.9,0.1,0.1,0.0,0.0,0.0,0.1,0.1,0.0,0.0,0.3,0.0,0.0,0.1,0.1,0.111,0.2,0.111,0.311,0.1189,0.03884,0.00166,0.03686,0.09889,0.01137,0.00884,0.2647,0.01596,0.00448,0.1271758659241691,0.1218434041775241
701771,Billy Amick,NYM,25,R,,floor,Depth (no MLB PA),feed:depth,MiLB (MLE),5,1.0,0.2,0.9,0.1,0.1,0.0,0.0,0.0,0.1,0.1,0.0,0.0,0.2,0.0,0.0,0.1,0.1,0.111,0.2,0.111,0.311,0.11801,0.04215,0.00267,0.03665,0.0808,0.01114,0.00797,0.24123,0.01535,0.00433,0.1185244404252146,0.1135547314319469
682619,Orelvis Martinez,TOR,25,R,2B,floor,Depth (no MLB PA),default,MLB,0,1.0,0.2,0.9,0.1,0.1,0.0,0.0,0.0,0.1,0.1,0.0,0.0,0.2,0.0,0.0,0.1,0.1,0.111,0.2,0.111,0.311,0.129,0.04511,0.00279,0.03661,0.08118,0.01044,0.0065,0.22978,0.0,0.0,0.111041150316571,0.1059232770579959
642137,Cody Thomas,OAK,32,L,RF,floor,Depth (no MLB PA),default,MLB,6,1.0,0.2,0.9,0.1,0.1,0.0,0.0,0.0,0.1,0.1,0.0,0.0,0.3,0.0,0.0,0.1,0.1,0.111,0.2,0.111,0.311,0.13125,0.03203,0.0022,0.03804,0.08075,0.00548,0.00341,0.26938,0.01399,0.00394,0.1003709953865476,0.0968793098299139
608596,Tom Murphy,SF,36,R,C,floor,Depth (no MLB PA),default,MLB,2,1.0,0.2,0.9,0.2,0.1,0.0,0.0,0.1,0.5,0.1,0.0,0.0,0.3,0.0,0.0,0.1,0.1,0.222,0.3,0.556,0.856,0.09576,0.04149,0.00119,0.06061,0.0854,0.00574,0.0078,0.27046,0.00859,0.00242,0.1110825396768705,0.0934961353732029
680716,Jonathan Ornelas,TEX,27,R,2B,floor,Depth (no MLB PA),default,MLB,6,1.0,0.2,0.9,0.2,0.2,0.0,0.0,0.0,0.2,0.1,0.0,0.0,0.3,0.0,0.0,0.1,0.1,0.222,0.3,0.222,0.522,0.15322,0.03614,0.00184,0.00889,0.07102,0.01144,0.00337,0.28932,0.01674,0.00472,0.0999755646125587,0.1011643803022362
543305,Aaron Hicks,LAA,37,S,RF,floor,Depth (no MLB PA),default,MLB,6,1.0,0.2,0.9,0.2,0.2,0.0,0.0,0.0,0.2,0.1,0.0,0.0,0.2,0.0,0.0,0.1,0.1,0.222,0.3,0.222,0.522,0.15582,0.03143,0.00219,0.00866,0.1197,0.00522,0.00382,0.24557,0.01871,0.00518,0.104220148567733,0.0879211559838744
682073,David Hensley,MIA,31,R,RF,floor,Depth (no MLB PA),default,MLB,2,1.0,0.2,0.9,0.2,0.2,0.0,0.0,0.0,0.2,0.1,0.0,0.0,0.3,0.0,0.0,0.1,0.1,0.222,0.3,0.222,0.522,0.15664,0.02771,0.00194,0.00815,0.09566,0.00325,0.00203,0.27409,0.01709,0.00478,0.1174420446913346,0.0883522905378913
543685,Anthony Rendon,LAA,37,R,3B,floor,Bench Bat,feed:depth,MLB,6,1.0,0.2,0.9,0.2,0.1,0.1,0.0,0.0,0.3,0.1,0.0,0.0,0.2,0.0,0.0,0.1,0.1,0.222,0.3,0.333,0.633,0.13331,0.05143,0.00277,0.00799,0.10501,0.01942,0.01488,0.17587,0.01595,0.0044,0.0985692084455356,0.0953374311194525
553882,Omar Narváez,NYM,35,L,C,floor,Depth (no MLB PA),default,MLB,8,1.0,0.2,0.9,0.2,0.2,0.0,0.0,0.0,0.2,0.1,0.0,0.0,0.2,0.0,0.0,0.1,0.1,0.222,0.3,0.222,0.522,0.15064,0.03803,0.0026,0.00718,0.08737,0.00628,0.00903,0.19969,0.00514,0.00145,0.0922411259168863,0.0871258605932718
666915,Bobby Dalbec,BOS,32,R,1B,floor,Depth (no MLB PA),default,MLB,6,1.0,0.2,0.9,0.1,0.1,0.0,0.0,0.0,0.1,0.1,0.0,0.0,0.3,0.0,0.0,0.1,0.1,0.111,0.2,0.111,0.311,0.119,0.04577,0.00202,0.0068,0.0833,0.00787,0.00739,0.3428,0.0156,0.0043,0.102576118297797,0.0965069396442476
592348,Niko Goodrum,LAA,35,S,3B,floor,Depth (no MLB PA),default,MLB,6,1.0,0.2,0.9,0.2,0.2,0.0,0.0,0.0,0.2,0.1,0.0,0.0,0.3,0.0,0.0,0.1,0.1,0.222,0.3,0.222,0.522,0.16933,0.02172,0.0014,0.0064,0.07785,0.00547,0.00341,0.28102,0.02316,0.00658,0.0969533197824941,0.0864920752587567
663536,Tristin English,ARI,30,R,1B,floor,Depth (no MLB PA),default,MLB,0,1.0,0.2,0.9,0.2,0.2,0.0,0.0,0.0,0.2,0.1,0.0,0.0,0.2,0.0,0.0,0.1,0.1,0.222,0.3,0.222,0.522,0.15683,0.04441,0.00242,0.00622,0.0769,0.0084,0.00524,0.24577,0.0,0.0,0.1186941273191299,0.1132235292712471
694359,Niko Kavadas,LAA,28,L,1B,floor,Depth (no MLB PA),default,MLB,5,1.0,0.2,0.9,0.1,0.1,0.0,0.0,0.0,0.1,0.1,0.0,0.0,0.3,0.0,0.0,0.1,0.1,0.111,0.2,0.111,0.311,0.11555,0.01958,0.00212,0.04226,0.0933,0.01338,0.00258,0.30697,0.014,0.00393,0.106097568343868,0.095701706598404
545350,Jake Marisnick,LAD,36,R,CF,floor,Depth (no MLB PA),default,MLB,5,1.0,0.2,0.9,0.1,0.1,0.0,0.0,0.0,0.1,0.1,0.0,0.0,0.2,0.0,0.0,0.1,0.1,0.111,0.2,0.111,0.311,0.12011,0.04202,0.00233,0.04805,0.06411,0.01143,0.00618,0.24935,0.02091,0.00609,0.1255805897112606,0.1157523495464191
594807,Adam Duvall,ATL,38,R,RF,floor,Depth (no MLB PA),default,MLB,5,1.0,0.2,0.9,0.1,0.1,0.0,0.0,0.0,0.1,0.1,0.0,0.0,0.3,0.0,0.0,0.1,0.1,0.111,0.2,0.111,0.311,0.09822,0.04082,0.00217,0.04778,0.06558,0.01514,0.00773,0.30148,0.00848,0.00241,0.1088202765801669,0.115703858750376
664901,Danny Mendick,CWS,33,R,3B,floor,Depth (no MLB PA),default,MLB,2,1.0,0.2,0.9,0.1,0.1,0.0,0.0,0.0,0.1,0.1,0.0,0.0,0.2,0.0,0.0,0.1,0.1,0.111,0.2,0.111,0.311,0.11933,0.04128,0.00094,0.04771,0.06278,0.00951,0.00136,0.23405,0.01698,0.00465,0.1178683449401555,0.0966416461004754
608360,Chris Okey,LAA,32,R,C,floor,Depth (no MLB PA),default,MLB,0,1.0,0.2,0.9,0.1,0.1,0.0,0.0,0.0,0.1,0.1,0.0,0.0,0.2,0.0,0.0,0.1,0.1,0.111,0.2,0.111,0.311,0.12012,0.03789,0.00274,0.04688,0.07739,0.0193,0.00568,0.24437,0.0,0.0,0.1055838465145773,0.1007174997316602
608336,Joey Gallo,WSH,33,L,1B,floor,Depth (no MLB PA),default,MLB,6,1.0,0.2,0.9,0.1,0.1,0.0,0.0,0.0,0.1,0.1,0.0,0.0,0.4,0.0,0.0,0.1,0.1,0.111,0.2,0.111,0.311,0.06739,0.03952,0.00303,0.04386,0.12354,0.00882,0.0023,0.3832,0.00943,0.00266,0.1021407268928244,0.1036526784422248
650907,René Pinto,TB,30,R,C,floor,Depth (no MLB PA),default,MLB,5,1.0,0.2,0.9,0.1,0.1,0.0,0.0,0.0,0.1,0.1,0.0,0.0,0.3,0.0,0.0,0.1,0.1,0.111,0.2,0.111,0.311,0.1184,0.0293,0.00327,0.04377,0.05648,0.00882,0.00477,0.30617,0.00978,0.00276,0.0996334029541795,0.1135717546627952
462101,Elvis Andrus,CWS,38,R,2B,floor,Depth (no MLB PA),default,MLB,5,1.0,0.2,0.9,0.2,0.2,0.0,0.0,0.0,0.2,0.1,0.0,0.0,0.2,0.0,0.0,0.1,0.1,0.222,0.3,0.222,0.522,0.15121,0.03937,0.00213,0.04326,0.0668,0.00719,0.00235,0.18029,0.02615,0.00735,0.1071346627604533,0.1049975529453018
666135,Alex Kirilloff,MIN,29,L,LF,floor,Depth (no MLB PA),default,MLB,5,1.0,0.2,0.9,0.2,0.1,0.1,0.0,0.0,0.3,0.1,0.0,0.0,0.2,0.0,0.0,0.1,0.1,0.222,0.3,0.333,0.633,0.10092,0.05246,0.00534,0.04286,0.07571,0.01702,0.01139,0.24984,0.00621,0.00175,0.1048788981186857,0.1139465841283746
642336,Francisco Mejía,TB,31,S,C,floor,Depth (no MLB PA),default,MLB,5,1.0,0.2,1.0,0.1,0.1,0.0,0.0,0.0,0.1,0.0,0.0,0.0,0.2,0.0,0.0,0.1,0.1,0.1,0.1,0.1,0.2,0.14471,0.03711,0.00158,0.04276,0.04538,0.00699,0.00643,0.22908,0.00972,0.00277,0.1093639503734018,0.10299380221307
686482,Logan Driscoll,TB,29,L,C,floor,Depth (no MLB PA),default,MLB,5,1.0,0.2,0.9,0.1,0.1,0.0,0.0,0.0,0.1,0.1,0.0,0.0,0.2,0.0,0.0,0.1,0.1,0.111,0.2,0.111,0.311,0.14573,0.023,0.00121,0.04808,0.07227,0.0074,0.01296,0.21628,0.01474,0.00416,0.1058184856480795,0.1108055129540273
825761,Ryan Cesarini,CLE,25,L,,floor,Depth (no MLB PA),feed:order+depth,MiLB (MLE),5,1.0,0.2,0.9,0.1,0.1,0.0,0.0,0.0,0.1,0.1,0.0,0.0,0.2,0.0,0.0,0.1,0.1,0.111,0.2,0.111,0.311,0.13909,0.04286,0.00264,0.03402,0.0834,0.01118,0.00808,0.22431,0.01925,0.00541,0.1100028836523031,0.1053904820395136
681230,BJ Murray Jr.,CHC,27,S,1B,floor,Depth (no MLB PA),default,MLB,0,1.0,0.2,0.9,0.1,0.1,0.0,0.0,0.0,0.1,0.1,0.0,0.0,0.2,0.0,0.0,0.1,0.1,0.111,0.2,0.111,0.311,0.13123,0.0447,0.00199,0.034,0.07558,0.00951,0.00593,0.23992,0.0,0.0,0.1212968604734738,0.1157063027676458
703637,Max Williams,MIA,23,L,,floor,Depth (no MLB PA),feed:order+depth,MiLB (MLE),0,1.0,0.2,0.9,0.1,0.1,0.0,0.0,0.0,0.1,0.1,0.0,0.0,0.2,0.0,0.0,0.1,0.1,0.111,0.2,0.111,0.311,0.13814,0.04038,0.00325,0.03398,0.08276,0.01094,0.00719,0.22713,0.0,0.0,0.1073907841118627,0.1024411557924819
502110,J.D. Martinez,NYM,39,R,LF,floor,Depth (no MLB PA),default,MLB,5,1.0,0.2,0.9,0.1,0.1,0.0,0.0,0.0,0.1,0.1,0.0,0.0,0.3,0.0,0.0,0.1,0.1,0.111,0.2,0.111,0.311,0.13205,0.04025,0.00166,0.03391,0.08431,0.00814,0.00978,0.27882,0.00305,0.00086,0.1063704868412606,0.130356090706258
804241,Zach Levenson,STL,25,R,,floor,Depth (no MLB PA),default,MiLB (MLE),5,1.0,0.2,0.9,0.1,0.1,0.0,0.0,0.0,0.1,0.1,0.0,0.0,0.2,0.0,0.0,0.1,0.1,0.111,0.2,0.111,0.311,0.14138,0.04123,0.0029,0.03369,0.08213,0.01108,0.00771,0.23187,0.0172,0.00485,0.1090018959870051,0.1044314656114096
695342,Colin Davis,SEA,25,R,,floor,Depth (no MLB PA),default,MiLB (MLE),5,1.0,0.2,0.9,0.1,0.1,0.0,0.0,0.0,0.1,0.1,0.0,0.0,0.3,0.0,0.0,0.1,0.1,0.111,0.2,0.111,0.311,0.1332,0.03681,0.00364,0.0336,0.08177,0.01128,0.00852,0.25273,0.01674,0.00472,0.1138920715242519,0.1091165969463052
702726,Luke Adams,MIL,23,R,,floor,Depth (no MLB PA),feed:order+depth,MiLB (MLE),5,1.0,0.2,0.9,0.1,0.1,0.0,0.0,0.0,0.1,0.1,0.0,0.0,0.2,0.0,0.0,0.1,0.1,0.111,0.2,0.111,0.311,0.12673,0.03864,0.00473,0.03356,0.09566,0.01134,0.00868,0.21881,0.01777,0.00501,0.1172969823098257,0.1123787404199927
691620,Jeferson Quero,MIL,24,R,C,floor,Depth (no MLB PA),default,MLB,0,1.0,0.2,0.9,0.1,0.1,0.0,0.0,0.0,0.1,0.1,0.0,0.0,0.2,0.0,0.0,0.1,0.1,0.111,0.2,0.111,0.311,0.13942,0.03674,0.00276,0.03342,0.08949,0.01057,0.00659,0.224,0.0,0.0,0.1163092182482693,0.1109485403725308
673995,Davis Wendzel,TEX,30,R,1B,floor,Depth (no MLB PA),default,MLB,6,1.0,0.2,0.9,0.1,0.1,0.0,0.0,0.0,0.1,0.1,0.0,0.0,0.2,0.0,0.0,0.1,0.1,0.111,0.2,0.111,0.311,0.13339,0.04074,0.00332,0.03338,0.06642,0.01379,0.00406,0.22694,0.0156,0.0044,0.100148134632028,0.096159849737626
693850,Kala'i Rosario,MIN,25,R,,floor,Depth (no MLB PA),default,MiLB (MLE),5,1.0,0.2,0.9,0.1,0.1,0.0,0.0,0.0,0.1,0.1,0.0,0.0,0.2,0.0,0.0,0.1,0.1,0.111,0.2,0.111,0.311,0.14485,0.03656,0.00396,0.03647,0.07957,0.01124,0.00835,0.24761,0.01665,0.00469,0.1140967113801906,0.1093126562889861
687627,Kody Huff,CLE,25,R,,floor,Depth (no MLB PA),default,MiLB (MLE),5,1.0,0.2,0.9,0.1,0.1,0.0,0.0,0.0,0.1,0.1,0.0,0.0,0.2,0.0,0.0,0.1,0.1,0.111,0.2,0.111,0.311,0.12135,0.04124,0.00736,0.03337,0.09969,0.01144,0.00908,0.23281,0.01894,0.00542,0.1100028836523031,0.1053904820395136
690957,Jace Bohrofen,TOR,25,L,,floor,Depth (no MLB PA),default,MiLB (MLE),5,1.0,0.2,0.9,0.1,0.1,0.0,0.0,0.0,0.1,0.1,0.0,0.0,0.2,0.0,0.0,0.1,0.1,0.111,0.2,0.111,0.311,0.12054,0.04395,0.00468,0.03334,0.084,0.01119,0.00814,0.24878,0.01731,0.00487,0.1119841749477096,0.1072886981384986
678760,Eddys Leonard,SF,26,R,LF,floor,Depth (no MLB PA),default,MLB,0,1.0,0.2,0.9,0.1,0.1,0.0,0.0,0.0,0.1,0.1,0.0,0.0,0.2,0.0,0.0,0.1,0.1,0.111,0.2,0.111,0.311,0.13011,0.04889,0.00306,0.03332,0.07741,0.00984,0.00613,0.22947,0.0,0.0,0.1075158000263159,0.1025604097384788
694812,Tyler McDonough,BOS,25,S,,floor,Depth (no MLB PA),default,MiLB (MLE),5,1.0,0.2,0.9,0.1,0.1,0.0,0.0,0.0,0.1,0.1,0.0,0.0,0.2,0.0,0.0,0.1,0.1,0.111,0.2,0.111,0.311,0.13648,0.04203,0.00244,0.0333,0.08618,0.01122,0.00825,0.23448,0.01831,0.00515,0.1139845743829696,0.1092052211763855
694742,Josh Moylan,NYY,25,L,,floor,Depth (no MLB PA),default,MiLB (MLE),5,1.0,0.2,0.9,0.1,0.1,0.0,0.0,0.0,0.1,0.1,0.0,0.0,0.2,0.0,0.0,0.1,0.1,0.111,0.2,0.111,0.311,0.12869,0.04042,0.00231,0.03324,0.08136,0.01124,0.00835,0.24859,0.01579,0.00446,0.1247291425689449,0.1194992715033348
701062,Alec Briley,CWS,25,S,,floor,Depth (no MLB PA),default,MiLB (MLE),5,1.0,0.2,0.9,0.1,0.1,0.0,0.0,0.0,0.1,0.1,0.0,0.0,0.3,0.0,0.0,0.1,0.1,0.111,0.2,0.111,0.311,0.11723,0.04029,0.00385,0.03321,0.07986,0.01137,0.00887,0.26943,0.01737,0.00492,0.1097434769942643,0.1051419522571364
679631,Terrin Vavra,BAL,30,L,2B,floor,Depth (no MLB PA),default,MLB,3,1.0,0.2,0.9,0.1,0.1,0.0,0.0,0.0,0.1,0.1,0.0,0.0,0.2,0.0,0.0,0.1,0.1,0.111,0.2,0.111,0.311,0.13293,0.04676,0.00291,0.03314,0.09122,0.00361,0.01039,0.21519,0.01439,0.00408,0.1212479169640561,0.1077044804321082
804995,Henry Godbout,BOS,25,R,,floor,Depth (no MLB PA),feed:order+depth,MiLB (MLE),5,1.0,0.2,0.9,0.1,0.1,0.0,0.0,0.0,0.1,0.1,0.0,0.0,0.2,0.0,0.0,0.1,0.1,0.111,0.2,0.111,0.311,0.14102,0.04054,0.00295,0.03311,0.08148,0.01106,0.00765,0.23166,0.01795,0.00506,0.1139845743829696,0.1092052211763855
678010,Nick Schnell,SD,25,L,,floor,Depth (no MLB PA),default,MiLB (MLE),5,1.0,0.2,0.9,0.1,0.1,0.0,0.0,0.0,0.1,0.1,0.0,0.0,0.3,0.0,0.0,0.1,0.1,0.111,0.2,0.111,0.311,0.12135,0.0406,0.00487,0.03292,0.08473,0.01131,0.00863,0.26118,0.01706,0.00484,0.1148003772844334,0.1099868176053142
691001,Robert Moore,PHI,25,S,,floor,Depth (no MLB PA),default,MiLB (MLE),5,1.0,0.2,0.9,0.1,0.1,0.0,0.0,0.0,0.1,0.1,0.0,0.0,0.2,0.0,0.0,0.1,0.1,0.111,0.2,0.111,0.311,0.11496,0.04381,0.00436,0.03338,0.0863,0.01137,0.00881,0.2148,0.01641,0.00463,0.1171713130868302,0.1122583404854701
641302,Tyler Alexander,CWS,32,R,P,floor,Depth (no MLB PA),default,MLB,0,1.0,0.2,0.9,0.1,0.1,0.0,0.0,0.0,0.1,0.1,0.0,0.0,0.2,0.0,0.0,0.1,0.1,0.111,0.2,0.111,0.311,0.1305,0.04481,0.00251,0.03639,0.0821,0.01069,0.00667,0.22613,0.0,0.0,0.1088193213985232,0.1038038519674695
805672,Collin Price,HOU,27,R,C,floor,Depth (no MLB PA),default,MLB,0,1.0,0.2,0.9,0.1,0.1,0.0,0.0,0.0,0.1,0.1,0.0,0.0,0.3,0.0,0.0,0.1,0.1,0.111,0.2,0.111,0.311,0.12533,0.04304,0.00297,0.03636,0.08188,0.00931,0.0058,0.25184,0.0,0.0,0.1181433850095948,0.1126981706084979
656883,Jakson Reetz,SF,31,R,C,floor,Depth (no MLB PA),default,MLB,0,1.0,0.2,0.9,0.1,0.1,0.0,0.0,0.0,0.1,0.1,0.0,0.0,0.2,0.0,0.0,0.1,0.1,0.111,0.2,0.111,0.311,0.13994,0.0328,0.00206,0.03616,0.08118,0.00911,0.00568,0.23719,0.0,0.0,0.1075158000263159,0.1025604097384788
518735,Yasmani Grandal,PIT,38,S,C,floor,Depth (no MLB PA),default,MLB,7,1.0,0.2,0.9,0.1,0.1,0.0,0.0,0.0,0.1,0.1,0.0,0.0,0.2,0.0,0.0,0.1,0.1,0.111,0.2,0.111,0.311,0.13022,0.04147,0.00038,0.03614,0.09649,0.00605,0.00491,0.21253,0.00249,0.0007,0.0868661984988817,0.0933588750935103
681190,Randy Vásquez,SD,28,R,P,floor,Depth (no MLB PA),default,MLB,0,1.0,0.2,0.9,0.1,0.1,0.0,0.0,0.0,0.1,0.1,0.0,0.0,0.2,0.0,0.0,0.1,0.1,0.111,0.2,0.111,0.311,0.13636,0.03923,0.00288,0.0358,0.08199,0.01069,0.00667,0.22585,0.0,0.0,0.1138336372651961,0.1085870586191268
641796,Tim Locastro,NYM,34,R,LF,floor,Depth (no MLB PA),default,MLB,2,1.0,0.2,0.9,0.1,0.1,0.0,0.0,0.0,0.1,0.1,0.0,0.0,0.2,0.0,0.0,0.1,0.1,0.111,0.2,0.111,0.311,0.12671,0.04016,0.00277,0.0356,0.06865,0.03959,0.0028,0.24252,0.03719,0.01026,0.1401395554817077,0.1013487934442976
702278,Nolan Schubart,CLE,25,L,,floor,Depth (no MLB PA),default,MiLB (MLE),5,1.0,0.2,0.9,0.1,0.1,0.0,0.0,0.0,0.1,0.1,0.0,0.0,0.2,0.0,0.0,0.1,0.1,0.111,0.2,0.111,0.311,0.12442,0.03417,0.00355,0.03507,0.08924,0.01119,0.00816,0.24844,0.01626,0.00459,0.1100028836523031,0.1053904820395136
686912,Maxwell Romero Jr.,WSH,25,L,,floor,Depth (no MLB PA),default,MiLB (MLE),5,1.0,0.2,0.9,0.1,0.1,0.0,0.0,0.0,0.1,0.1,0.0,0.0,0.3,0.0,0.0,0.1,0.1,0.111,0.2,0.111,0.311,0.13313,0.03806,0.00226,0.03507,0.08555,0.01124,0.00835,0.25883,0.01559,0.0044,0.1126552134847328,0.1079316001473905
694355,Tyler Gentry,KC,28,R,RF,floor,Depth (no MLB PA),default,MLB,0,1.0,0.2,0.9,0.1,0.1,0.0,0.0,0.0,0.1,0.1,0.0,0.0,0.2,0.0,0.0,0.1,0.1,0.111,0.2,0.111,0.311,0.13532,0.03874,0.00328,0.03486,0.08021,0.01019,0.00635,0.2331,0.0,0.0,0.1116725028615235,0.1065255306401104
676466,Jack Winkler,MIA,28,R,2B,floor,Depth (no MLB PA),default,MLB,0,1.0,0.2,0.9,0.1,0.1,0.0,0.0,0.0,0.1,0.1,0.0,0.0,0.2,0.0,0.0,0.1,0.1,0.111,0.2,0.111,0.311,0.14749,0.03197,0.00194,0.03406,0.0741,0.00902,0.00562,0.23055,0.0,0.0,0.1073907841118627,0.1024411557924819
695722,Boston Smith,SEA,25,L,,floor,Depth (no MLB PA),feed:order+depth,MiLB (MLE),5,1.0,0.2,0.9,0.1,0.1,0.0,0.0,0.0,0.1,0.1,0.0,0.0,0.3,0.0,0.0,0.1,0.1,0.111,0.2,0.111,0.311,0.12423,0.03544,0.00334,0.03483,0.09268,0.01123,0.00831,0.25002,0.01665,0.00471,0.1138920715242519,0.1091165969463052
694484,Max Wagner,TEX,25,R,,floor,Depth (no MLB PA),default,MiLB (MLE),5,1.0,0.2,0.9,0.1,0.1,0.0,0.0,0.0,0.1,0.1,0.0,0.0,0.3,0.0,0.0,0.1,0.1,0.111,0.2,0.111,0.311,0.122,0.04005,0.00207,0.0348,0.08305,0.01128,0.00851,0.26786,0.01555,0.00439,0.1092943456639019,0.1047116529246611
669194,Ryne Nelson,ARI,29,R,P,floor,Depth (no MLB PA),default,MLB,0,1.0,0.2,0.9,0.1,0.1,0.0,0.0,0.0,0.1,0.1,0.0,0.0,0.2,0.0,0.0,0.1,0.1,0.111,0.2,0.111,0.311,0.12921,0.04597,0.00431,0.03475,0.0821,0.01069,0.00667,0.22613,0.0,0.0,0.1186941273191299,0.1132235292712471
656669,Jordan Luplow,MIN,33,R,LF,floor,Depth (no MLB PA),default,MLB,5,1.0,0.2,0.9,0.1,0.1,0.0,0.0,0.0,0.1,0.1,0.0,0.0,0.3,0.0,0.0,0.1,0.1,0.111,0.2,0.111,0.311,0.12007,0.04138,0.00336,0.03431,0.10052,0.01172,0.00375,0.25655,0.01882,0.00525,0.1116646499007708,0.1030673626134389
613564,Jason Vosler,SEA,33,L,1B,floor,Depth (no MLB PA),default,MLB,5,1.0,0.2,0.9,0.1,0.1,0.0,0.0,0.0,0.1,0.1,0.0,0.0,0.3,0.0,0.0,0.1,0.1,0.111,0.2,0.111,0.311,0.13739,0.02866,0.00174,0.03428,0.07595,0.00978,0.00529,0.27195,0.01445,0.0041,0.1084871933931449,0.1110147981383761
669360,Trei Cruz,DET,28,S,LF,floor,Depth (no MLB PA),default,MLB,0,1.0,0.2,0.9,0.1,0.1,0.0,0.0,0.0,0.1,0.1,0.0,0.0,0.2,0.0,0.0,0.1,0.1,0.111,0.2,0.111,0.311,0.12329,0.04851,0.00338,0.0342,0.07928,0.01019,0.00635,0.24334,0.0,0.0,0.1144465288333229,0.1091717020886165
669219,Je'Von Ward,TOR,25,L,,floor,Depth (no MLB PA),default,MiLB (MLE),5,1.0,0.2,0.9,0.1,0.1,0.0,0.0,0.0,0.1,0.1,0.0,0.0,0.3,0.0,0.0,0.1,0.1,0.111,0.2,0.111,0.311,0.13126,0.03888,0.00212,0.03413,0.08312,0.01128,0.00849,0.26045,0.01642,0.00465,0.1119841749477096,0.1072886981384986
701655,Reed Trimble,BAL,25,S,,floor,Depth (no MLB PA),default,MiLB (MLE),5,1.0,0.2,0.9,0.1,0.1,0.0,0.0,0.0,0.1,0.1,0.0,0.0,0.2,0.0,0.0,0.1,0.1,0.111,0.2,0.111,0.311,0.12624,0.04154,0.00498,0.03411,0.08329,0.01107,0.00766,0.23614,0.01694,0.00477,0.1145364810565329,0.109733986499952
828824,Josiah Ragsdale,STL,24,L,,floor,Depth (no MLB PA),feed:order+depth,MiLB (MLE),5,1.0,0.2,0.9,0.1,0.1,0.0,0.0,0.0,0.1,0.1,0.0,0.0,0.2,0.0,0.0,0.1,0.1,0.111,0.2,0.111,0.311,0.12814,0.03491,0.00328,0.03409,0.09037,0.01124,0.00836,0.2458,0.01838,0.00516,0.1090018959870051,0.1044314656114096
681357,Cody Morissette,MIN,25,L,,floor,Depth (no MLB PA),default,MiLB (MLE),5,1.0,0.2,0.9,0.1,0.1,0.0,0.0,0.0,0.1,0.1,0.0,0.0,0.2,0.0,0.0,0.1,0.1,0.111,0.2,0.111,0.311,0.12857,0.04381,0.00177,0.03483,0.0867,0.01137,0.00883,0.24275,0.01788,0.005,0.1140967113801906,0.1093126562889861
691278,Moises Alcala,ARI,25,S,,floor,Depth (no MLB PA),default,MiLB (MLE),0,1.0,0.2,0.9,0.1,0.1,0.0,0.0,0.0,0.1,0.1,0.0,0.0,0.2,0.0,0.0,0.1,0.1,0.111,0.2,0.111,0.311,0.13836,0.04161,0.00343,0.02927,0.08269,0.01085,0.00683,0.22782,0.0,0.0,0.1186941273191299,0.1132235292712471
703483,Dixon Williams,ATL,25,L,,floor,Depth (no MLB PA),default,MiLB (MLE),0,1.0,0.2,0.9,0.1,0.1,0.0,0.0,0.0,0.1,0.1,0.0,0.0,0.2,0.0,0.0,0.1,0.1,0.111,0.2,0.111,0.311,0.13259,0.0415,0.00454,0.02925,0.08271,0.01095,0.00722,0.22931,0.0,0.0,0.1163109310194975,0.1109501742023392
813620,Carson Rucker,DET,25,R,,floor,Depth (no MLB PA),default,MiLB (MLE),0,1.0,0.2,0.9,0.1,0.1,0.0,0.0,0.0,0.1,0.1,0.0,0.0,0.2,0.0,0.0,0.1,0.1,0.111,0.2,0.111,0.311,0.13664,0.0395,0.00322,0.02925,0.08295,0.01095,0.00721,0.22913,0.0,0.0,0.1144465288333229,0.1091717020886165
814822,Henry Ford,SEA,25,R,,floor,Depth (no MLB PA),default,MiLB (MLE),0,1.0,0.2,0.9,0.1,0.1,0.0,0.0,0.0,0.1,0.1,0.0,0.0,0.2,0.0,0.0,0.1,0.1,0.111,0.2,0.111,0.311,0.13902,0.04027,0.00335,0.02925,0.08273,0.01089,0.00698,0.22821,0.0,0.0,0.1129329803956266,0.1077279129163165
701333,Colby Shelton,CWS,25,L,,floor,Depth (no MLB PA),default,MiLB (MLE),5,1.0,0.2,0.9,0.1,0.1,0.0,0.0,0.0,0.1,0.1,0.0,0.0,0.2,0.0,0.0,0.1,0.1,0.111,0.2,0.111,0.311,0.11338,0.04281,0.00367,0.02923,0.08189,0.01132,0.00865,0.2499,0.01615,0.00457,0.1097434769942643,0.1051419522571364
800201,Rafael Ramirez Jr.,WSH,25,L,,floor,Depth (no MLB PA),default,MiLB (MLE),0,1.0,0.2,0.9,0.1,0.1,0.0,0.0,0.0,0.1,0.1,0.0,0.0,0.2,0.0,0.0,0.1,0.1,0.111,0.2,0.111,0.311,0.13955,0.04193,0.00342,0.02923,0.08271,0.01085,0.00684,0.2278,0.0,0.0,0.1117065380027561,0.1065579971057784
570731,Jonathan Schoop,DET,35,R,3B,floor,Depth (no MLB PA),default,MLB,6,1.0,0.2,0.9,0.1,0.1,0.0,0.0,0.0,0.1,0.1,0.0,0.0,0.2,0.0,0.0,0.1,0.1,0.111,0.2,0.111,0.311,0.14648,0.04306,0.00332,0.02922,0.05707,0.009,0.00863,0.22453,0.01118,0.00311,0.1142035425725303,0.092436023376525
681171,Gavin Dugas,WSH,25,R,,floor,Depth (no MLB PA),default,MiLB (MLE),0,1.0,0.2,0.9,0.1,0.1,0.0,0.0,0.0,0.1,0.1,0.0,0.0,0.2,0.0,0.0,0.1,0.1,0.111,0.2,0.111,0.311,0.13574,0.04027,0.00335,0.02922,0.08273,0.01089,0.00698,0.22842,0.0,0.0,0.1117065380027561,0.1065579971057784
624523,Riley Unroe,CWS,25,S,,floor,Depth (no MLB PA),default,MiLB (MLE),5,1.0,0.2,0.9,0.1,0.1,0.0,0.0,0.0,0.1,0.1,0.0,0.0,0.3,0.0,0.0,0.1,0.1,0.111,0.2,0.111,0.311,0.11301,0.03321,0.00545,0.03053,0.09822,0.01137,0.00885,0.26775,0.01823,0.00517,0.1097434769942643,0.1051419522571364
679602,Drew Ehrhard,BOS,25,R,,floor,Depth (no MLB PA),default,MiLB (MLE),0,1.0,0.2,0.9,0.1,0.1,0.0,0.0,0.0,0.1,0.1,0.0,0.0,0.2,0.0,0.0,0.1,0.1,0.111,0.2,0.111,0.311,0.13248,0.04005,0.00322,0.02921,0.0827,0.01095,0.00723,0.22858,0.0,0.0,0.1130247042829025,0.1078154092606633
703060,Alejandro Urias,NYM,25,R,,floor,Depth (no MLB PA),default,MiLB (MLE),0,1.0,0.2,0.9,0.1,0.1,0.0,0.0,0.0,0.1,0.1,0.0,0.0,0.2,0.0,0.0,0.1,0.1,0.111,0.2,0.111,0.311,0.14121,0.04109,0.00342,0.0292,0.08269,0.01085,0.00685,0.2278,0.0,0.0,0.1175263398742655,0.1121095650092184
691775,Ryan Clifford,NYM,25,L,,floor,Depth (no MLB PA),feed:depth,MiLB (MLE),5,1.0,0.2,0.9,0.1,0.1,0.0,0.0,0.0,0.1,0.1,0.0,0.0,0.3,0.0,0.0,0.1,0.1,0.111,0.2,0.111,0.311,0.0968,0.03506,0.00345,0.02919,0.08948,0.01141,0.00904,0.31422,0.01535,0.00434,0.1185244404252146,0.1135547314319469
815608,Wyatt Sanford,PIT,22,L,,floor,Depth (no MLB PA),feed:order+depth,MiLB (MLE),5,1.0,0.2,0.9,0.1,0.1,0.0,0.0,0.0,0.1,0.1,0.0,0.0,0.2,0.0,0.0,0.1,0.1,0.111,0.2,0.111,0.311,0.13391,0.04045,0.0037,0.02918,0.08601,0.01118,0.00811,0.24546,0.01959,0.00549,0.1104724077295015,0.1058403190545277
803734,Hayden Yost,SEA,25,L,,floor,Depth (no MLB PA),feed:order+depth,MiLB (MLE),0,1.0,0.2,0.9,0.1,0.1,0.0,0.0,0.0,0.1,0.1,0.0,0.0,0.2,0.0,0.0,0.1,0.1,0.111,0.2,0.111,0.311,0.13801,0.04108,0.00364,0.02918,0.08286,0.01094,0.00718,0.22871,0.0,0.0,0.1129329803956266,0.1077279129163165
835219,Anthony Potestio,NYY,25,L,,floor,Depth (no MLB PA),default,MiLB (MLE),0,1.0,0.2,0.9,0.1,0.1,0.0,0.0,0.0,0.1,0.1,0.0,0.0,0.2,0.0,0.0,0.1,0.1,0.111,0.2,0.111,0.311,0.1382,0.04104,0.00371,0.02917,0.08307,0.01091,0.00706,0.22803,0.0,0.0,0.1236787918946801,0.1179784512562222
701360,Chris Arroyo,MIA,25,L,,floor,Depth (no MLB PA),default,MiLB (MLE),0,1.0,0.2,0.9,0.1,0.1,0.0,0.0,0.0,0.1,0.1,0.0,0.0,0.2,0.0,0.0,0.1,0.1,0.111,0.2,0.111,0.311,0.13877,0.04236,0.00345,0.02917,0.08269,0.01084,0.00679,0.22778,0.0,0.0,0.1073907841118627,0.1024411557924819
624513,Dom Nuñez,COL,32,L,C,floor,Depth (no MLB PA),default,MLB,5,1.0,0.2,0.9,0.1,0.1,0.0,0.0,0.0,0.1,0.1,0.0,0.0,0.2,0.0,0.0,0.1,0.1,0.111,0.2,0.111,0.311,0.12982,0.04181,0.0026,0.02916,0.08817,0.00677,0.01947,0.24548,0.01596,0.0045,0.1030489955575929,0.0971284642314928
543063,Brandon Crawford,STL,40,L,SS,floor,Depth (no MLB PA),default,MLB,5,1.0,0.2,0.9,0.2,0.1,0.1,0.0,0.0,0.3,0.1,0.0,0.0,0.2,0.0,0.0,0.1,0.1,0.222,0.3,0.333,0.633,0.12835,0.05069,0.00087,0.02915,0.08517,0.01433,0.0089,0.24388,0.00733,0.00206,0.0988570704043548,0.1037334710142998
805117,Jean Carlos Sió,SF,25,L,,floor,Depth (no MLB PA),default,MiLB (MLE),5,1.0,0.2,0.9,0.1,0.1,0.0,0.0,0.0,0.1,0.1,0.0,0.0,0.2,0.0,0.0,0.1,0.1,0.111,0.2,0.111,0.311,0.13152,0.03564,0.00334,0.02921,0.08125,0.01124,0.00833,0.24116,0.0176,0.00497,0.1084288853768579,0.1038824812356177
683001,Ethan Hearn,CHC,25,L,,floor,Depth (no MLB PA),default,MiLB (MLE),5,1.0,0.2,0.9,0.1,0.1,0.0,0.0,0.0,0.1,0.1,0.0,0.0,0.2,0.0,0.0,0.1,0.1,0.111,0.2,0.111,0.311,0.12285,0.04045,0.00283,0.02941,0.08073,0.01109,0.00776,0.24126,0.01636,0.00462,0.1223269824307857,0.117197833518337
680118,Dairon Blanco,KC,34,R,CF,floor,Depth (no MLB PA),default,MLB,2,1.0,0.2,0.9,0.1,0.1,0.0,0.0,0.0,0.1,0.1,0.0,0.0,0.2,0.1,0.0,0.2,0.1,0.111,0.2,0.111,0.311,0.12643,0.04008,0.00554,0.0294,0.06929,0.01032,0.00415,0.24311,0.08552,0.0232,0.1528779177089593,0.1100819797758277
699213,Gleider Figuereo,TEX,25,L,,floor,Depth (no MLB PA),default,MiLB (MLE),0,1.0,0.2,0.9,0.1,0.1,0.0,0.0,0.0,0.1,0.1,0.0,0.0,0.2,0.0,0.0,0.1,0.1,0.111,0.2,0.111,0.311,0.14107,0.04314,0.00324,0.0294,0.08261,0.01094,0.00719,0.2289,0.0,0.0,0.1083739722267322,0.1033790288854258
678173,David McCabe,ATL,25,S,,floor,Depth (no MLB PA),default,MiLB (MLE),5,1.0,0.2,0.9,0.1,0.1,0.0,0.0,0.0,0.1,0.1,0.0,0.0,0.2,0.0,0.0,0.1,0.1,0.111,0.2,0.111,0.311,0.14935,0.04202,0.00267,0.0294,0.08192,0.01115,0.00799,0.23599,0.01719,0.00485,0.1172987096268818,0.1123803953109476
805891,Taylor Young,LAD,25,R,,floor,Depth (no MLB PA),default,MiLB (MLE),5,1.0,0.2,0.9,0.1,0.1,0.0,0.0,0.0,0.1,0.1,0.0,0.0,0.2,0.0,0.0,0.1,0.1,0.111,0.2,0.111,0.311,0.14343,0.04536,0.00305,0.02939,0.08376,0.01103,0.00751,0.22582,0.01778,0.00502,0.1271758659241691,0.1218434041775241
821018,Alexi Quiroz,HOU,25,R,,floor,Depth (no MLB PA),default,MiLB (MLE),0,1.0,0.2,0.9,0.1,0.1,0.0,0.0,0.0,0.1,0.1,0.0,0.0,0.2,0.0,0.0,0.1,0.1,0.111,0.2,0.111,0.311,0.13846,0.04135,0.00344,0.02938,0.08269,0.01084,0.0068,0.2278,0.0,0.0,0.1181433850095948,0.1126981706084979
805964,Stanley Tucker,BOS,25,R,,floor,Depth (no MLB PA),default,MiLB (MLE),0,1.0,0.2,0.9,0.1,0.1,0.0,0.0,0.0,0.1,0.1,0.0,0.0,0.2,0.0,0.0,0.1,0.1,0.111,0.2,0.111,0.311,0.13869,0.04482,0.00337,0.02937,0.08273,0.01088,0.00695,0.22777,0.0,0.0,0.1130247042829025,0.1078154092606633
681974,Onix Vega,NYM,25,R,,floor,Depth (no MLB PA),default,MiLB (MLE),0,1.0,0.2,0.9,0.1,0.1,0.0,0.0,0.0,0.1,0.1,0.0,0.0,0.2,0.0,0.0,0.1,0.1,0.111,0.2,0.111,0.311,0.13621,0.03922,0.00326,0.02936,0.0827,0.01093,0.00715,0.22729,0.0,0.0,0.1175263398742655,0.1121095650092184
800406,Aron Estrada,BAL,22,S,,floor,Depth (no MLB PA),default,MiLB (MLE),0,1.0,0.2,0.9,0.1,0.1,0.0,0.0,0.0,0.1,0.1,0.0,0.0,0.2,0.0,0.0,0.1,0.1,0.111,0.2,0.111,0.311,0.14599,0.03923,0.00327,0.02936,0.0827,0.01093,0.00715,0.22699,0.0,0.0,0.11357196332132,0.1083374451958416
813488,Jayden Lobliner,STL,25,R,,floor,Depth (no MLB PA),default,MiLB (MLE),0,1.0,0.2,0.9,0.1,0.1,0.0,0.0,0.0,0.1,0.1,0.0,0.0,0.2,0.0,0.0,0.1,0.1,0.111,0.2,0.111,0.311,0.13857,0.04028,0.00335,0.02927,0.08264,0.01089,0.00698,0.22842,0.0,0.0,0.1080839852839566,0.103102407405954
667803,Ernesto Martinez Jr.,NYY,25,L,,floor,Depth (no MLB PA),default,MiLB (MLE),5,1.0,0.2,0.9,0.1,0.1,0.0,0.0,0.0,0.1,0.1,0.0,0.0,0.3,0.0,0.0,0.1,0.1,0.111,0.2,0.111,0.311,0.12575,0.03682,0.00572,0.02934,0.08997,0.01142,0.00902,0.25842,0.01835,0.00509,0.1247291425689449,0.1194992715033348
692046,Axel Sanchez,SEA,25,R,,floor,Depth (no MLB PA),default,MiLB (MLE),5,1.0,0.2,0.9,0.1,0.1,0.0,0.0,0.0,0.1,0.1,0.0,0.0,0.2,0.0,0.0,0.1,0.1,0.111,0.2,0.111,0.311,0.13633,0.03621,0.00284,0.02933,0.08276,0.0111,0.00778,0.23322,0.01749,0.00492,0.1138920715242519,0.1091165969463052
801489,Tyce Armstrong,NYY,25,R,,floor,Depth (no MLB PA),default,MiLB (MLE),0,1.0,0.2,0.9,0.1,0.1,0.0,0.0,0.0,0.1,0.1,0.0,0.0,0.2,0.0,0.0,0.1,0.1,0.111,0.2,0.111,0.311,0.13804,0.0417,0.00329,0.02933,0.08285,0.01092,0.00709,0.22838,0.0,0.0,0.1236787918946801,0.1179784512562222
699471,Ivan Melendez,ARI,25,R,,floor,Depth (no MLB PA),default,MiLB (MLE),5,1.0,0.2,0.9,0.1,0.1,0.0,0.0,0.0,0.1,0.1,0.0,0.0,0.2,0.0,0.0,0.1,0.1,0.111,0.2,0.111,0.311,0.1385,0.03867,0.00303,0.02933,0.08211,0.01103,0.00751,0.23189,0.01726,0.00487,0.1197021453855344,0.1146830554298953
829038,Cris Rodriguez,DET,25,R,,floor,Depth (no MLB PA),default,MiLB (MLE),0,1.0,0.2,0.9,0.1,0.1,0.0,0.0,0.0,0.1,0.1,0.0,0.0,0.2,0.0,0.0,0.1,0.1,0.111,0.2,0.111,0.311,0.1382,0.04258,0.00381,0.02933,0.08266,0.01087,0.00689,0.22805,0.0,0.0,0.1144465288333229,0.1091717020886165
801187,Chase Adkison,STL,25,R,,floor,Depth (no MLB PA),default,MiLB (MLE),0,1.0,0.2,0.9,0.1,0.1,0.0,0.0,0.0,0.1,0.1,0.0,0.0,0.2,0.0,0.0,0.1,0.1,0.111,0.2,0.111,0.311,0.13529,0.04329,0.00336,0.02932,0.0826,0.01088,0.00696,0.22785,0.0,0.0,0.1080839852839566,0.103102407405954
702112,Hogan Windish,SEA,25,R,,floor,Depth (no MLB PA),default,MiLB (MLE),5,1.0,0.2,0.9,0.1,0.1,0.0,0.0,0.0,0.1,0.1,0.0,0.0,0.2,0.0,0.0,0.1,0.1,0.111,0.2,0.111,0.311,0.13844,0.03614,0.00283,0.02931,0.08061,0.01109,0.00778,0.23684,0.0171,0.00483,0.1138920715242519,0.1091165969463052
800540,Hector Osorio,TEX,22,L,,floor,Depth (no MLB PA),feed:order+depth,MiLB (MLE),5,1.0,0.2,0.9,0.1,0.1,0.0,0.0,0.0,0.1,0.1,0.0,0.0,0.2,0.0,0.0,0.1,0.1,0.111,0.2,0.111,0.311,0.13985,0.03888,0.00301,0.0293,0.083,0.01104,0.00758,0.22767,0.01728,0.00487,0.1092943456639019,0.1047116529246611
598265,Jackie Bradley Jr.,KC,37,L,CF,floor,Depth (no MLB PA),default,MLB,7,1.0,0.2,0.9,0.1,0.1,0.0,0.0,0.0,0.1,0.1,0.0,0.0,0.2,0.0,0.0,0.1,0.1,0.111,0.2,0.111,0.311,0.14679,0.04315,0.00332,0.02928,0.06562,0.00497,0.00096,0.22619,0.01385,0.004,0.0931098141781545,0.0928430804929757
702488,Logan Wagner,LAD,25,S,,floor,Depth (no MLB PA),default,MiLB (MLE),5,1.0,0.2,0.9,0.1,0.1,0.0,0.0,0.0,0.1,0.1,0.0,0.0,0.2,0.0,0.0,0.1,0.1,0.111,0.2,0.111,0.311,0.12336,0.0382,0.00275,0.02935,0.08562,0.01111,0.00785,0.23923,0.01619,0.00456,0.1271758659241691,0.1218434041775241
701136,Kerrington Cross,SD,25,R,,floor,Depth (no MLB PA),default,MiLB (MLE),0,1.0,0.2,0.9,0.1,0.1,0.0,0.0,0.0,0.1,0.1,0.0,0.0,0.2,0.0,0.0,0.1,0.1,0.111,0.2,0.111,0.311,0.14036,0.04148,0.00333,0.02906,0.08269,0.0109,0.00702,0.22803,0.0,0.0,0.1138336372651961,0.1085870586191268
656024,Carlos Pérez,CWS,30,R,C,floor,Depth (no MLB PA),default,MLB,5,1.0,0.2,0.9,0.1,0.1,0.0,0.0,0.0,0.1,0.1,0.0,0.0,0.2,0.0,0.0,0.1,0.1,0.111,0.2,0.111,0.311,0.14567,0.04282,0.0033,0.02906,0.07598,0.00574,0.00358,0.2178,0.01592,0.00449,0.1088385746401011,0.0998184309608357
800424,Oswaldo Osorio,LAD,25,L,,floor,Depth (no MLB PA),default,MiLB (MLE),5,1.0,0.2,0.9,0.1,0.1,0.0,0.0,0.0,0.1,0.1,0.0,0.0,0.2,0.0,0.0,0.1,0.1,0.111,0.2,0.111,0.311,0.13511,0.0393,0.00341,0.02905,0.08322,0.01102,0.00751,0.23138,0.01711,0.00482,0.1271758659241691,0.1218434041775241
829823,Juan Tomas,CHC,25,S,,floor,Depth (no MLB PA),default,MiLB (MLE),0,1.0,0.2,0.9,0.1,0.1,0.0,0.0,0.0,0.1,0.1,0.0,0.0,0.2,0.0,0.0,0.1,0.1,0.111,0.2,0.111,0.311,0.13985,0.04174,0.00344,0.02905,0.0827,0.01084,0.00681,0.22781,0.0,0.0,0.1212968604734738,0.1157063027676458
808083,Kelvin Alcantara,SEA,25,L,,floor,Depth (no MLB PA),default,MiLB (MLE),0,1.0,0.2,0.9,0.1,0.1,0.0,0.0,0.0,0.1,0.1,0.0,0.0,0.2,0.0,0.0,0.1,0.1,0.111,0.2,0.111,0.311,0.13977,0.04171,0.00344,0.02904,0.08269,0.01085,0.00682,0.22784,0.0,0.0,0.1129329803956266,0.1077279129163165
808141,José Pirela,CLE,25,L,,floor,Depth (no MLB PA),default,MiLB (MLE),0,1.0,0.2,0.9,0.1,0.1,0.0,0.0,0.0,0.1,0.1,0.0,0.0,0.2,0.0,0.0,0.1,0.1,0.111,0.2,0.111,0.311,0.13728,0.04292,0.00383,0.02904,0.08294,0.01098,0.00735,0.22962,0.0,0.0,0.1090765435794416,0.1040492188090162
691405,Juan Benjamin,CLE,25,S,,floor,Depth (no MLB PA),default,MiLB (MLE),5,1.0,0.2,0.9,0.1,0.1,0.0,0.0,0.0,0.1,0.1,0.0,0.0,0.2,0.0,0.0,0.1,0.1,0.111,0.2,0.111,0.311,0.13473,0.03605,0.003,0.02903,0.08278,0.01104,0.00756,0.23168,0.01751,0.00493,0.1100028836523031,0.1053904820395136
815898,Yovanny Rodriguez,NYM,25,R,,floor,Depth (no MLB PA),default,MiLB (MLE),0,1.0,0.2,0.9,0.1,0.1,0.0,0.0,0.0,0.1,0.1,0.0,0.0,0.2,0.0,0.0,0.1,0.1,0.111,0.2,0.111,0.311,0.13662,0.04041,0.00326,0.02903,0.08272,0.01093,0.00715,0.22954,0.0,0.0,0.1175263398742655,0.1121095650092184
803033,Matthew Etzel,MIA,25,L,,floor,Depth (no MLB PA),default,MiLB (MLE),5,1.0,0.2,0.9,0.1,0.1,0.0,0.0,0.0,0.1,0.1,0.0,0.0,0.3,0.0,0.0,0.1,0.1,0.111,0.2,0.111,0.311,0.12411,0.03722,0.00332,0.02903,0.09716,0.01144,0.00909,0.25682,0.02492,0.00702,0.1083028077561248,0.1037616900274031
828714,Daniel Jackson,COL,23,R,,floor,Depth (no MLB PA),feed:order+depth,MiLB (MLE),0,1.0,0.2,0.9,0.1,0.1,0.0,0.0,0.0,0.1,0.1,0.0,0.0,0.2,0.0,0.0,0.1,0.1,0.111,0.2,0.111,0.311,0.13867,0.04143,0.00327,0.02913,0.08286,0.01093,0.00713,0.22847,0.0,0.0,0.1055610191013167,0.1006957244311304
815723,Jadyn Fielder,HOU,25,L,,floor,Depth (no MLB PA),default,MiLB (MLE),0,1.0,0.2,0.9,0.1,0.1,0.0,0.0,0.0,0.1,0.1,0.0,0.0,0.2,0.0,0.0,0.1,0.1,0.111,0.2,0.111,0.311,0.13853,0.04163,0.0034,0.02902,0.08265,0.01086,0.00689,0.22803,0.0,0.0,0.1181433850095948,0.1126981706084979
800302,Mairo Martinus,LAD,25,R,,floor,Depth (no MLB PA),default,MiLB (MLE),0,1.0,0.2,0.9,0.1,0.1,0.0,0.0,0.0,0.1,0.1,0.0,0.0,0.2,0.0,0.0,0.1,0.1,0.111,0.2,0.111,0.311,0.14117,0.03916,0.00375,0.02901,0.08158,0.01101,0.00745,0.23105,0.0,0.0,0.126104911263755,0.1202927510754662
836051,Zach Rogacki,COL,25,L,,floor,Depth (no MLB PA),default,MiLB (MLE),0,1.0,0.2,0.9,0.1,0.1,0.0,0.0,0.0,0.1,0.1,0.0,0.0,0.2,0.0,0.0,0.1,0.1,0.111,0.2,0.111,0.311,0.13906,0.04166,0.00343,0.029,0.08271,0.01085,0.00683,0.2278,0.0,0.0,0.1055610191013167,0.1006957244311304
672478,Jordan Diaz,OAK,26,R,3B,floor,Depth (no MLB PA),default,MLB,6,1.0,0.2,0.9,0.1,0.1,0.0,0.0,0.0,0.1,0.1,0.0,0.0,0.2,0.0,0.0,0.1,0.1,0.111,0.2,0.111,0.311,0.14536,0.04273,0.00329,0.02899,0.06457,0.00889,0.00357,0.22756,0.01062,0.00303,0.0989643449194466,0.1056184999659456
690804,Ryan Nicholson,LAA,25,L,,floor,Depth (no MLB PA),default,MiLB (MLE),5,1.0,0.2,0.9,0.1,0.1,0.0,0.0,0.0,0.1,0.1,0.0,0.0,0.2,0.0,0.0,0.1,0.1,0.111,0.2,0.111,0.311,0.13258,0.042,0.00281,0.02899,0.08194,0.01111,0.00783,0.23346,0.01671,0.00471,0.106480524616612,0.1020158149002312
683609,Victor Duarte,SD,25,R,,floor,Depth (no MLB PA),default,MiLB (MLE),5,1.0,0.2,0.9,0.1,0.1,0.0,0.0,0.0,0.1,0.1,0.0,0.0,0.2,0.0,0.0,0.1,0.1,0.111,0.2,0.111,0.311,0.13922,0.03816,0.00299,0.02899,0.08191,0.01104,0.00756,0.23517,0.01763,0.00497,0.1148003772844334,0.1099868176053142
822324,Blake Penso,COL,25,R,,floor,Depth (no MLB PA),default,MiLB (MLE),0,1.0,0.2,0.9,0.1,0.1,0.0,0.0,0.0,0.1,0.1,0.0,0.0,0.2,0.0,0.0,0.1,0.1,0.111,0.2,0.111,0.311,0.1402,0.04159,0.0034,0.02899,0.0827,0.01087,0.0069,0.22786,0.0,0.0,0.1055610191013167,0.1006957244311304
828333,John Smith III,NYM,25,R,,floor,Depth (no MLB PA),default,MiLB (MLE),0,1.0,0.2,0.9,0.1,0.1,0.0,0.0,0.0,0.1,0.1,0.0,0.0,0.2,0.0,0.0,0.1,0.1,0.111,0.2,0.111,0.311,0.1411,0.04238,0.0034,0.02899,0.0827,0.01087,0.0069,0.22786,0.0,0.0,0.1175263398742655,0.1121095650092184
823766,Jimmy Keenan,MIN,25,R,,floor,Depth (no MLB PA),default,MiLB (MLE),0,1.0,0.2,0.9,0.1,0.1,0.0,0.0,0.0,0.1,0.1,0.0,0.0,0.2,0.0,0.0,0.1,0.1,0.111,0.2,0.111,0.311,0.13908,0.04074,0.00339,0.02898,0.0827,0.01087,0.0069,0.22808,0.0,0.0,0.113135896968568,0.1079214770888242
701326,Luke Heyman,BOS,25,R,,floor,Depth (no MLB PA),default,MiLB (MLE),5,1.0,0.2,0.9,0.1,0.1,0.0,0.0,0.0,0.1,0.1,0.0,0.0,0.2,0.0,0.0,0.1,0.1,0.111,0.2,0.111,0.311,0.13199,0.03778,0.00326,0.02902,0.08393,0.01115,0.00799,0.23559,0.01624,0.00458,0.1139845743829696,0.1092052211763855
815787,Ethan Holliday,COL,20,L,,floor,Depth (no MLB PA),feed:order+depth,MiLB (MLE),0,1.0,0.2,0.9,0.1,0.1,0.0,0.0,0.0,0.1,0.1,0.0,0.0,0.2,0.0,0.0,0.1,0.1,0.111,0.2,0.111,0.311,0.13545,0.04017,0.00396,0.02913,0.08314,0.01097,0.0073,0.23017,0.0,0.0,0.1055610191013167,0.1006957244311304
703449,Nathan Hall,ARI,25,R,,floor,Depth (no MLB PA),default,MiLB (MLE),0,1.0,0.2,0.9,0.1,0.1,0.0,0.0,0.0,0.1,0.1,0.0,0.0,0.2,0.0,0.0,0.1,0.1,0.111,0.2,0.111,0.311,0.14043,0.04185,0.00337,0.02913,0.08265,0.01088,0.00694,0.22793,0.0,0.0,0.1186941273191299,0.1132235292712471
691003,Tre' Morgan,TB,25,L,,floor,Depth (no MLB PA),default,MiLB (MLE),5,1.0,0.2,0.9,0.1,0.1,0.0,0.0,0.0,0.1,0.1,0.0,0.0,0.3,0.0,0.0,0.1,0.1,0.111,0.2,0.111,0.311,0.13778,0.03803,0.00201,0.02913,0.07566,0.01131,0.00862,0.25783,0.01527,0.00432,0.1110392798589936,0.1063834223350814
809720,Damian Bravo,SF,25,R,,floor,Depth (no MLB PA),default,MiLB (MLE),0,1.0,0.2,0.9,0.1,0.1,0.0,0.0,0.0,0.1,0.1,0.0,0.0,0.2,0.0,0.0,0.1,0.1,0.111,0.2,0.111,0.311,0.13523,0.04314,0.00321,0.02913,0.08275,0.01095,0.00723,0.22938,0.0,0.0,0.1075158000263159,0.1025604097384788
814444,Will Turner,BOS,25,L,,floor,Depth (no MLB PA),default,MiLB (MLE),5,1.0,0.2,0.9,0.1,0.1,0.0,0.0,0.0,0.1,0.1,0.0,0.0,0.3,0.0,0.0,0.1,0.1,0.111,0.2,0.111,0.311,0.10307,0.03521,0.00357,0.02913,0.10398,0.01133,0.00869,0.25084,0.01925,0.00545,0.1139845743829696,0.1092052211763855
667690,C.J. Stubbs,WSH,30,R,C,floor,Depth (no MLB PA),default,MLB,0,1.0,0.2,0.9,0.1,0.1,0.0,0.0,0.0,0.1,0.1,0.0,0.0,0.2,0.0,0.0,0.1,0.1,0.111,0.2,0.111,0.311,0.13624,0.04723,0.00288,0.02913,0.08094,0.01044,0.00651,0.22294,0.0,0.0,0.1117065380027561,0.1065579971057784
821107,Yairo Padilla,STL,20,S,,floor,Depth (no MLB PA),feed:order+depth,MiLB (MLE),0,1.0,0.2,0.9,0.1,0.1,0.0,0.0,0.0,0.1,0.1,0.0,0.0,0.2,0.0,0.0,0.1,0.1,0.111,0.2,0.111,0.311,0.13806,0.04096,0.00341,0.02911,0.0827,0.01086,0.00687,0.2279,0.0,0.0,0.1080839852839566,0.103102407405954
814385,Jack Natili,COL,25,R,,floor,Depth (no MLB PA),feed:order+depth,MiLB (MLE),0,1.0,0.2,0.9,0.1,0.1,0.0,0.0,0.0,0.1,0.1,0.0,0.0,0.2,0.0,0.0,0.1,0.1,0.111,0.2,0.111,0.311,0.13782,0.04139,0.00334,0.02911,0.08269,0.0109,0.00701,0.22836,0.0,0.0,0.1055610191013167,0.1006957244311304
686404,Wuilfredo Antunez,PHI,25,L,,floor,Depth (no MLB PA),default,MiLB (MLE),0,1.0,0.2,0.9,0.1,0.1,0.0,0.0,0.0,0.1,0.1,0.0,0.0,0.2,0.0,0.0,0.1,0.1,0.111,0.2,0.111,0.311,0.1399,0.03884,0.00761,0.02911,0.08239,0.01095,0.0072,0.22872,0.0,0.0,0.1161846072924148,0.1108296727206394
821507,Tre Broussard,CLE,22,L,,floor,Depth (no MLB PA),feed:order+depth,MiLB (MLE),0,1.0,0.2,0.9,0.1,0.1,0.0,0.0,0.0,0.1,0.1,0.0,0.0,0.2,0.0,0.0,0.1,0.1,0.111,0.2,0.111,0.311,0.13994,0.04221,0.00344,0.02907,0.08269,0.01084,0.00681,0.22779,0.0,0.0,0.1090765435794416,0.1040492188090162
800266,Yordalin Peña,STL,25,R,,floor,Depth (no MLB PA),default,MiLB (MLE),0,1.0,0.2,0.9,0.1,0.1,0.0,0.0,0.0,0.1,0.1,0.0,0.0,0.2,0.0,0.0,0.1,0.1,0.111,0.2,0.111,0.311,0.13596,0.04309,0.00321,0.0291,0.0823,0.01095,0.00723,0.22982,0.0,0.0,0.1080839852839566,0.103102407405954
805021,Drew Smith,SF,25,R,,floor,Depth (no MLB PA),default,MiLB (MLE),0,1.0,0.2,0.9,0.1,0.1,0.0,0.0,0.0,0.1,0.1,0.0,0.0,0.2,0.0,0.0,0.1,0.1,0.111,0.2,0.111,0.311,0.1395,0.04179,0.00344,0.02909,0.08269,0.01084,0.0068,0.2278,0.0,0.0,0.1075158000263159,0.1025604097384788
701649,James Triantos,CHC,24,R,2B,floor,Depth (no MLB PA),feed:depth,MLB,0,1.0,0.2,0.9,0.1,0.1,0.0,0.0,0.0,0.1,0.1,0.0,0.0,0.2,0.0,0.0,0.1,0.1,0.111,0.2,0.111,0.311,0.13318,0.04856,0.00263,0.02909,0.08452,0.00973,0.00607,0.2277,0.0,0.0,0.1212968604734738,0.1157063027676458
816085,Juan Alvarez,ARI,25,S,,floor,Depth (no MLB PA),default,MiLB (MLE),0,1.0,0.2,0.9,0.1,0.1,0.0,0.0,0.0,0.1,0.1,0.0,0.0,0.2,0.0,0.0,0.1,0.1,0.111,0.2,0.111,0.311,0.13843,0.04134,0.00344,0.02909,0.08269,0.01084,0.0068,0.2278,0.0,0.0,0.1186941273191299,0.1132235292712471
842711,Owen Henne,STL,25,R,,floor,Depth (no MLB PA),default,MiLB (MLE),0,1.0,0.2,0.9,0.1,0.1,0.0,0.0,0.0,0.1,0.1,0.0,0.0,0.2,0.0,0.0,0.1,0.1,0.111,0.2,0.111,0.311,0.13614,0.04178,0.00333,0.02908,0.08277,0.0109,0.00702,0.22793,0.0,0.0,0.1080839852839566,0.103102407405954
822487,Zach MacDonald,DET,25,R,,floor,Depth (no MLB PA),default,MiLB (MLE),0,1.0,0.2,0.9,0.1,0.1,0.0,0.0,0.0,0.1,0.1,0.0,0.0,0.2,0.0,0.0,0.1,0.1,0.111,0.2,0.111,0.311,0.13972,0.04092,0.00341,0.02908,0.08268,0.01086,0.00687,0.22798,0.0,0.0,0.1144465288333229,0.1091717020886165
683490,J.J. D'Orazio,LAA,25,R,,floor,Depth (no MLB PA),default,MiLB (MLE),5,1.0,0.2,0.9,0.1,0.1,0.0,0.0,0.0,0.1,0.1,0.0,0.0,0.2,0.0,0.0,0.1,0.1,0.111,0.2,0.111,0.311,0.14074,0.03563,0.00267,0.02908,0.0817,0.01116,0.00801,0.23201,0.01695,0.00478,0.106480524616612,0.1020158149002312
689425,Charlie Muniz,SF,25,R,,floor,Depth (no MLB PA),default,MiLB (MLE),0,1.0,0.2,0.9,0.1,0.1,0.0,0.0,0.0,0.1,0.1,0.0,0.0,0.2,0.0,0.0,0.1,0.1,0.111,0.2,0.111,0.311,0.137,0.04091,0.00341,0.02908,0.0827,0.01086,0.00687,0.22798,0.0,0.0,0.1075158000263159,0.1025604097384788
800463,Jean Joseph,TOR,25,R,,floor,Depth (no MLB PA),default,MiLB (MLE),0,1.0,0.2,0.9,0.1,0.1,0.0,0.0,0.0,0.1,0.1,0.0,0.0,0.2,0.0,0.0,0.1,0.1,0.111,0.2,0.111,0.311,0.13422,0.04006,0.0039,0.02907,0.08264,0.01096,0.00725,0.22769,0.0,0.0,0.111041150316571,0.1059232770579959
806988,Welbyn Francisca,CLE,21,S,,floor,Depth (no MLB PA),feed:order+depth,MiLB (MLE),0,1.0,0.2,0.9,0.1,0.1,0.0,0.0,0.0,0.1,0.1,0.0,0.0,0.2,0.0,0.0,0.1,0.1,0.111,0.2,0.111,0.311,0.14218,0.04008,0.00334,0.0291,0.08261,0.0109,0.00701,0.22844,0.0,0.0,0.1090765435794416,0.1040492188090162
804466,Carter Garate,TEX,25,L,,floor,Depth (no MLB PA),default,MiLB (MLE),0,1.0,0.2,0.9,0.1,0.1,0.0,0.0,0.0,0.1,0.1,0.0,0.0,0.2,0.0,0.0,0.1,0.1,0.111,0.2,0.111,0.311,0.14048,0.04118,0.00343,0.03001,0.08272,0.01085,0.00683,0.22781,0.0,0.0,0.1083739722267322,0.1033790288854258
842249,Graham Brown,MIN,25,R,,floor,Depth (no MLB PA),default,MiLB (MLE),0,1.0,0.2,0.9,0.1,0.1,0.0,0.0,0.0,0.1,0.1,0.0,0.0,0.2,0.0,0.0,0.1,0.1,0.111,0.2,0.111,0.311,0.14308,0.04118,0.00343,0.03001,0.08272,0.01085,0.00683,0.22776,0.0,0.0,0.113135896968568,0.1079214770888242
811287,Carson Roccaforte,KC,25,L,,floor,Depth (no MLB PA),feed:order+depth,MiLB (MLE),5,1.0,0.2,0.9,0.1,0.1,0.0,0.0,0.0,0.1,0.1,0.0,0.0,0.2,0.0,0.0,0.1,0.1,0.111,0.2,0.111,0.311,0.13759,0.0443,0.00255,0.02999,0.08418,0.01118,0.0081,0.2419,0.01974,0.00552,0.1126208892977148,0.1078987151675124
828600,Hayden Gilliland,LAD,25,L,,floor,Depth (no MLB PA),default,MiLB (MLE),0,1.0,0.2,0.9,0.1,0.1,0.0,0.0,0.0,0.1,0.1,0.0,0.0,0.2,0.0,0.0,0.1,0.1,0.111,0.2,0.111,0.311,0.1384,0.04232,0.00318,0.02999,0.08276,0.01097,0.00729,0.22944,0.0,0.0,0.126104911263755,0.1202927510754662
814413,Ian Petrutz,STL,25,L,,floor,Depth (no MLB PA),default,MiLB (MLE),0,1.0,0.2,0.9,0.1,0.1,0.0,0.0,0.0,0.1,0.1,0.0,0.0,0.2,0.0,0.0,0.1,0.1,0.111,0.2,0.111,0.311,0.13915,0.04112,0.00463,0.02998,0.08246,0.01091,0.00707,0.22811,0.0,0.0,0.1080839852839566,0.103102407405954
686981,Brenden Dixon,CWS,25,R,,floor,Depth (no MLB PA),default,MiLB (MLE),5,1.0,0.2,0.9,0.1,0.1,0.0,0.0,0.0,0.1,0.1,0.0,0.0,0.2,0.0,0.0,0.1,0.1,0.111,0.2,0.111,0.311,0.12837,0.04056,0.00294,0.02997,0.08238,0.01106,0.00764,0.23215,0.01668,0.00471,0.1097434769942643,0.1051419522571364
821273,Edward Florentino,PIT,21,L,,floor,Depth (no MLB PA),feed:order+depth,MiLB (MLE),5,1.0,0.2,0.9,0.1,0.1,0.0,0.0,0.0,0.1,0.1,0.0,0.0,0.2,0.0,0.0,0.1,0.1,0.111,0.2,0.111,0.311,0.11946,0.03729,0.00396,0.02997,0.0879,0.01123,0.00832,0.24628,0.01691,0.00479,0.1104724077295015,0.1058403190545277
825927,Rafe Perich,TEX,25,S,,floor,Depth (no MLB PA),feed:order+depth,MiLB (MLE),5,1.0,0.2,0.9,0.2,0.1,0.1,0.0,0.0,0.3,0.1,0.0,0.0,0.2,0.0,0.0,0.1,0.1,0.222,0.3,0.333,0.633,0.13913,0.05061,0.00299,0.02997,0.08533,0.0113,0.00857,0.23497,0.0173,0.00489,0.1092943456639019,0.1047116529246611
606132,Raimel Tapia,TB,33,L,RF,floor,Depth (no MLB PA),default,MLB,6,1.0,0.2,0.9,0.2,0.2,0.0,0.0,0.0,0.2,0.1,0.0,0.0,0.2,0.0,0.0,0.1,0.1,0.222,0.3,0.222,0.522,0.15018,0.04415,0.0034,0.02996,0.06274,0.00269,0.00365,0.21241,0.02292,0.00639,0.107678880600103,0.0963022245584096
824713,Andrew Williamson,STL,25,L,,floor,Depth (no MLB PA),default,MiLB (MLE),0,1.0,0.2,0.9,0.1,0.1,0.0,0.0,0.0,0.1,0.1,0.0,0.0,0.2,0.0,0.0,0.1,0.1,0.111,0.2,0.111,0.311,0.13384,0.03969,0.00318,0.02941,0.08285,0.01097,0.00728,0.22993,0.0,0.0,0.1080839852839566,0.103102407405954
621466,DJ Stewart,NYM,33,L,RF,floor,Depth (no MLB PA),default,MLB,5,1.0,0.2,0.9,0.1,0.1,0.0,0.0,0.0,0.1,0.1,0.0,0.0,0.3,0.0,0.0,0.1,0.1,0.111,0.2,0.111,0.311,0.118,0.03639,0.0031,0.02991,0.10886,0.02492,0.0054,0.26387,0.01241,0.00351,0.1066200119789979,0.114927119689502
809092,Murf Gray,PIT,24,R,,floor,Depth (no MLB PA),feed:order+depth,MiLB (MLE),5,1.0,0.2,0.9,0.1,0.1,0.0,0.0,0.0,0.1,0.1,0.0,0.0,0.2,0.0,0.0,0.1,0.1,0.111,0.2,0.111,0.311,0.13181,0.03993,0.00256,0.02991,0.08718,0.01118,0.00811,0.23457,0.01646,0.00464,0.1104724077295015,0.1058403190545277
800448,Echedry Vargas,MIA,25,R,,floor,Depth (no MLB PA),default,MiLB (MLE),5,1.0,0.2,0.9,0.1,0.1,0.0,0.0,0.0,0.1,0.1,0.0,0.0,0.2,0.0,0.0,0.1,0.1,0.111,0.2,0.111,0.311,0.14081,0.04152,0.00343,0.02989,0.0809,0.01113,0.0079,0.23404,0.01729,0.00487,0.1083028077561248,0.1037616900274031
543281,Josh Harrison,PHI,39,R,2B,floor,Depth (no MLB PA),default,MLB,6,1.0,0.2,0.9,0.1,0.1,0.0,0.0,0.0,0.1,0.1,0.0,0.0,0.2,0.0,0.0,0.1,0.1,0.111,0.2,0.111,0.311,0.14988,0.04406,0.00339,0.02989,0.05435,0.0327,0.00719,0.18872,0.01049,0.00297,0.110696056310979,0.0878065375176132
703680,Brandon Compton,MIA,24,L,,floor,Depth (no MLB PA),feed:order+depth,MiLB (MLE),5,1.0,0.2,0.9,0.1,0.1,0.0,0.0,0.0,0.1,0.1,0.0,0.0,0.2,0.0,0.0,0.1,0.1,0.111,0.2,0.111,0.311,0.13414,0.04111,0.00288,0.02988,0.08413,0.01108,0.0077,0.23595,0.0179,0.00504,0.1083028077561248,0.1037616900274031
840332,Joe Tiroly,SD,25,R,,floor,Depth (no MLB PA),default,MiLB (MLE),0,1.0,0.2,0.9,0.1,0.1,0.0,0.0,0.0,0.1,0.1,0.0,0.0,0.2,0.0,0.0,0.1,0.1,0.111,0.2,0.111,0.311,0.13926,0.0412,0.00332,0.02988,0.08263,0.0109,0.00704,0.22807,0.0,0.0,0.1138336372651961,0.1085870586191268
572041,AJ Pollock,SF,39,R,LF,floor,Depth (no MLB PA),default,MLB,5,1.0,0.2,0.9,0.1,0.1,0.0,0.0,0.0,0.1,0.1,0.0,0.0,0.2,0.0,0.0,0.1,0.1,0.111,0.2,0.111,0.311,0.14974,0.04402,0.00339,0.02987,0.06534,0.00373,0.00852,0.20601,0.01102,0.00315,0.1076774922238077,0.1018470618083679
677319,Cameron Barstad,PIT,25,L,,floor,Depth (no MLB PA),default,MiLB (MLE),5,1.0,0.2,0.9,0.1,0.1,0.0,0.0,0.0,0.1,0.1,0.0,0.0,0.2,0.0,0.0,0.1,0.1,0.111,0.2,0.111,0.311,0.13162,0.03885,0.00287,0.02986,0.08161,0.01107,0.0077,0.24069,0.01661,0.00468,0.1104724077295015,0.1058403190545277
815697,Arturo Disla,TEX,25,R,,floor,Depth (no MLB PA),default,MiLB (MLE),5,1.0,0.2,0.9,0.1,0.1,0.0,0.0,0.0,0.1,0.1,0.0,0.0,0.3,0.0,0.0,0.1,0.1,0.111,0.2,0.111,0.311,0.13599,0.04422,0.00357,0.02983,0.08306,0.01133,0.00869,0.25387,0.0152,0.00429,0.1092943456639019,0.1047116529246611
700652,Kenny Piper,TB,28,R,C,floor,Depth (no MLB PA),default,MLB,0,1.0,0.2,0.9,0.1,0.1,0.0,0.0,0.0,0.1,0.1,0.0,0.0,0.2,0.0,0.0,0.1,0.1,0.111,0.2,0.111,0.311,0.13027,0.04763,0.00261,0.02994,0.0908,0.00952,0.00593,0.2321,0.0,0.0,0.1101042122391284,0.1050295223438183
815044,Sam Mongelli,LAD,25,R,,floor,Depth (no MLB PA),default,MiLB (MLE),0,1.0,0.2,0.9,0.1,0.1,0.0,0.0,0.0,0.1,0.1,0.0,0.0,0.2,0.0,0.0,0.1,0.1,0.111,0.2,0.111,0.311,0.13771,0.03881,0.00456,0.03052,0.08259,0.01094,0.0072,0.22933,0.0,0.0,0.126104911263755,0.1202927510754662
822578,Brandon Butterworth,BAL,25,R,,floor,Depth (no MLB PA),default,MiLB (MLE),5,1.0,0.2,0.9,0.1,0.1,0.0,0.0,0.0,0.1,0.1,0.0,0.0,0.2,0.0,0.0,0.1,0.1,0.111,0.2,0.111,0.311,0.13183,0.03332,0.00444,0.03051,0.08393,0.01117,0.00805,0.23657,0.01785,0.00501,0.1145364810565329,0.109733986499952
689134,Wyatt Hendrie,PIT,25,R,,floor,Depth (no MLB PA),default,MiLB (MLE),0,1.0,0.2,0.9,0.1,0.1,0.0,0.0,0.0,0.1,0.1,0.0,0.0,0.2,0.0,0.0,0.1,0.1,0.111,0.2,0.111,0.311,0.13889,0.04071,0.00339,0.03051,0.08264,0.01087,0.00691,0.22801,0.0,0.0,0.1095421137696742,0.1044933309251943
807311,Justin Lebron,CIN,23,R,,floor,Depth (no MLB PA),feed:order+depth,MiLB (MLE),0,1.0,0.2,0.9,0.1,0.1,0.0,0.0,0.0,0.1,0.1,0.0,0.0,0.2,0.0,0.0,0.1,0.1,0.111,0.2,0.111,0.311,0.13804,0.04116,0.00312,0.0305,0.08242,0.01099,0.00738,0.23006,0.0,0.0,0.108761859870781,0.1037490388346277
687554,DJ Gladney,NYY,25,R,,floor,Depth (no MLB PA),default,MiLB (MLE),5,1.0,0.2,0.9,0.1,0.1,0.0,0.0,0.0,0.1,0.1,0.0,0.0,0.3,0.0,0.0,0.1,0.1,0.111,0.2,0.111,0.311,0.13043,0.04104,0.00331,0.03046,0.07798,0.01135,0.00879,0.28888,0.01952,0.00546,0.1247291425689449,0.1194992715033348
827665,Dillon Lewis,MIA,24,R,,floor,Depth (no MLB PA),feed:order+depth,MiLB (MLE),5,1.0,0.2,0.9,0.1,0.1,0.0,0.0,0.0,0.1,0.1,0.0,0.0,0.3,0.0,0.0,0.1,0.1,0.111,0.2,0.111,0.311,0.12904,0.03511,0.00548,0.03046,0.07879,0.01131,0.00862,0.26131,0.01964,0.0055,0.1083028077561248,0.1037616900274031
687783,Matthew Wood,MIL,25,L,,floor,Depth (no MLB PA),default,MiLB (MLE),5,1.0,0.2,0.9,0.1,0.1,0.0,0.0,0.0,0.1,0.1,0.0,0.0,0.2,0.0,0.0,0.1,0.1,0.111,0.2,0.111,0.311,0.12651,0.03626,0.00372,0.03041,0.09921,0.01133,0.00864,0.21775,0.01559,0.00441,0.1172969823098257,0.1123787404199927
801928,Owen Carapellotti,TOR,25,L,,floor,Depth (no MLB PA),default,MiLB (MLE),0,1.0,0.2,0.9,0.1,0.1,0.0,0.0,0.0,0.1,0.1,0.0,0.0,0.2,0.0,0.0,0.1,0.1,0.111,0.2,0.111,0.311,0.13315,0.03949,0.00311,0.03038,0.08326,0.01099,0.00739,0.23046,0.0,0.0,0.111041150316571,0.1059232770579959
801629,Cade McGee,STL,25,R,,floor,Depth (no MLB PA),default,MiLB (MLE),0,1.0,0.2,0.9,0.1,0.1,0.0,0.0,0.0,0.1,0.1,0.0,0.0,0.2,0.0,0.0,0.1,0.1,0.111,0.2,0.111,0.311,0.13861,0.04145,0.00452,0.03036,0.08302,0.01095,0.00723,0.2281,0.0,0.0,0.1080839852839566,0.103102407405954
823079,Ben North,KC,25,R,,floor,Depth (no MLB PA),default,MiLB (MLE),0,1.0,0.2,0.9,0.1,0.1,0.0,0.0,0.0,0.1,0.1,0.0,0.0,0.2,0.0,0.0,0.1,0.1,0.111,0.2,0.111,0.311,0.13591,0.0398,0.00325,0.03003,0.08283,0.01094,0.00717,0.22865,0.0,0.0,0.1116725028615235,0.1065255306401104
683104,Trey Faltine,CIN,25,R,,floor,Depth (no MLB PA),default,MiLB (MLE),0,1.0,0.2,0.9,0.1,0.1,0.0,0.0,0.0,0.1,0.1,0.0,0.0,0.2,0.0,0.0,0.1,0.1,0.111,0.2,0.111,0.311,0.13549,0.04046,0.00337,0.03034,0.08271,0.01088,0.00695,0.22827,0.0,0.0,0.108761859870781,0.1037490388346277
700283,Derlin Figueroa,KC,25,L,,floor,Depth (no MLB PA),default,MiLB (MLE),5,1.0,0.2,0.9,0.1,0.1,0.0,0.0,0.0,0.1,0.1,0.0,0.0,0.3,0.0,0.0,0.1,0.1,0.111,0.2,0.111,0.311,0.12465,0.04127,0.00336,0.03033,0.08173,0.01124,0.00835,0.25325,0.01774,0.00501,0.1126208892977148,0.1078987151675124
687148,Adam Fogel,CWS,25,R,,floor,Depth (no MLB PA),default,MiLB (MLE),5,1.0,0.2,0.9,0.1,0.1,0.0,0.0,0.0,0.1,0.1,0.0,0.0,0.2,0.0,0.0,0.1,0.1,0.111,0.2,0.111,0.311,0.13274,0.04366,0.00298,0.03031,0.08231,0.01105,0.00759,0.23163,0.01701,0.0048,0.1097434769942643,0.1051419522571364
684715,Nic Kent,COL,25,R,,floor,Depth (no MLB PA),default,MiLB (MLE),5,1.0,0.2,0.9,0.1,0.1,0.0,0.0,0.0,0.1,0.1,0.0,0.0,0.3,0.0,0.0,0.1,0.1,0.111,0.2,0.111,0.311,0.13008,0.04707,0.00632,0.03027,0.08712,0.01139,0.00891,0.25539,0.01702,0.00485,0.1064575033399691,0.1019937589016792
694974,Colby Shade,MIA,25,R,,floor,Depth (no MLB PA),default,MiLB (MLE),5,1.0,0.2,0.9,0.1,0.1,0.0,0.0,0.0,0.1,0.1,0.0,0.0,0.2,0.0,0.0,0.1,0.1,0.111,0.2,0.111,0.311,0.13206,0.04081,0.00287,0.03026,0.0828,0.01109,0.00774,0.23266,0.01854,0.00521,0.1083028077561248,0.1037616900274031
806275,Jack Goodman,DET,25,R,,floor,Depth (no MLB PA),default,MiLB (MLE),0,1.0,0.2,0.9,0.1,0.1,0.0,0.0,0.0,0.1,0.1,0.0,0.0,0.2,0.0,0.0,0.1,0.1,0.111,0.2,0.111,0.311,0.13432,0.04011,0.00334,0.03009,0.08267,0.01089,0.007,0.22857,0.0,0.0,0.1144465288333229,0.1091717020886165
664670,Alejo Lopez,CIN,31,S,2B,floor,Depth (no MLB PA),default,MLB,6,1.0,0.2,0.9,0.2,0.2,0.0,0.0,0.0,0.2,0.1,0.0,0.0,0.2,0.0,0.0,0.1,0.1,0.222,0.3,0.222,0.522,0.15082,0.04433,0.00342,0.03008,0.07151,0.01178,0.00227,0.19291,0.01782,0.00503,0.1060774509090022,0.0944642551496221
543333,Eric Hosmer,CHC,37,L,1B,floor,Depth (no MLB PA),default,MLB,6,1.0,0.2,0.9,0.2,0.2,0.0,0.0,0.0,0.2,0.1,0.0,0.0,0.2,0.0,0.0,0.1,0.1,0.222,0.3,0.222,0.522,0.15065,0.04429,0.00341,0.03005,0.08097,0.00306,0.00253,0.19268,0.00801,0.00226,0.1013811692987775,0.1128734673850382
813860,Charlie Pagliarini,SEA,25,L,,floor,Depth (no MLB PA),default,MiLB (MLE),5,1.0,0.2,0.9,0.1,0.1,0.0,0.0,0.0,0.1,0.1,0.0,0.0,0.3,0.0,0.0,0.1,0.1,0.111,0.2,0.111,0.311,0.12274,0.0409,0.00371,0.03004,0.09404,0.01138,0.00891,0.27969,0.0163,0.00463,0.1138920715242519,0.1091165969463052
651016,Matt Lloyd,BOS,25,L,,floor,Depth (no MLB PA),default,MiLB (MLE),5,1.0,0.2,0.9,0.1,0.1,0.0,0.0,0.0,0.1,0.1,0.0,0.0,0.2,0.0,0.0,0.1,0.1,0.111,0.2,0.111,0.311,0.13109,0.03505,0.00259,0.03036,0.08446,0.01117,0.00806,0.23807,0.01608,0.00453,0.1139845743829696,0.1092052211763855
802511,Sam Shaw,TOR,22,L,,floor,Depth (no MLB PA),feed:order+depth,MiLB (MLE),0,1.0,0.2,0.9,0.1,0.1,0.0,0.0,0.0,0.1,0.1,0.0,0.0,0.2,0.0,0.0,0.1,0.1,0.111,0.2,0.111,0.311,0.13324,0.04,0.00314,0.02965,0.08424,0.01098,0.00734,0.22894,0.0,0.0,0.111041150316571,0.1059232770579959
806518,Guillermo Rosario,PHI,25,R,,floor,Depth (no MLB PA),default,MiLB (MLE),0,1.0,0.2,0.9,0.1,0.1,0.0,0.0,0.0,0.1,0.1,0.0,0.0,0.2,0.0,0.0,0.1,0.1,0.111,0.2,0.111,0.311,0.13846,0.04135,0.00344,0.02965,0.0827,0.01084,0.0068,0.22779,0.0,0.0,0.1161846072924148,0.1108296727206394
703192,Abdias De La Cruz,ARI,25,R,,floor,Depth (no MLB PA),default,MiLB (MLE),0,1.0,0.2,0.9,0.1,0.1,0.0,0.0,0.0,0.1,0.1,0.0,0.0,0.2,0.0,0.0,0.1,0.1,0.111,0.2,0.111,0.311,0.13397,0.0423,0.00327,0.02961,0.08286,0.01093,0.00714,0.22857,0.0,0.0,0.1186941273191299,0.1132235292712471
806245,Carson Tinney,MIN,25,R,,floor,Depth (no MLB PA),feed:order+depth,MiLB (MLE),0,1.0,0.2,0.9,0.1,0.1,0.0,0.0,0.0,0.1,0.1,0.0,0.0,0.2,0.0,0.0,0.1,0.1,0.111,0.2,0.111,0.311,0.1339,0.03993,0.00325,0.0296,0.08322,0.01093,0.00716,0.22891,0.0,0.0,0.113135896968568,0.1079214770888242
687751,Cortland Lawson,WSH,25,R,,floor,Depth (no MLB PA),default,MiLB (MLE),0,1.0,0.2,0.9,0.1,0.1,0.0,0.0,0.0,0.1,0.1,0.0,0.0,0.2,0.0,0.0,0.1,0.1,0.111,0.2,0.111,0.311,0.13714,0.04184,0.00553,0.02959,0.08295,0.01092,0.00711,0.22856,0.0,0.0,0.1117065380027561,0.1065579971057784
821154,Givian Sirvania,BOS,25,R,,floor,Depth (no MLB PA),default,MiLB (MLE),0,1.0,0.2,0.9,0.1,0.1,0.0,0.0,0.0,0.1,0.1,0.0,0.0,0.2,0.0,0.0,0.1,0.1,0.111,0.2,0.111,0.311,0.1366,0.04079,0.0034,0.02958,0.0827,0.01087,0.0069,0.2279,0.0,0.0,0.1130247042829025,0.1078154092606633
809231,Tom Poole,TB,25,L,,floor,Depth (no MLB PA),default,MiLB (MLE),0,1.0,0.2,0.9,0.1,0.1,0.0,0.0,0.0,0.1,0.1,0.0,0.0,0.2,0.0,0.0,0.1,0.1,0.111,0.2,0.111,0.311,0.13361,0.03985,0.00307,0.02958,0.08298,0.01101,0.00744,0.23316,0.0,0.0,0.1101042122391284,0.1050295223438183
800606,Gavin Grahovac,LAA,22,R,,floor,Depth (no MLB PA),feed:depth,MiLB (MLE),0,1.0,0.2,0.9,0.1,0.1,0.0,0.0,0.0,0.1,0.1,0.0,0.0,0.2,0.0,0.0,0.1,0.1,0.111,0.2,0.111,0.311,0.1378,0.04117,0.00365,0.02955,0.08279,0.01094,0.00717,0.22898,0.0,0.0,0.1055838465145773,0.1007174997316602
805957,Caleb Farmer,WSH,25,R,,floor,Depth (no MLB PA),default,MiLB (MLE),0,1.0,0.2,0.9,0.1,0.1,0.0,0.0,0.0,0.1,0.1,0.0,0.0,0.2,0.0,0.0,0.1,0.1,0.111,0.2,0.111,0.311,0.13698,0.03907,0.00457,0.02951,0.08278,0.01094,0.00717,0.22808,0.0,0.0,0.1117065380027561,0.1065579971057784
690469,Kyle Hayes,WSH,25,R,,floor,Depth (no MLB PA),default,MiLB (MLE),0,1.0,0.2,0.9,0.1,0.1,0.0,0.0,0.0,0.1,0.1,0.0,0.0,0.2,0.0,0.0,0.1,0.1,0.111,0.2,0.111,0.311,0.14084,0.03978,0.00331,0.02983,0.08248,0.01091,0.00705,0.2288,0.0,0.0,0.1117065380027561,0.1065579971057784
671217,Sam Praytor,MIA,25,R,,floor,Depth (no MLB PA),default,MiLB (MLE),0,1.0,0.2,0.9,0.1,0.1,0.0,0.0,0.0,0.1,0.1,0.0,0.0,0.2,0.0,0.0,0.1,0.1,0.111,0.2,0.111,0.311,0.14077,0.04207,0.00338,0.02947,0.08268,0.01087,0.00693,0.22807,0.0,0.0,0.1073907841118627,0.1024411557924819
694808,Zach Kokoska,COL,25,L,,floor,Depth (no MLB PA),default,MiLB (MLE),5,1.0,0.2,0.9,0.1,0.1,0.0,0.0,0.0,0.1,0.1,0.0,0.0,0.3,0.0,0.0,0.1,0.1,0.111,0.2,0.111,0.311,0.12485,0.04399,0.00413,0.02946,0.08181,0.01126,0.00843,0.25096,0.01819,0.00511,0.1064575033399691,0.1019937589016792
823770,JP Smith II,MIN,25,R,,floor,Depth (no MLB PA),default,MiLB (MLE),5,1.0,0.2,0.9,0.1,0.1,0.0,0.0,0.0,0.1,0.1,0.0,0.0,0.2,0.0,0.0,0.1,0.1,0.111,0.2,0.111,0.311,0.13735,0.03901,0.00307,0.02944,0.08394,0.01102,0.00747,0.22884,0.01744,0.00492,0.1140967113801906,0.1093126562889861
682796,Eddinson Paulino,NYM,25,L,,floor,Depth (no MLB PA),default,MiLB (MLE),0,1.0,0.2,0.9,0.1,0.1,0.0,0.0,0.0,0.1,0.1,0.0,0.0,0.2,0.0,0.0,0.1,0.1,0.111,0.2,0.111,0.311,0.14052,0.04053,0.00337,0.02942,0.08274,0.01088,0.00694,0.22798,0.0,0.0,0.1175263398742655,0.1121095650092184
687310,Will Simpson,TB,25,R,,floor,Depth (no MLB PA),default,MiLB (MLE),0,1.0,0.2,0.9,0.1,0.1,0.0,0.0,0.0,0.1,0.1,0.0,0.0,0.2,0.0,0.0,0.1,0.1,0.111,0.2,0.111,0.311,0.13639,0.03923,0.00327,0.02942,0.08358,0.01093,0.00714,0.22794,0.0,0.0,0.1101042122391284,0.1050295223438183
696521,Garrett Spain,MIN,25,L,,floor,Depth (no MLB PA),default,MiLB (MLE),5,1.0,0.2,0.9,0.1,0.1,0.0,0.0,0.0,0.1,0.1,0.0,0.0,0.3,0.0,0.0,0.1,0.1,0.111,0.2,0.111,0.311,0.12194,0.03894,0.00405,0.02942,0.08745,0.01136,0.00881,0.26458,0.02062,0.00582,0.1140967113801906,0.1093126562889861
827629,Austin Machado,ATL,25,L,,floor,Depth (no MLB PA),default,MiLB (MLE),0,1.0,0.2,0.9,0.1,0.1,0.0,0.0,0.0,0.1,0.1,0.0,0.0,0.2,0.0,0.0,0.1,0.1,0.111,0.2,0.111,0.311,0.13573,0.04054,0.00337,0.02942,0.08274,0.01088,0.00694,0.22788,0.0,0.0,0.1163109310194975,0.1109501742023392
808024,Carlos Virahonda,ARI,22,R,,floor,Depth (no MLB PA),feed:depth,MiLB (MLE),0,1.0,0.2,0.9,0.1,0.1,0.0,0.0,0.0,0.1,0.1,0.0,0.0,0.2,0.0,0.0,0.1,0.1,0.111,0.2,0.111,0.311,0.13738,0.04344,0.00338,0.02942,0.08262,0.01088,0.00694,0.22769,0.0,0.0,0.1186941273191299,0.1132235292712471
830339,Luke Pettitte,NYY,25,R,,floor,Depth (no MLB PA),default,MiLB (MLE),0,1.0,0.2,0.9,0.1,0.1,0.0,0.0,0.0,0.1,0.1,0.0,0.0,0.2,0.0,0.0,0.1,0.1,0.111,0.2,0.111,0.311,0.1377,0.04138,0.00337,0.02942,0.0827,0.01088,0.00694,0.22812,0.0,0.0,0.1236787918946801,0.1179784512562222
695554,Tayden Hall,MIL,25,L,,floor,Depth (no MLB PA),default,MiLB (MLE),0,1.0,0.2,0.9,0.1,0.1,0.0,0.0,0.0,0.1,0.1,0.0,0.0,0.2,0.0,0.0,0.1,0.1,0.111,0.2,0.111,0.311,0.13593,0.04059,0.00338,0.02947,0.08286,0.01087,0.00693,0.22798,0.0,0.0,0.1163092182482693,0.1109485403725308
702239,Colin Tuft,BAL,25,R,,floor,Depth (no MLB PA),default,MiLB (MLE),0,1.0,0.2,0.9,0.1,0.1,0.0,0.0,0.0,0.1,0.1,0.0,0.0,0.2,0.0,0.0,0.1,0.1,0.111,0.2,0.111,0.311,0.13298,0.03929,0.00315,0.02983,0.08327,0.01098,0.00732,0.23022,0.0,0.0,0.11357196332132,0.1083374451958416
687262,Jorge Corona,CWS,25,R,,floor,Depth (no MLB PA),default,MiLB (MLE),5,1.0,0.2,0.9,0.1,0.1,0.0,0.0,0.0,0.1,0.1,0.0,0.0,0.2,0.0,0.0,0.1,0.1,0.111,0.2,0.111,0.311,0.13213,0.03514,0.00563,0.02983,0.08001,0.0112,0.0082,0.24825,0.0161,0.00454,0.1097434769942643,0.1051419522571364
668843,Conner Capel,OAK,30,L,LF,floor,Depth (no MLB PA),default,MLB,5,1.0,0.2,0.9,0.1,0.1,0.0,0.0,0.0,0.1,0.1,0.0,0.0,0.2,0.0,0.0,0.1,0.1,0.111,0.2,0.111,0.311,0.13142,0.04223,0.0024,0.02982,0.09406,0.00787,0.0107,0.23805,0.02539,0.00734,0.1116241991233556,0.1086911832557833
808234,Eduardo Quintero,LAD,22,R,,floor,Depth (no MLB PA),feed:depth,MiLB (MLE),0,1.0,0.2,0.9,0.1,0.1,0.0,0.0,0.0,0.1,0.1,0.0,0.0,0.2,0.0,0.0,0.1,0.1,0.111,0.2,0.111,0.311,0.1382,0.04127,0.00344,0.02981,0.08268,0.01084,0.00682,0.22783,0.0,0.0,0.126104911263755,0.1202927510754662
695596,Nick Raposo,SEA,25,R,,floor,Depth (no MLB PA),default,MiLB (MLE),5,1.0,0.2,0.9,0.1,0.1,0.0,0.0,0.0,0.1,0.1,0.0,0.0,0.2,0.0,0.0,0.1,0.1,0.111,0.2,0.111,0.311,0.13282,0.04018,0.00256,0.02979,0.08665,0.01119,0.00812,0.23229,0.01639,0.00463,0.1138920715242519,0.1091165969463052
802494,Ty Doucette,CIN,25,L,,floor,Depth (no MLB PA),default,MiLB (MLE),0,1.0,0.2,0.9,0.1,0.1,0.0,0.0,0.0,0.1,0.1,0.0,0.0,0.2,0.0,0.0,0.1,0.1,0.111,0.2,0.111,0.311,0.13643,0.04092,0.00378,0.02978,0.08352,0.011,0.00741,0.22897,0.0,0.0,0.108761859870781,0.1037490388346277
681377,Josh Hood,SEA,25,R,,floor,Depth (no MLB PA),default,MiLB (MLE),5,1.0,0.2,0.9,0.1,0.1,0.0,0.0,0.0,0.1,0.1,0.0,0.0,0.3,0.0,0.0,0.1,0.1,0.111,0.2,0.111,0.311,0.11633,0.03597,0.00504,0.02976,0.08262,0.01127,0.00846,0.26513,0.01581,0.00445,0.1138920715242519,0.1091165969463052
640457,Austin Meadows,DET,32,L,LF,floor,Depth (no MLB PA),default,MLB,6,1.0,0.2,0.9,0.1,0.1,0.0,0.0,0.0,0.1,0.1,0.0,0.0,0.2,0.0,0.0,0.1,0.1,0.111,0.2,0.111,0.311,0.14922,0.04387,0.00338,0.02976,0.08639,0.01522,0.00218,0.18231,0.01514,0.00431,0.1053750417637319,0.1058002677201189
823719,Ramiro Dominguez,MIN,25,R,,floor,Depth (no MLB PA),feed:order+depth,MiLB (MLE),0,1.0,0.2,0.9,0.1,0.1,0.0,0.0,0.0,0.1,0.1,0.0,0.0,0.2,0.0,0.0,0.1,0.1,0.111,0.2,0.111,0.311,0.13731,0.04099,0.00407,0.02975,0.08273,0.01089,0.00699,0.22804,0.0,0.0,0.113135896968568,0.1079214770888242
691794,Cody Schrier,MIA,25,R,,floor,Depth (no MLB PA),default,MiLB (MLE),5,1.0,0.2,0.9,0.1,0.1,0.0,0.0,0.0,0.1,0.1,0.0,0.0,0.2,0.0,0.0,0.1,0.1,0.111,0.2,0.111,0.311,0.12993,0.04372,0.00264,0.02965,0.08302,0.01116,0.00803,0.23456,0.01835,0.00516,0.1083028077561248,0.1037616900274031
592696,Eddie Rosario,ATL,35,L,RF,floor,Depth (no MLB PA),default,MLB,6,1.0,0.2,0.9,0.1,0.1,0.0,0.0,0.0,0.1,0.1,0.0,0.0,0.2,0.0,0.0,0.1,0.1,0.111,0.2,0.111,0.311,0.11669,0.04442,0.00397,0.02974,0.06155,0.00154,0.00781,0.24354,0.01453,0.00412,0.1025334773185857,0.1065874853530587
672779,Tucupita Marcano,PIT,27,L,SS,floor,Depth (no MLB PA),default,MLB,6,1.0,0.2,0.9,0.1,0.1,0.0,0.0,0.0,0.1,0.1,0.0,0.0,0.2,0.0,0.0,0.1,0.1,0.111,0.2,0.111,0.311,0.14908,0.04383,0.00338,0.02974,0.06033,0.00993,0.00727,0.20922,0.01939,0.00553,0.0999387667468727,0.0940759766875439
691292,Angel Ortiz,ARI,25,L,,floor,Depth (no MLB PA),default,MiLB (MLE),5,1.0,0.2,0.9,0.1,0.1,0.0,0.0,0.0,0.1,0.1,0.0,0.0,0.2,0.0,0.0,0.1,0.1,0.111,0.2,0.111,0.311,0.13876,0.03804,0.00573,0.02973,0.08433,0.01123,0.00828,0.22837,0.01727,0.00485,0.1197021453855344,0.1146830554298953
600303,Tommy La Stella,SF,38,L,3B,floor,Depth (no MLB PA),default,MLB,6,1.0,0.2,0.9,0.1,0.1,0.0,0.0,0.0,0.1,0.1,0.0,0.0,0.2,0.0,0.0,0.1,0.1,0.111,0.2,0.111,0.311,0.14899,0.0438,0.00337,0.02972,0.07321,0.00614,0.01161,0.19623,0.01298,0.00366,0.0991173170624769,0.0918126342581412
700845,Adam Zebrowski,ATL,25,R,,floor,Depth (no MLB PA),default,MiLB (MLE),5,1.0,0.2,0.9,0.1,0.1,0.0,0.0,0.0,0.1,0.1,0.0,0.0,0.2,0.0,0.0,0.1,0.1,0.111,0.2,0.111,0.311,0.127,0.04304,0.00288,0.02971,0.08403,0.01108,0.00774,0.23019,0.01632,0.0046,0.1172987096268818,0.1123803953109476
806263,Brandon Winokur,MIN,23,R,,floor,Depth (no MLB PA),feed:order+depth,MiLB (MLE),5,1.0,0.2,0.9,0.1,0.1,0.0,0.0,0.0,0.1,0.1,0.0,0.0,0.2,0.0,0.0,0.1,0.1,0.111,0.2,0.111,0.311,0.14192,0.03192,0.0044,0.0297,0.07918,0.01123,0.00829,0.24384,0.01885,0.00531,0.1140967113801906,0.1093126562889861
821327,Jake Bennett,TOR,25,R,,floor,Depth (no MLB PA),default,MiLB (MLE),0,1.0,0.2,0.9,0.1,0.1,0.0,0.0,0.0,0.1,0.1,0.0,0.0,0.2,0.0,0.0,0.1,0.1,0.111,0.2,0.111,0.311,0.1373,0.04092,0.0037,0.0297,0.08269,0.01091,0.00708,0.22891,0.0,0.0,0.111041150316571,0.1059232770579959
815896,Emil Morales,LAD,21,R,,floor,Depth (no MLB PA),feed:depth,MiLB (MLE),5,1.0,0.2,0.9,0.1,0.1,0.0,0.0,0.0,0.1,0.1,0.0,0.0,0.2,0.0,0.0,0.1,0.1,0.111,0.2,0.111,0.311,0.1329,0.04112,0.00246,0.02969,0.08523,0.0112,0.0082,0.24094,0.01695,0.00478,0.1271758659241691,0.1218434041775241
805082,Ronny Hernandez,BOS,25,L,,floor,Depth (no MLB PA),default,MiLB (MLE),5,1.0,0.2,0.9,0.1,0.1,0.0,0.0,0.0,0.1,0.1,0.0,0.0,0.2,0.0,0.0,0.1,0.1,0.111,0.2,0.111,0.311,0.14024,0.0394,0.0027,0.02968,0.08527,0.01115,0.00798,0.22643,0.01674,0.00472,0.1139845743829696,0.1092052211763855
807728,Carter Graham,CIN,25,R,,floor,Depth (no MLB PA),feed:order+depth,MiLB (MLE),5,1.0,0.2,0.9,0.1,0.1,0.0,0.0,0.0,0.1,0.1,0.0,0.0,0.2,0.0,0.0,0.1,0.1,0.111,0.2,0.111,0.311,0.13221,0.04253,0.0033,0.02974,0.08722,0.01125,0.00836,0.23964,0.01718,0.00485,0.1096855274705329,0.1050864325467684
824424,Bear Harrison,NYY,25,R,,floor,Depth (no MLB PA),default,MiLB (MLE),0,1.0,0.2,0.9,0.1,0.1,0.0,0.0,0.0,0.1,0.1,0.0,0.0,0.2,0.0,0.0,0.1,0.1,0.111,0.2,0.111,0.311,0.13576,0.04077,0.00369,0.02747,0.08281,0.01092,0.0071,0.22885,0.0,0.0,0.1236787918946801,0.1179784512562222
673945,Freuddy Batista,HOU,25,R,,floor,Depth (no MLB PA),default,MiLB (MLE),5,1.0,0.2,0.9,0.1,0.1,0.0,0.0,0.0,0.1,0.1,0.0,0.0,0.2,0.0,0.0,0.1,0.1,0.111,0.2,0.111,0.311,0.1411,0.03977,0.00287,0.02747,0.08211,0.01109,0.00777,0.2295,0.01744,0.00492,0.1191467258589332,0.1141509245466025
809372,Victor Figueroa,BAL,25,L,,floor,Depth (no MLB PA),default,MiLB (MLE),5,1.0,0.2,0.9,0.1,0.1,0.0,0.0,0.0,0.1,0.1,0.0,0.0,0.2,0.0,0.0,0.1,0.1,0.111,0.2,0.111,0.311,0.14273,0.03834,0.00383,0.02747,0.08141,0.01114,0.00795,0.242,0.01755,0.00495,0.1145364810565329,0.109733986499952
641553,Adam Engel,CWS,35,R,CF,floor,Depth (no MLB PA),default,MLB,2,1.0,0.2,0.9,0.1,0.1,0.0,0.0,0.0,0.1,0.1,0.0,0.0,0.3,0.0,0.0,0.1,0.1,0.111,0.2,0.111,0.311,0.1377,0.04048,0.00312,0.02747,0.05958,0.01367,0.00156,0.26639,0.02691,0.00763,0.1119383465341496,0.0891713883682343
812185,Clay Burdette,CWS,25,R,,floor,Depth (no MLB PA),default,MiLB (MLE),0,1.0,0.2,0.9,0.1,0.1,0.0,0.0,0.0,0.1,0.1,0.0,0.0,0.2,0.0,0.0,0.1,0.1,0.111,0.2,0.111,0.311,0.13798,0.04033,0.00562,0.02747,0.08277,0.01095,0.00722,0.23047,0.0,0.0,0.1088193213985232,0.1038038519674695
816152,DJ Layton,BAL,25,S,,floor,Depth (no MLB PA),default,MiLB (MLE),0,1.0,0.2,0.9,0.1,0.1,0.0,0.0,0.0,0.1,0.1,0.0,0.0,0.2,0.0,0.0,0.1,0.1,0.111,0.2,0.111,0.311,0.13612,0.04239,0.00315,0.02746,0.08371,0.01098,0.00732,0.23143,0.0,0.0,0.11357196332132,0.1083374451958416
687201,Kevin Kilpatrick Jr.,ATL,25,R,,floor,Depth (no MLB PA),default,MiLB (MLE),0,1.0,0.2,0.9,0.1,0.1,0.0,0.0,0.0,0.1,0.1,0.0,0.0,0.2,0.0,0.0,0.1,0.1,0.111,0.2,0.111,0.311,0.13715,0.03945,0.00328,0.02746,0.08256,0.01092,0.0071,0.22882,0.0,0.0,0.1163109310194975,0.1109501742023392
676625,Rylan Bannon,HOU,31,R,2B,floor,Depth (no MLB PA),default,MLB,0,1.0,0.2,0.9,0.1,0.1,0.0,0.0,0.0,0.1,0.1,0.0,0.0,0.2,0.0,0.0,0.1,0.1,0.111,0.2,0.111,0.311,0.13767,0.04047,0.00312,0.02746,0.07529,0.01815,0.00534,0.24259,0.0,0.0,0.1181433850095948,0.1126981706084979
806174,Cameron Nelson,COL,25,L,,floor,Depth (no MLB PA),default,MiLB (MLE),0,1.0,0.2,0.9,0.1,0.1,0.0,0.0,0.0,0.1,0.1,0.0,0.0,0.2,0.0,0.0,0.1,0.1,0.111,0.2,0.111,0.311,0.1406,0.04143,0.00332,0.02835,0.08264,0.0109,0.00704,0.22825,0.0,0.0,0.1055610191013167,0.1006957244311304
804053,Brayden Dowd,ARI,25,L,,floor,Depth (no MLB PA),default,MiLB (MLE),0,1.0,0.2,0.9,0.1,0.1,0.0,0.0,0.0,0.1,0.1,0.0,0.0,0.2,0.0,0.0,0.1,0.1,0.111,0.2,0.111,0.311,0.13525,0.04116,0.00325,0.02746,0.08287,0.01094,0.00717,0.22831,0.0,0.0,0.1186941273191299,0.1132235292712471
676063,Shane McGuire,OAK,25,L,,floor,Depth (no MLB PA),default,MiLB (MLE),5,1.0,0.2,0.9,0.1,0.1,0.0,0.0,0.0,0.1,0.1,0.0,0.0,0.2,0.0,0.0,0.1,0.1,0.111,0.2,0.111,0.311,0.13645,0.04002,0.00291,0.02746,0.08392,0.01108,0.0077,0.22984,0.01733,0.00489,0.1137291867017833,0.1089605418558665
695046,Drew Brutcher,HOU,25,L,,floor,Depth (no MLB PA),feed:order+depth,MiLB (MLE),5,1.0,0.2,0.9,0.1,0.1,0.0,0.0,0.0,0.1,0.1,0.0,0.0,0.2,0.0,0.0,0.1,0.1,0.111,0.2,0.111,0.311,0.13959,0.04602,0.00396,0.02745,0.08739,0.01111,0.00784,0.23057,0.01782,0.00502,0.1191467258589332,0.1141509245466025
806053,Dean Curley,CLE,23,R,,floor,Depth (no MLB PA),feed:order+depth,MiLB (MLE),5,1.0,0.2,0.9,0.1,0.1,0.0,0.0,0.0,0.1,0.1,0.0,0.0,0.2,0.0,0.0,0.1,0.1,0.111,0.2,0.111,0.311,0.13669,0.04027,0.00248,0.02745,0.08514,0.01119,0.00815,0.24668,0.01756,0.00497,0.1100028836523031,0.1053904820395136
809860,Mason Lytle,HOU,25,R,,floor,Depth (no MLB PA),default,MiLB (MLE),0,1.0,0.2,0.9,0.1,0.1,0.0,0.0,0.0,0.1,0.1,0.0,0.0,0.2,0.0,0.0,0.1,0.1,0.111,0.2,0.111,0.311,0.14128,0.04225,0.00328,0.02744,0.08246,0.01092,0.00712,0.2282,0.0,0.0,0.1181433850095948,0.1126981706084979
815089,Coby Morales,NYY,25,L,,floor,Depth (no MLB PA),default,MiLB (MLE),5,1.0,0.2,0.9,0.1,0.1,0.0,0.0,0.0,0.1,0.1,0.0,0.0,0.3,0.0,0.0,0.1,0.1,0.111,0.2,0.111,0.311,0.14056,0.03644,0.00459,0.02744,0.09037,0.01138,0.00888,0.25512,0.02156,0.00615,0.1247291425689449,0.1194992715033348
807983,Ramon Landaeta,OAK,25,R,,floor,Depth (no MLB PA),default,MiLB (MLE),0,1.0,0.2,0.9,0.1,0.1,0.0,0.0,0.0,0.1,0.1,0.0,0.0,0.2,0.0,0.0,0.1,0.1,0.111,0.2,0.111,0.311,0.13881,0.04114,0.00361,0.02744,0.0827,0.01095,0.00723,0.22982,0.0,0.0,0.112771467234821,0.1075738438776605
808503,Jeremy Almonte,MIA,25,R,,floor,Depth (no MLB PA),default,MiLB (MLE),0,1.0,0.2,0.9,0.1,0.1,0.0,0.0,0.0,0.1,0.1,0.0,0.0,0.2,0.0,0.0,0.1,0.1,0.111,0.2,0.111,0.311,0.14416,0.04026,0.00318,0.02744,0.08269,0.01097,0.0073,0.22857,0.0,0.0,0.1073907841118627,0.1024411557924819
806981,Luis Almeyda,BAL,25,R,,floor,Depth (no MLB PA),default,MiLB (MLE),0,1.0,0.2,0.9,0.1,0.1,0.0,0.0,0.0,0.1,0.1,0.0,0.0,0.2,0.0,0.0,0.1,0.1,0.111,0.2,0.111,0.311,0.13808,0.0407,0.00328,0.02743,0.08257,0.01092,0.00712,0.22849,0.0,0.0,0.11357196332132,0.1083374451958416
808337,Adriander Mejía,BAL,25,R,,floor,Depth (no MLB PA),default,MiLB (MLE),0,1.0,0.2,0.9,0.1,0.1,0.0,0.0,0.0,0.1,0.1,0.0,0.0,0.2,0.0,0.0,0.1,0.1,0.111,0.2,0.111,0.311,0.13927,0.04204,0.00328,0.02746,0.08266,0.01092,0.00711,0.22843,0.0,0.0,0.11357196332132,0.1083374451958416
809091,Ben Newton,OAK,25,S,,floor,Depth (no MLB PA),default,MiLB (MLE),0,1.0,0.2,0.9,0.1,0.1,0.0,0.0,0.0,0.1,0.1,0.0,0.0,0.2,0.0,0.0,0.1,0.1,0.111,0.2,0.111,0.311,0.13953,0.03954,0.00402,0.02752,0.08295,0.01092,0.00709,0.22914,0.0,0.0,0.112771467234821,0.1075738438776605
812807,Kyle Jones,MIL,25,R,,floor,Depth (no MLB PA),default,MiLB (MLE),0,1.0,0.2,0.9,0.1,0.1,0.0,0.0,0.0,0.1,0.1,0.0,0.0,0.2,0.0,0.0,0.1,0.1,0.111,0.2,0.111,0.311,0.14108,0.03996,0.00326,0.02752,0.08271,0.01094,0.00716,0.22825,0.0,0.0,0.1163092182482693,0.1109485403725308
543228,Yan Gomes,CHC,39,R,C,floor,Depth (no MLB PA),default,MLB,6,1.0,0.2,1.0,0.2,0.1,0.1,0.0,0.0,0.3,0.0,0.0,0.0,0.2,0.0,0.0,0.1,0.1,0.2,0.2,0.3,0.5,0.13769,0.05696,0.00219,0.02752,0.04656,0.01514,0.0138,0.21634,0.00676,0.00189,0.1014884736693308,0.1216295040221892
830619,Dawson Willis,SD,25,R,,floor,Depth (no MLB PA),default,MiLB (MLE),0,1.0,0.2,0.9,0.1,0.1,0.0,0.0,0.0,0.1,0.1,0.0,0.0,0.2,0.0,0.0,0.1,0.1,0.111,0.2,0.111,0.311,0.13443,0.04165,0.00465,0.02751,0.08292,0.011,0.00742,0.23345,0.0,0.0,0.1138336372651961,0.1085870586191268
694991,Mitch Jebb,PIT,25,L,,floor,Depth (no MLB PA),default,MiLB (MLE),5,1.0,0.2,0.9,0.1,0.1,0.0,0.0,0.0,0.1,0.1,0.0,0.0,0.2,0.0,0.0,0.1,0.1,0.111,0.2,0.111,0.311,0.14708,0.03484,0.00888,0.0275,0.08667,0.01133,0.00866,0.2213,0.01939,0.00548,0.1104724077295015,0.1058403190545277
687072,Jamari Baylor,NYM,25,R,,floor,Depth (no MLB PA),default,MiLB (MLE),0,1.0,0.2,0.9,0.1,0.1,0.0,0.0,0.0,0.1,0.1,0.0,0.0,0.2,0.0,0.0,0.1,0.1,0.111,0.2,0.111,0.311,0.13742,0.03925,0.00445,0.0275,0.08307,0.01098,0.00733,0.22963,0.0,0.0,0.1175263398742655,0.1121095650092184
701206,Willy Montero,NYY,25,R,,floor,Depth (no MLB PA),default,MiLB (MLE),0,1.0,0.2,0.9,0.1,0.1,0.0,0.0,0.0,0.1,0.1,0.0,0.0,0.2,0.0,0.0,0.1,0.1,0.111,0.2,0.111,0.311,0.14072,0.0402,0.00322,0.0275,0.08243,0.01095,0.00722,0.22911,0.0,0.0,0.1236787918946801,0.1179784512562222
699111,Diego Omana,CIN,25,R,,floor,Depth (no MLB PA),default,MiLB (MLE),0,1.0,0.2,0.9,0.1,0.1,0.0,0.0,0.0,0.1,0.1,0.0,0.0,0.2,0.0,0.0,0.1,0.1,0.111,0.2,0.111,0.311,0.137,0.04094,0.00329,0.0275,0.08261,0.01092,0.0071,0.22894,0.0,0.0,0.108761859870781,0.1037490388346277
676053,Casey Opitz,CHC,25,S,,floor,Depth (no MLB PA),default,MiLB (MLE),5,1.0,0.2,0.9,0.1,0.1,0.0,0.0,0.0,0.1,0.1,0.0,0.0,0.2,0.0,0.0,0.1,0.1,0.111,0.2,0.111,0.311,0.14159,0.03664,0.00305,0.02749,0.08181,0.01102,0.00749,0.23197,0.01748,0.00493,0.1223269824307857,0.117197833518337
694194,Miguel Bleis,BOS,25,R,,floor,Depth (no MLB PA),default,MiLB (MLE),5,1.0,0.2,0.9,0.1,0.1,0.0,0.0,0.0,0.1,0.1,0.0,0.0,0.2,0.0,0.0,0.1,0.1,0.111,0.2,0.111,0.311,0.13616,0.03728,0.0021,0.02747,0.07597,0.0113,0.00858,0.24353,0.01852,0.00521,0.1139845743829696,0.1092052211763855
699167,Samuel Escudero,PIT,25,R,,floor,Depth (no MLB PA),default,MiLB (MLE),0,1.0,0.2,0.9,0.1,0.1,0.0,0.0,0.0,0.1,0.1,0.0,0.0,0.2,0.0,0.0,0.1,0.1,0.111,0.2,0.111,0.311,0.13429,0.03787,0.00315,0.02749,0.08228,0.01098,0.00734,0.2293,0.0,0.0,0.1095421137696742,0.1044933309251943
813400,Jack Winnay,BOS,25,R,,floor,Depth (no MLB PA),feed:order+depth,MiLB (MLE),5,1.0,0.2,0.9,0.1,0.1,0.0,0.0,0.0,0.1,0.1,0.0,0.0,0.2,0.0,0.0,0.1,0.1,0.111,0.2,0.111,0.311,0.13883,0.04167,0.00261,0.02749,0.08343,0.01117,0.00808,0.23107,0.01641,0.00463,0.1139845743829696,0.1092052211763855
842660,Owen Nowak,HOU,25,L,,floor,Depth (no MLB PA),default,MiLB (MLE),0,1.0,0.2,0.9,0.1,0.1,0.0,0.0,0.0,0.1,0.1,0.0,0.0,0.2,0.0,0.0,0.1,0.1,0.111,0.2,0.111,0.311,0.13981,0.04162,0.00448,0.02748,0.08281,0.01092,0.00711,0.22787,0.0,0.0,0.1181433850095948,0.1126981706084979
808708,Marcelo Alcala,CWS,25,R,,floor,Depth (no MLB PA),default,MiLB (MLE),0,1.0,0.2,0.9,0.1,0.1,0.0,0.0,0.0,0.1,0.1,0.0,0.0,0.2,0.0,0.0,0.1,0.1,0.111,0.2,0.111,0.311,0.13146,0.04035,0.00358,0.02748,0.08295,0.01096,0.00727,0.23119,0.0,0.0,0.1088193213985232,0.1038038519674695
805550,Ryan Weingartner,STL,25,R,,floor,Depth (no MLB PA),default,MiLB (MLE),0,1.0,0.2,0.9,0.1,0.1,0.0,0.0,0.0,0.1,0.1,0.0,0.0,0.2,0.0,0.0,0.1,0.1,0.111,0.2,0.111,0.311,0.13742,0.04101,0.00329,0.02748,0.08288,0.01092,0.0071,0.22839,0.0,0.0,0.1080839852839566,0.103102407405954
836084,Jimmy Anderson,BAL,25,R,,floor,Depth (no MLB PA),default,MiLB (MLE),0,1.0,0.2,0.9,0.1,0.1,0.0,0.0,0.0,0.1,0.1,0.0,0.0,0.2,0.0,0.0,0.1,0.1,0.111,0.2,0.111,0.311,0.13833,0.0412,0.00329,0.02748,0.08277,0.01092,0.0071,0.22829,0.0,0.0,0.11357196332132,0.1083374451958416
812518,Camden Janik,PIT,25,R,,floor,Depth (no MLB PA),default,MiLB (MLE),0,1.0,0.2,0.9,0.1,0.1,0.0,0.0,0.0,0.1,0.1,0.0,0.0,0.2,0.0,0.0,0.1,0.1,0.111,0.2,0.111,0.311,0.13996,0.0409,0.00329,0.02748,0.0826,0.01092,0.00711,0.22822,0.0,0.0,0.1095421137696742,0.1044933309251943
813916,Kellon Lindsey,LAD,22,R,,floor,Depth (no MLB PA),feed:depth,MiLB (MLE),5,1.0,0.2,0.9,0.1,0.1,0.0,0.0,0.0,0.1,0.1,0.0,0.0,0.2,0.0,0.0,0.1,0.1,0.111,0.2,0.111,0.311,0.13741,0.03869,0.0044,0.02747,0.08453,0.01106,0.00765,0.23346,0.01782,0.00502,0.1271758659241691,0.1218434041775241
687521,Eric Brown Jr.,MIL,25,R,,floor,Depth (no MLB PA),default,MiLB (MLE),5,1.0,0.2,0.9,0.1,0.1,0.0,0.0,0.0,0.1,0.1,0.0,0.0,0.2,0.0,0.0,0.1,0.1,0.111,0.2,0.111,0.311,0.14833,0.03664,0.00305,0.02747,0.08337,0.01102,0.0075,0.22867,0.01847,0.0052,0.1172969823098257,0.1123787404199927
807587,Angel Ramirez,KC,25,R,,floor,Depth (no MLB PA),default,MiLB (MLE),0,1.0,0.2,0.9,0.1,0.1,0.0,0.0,0.0,0.1,0.1,0.0,0.0,0.2,0.0,0.0,0.1,0.1,0.111,0.2,0.111,0.311,0.13948,0.03992,0.00322,0.02749,0.08276,0.01095,0.00723,0.2287,0.0,0.0,0.1116725028615235,0.1065255306401104
814748,Dariel Ramon,TOR,25,R,,floor,Depth (no MLB PA),default,MiLB (MLE),0,1.0,0.2,0.9,0.1,0.1,0.0,0.0,0.0,0.1,0.1,0.0,0.0,0.2,0.0,0.0,0.1,0.1,0.111,0.2,0.111,0.311,0.13601,0.04085,0.00399,0.02737,0.08287,0.01093,0.00713,0.22835,0.0,0.0,0.111041150316571,0.1059232770579959
694204,Maikol Hernández,BAL,25,R,,floor,Depth (no MLB PA),default,MiLB (MLE),0,1.0,0.2,0.9,0.1,0.1,0.0,0.0,0.0,0.1,0.1,0.0,0.0,0.2,0.0,0.0,0.1,0.1,0.111,0.2,0.111,0.311,0.13669,0.0393,0.00327,0.02736,0.08274,0.01092,0.00712,0.22937,0.0,0.0,0.11357196332132,0.1083374451958416
828519,Braylon Whitaker,BAL,25,L,,floor,Depth (no MLB PA),default,MiLB (MLE),0,1.0,0.2,0.9,0.1,0.1,0.0,0.0,0.0,0.1,0.1,0.0,0.0,0.2,0.0,0.0,0.1,0.1,0.111,0.2,0.111,0.311,0.13569,0.04074,0.0039,0.02736,0.08308,0.01096,0.00725,0.22798,0.0,0.0,0.11357196332132,0.1083374451958416
801260,Jairo Diaz,CHC,25,L,,floor,Depth (no MLB PA),default,MiLB (MLE),0,1.0,0.2,0.9,0.1,0.1,0.0,0.0,0.0,0.1,0.1,0.0,0.0,0.2,0.0,0.0,0.1,0.1,0.111,0.2,0.111,0.311,0.13585,0.04016,0.0032,0.02735,0.08319,0.01096,0.00724,0.2302,0.0,0.0,0.1212968604734738,0.1157063027676458
815897,Robert Arias,CLE,21,L,,floor,Depth (no MLB PA),feed:order+depth,MiLB (MLE),0,1.0,0.2,0.9,0.1,0.1,0.0,0.0,0.0,0.1,0.1,0.0,0.0,0.2,0.0,0.0,0.1,0.1,0.111,0.2,0.111,0.311,0.13925,0.04133,0.00348,0.02735,0.08334,0.011,0.00742,0.22775,0.0,0.0,0.1090765435794416,0.1040492188090162
683169,Sean McLain,LAD,25,R,,floor,Depth (no MLB PA),default,MiLB (MLE),5,1.0,0.2,0.9,0.1,0.1,0.0,0.0,0.0,0.1,0.1,0.0,0.0,0.2,0.0,0.0,0.1,0.1,0.111,0.2,0.111,0.311,0.13741,0.03784,0.00569,0.02735,0.08164,0.01119,0.00817,0.24572,0.01823,0.00513,0.1271758659241691,0.1218434041775241
686540,Owen Cobb,NYY,25,R,,floor,Depth (no MLB PA),default,MiLB (MLE),0,1.0,0.2,0.9,0.1,0.1,0.0,0.0,0.0,0.1,0.1,0.0,0.0,0.2,0.0,0.0,0.1,0.1,0.111,0.2,0.111,0.311,0.1365,0.04632,0.00327,0.02735,0.08234,0.01093,0.00714,0.22823,0.0,0.0,0.1236787918946801,0.1179784512562222
694842,JT Benson,NYM,25,R,,floor,Depth (no MLB PA),default,MiLB (MLE),5,1.0,0.2,0.9,0.1,0.1,0.0,0.0,0.0,0.1,0.1,0.0,0.0,0.2,0.0,0.0,0.1,0.1,0.111,0.2,0.111,0.311,0.13699,0.03749,0.00301,0.02735,0.08196,0.01104,0.00755,0.23108,0.01763,0.00497,0.1185244404252146,0.1135547314319469
695612,Alex Mooney,CLE,25,R,,floor,Depth (no MLB PA),default,MiLB (MLE),0,1.0,0.2,0.9,0.1,0.1,0.0,0.0,0.0,0.1,0.1,0.0,0.0,0.2,0.0,0.0,0.1,0.1,0.111,0.2,0.111,0.311,0.13398,0.03927,0.00327,0.02734,0.08234,0.01093,0.00714,0.22851,0.0,0.0,0.1090765435794416,0.1040492188090162
700681,Nick Lorusso,NYM,25,R,,floor,Depth (no MLB PA),default,MiLB (MLE),5,1.0,0.2,0.9,0.1,0.1,0.0,0.0,0.0,0.1,0.1,0.0,0.0,0.2,0.0,0.0,0.1,0.1,0.111,0.2,0.111,0.311,0.13781,0.03584,0.00266,0.02743,0.08358,0.01116,0.00802,0.23205,0.01792,0.00504,0.1185244404252146,0.1135547314319469
687730,Caleb Cali,SEA,25,R,,floor,Depth (no MLB PA),default,MiLB (MLE),5,1.0,0.2,0.9,0.1,0.1,0.0,0.0,0.0,0.1,0.1,0.0,0.0,0.3,0.0,0.0,0.1,0.1,0.111,0.2,0.111,0.311,0.11023,0.03708,0.00163,0.02734,0.08692,0.01136,0.00883,0.28858,0.01781,0.00496,0.1138920715242519,0.1091165969463052
687766,Miguel Useche,CHC,25,R,,floor,Depth (no MLB PA),default,MiLB (MLE),5,1.0,0.2,0.9,0.1,0.1,0.0,0.0,0.0,0.1,0.1,0.0,0.0,0.2,0.0,0.0,0.1,0.1,0.111,0.2,0.111,0.311,0.1418,0.04485,0.0026,0.02734,0.08368,0.01118,0.0081,0.23067,0.01727,0.00487,0.1223269824307857,0.117197833518337
829398,Franklin Primera,BOS,20,R,,floor,Depth (no MLB PA),feed:order+depth,MiLB (MLE),0,1.0,0.2,0.9,0.1,0.1,0.0,0.0,0.0,0.1,0.1,0.0,0.0,0.2,0.0,0.0,0.1,0.1,0.111,0.2,0.111,0.311,0.1429,0.04128,0.00347,0.02733,0.08312,0.01101,0.00743,0.22716,0.0,0.0,0.1130247042829025,0.1078154092606633
592656,Henry Ramos,CIN,35,S,RF,floor,Depth (no MLB PA),default,MLB,6,1.0,0.2,0.9,0.1,0.1,0.0,0.0,0.0,0.1,0.1,0.0,0.0,0.2,0.0,0.0,0.1,0.1,0.111,0.2,0.111,0.311,0.137,0.04027,0.0031,0.02733,0.09578,0.01105,0.00325,0.23448,0.01944,0.00551,0.1065970139338626,0.0952724642994049
808694,Nixon Chirinos,MIA,25,R,,floor,Depth (no MLB PA),default,MiLB (MLE),0,1.0,0.2,0.9,0.1,0.1,0.0,0.0,0.0,0.1,0.1,0.0,0.0,0.2,0.0,0.0,0.1,0.1,0.111,0.2,0.111,0.311,0.13867,0.04012,0.00323,0.02733,0.08308,0.01094,0.0072,0.22877,0.0,0.0,0.1073907841118627,0.1024411557924819
688367,Tucker Mitchell,TEX,25,R,,floor,Depth (no MLB PA),default,MiLB (MLE),0,1.0,0.2,0.9,0.1,0.1,0.0,0.0,0.0,0.1,0.1,0.0,0.0,0.2,0.0,0.0,0.1,0.1,0.111,0.2,0.111,0.311,0.14365,0.04483,0.00327,0.02733,0.08267,0.01093,0.00715,0.22712,0.0,0.0,0.1083739722267322,0.1033790288854258
829034,Josuar Gonzalez,SF,20,S,,floor,Depth (no MLB PA),feed:order+depth,MiLB (MLE),0,1.0,0.2,0.9,0.1,0.1,0.0,0.0,0.0,0.1,0.1,0.0,0.0,0.2,0.0,0.0,0.1,0.1,0.111,0.2,0.111,0.311,0.14266,0.04053,0.00549,0.02733,0.08301,0.01098,0.00731,0.22872,0.0,0.0,0.1075158000263159,0.1025604097384788
808744,Cal Stark,TEX,25,R,,floor,Depth (no MLB PA),default,MiLB (MLE),5,1.0,0.2,0.9,0.1,0.1,0.0,0.0,0.0,0.1,0.1,0.0,0.0,0.2,0.0,0.0,0.1,0.1,0.111,0.2,0.111,0.311,0.12756,0.03757,0.003,0.02733,0.08203,0.01103,0.00753,0.2359,0.01664,0.00469,0.1092943456639019,0.1047116529246611
806983,Yophery Rodriguez,BOS,25,L,,floor,Depth (no MLB PA),default,MiLB (MLE),5,1.0,0.2,0.9,0.1,0.1,0.0,0.0,0.0,0.1,0.1,0.0,0.0,0.2,0.0,0.0,0.1,0.1,0.111,0.2,0.111,0.311,0.12629,0.04611,0.00243,0.02732,0.08124,0.01122,0.00826,0.23925,0.01568,0.00443,0.1139845743829696,0.1092052211763855
814411,Matt Scannell,ATL,25,L,,floor,Depth (no MLB PA),default,MiLB (MLE),0,1.0,0.2,0.9,0.1,0.1,0.0,0.0,0.0,0.1,0.1,0.0,0.0,0.2,0.0,0.0,0.1,0.1,0.111,0.2,0.111,0.311,0.13781,0.04216,0.00327,0.02734,0.08282,0.01093,0.00713,0.22914,0.0,0.0,0.1163109310194975,0.1109501742023392
685716,Nelson Quiroz,LAD,25,L,,floor,Depth (no MLB PA),default,MiLB (MLE),0,1.0,0.2,0.9,0.1,0.1,0.0,0.0,0.0,0.1,0.1,0.0,0.0,0.2,0.0,0.0,0.1,0.1,0.111,0.2,0.111,0.311,0.1399,0.04457,0.00315,0.02743,0.08243,0.01099,0.00735,0.22803,0.0,0.0,0.126104911263755,0.1202927510754662
834966,Dylan Grego,SD,25,S,,floor,Depth (no MLB PA),default,MiLB (MLE),0,1.0,0.2,0.9,0.1,0.1,0.0,0.0,0.0,0.1,0.1,0.0,0.0,0.2,0.0,0.0,0.1,0.1,0.111,0.2,0.111,0.311,0.14679,0.04644,0.00328,0.02743,0.08274,0.01093,0.00712,0.22771,0.0,0.0,0.1138336372651961,0.1085870586191268
806176,Jose Ortiz,SF,25,R,,floor,Depth (no MLB PA),default,MiLB (MLE),0,1.0,0.2,0.9,0.1,0.1,0.0,0.0,0.0,0.1,0.1,0.0,0.0,0.2,0.0,0.0,0.1,0.1,0.111,0.2,0.111,0.311,0.13724,0.04018,0.00328,0.02743,0.08261,0.01092,0.00711,0.22904,0.0,0.0,0.1075158000263159,0.1025604097384788
821613,Luis Fragoza,MIN,21,R,,floor,Depth (no MLB PA),feed:order+depth,MiLB (MLE),0,1.0,0.2,0.9,0.1,0.1,0.0,0.0,0.0,0.1,0.1,0.0,0.0,0.2,0.0,0.0,0.1,0.1,0.111,0.2,0.111,0.311,0.14252,0.04017,0.00328,0.02742,0.08295,0.01092,0.00711,0.22894,0.0,0.0,0.113135896968568,0.1079214770888242
677007,Josh Breaux,CWS,25,R,,floor,Depth (no MLB PA),default,MiLB (MLE),5,1.0,0.2,0.9,0.1,0.1,0.0,0.0,0.0,0.1,0.1,0.0,0.0,0.2,0.0,0.0,0.1,0.1,0.111,0.2,0.111,0.311,0.13408,0.041,0.00304,0.02741,0.08256,0.01102,0.0075,0.23193,0.017,0.00479,0.1097434769942643,0.1051419522571364
703143,Cristhian Vaquero,WSH,25,S,,floor,Depth (no MLB PA),default,MiLB (MLE),0,1.0,0.2,0.9,0.1,0.1,0.0,0.0,0.0,0.1,0.1,0.0,0.0,0.2,0.0,0.0,0.1,0.1,0.111,0.2,0.111,0.311,0.14151,0.03938,0.00328,0.02741,0.08274,0.01092,0.00712,0.22871,0.0,0.0,0.1117065380027561,0.1065579971057784
701701,Quincy Scott,TEX,25,R,,floor,Depth (no MLB PA),default,MiLB (MLE),5,1.0,0.2,0.9,0.1,0.1,0.0,0.0,0.0,0.1,0.1,0.0,0.0,0.2,0.0,0.0,0.1,0.1,0.111,0.2,0.111,0.311,0.13297,0.03513,0.00308,0.02741,0.08625,0.0112,0.00817,0.23174,0.0182,0.00514,0.1092943456639019,0.1047116529246611
826545,Brendan Durfee,SD,25,L,,floor,Depth (no MLB PA),default,MiLB (MLE),5,1.0,0.2,0.9,0.1,0.1,0.0,0.0,0.0,0.1,0.1,0.0,0.0,0.2,0.0,0.0,0.1,0.1,0.111,0.2,0.111,0.311,0.12565,0.03719,0.00278,0.02741,0.08294,0.01111,0.00784,0.23724,0.01609,0.00454,0.1148003772844334,0.1099868176053142
691944,Mac Guscette,ATL,25,R,,floor,Depth (no MLB PA),default,MiLB (MLE),5,1.0,0.2,0.9,0.1,0.1,0.0,0.0,0.0,0.1,0.1,0.0,0.0,0.2,0.0,0.0,0.1,0.1,0.111,0.2,0.111,0.311,0.13586,0.03842,0.00297,0.02741,0.08312,0.01106,0.00763,0.22787,0.01697,0.00478,0.1172987096268818,0.1123803953109476
702517,Mason White,BOS,25,L,,floor,Depth (no MLB PA),default,MiLB (MLE),5,1.0,0.2,0.9,0.1,0.1,0.0,0.0,0.0,0.1,0.1,0.0,0.0,0.2,0.0,0.0,0.1,0.1,0.111,0.2,0.111,0.311,0.12962,0.0384,0.00396,0.02737,0.08533,0.01111,0.00784,0.23674,0.01671,0.00471,0.1139845743829696,0.1092052211763855
806083,J.D. Gonzalez,TB,25,L,,floor,Depth (no MLB PA),default,MiLB (MLE),0,1.0,0.2,0.9,0.1,0.1,0.0,0.0,0.0,0.1,0.1,0.0,0.0,0.2,0.0,0.0,0.1,0.1,0.111,0.2,0.111,0.311,0.13745,0.03999,0.00314,0.0274,0.08264,0.01098,0.00734,0.2309,0.0,0.0,0.1101042122391284,0.1050295223438183
804946,Tyler Howard,CLE,25,R,,floor,Depth (no MLB PA),default,MiLB (MLE),0,1.0,0.2,0.9,0.1,0.1,0.0,0.0,0.0,0.1,0.1,0.0,0.0,0.2,0.0,0.0,0.1,0.1,0.111,0.2,0.111,0.311,0.14034,0.04063,0.00375,0.0274,0.08384,0.01101,0.00745,0.22703,0.0,0.0,0.1090765435794416,0.1040492188090162
692366,Onil Perez,SF,25,R,,floor,Depth (no MLB PA),default,MiLB (MLE),0,1.0,0.2,0.9,0.1,0.1,0.0,0.0,0.0,0.1,0.1,0.0,0.0,0.2,0.0,0.0,0.1,0.1,0.111,0.2,0.111,0.311,0.13796,0.04218,0.00328,0.0274,0.0827,0.01093,0.00713,0.2278,0.0,0.0,0.1075158000263159,0.1025604097384788
676761,Irving Lopez,STL,32,L,3B,floor,Depth (no MLB PA),default,MLB,0,1.0,0.2,0.9,0.1,0.1,0.0,0.0,0.0,0.1,0.1,0.0,0.0,0.2,0.0,0.0,0.1,0.1,0.111,0.2,0.111,0.311,0.13732,0.04037,0.00311,0.02739,0.0778,0.00941,0.01648,0.23937,0.0,0.0,0.1080839852839566,0.103102407405954
687553,Kamren James,TB,25,R,,floor,Depth (no MLB PA),default,MiLB (MLE),5,1.0,0.2,0.9,0.1,0.1,0.0,0.0,0.0,0.1,0.1,0.0,0.0,0.2,0.0,0.0,0.1,0.1,0.111,0.2,0.111,0.311,0.13012,0.03904,0.0046,0.02739,0.08287,0.0112,0.00817,0.2393,0.01666,0.0047,0.1110392798589936,0.1063834223350814
691616,Hedbert Perez,TOR,25,L,,floor,Depth (no MLB PA),default,MiLB (MLE),5,1.0,0.2,0.9,0.1,0.1,0.0,0.0,0.0,0.1,0.1,0.0,0.0,0.2,0.0,0.0,0.1,0.1,0.111,0.2,0.111,0.311,0.12562,0.04397,0.00258,0.02738,0.08547,0.01117,0.00807,0.2403,0.01733,0.0049,0.1119841749477096,0.1072886981384986
808288,Luis Lameda,MIL,25,S,,floor,Depth (no MLB PA),default,MiLB (MLE),0,1.0,0.2,0.9,0.1,0.1,0.0,0.0,0.0,0.1,0.1,0.0,0.0,0.2,0.0,0.0,0.1,0.1,0.111,0.2,0.111,0.311,0.13517,0.04086,0.00399,0.02738,0.08287,0.01093,0.00713,0.22812,0.0,0.0,0.1163092182482693,0.1109485403725308
816207,Jared Davis,OAK,25,R,,floor,Depth (no MLB PA),default,MiLB (MLE),0,1.0,0.2,0.9,0.1,0.1,0.0,0.0,0.0,0.1,0.1,0.0,0.0,0.2,0.0,0.0,0.1,0.1,0.111,0.2,0.111,0.311,0.14114,0.04387,0.00398,0.02737,0.08287,0.01093,0.00713,0.22764,0.0,0.0,0.112771467234821,0.1075738438776605
702114,John Michael Faile,CIN,25,R,,floor,Depth (no MLB PA),default,MiLB (MLE),5,1.0,0.2,0.9,0.1,0.1,0.0,0.0,0.0,0.1,0.1,0.0,0.0,0.2,0.0,0.0,0.1,0.1,0.111,0.2,0.111,0.311,0.13817,0.04106,0.00364,0.02737,0.08184,0.0112,0.00817,0.235,0.01622,0.00457,0.1096855274705329,0.1050864325467684
691442,Wilfred Veras,CWS,25,R,,floor,Depth (no MLB PA),default,MiLB (MLE),5,1.0,0.2,0.9,0.1,0.1,0.0,0.0,0.0,0.1,0.1,0.0,0.0,0.2,0.0,0.0,0.1,0.1,0.111,0.2,0.111,0.311,0.13735,0.03455,0.00258,0.02741,0.08149,0.01117,0.00807,0.24268,0.01706,0.0048,0.1097434769942643,0.1051419522571364
830239,Aaron Walton,CLE,23,R,,floor,Depth (no MLB PA),feed:order+depth,MiLB (MLE),5,1.0,0.2,0.9,0.1,0.1,0.0,0.0,0.0,0.1,0.1,0.0,0.0,0.2,0.0,0.0,0.1,0.1,0.111,0.2,0.111,0.311,0.12758,0.04631,0.00359,0.02766,0.08568,0.01119,0.00814,0.23941,0.01796,0.00504,0.1100028836523031,0.1053904820395136
701296,Carter Mathison,PHI,25,L,,floor,Depth (no MLB PA),default,MiLB (MLE),5,1.0,0.2,0.9,0.1,0.1,0.0,0.0,0.0,0.1,0.1,0.0,0.0,0.3,0.0,0.0,0.1,0.1,0.111,0.2,0.111,0.311,0.12161,0.03377,0.00321,0.02766,0.08375,0.01115,0.00801,0.25039,0.01801,0.00506,0.1171713130868302,0.1122583404854701
823114,Nolan McCarthy,DET,25,R,,floor,Depth (no MLB PA),default,MiLB (MLE),0,1.0,0.2,0.9,0.1,0.1,0.0,0.0,0.0,0.1,0.1,0.0,0.0,0.2,0.0,0.0,0.1,0.1,0.111,0.2,0.111,0.311,0.13953,0.04111,0.00317,0.02766,0.08273,0.01097,0.0073,0.22891,0.0,0.0,0.1144465288333229,0.1091717020886165
806550,Sir Jamison Jones,WSH,25,R,,floor,Depth (no MLB PA),default,MiLB (MLE),5,1.0,0.2,0.9,0.1,0.1,0.0,0.0,0.0,0.1,0.1,0.0,0.0,0.2,0.0,0.0,0.1,0.1,0.111,0.2,0.111,0.311,0.13389,0.03813,0.00297,0.02765,0.08271,0.01105,0.00759,0.23312,0.01696,0.00478,0.1126552134847328,0.1079316001473905
622110,Matt Duffy,KC,36,R,3B,floor,Depth (no MLB PA),default,MLB,7,1.0,0.2,0.9,0.1,0.1,0.0,0.0,0.0,0.1,0.1,0.0,0.0,0.2,0.0,0.0,0.1,0.1,0.111,0.2,0.111,0.311,0.14877,0.04351,0.00313,0.02765,0.07069,0.014,0.00457,0.2059,0.00922,0.00259,0.0919243311329154,0.0906005417323984
829976,Manuel Campos,ATL,25,S,,floor,Depth (no MLB PA),default,MiLB (MLE),0,1.0,0.2,0.9,0.1,0.1,0.0,0.0,0.0,0.1,0.1,0.0,0.0,0.2,0.0,0.0,0.1,0.1,0.111,0.2,0.111,0.311,0.1403,0.04015,0.00442,0.02765,0.08239,0.01094,0.00719,0.22912,0.0,0.0,0.1163109310194975,0.1109501742023392
808401,Angel Guzman,SF,25,L,,floor,Depth (no MLB PA),default,MiLB (MLE),0,1.0,0.2,0.9,0.1,0.1,0.0,0.0,0.0,0.1,0.1,0.0,0.0,0.2,0.0,0.0,0.1,0.1,0.111,0.2,0.111,0.311,0.13838,0.04015,0.00356,0.02765,0.08319,0.01097,0.0073,0.22929,0.0,0.0,0.1075158000263159,0.1025604097384788
690958,Drew Bowser,CHC,25,R,,floor,Depth (no MLB PA),default,MiLB (MLE),5,1.0,0.2,0.9,0.1,0.1,0.0,0.0,0.0,0.1,0.1,0.0,0.0,0.2,0.0,0.0,0.1,0.1,0.111,0.2,0.111,0.311,0.14177,0.03505,0.00414,0.02764,0.0814,0.01106,0.00766,0.23598,0.01753,0.00494,0.1223269824307857,0.117197833518337
821246,Alejandro Blasco,CLE,20,S,,floor,Depth (no MLB PA),feed:order+depth,MiLB (MLE),0,1.0,0.2,0.9,0.1,0.1,0.0,0.0,0.0,0.1,0.1,0.0,0.0,0.2,0.0,0.0,0.1,0.1,0.111,0.2,0.111,0.311,0.14014,0.03998,0.00405,0.02753,0.08276,0.01093,0.00716,0.22842,0.0,0.0,0.1090765435794416,0.1040492188090162
830736,Bryce Fowler,MIN,25,L,,floor,Depth (no MLB PA),default,MiLB (MLE),0,1.0,0.2,0.9,0.1,0.1,0.0,0.0,0.0,0.1,0.1,0.0,0.0,0.2,0.0,0.0,0.1,0.1,0.111,0.2,0.111,0.311,0.14076,0.04058,0.00331,0.02763,0.08287,0.01091,0.00706,0.22878,0.0,0.0,0.113135896968568,0.1079214770888242
805910,Jhoander Irigoyen,CHC,25,R,,floor,Depth (no MLB PA),default,MiLB (MLE),0,1.0,0.2,0.9,0.1,0.1,0.0,0.0,0.0,0.1,0.1,0.0,0.0,0.2,0.0,0.0,0.1,0.1,0.111,0.2,0.111,0.311,0.13953,0.04098,0.0033,0.02763,0.08266,0.01091,0.00708,0.22801,0.0,0.0,0.1212968604734738,0.1157063027676458
596059,Rougned Odor,SD,33,L,2B,floor,Depth (no MLB PA),default,MLB,5,1.0,0.2,0.9,0.1,0.1,0.0,0.0,0.0,0.1,0.1,0.0,0.0,0.2,0.0,0.0,0.1,0.1,0.111,0.2,0.111,0.311,0.1385,0.04071,0.00314,0.02763,0.0787,0.0176,0.00627,0.23482,0.01609,0.00453,0.1125950016155483,0.1111650320037597
703154,Yordany De Los Santos,PIT,25,R,,floor,Depth (no MLB PA),default,MiLB (MLE),5,1.0,0.2,0.9,0.1,0.1,0.0,0.0,0.0,0.1,0.1,0.0,0.0,0.2,0.0,0.0,0.1,0.1,0.111,0.2,0.111,0.311,0.13028,0.04428,0.00295,0.02763,0.0805,0.01122,0.00825,0.24923,0.02192,0.0062,0.1104724077295015,0.1058403190545277
823651,J.P. Cabrera,STL,25,R,,floor,Depth (no MLB PA),default,MiLB (MLE),0,1.0,0.2,0.9,0.1,0.1,0.0,0.0,0.0,0.1,0.1,0.0,0.0,0.2,0.0,0.0,0.1,0.1,0.111,0.2,0.111,0.311,0.13759,0.04184,0.00327,0.02763,0.08258,0.01093,0.00714,0.22846,0.0,0.0,0.1080839852839566,0.103102407405954
687930,Tyresse Turner,CLE,25,S,,floor,Depth (no MLB PA),default,MiLB (MLE),0,1.0,0.2,0.9,0.1,0.1,0.0,0.0,0.0,0.1,0.1,0.0,0.0,0.2,0.0,0.0,0.1,0.1,0.111,0.2,0.111,0.311,0.13795,0.03969,0.0033,0.02763,0.08332,0.01091,0.00707,0.22761,0.0,0.0,0.1090765435794416,0.1040492188090162
680418,Tyler Cropley,KC,31,R,C,floor,Depth (no MLB PA),default,MLB,0,1.0,0.2,0.9,0.1,0.1,0.0,0.0,0.0,0.1,0.1,0.0,0.0,0.2,0.0,0.0,0.1,0.1,0.111,0.2,0.111,0.311,0.13854,0.04073,0.00314,0.02763,0.07978,0.00996,0.01743,0.23004,0.0,0.0,0.1116725028615235,0.1065255306401104
669432,Trevor Rogers,BAL,29,L,P,floor,Depth (no MLB PA),default,MLB,0,1.0,0.2,0.9,0.1,0.1,0.0,0.0,0.0,0.1,0.1,0.0,0.0,0.2,0.0,0.0,0.1,0.1,0.111,0.2,0.111,0.311,0.13845,0.0407,0.00314,0.02762,0.08148,0.01056,0.00658,0.23899,0.0,0.0,0.11357196332132,0.1083374451958416
694185,Danny De Andrade,MIN,25,R,,floor,Depth (no MLB PA),default,MiLB (MLE),0,1.0,0.2,0.9,0.1,0.1,0.0,0.0,0.0,0.1,0.1,0.0,0.0,0.2,0.0,0.0,0.1,0.1,0.111,0.2,0.111,0.311,0.14382,0.03968,0.0033,0.02762,0.08245,0.01091,0.00707,0.22844,0.0,0.0,0.113135896968568,0.1079214770888242
702500,Anthony Silva,CLE,25,R,,floor,Depth (no MLB PA),default,MiLB (MLE),0,1.0,0.2,0.9,0.1,0.1,0.0,0.0,0.0,0.1,0.1,0.0,0.0,0.2,0.0,0.0,0.1,0.1,0.111,0.2,0.111,0.311,0.13644,0.04047,0.0033,0.02763,0.08278,0.01091,0.00707,0.22881,0.0,0.0,0.1090765435794416,0.1040492188090162
702705,Kolby Branch,TEX,25,R,,floor,Depth (no MLB PA),default,MiLB (MLE),0,1.0,0.2,0.9,0.1,0.1,0.0,0.0,0.0,0.1,0.1,0.0,0.0,0.2,0.0,0.0,0.1,0.1,0.111,0.2,0.111,0.311,0.13694,0.04066,0.00328,0.0277,0.08276,0.01092,0.00712,0.22863,0.0,0.0,0.1083739722267322,0.1033790288854258
829949,Sebastian Blanco,COL,25,R,,floor,Depth (no MLB PA),feed:order+depth,MiLB (MLE),0,1.0,0.2,0.9,0.1,0.1,0.0,0.0,0.0,0.1,0.1,0.0,0.0,0.2,0.0,0.0,0.1,0.1,0.111,0.2,0.111,0.311,0.13852,0.0411,0.00328,0.0277,0.08276,0.01092,0.00712,0.22907,0.0,0.0,0.1055610191013167,0.1006957244311304
699293,Yohairo Cuevas,NYM,25,L,,floor,Depth (no MLB PA),default,MiLB (MLE),0,1.0,0.2,0.9,0.1,0.1,0.0,0.0,0.0,0.1,0.1,0.0,0.0,0.2,0.0,0.0,0.1,0.1,0.111,0.2,0.111,0.311,0.13941,0.04546,0.00331,0.02769,0.08255,0.01091,0.00706,0.2278,0.0,0.0,0.1175263398742655,0.1121095650092184
688875,Trace Willhoite,NYM,25,R,,floor,Depth (no MLB PA),default,MiLB (MLE),0,1.0,0.2,0.9,0.1,0.1,0.0,0.0,0.0,0.1,0.1,0.0,0.0,0.2,0.0,0.0,0.1,0.1,0.111,0.2,0.111,0.311,0.13319,0.0446,0.00331,0.02769,0.08279,0.01091,0.00705,0.22858,0.0,0.0,0.1175263398742655,0.1121095650092184
800724,Eric Bitonti,MIL,22,L,,floor,Depth (no MLB PA),feed:order+depth,MiLB (MLE),0,1.0,0.2,0.9,0.1,0.1,0.0,0.0,0.0,0.1,0.1,0.0,0.0,0.2,0.0,0.0,0.1,0.1,0.111,0.2,0.111,0.311,0.1348,0.04269,0.00331,0.02769,0.08256,0.01091,0.00705,0.22891,0.0,0.0,0.1163092182482693,0.1109485403725308
832212,Ian Francis,CIN,25,R,,floor,Depth (no MLB PA),default,MiLB (MLE),0,1.0,0.2,0.9,0.1,0.1,0.0,0.0,0.0,0.1,0.1,0.0,0.0,0.2,0.0,0.0,0.1,0.1,0.111,0.2,0.111,0.311,0.13694,0.0402,0.00324,0.02768,0.08282,0.01094,0.00718,0.22921,0.0,0.0,0.108761859870781,0.1037490388346277
703455,Skylar King,BOS,25,L,,floor,Depth (no MLB PA),default,MiLB (MLE),0,1.0,0.2,0.9,0.1,0.1,0.0,0.0,0.0,0.1,0.1,0.0,0.0,0.2,0.0,0.0,0.1,0.1,0.111,0.2,0.111,0.311,0.13577,0.04363,0.00331,0.02768,0.08248,0.01091,0.00706,0.22852,0.0,0.0,0.1130247042829025,0.1078154092606633
800203,Kevyn Castillo,LAA,25,L,,floor,Depth (no MLB PA),default,MiLB (MLE),0,1.0,0.2,0.9,0.1,0.1,0.0,0.0,0.0,0.1,0.1,0.0,0.0,0.2,0.0,0.0,0.1,0.1,0.111,0.2,0.111,0.311,0.13852,0.04032,0.00311,0.02768,0.08308,0.011,0.0074,0.22904,0.0,0.0,0.1055838465145773,0.1007174997316602
835651,Tanner Marsh,OAK,25,R,,floor,Depth (no MLB PA),default,MiLB (MLE),0,1.0,0.2,0.9,0.1,0.1,0.0,0.0,0.0,0.1,0.1,0.0,0.0,0.2,0.0,0.0,0.1,0.1,0.111,0.2,0.111,0.311,0.13759,0.03976,0.00331,0.02768,0.0829,0.01091,0.00705,0.22881,0.0,0.0,0.112771467234821,0.1075738438776605
812668,Carson Kerce,ARI,23,R,,floor,Depth (no MLB PA),feed:depth,MiLB (MLE),0,1.0,0.2,0.9,0.1,0.1,0.0,0.0,0.0,0.1,0.1,0.0,0.0,0.2,0.0,0.0,0.1,0.1,0.111,0.2,0.111,0.311,0.14032,0.04144,0.00324,0.02766,0.08294,0.01094,0.00719,0.22834,0.0,0.0,0.1186941273191299,0.1132235292712471
703606,Jared Thomas,COL,25,L,,floor,Depth (no MLB PA),feed:order+depth,MiLB (MLE),5,1.0,0.2,0.9,0.1,0.1,0.0,0.0,0.0,0.1,0.1,0.0,0.0,0.2,0.0,0.0,0.1,0.1,0.111,0.2,0.111,0.311,0.14508,0.03752,0.0028,0.02767,0.0815,0.0111,0.0078,0.24057,0.01919,0.0054,0.1064575033399691,0.1019937589016792
821671,Ricardo Paez,MIN,25,L,,floor,Depth (no MLB PA),default,MiLB (MLE),0,1.0,0.2,0.9,0.1,0.1,0.0,0.0,0.0,0.1,0.1,0.0,0.0,0.2,0.0,0.0,0.1,0.1,0.111,0.2,0.111,0.311,0.13784,0.04062,0.00327,0.02767,0.08291,0.01092,0.00712,0.22885,0.0,0.0,0.113135896968568,0.1079214770888242
694380,Jack Moss,HOU,25,L,,floor,Depth (no MLB PA),default,MiLB (MLE),0,1.0,0.2,0.9,0.1,0.1,0.0,0.0,0.0,0.1,0.1,0.0,0.0,0.2,0.0,0.0,0.1,0.1,0.111,0.2,0.111,0.311,0.13779,0.04405,0.00331,0.02767,0.08297,0.01091,0.00706,0.22796,0.0,0.0,0.1181433850095948,0.1126981706084979
813359,Aidan Teel,MIN,25,L,,floor,Depth (no MLB PA),default,MiLB (MLE),0,1.0,0.2,0.9,0.1,0.1,0.0,0.0,0.0,0.1,0.1,0.0,0.0,0.2,0.0,0.0,0.1,0.1,0.111,0.2,0.111,0.311,0.13775,0.04193,0.00371,0.02767,0.08284,0.01091,0.00706,0.22841,0.0,0.0,0.113135896968568,0.1079214770888242
800272,Manolfi Jimenez,PHI,25,L,,floor,Depth (no MLB PA),default,MiLB (MLE),0,1.0,0.2,0.9,0.1,0.1,0.0,0.0,0.0,0.1,0.1,0.0,0.0,0.2,0.0,0.0,0.1,0.1,0.111,0.2,0.111,0.311,0.1375,0.04052,0.00331,0.02767,0.08247,0.01091,0.00706,0.22881,0.0,0.0,0.1161846072924148,0.1108296727206394
694939,Marcus Brown,HOU,25,L,,floor,Depth (no MLB PA),default,MiLB (MLE),0,1.0,0.2,0.9,0.1,0.1,0.0,0.0,0.0,0.1,0.1,0.0,0.0,0.2,0.0,0.0,0.1,0.1,0.111,0.2,0.111,0.311,0.14052,0.04209,0.00331,0.02767,0.08246,0.01091,0.00707,0.22761,0.0,0.0,0.1181433850095948,0.1126981706084979
694215,Hans Montero,NYY,25,R,,floor,Depth (no MLB PA),default,MiLB (MLE),0,1.0,0.2,0.9,0.1,0.1,0.0,0.0,0.0,0.1,0.1,0.0,0.0,0.2,0.0,0.0,0.1,0.1,0.111,0.2,0.111,0.311,0.14079,0.03968,0.00324,0.02767,0.08321,0.01094,0.00718,0.22903,0.0,0.0,0.1236787918946801,0.1179784512562222
702309,Hunter Hines,WSH,25,L,,floor,Depth (no MLB PA),default,MiLB (MLE),5,1.0,0.2,0.9,0.1,0.1,0.0,0.0,0.0,0.1,0.1,0.0,0.0,0.2,0.0,0.0,0.1,0.1,0.111,0.2,0.111,0.311,0.13251,0.04098,0.00305,0.02767,0.08207,0.01102,0.00748,0.23267,0.01694,0.00478,0.1126552134847328,0.1079316001473905
822676,Alex Lodise,ATL,23,R,,floor,Depth (no MLB PA),feed:order+depth,MiLB (MLE),5,1.0,0.2,0.9,0.1,0.1,0.0,0.0,0.0,0.1,0.1,0.0,0.0,0.2,0.0,0.0,0.1,0.1,0.111,0.2,0.111,0.311,0.14303,0.0416,0.00293,0.02767,0.08193,0.01107,0.00768,0.22965,0.01758,0.00495,0.1172987096268818,0.1123803953109476
822162,Brandon Forrester,HOU,25,S,,floor,Depth (no MLB PA),default,MiLB (MLE),0,1.0,0.2,0.9,0.1,0.1,0.0,0.0,0.0,0.1,0.1,0.0,0.0,0.2,0.0,0.0,0.1,0.1,0.111,0.2,0.111,0.311,0.13796,0.03977,0.00331,0.02768,0.08276,0.01091,0.00705,0.22891,0.0,0.0,0.1181433850095948,0.1126981706084979
702522,Aiden Taurek,SEA,25,R,,floor,Depth (no MLB PA),default,MiLB (MLE),5,1.0,0.2,0.9,0.1,0.1,0.0,0.0,0.0,0.1,0.1,0.0,0.0,0.2,0.0,0.0,0.1,0.1,0.111,0.2,0.111,0.311,0.13775,0.04153,0.00438,0.02756,0.08388,0.01103,0.00751,0.22992,0.01749,0.00493,0.1138920715242519,0.1091165969463052
807083,Nathan Flewelling,TB,21,L,,floor,Depth (no MLB PA),feed:order+depth,MiLB (MLE),5,1.0,0.2,0.9,0.1,0.1,0.0,0.0,0.0,0.1,0.1,0.0,0.0,0.3,0.0,0.0,0.1,0.1,0.111,0.2,0.111,0.311,0.12704,0.03641,0.00328,0.02756,0.08825,0.01125,0.0084,0.25041,0.01655,0.00467,0.1110392798589936,0.1063834223350814
808027,Juan Sierra,HOU,25,R,,floor,Depth (no MLB PA),default,MiLB (MLE),5,1.0,0.2,0.9,0.1,0.1,0.0,0.0,0.0,0.1,0.1,0.0,0.0,0.2,0.0,0.0,0.1,0.1,0.111,0.2,0.111,0.311,0.13581,0.0396,0.00333,0.02756,0.08221,0.01105,0.00761,0.23288,0.01742,0.00492,0.1191467258589332,0.1141509245466025
806953,Eduardo Tait,MIN,25,L,,floor,Depth (no MLB PA),feed:order+depth,MiLB (MLE),5,1.0,0.2,0.9,0.1,0.1,0.0,0.0,0.0,0.1,0.1,0.0,0.0,0.2,0.0,0.0,0.1,0.1,0.111,0.2,0.111,0.311,0.12415,0.04028,0.00274,0.02755,0.07837,0.01127,0.00845,0.24284,0.01487,0.00419,0.1140967113801906,0.1093126562889861
800164,Ronny Ugarte,COL,25,L,,floor,Depth (no MLB PA),default,MiLB (MLE),0,1.0,0.2,0.9,0.1,0.1,0.0,0.0,0.0,0.1,0.1,0.0,0.0,0.2,0.0,0.0,0.1,0.1,0.111,0.2,0.111,0.311,0.14326,0.04,0.00322,0.02755,0.08282,0.01095,0.00722,0.22845,0.0,0.0,0.1055610191013167,0.1006957244311304
701330,Brody Donay,TB,25,R,,floor,Depth (no MLB PA),default,MiLB (MLE),0,1.0,0.2,0.9,0.1,0.1,0.0,0.0,0.0,0.1,0.1,0.0,0.0,0.2,0.0,0.0,0.1,0.1,0.111,0.2,0.111,0.311,0.13548,0.03873,0.00355,0.02755,0.08347,0.01097,0.00731,0.23135,0.0,0.0,0.1101042122391284,0.1050295223438183
695606,Ty Hodge,BOS,25,R,,floor,Depth (no MLB PA),default,MiLB (MLE),0,1.0,0.2,0.9,0.1,0.1,0.0,0.0,0.0,0.1,0.1,0.0,0.0,0.2,0.0,0.0,0.1,0.1,0.111,0.2,0.111,0.311,0.13674,0.04,0.00322,0.02755,0.08292,0.01095,0.00721,0.22891,0.0,0.0,0.1130247042829025,0.1078154092606633
641531,Hunter Dozier,KC,35,R,3B,floor,Depth (no MLB PA),default,MLB,6,1.0,0.2,0.9,0.1,0.1,0.0,0.0,0.0,0.1,0.1,0.0,0.0,0.3,0.0,0.0,0.1,0.1,0.111,0.2,0.111,0.311,0.13812,0.0406,0.00313,0.02755,0.07324,0.00561,0.00371,0.25663,0.01458,0.00416,0.1072466994926309,0.0966267472123639
695524,Jacob Cozart,LAA,25,L,,floor,Depth (no MLB PA),feed:depth,MiLB (MLE),5,1.0,0.2,0.9,0.1,0.1,0.0,0.0,0.0,0.1,0.1,0.0,0.0,0.3,0.0,0.0,0.1,0.1,0.111,0.2,0.111,0.311,0.13389,0.03345,0.00185,0.02754,0.08659,0.01134,0.00874,0.25402,0.01448,0.00409,0.106480524616612,0.1020158149002312
806191,Tai Peete,STL,22,L,,floor,Depth (no MLB PA),default,MiLB (MLE),5,1.0,0.2,0.9,0.1,0.1,0.0,0.0,0.0,0.1,0.1,0.0,0.0,0.2,0.0,0.0,0.1,0.1,0.111,0.2,0.111,0.311,0.14695,0.04152,0.00412,0.02762,0.0816,0.01107,0.00768,0.23049,0.01832,0.00517,0.1090018959870051,0.1044314656114096
805491,Aaron Piasecki,HOU,25,L,,floor,Depth (no MLB PA),default,MiLB (MLE),0,1.0,0.2,0.9,0.1,0.1,0.0,0.0,0.0,0.1,0.1,0.0,0.0,0.2,0.0,0.0,0.1,0.1,0.111,0.2,0.111,0.311,0.14167,0.04215,0.00329,0.02754,0.08282,0.01092,0.00709,0.2279,0.0,0.0,0.1181433850095948,0.1126981706084979
694966,Brayden Taylor,MIA,25,L,,floor,Depth (no MLB PA),feed:order+depth,MiLB (MLE),5,1.0,0.2,0.9,0.1,0.1,0.0,0.0,0.0,0.1,0.1,0.0,0.0,0.2,0.0,0.0,0.1,0.1,0.111,0.2,0.111,0.311,0.11589,0.03745,0.00788,0.02754,0.09385,0.0112,0.00817,0.23584,0.01775,0.00498,0.1083028077561248,0.1037616900274031
809921,Jake Steels,ATL,25,R,,floor,Depth (no MLB PA),default,MiLB (MLE),0,1.0,0.2,0.9,0.1,0.1,0.0,0.0,0.0,0.1,0.1,0.0,0.0,0.2,0.0,0.0,0.1,0.1,0.111,0.2,0.111,0.311,0.13852,0.04108,0.004,0.02754,0.08263,0.01092,0.0071,0.22775,0.0,0.0,0.1163109310194975,0.1109501742023392
813939,Jan Luis Reyes,CHC,25,L,,floor,Depth (no MLB PA),default,MiLB (MLE),0,1.0,0.2,0.9,0.1,0.1,0.0,0.0,0.0,0.1,0.1,0.0,0.0,0.2,0.0,0.0,0.1,0.1,0.111,0.2,0.111,0.311,0.13707,0.03998,0.0037,0.02753,0.08253,0.01092,0.00709,0.22892,0.0,0.0,0.1212968604734738,0.1157063027676458
828076,Dax Kilby,NYY,21,L,,floor,Depth (no MLB PA),feed:depth,MiLB (MLE),0,1.0,0.2,0.9,0.1,0.1,0.0,0.0,0.0,0.1,0.1,0.0,0.0,0.2,0.0,0.0,0.1,0.1,0.111,0.2,0.111,0.311,0.13679,0.03955,0.00393,0.02753,0.08406,0.01098,0.00733,0.22878,0.0,0.0,0.1236787918946801,0.1179784512562222
669742,Darick Hall,PHI,31,L,1B,floor,Depth (no MLB PA),default,MLB,6,1.0,0.2,0.9,0.1,0.1,0.0,0.0,0.0,0.1,0.1,0.0,0.0,0.3,0.0,0.0,0.1,0.1,0.111,0.2,0.111,0.311,0.13802,0.04057,0.00313,0.02753,0.05948,0.00659,0.00194,0.27166,0.01214,0.00342,0.1101204779309034,0.1042207995351279
694834,Tyler Wilson,NYY,25,S,,floor,Depth (no MLB PA),default,MiLB (MLE),0,1.0,0.2,0.9,0.1,0.1,0.0,0.0,0.0,0.1,0.1,0.0,0.0,0.2,0.0,0.0,0.1,0.1,0.111,0.2,0.111,0.311,0.13937,0.03955,0.004,0.02753,0.08276,0.01092,0.0071,0.22775,0.0,0.0,0.1236787918946801,0.1179784512562222
833382,Owen Hull,BOS,23,L,,floor,Depth (no MLB PA),feed:order+depth,MiLB (MLE),0,1.0,0.2,0.9,0.1,0.1,0.0,0.0,0.0,0.1,0.1,0.0,0.0,0.2,0.0,0.0,0.1,0.1,0.111,0.2,0.111,0.311,0.14099,0.04441,0.0031,0.02753,0.08325,0.01101,0.00743,0.22763,0.0,0.0,0.1130247042829025,0.1078154092606633
803290,Estevan Moreno,SEA,25,R,,floor,Depth (no MLB PA),default,MiLB (MLE),5,1.0,0.2,0.9,0.1,0.1,0.0,0.0,0.0,0.1,0.1,0.0,0.0,0.2,0.0,0.0,0.1,0.1,0.111,0.2,0.111,0.311,0.13217,0.04264,0.00379,0.02753,0.08231,0.01112,0.00789,0.24294,0.01778,0.00501,0.1138920715242519,0.1091165969463052
687799,Cade Marlowe,SEA,30,L,RF,floor,Depth (no MLB PA),default,MLB,3,1.0,0.2,0.9,0.1,0.1,0.0,0.0,0.0,0.1,0.1,0.0,0.0,0.3,0.0,0.0,0.1,0.1,0.111,0.2,0.111,0.311,0.14358,0.02972,0.00175,0.02754,0.09494,0.00458,0.00285,0.25973,0.02428,0.00692,0.1178982750927804,0.1081974679480393
829045,Yorger Bautista,SEA,25,L,,floor,Depth (no MLB PA),feed:order+depth,MiLB (MLE),0,1.0,0.2,0.9,0.1,0.1,0.0,0.0,0.0,0.1,0.1,0.0,0.0,0.2,0.0,0.0,0.1,0.1,0.111,0.2,0.111,0.311,0.13958,0.04096,0.00327,0.02761,0.08245,0.01093,0.00714,0.22915,0.0,0.0,0.1129329803956266,0.1077279129163165
656371,Isan Díaz,DET,31,L,2B,floor,Depth (no MLB PA),default,MLB,5,1.0,0.2,0.9,0.1,0.1,0.0,0.0,0.0,0.1,0.1,0.0,0.0,0.2,0.0,0.0,0.1,0.1,0.111,0.2,0.111,0.311,0.13844,0.0407,0.00313,0.02761,0.08174,0.00817,0.00509,0.24268,0.01698,0.00479,0.1080782639150497,0.1062558669591051
595956,Cam Gallagher,CLE,34,R,C,floor,Depth (no MLB PA),default,MLB,7,1.0,0.2,0.9,0.1,0.1,0.0,0.0,0.0,0.1,0.1,0.0,0.0,0.3,0.0,0.0,0.1,0.1,0.111,0.2,0.111,0.311,0.13841,0.04069,0.00313,0.02761,0.05835,0.00663,0.00548,0.26738,0.01258,0.00355,0.0862075230306733,0.0909646652798475
835727,Eric Booth Jr.,BAL,19,L,,floor,Depth (no MLB PA),feed:order+depth,MiLB (MLE),0,1.0,0.2,0.9,0.1,0.1,0.0,0.0,0.0,0.1,0.1,0.0,0.0,0.2,0.0,0.0,0.1,0.1,0.111,0.2,0.111,0.311,0.14105,0.04096,0.0033,0.02761,0.08283,0.01091,0.00708,0.22833,0.0,0.0,0.11357196332132,0.1083374451958416
820942,Jesmaylin Arias,SD,25,L,,floor,Depth (no MLB PA),default,MiLB (MLE),0,1.0,0.2,0.9,0.1,0.1,0.0,0.0,0.0,0.1,0.1,0.0,0.0,0.2,0.0,0.0,0.1,0.1,0.111,0.2,0.111,0.311,0.13745,0.04183,0.0037,0.02761,0.08266,0.01091,0.00708,0.22833,0.0,0.0,0.1138336372651961,0.1085870586191268
814791,Jared Sundstrom,SEA,25,R,,floor,Depth (no MLB PA),default,MiLB (MLE),5,1.0,0.2,0.9,0.1,0.1,0.0,0.0,0.0,0.1,0.1,0.0,0.0,0.3,0.0,0.0,0.1,0.1,0.111,0.2,0.111,0.311,0.12,0.03832,0.00297,0.0276,0.08171,0.01129,0.00855,0.25783,0.01791,0.00507,0.1138920715242519,0.1091165969463052
835211,Alejandro Garza,CLE,25,R,,floor,Depth (no MLB PA),default,MiLB (MLE),0,1.0,0.2,0.9,0.1,0.1,0.0,0.0,0.0,0.1,0.1,0.0,0.0,0.2,0.0,0.0,0.1,0.1,0.111,0.2,0.111,0.311,0.14142,0.04265,0.0037,0.0276,0.08272,0.01091,0.00708,0.22787,0.0,0.0,0.1090765435794416,0.1040492188090162
800371,Larry Martinez,TB,25,R,,floor,Depth (no MLB PA),default,MiLB (MLE),0,1.0,0.2,0.9,0.1,0.1,0.0,0.0,0.0,0.1,0.1,0.0,0.0,0.2,0.0,0.0,0.1,0.1,0.111,0.2,0.111,0.311,0.13943,0.04033,0.00323,0.02759,0.08221,0.01095,0.0072,0.22913,0.0,0.0,0.1101042122391284,0.1050295223438183
814545,Jose Perez,BAL,25,L,,floor,Depth (no MLB PA),default,MiLB (MLE),0,1.0,0.2,0.9,0.1,0.1,0.0,0.0,0.0,0.1,0.1,0.0,0.0,0.2,0.0,0.0,0.1,0.1,0.111,0.2,0.111,0.311,0.13382,0.03921,0.00461,0.02758,0.08268,0.01101,0.00746,0.234,0.0,0.0,0.11357196332132,0.1083374451958416
694191,Pedro Pineda,OAK,25,R,,floor,Depth (no MLB PA),default,MiLB (MLE),0,1.0,0.2,0.9,0.1,0.1,0.0,0.0,0.0,0.1,0.1,0.0,0.0,0.2,0.0,0.0,0.1,0.1,0.111,0.2,0.111,0.311,0.14357,0.0396,0.0033,0.02756,0.08251,0.01092,0.00709,0.2286,0.0,0.0,0.112771467234821,0.1075738438776605
703924,David Beckles,TOR,25,R,,floor,Depth (no MLB PA),default,MiLB (MLE),0,1.0,0.2,0.9,0.1,0.1,0.0,0.0,0.0,0.1,0.1,0.0,0.0,0.2,0.0,0.0,0.1,0.1,0.111,0.2,0.111,0.311,0.13792,0.04049,0.00326,0.02758,0.08294,0.01093,0.00714,0.22907,0.0,0.0,0.111041150316571,0.1059232770579959
815535,Eddie Rynders,PIT,25,L,,floor,Depth (no MLB PA),default,MiLB (MLE),5,1.0,0.2,0.9,0.1,0.1,0.0,0.0,0.0,0.1,0.1,0.0,0.0,0.2,0.0,0.0,0.1,0.1,0.111,0.2,0.111,0.311,0.13142,0.03963,0.00419,0.02758,0.08323,0.01102,0.0075,0.23529,0.01704,0.0048,0.1104724077295015,0.1058403190545277
691416,Esteban González,CLE,25,L,,floor,Depth (no MLB PA),default,MiLB (MLE),5,1.0,0.2,0.9,0.1,0.1,0.0,0.0,0.0,0.1,0.1,0.0,0.0,0.2,0.0,0.0,0.1,0.1,0.111,0.2,0.111,0.311,0.12738,0.04024,0.00374,0.02757,0.08359,0.01117,0.00808,0.24404,0.01816,0.00511,0.1100028836523031,0.1053904820395136
807300,Chris Rembert,PIT,25,R,,floor,Depth (no MLB PA),feed:order+depth,MiLB (MLE),0,1.0,0.2,0.9,0.1,0.1,0.0,0.0,0.0,0.1,0.1,0.0,0.0,0.2,0.0,0.0,0.1,0.1,0.111,0.2,0.111,0.311,0.14035,0.04134,0.0033,0.02757,0.08289,0.01091,0.00708,0.22839,0.0,0.0,0.1095421137696742,0.1044933309251943
808382,D'Angelo Tejada,CWS,25,R,,floor,Depth (no MLB PA),default,MiLB (MLE),0,1.0,0.2,0.9,0.1,0.1,0.0,0.0,0.0,0.1,0.1,0.0,0.0,0.2,0.0,0.0,0.1,0.1,0.111,0.2,0.111,0.311,0.13376,0.04005,0.00326,0.02757,0.08257,0.01093,0.00714,0.22966,0.0,0.0,0.1088193213985232,0.1038038519674695
815096,Jackson Appel,CWS,25,S,,floor,Depth (no MLB PA),default,MiLB (MLE),0,1.0,0.2,0.9,0.1,0.1,0.0,0.0,0.0,0.1,0.1,0.0,0.0,0.2,0.0,0.0,0.1,0.1,0.111,0.2,0.111,0.311,0.1376,0.03954,0.00323,0.02757,0.08312,0.01095,0.00721,0.228,0.0,0.0,0.1088193213985232,0.1038038519674695
814435,Jacob Sharp,TOR,25,R,,floor,Depth (no MLB PA),default,MiLB (MLE),0,1.0,0.2,0.9,0.1,0.1,0.0,0.0,0.0,0.1,0.1,0.0,0.0,0.2,0.0,0.0,0.1,0.1,0.111,0.2,0.111,0.311,0.13575,0.0439,0.0033,0.02757,0.08263,0.01092,0.00709,0.22826,0.0,0.0,0.111041150316571,0.1059232770579959
683149,Julian Brock,TEX,25,R,,floor,Depth (no MLB PA),default,MiLB (MLE),5,1.0,0.2,0.9,0.1,0.1,0.0,0.0,0.0,0.1,0.1,0.0,0.0,0.2,0.0,0.0,0.1,0.1,0.111,0.2,0.111,0.311,0.12791,0.04056,0.00484,0.02757,0.08497,0.01109,0.00776,0.23271,0.01704,0.00481,0.1092943456639019,0.1047116529246611
703861,Victor Ortega,MIA,25,L,,floor,Depth (no MLB PA),default,MiLB (MLE),0,1.0,0.2,0.9,0.1,0.1,0.0,0.0,0.0,0.1,0.1,0.0,0.0,0.2,0.0,0.0,0.1,0.1,0.111,0.2,0.111,0.311,0.13882,0.04272,0.0033,0.02757,0.0832,0.01091,0.00708,0.22842,0.0,0.0,0.1073907841118627,0.1024411557924819
804871,Brooks Bryan,KC,25,L,,floor,Depth (no MLB PA),default,MiLB (MLE),0,1.0,0.2,0.9,0.1,0.1,0.0,0.0,0.0,0.1,0.1,0.0,0.0,0.2,0.0,0.0,0.1,0.1,0.111,0.2,0.111,0.311,0.13993,0.04341,0.00319,0.02758,0.0828,0.01096,0.00727,0.22858,0.0,0.0,0.1116725028615235,0.1065255306401104
702524,Logan Sauve,OAK,25,R,,floor,Depth (no MLB PA),default,MiLB (MLE),0,1.0,0.2,0.9,0.1,0.1,0.0,0.0,0.0,0.1,0.1,0.0,0.0,0.2,0.0,0.0,0.1,0.1,0.111,0.2,0.111,0.311,0.13767,0.04164,0.00323,0.027,0.08319,0.01094,0.0072,0.22911,0.0,0.0,0.112771467234821,0.1075738438776605
806967,Brailer Guerrero,TB,25,L,,floor,Depth (no MLB PA),default,MiLB (MLE),0,1.0,0.2,0.9,0.1,0.1,0.0,0.0,0.0,0.1,0.1,0.0,0.0,0.2,0.0,0.0,0.1,0.1,0.111,0.2,0.111,0.311,0.13526,0.03962,0.00306,0.027,0.08332,0.01101,0.00746,0.23222,0.0,0.0,0.1101042122391284,0.1050295223438183
807737,TJayy Walton,PHI,25,R,,floor,Depth (no MLB PA),default,MiLB (MLE),0,1.0,0.2,0.9,0.1,0.1,0.0,0.0,0.0,0.1,0.1,0.0,0.0,0.2,0.0,0.0,0.1,0.1,0.111,0.2,0.111,0.311,0.14078,0.03948,0.00316,0.027,0.08341,0.01098,0.00731,0.22886,0.0,0.0,0.1161846072924148,0.1108296727206394
809397,Juan Cruz,WSH,25,R,,floor,Depth (no MLB PA),default,MiLB (MLE),5,1.0,0.2,0.9,0.1,0.1,0.0,0.0,0.0,0.1,0.1,0.0,0.0,0.2,0.0,0.0,0.1,0.1,0.111,0.2,0.111,0.311,0.13813,0.04339,0.00391,0.02699,0.08132,0.01109,0.00777,0.23512,0.01742,0.00491,0.1126552134847328,0.1079316001473905
825582,Nate George,BAL,21,R,,floor,Depth (no MLB PA),feed:order+depth,MiLB (MLE),0,1.0,0.2,0.9,0.1,0.1,0.0,0.0,0.0,0.1,0.1,0.0,0.0,0.2,0.0,0.0,0.1,0.1,0.111,0.2,0.111,0.311,0.14392,0.04019,0.00316,0.02699,0.08278,0.01098,0.00732,0.22847,0.0,0.0,0.11357196332132,0.1083374451958416
694754,Sabin Ceballos,SF,25,R,,floor,Depth (no MLB PA),default,MiLB (MLE),5,1.0,0.2,0.9,0.1,0.1,0.0,0.0,0.0,0.1,0.1,0.0,0.0,0.2,0.0,0.0,0.1,0.1,0.111,0.2,0.111,0.311,0.12443,0.03533,0.0018,0.02699,0.0943,0.01137,0.00882,0.23065,0.01659,0.00466,0.1084288853768579,0.1038824812356177
823817,Jake McCutcheon,MIA,25,L,,floor,Depth (no MLB PA),default,MiLB (MLE),0,1.0,0.2,0.9,0.1,0.1,0.0,0.0,0.0,0.1,0.1,0.0,0.0,0.2,0.0,0.0,0.1,0.1,0.111,0.2,0.111,0.311,0.1367,0.03953,0.00393,0.02699,0.08237,0.01095,0.00721,0.22912,0.0,0.0,0.1073907841118627,0.1024411557924819
821692,Cristian Arguelles,COL,20,L,,floor,Depth (no MLB PA),feed:order+depth,MiLB (MLE),0,1.0,0.2,0.9,0.1,0.1,0.0,0.0,0.0,0.1,0.1,0.0,0.0,0.2,0.0,0.0,0.1,0.1,0.111,0.2,0.111,0.311,0.13821,0.04162,0.00354,0.02698,0.08266,0.01098,0.00734,0.22735,0.0,0.0,0.1055610191013167,0.1006957244311304
800444,Nikau Pouaka-Grego,PHI,25,L,,floor,Depth (no MLB PA),default,MiLB (MLE),0,1.0,0.2,0.9,0.1,0.1,0.0,0.0,0.0,0.1,0.1,0.0,0.0,0.2,0.0,0.0,0.1,0.1,0.111,0.2,0.111,0.311,0.13619,0.03925,0.00327,0.02732,0.08282,0.01093,0.00713,0.22954,0.0,0.0,0.1161846072924148,0.1108296727206394
691262,Reginald Preciado,CHC,25,R,,floor,Depth (no MLB PA),default,MiLB (MLE),0,1.0,0.2,0.9,0.1,0.1,0.0,0.0,0.0,0.1,0.1,0.0,0.0,0.2,0.0,0.0,0.1,0.1,0.111,0.2,0.111,0.311,0.13961,0.04235,0.00309,0.02698,0.08221,0.011,0.00741,0.23236,0.0,0.0,0.1212968604734738,0.1157063027676458
691942,Jack O'Dowd,COL,25,L,,floor,Depth (no MLB PA),default,MiLB (MLE),5,1.0,0.2,0.9,0.1,0.1,0.0,0.0,0.0,0.1,0.1,0.0,0.0,0.2,0.0,0.0,0.1,0.1,0.111,0.2,0.111,0.311,0.13306,0.04408,0.00245,0.02698,0.08248,0.0112,0.0082,0.24488,0.01641,0.00462,0.1064575033399691,0.1019937589016792
815464,Lisbel Diaz,SF,25,R,,floor,Depth (no MLB PA),feed:order+depth,MiLB (MLE),5,1.0,0.2,0.9,0.1,0.1,0.0,0.0,0.0,0.1,0.1,0.0,0.0,0.2,0.0,0.0,0.1,0.1,0.111,0.2,0.111,0.311,0.13791,0.03827,0.00297,0.02697,0.08082,0.01105,0.00761,0.2319,0.01807,0.00509,0.1084288853768579,0.1038824812356177
834408,JC Vanek,KC,25,L,,floor,Depth (no MLB PA),default,MiLB (MLE),5,1.0,0.2,0.9,0.1,0.1,0.0,0.0,0.0,0.1,0.1,0.0,0.0,0.2,0.0,0.0,0.1,0.1,0.111,0.2,0.111,0.311,0.1346,0.03683,0.00385,0.02696,0.08545,0.01111,0.00783,0.23754,0.01793,0.00506,0.1126208892977148,0.1078987151675124
702486,Jaxson West,TOR,25,L,,floor,Depth (no MLB PA),default,MiLB (MLE),0,1.0,0.2,0.9,0.1,0.1,0.0,0.0,0.0,0.1,0.1,0.0,0.0,0.2,0.0,0.0,0.1,0.1,0.111,0.2,0.111,0.311,0.14534,0.0394,0.00316,0.02696,0.08308,0.01098,0.00733,0.22753,0.0,0.0,0.111041150316571,0.1059232770579959
801903,Brock Tibbitts,TOR,25,R,,floor,Depth (no MLB PA),default,MiLB (MLE),0,1.0,0.2,0.9,0.1,0.1,0.0,0.0,0.0,0.1,0.1,0.0,0.0,0.2,0.0,0.0,0.1,0.1,0.111,0.2,0.111,0.311,0.13781,0.04087,0.00362,0.02696,0.08293,0.01095,0.00721,0.22919,0.0,0.0,0.111041150316571,0.1059232770579959
571740,Billy Hamilton,CWS,36,S,RF,floor,Depth (no MLB PA),default,MLB,0,1.0,0.2,0.9,0.1,0.1,0.0,0.0,0.0,0.1,0.1,0.0,0.0,0.3,0.0,0.0,0.1,0.1,0.111,0.2,0.111,0.311,0.13511,0.03972,0.00306,0.02695,0.08205,0.00824,0.00514,0.25819,0.0,0.0,0.1088193213985232,0.1038038519674695
828173,Slater de Brun,TB,20,L,,floor,Depth (no MLB PA),feed:order+depth,MiLB (MLE),0,1.0,0.2,0.9,0.1,0.1,0.0,0.0,0.0,0.1,0.1,0.0,0.0,0.2,0.0,0.0,0.1,0.1,0.111,0.2,0.111,0.311,0.14168,0.03956,0.00322,0.02695,0.08306,0.01095,0.00722,0.22798,0.0,0.0,0.1101042122391284,0.1050295223438183
808104,Andruw Musett,BOS,25,R,,floor,Depth (no MLB PA),default,MiLB (MLE),0,1.0,0.2,0.9,0.1,0.1,0.0,0.0,0.0,0.1,0.1,0.0,0.0,0.2,0.0,0.0,0.1,0.1,0.111,0.2,0.111,0.311,0.13774,0.04199,0.00385,0.02694,0.08317,0.01101,0.00744,0.22976,0.0,0.0,0.1130247042829025,0.1078154092606633
703612,Nick Peoples,WSH,25,L,,floor,Depth (no MLB PA),default,MiLB (MLE),5,1.0,0.2,0.9,0.1,0.1,0.0,0.0,0.0,0.1,0.1,0.0,0.0,0.2,0.0,0.0,0.1,0.1,0.111,0.2,0.111,0.311,0.13003,0.03753,0.00372,0.02698,0.08397,0.01105,0.00759,0.23648,0.0173,0.00488,0.1126552134847328,0.1079316001473905
686958,Jose Torres,COL,25,R,,floor,Depth (no MLB PA),default,MiLB (MLE),5,1.0,0.2,0.9,0.1,0.1,0.0,0.0,0.0,0.1,0.1,0.0,0.0,0.2,0.0,0.0,0.1,0.1,0.111,0.2,0.111,0.311,0.12606,0.03401,0.00245,0.02707,0.08264,0.0112,0.00819,0.24842,0.0181,0.00511,0.1064575033399691,0.1019937589016792
703804,Romeo Sanabria,SD,25,L,,floor,Depth (no MLB PA),default,MiLB (MLE),5,1.0,0.2,0.9,0.1,0.1,0.0,0.0,0.0,0.1,0.1,0.0,0.0,0.2,0.0,0.0,0.1,0.1,0.111,0.2,0.111,0.311,0.13633,0.03776,0.00281,0.02706,0.08234,0.01112,0.00785,0.22852,0.01665,0.00469,0.1148003772844334,0.1099868176053142
703430,Anthony Scull,LAA,25,L,,floor,Depth (no MLB PA),default,MiLB (MLE),5,1.0,0.2,0.9,0.1,0.1,0.0,0.0,0.0,0.1,0.1,0.0,0.0,0.2,0.0,0.0,0.1,0.1,0.111,0.2,0.111,0.311,0.14034,0.04016,0.00376,0.02706,0.07933,0.01115,0.00801,0.23772,0.0172,0.00487,0.106480524616612,0.1020158149002312
694320,Jack Costello,SD,25,R,,floor,Depth (no MLB PA),default,MiLB (MLE),5,1.0,0.2,0.9,0.1,0.1,0.0,0.0,0.0,0.1,0.1,0.0,0.0,0.2,0.0,0.0,0.1,0.1,0.111,0.2,0.111,0.311,0.14497,0.03965,0.00299,0.02705,0.08107,0.01106,0.00762,0.22718,0.01771,0.00499,0.1148003772844334,0.1099868176053142
702333,Haydn McGeary,CHC,25,R,,floor,Depth (no MLB PA),default,MiLB (MLE),0,1.0,0.2,0.9,0.1,0.1,0.0,0.0,0.0,0.1,0.1,0.0,0.0,0.2,0.0,0.0,0.1,0.1,0.111,0.2,0.111,0.311,0.13636,0.04029,0.00324,0.02705,0.08261,0.01094,0.00719,0.22956,0.0,0.0,0.1212968604734738,0.1157063027676458
696286,Davis Diaz,OAK,25,R,,floor,Depth (no MLB PA),feed:order+depth,MiLB (MLE),5,1.0,0.2,0.9,0.1,0.1,0.0,0.0,0.0,0.1,0.1,0.0,0.0,0.2,0.0,0.0,0.1,0.1,0.111,0.2,0.111,0.311,0.1407,0.03569,0.0028,0.02705,0.08239,0.01111,0.00784,0.23172,0.01768,0.00499,0.1137291867017833,0.1089605418558665
703157,Javier Osorio,DET,25,R,,floor,Depth (no MLB PA),default,MiLB (MLE),5,1.0,0.2,0.9,0.1,0.1,0.0,0.0,0.0,0.1,0.1,0.0,0.0,0.2,0.0,0.0,0.1,0.1,0.111,0.2,0.111,0.311,0.13695,0.04083,0.00294,0.02705,0.0823,0.01106,0.00765,0.23213,0.01829,0.00516,0.1154184738764934,0.1105789975157071
702695,Easton Carmichael,PIT,25,R,,floor,Depth (no MLB PA),default,MiLB (MLE),5,1.0,0.2,0.9,0.1,0.1,0.0,0.0,0.0,0.1,0.1,0.0,0.0,0.2,0.0,0.0,0.1,0.1,0.111,0.2,0.111,0.311,0.13593,0.04271,0.00387,0.02705,0.08136,0.01113,0.00792,0.22651,0.01708,0.00482,0.1104724077295015,0.1058403190545277
695770,Wes Kath,CWS,25,L,,floor,Depth (no MLB PA),default,MiLB (MLE),0,1.0,0.2,0.9,0.1,0.1,0.0,0.0,0.0,0.1,0.1,0.0,0.0,0.2,0.0,0.0,0.1,0.1,0.111,0.2,0.111,0.311,0.1395,0.04108,0.00317,0.02705,0.08263,0.01097,0.00729,0.23141,0.0,0.0,0.1088193213985232,0.1038038519674695
814816,Johnny Tincher,BAL,25,R,,floor,Depth (no MLB PA),default,MiLB (MLE),0,1.0,0.2,0.9,0.1,0.1,0.0,0.0,0.0,0.1,0.1,0.0,0.0,0.2,0.0,0.0,0.1,0.1,0.111,0.2,0.111,0.311,0.13753,0.04018,0.00323,0.027,0.08242,0.01095,0.00721,0.22886,0.0,0.0,0.11357196332132,0.1083374451958416
815895,Adriel Radney,ARI,25,R,,floor,Depth (no MLB PA),default,MiLB (MLE),0,1.0,0.2,0.9,0.1,0.1,0.0,0.0,0.0,0.1,0.1,0.0,0.0,0.2,0.0,0.0,0.1,0.1,0.111,0.2,0.111,0.311,0.14021,0.03927,0.00323,0.02704,0.0828,0.01094,0.0072,0.22886,0.0,0.0,0.1186941273191299,0.1132235292712471
829943,Louis Andujar,BOS,25,R,,floor,Depth (no MLB PA),default,MiLB (MLE),5,1.0,0.2,0.9,0.1,0.1,0.0,0.0,0.0,0.1,0.1,0.0,0.0,0.2,0.0,0.0,0.1,0.1,0.111,0.2,0.111,0.311,0.13589,0.04082,0.00334,0.02703,0.08256,0.01105,0.00761,0.23158,0.01761,0.00496,0.1139845743829696,0.1092052211763855
501659,Abraham Almonte,BOS,38,S,LF,floor,Depth (no MLB PA),default,MLB,2,1.0,0.2,0.9,0.1,0.1,0.0,0.0,0.0,0.1,0.1,0.0,0.0,0.3,0.0,0.0,0.1,0.1,0.111,0.2,0.111,0.311,0.13551,0.03984,0.00307,0.02703,0.07376,0.01378,0.00406,0.26008,0.01745,0.00491,0.1184239735957801,0.1046558368479424
808267,Jose Monzon,TB,25,L,,floor,Depth (no MLB PA),default,MiLB (MLE),0,1.0,0.2,0.9,0.1,0.1,0.0,0.0,0.0,0.1,0.1,0.0,0.0,0.2,0.0,0.0,0.1,0.1,0.111,0.2,0.111,0.311,0.1381,0.04053,0.00323,0.02702,0.08298,0.01094,0.0072,0.22867,0.0,0.0,0.1101042122391284,0.1050295223438183
701520,Bobby Blandford,OAK,25,L,,floor,Depth (no MLB PA),default,MiLB (MLE),5,1.0,0.2,0.9,0.1,0.1,0.0,0.0,0.0,0.1,0.1,0.0,0.0,0.2,0.0,0.0,0.1,0.1,0.111,0.2,0.111,0.311,0.13162,0.03776,0.00297,0.02702,0.08359,0.01115,0.00801,0.24069,0.01735,0.00489,0.1137291867017833,0.1089605418558665
680998,Branden Boissiere,WSH,25,L,,floor,Depth (no MLB PA),default,MiLB (MLE),5,1.0,0.2,0.9,0.1,0.1,0.0,0.0,0.0,0.1,0.1,0.0,0.0,0.3,0.0,0.0,0.1,0.1,0.111,0.2,0.111,0.311,0.13202,0.0493,0.00318,0.02702,0.08287,0.01126,0.00843,0.2506,0.01604,0.00451,0.1126552134847328,0.1079316001473905
686984,Marcus Lee Sang,TEX,25,L,,floor,Depth (no MLB PA),default,MiLB (MLE),5,1.0,0.2,0.9,0.2,0.2,0.0,0.0,0.0,0.2,0.1,0.0,0.0,0.3,0.0,0.0,0.1,0.1,0.222,0.3,0.222,0.522,0.15808,0.0363,0.00348,0.02701,0.07951,0.01134,0.00873,0.2522,0.02051,0.0058,0.1092943456639019,0.1047116529246611
828148,Conor Essenburg,ATL,21,R,,floor,Depth (no MLB PA),feed:order+depth,MiLB (MLE),5,1.0,0.2,0.9,0.1,0.1,0.0,0.0,0.0,0.1,0.1,0.0,0.0,0.2,0.0,0.0,0.1,0.1,0.111,0.2,0.111,0.311,0.13364,0.04155,0.00303,0.02701,0.08469,0.01102,0.0075,0.23039,0.01731,0.00488,0.1172987096268818,0.1123803953109476
829750,Victor Santana,ARI,25,R,,floor,Depth (no MLB PA),default,MiLB (MLE),0,1.0,0.2,0.9,0.1,0.1,0.0,0.0,0.0,0.1,0.1,0.0,0.0,0.2,0.0,0.0,0.1,0.1,0.111,0.2,0.111,0.311,0.14186,0.04047,0.00323,0.027,0.08254,0.01095,0.00721,0.2281,0.0,0.0,0.1186941273191299,0.1132235292712471
808496,Jaeden Calderon,PHI,25,R,,floor,Depth (no MLB PA),default,MiLB (MLE),0,1.0,0.2,0.9,0.1,0.1,0.0,0.0,0.0,0.1,0.1,0.0,0.0,0.2,0.0,0.0,0.1,0.1,0.111,0.2,0.111,0.311,0.13278,0.03927,0.00395,0.02704,0.08284,0.01097,0.00731,0.22983,0.0,0.0,0.1161846072924148,0.1108296727206394
836173,Conner Westenburg,SD,25,R,,floor,Depth (no MLB PA),default,MiLB (MLE),0,1.0,0.2,0.9,0.1,0.1,0.0,0.0,0.0,0.1,0.1,0.0,0.0,0.2,0.0,0.0,0.1,0.1,0.111,0.2,0.111,0.311,0.13618,0.04012,0.00463,0.02687,0.08259,0.01095,0.00722,0.22997,0.0,0.0,0.1138336372651961,0.1085870586191268
827504,Hector Salas,HOU,25,L,,floor,Depth (no MLB PA),default,MiLB (MLE),0,1.0,0.2,0.9,0.1,0.1,0.0,0.0,0.0,0.1,0.1,0.0,0.0,0.2,0.0,0.0,0.1,0.1,0.111,0.2,0.111,0.311,0.1446,0.03699,0.00308,0.02686,0.08397,0.01101,0.00745,0.22913,0.0,0.0,0.1181433850095948,0.1126981706084979
808082,Vladi Gomez,NYM,25,L,,floor,Depth (no MLB PA),default,MiLB (MLE),0,1.0,0.2,0.9,0.1,0.1,0.0,0.0,0.0,0.1,0.1,0.0,0.0,0.2,0.0,0.0,0.1,0.1,0.111,0.2,0.111,0.311,0.13727,0.04156,0.00321,0.02686,0.0828,0.01095,0.00723,0.22906,0.0,0.0,0.1175263398742655,0.1121095650092184
664247,Kyle Garlick,MIN,35,R,RF,floor,Depth (no MLB PA),default,MLB,5,1.0,0.2,0.9,0.1,0.1,0.0,0.0,0.0,0.1,0.1,0.0,0.0,0.3,0.0,0.0,0.1,0.1,0.111,0.2,0.111,0.311,0.13467,0.03959,0.00305,0.02686,0.06793,0.01384,0.00557,0.2684,0.01236,0.00349,0.1169291121977866,0.1095428514084374
693832,Tre Richardson III,STL,25,R,,floor,Depth (no MLB PA),default,MiLB (MLE),5,1.0,0.2,0.9,0.1,0.1,0.0,0.0,0.0,0.1,0.1,0.0,0.0,0.2,0.0,0.0,0.1,0.1,0.111,0.2,0.111,0.311,0.14093,0.03915,0.00237,0.02685,0.08428,0.01123,0.00831,0.24067,0.02108,0.0059,0.1090018959870051,0.1044314656114096
656495,Dalton Guthrie,PHI,31,R,CF,floor,Depth (no MLB PA),default,MLB,5,1.0,0.2,0.9,0.1,0.1,0.0,0.0,0.0,0.1,0.1,0.0,0.0,0.2,0.0,0.0,0.1,0.1,0.111,0.2,0.111,0.311,0.13462,0.03957,0.00305,0.02685,0.09763,0.02061,0.00397,0.23373,0.01784,0.00501,0.1171918694575472,0.1078901117081102
664029,Mark Mathias,SF,32,R,2B,floor,Depth (no MLB PA),default,MLB,4,1.0,0.2,0.9,0.1,0.1,0.0,0.0,0.0,0.1,0.1,0.0,0.0,0.2,0.0,0.0,0.1,0.1,0.111,0.2,0.111,0.311,0.13461,0.03957,0.00305,0.02685,0.09698,0.00356,0.00624,0.24922,0.02056,0.00569,0.1082006140392224,0.1150011976396131
696501,Mark Coley II,MIL,25,R,,floor,Depth (no MLB PA),default,MiLB (MLE),5,1.0,0.2,0.9,0.1,0.1,0.0,0.0,0.0,0.1,0.1,0.0,0.0,0.3,0.0,0.0,0.1,0.1,0.111,0.2,0.111,0.311,0.12661,0.03244,0.00316,0.02684,0.08327,0.01126,0.00843,0.26235,0.02014,0.00569,0.1172969823098257,0.1123787404199927
829306,Nick Becker,SEA,25,R,,floor,Depth (no MLB PA),feed:order+depth,MiLB (MLE),0,1.0,0.2,0.9,0.1,0.1,0.0,0.0,0.0,0.1,0.1,0.0,0.0,0.2,0.0,0.0,0.1,0.1,0.111,0.2,0.111,0.311,0.13577,0.04028,0.00321,0.02684,0.08325,0.01095,0.00722,0.22991,0.0,0.0,0.1129329803956266,0.1077279129163165
802398,Sebastian Baquera,TEX,25,R,,floor,Depth (no MLB PA),default,MiLB (MLE),0,1.0,0.2,0.9,0.1,0.1,0.0,0.0,0.0,0.1,0.1,0.0,0.0,0.2,0.0,0.0,0.1,0.1,0.111,0.2,0.111,0.311,0.14072,0.04038,0.00315,0.02694,0.08286,0.01098,0.00733,0.22966,0.0,0.0,0.1083739722267322,0.1033790288854258
689052,Jordan Williams,WSH,25,S,,floor,Depth (no MLB PA),default,MiLB (MLE),5,1.0,0.2,0.9,0.1,0.1,0.0,0.0,0.0,0.1,0.1,0.0,0.0,0.2,0.0,0.0,0.1,0.1,0.111,0.2,0.111,0.311,0.13966,0.03856,0.0051,0.02683,0.08235,0.01107,0.00767,0.23384,0.01887,0.00532,0.1126552134847328,0.1079316001473905
800294,Waner Luciano,HOU,25,R,,floor,Depth (no MLB PA),feed:order+depth,MiLB (MLE),5,1.0,0.2,0.9,0.1,0.1,0.0,0.0,0.0,0.1,0.1,0.0,0.0,0.2,0.0,0.0,0.1,0.1,0.111,0.2,0.111,0.311,0.13443,0.04204,0.00292,0.02683,0.08426,0.01107,0.00769,0.22902,0.01786,0.00503,0.1191467258589332,0.1141509245466025
695527,Ian Daugherty,MIN,25,R,,floor,Depth (no MLB PA),default,MiLB (MLE),0,1.0,0.2,0.9,0.1,0.1,0.0,0.0,0.0,0.1,0.1,0.0,0.0,0.2,0.0,0.0,0.1,0.1,0.111,0.2,0.111,0.311,0.13901,0.03853,0.00321,0.02682,0.08284,0.01095,0.00723,0.23007,0.0,0.0,0.113135896968568,0.1079214770888242
821759,Johan Rodriguez,CLE,25,R,,floor,Depth (no MLB PA),default,MiLB (MLE),0,1.0,0.2,0.9,0.1,0.1,0.0,0.0,0.0,0.1,0.1,0.0,0.0,0.2,0.0,0.0,0.1,0.1,0.111,0.2,0.111,0.311,0.13268,0.04055,0.00307,0.02681,0.0826,0.01101,0.00746,0.22975,0.0,0.0,0.1090765435794416,0.1040492188090162
681286,JT Schwartz,NYM,25,L,,floor,Depth (no MLB PA),default,MiLB (MLE),5,1.0,0.2,0.9,0.1,0.1,0.0,0.0,0.0,0.1,0.1,0.0,0.0,0.2,0.0,0.0,0.1,0.1,0.111,0.2,0.111,0.311,0.12431,0.04071,0.00316,0.02681,0.08344,0.01127,0.00845,0.24621,0.01535,0.00433,0.1185244404252146,0.1135547314319469
702461,Kay-Lan Nicasia,MIL,25,S,,floor,Depth (no MLB PA),default,MiLB (MLE),0,1.0,0.2,0.9,0.1,0.1,0.0,0.0,0.0,0.1,0.1,0.0,0.0,0.2,0.0,0.0,0.1,0.1,0.111,0.2,0.111,0.311,0.13368,0.03851,0.00321,0.02681,0.08301,0.01095,0.00723,0.23062,0.0,0.0,0.1163092182482693,0.1109485403725308
701800,Carlos Linarez,STL,25,R,,floor,Depth (no MLB PA),default,MiLB (MLE),0,1.0,0.2,0.9,0.1,0.1,0.0,0.0,0.0,0.1,0.1,0.0,0.0,0.2,0.0,0.0,0.1,0.1,0.111,0.2,0.111,0.311,0.13824,0.04276,0.00321,0.02681,0.08236,0.01095,0.00724,0.23027,0.0,0.0,0.1080839852839566,0.103102407405954
681495,Cade Fergus,PHI,25,R,,floor,Depth (no MLB PA),default,MiLB (MLE),0,1.0,0.2,0.9,0.1,0.1,0.0,0.0,0.0,0.1,0.1,0.0,0.0,0.2,0.0,0.0,0.1,0.1,0.111,0.2,0.111,0.311,0.13898,0.04089,0.00321,0.02681,0.08257,0.01095,0.00723,0.23068,0.0,0.0,0.1161846072924148,0.1108296727206394
800377,Angel Mateo,TB,25,R,,floor,Depth (no MLB PA),default,MiLB (MLE),0,1.0,0.2,0.9,0.1,0.1,0.0,0.0,0.0,0.1,0.1,0.0,0.0,0.2,0.0,0.0,0.1,0.1,0.111,0.2,0.111,0.311,0.13524,0.04129,0.00308,0.0268,0.08232,0.01101,0.00745,0.23061,0.0,0.0,0.1101042122391284,0.1050295223438183
822619,Christian Gonzalez,CWS,25,L,,floor,Depth (no MLB PA),default,MiLB (MLE),0,1.0,0.2,0.9,0.1,0.1,0.0,0.0,0.0,0.1,0.1,0.0,0.0,0.2,0.0,0.0,0.1,0.1,0.111,0.2,0.111,0.311,0.13473,0.04025,0.00396,0.02684,0.08337,0.01097,0.00729,0.22944,0.0,0.0,0.1088193213985232,0.1038038519674695
806016,Aaron Graeber,LAA,25,L,,floor,Depth (no MLB PA),default,MiLB (MLE),5,1.0,0.2,0.9,0.1,0.1,0.0,0.0,0.0,0.1,0.1,0.0,0.0,0.2,0.0,0.0,0.1,0.1,0.111,0.2,0.111,0.311,0.13396,0.03847,0.00296,0.02694,0.0813,0.01104,0.00759,0.23741,0.01687,0.00476,0.106480524616612,0.1020158149002312
802407,Joe Lampe,CLE,25,L,,floor,Depth (no MLB PA),default,MiLB (MLE),5,1.0,0.2,0.9,0.1,0.1,0.0,0.0,0.0,0.1,0.1,0.0,0.0,0.2,0.0,0.0,0.1,0.1,0.111,0.2,0.111,0.311,0.13842,0.04447,0.003,0.02694,0.08126,0.01105,0.0076,0.22772,0.01764,0.00498,0.1100028836523031,0.1053904820395136
702600,Matt Klein,COL,25,L,,floor,Depth (no MLB PA),default,MiLB (MLE),0,1.0,0.2,0.9,0.1,0.1,0.0,0.0,0.0,0.1,0.1,0.0,0.0,0.2,0.0,0.0,0.1,0.1,0.111,0.2,0.111,0.311,0.13338,0.03869,0.00308,0.02693,0.08429,0.011,0.00743,0.23045,0.0,0.0,0.1055610191013167,0.1006957244311304
824753,Nick Hollifield,WSH,25,R,,floor,Depth (no MLB PA),default,MiLB (MLE),0,1.0,0.2,0.9,0.1,0.1,0.0,0.0,0.0,0.1,0.1,0.0,0.0,0.2,0.0,0.0,0.1,0.1,0.111,0.2,0.111,0.311,0.13377,0.03954,0.00315,0.02693,0.08346,0.01098,0.00732,0.23024,0.0,0.0,0.1117065380027561,0.1065579971057784
702302,RJ Schreck,TOR,25,L,,floor,Depth (no MLB PA),feed:order+depth,MiLB (MLE),5,1.0,0.2,0.9,0.1,0.1,0.0,0.0,0.0,0.1,0.1,0.0,0.0,0.2,0.0,0.0,0.1,0.1,0.111,0.2,0.111,0.311,0.11947,0.03836,0.00335,0.02692,0.10118,0.01133,0.00868,0.22956,0.01642,0.00464,0.1119841749477096,0.1072886981384986
685087,Jordan Nwogu,CHC,25,R,,floor,Depth (no MLB PA),default,MiLB (MLE),5,1.0,0.2,0.9,0.1,0.1,0.0,0.0,0.0,0.1,0.1,0.0,0.0,0.2,0.0,0.0,0.1,0.1,0.111,0.2,0.111,0.311,0.14318,0.04278,0.0044,0.02691,0.0824,0.01117,0.00808,0.23246,0.01783,0.00503,0.1223269824307857,0.117197833518337
682192,Paul McIntosh,PHI,25,R,,floor,Depth (no MLB PA),default,MiLB (MLE),5,1.0,0.2,0.9,0.1,0.1,0.0,0.0,0.0,0.1,0.1,0.0,0.0,0.2,0.0,0.0,0.1,0.1,0.111,0.2,0.111,0.311,0.12881,0.04634,0.00189,0.02691,0.08459,0.01135,0.00876,0.2371,0.01361,0.00384,0.1171713130868302,0.1122583404854701
689577,Aaron Antonini,DET,25,S,,floor,Depth (no MLB PA),default,MiLB (MLE),5,1.0,0.2,0.9,0.1,0.1,0.0,0.0,0.0,0.1,0.1,0.0,0.0,0.2,0.0,0.0,0.1,0.1,0.111,0.2,0.111,0.311,0.12965,0.04053,0.00404,0.02691,0.08366,0.01109,0.00776,0.23588,0.01686,0.00475,0.1154184738764934,0.1105789975157071
822877,Luke Cantwell,SD,25,L,,floor,Depth (no MLB PA),default,MiLB (MLE),5,1.0,0.2,0.9,0.1,0.1,0.0,0.0,0.0,0.1,0.1,0.0,0.0,0.2,0.0,0.0,0.1,0.1,0.111,0.2,0.111,0.311,0.13705,0.03987,0.00296,0.02691,0.08425,0.01105,0.0076,0.23247,0.01721,0.00485,0.1148003772844334,0.1099868176053142
806152,Walker Martin,SF,25,L,,floor,Depth (no MLB PA),default,MiLB (MLE),5,1.0,0.2,0.9,0.1,0.1,0.0,0.0,0.0,0.1,0.1,0.0,0.0,0.3,0.0,0.0,0.1,0.1,0.111,0.2,0.111,0.311,0.13053,0.03542,0.00226,0.02687,0.08332,0.01124,0.00834,0.26055,0.01801,0.00506,0.1084288853768579,0.1038824812356177
825484,Alexander Frias,STL,19,L,,floor,Depth (no MLB PA),feed:order+depth,MiLB (MLE),5,1.0,0.2,0.9,0.1,0.1,0.0,0.0,0.0,0.1,0.1,0.0,0.0,0.2,0.0,0.0,0.1,0.1,0.111,0.2,0.111,0.311,0.13667,0.03947,0.00414,0.02691,0.08282,0.01103,0.00754,0.23108,0.01763,0.00497,0.1090018959870051,0.1044314656114096
821688,Jemone Nuel,BAL,25,S,,floor,Depth (no MLB PA),default,MiLB (MLE),0,1.0,0.2,0.9,0.1,0.1,0.0,0.0,0.0,0.1,0.1,0.0,0.0,0.2,0.0,0.0,0.1,0.1,0.111,0.2,0.111,0.311,0.13751,0.04035,0.00322,0.0269,0.08281,0.01095,0.00722,0.22908,0.0,0.0,0.11357196332132,0.1083374451958416
699031,Anyelo Encarnación,STL,25,R,,floor,Depth (no MLB PA),default,MiLB (MLE),5,1.0,0.2,0.9,0.1,0.1,0.0,0.0,0.0,0.1,0.1,0.0,0.0,0.2,0.0,0.0,0.1,0.1,0.111,0.2,0.111,0.311,0.13203,0.0375,0.00393,0.0269,0.08487,0.01114,0.00794,0.24214,0.01819,0.00512,0.1090018959870051,0.1044314656114096
656308,Michael Chavis,WSH,31,R,2B,floor,Depth (no MLB PA),default,MLB,5,1.0,0.2,0.9,0.1,0.1,0.0,0.0,0.0,0.1,0.1,0.0,0.0,0.3,0.0,0.0,0.1,0.1,0.111,0.2,0.111,0.311,0.13484,0.03964,0.00305,0.0269,0.05606,0.00464,0.00737,0.28682,0.00997,0.00282,0.1148490255368039,0.1106886882668853
821181,Juneiker Caceres,CLE,20,L,,floor,Depth (no MLB PA),feed:order+depth,MiLB (MLE),0,1.0,0.2,0.9,0.1,0.1,0.0,0.0,0.0,0.1,0.1,0.0,0.0,0.2,0.0,0.0,0.1,0.1,0.111,0.2,0.111,0.311,0.14023,0.04007,0.00384,0.0269,0.08297,0.01098,0.00733,0.22931,0.0,0.0,0.1090765435794416,0.1040492188090162
806994,Luis Guanipa,ATL,25,R,,floor,Depth (no MLB PA),default,MiLB (MLE),5,1.0,0.2,0.9,0.1,0.1,0.0,0.0,0.0,0.1,0.1,0.0,0.0,0.2,0.0,0.0,0.1,0.1,0.111,0.2,0.111,0.311,0.136,0.04192,0.00367,0.02689,0.08123,0.01104,0.00755,0.22767,0.01732,0.00488,0.1172987096268818,0.1123803953109476
821237,Kevin Garcia,MIL,25,R,,floor,Depth (no MLB PA),default,MiLB (MLE),5,1.0,0.2,0.9,0.1,0.1,0.0,0.0,0.0,0.1,0.1,0.0,0.0,0.2,0.0,0.0,0.1,0.1,0.111,0.2,0.111,0.311,0.13473,0.03904,0.00377,0.02688,0.08197,0.01103,0.00753,0.23454,0.01712,0.00483,0.1172969823098257,0.1123787404199927
809861,Chase Meggers,NYM,25,L,,floor,Depth (no MLB PA),default,MiLB (MLE),0,1.0,0.2,0.9,0.1,0.1,0.0,0.0,0.0,0.1,0.1,0.0,0.0,0.2,0.0,0.0,0.1,0.1,0.111,0.2,0.111,0.311,0.13873,0.04238,0.00321,0.02688,0.0831,0.01095,0.00723,0.2285,0.0,0.0,0.1175263398742655,0.1121095650092184
815907,Curley Martha,TEX,25,R,,floor,Depth (no MLB PA),default,MiLB (MLE),0,1.0,0.2,0.9,0.1,0.1,0.0,0.0,0.0,0.1,0.1,0.0,0.0,0.2,0.0,0.0,0.1,0.1,0.111,0.2,0.111,0.311,0.13738,0.03903,0.00311,0.02688,0.08224,0.011,0.0074,0.22966,0.0,0.0,0.1083739722267322,0.1033790288854258
696020,Raudelis Martinez,BOS,25,L,,floor,Depth (no MLB PA),default,MiLB (MLE),0,1.0,0.2,0.9,0.1,0.1,0.0,0.0,0.0,0.1,0.1,0.0,0.0,0.2,0.0,0.0,0.1,0.1,0.111,0.2,0.111,0.311,0.14171,0.04243,0.00309,0.02691,0.08168,0.01101,0.00745,0.22981,0.0,0.0,0.1130247042829025,0.1078154092606633
701392,Marco Dinges,MIL,25,R,,floor,Depth (no MLB PA),default,MiLB (MLE),0,1.0,0.2,0.9,0.1,0.1,0.0,0.0,0.0,0.1,0.1,0.0,0.0,0.2,0.0,0.0,0.1,0.1,0.111,0.2,0.111,0.311,0.13169,0.04029,0.00312,0.02726,0.08279,0.01099,0.00737,0.23041,0.0,0.0,0.1163092182482693,0.1109485403725308
827084,Jay McQueen,TEX,25,R,,floor,Depth (no MLB PA),feed:order+depth,MiLB (MLE),0,1.0,0.2,0.9,0.1,0.1,0.0,0.0,0.0,0.1,0.1,0.0,0.0,0.2,0.0,0.0,0.1,0.1,0.111,0.2,0.111,0.311,0.14335,0.04002,0.00326,0.02726,0.08293,0.01093,0.00715,0.22836,0.0,0.0,0.1083739722267322,0.1033790288854258
694444,Tavian Josenberger,BAL,25,L,,floor,Depth (no MLB PA),default,MiLB (MLE),0,1.0,0.2,0.9,0.1,0.1,0.0,0.0,0.0,0.1,0.1,0.0,0.0,0.2,0.0,0.0,0.1,0.1,0.111,0.2,0.111,0.311,0.14352,0.03915,0.00326,0.02725,0.08292,0.01093,0.00715,0.22819,0.0,0.0,0.11357196332132,0.1083374451958416
842179,Tanner Mally,SF,25,R,,floor,Depth (no MLB PA),default,MiLB (MLE),0,1.0,0.2,0.9,0.1,0.1,0.0,0.0,0.0,0.1,0.1,0.0,0.0,0.2,0.0,0.0,0.1,0.1,0.111,0.2,0.111,0.311,0.14378,0.04043,0.00445,0.02725,0.0831,0.01093,0.00715,0.22796,0.0,0.0,0.1075158000263159,0.1025604097384788
800433,Elis Cuevas,BAL,25,L,,floor,Depth (no MLB PA),default,MiLB (MLE),5,1.0,0.2,0.9,0.1,0.1,0.0,0.0,0.0,0.1,0.1,0.0,0.0,0.2,0.0,0.0,0.1,0.1,0.111,0.2,0.111,0.311,0.1387,0.03879,0.0041,0.02725,0.0813,0.0111,0.00778,0.23621,0.01928,0.00544,0.1145364810565329,0.109733986499952
827636,Trent Youngblood,ARI,25,L,,floor,Depth (no MLB PA),default,MiLB (MLE),0,1.0,0.2,0.9,0.1,0.1,0.0,0.0,0.0,0.1,0.1,0.0,0.0,0.2,0.0,0.0,0.1,0.1,0.111,0.2,0.111,0.311,0.13605,0.0415,0.00547,0.02725,0.08248,0.01093,0.00715,0.22879,0.0,0.0,0.1186941273191299,0.1132235292712471
823295,Jay Thomason,MIN,25,L,,floor,Depth (no MLB PA),default,MiLB (MLE),5,1.0,0.2,0.9,0.2,0.2,0.0,0.0,0.0,0.2,0.1,0.0,0.0,0.2,0.0,0.0,0.1,0.1,0.222,0.3,0.222,0.522,0.15052,0.03701,0.00277,0.02724,0.08275,0.01112,0.00787,0.23322,0.01984,0.00562,0.1140967113801906,0.1093126562889861
807722,Maxton Martin,TEX,25,L,,floor,Depth (no MLB PA),default,MiLB (MLE),5,1.0,0.2,0.9,0.1,0.1,0.0,0.0,0.0,0.1,0.1,0.0,0.0,0.2,0.0,0.0,0.1,0.1,0.111,0.2,0.111,0.311,0.12629,0.03879,0.00476,0.02723,0.07935,0.01126,0.00843,0.24719,0.0169,0.00477,0.1092943456639019,0.1047116529246611
801537,Nathan Humphreys,PHI,25,L,,floor,Depth (no MLB PA),default,MiLB (MLE),0,1.0,0.2,0.9,0.1,0.1,0.0,0.0,0.0,0.1,0.1,0.0,0.0,0.2,0.0,0.0,0.1,0.1,0.111,0.2,0.111,0.311,0.13405,0.03974,0.00381,0.02723,0.08288,0.01099,0.00738,0.22913,0.0,0.0,0.1161846072924148,0.1108296727206394
687152,Darrien Miller,MIL,25,L,,floor,Depth (no MLB PA),default,MiLB (MLE),5,1.0,0.2,0.9,0.1,0.1,0.0,0.0,0.0,0.1,0.1,0.0,0.0,0.2,0.0,0.0,0.1,0.1,0.111,0.2,0.111,0.311,0.13431,0.04388,0.00663,0.02707,0.08635,0.01111,0.00785,0.22716,0.01693,0.00477,0.1172969823098257,0.1123787404199927
806969,Camilo Diaz,HOU,25,R,,floor,Depth (no MLB PA),default,MiLB (MLE),0,1.0,0.2,0.9,0.1,0.1,0.0,0.0,0.0,0.1,0.1,0.0,0.0,0.2,0.0,0.0,0.1,0.1,0.111,0.2,0.111,0.311,0.13356,0.03746,0.00344,0.02723,0.08243,0.01101,0.00746,0.23454,0.0,0.0,0.1181433850095948,0.1126981706084979
808297,Deward Tovar,TEX,25,L,,floor,Depth (no MLB PA),default,MiLB (MLE),5,1.0,0.2,0.9,0.1,0.1,0.0,0.0,0.0,0.1,0.1,0.0,0.0,0.2,0.0,0.0,0.1,0.1,0.111,0.2,0.111,0.311,0.13024,0.03876,0.00374,0.02722,0.08282,0.01113,0.00792,0.2422,0.01653,0.00466,0.1092943456639019,0.1047116529246611
694065,Arxy Hernandez,CWS,25,R,,floor,Depth (no MLB PA),default,MiLB (MLE),5,1.0,0.2,0.9,0.1,0.1,0.0,0.0,0.0,0.1,0.1,0.0,0.0,0.2,0.0,0.0,0.1,0.1,0.111,0.2,0.111,0.311,0.13767,0.04008,0.00283,0.02722,0.08196,0.0111,0.00779,0.23401,0.01684,0.00475,0.1097434769942643,0.1051419522571364
806061,Isaiah Drake,ATL,25,L,,floor,Depth (no MLB PA),default,MiLB (MLE),5,1.0,0.2,0.9,0.1,0.1,0.0,0.0,0.0,0.1,0.1,0.0,0.0,0.2,0.0,0.0,0.1,0.1,0.111,0.2,0.111,0.311,0.138,0.03978,0.00258,0.02722,0.08231,0.01117,0.00808,0.23856,0.01885,0.00532,0.1172987096268818,0.1123803953109476
696160,Jake Rucker,MIN,25,R,,floor,Depth (no MLB PA),default,MiLB (MLE),5,1.0,0.2,0.9,0.1,0.1,0.0,0.0,0.0,0.1,0.1,0.0,0.0,0.2,0.0,0.0,0.1,0.1,0.111,0.2,0.111,0.311,0.13316,0.04073,0.00301,0.02721,0.08496,0.01103,0.00752,0.23185,0.01734,0.00489,0.1140967113801906,0.1093126562889861
701493,Hunter Dobbins,DET,25,R,,floor,Depth (no MLB PA),default,MiLB (MLE),0,1.0,0.2,0.9,0.1,0.1,0.0,0.0,0.0,0.1,0.1,0.0,0.0,0.2,0.0,0.0,0.1,0.1,0.111,0.2,0.111,0.311,0.13511,0.0398,0.00319,0.02721,0.08269,0.01096,0.00726,0.23108,0.0,0.0,0.1144465288333229,0.1091717020886165
822531,Kyle Fossum,COL,25,R,,floor,Depth (no MLB PA),default,MiLB (MLE),5,1.0,0.2,0.9,0.1,0.1,0.0,0.0,0.0,0.1,0.1,0.0,0.0,0.2,0.0,0.0,0.1,0.1,0.111,0.2,0.111,0.311,0.13699,0.04113,0.00295,0.0272,0.0829,0.01105,0.0076,0.23646,0.01728,0.00488,0.1064575033399691,0.1019937589016792
691449,Roberto Campos,DET,25,R,,floor,Depth (no MLB PA),default,MiLB (MLE),5,1.0,0.2,0.9,0.1,0.1,0.0,0.0,0.0,0.1,0.1,0.0,0.0,0.2,0.0,0.0,0.1,0.1,0.111,0.2,0.111,0.311,0.13917,0.04124,0.00423,0.0272,0.084,0.01104,0.00757,0.22975,0.01752,0.00494,0.1154184738764934,0.1105789975157071
685712,Geovanny Planchart,TOR,25,R,,floor,Depth (no MLB PA),default,MiLB (MLE),0,1.0,0.2,0.9,0.1,0.1,0.0,0.0,0.0,0.1,0.1,0.0,0.0,0.2,0.0,0.0,0.1,0.1,0.111,0.2,0.111,0.311,0.14336,0.03907,0.00325,0.0272,0.08307,0.01093,0.00716,0.22893,0.0,0.0,0.111041150316571,0.1059232770579959
842969,Corey Nunez,CHC,25,R,,floor,Depth (no MLB PA),default,MiLB (MLE),0,1.0,0.2,0.9,0.1,0.1,0.0,0.0,0.0,0.1,0.1,0.0,0.0,0.2,0.0,0.0,0.1,0.1,0.111,0.2,0.111,0.311,0.14002,0.0425,0.00326,0.02723,0.08275,0.01094,0.00716,0.22768,0.0,0.0,0.1212968604734738,0.1157063027676458
844071,Evan Morrison,TEX,25,L,,floor,Depth (no MLB PA),default,MiLB (MLE),0,1.0,0.2,0.9,0.1,0.1,0.0,0.0,0.0,0.1,0.1,0.0,0.0,0.2,0.0,0.0,0.1,0.1,0.111,0.2,0.111,0.311,0.14172,0.04302,0.00327,0.02732,0.08271,0.01093,0.00715,0.22783,0.0,0.0,0.1083739722267322,0.1033790288854258
691183,Kevin Made,WSH,25,R,,floor,Depth (no MLB PA),default,MiLB (MLE),0,1.0,0.2,0.9,0.1,0.1,0.0,0.0,0.0,0.1,0.1,0.0,0.0,0.2,0.0,0.0,0.1,0.1,0.111,0.2,0.111,0.311,0.14076,0.04067,0.00327,0.02732,0.08294,0.01093,0.00714,0.22835,0.0,0.0,0.1117065380027561,0.1065579971057784
831188,Steven Lancia,CWS,25,R,,floor,Depth (no MLB PA),default,MiLB (MLE),0,1.0,0.2,0.9,0.1,0.1,0.0,0.0,0.0,0.1,0.1,0.0,0.0,0.2,0.0,0.0,0.1,0.1,0.111,0.2,0.111,0.311,0.14157,0.04008,0.00359,0.02731,0.08275,0.01096,0.00726,0.229,0.0,0.0,0.1088193213985232,0.1038038519674695
834925,Jose Silva,CHC,25,R,,floor,Depth (no MLB PA),default,MiLB (MLE),0,1.0,0.2,0.9,0.1,0.1,0.0,0.0,0.0,0.1,0.1,0.0,0.0,0.2,0.0,0.0,0.1,0.1,0.111,0.2,0.111,0.311,0.13564,0.03923,0.00359,0.02731,0.08397,0.01096,0.00725,0.22922,0.0,0.0,0.1212968604734738,0.1157063027676458
596847,Ji Man Choi,SD,36,L,1B,floor,Depth (no MLB PA),default,MLB,5,1.0,0.2,0.9,0.2,0.1,0.1,0.0,0.0,0.3,0.1,0.0,0.0,0.3,0.0,0.0,0.1,0.1,0.222,0.3,0.333,0.633,0.1078,0.05161,0.0026,0.0273,0.11087,0.00611,0.00879,0.27987,0.00803,0.00226,0.1011250340956387,0.1161900660620871
694223,Starlin Aguilar,SEA,25,L,,floor,Depth (no MLB PA),default,MiLB (MLE),5,1.0,0.2,0.9,0.1,0.1,0.0,0.0,0.0,0.1,0.1,0.0,0.0,0.2,0.0,0.0,0.1,0.1,0.111,0.2,0.111,0.311,0.13828,0.0416,0.00294,0.0273,0.08203,0.01106,0.00765,0.23331,0.01712,0.00483,0.1138920715242519,0.1091165969463052
808852,Gable Mitchell,TOR,25,S,,floor,Depth (no MLB PA),default,MiLB (MLE),0,1.0,0.2,0.9,0.1,0.1,0.0,0.0,0.0,0.1,0.1,0.0,0.0,0.2,0.0,0.0,0.1,0.1,0.111,0.2,0.111,0.311,0.13769,0.0413,0.00313,0.0273,0.08291,0.01099,0.00737,0.22861,0.0,0.0,0.111041150316571,0.1059232770579959
811948,Tony Santa Maria,TB,25,R,,floor,Depth (no MLB PA),default,MiLB (MLE),5,1.0,0.2,0.9,0.1,0.1,0.0,0.0,0.0,0.1,0.1,0.0,0.0,0.2,0.0,0.0,0.1,0.1,0.111,0.2,0.111,0.311,0.13353,0.04082,0.00303,0.0273,0.08372,0.01103,0.00752,0.2296,0.01763,0.00497,0.1110392798589936,0.1063834223350814
820831,Sawyer Strosnider,MIL,22,L,,floor,Depth (no MLB PA),feed:order+depth,MiLB (MLE),0,1.0,0.2,0.9,0.1,0.1,0.0,0.0,0.0,0.1,0.1,0.0,0.0,0.2,0.0,0.0,0.1,0.1,0.111,0.2,0.111,0.311,0.13863,0.04133,0.00452,0.02729,0.08292,0.01099,0.00736,0.23051,0.0,0.0,0.1163092182482693,0.1109485403725308
691269,Adrian Placencia,LAA,25,S,,floor,Depth (no MLB PA),default,MiLB (MLE),5,1.0,0.2,0.9,0.1,0.1,0.0,0.0,0.0,0.1,0.1,0.0,0.0,0.2,0.0,0.0,0.1,0.1,0.111,0.2,0.111,0.311,0.12204,0.03664,0.00281,0.02726,0.08739,0.01109,0.00776,0.23876,0.01643,0.00463,0.106480524616612,0.1020158149002312
691281,Diosfran Cabeza,ARI,25,S,,floor,Depth (no MLB PA),default,MiLB (MLE),0,1.0,0.2,0.9,0.1,0.1,0.0,0.0,0.0,0.1,0.1,0.0,0.0,0.2,0.0,0.0,0.1,0.1,0.111,0.2,0.111,0.311,0.14082,0.03997,0.00326,0.02729,0.083,0.01093,0.00714,0.2282,0.0,0.0,0.1186941273191299,0.1132235292712471
703175,Freili Encarnacion,BOS,25,R,,floor,Depth (no MLB PA),default,MiLB (MLE),5,1.0,0.2,0.9,0.1,0.1,0.0,0.0,0.0,0.1,0.1,0.0,0.0,0.2,0.0,0.0,0.1,0.1,0.111,0.2,0.111,0.311,0.12968,0.03958,0.00354,0.02729,0.08311,0.01108,0.00771,0.23334,0.01683,0.00475,0.1139845743829696,0.1092052211763855
543543,Brad Miller,TEX,37,L,1B,floor,Depth (no MLB PA),default,MLB,5,1.0,0.2,0.9,0.1,0.1,0.0,0.0,0.0,0.1,0.1,0.0,0.0,0.2,0.0,0.0,0.1,0.1,0.111,0.2,0.111,0.311,0.13681,0.04022,0.0031,0.02729,0.08744,0.00223,0.00642,0.24938,0.01612,0.00458,0.0971089848447072,0.1061784980901503
443558,Nelson Cruz,SD,46,R,1B,floor,Depth (no MLB PA),default,MLB,5,1.0,0.2,0.9,0.1,0.1,0.0,0.0,0.0,0.1,0.1,0.0,0.0,0.3,0.0,0.0,0.1,0.1,0.111,0.2,0.111,0.311,0.13675,0.0402,0.0031,0.02728,0.08049,0.00902,0.00601,0.25024,0.01024,0.00284,0.1037634287314739,0.1296539348716738
680994,Nick Biddison,PHI,25,R,,floor,Depth (no MLB PA),default,MiLB (MLE),0,1.0,0.2,0.9,0.1,0.1,0.0,0.0,0.0,0.1,0.1,0.0,0.0,0.2,0.0,0.0,0.1,0.1,0.111,0.2,0.111,0.311,0.14107,0.03919,0.00326,0.02728,0.08292,0.01093,0.00715,0.22759,0.0,0.0,0.1161846072924148,0.1108296727206394
702574,David Mershon,LAA,25,S,,floor,Depth (no MLB PA),default,MiLB (MLE),0,1.0,0.2,0.9,0.1,0.1,0.0,0.0,0.0,0.1,0.1,0.0,0.0,0.2,0.0,0.0,0.1,0.1,0.111,0.2,0.111,0.311,0.13588,0.03919,0.00326,0.02728,0.08294,0.01093,0.00715,0.22813,0.0,0.0,0.1055838465145773,0.1007174997316602
813386,Justin Johnson,KC,25,R,,floor,Depth (no MLB PA),default,MiLB (MLE),5,1.0,0.2,0.9,0.1,0.1,0.0,0.0,0.0,0.1,0.1,0.0,0.0,0.2,0.0,0.0,0.1,0.1,0.111,0.2,0.111,0.311,0.11783,0.04164,0.00206,0.02727,0.08202,0.0113,0.00859,0.24679,0.01767,0.00501,0.1126208892977148,0.1078987151675124
701860,Carter Cunningham,TOR,25,L,,floor,Depth (no MLB PA),default,MiLB (MLE),5,1.0,0.2,0.9,0.1,0.1,0.0,0.0,0.0,0.1,0.1,0.0,0.0,0.3,0.0,0.0,0.1,0.1,0.111,0.2,0.111,0.311,0.12502,0.04149,0.00421,0.02726,0.08564,0.01125,0.00839,0.26077,0.01847,0.00518,0.1119841749477096,0.1072886981384986
691559,Jose D. Hernandez,LAD,25,R,,floor,Depth (no MLB PA),default,MiLB (MLE),5,1.0,0.2,0.9,0.1,0.1,0.0,0.0,0.0,0.1,0.1,0.0,0.0,0.2,0.0,0.0,0.1,0.1,0.111,0.2,0.111,0.311,0.13883,0.03971,0.00307,0.02726,0.08315,0.01102,0.00748,0.22834,0.01754,0.00495,0.1271758659241691,0.1218434041775241
691605,Miguel Briceno,MIN,25,R,,floor,Depth (no MLB PA),default,MiLB (MLE),0,1.0,0.2,0.9,0.1,0.1,0.0,0.0,0.0,0.1,0.1,0.0,0.0,0.2,0.0,0.0,0.1,0.1,0.111,0.2,0.111,0.311,0.13745,0.04061,0.00326,0.02729,0.08254,0.01093,0.00715,0.22833,0.0,0.0,0.113135896968568,0.1079214770888242
692364,Cesar Quintas,SEA,25,R,,floor,Depth (no MLB PA),default,MiLB (MLE),0,1.0,0.2,0.9,0.1,0.1,0.0,0.0,0.0,0.1,0.1,0.0,0.0,0.2,0.0,0.0,0.1,0.1,0.111,0.2,0.111,0.311,0.14135,0.04264,0.00318,0.02713,0.08313,0.01097,0.00729,0.2286,0.0,0.0,0.1129329803956266,0.1077279129163165
807011,Felix Morrobel,LAA,25,S,,floor,Depth (no MLB PA),default,MiLB (MLE),0,1.0,0.2,0.9,0.1,0.1,0.0,0.0,0.0,0.1,0.1,0.0,0.0,0.2,0.0,0.0,0.1,0.1,0.111,0.2,0.111,0.311,0.13856,0.04025,0.00324,0.02713,0.08282,0.01094,0.00718,0.2282,0.0,0.0,0.1055838465145773,0.1007174997316602
571980,Tyler Naquin,NYM,36,L,LF,floor,Depth (no MLB PA),default,MLB,3,1.0,0.2,0.9,0.1,0.1,0.0,0.0,0.0,0.1,0.1,0.0,0.0,0.3,0.0,0.0,0.1,0.1,0.111,0.2,0.111,0.311,0.13599,0.03998,0.00308,0.02712,0.06529,0.01121,0.00128,0.27164,0.01644,0.00468,0.1221217611609273,0.1181189620763915
806982,Esmil Valencia,MIA,25,R,,floor,Depth (no MLB PA),default,MiLB (MLE),5,1.0,0.2,0.9,0.1,0.1,0.0,0.0,0.0,0.1,0.1,0.0,0.0,0.2,0.0,0.0,0.1,0.1,0.111,0.2,0.111,0.311,0.13041,0.0427,0.00351,0.02712,0.08105,0.01109,0.00774,0.23245,0.01723,0.00486,0.1083028077561248,0.1037616900274031
519058,Mike Moustakas,LAA,38,L,3B,floor,Depth (no MLB PA),default,MLB,5,1.0,0.2,0.9,0.1,0.1,0.0,0.0,0.0,0.1,0.1,0.0,0.0,0.3,0.0,0.0,0.1,0.1,0.111,0.2,0.111,0.311,0.13594,0.03996,0.00308,0.02712,0.07098,0.01274,0.01501,0.25088,0.00806,0.00226,0.1034915976098299,0.1022493248226361
803630,Jalen Hairston,CIN,25,L,,floor,Depth (no MLB PA),default,MiLB (MLE),5,1.0,0.2,0.9,0.1,0.1,0.0,0.0,0.0,0.1,0.1,0.0,0.0,0.2,0.0,0.0,0.1,0.1,0.111,0.2,0.111,0.311,0.13819,0.04378,0.00338,0.02711,0.08359,0.01104,0.00755,0.2304,0.0175,0.00494,0.1096855274705329,0.1050864325467684
694193,Victor Acosta,CIN,25,S,,floor,Depth (no MLB PA),default,MiLB (MLE),5,1.0,0.2,0.9,0.1,0.1,0.0,0.0,0.0,0.1,0.1,0.0,0.0,0.2,0.0,0.0,0.1,0.1,0.111,0.2,0.111,0.311,0.1378,0.04013,0.00559,0.02711,0.08206,0.01105,0.00759,0.22979,0.01752,0.00494,0.1096855274705329,0.1050864325467684
694838,Joe Vetrano,LAD,25,L,,floor,Depth (no MLB PA),default,MiLB (MLE),5,1.0,0.2,0.9,0.1,0.1,0.0,0.0,0.0,0.1,0.1,0.0,0.0,0.3,0.0,0.0,0.1,0.1,0.111,0.2,0.111,0.311,0.12075,0.03371,0.00291,0.02711,0.08164,0.01129,0.00858,0.27164,0.0166,0.0047,0.1271758659241691,0.1218434041775241
804859,Robert Phelps,PHI,25,R,,floor,Depth (no MLB PA),default,MiLB (MLE),0,1.0,0.2,0.9,0.1,0.1,0.0,0.0,0.0,0.1,0.1,0.0,0.0,0.2,0.0,0.0,0.1,0.1,0.111,0.2,0.111,0.311,0.13826,0.0381,0.00311,0.0271,0.08257,0.011,0.00741,0.22796,0.0,0.0,0.1161846072924148,0.1108296727206394
829162,Steele Hall,CIN,20,R,,floor,Depth (no MLB PA),feed:order+depth,MiLB (MLE),0,1.0,0.2,0.9,0.1,0.1,0.0,0.0,0.0,0.1,0.1,0.0,0.0,0.2,0.0,0.0,0.1,0.1,0.111,0.2,0.111,0.311,0.13499,0.04122,0.00322,0.02719,0.08326,0.01095,0.00722,0.22982,0.0,0.0,0.108761859870781,0.1037490388346277
826043,Riley Nelson,CLE,25,L,,floor,Depth (no MLB PA),default,MiLB (MLE),0,1.0,0.2,0.9,0.1,0.1,0.0,0.0,0.0,0.1,0.1,0.0,0.0,0.2,0.0,0.0,0.1,0.1,0.111,0.2,0.111,0.311,0.1347,0.04046,0.00324,0.0271,0.08313,0.01094,0.00718,0.22889,0.0,0.0,0.1090765435794416,0.1040492188090162
807975,Yeiker Reyes,COL,25,L,,floor,Depth (no MLB PA),default,MiLB (MLE),0,1.0,0.2,0.9,0.1,0.1,0.0,0.0,0.0,0.1,0.1,0.0,0.0,0.2,0.0,0.0,0.1,0.1,0.111,0.2,0.111,0.311,0.14148,0.03934,0.00399,0.02709,0.08278,0.01096,0.00724,0.22904,0.0,0.0,0.1055610191013167,0.1006957244311304
806867,Abel Lorenzo,LAD,25,L,,floor,Depth (no MLB PA),default,MiLB (MLE),0,1.0,0.2,0.9,0.1,0.1,0.0,0.0,0.0,0.1,0.1,0.0,0.0,0.2,0.0,0.0,0.1,0.1,0.111,0.2,0.111,0.311,0.1379,0.04102,0.0036,0.02709,0.08226,0.01096,0.00725,0.22932,0.0,0.0,0.126104911263755,0.1202927510754662
805416,Will Vierling,PHI,25,L,,floor,Depth (no MLB PA),default,MiLB (MLE),5,1.0,0.2,0.9,0.1,0.1,0.0,0.0,0.0,0.1,0.1,0.0,0.0,0.2,0.0,0.0,0.1,0.1,0.111,0.2,0.111,0.311,0.13754,0.0397,0.00295,0.02708,0.08275,0.01106,0.00765,0.2301,0.01726,0.00487,0.1171713130868302,0.1122583404854701
694188,Jesus Galiz,LAD,25,R,,floor,Depth (no MLB PA),default,MiLB (MLE),0,1.0,0.2,0.9,0.1,0.1,0.0,0.0,0.0,0.1,0.1,0.0,0.0,0.2,0.0,0.0,0.1,0.1,0.111,0.2,0.111,0.311,0.14058,0.04042,0.00324,0.02708,0.08289,0.01094,0.00719,0.2282,0.0,0.0,0.126104911263755,0.1202927510754662
701796,Will Cresswell,TOR,25,R,,floor,Depth (no MLB PA),default,MiLB (MLE),0,1.0,0.2,0.9,0.1,0.1,0.0,0.0,0.0,0.1,0.1,0.0,0.0,0.2,0.0,0.0,0.1,0.1,0.111,0.2,0.111,0.311,0.13703,0.03933,0.0032,0.02708,0.08274,0.01095,0.00723,0.23073,0.0,0.0,0.111041150316571,0.1059232770579959
698916,Rosman Verdugo,SD,25,R,,floor,Depth (no MLB PA),default,MiLB (MLE),0,1.0,0.2,0.9,0.1,0.1,0.0,0.0,0.0,0.1,0.1,0.0,0.0,0.2,0.0,0.0,0.1,0.1,0.111,0.2,0.111,0.311,0.14522,0.0389,0.00324,0.02708,0.08313,0.01094,0.00719,0.22875,0.0,0.0,0.1138336372651961,0.1085870586191268
800610,Roman Martin,OAK,25,R,,floor,Depth (no MLB PA),feed:order+depth,MiLB (MLE),0,1.0,0.2,0.9,0.1,0.1,0.0,0.0,0.0,0.1,0.1,0.0,0.0,0.2,0.0,0.0,0.1,0.1,0.111,0.2,0.111,0.311,0.13835,0.04231,0.00324,0.02707,0.0829,0.01094,0.00719,0.22869,0.0,0.0,0.112771467234821,0.1075738438776605
694281,Tomas Frick,NYY,25,R,,floor,Depth (no MLB PA),default,MiLB (MLE),0,1.0,0.2,0.9,0.1,0.1,0.0,0.0,0.0,0.1,0.1,0.0,0.0,0.2,0.0,0.0,0.1,0.1,0.111,0.2,0.111,0.311,0.141,0.03998,0.00311,0.02707,0.08267,0.011,0.00742,0.22792,0.0,0.0,0.1236787918946801,0.1179784512562222
702630,Luke Hanson,TEX,25,R,,floor,Depth (no MLB PA),default,MiLB (MLE),0,1.0,0.2,0.9,0.1,0.1,0.0,0.0,0.0,0.1,0.1,0.0,0.0,0.2,0.0,0.0,0.1,0.1,0.111,0.2,0.111,0.311,0.13384,0.03734,0.00311,0.0271,0.08247,0.011,0.00741,0.22863,0.0,0.0,0.1083739722267322,0.1033790288854258
808691,Adrian Gil,CWS,25,R,,floor,Depth (no MLB PA),default,MiLB (MLE),0,1.0,0.2,0.9,0.1,0.1,0.0,0.0,0.0,0.1,0.1,0.0,0.0,0.2,0.0,0.0,0.1,0.1,0.111,0.2,0.111,0.311,0.13216,0.03864,0.00311,0.02719,0.08359,0.01099,0.00738,0.23132,0.0,0.0,0.1088193213985232,0.1038038519674695
682011,Tyler Miller,PHI,25,L,,floor,Depth (no MLB PA),default,MiLB (MLE),0,1.0,0.2,0.9,0.1,0.1,0.0,0.0,0.0,0.1,0.1,0.0,0.0,0.2,0.0,0.0,0.1,0.1,0.111,0.2,0.111,0.311,0.13581,0.039,0.00318,0.02719,0.08277,0.01096,0.00727,0.23011,0.0,0.0,0.1161846072924148,0.1108296727206394
703603,Grant Jay,SEA,25,R,,floor,Depth (no MLB PA),default,MiLB (MLE),5,1.0,0.2,0.9,0.1,0.1,0.0,0.0,0.0,0.1,0.1,0.0,0.0,0.2,0.0,0.0,0.1,0.1,0.111,0.2,0.111,0.311,0.12947,0.03989,0.00397,0.02719,0.08346,0.01108,0.00772,0.24109,0.01691,0.00477,0.1138920715242519,0.1091165969463052
703158,Jonathan Mejía,STL,25,S,,floor,Depth (no MLB PA),default,MiLB (MLE),5,1.0,0.2,0.9,0.1,0.1,0.0,0.0,0.0,0.1,0.1,0.0,0.0,0.2,0.0,0.0,0.1,0.1,0.111,0.2,0.111,0.311,0.12947,0.03828,0.00396,0.02718,0.08517,0.01108,0.00773,0.23525,0.01713,0.00483,0.1090018959870051,0.1044314656114096
801853,Brandon Nigh,HOU,25,R,,floor,Depth (no MLB PA),default,MiLB (MLE),0,1.0,0.2,0.9,0.1,0.1,0.0,0.0,0.0,0.1,0.1,0.0,0.0,0.2,0.0,0.0,0.1,0.1,0.111,0.2,0.111,0.311,0.13958,0.03982,0.00325,0.02718,0.08292,0.01093,0.00716,0.22967,0.0,0.0,0.1181433850095948,0.1126981706084979
808631,Frederik Jimenez,BOS,25,S,,floor,Depth (no MLB PA),default,MiLB (MLE),0,1.0,0.2,0.9,0.1,0.1,0.0,0.0,0.0,0.1,0.1,0.0,0.0,0.2,0.0,0.0,0.1,0.1,0.111,0.2,0.111,0.311,0.13146,0.03948,0.00358,0.02718,0.083,0.01096,0.00727,0.2311,0.0,0.0,0.1130247042829025,0.1078154092606633
695517,Casey Cook,TEX,25,L,,floor,Depth (no MLB PA),default,MiLB (MLE),5,1.0,0.2,0.9,0.1,0.1,0.0,0.0,0.0,0.1,0.1,0.0,0.0,0.2,0.0,0.0,0.1,0.1,0.111,0.2,0.111,0.311,0.12838,0.03804,0.00359,0.02717,0.08257,0.01106,0.00764,0.23456,0.01673,0.00471,0.1092943456639019,0.1047116529246611
844078,Caleb Klein,ATL,25,R,,floor,Depth (no MLB PA),default,MiLB (MLE),0,1.0,0.2,0.9,0.1,0.1,0.0,0.0,0.0,0.1,0.1,0.0,0.0,0.2,0.0,0.0,0.1,0.1,0.111,0.2,0.111,0.311,0.14394,0.03946,0.00325,0.02717,0.08301,0.01094,0.00717,0.22857,0.0,0.0,0.1163109310194975,0.1109501742023392
689456,Austin Murr,PHI,25,L,,floor,Depth (no MLB PA),default,MiLB (MLE),5,1.0,0.2,0.9,0.1,0.1,0.0,0.0,0.0,0.1,0.1,0.0,0.0,0.2,0.0,0.0,0.1,0.1,0.111,0.2,0.111,0.311,0.13728,0.04727,0.00451,0.02716,0.08106,0.01121,0.00822,0.22637,0.01783,0.00501,0.1171713130868302,0.1122583404854701
805870,Hyungchan Um,KC,25,R,,floor,Depth (no MLB PA),default,MiLB (MLE),0,1.0,0.2,0.9,0.1,0.1,0.0,0.0,0.0,0.1,0.1,0.0,0.0,0.2,0.0,0.0,0.1,0.1,0.111,0.2,0.111,0.311,0.14132,0.04038,0.00457,0.02713,0.08277,0.01094,0.00718,0.22869,0.0,0.0,0.1116725028615235,0.1065255306401104
800614,Bryce Rainer,DET,22,L,,floor,Depth (no MLB PA),feed:order+depth,MiLB (MLE),5,1.0,0.2,0.9,0.1,0.1,0.0,0.0,0.0,0.1,0.1,0.0,0.0,0.3,0.0,0.0,0.1,0.1,0.111,0.2,0.111,0.311,0.13125,0.03999,0.00283,0.02715,0.08736,0.01123,0.00831,0.26095,0.01757,0.00495,0.1154184738764934,0.1105789975157071
702597,Dom Krupinski,CHC,25,L,,floor,Depth (no MLB PA),default,MiLB (MLE),5,1.0,0.2,0.9,0.1,0.1,0.0,0.0,0.0,0.1,0.1,0.0,0.0,0.2,0.0,0.0,0.1,0.1,0.111,0.2,0.111,0.311,0.12874,0.03986,0.00425,0.02715,0.08374,0.01104,0.00757,0.2342,0.01726,0.00486,0.1223269824307857,0.117197833518337
656403,Drew Ellis,PHI,31,R,3B,floor,Depth (no MLB PA),default,MLB,5,1.0,0.2,0.9,0.1,0.1,0.0,0.0,0.0,0.1,0.1,0.0,0.0,0.2,0.0,0.0,0.1,0.1,0.111,0.2,0.111,0.311,0.1361,0.04001,0.00308,0.02715,0.09584,0.00687,0.00428,0.24188,0.0185,0.00528,0.1179730115447927,0.1134094972456214
807061,Carter Beck,ATL,22,L,,floor,Depth (no MLB PA),feed:order+depth,MiLB (MLE),0,1.0,0.2,0.9,0.1,0.1,0.0,0.0,0.0,0.1,0.1,0.0,0.0,0.2,0.0,0.0,0.1,0.1,0.111,0.2,0.111,0.311,0.13553,0.04043,0.00388,0.02715,0.08343,0.01097,0.00729,0.22845,0.0,0.0,0.1163109310194975,0.1109501742023392
805104,Jose Monserrate,MIA,25,R,,floor,Depth (no MLB PA),default,MiLB (MLE),0,1.0,0.2,0.9,0.1,0.1,0.0,0.0,0.0,0.1,0.1,0.0,0.0,0.2,0.0,0.0,0.1,0.1,0.111,0.2,0.111,0.311,0.13819,0.04026,0.0036,0.02714,0.08269,0.01095,0.00723,0.22924,0.0,0.0,0.1073907841118627,0.1024411557924819
700784,Jeron Williams,HOU,25,R,,floor,Depth (no MLB PA),default,MiLB (MLE),0,1.0,0.2,0.9,0.1,0.1,0.0,0.0,0.0,0.1,0.1,0.0,0.0,0.2,0.0,0.0,0.1,0.1,0.111,0.2,0.111,0.311,0.1371,0.04284,0.00311,0.02714,0.08251,0.011,0.0074,0.23002,0.0,0.0,0.1181433850095948,0.1126981706084979
800149,Carlos Pacheco,OAK,25,R,,floor,Depth (no MLB PA),default,MiLB (MLE),0,1.0,0.2,0.9,0.1,0.1,0.0,0.0,0.0,0.1,0.1,0.0,0.0,0.2,0.0,0.0,0.1,0.1,0.111,0.2,0.111,0.311,0.14133,0.04039,0.00456,0.02714,0.08234,0.01094,0.00718,0.22891,0.0,0.0,0.112771467234821,0.1075738438776605
690053,Chris Sargent,SD,25,R,,floor,Depth (no MLB PA),default,MiLB (MLE),5,1.0,0.2,0.9,0.1,0.1,0.0,0.0,0.0,0.1,0.1,0.0,0.0,0.2,0.0,0.0,0.1,0.1,0.111,0.2,0.111,0.311,0.13069,0.03828,0.00287,0.02713,0.08216,0.01109,0.00774,0.23313,0.01648,0.00465,0.1148003772844334,0.1099868176053142
702520,Justin Thomas Jr.,HOU,25,R,,floor,Depth (no MLB PA),default,MiLB (MLE),5,1.0,0.2,0.9,0.1,0.1,0.0,0.0,0.0,0.1,0.1,0.0,0.0,0.2,0.0,0.0,0.1,0.1,0.111,0.2,0.111,0.311,0.13602,0.03848,0.00298,0.02713,0.08507,0.01104,0.00757,0.23177,0.01802,0.00508,0.1191467258589332,0.1141509245466025
805799,Zion Rose,KC,22,R,,floor,Depth (no MLB PA),feed:order+depth,MiLB (MLE),0,1.0,0.2,0.9,0.1,0.1,0.0,0.0,0.0,0.1,0.1,0.0,0.0,0.2,0.0,0.0,0.1,0.1,0.111,0.2,0.111,0.311,0.1415,0.0397,0.00318,0.02716,0.08324,0.01097,0.00729,0.22829,0.0,0.0,0.1116725028615235,0.1065255306401104
680713,P.J. Hilson,PIT,25,R,,floor,Depth (no MLB PA),default,MiLB (MLE),0,1.0,0.2,0.9,0.1,0.1,0.0,0.0,0.0,0.1,0.1,0.0,0.0,0.2,0.0,0.0,0.1,0.1,0.111,0.2,0.111,0.311,0.133,0.03984,0.00313,0.02817,0.08392,0.01099,0.00737,0.22848,0.0,0.0,0.1095421137696742,0.1044933309251943
687260,Brian Kalmer,CHC,25,R,,floor,Depth (no MLB PA),default,MiLB (MLE),0,1.0,0.2,0.9,0.1,0.1,0.0,0.0,0.0,0.1,0.1,0.0,0.0,0.2,0.0,0.0,0.1,0.1,0.111,0.2,0.111,0.311,0.13993,0.04203,0.00337,0.02816,0.08263,0.01088,0.00695,0.22825,0.0,0.0,0.1212968604734738,0.1157063027676458
691021,A.J. Vukovich,ARI,25,R,,floor,Depth (no MLB PA),default,MiLB (MLE),5,1.0,0.2,0.9,0.1,0.1,0.0,0.0,0.0,0.1,0.1,0.0,0.0,0.2,0.0,0.0,0.1,0.1,0.111,0.2,0.111,0.311,0.13943,0.04415,0.00334,0.02816,0.07803,0.01133,0.00868,0.24835,0.01468,0.00415,0.1197021453855344,0.1146830554298953
668663,Tres Barrera,WSH,32,R,C,floor,Depth (no MLB PA),default,MLB,5,1.0,0.2,0.9,0.1,0.1,0.0,0.0,0.0,0.1,0.1,0.0,0.0,0.2,0.0,0.0,0.1,0.1,0.111,0.2,0.111,0.311,0.14117,0.0415,0.0032,0.02816,0.07329,0.00641,0.004,0.2409,0.01555,0.00438,0.1051646299916251,0.1052930964631428
821770,Andres Torres,TB,25,L,,floor,Depth (no MLB PA),default,MiLB (MLE),0,1.0,0.2,0.9,0.1,0.1,0.0,0.0,0.0,0.1,0.1,0.0,0.0,0.2,0.0,0.0,0.1,0.1,0.111,0.2,0.111,0.311,0.13804,0.04043,0.00337,0.02815,0.08281,0.01088,0.00695,0.22816,0.0,0.0,0.1101042122391284,0.1050295223438183
804569,Tre Phelps,PIT,25,R,,floor,Depth (no MLB PA),default,MiLB (MLE),0,1.0,0.2,0.9,0.1,0.1,0.0,0.0,0.0,0.1,0.1,0.0,0.0,0.2,0.0,0.0,0.1,0.1,0.111,0.2,0.111,0.311,0.13809,0.04044,0.00333,0.02815,0.08273,0.0109,0.00702,0.22825,0.0,0.0,0.1095421137696742,0.1044933309251943
500871,Eduardo Escobar,LAA,38,S,3B,floor,Depth (no MLB PA),default,MLB,6,1.0,0.2,0.9,0.1,0.1,0.0,0.0,0.0,0.1,0.1,0.0,0.0,0.2,0.0,0.0,0.1,0.1,0.111,0.2,0.111,0.311,0.14114,0.04149,0.0032,0.02815,0.06925,0.00197,0.00896,0.24458,0.00914,0.00264,0.0953934735008296,0.0996900560730789
814499,Brady Cerkownyk,WSH,25,R,,floor,Depth (no MLB PA),default,MiLB (MLE),0,1.0,0.2,0.9,0.1,0.1,0.0,0.0,0.0,0.1,0.1,0.0,0.0,0.2,0.0,0.0,0.1,0.1,0.111,0.2,0.111,0.311,0.13811,0.04123,0.00337,0.02815,0.08286,0.01088,0.00695,0.22819,0.0,0.0,0.1117065380027561,0.1065579971057784
703194,Randy De Jesus,LAA,25,R,,floor,Depth (no MLB PA),default,MiLB (MLE),0,1.0,0.2,0.9,0.1,0.1,0.0,0.0,0.0,0.1,0.1,0.0,0.0,0.2,0.0,0.0,0.1,0.1,0.111,0.2,0.111,0.311,0.1354,0.04096,0.00317,0.0277,0.08241,0.01097,0.00728,0.23133,0.0,0.0,0.1055838465145773,0.1007174997316602
804503,Bradley Frye,SD,25,R,,floor,Depth (no MLB PA),default,MiLB (MLE),0,1.0,0.2,0.9,0.1,0.1,0.0,0.0,0.0,0.1,0.1,0.0,0.0,0.2,0.0,0.0,0.1,0.1,0.111,0.2,0.111,0.311,0.13939,0.04107,0.00394,0.02814,0.08279,0.01095,0.0072,0.22913,0.0,0.0,0.1138336372651961,0.1085870586191268
806264,Macon Winslow,PHI,25,R,,floor,Depth (no MLB PA),default,MiLB (MLE),0,1.0,0.2,0.9,0.1,0.1,0.0,0.0,0.0,0.1,0.1,0.0,0.0,0.2,0.0,0.0,0.1,0.1,0.111,0.2,0.111,0.311,0.13761,0.04129,0.0037,0.02814,0.08271,0.01092,0.00709,0.22852,0.0,0.0,0.1161846072924148,0.1108296727206394
801957,Dub Gleed,TOR,25,R,,floor,Depth (no MLB PA),default,MiLB (MLE),5,1.0,0.2,0.9,0.1,0.1,0.0,0.0,0.0,0.1,0.1,0.0,0.0,0.2,0.0,0.0,0.1,0.1,0.111,0.2,0.111,0.311,0.14306,0.04139,0.00414,0.02813,0.08288,0.01127,0.00843,0.22674,0.01644,0.00465,0.1119841749477096,0.1072886981384986
665846,Jesús Bastidas,MIA,25,R,,floor,Depth (no MLB PA),default,MiLB (MLE),5,1.0,0.2,0.9,0.1,0.1,0.0,0.0,0.0,0.1,0.1,0.0,0.0,0.2,0.0,0.0,0.1,0.1,0.111,0.2,0.111,0.311,0.12922,0.04152,0.00409,0.02813,0.07787,0.01122,0.00827,0.24123,0.01691,0.00475,0.1083028077561248,0.1037616900274031
813930,Ivan Luciano,ARI,25,L,,floor,Depth (no MLB PA),default,MiLB (MLE),0,1.0,0.2,0.9,0.1,0.1,0.0,0.0,0.0,0.1,0.1,0.0,0.0,0.2,0.0,0.0,0.1,0.1,0.111,0.2,0.111,0.311,0.13782,0.04346,0.0033,0.02813,0.08277,0.01092,0.00709,0.22862,0.0,0.0,0.1186941273191299,0.1132235292712471
801881,Jacob Jenkins-Cowart,MIA,25,L,,floor,Depth (no MLB PA),default,MiLB (MLE),5,1.0,0.2,0.9,0.1,0.1,0.0,0.0,0.0,0.1,0.1,0.0,0.0,0.2,0.0,0.0,0.1,0.1,0.111,0.2,0.111,0.311,0.13101,0.03994,0.00345,0.02813,0.08173,0.0111,0.0078,0.23728,0.0168,0.00473,0.1083028077561248,0.1037616900274031
805102,Byron Chourio,MIN,25,S,,floor,Depth (no MLB PA),default,MiLB (MLE),0,1.0,0.2,0.9,0.1,0.1,0.0,0.0,0.0,0.1,0.1,0.0,0.0,0.2,0.0,0.0,0.1,0.1,0.111,0.2,0.111,0.311,0.13994,0.04098,0.00386,0.02813,0.08321,0.01098,0.00731,0.22886,0.0,0.0,0.113135896968568,0.1079214770888242
827522,Colby Turner,MIN,25,R,,floor,Depth (no MLB PA),default,MiLB (MLE),0,1.0,0.2,0.9,0.1,0.1,0.0,0.0,0.0,0.1,0.1,0.0,0.0,0.2,0.0,0.0,0.1,0.1,0.111,0.2,0.111,0.311,0.14167,0.04127,0.00365,0.02813,0.08272,0.01093,0.00716,0.22818,0.0,0.0,0.113135896968568,0.1079214770888242
821763,Hector Campusano,BAL,25,S,,floor,Depth (no MLB PA),default,MiLB (MLE),0,1.0,0.2,0.9,0.1,0.1,0.0,0.0,0.0,0.1,0.1,0.0,0.0,0.2,0.0,0.0,0.1,0.1,0.111,0.2,0.111,0.311,0.13901,0.04042,0.00336,0.02813,0.08276,0.01088,0.00696,0.22812,0.0,0.0,0.11357196332132,0.1083374451958416
801427,Alex Fernandes,OAK,25,L,,floor,Depth (no MLB PA),default,MiLB (MLE),0,1.0,0.2,0.9,0.1,0.1,0.0,0.0,0.0,0.1,0.1,0.0,0.0,0.2,0.0,0.0,0.1,0.1,0.111,0.2,0.111,0.311,0.14159,0.04122,0.00409,0.02815,0.08274,0.01088,0.00696,0.22761,0.0,0.0,0.112771467234821,0.1075738438776605
813842,Chase Call,HOU,25,R,,floor,Depth (no MLB PA),default,MiLB (MLE),5,1.0,0.2,0.9,0.1,0.1,0.0,0.0,0.0,0.1,0.1,0.0,0.0,0.3,0.0,0.0,0.1,0.1,0.111,0.2,0.111,0.311,0.12498,0.03534,0.00263,0.02819,0.08198,0.01114,0.00797,0.25082,0.01697,0.00479,0.1191467258589332,0.1141509245466025
835938,Hayden Friese,ATL,25,L,,floor,Depth (no MLB PA),default,MiLB (MLE),0,1.0,0.2,0.9,0.1,0.1,0.0,0.0,0.0,0.1,0.1,0.0,0.0,0.2,0.0,0.0,0.1,0.1,0.111,0.2,0.111,0.311,0.13918,0.04128,0.00337,0.02819,0.08271,0.01088,0.00694,0.22806,0.0,0.0,0.1163109310194975,0.1109501742023392
821147,Josue Brito,BOS,25,R,,floor,Depth (no MLB PA),default,MiLB (MLE),0,1.0,0.2,0.9,0.1,0.1,0.0,0.0,0.0,0.1,0.1,0.0,0.0,0.2,0.0,0.0,0.1,0.1,0.111,0.2,0.111,0.311,0.13681,0.04136,0.0033,0.02818,0.08293,0.01091,0.00708,0.22846,0.0,0.0,0.1130247042829025,0.1078154092606633
702895,Geuri Lubo,CHC,25,R,,floor,Depth (no MLB PA),default,MiLB (MLE),0,1.0,0.2,0.9,0.1,0.1,0.0,0.0,0.0,0.1,0.1,0.0,0.0,0.2,0.0,0.0,0.1,0.1,0.111,0.2,0.111,0.311,0.137,0.04036,0.00323,0.02818,0.08248,0.01094,0.00719,0.22995,0.0,0.0,0.1212968604734738,0.1157063027676458
656514,Adam Haseley,CWS,31,L,RF,floor,Depth (no MLB PA),default,MLB,2,1.0,0.2,0.9,0.1,0.1,0.0,0.0,0.0,0.1,0.1,0.0,0.0,0.2,0.0,0.0,0.1,0.1,0.111,0.2,0.111,0.311,0.1413,0.04154,0.0032,0.02818,0.08441,0.00601,0.00375,0.2298,0.0169,0.00475,0.116713150445479,0.0993467265421761
830984,Brennan Hudson,CHC,25,L,,floor,Depth (no MLB PA),default,MiLB (MLE),0,1.0,0.2,0.9,0.1,0.1,0.0,0.0,0.0,0.1,0.1,0.0,0.0,0.2,0.0,0.0,0.1,0.1,0.111,0.2,0.111,0.311,0.13524,0.04113,0.00323,0.02818,0.08313,0.01094,0.00719,0.22942,0.0,0.0,0.1212968604734738,0.1157063027676458
806680,Chris Hacopian,WSH,23,R,,floor,Depth (no MLB PA),feed:order+depth,MiLB (MLE),0,1.0,0.2,0.9,0.1,0.1,0.0,0.0,0.0,0.1,0.1,0.0,0.0,0.2,0.0,0.0,0.1,0.1,0.111,0.2,0.111,0.311,0.14151,0.03965,0.0033,0.02818,0.0829,0.01091,0.00708,0.22791,0.0,0.0,0.1117065380027561,0.1065579971057784
835716,Jack Barker,PHI,25,L,,floor,Depth (no MLB PA),default,MiLB (MLE),0,1.0,0.2,0.9,0.1,0.1,0.0,0.0,0.0,0.1,0.1,0.0,0.0,0.2,0.0,0.0,0.1,0.1,0.111,0.2,0.111,0.311,0.1361,0.04093,0.00378,0.02818,0.08268,0.01088,0.00694,0.22825,0.0,0.0,0.1161846072924148,0.1108296727206394
832104,Kooper Schulte,NYM,25,R,,floor,Depth (no MLB PA),default,MiLB (MLE),0,1.0,0.2,0.9,0.1,0.1,0.0,0.0,0.0,0.1,0.1,0.0,0.0,0.2,0.0,0.0,0.1,0.1,0.111,0.2,0.111,0.311,0.1382,0.04048,0.00337,0.02818,0.08272,0.01088,0.00694,0.22825,0.0,0.0,0.1175263398742655,0.1121095650092184
805365,Isaiah Jackson,BOS,25,L,,floor,Depth (no MLB PA),default,MiLB (MLE),0,1.0,0.2,0.9,0.1,0.1,0.0,0.0,0.0,0.1,0.1,0.0,0.0,0.2,0.0,0.0,0.1,0.1,0.111,0.2,0.111,0.311,0.13867,0.04192,0.00337,0.02817,0.0828,0.01088,0.00695,0.22787,0.0,0.0,0.1130247042829025,0.1078154092606633
807740,Luke Shliger,DET,25,L,,floor,Depth (no MLB PA),default,MiLB (MLE),0,1.0,0.2,0.9,0.1,0.1,0.0,0.0,0.0,0.1,0.1,0.0,0.0,0.2,0.0,0.0,0.1,0.1,0.111,0.2,0.111,0.311,0.13812,0.04048,0.00337,0.02818,0.08293,0.01088,0.00695,0.22772,0.0,0.0,0.1144465288333229,0.1091717020886165
824558,Alex Conover,SD,25,L,,floor,Depth (no MLB PA),feed:order+depth,MiLB (MLE),0,1.0,0.2,0.9,0.1,0.1,0.0,0.0,0.0,0.1,0.1,0.0,0.0,0.2,0.0,0.0,0.1,0.1,0.111,0.2,0.111,0.311,0.1398,0.04134,0.0033,0.02818,0.08261,0.01092,0.00709,0.22799,0.0,0.0,0.1138336372651961,0.1085870586191268
801290,Max Viera,TOR,25,R,,floor,Depth (no MLB PA),default,MiLB (MLE),0,1.0,0.2,0.9,0.1,0.1,0.0,0.0,0.0,0.1,0.1,0.0,0.0,0.2,0.0,0.0,0.1,0.1,0.111,0.2,0.111,0.311,0.13439,0.0396,0.00538,0.02818,0.08297,0.01094,0.00719,0.22942,0.0,0.0,0.111041150316571,0.1059232770579959
687248,Keshawn Ogans,ATL,25,R,,floor,Depth (no MLB PA),default,MiLB (MLE),0,1.0,0.2,0.9,0.1,0.1,0.0,0.0,0.0,0.1,0.1,0.0,0.0,0.2,0.0,0.0,0.1,0.1,0.111,0.2,0.111,0.311,0.13554,0.04048,0.00337,0.02818,0.08271,0.01088,0.00695,0.22801,0.0,0.0,0.1163109310194975,0.1109501742023392
805744,Athanael Duarte,LAA,25,R,,floor,Depth (no MLB PA),default,MiLB (MLE),0,1.0,0.2,0.9,0.1,0.1,0.0,0.0,0.0,0.1,0.1,0.0,0.0,0.2,0.0,0.0,0.1,0.1,0.111,0.2,0.111,0.311,0.13718,0.04047,0.00333,0.02817,0.08277,0.0109,0.00702,0.22852,0.0,0.0,0.1055838465145773,0.1007174997316602
691621,Jheremy Vargas,MIL,25,R,,floor,Depth (no MLB PA),default,MiLB (MLE),0,1.0,0.2,0.9,0.1,0.1,0.0,0.0,0.0,0.1,0.1,0.0,0.0,0.2,0.0,0.0,0.1,0.1,0.111,0.2,0.111,0.311,0.13808,0.04046,0.00337,0.02817,0.08271,0.01088,0.00695,0.22827,0.0,0.0,0.1163092182482693,0.1109485403725308
825479,Luis De Leon,HOU,25,R,,floor,Depth (no MLB PA),feed:order+depth,MiLB (MLE),0,1.0,0.2,0.9,0.1,0.1,0.0,0.0,0.0,0.1,0.1,0.0,0.0,0.2,0.0,0.0,0.1,0.1,0.111,0.2,0.111,0.311,0.14017,0.04046,0.00337,0.02817,0.08268,0.01088,0.00695,0.22788,0.0,0.0,0.1181433850095948,0.1126981706084979
700668,Cam Hassert,COL,25,L,,floor,Depth (no MLB PA),default,MiLB (MLE),0,1.0,0.2,0.9,0.1,0.1,0.0,0.0,0.0,0.1,0.1,0.0,0.0,0.2,0.0,0.0,0.1,0.1,0.111,0.2,0.111,0.311,0.13611,0.04224,0.00374,0.02817,0.08294,0.0109,0.00702,0.22847,0.0,0.0,0.1055610191013167,0.1006957244311304
806027,Eric Becker,CIN,22,L,,floor,Depth (no MLB PA),feed:order+depth,MiLB (MLE),0,1.0,0.2,0.9,0.1,0.1,0.0,0.0,0.0,0.1,0.1,0.0,0.0,0.2,0.0,0.0,0.1,0.1,0.111,0.2,0.111,0.311,0.13506,0.04177,0.00317,0.02817,0.0824,0.01097,0.00731,0.22904,0.0,0.0,0.108761859870781,0.1037490388346277
678099,Gavin Logan,ARI,25,L,,floor,Depth (no MLB PA),default,MiLB (MLE),0,1.0,0.2,0.9,0.1,0.1,0.0,0.0,0.0,0.1,0.1,0.0,0.0,0.2,0.0,0.0,0.1,0.1,0.111,0.2,0.111,0.311,0.13811,0.04291,0.00337,0.02818,0.08271,0.01088,0.00695,0.22802,0.0,0.0,0.1186941273191299,0.1132235292712471
806233,Luke Stevenson,SEA,23,L,,floor,Depth (no MLB PA),feed:order+depth,MiLB (MLE),5,1.0,0.2,0.9,0.1,0.1,0.0,0.0,0.0,0.1,0.1,0.0,0.0,0.3,0.0,0.0,0.1,0.1,0.111,0.2,0.111,0.311,0.11731,0.04053,0.00221,0.02809,0.09517,0.01125,0.00839,0.25391,0.01631,0.00461,0.1138920715242519,0.1091165969463052
683569,Jose Colmenares,CWS,25,R,,floor,Depth (no MLB PA),default,MiLB (MLE),5,1.0,0.2,0.9,0.1,0.1,0.0,0.0,0.0,0.1,0.1,0.0,0.0,0.2,0.0,0.0,0.1,0.1,0.111,0.2,0.111,0.311,0.13242,0.04226,0.00297,0.02808,0.08255,0.01105,0.0076,0.23241,0.01722,0.00485,0.1097434769942643,0.1051419522571364
811551,Isael Arias,NYY,25,R,,floor,Depth (no MLB PA),default,MiLB (MLE),0,1.0,0.2,0.9,0.1,0.1,0.0,0.0,0.0,0.1,0.1,0.0,0.0,0.2,0.0,0.0,0.1,0.1,0.111,0.2,0.111,0.311,0.13927,0.04122,0.00336,0.02808,0.08271,0.01088,0.00697,0.22834,0.0,0.0,0.1236787918946801,0.1179784512562222
808298,Heriberto Rincon,NYM,25,R,,floor,Depth (no MLB PA),default,MiLB (MLE),0,1.0,0.2,0.9,0.1,0.1,0.0,0.0,0.0,0.1,0.1,0.0,0.0,0.2,0.0,0.0,0.1,0.1,0.111,0.2,0.111,0.311,0.14218,0.04033,0.00336,0.02808,0.08261,0.01089,0.00697,0.22819,0.0,0.0,0.1175263398742655,0.1121095650092184
691191,Jose Salas,MIN,25,L,,floor,Depth (no MLB PA),default,MiLB (MLE),5,1.0,0.2,0.9,0.1,0.1,0.0,0.0,0.0,0.1,0.1,0.0,0.0,0.2,0.0,0.0,0.1,0.1,0.111,0.2,0.111,0.311,0.12689,0.03647,0.00254,0.02808,0.08122,0.01117,0.00809,0.24711,0.01867,0.00525,0.1140967113801906,0.1093126562889861
806494,Kam Durnin,HOU,25,R,,floor,Depth (no MLB PA),feed:order+depth,MiLB (MLE),0,1.0,0.2,0.9,0.1,0.1,0.0,0.0,0.0,0.1,0.1,0.0,0.0,0.2,0.0,0.0,0.1,0.1,0.111,0.2,0.111,0.311,0.13932,0.04119,0.00328,0.02807,0.08281,0.01092,0.0071,0.22864,0.0,0.0,0.1181433850095948,0.1126981706084979
823050,Mulivai Levu,CIN,25,L,,floor,Depth (no MLB PA),feed:order+depth,MiLB (MLE),0,1.0,0.2,0.9,0.1,0.1,0.0,0.0,0.0,0.1,0.1,0.0,0.0,0.2,0.0,0.0,0.1,0.1,0.111,0.2,0.111,0.311,0.13777,0.04119,0.00329,0.02807,0.08273,0.01092,0.00711,0.22801,0.0,0.0,0.108761859870781,0.1037490388346277
821262,José Anderson,MIL,25,R,,floor,Depth (no MLB PA),default,MiLB (MLE),5,1.0,0.2,0.9,0.1,0.1,0.0,0.0,0.0,0.1,0.1,0.0,0.0,0.3,0.0,0.0,0.1,0.1,0.111,0.2,0.111,0.311,0.11887,0.03769,0.00263,0.02807,0.08274,0.01114,0.00796,0.25065,0.01637,0.00462,0.1172969823098257,0.1123787404199927
823658,Daniel Dickinson,MIL,25,R,,floor,Depth (no MLB PA),default,MiLB (MLE),0,1.0,0.2,0.9,0.1,0.1,0.0,0.0,0.0,0.1,0.1,0.0,0.0,0.2,0.0,0.0,0.1,0.1,0.111,0.2,0.111,0.311,0.14136,0.04177,0.00336,0.02807,0.08272,0.01089,0.00697,0.22784,0.0,0.0,0.1163092182482693,0.1109485403725308
800548,Josi Novas,KC,25,R,,floor,Depth (no MLB PA),default,MiLB (MLE),0,1.0,0.2,0.9,0.1,0.1,0.0,0.0,0.0,0.1,0.1,0.0,0.0,0.2,0.0,0.0,0.1,0.1,0.111,0.2,0.111,0.311,0.13648,0.04086,0.00333,0.02813,0.08265,0.0109,0.00702,0.2287,0.0,0.0,0.1116725028615235,0.1065255306401104
694318,Austin St. Laurent,SEA,25,R,,floor,Depth (no MLB PA),default,MiLB (MLE),0,1.0,0.2,0.9,0.1,0.1,0.0,0.0,0.0,0.1,0.1,0.0,0.0,0.2,0.0,0.0,0.1,0.1,0.111,0.2,0.111,0.311,0.14136,0.04322,0.00336,0.02807,0.08272,0.01089,0.00697,0.22784,0.0,0.0,0.1129329803956266,0.1077279129163165
681581,Andy Weber,CWS,25,L,,floor,Depth (no MLB PA),default,MiLB (MLE),5,1.0,0.2,0.9,0.1,0.1,0.0,0.0,0.0,0.1,0.1,0.0,0.0,0.2,0.0,0.0,0.1,0.1,0.111,0.2,0.111,0.311,0.13157,0.04752,0.00412,0.02807,0.07558,0.01138,0.00887,0.24113,0.01617,0.00454,0.1097434769942643,0.1051419522571364
694227,Danyer Cueva,TEX,25,L,,floor,Depth (no MLB PA),default,MiLB (MLE),0,1.0,0.2,0.9,0.1,0.1,0.0,0.0,0.0,0.1,0.1,0.0,0.0,0.2,0.0,0.0,0.1,0.1,0.111,0.2,0.111,0.311,0.13978,0.04032,0.00336,0.02807,0.08265,0.01089,0.00697,0.22795,0.0,0.0,0.1083739722267322,0.1033790288854258
694943,Juan Gonzalez,CWS,25,R,,floor,Depth (no MLB PA),default,MiLB (MLE),0,1.0,0.2,0.9,0.1,0.1,0.0,0.0,0.0,0.1,0.1,0.0,0.0,0.2,0.0,0.0,0.1,0.1,0.111,0.2,0.111,0.311,0.13976,0.04177,0.00336,0.02806,0.08265,0.01089,0.00697,0.22818,0.0,0.0,0.1088193213985232,0.1038038519674695
578570,Juniel Querecuto,STL,34,S,3B,floor,Depth (no MLB PA),default,MLB,0,1.0,0.2,0.9,0.1,0.1,0.0,0.0,0.0,0.1,0.1,0.0,0.0,0.2,0.0,0.0,0.1,0.1,0.111,0.2,0.111,0.311,0.14067,0.04135,0.00319,0.02806,0.07909,0.00857,0.00534,0.23402,0.0,0.0,0.1080839852839566,0.103102407405954
692169,Jonny McGill,LAA,25,L,,floor,Depth (no MLB PA),default,MiLB (MLE),0,1.0,0.2,0.9,0.1,0.1,0.0,0.0,0.0,0.1,0.1,0.0,0.0,0.2,0.0,0.0,0.1,0.1,0.111,0.2,0.111,0.311,0.13745,0.04179,0.004,0.02806,0.08275,0.01092,0.0071,0.22828,0.0,0.0,0.1055838465145773,0.1007174997316602
829751,Angel De Los Santos,DET,25,R,,floor,Depth (no MLB PA),default,MiLB (MLE),0,1.0,0.2,0.9,0.1,0.1,0.0,0.0,0.0,0.1,0.1,0.0,0.0,0.2,0.0,0.0,0.1,0.1,0.111,0.2,0.111,0.311,0.13884,0.04032,0.00325,0.02806,0.0827,0.01094,0.00717,0.22889,0.0,0.0,0.1144465288333229,0.1091717020886165
702701,Parker Brosius,ATL,25,R,,floor,Depth (no MLB PA),default,MiLB (MLE),0,1.0,0.2,0.9,0.1,0.1,0.0,0.0,0.0,0.1,0.1,0.0,0.0,0.2,0.0,0.0,0.1,0.1,0.111,0.2,0.111,0.311,0.13475,0.04117,0.00365,0.02806,0.08301,0.01094,0.00717,0.22865,0.0,0.0,0.1163109310194975,0.1109501742023392
676566,Shawn Ross,PIT,27,R,C,floor,Depth (no MLB PA),default,MLB,0,1.0,0.2,0.9,0.2,0.1,0.1,0.0,0.0,0.3,0.1,0.0,0.0,0.2,0.0,0.0,0.1,0.1,0.222,0.3,0.333,0.633,0.13018,0.05245,0.0022,0.02806,0.07929,0.01019,0.00635,0.23506,0.0,0.0,0.1095421137696742,0.1044933309251943
825578,Matt Quintanar,PHI,25,R,,floor,Depth (no MLB PA),default,MiLB (MLE),0,1.0,0.2,0.9,0.1,0.1,0.0,0.0,0.0,0.1,0.1,0.0,0.0,0.2,0.0,0.0,0.1,0.1,0.111,0.2,0.111,0.311,0.14071,0.04076,0.00336,0.02807,0.08264,0.01089,0.00698,0.22776,0.0,0.0,0.1161846072924148,0.1108296727206394
815584,Alcides Hernandez,SD,25,L,,floor,Depth (no MLB PA),default,MiLB (MLE),0,1.0,0.2,0.9,0.1,0.1,0.0,0.0,0.0,0.1,0.1,0.0,0.0,0.2,0.0,0.0,0.1,0.1,0.111,0.2,0.111,0.311,0.13998,0.04083,0.00336,0.02812,0.08283,0.01088,0.00696,0.22808,0.0,0.0,0.1138336372651961,0.1085870586191268
824569,Chris McHugh,SD,25,R,,floor,Depth (no MLB PA),default,MiLB (MLE),0,1.0,0.2,0.9,0.1,0.1,0.0,0.0,0.0,0.1,0.1,0.0,0.0,0.2,0.0,0.0,0.1,0.1,0.111,0.2,0.111,0.311,0.14001,0.04214,0.00333,0.02812,0.08261,0.0109,0.00703,0.22825,0.0,0.0,0.1138336372651961,0.1085870586191268
702504,Gavin Turley,OAK,25,R,,floor,Depth (no MLB PA),default,MiLB (MLE),0,1.0,0.2,0.9,0.1,0.1,0.0,0.0,0.0,0.1,0.1,0.0,0.0,0.2,0.0,0.0,0.1,0.1,0.111,0.2,0.111,0.311,0.13708,0.04119,0.00336,0.02812,0.08266,0.01088,0.00696,0.22832,0.0,0.0,0.112771467234821,0.1075738438776605
820847,Jordan Sanchez,BAL,25,L,,floor,Depth (no MLB PA),default,MiLB (MLE),0,1.0,0.2,0.9,0.1,0.1,0.0,0.0,0.0,0.1,0.1,0.0,0.0,0.2,0.0,0.0,0.1,0.1,0.111,0.2,0.111,0.311,0.13757,0.03953,0.00393,0.02812,0.0827,0.01095,0.00721,0.22871,0.0,0.0,0.11357196332132,0.1083374451958416
699127,Luis Castillo,MIL,25,L,,floor,Depth (no MLB PA),default,MiLB (MLE),5,1.0,0.2,0.9,0.1,0.1,0.0,0.0,0.0,0.1,0.1,0.0,0.0,0.2,0.0,0.0,0.1,0.1,0.111,0.2,0.111,0.311,0.12585,0.03952,0.00287,0.02812,0.08752,0.01124,0.00833,0.24136,0.0157,0.00443,0.1172969823098257,0.1123787404199927
444489,Manny Piña,OAK,40,R,C,floor,Depth (no MLB PA),default,MLB,0,1.0,0.2,0.9,0.1,0.1,0.0,0.0,0.0,0.1,0.1,0.0,0.0,0.2,0.0,0.0,0.1,0.1,0.111,0.2,0.111,0.311,0.14098,0.04144,0.00319,0.02812,0.0765,0.01683,0.01392,0.21826,0.0,0.0,0.112771467234821,0.1075738438776605
812469,Ryan Franden,TOR,25,L,,floor,Depth (no MLB PA),default,MiLB (MLE),0,1.0,0.2,0.9,0.1,0.1,0.0,0.0,0.0,0.1,0.1,0.0,0.0,0.2,0.0,0.0,0.1,0.1,0.111,0.2,0.111,0.311,0.13693,0.04214,0.00333,0.02812,0.08267,0.0109,0.00703,0.22803,0.0,0.0,0.111041150316571,0.1059232770579959
693073,Clayton Campbell,DET,25,R,,floor,Depth (no MLB PA),default,MiLB (MLE),0,1.0,0.2,0.9,0.1,0.1,0.0,0.0,0.0,0.1,0.1,0.0,0.0,0.2,0.0,0.0,0.1,0.1,0.111,0.2,0.111,0.311,0.14496,0.04013,0.00323,0.02812,0.08225,0.01095,0.00722,0.22861,0.0,0.0,0.1144465288333229,0.1091717020886165
811312,Justin Riemer,OAK,25,R,,floor,Depth (no MLB PA),default,MiLB (MLE),0,1.0,0.2,0.9,0.1,0.1,0.0,0.0,0.0,0.1,0.1,0.0,0.0,0.2,0.0,0.0,0.1,0.1,0.111,0.2,0.111,0.311,0.14538,0.04038,0.00336,0.02811,0.0827,0.01088,0.00697,0.22785,0.0,0.0,0.112771467234821,0.1075738438776605
811765,Deniel Ortiz,STL,23,R,,floor,Depth (no MLB PA),feed:order+depth,MiLB (MLE),5,1.0,0.2,0.9,0.1,0.1,0.0,0.0,0.0,0.1,0.1,0.0,0.0,0.2,0.0,0.0,0.1,0.1,0.111,0.2,0.111,0.311,0.13719,0.04054,0.00234,0.02809,0.0895,0.01125,0.00836,0.23077,0.01855,0.00524,0.1090018959870051,0.1044314656114096
695570,Jonathan Vastine,SD,25,L,,floor,Depth (no MLB PA),default,MiLB (MLE),0,1.0,0.2,0.9,0.1,0.1,0.0,0.0,0.0,0.1,0.1,0.0,0.0,0.2,0.0,0.0,0.1,0.1,0.111,0.2,0.111,0.311,0.13115,0.03938,0.00309,0.0281,0.08222,0.011,0.00741,0.23339,0.0,0.0,0.1138336372651961,0.1085870586191268
806968,Ludwing Espinoza,CHC,25,R,,floor,Depth (no MLB PA),default,MiLB (MLE),0,1.0,0.2,0.9,0.1,0.1,0.0,0.0,0.0,0.1,0.1,0.0,0.0,0.2,0.0,0.0,0.1,0.1,0.111,0.2,0.111,0.311,0.13836,0.0408,0.00373,0.0281,0.08276,0.0109,0.00703,0.22825,0.0,0.0,0.1212968604734738,0.1157063027676458
816406,Ivan Cespedes,CHC,25,R,,floor,Depth (no MLB PA),default,MiLB (MLE),0,1.0,0.2,0.9,0.1,0.1,0.0,0.0,0.0,0.1,0.1,0.0,0.0,0.2,0.0,0.0,0.1,0.1,0.111,0.2,0.111,0.311,0.13804,0.03994,0.00325,0.0281,0.08276,0.01093,0.00716,0.22914,0.0,0.0,0.1212968604734738,0.1157063027676458
680672,Luke Waddell,ATL,25,L,,floor,Depth (no MLB PA),default,MiLB (MLE),0,1.0,0.2,0.9,0.1,0.1,0.0,0.0,0.0,0.1,0.1,0.0,0.0,0.2,0.0,0.0,0.1,0.1,0.111,0.2,0.111,0.311,0.13772,0.04279,0.00336,0.0281,0.0827,0.01088,0.00697,0.22801,0.0,0.0,0.1163109310194975,0.1109501742023392
684976,Johnathon Thomas,WSH,25,R,,floor,Depth (no MLB PA),default,MiLB (MLE),0,1.0,0.2,0.9,0.1,0.1,0.0,0.0,0.0,0.1,0.1,0.0,0.0,0.2,0.0,0.0,0.1,0.1,0.111,0.2,0.111,0.311,0.135,0.03744,0.00312,0.02809,0.08253,0.01099,0.00739,0.23027,0.0,0.0,0.1117065380027561,0.1065579971057784
808123,Victor Rodriguez,LAA,25,R,,floor,Depth (no MLB PA),default,MiLB (MLE),0,1.0,0.2,0.9,0.1,0.1,0.0,0.0,0.0,0.1,0.1,0.0,0.0,0.2,0.0,0.0,0.1,0.1,0.111,0.2,0.111,0.311,0.13582,0.04035,0.00491,0.02809,0.08259,0.01092,0.0071,0.22927,0.0,0.0,0.1055838465145773,0.1007174997316602
696510,Peyton Stovall,CIN,25,L,,floor,Depth (no MLB PA),default,MiLB (MLE),5,1.0,0.2,0.9,0.1,0.1,0.0,0.0,0.0,0.1,0.1,0.0,0.0,0.2,0.0,0.0,0.1,0.1,0.111,0.2,0.111,0.311,0.13309,0.03817,0.00286,0.02809,0.08241,0.01109,0.00776,0.23254,0.01675,0.00472,0.1096855274705329,0.1050864325467684
676882,Chandler Seagle,SD,31,R,,floor,Depth (no MLB PA),default,MLB,0,1.0,0.2,0.9,0.1,0.1,0.0,0.0,0.0,0.1,0.1,0.0,0.0,0.2,0.0,0.0,0.1,0.1,0.111,0.2,0.111,0.311,0.14084,0.0414,0.00319,0.02809,0.08226,0.01069,0.00667,0.22658,0.0,0.0,0.1138336372651961,0.1085870586191268
807721,Ryan Cooney,TOR,25,R,,floor,Depth (no MLB PA),default,MiLB (MLE),0,1.0,0.2,0.9,0.1,0.1,0.0,0.0,0.0,0.1,0.1,0.0,0.0,0.2,0.0,0.0,0.1,0.1,0.111,0.2,0.111,0.311,0.13788,0.04035,0.00329,0.02809,0.08277,0.01092,0.0071,0.22844,0.0,0.0,0.111041150316571,0.1059232770579959
681114,Michael Trautwein,CIN,25,L,,floor,Depth (no MLB PA),default,MiLB (MLE),0,1.0,0.2,0.9,0.1,0.1,0.0,0.0,0.0,0.1,0.1,0.0,0.0,0.2,0.0,0.0,0.1,0.1,0.111,0.2,0.111,0.311,0.14027,0.04036,0.00336,0.0281,0.08282,0.01088,0.00697,0.22801,0.0,0.0,0.108761859870781,0.1037490388346277
831240,Colin Hynek,CHC,25,R,,floor,Depth (no MLB PA),default,MiLB (MLE),0,1.0,0.2,0.9,0.1,0.1,0.0,0.0,0.0,0.1,0.1,0.0,0.0,0.2,0.0,0.0,0.1,0.1,0.111,0.2,0.111,0.311,0.13618,0.04067,0.00339,0.02831,0.08268,0.01087,0.00691,0.22813,0.0,0.0,0.1212968604734738,0.1157063027676458
812818,Sherman Johnson,CIN,25,R,,floor,Depth (no MLB PA),default,MiLB (MLE),0,1.0,0.2,0.9,0.1,0.1,0.0,0.0,0.0,0.1,0.1,0.0,0.0,0.2,0.0,0.0,0.1,0.1,0.111,0.2,0.111,0.311,0.14044,0.04155,0.00335,0.02831,0.0827,0.01089,0.00699,0.22797,0.0,0.0,0.108761859870781,0.1037490388346277
815890,Fernando Cruz,CHC,25,R,,floor,Depth (no MLB PA),default,MiLB (MLE),0,1.0,0.2,0.9,0.1,0.1,0.0,0.0,0.0,0.1,0.1,0.0,0.0,0.2,0.0,0.0,0.1,0.1,0.111,0.2,0.111,0.311,0.13831,0.04109,0.00335,0.0283,0.08263,0.01089,0.00699,0.22848,0.0,0.0,0.1212968604734738,0.1157063027676458
703196,Victor Izturis,CLE,25,L,,floor,Depth (no MLB PA),default,MiLB (MLE),0,1.0,0.2,0.9,0.1,0.1,0.0,0.0,0.0,0.1,0.1,0.0,0.0,0.2,0.0,0.0,0.1,0.1,0.111,0.2,0.111,0.311,0.13795,0.04145,0.00339,0.0283,0.08272,0.01087,0.00692,0.22805,0.0,0.0,0.1090765435794416,0.1040492188090162
844295,Jack Hopko,PHI,25,L,,floor,Depth (no MLB PA),default,MiLB (MLE),0,1.0,0.2,0.9,0.1,0.1,0.0,0.0,0.0,0.1,0.1,0.0,0.0,0.2,0.0,0.0,0.1,0.1,0.111,0.2,0.111,0.311,0.14046,0.04023,0.00372,0.0283,0.0829,0.01091,0.00706,0.22786,0.0,0.0,0.1161846072924148,0.1108296727206394
821150,Enddy Azocar,BAL,20,R,,floor,Depth (no MLB PA),feed:order+depth,MiLB (MLE),5,1.0,0.2,0.9,0.1,0.1,0.0,0.0,0.0,0.1,0.1,0.0,0.0,0.2,0.0,0.0,0.1,0.1,0.111,0.2,0.111,0.311,0.13775,0.04297,0.00539,0.02829,0.08033,0.01118,0.00812,0.23541,0.01754,0.00494,0.1145364810565329,0.109733986499952
801039,John Garcia,HOU,25,R,,floor,Depth (no MLB PA),default,MiLB (MLE),0,1.0,0.2,0.9,0.1,0.1,0.0,0.0,0.0,0.1,0.1,0.0,0.0,0.2,0.0,0.0,0.1,0.1,0.111,0.2,0.111,0.311,0.13419,0.03875,0.00311,0.02829,0.08253,0.01099,0.00739,0.23132,0.0,0.0,0.1181433850095948,0.1126981706084979
803174,Anthony Stephan,CIN,25,L,,floor,Depth (no MLB PA),default,MiLB (MLE),0,1.0,0.2,0.9,0.1,0.1,0.0,0.0,0.0,0.1,0.1,0.0,0.0,0.2,0.0,0.0,0.1,0.1,0.111,0.2,0.111,0.311,0.14051,0.04062,0.00412,0.02828,0.08278,0.01087,0.00692,0.22795,0.0,0.0,0.108761859870781,0.1037490388346277
801130,Alex Birge,STL,25,L,,floor,Depth (no MLB PA),default,MiLB (MLE),0,1.0,0.2,0.9,0.1,0.1,0.0,0.0,0.0,0.1,0.1,0.0,0.0,0.2,0.0,0.0,0.1,0.1,0.111,0.2,0.111,0.311,0.13827,0.04207,0.00337,0.02819,0.08278,0.01088,0.00694,0.22812,0.0,0.0,0.1080839852839566,0.103102407405954
828140,Aidan West,LAD,25,L,,floor,Depth (no MLB PA),default,MiLB (MLE),0,1.0,0.2,0.9,0.1,0.1,0.0,0.0,0.0,0.1,0.1,0.0,0.0,0.2,0.0,0.0,0.1,0.1,0.111,0.2,0.111,0.311,0.1413,0.04105,0.00334,0.02827,0.08262,0.01089,0.007,0.22836,0.0,0.0,0.126104911263755,0.1202927510754662
814505,Ace Reese,SEA,22,L,,floor,Depth (no MLB PA),feed:order+depth,MiLB (MLE),0,1.0,0.2,0.9,0.1,0.1,0.0,0.0,0.0,0.1,0.1,0.0,0.0,0.2,0.0,0.0,0.1,0.1,0.111,0.2,0.111,0.311,0.14286,0.04275,0.00327,0.02827,0.08307,0.01093,0.00713,0.22773,0.0,0.0,0.1129329803956266,0.1077279129163165
806014,Keduar Trujillo,HOU,25,R,,floor,Depth (no MLB PA),default,MiLB (MLE),0,1.0,0.2,0.9,0.1,0.1,0.0,0.0,0.0,0.1,0.1,0.0,0.0,0.2,0.0,0.0,0.1,0.1,0.111,0.2,0.111,0.311,0.13673,0.03977,0.00331,0.02827,0.08296,0.01091,0.00705,0.22852,0.0,0.0,0.1181433850095948,0.1126981706084979
800547,Ricardo Pena,MIN,25,R,,floor,Depth (no MLB PA),default,MiLB (MLE),0,1.0,0.2,0.9,0.1,0.1,0.0,0.0,0.0,0.1,0.1,0.0,0.0,0.2,0.0,0.0,0.1,0.1,0.111,0.2,0.111,0.311,0.13688,0.04061,0.00338,0.02827,0.08278,0.01087,0.00692,0.22816,0.0,0.0,0.113135896968568,0.1079214770888242
808684,Javier Mogollon,CWS,25,R,,floor,Depth (no MLB PA),feed:depth,MiLB (MLE),5,1.0,0.2,0.9,0.1,0.1,0.0,0.0,0.0,0.1,0.1,0.0,0.0,0.2,0.0,0.0,0.1,0.1,0.111,0.2,0.111,0.311,0.13828,0.03881,0.00293,0.02827,0.08401,0.01106,0.00764,0.23356,0.0182,0.00513,0.1097434769942643,0.1051419522571364
814091,John Wimmer,LAA,25,R,,floor,Depth (no MLB PA),default,MiLB (MLE),5,1.0,0.2,0.9,0.1,0.1,0.0,0.0,0.0,0.1,0.1,0.0,0.0,0.2,0.0,0.0,0.1,0.1,0.111,0.2,0.111,0.311,0.13446,0.04271,0.00304,0.02827,0.08304,0.01102,0.00749,0.23371,0.0175,0.00493,0.106480524616612,0.1020158149002312
821931,Trey Ebel,MIL,19,R,,floor,Depth (no MLB PA),feed:order+depth,MiLB (MLE),0,1.0,0.2,0.9,0.1,0.1,0.0,0.0,0.0,0.1,0.1,0.0,0.0,0.2,0.0,0.0,0.1,0.1,0.111,0.2,0.111,0.311,0.13763,0.04061,0.00334,0.02827,0.08296,0.01089,0.007,0.22806,0.0,0.0,0.1163092182482693,0.1109485403725308
681323,Alex Binelas,PHI,25,L,,floor,Depth (no MLB PA),default,MiLB (MLE),0,1.0,0.2,0.9,0.1,0.1,0.0,0.0,0.0,0.1,0.1,0.0,0.0,0.2,0.0,0.0,0.1,0.1,0.111,0.2,0.111,0.311,0.14108,0.0406,0.00338,0.02827,0.08263,0.01087,0.00693,0.22788,0.0,0.0,0.1161846072924148,0.1108296727206394
836055,Zach Daudet,HOU,25,R,,floor,Depth (no MLB PA),default,MiLB (MLE),0,1.0,0.2,0.9,0.1,0.1,0.0,0.0,0.0,0.1,0.1,0.0,0.0,0.2,0.0,0.0,0.1,0.1,0.111,0.2,0.111,0.311,0.13915,0.04059,0.00338,0.02826,0.08286,0.01087,0.00693,0.22798,0.0,0.0,0.1181433850095948,0.1126981706084979
808665,Angel Acosta,KC,25,L,,floor,Depth (no MLB PA),default,MiLB (MLE),0,1.0,0.2,0.9,0.1,0.1,0.0,0.0,0.0,0.1,0.1,0.0,0.0,0.2,0.0,0.0,0.1,0.1,0.111,0.2,0.111,0.311,0.14149,0.0388,0.00312,0.02827,0.08228,0.011,0.0074,0.22771,0.0,0.0,0.1116725028615235,0.1065255306401104
703569,Brandon Crabtree,TEX,25,L,,floor,Depth (no MLB PA),default,MiLB (MLE),0,1.0,0.2,0.9,0.1,0.1,0.0,0.0,0.0,0.1,0.1,0.0,0.0,0.2,0.0,0.0,0.1,0.1,0.111,0.2,0.111,0.311,0.13904,0.04073,0.00412,0.02835,0.08269,0.01087,0.00691,0.22769,0.0,0.0,0.1083739722267322,0.1033790288854258
828318,Jaiden Lo Re,BAL,20,R,,floor,Depth (no MLB PA),feed:order+depth,MiLB (MLE),0,1.0,0.2,0.9,0.1,0.1,0.0,0.0,0.0,0.1,0.1,0.0,0.0,0.2,0.0,0.0,0.1,0.1,0.111,0.2,0.111,0.311,0.13974,0.04144,0.00332,0.02835,0.08269,0.0109,0.00704,0.22789,0.0,0.0,0.11357196332132,0.1083374451958416
695601,Chris Katz,ARI,25,R,,floor,Depth (no MLB PA),default,MiLB (MLE),0,1.0,0.2,0.9,0.1,0.1,0.0,0.0,0.0,0.1,0.1,0.0,0.0,0.2,0.0,0.0,0.1,0.1,0.111,0.2,0.111,0.311,0.13973,0.04221,0.00332,0.02835,0.08269,0.0109,0.00704,0.22807,0.0,0.0,0.1186941273191299,0.1132235292712471
827624,Michael Hallquist,CHC,25,R,,floor,Depth (no MLB PA),default,MiLB (MLE),5,1.0,0.2,0.9,0.1,0.1,0.0,0.0,0.0,0.1,0.1,0.0,0.0,0.2,0.0,0.0,0.1,0.1,0.111,0.2,0.111,0.311,0.12723,0.04185,0.00368,0.02835,0.08351,0.01103,0.00754,0.23344,0.01725,0.00486,0.1223269824307857,0.117197833518337
809057,Jack Toomey,NYM,25,R,,floor,Depth (no MLB PA),default,MiLB (MLE),0,1.0,0.2,0.9,0.1,0.1,0.0,0.0,0.0,0.1,0.1,0.0,0.0,0.2,0.0,0.0,0.1,0.1,0.111,0.2,0.111,0.311,0.13962,0.04073,0.00335,0.02835,0.08278,0.01089,0.00698,0.2283,0.0,0.0,0.1175263398742655,0.1121095650092184
823173,James Taussig,CWS,25,L,,floor,Depth (no MLB PA),default,MiLB (MLE),0,1.0,0.2,0.9,0.1,0.1,0.0,0.0,0.0,0.1,0.1,0.0,0.0,0.2,0.0,0.0,0.1,0.1,0.111,0.2,0.111,0.311,0.13597,0.04021,0.00312,0.02834,0.08214,0.01099,0.00738,0.23133,0.0,0.0,0.1088193213985232,0.1038038519674695
664057,Andrew Stevenson,MIN,33,L,CF,floor,Depth (no MLB PA),default,MLB,5,1.0,0.2,0.9,0.1,0.1,0.0,0.0,0.0,0.1,0.1,0.0,0.0,0.2,0.0,0.0,0.1,0.1,0.111,0.2,0.111,0.311,0.14206,0.04176,0.00322,0.02834,0.07685,0.01528,0.0045,0.22372,0.02525,0.00711,0.1120950146893101,0.1011657507571024
828620,Parker Coddou,COL,25,L,,floor,Depth (no MLB PA),default,MiLB (MLE),0,1.0,0.2,0.9,0.1,0.1,0.0,0.0,0.0,0.1,0.1,0.0,0.0,0.2,0.0,0.0,0.1,0.1,0.111,0.2,0.111,0.311,0.13888,0.0407,0.00339,0.02834,0.08272,0.01087,0.00691,0.22801,0.0,0.0,0.1055610191013167,0.1006957244311304
806223,Aidan Smith,NYM,25,R,,floor,Depth (no MLB PA),feed:depth,MiLB (MLE),5,1.0,0.2,0.9,0.1,0.1,0.0,0.0,0.0,0.1,0.1,0.0,0.0,0.2,0.0,0.0,0.1,0.1,0.111,0.2,0.111,0.311,0.13444,0.03615,0.00313,0.02833,0.08299,0.01118,0.0081,0.24672,0.01891,0.00531,0.1185244404252146,0.1135547314319469
835215,Robbie Lavey,SD,25,L,,floor,Depth (no MLB PA),feed:order+depth,MiLB (MLE),0,1.0,0.2,0.9,0.1,0.1,0.0,0.0,0.0,0.1,0.1,0.0,0.0,0.2,0.0,0.0,0.1,0.1,0.111,0.2,0.111,0.311,0.13676,0.04285,0.00325,0.02831,0.0826,0.01094,0.00717,0.22903,0.0,0.0,0.1138336372651961,0.1085870586191268
820991,Christofer Reyes,NYY,25,R,,floor,Depth (no MLB PA),default,MiLB (MLE),0,1.0,0.2,0.9,0.1,0.1,0.0,0.0,0.0,0.1,0.1,0.0,0.0,0.2,0.0,0.0,0.1,0.1,0.111,0.2,0.111,0.311,0.13891,0.04159,0.00339,0.02833,0.08268,0.01087,0.00691,0.22811,0.0,0.0,0.1236787918946801,0.1179784512562222
822406,Dylan Carey,NYM,25,R,,floor,Depth (no MLB PA),default,MiLB (MLE),0,1.0,0.2,0.9,0.1,0.1,0.0,0.0,0.0,0.1,0.1,0.0,0.0,0.2,0.0,0.0,0.1,0.1,0.111,0.2,0.111,0.311,0.13698,0.04026,0.00332,0.02833,0.08265,0.01091,0.00705,0.22847,0.0,0.0,0.1175263398742655,0.1121095650092184
702555,Cannon Peebles,CLE,25,S,,floor,Depth (no MLB PA),default,MiLB (MLE),0,1.0,0.2,0.9,0.1,0.1,0.0,0.0,0.0,0.1,0.1,0.0,0.0,0.2,0.0,0.0,0.1,0.1,0.111,0.2,0.111,0.311,0.13227,0.04122,0.00312,0.02833,0.08469,0.01099,0.00737,0.23012,0.0,0.0,0.1090765435794416,0.1040492188090162
808396,Jhocsuanth Vargas,TEX,25,R,,floor,Depth (no MLB PA),default,MiLB (MLE),0,1.0,0.2,0.9,0.1,0.1,0.0,0.0,0.0,0.1,0.1,0.0,0.0,0.2,0.0,0.0,0.1,0.1,0.111,0.2,0.111,0.311,0.13785,0.04114,0.00339,0.02833,0.08265,0.01087,0.00691,0.2281,0.0,0.0,0.1083739722267322,0.1033790288854258
813922,Jack Lines,TB,25,L,,floor,Depth (no MLB PA),default,MiLB (MLE),0,1.0,0.2,0.9,0.1,0.1,0.0,0.0,0.0,0.1,0.1,0.0,0.0,0.2,0.0,0.0,0.1,0.1,0.111,0.2,0.111,0.311,0.13592,0.04245,0.00331,0.02832,0.08265,0.01091,0.00705,0.22859,0.0,0.0,0.1101042122391284,0.1050295223438183
701594,Chris Brito,KC,25,R,,floor,Depth (no MLB PA),default,MiLB (MLE),0,1.0,0.2,0.9,0.1,0.1,0.0,0.0,0.0,0.1,0.1,0.0,0.0,0.2,0.0,0.0,0.1,0.1,0.111,0.2,0.111,0.311,0.1399,0.04195,0.00312,0.02832,0.08312,0.01099,0.00737,0.23066,0.0,0.0,0.1116725028615235,0.1065255306401104
800604,Roch Cholowsky,CWS,22,R,,floor,Depth (no MLB PA),feed:depth,MiLB (MLE),0,1.0,0.2,0.9,0.1,0.1,0.0,0.0,0.0,0.1,0.1,0.0,0.0,0.2,0.0,0.0,0.1,0.1,0.111,0.2,0.111,0.311,0.13518,0.04217,0.00332,0.02832,0.08285,0.01091,0.00705,0.22806,0.0,0.0,0.1088193213985232,0.1038038519674695
803475,Colby Jones,ATL,25,R,,floor,Depth (no MLB PA),default,MiLB (MLE),0,1.0,0.2,0.9,0.1,0.1,0.0,0.0,0.0,0.1,0.1,0.0,0.0,0.2,0.0,0.0,0.1,0.1,0.111,0.2,0.111,0.311,0.13617,0.04214,0.00477,0.02831,0.08274,0.01087,0.00692,0.22813,0.0,0.0,0.1163109310194975,0.1109501742023392
800503,Enderson Delgado,DET,25,S,,floor,Depth (no MLB PA),default,MiLB (MLE),0,1.0,0.2,0.9,0.1,0.1,0.0,0.0,0.0,0.1,0.1,0.0,0.0,0.2,0.0,0.0,0.1,0.1,0.111,0.2,0.111,0.311,0.13887,0.04146,0.00339,0.02831,0.08266,0.01087,0.00692,0.228,0.0,0.0,0.1144465288333229,0.1091717020886165
821299,Caden Ferraro,STL,23,L,,floor,Depth (no MLB PA),default,MiLB (MLE),0,1.0,0.2,0.9,0.1,0.1,0.0,0.0,0.0,0.1,0.1,0.0,0.0,0.2,0.0,0.0,0.1,0.1,0.111,0.2,0.111,0.311,0.13583,0.04052,0.00388,0.02833,0.08277,0.01097,0.00728,0.22882,0.0,0.0,0.1080839852839566,0.103102407405954
828783,Luis Leon,MIA,25,R,,floor,Depth (no MLB PA),default,MiLB (MLE),0,1.0,0.2,0.9,0.1,0.1,0.0,0.0,0.0,0.1,0.1,0.0,0.0,0.2,0.0,0.0,0.1,0.1,0.111,0.2,0.111,0.311,0.13849,0.04011,0.00334,0.02823,0.08261,0.01089,0.007,0.22858,0.0,0.0,0.1073907841118627,0.1024411557924819
806992,Enrique Jimenez,MIN,25,S,,floor,Depth (no MLB PA),default,MiLB (MLE),0,1.0,0.2,0.9,0.1,0.1,0.0,0.0,0.0,0.1,0.1,0.0,0.0,0.2,0.0,0.0,0.1,0.1,0.111,0.2,0.111,0.311,0.1343,0.03956,0.00311,0.02822,0.08354,0.011,0.00739,0.23023,0.0,0.0,0.113135896968568,0.1079214770888242
842167,Carlos Sanchez,BAL,25,R,,floor,Depth (no MLB PA),default,MiLB (MLE),0,1.0,0.2,0.9,0.1,0.1,0.0,0.0,0.0,0.1,0.1,0.0,0.0,0.2,0.0,0.0,0.1,0.1,0.111,0.2,0.111,0.311,0.13886,0.04097,0.00378,0.02822,0.08279,0.01088,0.00694,0.22778,0.0,0.0,0.11357196332132,0.1083374451958416
829748,Hyun Seung Lee,PIT,25,L,,floor,Depth (no MLB PA),default,MiLB (MLE),0,1.0,0.2,0.9,0.1,0.1,0.0,0.0,0.0,0.1,0.1,0.0,0.0,0.2,0.0,0.0,0.1,0.1,0.111,0.2,0.111,0.311,0.13742,0.04054,0.00334,0.02822,0.08277,0.01089,0.007,0.22856,0.0,0.0,0.1095421137696742,0.1044933309251943
821171,Dauri Fernández,CLE,25,S,,floor,Depth (no MLB PA),default,MiLB (MLE),0,1.0,0.2,0.9,0.1,0.1,0.0,0.0,0.0,0.1,0.1,0.0,0.0,0.2,0.0,0.0,0.1,0.1,0.111,0.2,0.111,0.311,0.1329,0.04419,0.00464,0.02822,0.08257,0.01094,0.00719,0.2282,0.0,0.0,0.1090765435794416,0.1040492188090162
806197,Hideki Prather,MIN,25,R,,floor,Depth (no MLB PA),default,MiLB (MLE),0,1.0,0.2,0.9,0.1,0.1,0.0,0.0,0.0,0.1,0.1,0.0,0.0,0.2,0.0,0.0,0.1,0.1,0.111,0.2,0.111,0.311,0.13728,0.04141,0.00337,0.02821,0.08271,0.01088,0.00694,0.22793,0.0,0.0,0.113135896968568,0.1079214770888242
800256,Natanael Yuten,BOS,25,L,,floor,Depth (no MLB PA),default,MiLB (MLE),0,1.0,0.2,0.9,0.1,0.1,0.0,0.0,0.0,0.1,0.1,0.0,0.0,0.2,0.0,0.0,0.1,0.1,0.111,0.2,0.111,0.311,0.13343,0.03955,0.00311,0.02821,0.08181,0.01099,0.00739,0.23216,0.0,0.0,0.1130247042829025,0.1078154092606633
806470,Caden Bogenpohl,PHI,22,L,,floor,Depth (no MLB PA),feed:order+depth,MiLB (MLE),0,1.0,0.2,0.9,0.1,0.1,0.0,0.0,0.0,0.1,0.1,0.0,0.0,0.2,0.0,0.0,0.1,0.1,0.111,0.2,0.111,0.311,0.13897,0.04183,0.0033,0.02821,0.08266,0.01091,0.00708,0.22859,0.0,0.0,0.1161846072924148,0.1108296727206394
807645,Adolfo Sanchez,CIN,25,L,,floor,Depth (no MLB PA),default,MiLB (MLE),0,1.0,0.2,0.9,0.1,0.1,0.0,0.0,0.0,0.1,0.1,0.0,0.0,0.2,0.0,0.0,0.1,0.1,0.111,0.2,0.111,0.311,0.13404,0.04096,0.00323,0.02821,0.08289,0.01094,0.0072,0.22929,0.0,0.0,0.108761859870781,0.1037490388346277
811278,Connor Rasmussen,KC,25,L,,floor,Depth (no MLB PA),default,MiLB (MLE),0,1.0,0.2,0.9,0.1,0.1,0.0,0.0,0.0,0.1,0.1,0.0,0.0,0.2,0.0,0.0,0.1,0.1,0.111,0.2,0.111,0.311,0.13593,0.04207,0.00338,0.02826,0.08268,0.01087,0.00693,0.22818,0.0,0.0,0.1116725028615235,0.1065255306401104
805225,Nu'u Contrades,SD,25,R,,floor,Depth (no MLB PA),feed:order+depth,MiLB (MLE),0,1.0,0.2,0.9,0.1,0.1,0.0,0.0,0.0,0.1,0.1,0.0,0.0,0.2,0.0,0.0,0.1,0.1,0.111,0.2,0.111,0.311,0.13751,0.04182,0.00327,0.02821,0.08282,0.01093,0.00714,0.22823,0.0,0.0,0.1138336372651961,0.1085870586191268
800208,Axiel Plaz,PIT,22,R,,floor,Depth (no MLB PA),feed:order+depth,MiLB (MLE),5,1.0,0.2,0.9,0.1,0.1,0.0,0.0,0.0,0.1,0.1,0.0,0.0,0.2,0.0,0.0,0.1,0.1,0.111,0.2,0.111,0.311,0.14469,0.04087,0.00245,0.0282,0.08232,0.01122,0.00827,0.23014,0.01663,0.00469,0.1104724077295015,0.1058403190545277
815927,Jose Ramos,OAK,25,S,,floor,Depth (no MLB PA),default,MiLB (MLE),0,1.0,0.2,0.9,0.1,0.1,0.0,0.0,0.0,0.1,0.1,0.0,0.0,0.2,0.0,0.0,0.1,0.1,0.111,0.2,0.111,0.311,0.1383,0.04096,0.00337,0.0282,0.08271,0.01088,0.00694,0.22815,0.0,0.0,0.112771467234821,0.1075738438776605
814097,Ben Cleary,CLE,25,R,,floor,Depth (no MLB PA),default,MiLB (MLE),0,1.0,0.2,0.9,0.1,0.1,0.0,0.0,0.0,0.1,0.1,0.0,0.0,0.2,0.0,0.0,0.1,0.1,0.111,0.2,0.111,0.311,0.13981,0.04183,0.00337,0.0282,0.08273,0.01088,0.00694,0.22792,0.0,0.0,0.1090765435794416,0.1040492188090162
808281,Braylin Morel,TEX,25,R,,floor,Depth (no MLB PA),default,MiLB (MLE),0,1.0,0.2,0.9,0.1,0.1,0.0,0.0,0.0,0.1,0.1,0.0,0.0,0.2,0.0,0.0,0.1,0.1,0.111,0.2,0.111,0.311,0.13689,0.04139,0.0033,0.0282,0.08249,0.01091,0.00708,0.22885,0.0,0.0,0.1083739722267322,0.1033790288854258
702631,Adonys Guzman,BOS,25,R,,floor,Depth (no MLB PA),default,MiLB (MLE),0,1.0,0.2,0.9,0.1,0.1,0.0,0.0,0.0,0.1,0.1,0.0,0.0,0.2,0.0,0.0,0.1,0.1,0.111,0.2,0.111,0.311,0.13777,0.03959,0.00317,0.0282,0.08312,0.01097,0.0073,0.22925,0.0,0.0,0.1130247042829025,0.1078154092606633
828903,Tyson Moran,KC,25,L,,floor,Depth (no MLB PA),default,MiLB (MLE),0,1.0,0.2,0.9,0.1,0.1,0.0,0.0,0.0,0.1,0.1,0.0,0.0,0.2,0.0,0.0,0.1,0.1,0.111,0.2,0.111,0.311,0.13986,0.04051,0.00374,0.0282,0.08269,0.0109,0.00702,0.22784,0.0,0.0,0.1116725028615235,0.1065255306401104
702582,Dallas Macias,ATL,25,S,,floor,Depth (no MLB PA),default,MiLB (MLE),0,1.0,0.2,0.9,0.1,0.1,0.0,0.0,0.0,0.1,0.1,0.0,0.0,0.2,0.0,0.0,0.1,0.1,0.111,0.2,0.111,0.311,0.13667,0.03956,0.00311,0.02819,0.08222,0.011,0.00741,0.22776,0.0,0.0,0.1163109310194975,0.1109501742023392
694294,Colton Vincent,SD,25,R,,floor,Depth (no MLB PA),default,MiLB (MLE),0,1.0,0.2,0.9,0.1,0.1,0.0,0.0,0.0,0.1,0.1,0.0,0.0,0.2,0.0,0.0,0.1,0.1,0.111,0.2,0.111,0.311,0.13814,0.04049,0.00337,0.02819,0.08261,0.01088,0.00695,0.22787,0.0,0.0,0.1138336372651961,0.1085870586191268
815220,Aldo Gaxiola,TOR,25,R,,floor,Depth (no MLB PA),default,MiLB (MLE),5,1.0,0.2,0.9,0.1,0.1,0.0,0.0,0.0,0.1,0.1,0.0,0.0,0.2,0.0,0.0,0.1,0.1,0.111,0.2,0.111,0.311,0.13591,0.04018,0.00351,0.02821,0.0809,0.0111,0.00781,0.23704,0.01672,0.00471,0.1119841749477096,0.1072886981384986
802098,Leandro Alsinois,CWS,25,R,,floor,Depth (no MLB PA),default,MiLB (MLE),0,1.0,0.2,0.9,0.1,0.1,0.0,0.0,0.0,0.1,0.1,0.0,0.0,0.2,0.0,0.0,0.1,0.1,0.111,0.2,0.111,0.311,0.13856,0.04059,0.00338,0.02826,0.08267,0.01087,0.00693,0.22815,0.0,0.0,0.1088193213985232,0.1038038519674695
823185,Zane Zielinski,SF,25,R,,floor,Depth (no MLB PA),default,MiLB (MLE),0,1.0,0.2,0.9,0.1,0.1,0.0,0.0,0.0,0.1,0.1,0.0,0.0,0.2,0.0,0.0,0.1,0.1,0.111,0.2,0.111,0.311,0.13595,0.04303,0.00338,0.02826,0.08282,0.01087,0.00693,0.22775,0.0,0.0,0.1075158000263159,0.1025604097384788
805953,Anthony Huezo,HOU,22,L,,floor,Depth (no MLB PA),feed:order+depth,MiLB (MLE),0,1.0,0.2,0.9,0.1,0.1,0.0,0.0,0.0,0.1,0.1,0.0,0.0,0.2,0.0,0.0,0.1,0.1,0.111,0.2,0.111,0.311,0.13595,0.04207,0.00338,0.02826,0.08268,0.01087,0.00693,0.22807,0.0,0.0,0.1181433850095948,0.1126981706084979
701100,Ben McCabe,COL,25,R,,floor,Depth (no MLB PA),default,MiLB (MLE),0,1.0,0.2,0.9,0.1,0.1,0.0,0.0,0.0,0.1,0.1,0.0,0.0,0.2,0.0,0.0,0.1,0.1,0.111,0.2,0.111,0.311,0.13916,0.04207,0.00338,0.02826,0.08263,0.01087,0.00693,0.22818,0.0,0.0,0.1055610191013167,0.1006957244311304
682692,Miguel Palma,NYY,25,R,,floor,Depth (no MLB PA),default,MiLB (MLE),0,1.0,0.2,0.9,0.1,0.1,0.0,0.0,0.0,0.1,0.1,0.0,0.0,0.2,0.0,0.0,0.1,0.1,0.111,0.2,0.111,0.311,0.1359,0.04303,0.00338,0.02825,0.08292,0.01087,0.00693,0.22788,0.0,0.0,0.1236787918946801,0.1179784512562222
694661,Riley Tirotta,TOR,25,R,,floor,Depth (no MLB PA),default,MiLB (MLE),5,1.0,0.2,0.9,0.1,0.1,0.0,0.0,0.0,0.1,0.1,0.0,0.0,0.3,0.0,0.0,0.1,0.1,0.111,0.2,0.111,0.311,0.11938,0.03567,0.0037,0.02825,0.08706,0.01128,0.00849,0.25229,0.01666,0.00469,0.1119841749477096,0.1072886981384986
666164,Blake Rutherford,WSH,30,L,LF,floor,Depth (no MLB PA),default,MLB,5,1.0,0.2,0.9,0.1,0.1,0.0,0.0,0.0,0.1,0.1,0.0,0.0,0.2,0.0,0.0,0.1,0.1,0.111,0.2,0.111,0.311,0.14162,0.04163,0.00321,0.02825,0.07386,0.00746,0.00465,0.23649,0.01592,0.00449,0.1127046236660858,0.1035242119707071
840927,Erick Dessens,CLE,25,L,,floor,Depth (no MLB PA),default,MiLB (MLE),0,1.0,0.2,0.9,0.1,0.1,0.0,0.0,0.0,0.1,0.1,0.0,0.0,0.2,0.0,0.0,0.1,0.1,0.111,0.2,0.111,0.311,0.13859,0.04102,0.00334,0.02825,0.08277,0.01089,0.007,0.22826,0.0,0.0,0.1090765435794416,0.1040492188090162
835678,Martin Shelar,BOS,20,R,,floor,Depth (no MLB PA),feed:order+depth,MiLB (MLE),0,1.0,0.2,0.9,0.1,0.1,0.0,0.0,0.0,0.1,0.1,0.0,0.0,0.2,0.0,0.0,0.1,0.1,0.111,0.2,0.111,0.311,0.13754,0.04146,0.00334,0.02825,0.0827,0.01089,0.007,0.22836,0.0,0.0,0.1130247042829025,0.1078154092606633
542583,Jesús Aguilar,OAK,37,R,1B,floor,Depth (no MLB PA),default,MLB,6,1.0,0.2,0.9,0.1,0.1,0.0,0.0,0.0,0.1,0.1,0.0,0.0,0.2,0.0,0.0,0.1,0.1,0.111,0.2,0.111,0.311,0.14155,0.04161,0.00321,0.02823,0.06354,0.00812,0.00911,0.24201,0.0081,0.00228,0.0928888120509039,0.103134415098512
804603,Duncan Pastore,NYY,25,R,,floor,Depth (no MLB PA),default,MiLB (MLE),0,1.0,0.2,0.9,0.1,0.1,0.0,0.0,0.0,0.1,0.1,0.0,0.0,0.2,0.0,0.0,0.1,0.1,0.111,0.2,0.111,0.311,0.13589,0.04058,0.00338,0.02825,0.08272,0.01087,0.00693,0.22815,0.0,0.0,0.1236787918946801,0.1179784512562222
543482,Drew Maggi,PIT,38,R,3B,floor,Depth (no MLB PA),default,MLB,0,1.0,0.2,0.9,0.1,0.1,0.0,0.0,0.0,0.1,0.1,0.0,0.0,0.2,0.0,0.0,0.1,0.1,0.111,0.2,0.111,0.311,0.14161,0.04163,0.00321,0.02825,0.08017,0.01007,0.00628,0.226,0.0,0.0,0.1095421137696742,0.1044933309251943
832219,Brady Ballinger,DET,25,L,,floor,Depth (no MLB PA),default,MiLB (MLE),0,1.0,0.2,0.9,0.1,0.1,0.0,0.0,0.0,0.1,0.1,0.0,0.0,0.2,0.0,0.0,0.1,0.1,0.111,0.2,0.111,0.311,0.13744,0.0419,0.00338,0.02824,0.08277,0.01088,0.00693,0.22793,0.0,0.0,0.1144465288333229,0.1091717020886165
814269,Kevin Verde,NYY,25,R,,floor,Depth (no MLB PA),default,MiLB (MLE),5,1.0,0.2,0.9,0.1,0.1,0.0,0.0,0.0,0.1,0.1,0.0,0.0,0.2,0.0,0.0,0.1,0.1,0.111,0.2,0.111,0.311,0.13517,0.03964,0.00288,0.02824,0.08125,0.01108,0.00774,0.23271,0.01686,0.00476,0.1247291425689449,0.1194992715033348
688457,Gavin Cross,KC,25,L,,floor,Depth (no MLB PA),default,MiLB (MLE),5,1.0,0.2,0.9,0.1,0.1,0.0,0.0,0.0,0.1,0.1,0.0,0.0,0.3,0.0,0.0,0.1,0.1,0.111,0.2,0.111,0.311,0.13137,0.0387,0.00657,0.02824,0.0739,0.01141,0.00904,0.28872,0.02432,0.00678,0.1126208892977148,0.1078987151675124
621532,Anthony Bemboom,BAL,37,L,C,floor,Depth (no MLB PA),default,MLB,6,1.0,0.2,0.9,0.1,0.1,0.0,0.0,0.0,0.1,0.1,0.0,0.0,0.2,0.0,0.0,0.1,0.1,0.111,0.2,0.111,0.311,0.13571,0.04466,0.00242,0.02824,0.08938,0.0057,0.00355,0.23719,0.01639,0.00462,0.1091211158557021,0.0989936796359666
809338,Trevor Austin,HOU,25,R,,floor,Depth (no MLB PA),default,MiLB (MLE),0,1.0,0.2,0.9,0.1,0.1,0.0,0.0,0.0,0.1,0.1,0.0,0.0,0.2,0.0,0.0,0.1,0.1,0.111,0.2,0.111,0.311,0.1308,0.04222,0.00313,0.02823,0.08293,0.01099,0.00736,0.23034,0.0,0.0,0.1181433850095948,0.1126981706084979
804944,Jackson Lovich,NYY,25,R,,floor,Depth (no MLB PA),feed:depth,MiLB (MLE),5,1.0,0.2,0.9,0.1,0.1,0.0,0.0,0.0,0.1,0.1,0.0,0.0,0.2,0.0,0.0,0.1,0.1,0.111,0.2,0.111,0.311,0.14398,0.03879,0.00433,0.02823,0.08288,0.01104,0.00757,0.23314,0.01891,0.00532,0.1247291425689449,0.1194992715033348
808116,Pedro Dalmagro,CLE,25,L,,floor,Depth (no MLB PA),default,MiLB (MLE),0,1.0,0.2,0.9,0.1,0.1,0.0,0.0,0.0,0.1,0.1,0.0,0.0,0.2,0.0,0.0,0.1,0.1,0.111,0.2,0.111,0.311,0.13597,0.04142,0.0033,0.02823,0.08259,0.01091,0.00707,0.22853,0.0,0.0,0.1090765435794416,0.1040492188090162
803679,Sammy Hernandez,STL,23,R,,floor,Depth (no MLB PA),default,MiLB (MLE),5,1.0,0.2,0.9,0.1,0.1,0.0,0.0,0.0,0.1,0.1,0.0,0.0,0.2,0.0,0.0,0.1,0.1,0.111,0.2,0.111,0.311,0.13081,0.0446,0.00274,0.02825,0.08621,0.01113,0.00792,0.23009,0.01851,0.00522,0.1090018959870051,0.1044314656114096
694420,Tatem Levins,TB,25,L,,floor,Depth (no MLB PA),default,MiLB (MLE),5,1.0,0.2,0.9,0.1,0.1,0.0,0.0,0.0,0.1,0.1,0.0,0.0,0.2,0.0,0.0,0.1,0.1,0.111,0.2,0.111,0.311,0.12389,0.03677,0.00161,0.02784,0.09761,0.01139,0.00893,0.24599,0.01567,0.00446,0.1110392798589936,0.1063834223350814
607461,Matt Beaty,KC,34,L,1B,floor,Depth (no MLB PA),default,MLB,2,1.0,0.2,0.9,0.1,0.1,0.0,0.0,0.0,0.1,0.1,0.0,0.0,0.2,0.0,0.0,0.1,0.1,0.111,0.2,0.111,0.311,0.1396,0.04104,0.00316,0.02784,0.07704,0.03843,0.00272,0.21396,0.01538,0.00434,0.1138755255205928,0.0936334025231351
829773,Yovanny Duran,MIN,20,S,,floor,Depth (no MLB PA),feed:order+depth,MiLB (MLE),0,1.0,0.2,0.9,0.1,0.1,0.0,0.0,0.0,0.1,0.1,0.0,0.0,0.2,0.0,0.0,0.1,0.1,0.111,0.2,0.111,0.311,0.13559,0.04087,0.00329,0.02784,0.08286,0.01092,0.00709,0.22865,0.0,0.0,0.113135896968568,0.1079214770888242
807277,Nick Montgomery,ATL,25,R,,floor,Depth (no MLB PA),default,MiLB (MLE),0,1.0,0.2,0.9,0.1,0.1,0.0,0.0,0.0,0.1,0.1,0.0,0.0,0.2,0.0,0.0,0.1,0.1,0.111,0.2,0.111,0.311,0.13015,0.03958,0.00305,0.02783,0.08383,0.01101,0.00746,0.23318,0.0,0.0,0.1163109310194975,0.1109501742023392
691558,Yeiner Fernandez,LAD,25,R,,floor,Depth (no MLB PA),default,MiLB (MLE),0,1.0,0.2,0.9,0.1,0.1,0.0,0.0,0.0,0.1,0.1,0.0,0.0,0.2,0.0,0.0,0.1,0.1,0.111,0.2,0.111,0.311,0.13542,0.04141,0.00333,0.02783,0.08268,0.0109,0.00703,0.22787,0.0,0.0,0.126104911263755,0.1202927510754662
683427,Omar Hernandez,KC,25,R,,floor,Depth (no MLB PA),default,MiLB (MLE),0,1.0,0.2,0.9,0.1,0.1,0.0,0.0,0.0,0.1,0.1,0.0,0.0,0.2,0.0,0.0,0.1,0.1,0.111,0.2,0.111,0.311,0.14525,0.03718,0.0031,0.02782,0.08159,0.01101,0.00745,0.22746,0.0,0.0,0.1116725028615235,0.1065255306401104
698927,Edward Duran,TOR,25,R,,floor,Depth (no MLB PA),default,MiLB (MLE),0,1.0,0.2,0.9,0.1,0.1,0.0,0.0,0.0,0.1,0.1,0.0,0.0,0.2,0.0,0.0,0.1,0.1,0.111,0.2,0.111,0.311,0.14046,0.03972,0.00319,0.02782,0.08244,0.01096,0.00727,0.22869,0.0,0.0,0.111041150316571,0.1059232770579959
814964,Reece Moroney,PHI,25,R,,floor,Depth (no MLB PA),default,MiLB (MLE),0,1.0,0.2,0.9,0.1,0.1,0.0,0.0,0.0,0.1,0.1,0.0,0.0,0.2,0.0,0.0,0.1,0.1,0.111,0.2,0.111,0.311,0.14425,0.04129,0.00373,0.02782,0.08279,0.0109,0.00703,0.22831,0.0,0.0,0.1161846072924148,0.1108296727206394
670712,Mike Brosseau,MIL,33,R,3B,floor,Depth (no MLB PA),default,MLB,5,1.0,0.2,0.9,0.1,0.1,0.0,0.0,0.0,0.1,0.1,0.0,0.0,0.3,0.0,0.0,0.1,0.1,0.111,0.2,0.111,0.311,0.12467,0.04711,0.00297,0.02805,0.07729,0.02097,0.0017,0.26053,0.0132,0.0037,0.1023982077146829,0.116905992368793
681355,Andrew Cossetti,MIN,25,R,,floor,Depth (no MLB PA),default,MiLB (MLE),5,1.0,0.2,0.9,0.1,0.1,0.0,0.0,0.0,0.1,0.1,0.0,0.0,0.3,0.0,0.0,0.1,0.1,0.111,0.2,0.111,0.311,0.11151,0.03002,0.00259,0.02782,0.10012,0.01135,0.00875,0.26455,0.01486,0.00421,0.1140967113801906,0.1093126562889861
607067,Colin Rea,CHC,36,R,P,floor,Depth (no MLB PA),default,MLB,0,1.0,0.2,0.9,0.1,0.1,0.0,0.0,0.0,0.1,0.1,0.0,0.0,0.2,0.0,0.0,0.1,0.1,0.111,0.2,0.111,0.311,0.13945,0.04099,0.00316,0.02781,0.08208,0.01069,0.00666,0.23342,0.0,0.0,0.1212968604734738,0.1157063027676458
829272,Shinnosuke Ogasawara,WSH,29,L,P,floor,Depth (no MLB PA),default,MLB,0,1.0,0.2,0.9,0.1,0.1,0.0,0.0,0.0,0.1,0.1,0.0,0.0,0.2,0.0,0.0,0.1,0.1,0.111,0.2,0.111,0.311,0.13945,0.04099,0.00316,0.02781,0.08208,0.01069,0.00666,0.23342,0.0,0.0,0.1117065380027561,0.1065579971057784
683004,Jack Leiter,TEX,27,R,P,floor,Depth (no MLB PA),default,MLB,0,1.0,0.2,0.9,0.1,0.1,0.0,0.0,0.0,0.1,0.1,0.0,0.0,0.2,0.0,0.0,0.1,0.1,0.111,0.2,0.111,0.311,0.13945,0.04099,0.00316,0.02781,0.08208,0.01069,0.00666,0.23342,0.0,0.0,0.1083739722267322,0.1033790288854258
694732,Clayton Gray,COL,25,L,,floor,Depth (no MLB PA),default,MiLB (MLE),0,1.0,0.2,0.9,0.1,0.1,0.0,0.0,0.0,0.1,0.1,0.0,0.0,0.2,0.0,0.0,0.1,0.1,0.111,0.2,0.111,0.311,0.13521,0.04059,0.00459,0.02781,0.08316,0.01096,0.00727,0.22869,0.0,0.0,0.1055610191013167,0.1006957244311304
692039,Carlos Jimenez,SEA,25,L,,floor,Depth (no MLB PA),feed:order+depth,MiLB (MLE),5,1.0,0.2,0.9,0.1,0.1,0.0,0.0,0.0,0.1,0.1,0.0,0.0,0.2,0.0,0.0,0.1,0.1,0.111,0.2,0.111,0.311,0.13225,0.04134,0.00493,0.02781,0.08761,0.01125,0.00836,0.23652,0.01932,0.00549,0.1138920715242519,0.1091165969463052
660634,Yonny Hernández,LAD,29,S,2B,floor,Depth (no MLB PA),default,MLB,5,1.0,0.2,0.9,0.1,0.1,0.0,0.0,0.0,0.1,0.1,0.0,0.0,0.2,0.0,0.0,0.1,0.1,0.111,0.2,0.111,0.311,0.13938,0.04097,0.00316,0.0278,0.08028,0.01359,0.01123,0.2281,0.01947,0.00546,0.1267073232602379,0.1157746611018444
805810,Blake Mitchell,KC,25,L,,floor,Depth (no MLB PA),feed:order+depth,MiLB (MLE),5,1.0,0.2,0.9,0.1,0.1,0.0,0.0,0.0,0.1,0.1,0.0,0.0,0.3,0.0,0.0,0.1,0.1,0.111,0.2,0.111,0.311,0.11764,0.03535,0.00211,0.0278,0.09834,0.01126,0.00843,0.26703,0.01886,0.00531,0.1126208892977148,0.1078987151675124
806986,Raymond Mola,PIT,25,R,,floor,Depth (no MLB PA),default,MiLB (MLE),0,1.0,0.2,0.9,0.1,0.1,0.0,0.0,0.0,0.1,0.1,0.0,0.0,0.2,0.0,0.0,0.1,0.1,0.111,0.2,0.111,0.311,0.13734,0.04036,0.00332,0.02779,0.08279,0.0109,0.00703,0.22875,0.0,0.0,0.1095421137696742,0.1044933309251943
836533,Nick Monile,MIL,25,L,,floor,Depth (no MLB PA),default,MiLB (MLE),0,1.0,0.2,0.9,0.1,0.1,0.0,0.0,0.0,0.1,0.1,0.0,0.0,0.2,0.0,0.0,0.1,0.1,0.111,0.2,0.111,0.311,0.13496,0.03996,0.00329,0.02782,0.0831,0.01092,0.00709,0.22912,0.0,0.0,0.1163092182482693,0.1109485403725308
806120,Kyle Henley,CIN,25,R,,floor,Depth (no MLB PA),default,MiLB (MLE),0,1.0,0.2,0.9,0.1,0.1,0.0,0.0,0.0,0.1,0.1,0.0,0.0,0.2,0.0,0.0,0.1,0.1,0.111,0.2,0.111,0.311,0.14268,0.04152,0.0047,0.02787,0.08257,0.01093,0.00714,0.22941,0.0,0.0,0.108761859870781,0.1037490388346277
605242,Michael Fulmer,CHC,34,R,P,floor,Depth (no MLB PA),default,MLB,0,1.0,0.2,0.9,0.1,0.1,0.0,0.0,0.0,0.1,0.1,0.0,0.0,0.2,0.0,0.0,0.1,0.1,0.111,0.2,0.111,0.311,0.13974,0.04108,0.00316,0.02787,0.08225,0.01069,0.00666,0.23185,0.0,0.0,0.1212968604734738,0.1157063027676458
827671,Reed Stallman,NYM,25,L,,floor,Depth (no MLB PA),default,MiLB (MLE),0,1.0,0.2,0.9,0.1,0.1,0.0,0.0,0.0,0.1,0.1,0.0,0.0,0.2,0.0,0.0,0.1,0.1,0.111,0.2,0.111,0.311,0.13929,0.0418,0.00333,0.02787,0.08271,0.0109,0.00702,0.22841,0.0,0.0,0.1175263398742655,0.1121095650092184
687208,Nathan Hickey,BOS,25,L,,floor,Depth (no MLB PA),default,MiLB (MLE),5,1.0,0.2,0.9,0.1,0.1,0.0,0.0,0.0,0.1,0.1,0.0,0.0,0.2,0.0,0.0,0.1,0.1,0.111,0.2,0.111,0.311,0.11364,0.03815,0.00493,0.02787,0.09243,0.01131,0.00861,0.24678,0.01389,0.00392,0.1139845743829696,0.1092052211763855
828084,Daniel Pierce,TB,25,R,,floor,Depth (no MLB PA),feed:order+depth,MiLB (MLE),0,1.0,0.2,0.9,0.1,0.1,0.0,0.0,0.0,0.1,0.1,0.0,0.0,0.2,0.0,0.0,0.1,0.1,0.111,0.2,0.111,0.311,0.13943,0.04045,0.00319,0.02786,0.08253,0.01096,0.00726,0.22989,0.0,0.0,0.1101042122391284,0.1050295223438183
822384,Jack Spanier,ARI,25,R,,floor,Depth (no MLB PA),default,MiLB (MLE),0,1.0,0.2,0.9,0.1,0.1,0.0,0.0,0.0,0.1,0.1,0.0,0.0,0.2,0.0,0.0,0.1,0.1,0.111,0.2,0.111,0.311,0.14174,0.04089,0.00333,0.02786,0.08265,0.0109,0.00702,0.22804,0.0,0.0,0.1186941273191299,0.1132235292712471
814469,Crew McChesney,CWS,25,L,,floor,Depth (no MLB PA),default,MiLB (MLE),0,1.0,0.2,0.9,0.1,0.1,0.0,0.0,0.0,0.1,0.1,0.0,0.0,0.2,0.0,0.0,0.1,0.1,0.111,0.2,0.111,0.311,0.13765,0.04134,0.00333,0.02786,0.08271,0.0109,0.00702,0.22836,0.0,0.0,0.1088193213985232,0.1038038519674695
815121,Alexey Lumpuy,CHC,25,L,,floor,Depth (no MLB PA),default,MiLB (MLE),0,1.0,0.2,0.9,0.1,0.1,0.0,0.0,0.0,0.1,0.1,0.0,0.0,0.2,0.0,0.0,0.1,0.1,0.111,0.2,0.111,0.311,0.14288,0.04208,0.00452,0.02786,0.08248,0.01099,0.00736,0.23069,0.0,0.0,0.1212968604734738,0.1157063027676458
800106,Marcos Torres,TEX,25,L,,floor,Depth (no MLB PA),default,MiLB (MLE),0,1.0,0.2,0.9,0.1,0.1,0.0,0.0,0.0,0.1,0.1,0.0,0.0,0.2,0.0,0.0,0.1,0.1,0.111,0.2,0.111,0.311,0.13965,0.04364,0.00389,0.02786,0.08242,0.01096,0.00726,0.22886,0.0,0.0,0.1083739722267322,0.1033790288854258
829166,Yamvier Carrero,ATL,25,R,,floor,Depth (no MLB PA),default,MiLB (MLE),0,1.0,0.2,0.9,0.1,0.1,0.0,0.0,0.0,0.1,0.1,0.0,0.0,0.2,0.0,0.0,0.1,0.1,0.111,0.2,0.111,0.311,0.14232,0.03915,0.00322,0.02784,0.08283,0.01095,0.00721,0.22901,0.0,0.0,0.1163109310194975,0.1109501742023392
687066,Eric Yang,CIN,29,R,,floor,Depth (no MLB PA),default,MLB,0,1.0,0.2,0.9,0.1,0.1,0.0,0.0,0.0,0.1,0.1,0.0,0.0,0.2,0.0,0.0,0.1,0.1,0.111,0.2,0.111,0.311,0.13961,0.04104,0.00316,0.02785,0.08217,0.01069,0.00666,0.23257,0.0,0.0,0.108761859870781,0.1037490388346277
821139,Luis De La Cruz,CLE,25,S,,floor,Depth (no MLB PA),default,MiLB (MLE),0,1.0,0.2,0.9,0.1,0.1,0.0,0.0,0.0,0.1,0.1,0.0,0.0,0.2,0.0,0.0,0.1,0.1,0.111,0.2,0.111,0.311,0.13898,0.04374,0.00326,0.02785,0.08248,0.01093,0.00715,0.2283,0.0,0.0,0.1090765435794416,0.1040492188090162
622491,Luis Castillo,SEA,34,R,P,floor,Depth (no MLB PA),default,MLB,0,1.0,0.2,0.9,0.1,0.1,0.0,0.0,0.0,0.1,0.1,0.0,0.0,0.2,0.0,0.0,0.1,0.1,0.111,0.2,0.111,0.311,0.13961,0.04104,0.00316,0.02785,0.08217,0.01069,0.00666,0.23257,0.0,0.0,0.1129329803956266,0.1077279129163165
829791,Miguel Hernández,STL,19,R,,floor,Depth (no MLB PA),feed:order+depth,MiLB (MLE),0,1.0,0.2,0.9,0.1,0.1,0.0,0.0,0.0,0.1,0.1,0.0,0.0,0.2,0.0,0.0,0.1,0.1,0.111,0.2,0.111,0.311,0.13828,0.04218,0.00366,0.02785,0.0831,0.01093,0.00715,0.22884,0.0,0.0,0.1080839852839566,0.103102407405954
676896,Chris Roller,MIL,30,R,CF,floor,Depth (no MLB PA),default,MLB,0,1.0,0.2,0.9,0.1,0.1,0.0,0.0,0.0,0.1,0.1,0.0,0.0,0.2,0.0,0.0,0.1,0.1,0.111,0.2,0.111,0.311,0.13961,0.04104,0.00316,0.02785,0.08217,0.01069,0.00666,0.23257,0.0,0.0,0.1163092182482693,0.1109485403725308
543518,Scott McGough,ARI,37,R,P,floor,Depth (no MLB PA),default,MLB,0,1.0,0.2,0.9,0.1,0.1,0.0,0.0,0.0,0.1,0.1,0.0,0.0,0.2,0.0,0.0,0.1,0.1,0.111,0.2,0.111,0.311,0.13961,0.04104,0.00316,0.02785,0.08217,0.01069,0.00666,0.23257,0.0,0.0,0.1186941273191299,0.1132235292712471
671155,Ivan Johnson,CIN,28,S,LF,floor,Depth (no MLB PA),default,MLB,0,1.0,0.2,0.9,0.1,0.1,0.0,0.0,0.0,0.1,0.1,0.0,0.0,0.2,0.0,0.0,0.1,0.1,0.111,0.2,0.111,0.311,0.13715,0.03624,0.00282,0.02785,0.0926,0.00875,0.00545,0.24832,0.0,0.0,0.108761859870781,0.1037490388346277
800621,Logun Clark,CLE,25,R,,floor,Depth (no MLB PA),default,MiLB (MLE),0,1.0,0.2,0.9,0.1,0.1,0.0,0.0,0.0,0.1,0.1,0.0,0.0,0.2,0.0,0.0,0.1,0.1,0.111,0.2,0.111,0.311,0.13873,0.04,0.00333,0.02784,0.08287,0.0109,0.00702,0.22845,0.0,0.0,0.1090765435794416,0.1040492188090162
809772,Luis Puello,NYY,25,R,,floor,Depth (no MLB PA),default,MiLB (MLE),5,1.0,0.2,0.9,0.1,0.1,0.0,0.0,0.0,0.1,0.1,0.0,0.0,0.2,0.0,0.0,0.1,0.1,0.111,0.2,0.111,0.311,0.13374,0.0408,0.00396,0.02784,0.0821,0.01108,0.00772,0.23548,0.01721,0.00486,0.1247291425689449,0.1194992715033348
806261,Jaxon Willits,LAA,25,S,,floor,Depth (no MLB PA),default,MiLB (MLE),0,1.0,0.2,0.9,0.1,0.1,0.0,0.0,0.0,0.1,0.1,0.0,0.0,0.2,0.0,0.0,0.1,0.1,0.111,0.2,0.111,0.311,0.13935,0.04173,0.00322,0.02785,0.08316,0.01095,0.00721,0.22883,0.0,0.0,0.1055838465145773,0.1007174997316602
804911,Brendan Summerhill,TB,25,L,,floor,Depth (no MLB PA),feed:order+depth,MiLB (MLE),0,1.0,0.2,0.9,0.1,0.1,0.0,0.0,0.0,0.1,0.1,0.0,0.0,0.2,0.0,0.0,0.1,0.1,0.111,0.2,0.111,0.311,0.14445,0.03903,0.00325,0.02774,0.08252,0.01094,0.00717,0.22838,0.0,0.0,0.1101042122391284,0.1050295223438183
640458,Óscar Mercado,STL,32,R,RF,floor,Depth (no MLB PA),default,MLB,5,1.0,0.2,0.9,0.2,0.2,0.0,0.0,0.0,0.2,0.1,0.0,0.0,0.2,0.0,0.0,0.1,0.1,0.222,0.3,0.222,0.522,0.15051,0.04229,0.00311,0.02774,0.06307,0.00764,0.00632,0.21926,0.02277,0.00654,0.1105221855889291,0.1093556740704716
815816,Brady Ebel,MIL,20,L,,floor,Depth (no MLB PA),feed:order+depth,MiLB (MLE),0,1.0,0.2,0.9,0.1,0.1,0.0,0.0,0.0,0.1,0.1,0.0,0.0,0.2,0.0,0.0,0.1,0.1,0.111,0.2,0.111,0.311,0.13523,0.0422,0.00332,0.02774,0.08296,0.0109,0.00704,0.22843,0.0,0.0,0.1163092182482693,0.1109485403725308
821279,Edgardo De Leon,MIA,25,R,,floor,Depth (no MLB PA),default,MiLB (MLE),0,1.0,0.2,0.9,0.1,0.1,0.0,0.0,0.0,0.1,0.1,0.0,0.0,0.2,0.0,0.0,0.1,0.1,0.111,0.2,0.111,0.311,0.13431,0.03985,0.00318,0.02774,0.08238,0.01097,0.00728,0.23101,0.0,0.0,0.1073907841118627,0.1024411557924819
813832,Colton Coates,BOS,25,S,,floor,Depth (no MLB PA),default,MiLB (MLE),0,1.0,0.2,0.9,0.1,0.1,0.0,0.0,0.0,0.1,0.1,0.0,0.0,0.2,0.0,0.0,0.1,0.1,0.111,0.2,0.111,0.311,0.13953,0.04113,0.00372,0.02773,0.08281,0.01091,0.00705,0.22781,0.0,0.0,0.1130247042829025,0.1078154092606633
692564,Johnfrank Salazar,STL,25,R,,floor,Depth (no MLB PA),default,MiLB (MLE),0,1.0,0.2,0.9,0.1,0.1,0.0,0.0,0.0,0.1,0.1,0.0,0.0,0.2,0.0,0.0,0.1,0.1,0.111,0.2,0.111,0.311,0.14013,0.04328,0.00328,0.02773,0.08265,0.01092,0.00712,0.22835,0.0,0.0,0.1080839852839566,0.103102407405954
829252,Noah Franklin,TEX,25,R,,floor,Depth (no MLB PA),default,MiLB (MLE),0,1.0,0.2,0.9,0.1,0.1,0.0,0.0,0.0,0.1,0.1,0.0,0.0,0.2,0.0,0.0,0.1,0.1,0.111,0.2,0.111,0.311,0.13914,0.0407,0.00328,0.02773,0.08295,0.01092,0.00711,0.22864,0.0,0.0,0.1083739722267322,0.1033790288854258
700358,Narbe Cruz,HOU,25,R,,floor,Depth (no MLB PA),default,MiLB (MLE),0,1.0,0.2,0.9,0.1,0.1,0.0,0.0,0.0,0.1,0.1,0.0,0.0,0.2,0.0,0.0,0.1,0.1,0.111,0.2,0.111,0.311,0.14186,0.04129,0.00325,0.02773,0.08252,0.01094,0.00717,0.22851,0.0,0.0,0.1181433850095948,0.1126981706084979
811443,Jake Berkland,CWS,25,R,,floor,Depth (no MLB PA),default,MiLB (MLE),0,1.0,0.2,0.9,0.1,0.1,0.0,0.0,0.0,0.1,0.1,0.0,0.0,0.2,0.0,0.0,0.1,0.1,0.111,0.2,0.111,0.311,0.13801,0.04026,0.00372,0.02772,0.08316,0.01091,0.00705,0.22806,0.0,0.0,0.1088193213985232,0.1038038519674695
800204,Derek Bernard,COL,25,L,,floor,Depth (no MLB PA),feed:order+depth,MiLB (MLE),0,1.0,0.2,0.9,0.1,0.1,0.0,0.0,0.0,0.1,0.1,0.0,0.0,0.2,0.0,0.0,0.1,0.1,0.111,0.2,0.111,0.311,0.13702,0.0414,0.00325,0.02779,0.08307,0.01093,0.00716,0.22867,0.0,0.0,0.1055610191013167,0.1006957244311304
691422,Kevin Rivas,CLE,25,S,,floor,Depth (no MLB PA),default,MiLB (MLE),0,1.0,0.2,0.9,0.1,0.1,0.0,0.0,0.0,0.1,0.1,0.0,0.0,0.2,0.0,0.0,0.1,0.1,0.111,0.2,0.111,0.311,0.13835,0.03981,0.00331,0.02772,0.08262,0.01091,0.00705,0.22812,0.0,0.0,0.1090765435794416,0.1040492188090162
829059,Johan De Los Santos,PIT,19,L,,floor,Depth (no MLB PA),feed:order+depth,MiLB (MLE),0,1.0,0.2,0.9,0.1,0.1,0.0,0.0,0.0,0.1,0.1,0.0,0.0,0.2,0.0,0.0,0.1,0.1,0.111,0.2,0.111,0.311,0.139,0.04068,0.00367,0.02772,0.08252,0.01093,0.00712,0.22782,0.0,0.0,0.1095421137696742,0.1044933309251943
815832,Xavier Neyens,HOU,21,L,,floor,Depth (no MLB PA),feed:order+depth,MiLB (MLE),5,1.0,0.2,0.9,0.1,0.1,0.0,0.0,0.0,0.1,0.1,0.0,0.0,0.2,0.0,0.0,0.1,0.1,0.111,0.2,0.111,0.311,0.12911,0.04021,0.00292,0.02772,0.08557,0.01105,0.00762,0.23751,0.01717,0.00485,0.1191467258589332,0.1141509245466025
806131,Dee Kennedy,STL,25,R,,floor,Depth (no MLB PA),default,MiLB (MLE),0,1.0,0.2,0.9,0.1,0.1,0.0,0.0,0.0,0.1,0.1,0.0,0.0,0.2,0.0,0.0,0.1,0.1,0.111,0.2,0.111,0.311,0.13602,0.04026,0.00328,0.02772,0.08284,0.01092,0.00712,0.22835,0.0,0.0,0.1080839852839566,0.103102407405954
691408,Maick Collado,CLE,25,S,,floor,Depth (no MLB PA),default,MiLB (MLE),5,1.0,0.2,0.9,0.2,0.1,0.1,0.0,0.0,0.3,0.1,0.0,0.0,0.2,0.0,0.0,0.1,0.1,0.222,0.3,0.333,0.633,0.13772,0.05218,0.00308,0.02771,0.08187,0.01102,0.00748,0.2262,0.01736,0.00489,0.1100028836523031,0.1053904820395136
815792,Chase Harlan,LAD,21,R,,floor,Depth (no MLB PA),feed:depth,MiLB (MLE),5,1.0,0.2,0.9,0.1,0.1,0.0,0.0,0.0,0.1,0.1,0.0,0.0,0.2,0.0,0.0,0.1,0.1,0.111,0.2,0.111,0.311,0.13763,0.0403,0.00306,0.02771,0.08273,0.01102,0.00748,0.23026,0.0173,0.00488,0.1271758659241691,0.1218434041775241
829670,Brayden Smith,STL,25,L,,floor,Depth (no MLB PA),default,MiLB (MLE),0,1.0,0.2,0.9,0.1,0.1,0.0,0.0,0.0,0.1,0.1,0.0,0.0,0.2,0.0,0.0,0.1,0.1,0.111,0.2,0.111,0.311,0.13625,0.04261,0.00381,0.02771,0.08253,0.01099,0.00738,0.23121,0.0,0.0,0.1080839852839566,0.103102407405954
806962,Enmanuel Bonilla,TOR,25,R,,floor,Depth (no MLB PA),default,MiLB (MLE),0,1.0,0.2,0.9,0.1,0.1,0.0,0.0,0.0,0.1,0.1,0.0,0.0,0.2,0.0,0.0,0.1,0.1,0.111,0.2,0.111,0.311,0.13969,0.0398,0.00321,0.0277,0.08265,0.01095,0.00723,0.23069,0.0,0.0,0.111041150316571,0.1059232770579959
694977,Nate Nankil,OAK,25,R,,floor,Depth (no MLB PA),default,MiLB (MLE),5,1.0,0.2,0.9,0.1,0.1,0.0,0.0,0.0,0.1,0.1,0.0,0.0,0.2,0.0,0.0,0.1,0.1,0.111,0.2,0.111,0.311,0.14449,0.03911,0.00294,0.0277,0.08223,0.01107,0.00768,0.22786,0.01755,0.00495,0.1137291867017833,0.1089605418558665
543068,C.J. Cron,LAA,37,R,1B,floor,Depth (no MLB PA),default,MLB,4,1.0,0.2,0.9,0.1,0.1,0.0,0.0,0.0,0.1,0.1,0.0,0.0,0.3,0.0,0.0,0.1,0.1,0.111,0.2,0.111,0.311,0.13895,0.04085,0.00315,0.02772,0.06762,0.00966,0.00744,0.25051,0.00584,0.00165,0.1132336315725603,0.1256656998413945
678232,Jesus Valdez,ARI,25,R,,floor,Depth (no MLB PA),default,MiLB (MLE),0,1.0,0.2,0.9,0.1,0.1,0.0,0.0,0.0,0.1,0.1,0.0,0.0,0.2,0.0,0.0,0.1,0.1,0.111,0.2,0.111,0.311,0.14378,0.03992,0.00332,0.02779,0.08264,0.0109,0.00704,0.22814,0.0,0.0,0.1186941273191299,0.1132235292712471
829741,Sebastian Dos Santos,STL,19,S,,floor,Depth (no MLB PA),feed:order+depth,MiLB (MLE),5,1.0,0.2,0.9,0.1,0.1,0.0,0.0,0.0,0.1,0.1,0.0,0.0,0.2,0.0,0.0,0.1,0.1,0.111,0.2,0.111,0.311,0.13505,0.03913,0.00299,0.02779,0.0842,0.01104,0.00757,0.23151,0.01777,0.00501,0.1090018959870051,0.1044314656114096
809719,Austin Green,NYY,25,S,,floor,Depth (no MLB PA),default,MiLB (MLE),0,1.0,0.2,0.9,0.1,0.1,0.0,0.0,0.0,0.1,0.1,0.0,0.0,0.2,0.0,0.0,0.1,0.1,0.111,0.2,0.111,0.311,0.13835,0.03992,0.00369,0.02779,0.08285,0.01092,0.0071,0.22795,0.0,0.0,0.1236787918946801,0.1179784512562222
839366,Charlie Scholvin,MIN,25,R,,floor,Depth (no MLB PA),default,MiLB (MLE),0,1.0,0.2,0.9,0.1,0.1,0.0,0.0,0.0,0.1,0.1,0.0,0.0,0.2,0.0,0.0,0.1,0.1,0.111,0.2,0.111,0.311,0.13876,0.04034,0.00332,0.02778,0.08278,0.0109,0.00704,0.22772,0.0,0.0,0.113135896968568,0.1079214770888242
693822,Murphy Stehly,MIN,25,R,,floor,Depth (no MLB PA),default,MiLB (MLE),0,1.0,0.2,0.9,0.1,0.1,0.0,0.0,0.0,0.1,0.1,0.0,0.0,0.2,0.0,0.0,0.1,0.1,0.111,0.2,0.111,0.311,0.13729,0.03825,0.00318,0.02778,0.08244,0.01096,0.00727,0.23026,0.0,0.0,0.113135896968568,0.1079214770888242
695484,Anson Aroz,LAD,25,S,,floor,Depth (no MLB PA),default,MiLB (MLE),0,1.0,0.2,0.9,0.1,0.1,0.0,0.0,0.0,0.1,0.1,0.0,0.0,0.2,0.0,0.0,0.1,0.1,0.111,0.2,0.111,0.311,0.13524,0.04139,0.00325,0.02778,0.08284,0.01093,0.00716,0.22917,0.0,0.0,0.126104911263755,0.1202927510754662
623507,Josh Lester,BAL,32,L,1B,floor,Depth (no MLB PA),default,MLB,0,1.0,0.2,0.9,0.1,0.1,0.0,0.0,0.0,0.1,0.1,0.0,0.0,0.2,0.0,0.0,0.1,0.1,0.111,0.2,0.111,0.311,0.13928,0.04095,0.00315,0.02778,0.07681,0.00802,0.005,0.24382,0.0,0.0,0.11357196332132,0.1083374451958416
821782,Andreimi Antunez,TB,21,R,,floor,Depth (no MLB PA),feed:order+depth,MiLB (MLE),0,1.0,0.2,0.9,0.1,0.1,0.0,0.0,0.0,0.1,0.1,0.0,0.0,0.2,0.0,0.0,0.1,0.1,0.111,0.2,0.111,0.311,0.13543,0.04203,0.004,0.02778,0.08251,0.01095,0.00723,0.22851,0.0,0.0,0.1101042122391284,0.1050295223438183
834672,Michael Oliveto,DET,25,L,,floor,Depth (no MLB PA),default,MiLB (MLE),0,1.0,0.2,0.9,0.1,0.1,0.0,0.0,0.0,0.1,0.1,0.0,0.0,0.2,0.0,0.0,0.1,0.1,0.111,0.2,0.111,0.311,0.14089,0.04207,0.00329,0.02778,0.08281,0.01092,0.0071,0.22816,0.0,0.0,0.1144465288333229,0.1091717020886165
690988,Austin Hendrick,CIN,25,L,,floor,Depth (no MLB PA),default,MiLB (MLE),5,1.0,0.2,0.9,0.1,0.1,0.0,0.0,0.0,0.1,0.1,0.0,0.0,0.3,0.0,0.0,0.1,0.1,0.111,0.2,0.111,0.311,0.12777,0.02867,0.00212,0.02775,0.08085,0.01129,0.00853,0.25025,0.0164,0.00462,0.1096855274705329,0.1050864325467684
821673,Jurdrick Profar,CWS,25,R,,floor,Depth (no MLB PA),default,MiLB (MLE),0,1.0,0.2,0.9,0.1,0.1,0.0,0.0,0.0,0.1,0.1,0.0,0.0,0.2,0.0,0.0,0.1,0.1,0.111,0.2,0.111,0.311,0.13735,0.04078,0.00369,0.02778,0.08263,0.01092,0.0071,0.22872,0.0,0.0,0.1088193213985232,0.1038038519674695
806701,Jake Brown,SEA,25,L,,floor,Depth (no MLB PA),feed:order+depth,MiLB (MLE),0,1.0,0.2,0.9,0.1,0.1,0.0,0.0,0.0,0.1,0.1,0.0,0.0,0.2,0.0,0.0,0.1,0.1,0.111,0.2,0.111,0.311,0.1418,0.04201,0.00325,0.02778,0.08256,0.01094,0.00718,0.22755,0.0,0.0,0.1129329803956266,0.1077279129163165
703611,Maximus Martin,BOS,25,R,,floor,Depth (no MLB PA),default,MiLB (MLE),0,1.0,0.2,0.9,0.1,0.1,0.0,0.0,0.0,0.1,0.1,0.0,0.0,0.2,0.0,0.0,0.1,0.1,0.111,0.2,0.111,0.311,0.128,0.04266,0.00306,0.02778,0.08204,0.01101,0.00746,0.23437,0.0,0.0,0.1130247042829025,0.1078154092606633
800200,Jonathan Linares,LAA,25,S,,floor,Depth (no MLB PA),default,MiLB (MLE),0,1.0,0.2,0.9,0.1,0.1,0.0,0.0,0.0,0.1,0.1,0.0,0.0,0.2,0.0,0.0,0.1,0.1,0.111,0.2,0.111,0.311,0.13805,0.04075,0.00354,0.02777,0.08327,0.01098,0.00734,0.22954,0.0,0.0,0.1055838465145773,0.1007174997316602
660620,Jonathan Araúz,NYM,28,S,3B,floor,Depth (no MLB PA),default,MLB,5,1.0,0.2,0.9,0.1,0.1,0.0,0.0,0.0,0.1,0.1,0.0,0.0,0.2,0.0,0.0,0.1,0.1,0.111,0.2,0.111,0.311,0.13923,0.04093,0.00315,0.02777,0.07365,0.00463,0.0081,0.24752,0.01451,0.00409,0.1057570708776564,0.1184412653793022
815563,Bo Walker,ARI,25,R,,floor,Depth (no MLB PA),default,MiLB (MLE),0,1.0,0.2,0.9,0.1,0.1,0.0,0.0,0.0,0.1,0.1,0.0,0.0,0.2,0.0,0.0,0.1,0.1,0.111,0.2,0.111,0.311,0.13682,0.04032,0.00325,0.02776,0.08292,0.01094,0.00716,0.22922,0.0,0.0,0.1186941273191299,0.1132235292712471
800139,Reylin Perez,HOU,25,S,,floor,Depth (no MLB PA),default,MiLB (MLE),0,1.0,0.2,0.9,0.1,0.1,0.0,0.0,0.0,0.1,0.1,0.0,0.0,0.2,0.0,0.0,0.1,0.1,0.111,0.2,0.111,0.311,0.1361,0.03988,0.00332,0.02776,0.08264,0.0109,0.00704,0.22879,0.0,0.0,0.1181433850095948,0.1126981706084979
822815,Ryan Gerety,SD,25,L,,floor,Depth (no MLB PA),default,MiLB (MLE),0,1.0,0.2,0.9,0.1,0.1,0.0,0.0,0.0,0.1,0.1,0.0,0.0,0.2,0.0,0.0,0.1,0.1,0.111,0.2,0.111,0.311,0.13794,0.04143,0.00332,0.02776,0.08312,0.0109,0.00704,0.22798,0.0,0.0,0.1138336372651961,0.1085870586191268
700720,Luis Pino,STL,25,R,,floor,Depth (no MLB PA),default,MiLB (MLE),0,1.0,0.2,0.9,0.1,0.1,0.0,0.0,0.0,0.1,0.1,0.0,0.0,0.2,0.0,0.0,0.1,0.1,0.111,0.2,0.111,0.311,0.13667,0.03987,0.00332,0.02775,0.08287,0.0109,0.00704,0.2283,0.0,0.0,0.1080839852839566,0.103102407405954
800953,Brady Day,PHI,25,L,,floor,Depth (no MLB PA),default,MiLB (MLE),5,1.0,0.2,0.9,0.1,0.1,0.0,0.0,0.0,0.1,0.1,0.0,0.0,0.2,0.0,0.0,0.1,0.1,0.111,0.2,0.111,0.311,0.1409,0.03965,0.00431,0.02778,0.08317,0.01104,0.00757,0.22751,0.01802,0.00507,0.1171713130868302,0.1122583404854701
827326,Yorman Licourt,TOR,25,L,,floor,Depth (no MLB PA),default,MiLB (MLE),0,1.0,0.2,0.9,0.1,0.1,0.0,0.0,0.0,0.1,0.1,0.0,0.0,0.2,0.0,0.0,0.1,0.1,0.111,0.2,0.111,0.311,0.13092,0.03981,0.00346,0.028,0.08344,0.011,0.00743,0.23389,0.0,0.0,0.111041150316571,0.1059232770579959
805182,Isaiah Lane,MIN,25,R,,floor,Depth (no MLB PA),default,MiLB (MLE),0,1.0,0.2,0.9,0.1,0.1,0.0,0.0,0.0,0.1,0.1,0.0,0.0,0.2,0.0,0.0,0.1,0.1,0.111,0.2,0.111,0.311,0.13693,0.04153,0.00488,0.028,0.08303,0.01092,0.00712,0.22842,0.0,0.0,0.113135896968568,0.1079214770888242
692044,Luis Suisbel,SEA,25,S,,floor,Depth (no MLB PA),default,MiLB (MLE),5,1.0,0.2,0.9,0.1,0.1,0.0,0.0,0.0,0.1,0.1,0.0,0.0,0.2,0.0,0.0,0.1,0.1,0.111,0.2,0.111,0.311,0.12866,0.044,0.00344,0.028,0.08077,0.01123,0.0083,0.24414,0.01634,0.00462,0.1138920715242519,0.1091165969463052
815491,Wills Maginnis,BOS,25,R,,floor,Depth (no MLB PA),default,MiLB (MLE),0,1.0,0.2,0.9,0.1,0.1,0.0,0.0,0.0,0.1,0.1,0.0,0.0,0.2,0.0,0.0,0.1,0.1,0.111,0.2,0.111,0.311,0.13634,0.04023,0.00331,0.028,0.0829,0.01091,0.00706,0.22786,0.0,0.0,0.1130247042829025,0.1078154092606633
806169,Lucas Moore,CLE,25,L,,floor,Depth (no MLB PA),default,MiLB (MLE),0,1.0,0.2,0.9,0.1,0.1,0.0,0.0,0.0,0.1,0.1,0.0,0.0,0.2,0.0,0.0,0.1,0.1,0.111,0.2,0.111,0.311,0.14035,0.04196,0.00335,0.02799,0.08273,0.01089,0.00699,0.22802,0.0,0.0,0.1090765435794416,0.1040492188090162
685337,Sergio Tapia,DET,25,R,,floor,Depth (no MLB PA),default,MiLB (MLE),0,1.0,0.2,0.9,0.1,0.1,0.0,0.0,0.0,0.1,0.1,0.0,0.0,0.2,0.0,0.0,0.1,0.1,0.111,0.2,0.111,0.311,0.13786,0.04064,0.00328,0.02799,0.08267,0.01093,0.00713,0.22811,0.0,0.0,0.1144465288333229,0.1091717020886165
829251,Arturo Flores,HOU,25,R,,floor,Depth (no MLB PA),default,MiLB (MLE),5,1.0,0.2,0.9,0.1,0.1,0.0,0.0,0.0,0.1,0.1,0.0,0.0,0.2,0.0,0.0,0.1,0.1,0.111,0.2,0.111,0.311,0.13519,0.03705,0.00279,0.02798,0.08382,0.0111,0.00779,0.24283,0.01711,0.00483,0.1191467258589332,0.1141509245466025
676203,Marcos Castañon,SD,25,R,,floor,Depth (no MLB PA),default,MiLB (MLE),5,1.0,0.2,0.9,0.2,0.2,0.0,0.0,0.0,0.2,0.1,0.0,0.0,0.2,0.0,0.0,0.1,0.1,0.222,0.3,0.222,0.522,0.15544,0.04154,0.00148,0.02798,0.07333,0.01144,0.00908,0.22359,0.01398,0.00394,0.1148003772844334,0.1099868176053142
821036,Cristofer Lebrón,STL,25,R,,floor,Depth (no MLB PA),default,MiLB (MLE),0,1.0,0.2,0.9,0.1,0.1,0.0,0.0,0.0,0.1,0.1,0.0,0.0,0.2,0.0,0.0,0.1,0.1,0.111,0.2,0.111,0.311,0.14138,0.04018,0.00335,0.02797,0.08265,0.01089,0.00699,0.22851,0.0,0.0,0.1080839852839566,0.103102407405954
622250,Josh Sborz,TEX,33,R,P,floor,Depth (no MLB PA),default,MLB,0,1.0,0.2,0.9,0.1,0.1,0.0,0.0,0.0,0.1,0.1,0.0,0.0,0.2,0.0,0.0,0.1,0.1,0.111,0.2,0.111,0.311,0.13974,0.04108,0.00316,0.02787,0.08225,0.01069,0.00666,0.23185,0.0,0.0,0.1083739722267322,0.1033790288854258
815915,Joswa Lugo,LAA,25,R,,floor,Depth (no MLB PA),default,MiLB (MLE),0,1.0,0.2,0.9,0.1,0.1,0.0,0.0,0.0,0.1,0.1,0.0,0.0,0.2,0.0,0.0,0.1,0.1,0.111,0.2,0.111,0.311,0.13886,0.04061,0.00324,0.02797,0.08253,0.01094,0.00719,0.22895,0.0,0.0,0.1055838465145773,0.1007174997316602
810891,Jay Beshears,MIA,25,R,,floor,Depth (no MLB PA),default,MiLB (MLE),5,1.0,0.2,0.9,0.1,0.1,0.0,0.0,0.0,0.1,0.1,0.0,0.0,0.2,0.0,0.0,0.1,0.1,0.111,0.2,0.111,0.311,0.11796,0.04425,0.00415,0.02796,0.08478,0.01126,0.00842,0.24374,0.01683,0.00472,0.1083028077561248,0.1037616900274031
700081,Jake Thompson,LAA,25,L,,floor,Depth (no MLB PA),default,MiLB (MLE),5,1.0,0.2,0.9,0.1,0.1,0.0,0.0,0.0,0.1,0.1,0.0,0.0,0.2,0.0,0.0,0.1,0.1,0.111,0.2,0.111,0.311,0.1421,0.04499,0.00276,0.02796,0.08422,0.01114,0.00792,0.22478,0.01739,0.00491,0.106480524616612,0.1020158149002312
801522,Carlos Sanchez,MIA,25,S,,floor,Depth (no MLB PA),default,MiLB (MLE),5,1.0,0.2,0.9,0.1,0.1,0.0,0.0,0.0,0.1,0.1,0.0,0.0,0.2,0.0,0.0,0.1,0.1,0.111,0.2,0.111,0.311,0.12884,0.03916,0.00302,0.02796,0.08343,0.01103,0.00752,0.23211,0.01671,0.00471,0.1083028077561248,0.1037616900274031
807647,Pablo Nunez,CIN,25,L,,floor,Depth (no MLB PA),default,MiLB (MLE),0,1.0,0.2,0.9,0.1,0.1,0.0,0.0,0.0,0.1,0.1,0.0,0.0,0.2,0.0,0.0,0.1,0.1,0.111,0.2,0.111,0.311,0.13863,0.04016,0.00334,0.02796,0.08291,0.01089,0.007,0.22771,0.0,0.0,0.108761859870781,0.1037490388346277
821716,Jhonayker Ugarte,KC,25,R,,floor,Depth (no MLB PA),default,MiLB (MLE),0,1.0,0.2,0.9,0.1,0.1,0.0,0.0,0.0,0.1,0.1,0.0,0.0,0.2,0.0,0.0,0.1,0.1,0.111,0.2,0.111,0.311,0.13862,0.04059,0.00334,0.02795,0.08267,0.01089,0.007,0.22811,0.0,0.0,0.1116725028615235,0.1065255306401104
702656,Drew Faurot,MIA,25,S,,floor,Depth (no MLB PA),default,MiLB (MLE),0,1.0,0.2,0.9,0.1,0.1,0.0,0.0,0.0,0.1,0.1,0.0,0.0,0.2,0.0,0.0,0.1,0.1,0.111,0.2,0.111,0.311,0.13981,0.04015,0.00334,0.02795,0.08272,0.01089,0.007,0.22842,0.0,0.0,0.1073907841118627,0.1024411557924819
425794,Adam Wainwright,STL,45,R,P,floor,Depth (no MLB PA),default,MLB,0,1.0,0.2,0.9,0.1,0.1,0.0,0.0,0.0,0.1,0.1,0.0,0.0,0.2,0.0,0.0,0.1,0.1,0.111,0.2,0.111,0.311,0.14012,0.04119,0.00317,0.02795,0.08183,0.01056,0.00658,0.23066,0.0,0.0,0.1080839852839566,0.103102407405954
821073,Jirvin Morillo,CIN,25,S,,floor,Depth (no MLB PA),feed:order+depth,MiLB (MLE),0,1.0,0.2,0.9,0.1,0.1,0.0,0.0,0.0,0.1,0.1,0.0,0.0,0.2,0.0,0.0,0.1,0.1,0.111,0.2,0.111,0.311,0.13822,0.04145,0.00327,0.02795,0.08299,0.01093,0.00713,0.22847,0.0,0.0,0.108761859870781,0.1037490388346277
800632,Dean West,TOR,25,L,,floor,Depth (no MLB PA),default,MiLB (MLE),0,1.0,0.2,0.9,0.1,0.1,0.0,0.0,0.0,0.1,0.1,0.0,0.0,0.2,0.0,0.0,0.1,0.1,0.111,0.2,0.111,0.311,0.1382,0.0415,0.00335,0.02797,0.08298,0.01089,0.007,0.22767,0.0,0.0,0.111041150316571,0.1059232770579959
801932,Alex McCoy,SD,25,R,,floor,Depth (no MLB PA),feed:order+depth,MiLB (MLE),5,1.0,0.2,0.9,0.1,0.1,0.0,0.0,0.0,0.1,0.1,0.0,0.0,0.2,0.0,0.0,0.1,0.1,0.111,0.2,0.111,0.311,0.14943,0.03937,0.00286,0.02805,0.08174,0.01109,0.00776,0.23345,0.01844,0.00521,0.1148003772844334,0.1099868176053142
800605,Will Gasparino,PHI,25,R,,floor,Depth (no MLB PA),feed:order+depth,MiLB (MLE),0,1.0,0.2,0.9,0.1,0.1,0.0,0.0,0.0,0.1,0.1,0.0,0.0,0.2,0.0,0.0,0.1,0.1,0.111,0.2,0.111,0.311,0.13917,0.04028,0.00368,0.02804,0.08284,0.01092,0.00711,0.22843,0.0,0.0,0.1161846072924148,0.1108296727206394
692598,Newremberg Rondon,DET,25,R,,floor,Depth (no MLB PA),default,MiLB (MLE),0,1.0,0.2,0.9,0.1,0.1,0.0,0.0,0.0,0.1,0.1,0.0,0.0,0.2,0.0,0.0,0.1,0.1,0.111,0.2,0.111,0.311,0.13861,0.04028,0.00332,0.02804,0.08272,0.0109,0.00705,0.22847,0.0,0.0,0.1144465288333229,0.1091717020886165
808120,Samil Dishmey,LAA,25,L,,floor,Depth (no MLB PA),default,MiLB (MLE),0,1.0,0.2,0.9,0.1,0.1,0.0,0.0,0.0,0.1,0.1,0.0,0.0,0.2,0.0,0.0,0.1,0.1,0.111,0.2,0.111,0.311,0.13817,0.04159,0.00409,0.02804,0.08258,0.01092,0.00711,0.22928,0.0,0.0,0.1055838465145773,0.1007174997316602
682947,Jose Ramos,NYM,25,R,,floor,Depth (no MLB PA),default,MiLB (MLE),5,1.0,0.2,0.9,0.1,0.1,0.0,0.0,0.0,0.1,0.1,0.0,0.0,0.2,0.0,0.0,0.1,0.1,0.111,0.2,0.111,0.311,0.14632,0.03822,0.00606,0.02804,0.08317,0.01119,0.00814,0.23196,0.01795,0.00506,0.1185244404252146,0.1135547314319469
823352,Luke Nixon,SF,25,L,,floor,Depth (no MLB PA),default,MiLB (MLE),0,1.0,0.2,0.9,0.1,0.1,0.0,0.0,0.0,0.1,0.1,0.0,0.0,0.2,0.0,0.0,0.1,0.1,0.111,0.2,0.111,0.311,0.13852,0.0416,0.00335,0.02804,0.08273,0.01089,0.00698,0.22798,0.0,0.0,0.1075158000263159,0.1025604097384788
808786,Jake Duer,ARI,25,L,,floor,Depth (no MLB PA),default,MiLB (MLE),0,1.0,0.2,0.9,0.1,0.1,0.0,0.0,0.0,0.1,0.1,0.0,0.0,0.2,0.0,0.0,0.1,0.1,0.111,0.2,0.111,0.311,0.13801,0.04204,0.00376,0.02804,0.08268,0.01089,0.00698,0.22798,0.0,0.0,0.1186941273191299,0.1132235292712471
842049,Grayson Fitzwater,CWS,25,L,,floor,Depth (no MLB PA),default,MiLB (MLE),0,1.0,0.2,0.9,0.1,0.1,0.0,0.0,0.0,0.1,0.1,0.0,0.0,0.2,0.0,0.0,0.1,0.1,0.111,0.2,0.111,0.311,0.13727,0.04157,0.00401,0.02803,0.08285,0.01095,0.00723,0.22982,0.0,0.0,0.1088193213985232,0.1038038519674695
826932,Cobb Hightower,BAL,25,R,,floor,Depth (no MLB PA),default,MiLB (MLE),0,1.0,0.2,0.9,0.1,0.1,0.0,0.0,0.0,0.1,0.1,0.0,0.0,0.2,0.0,0.0,0.1,0.1,0.111,0.2,0.111,0.311,0.1426,0.04114,0.00335,0.02803,0.08263,0.01089,0.00698,0.22788,0.0,0.0,0.11357196332132,0.1083374451958416
834710,Ryan Niedzwiedz,COL,25,L,,floor,Depth (no MLB PA),default,MiLB (MLE),0,1.0,0.2,0.9,0.1,0.1,0.0,0.0,0.0,0.1,0.1,0.0,0.0,0.2,0.0,0.0,0.1,0.1,0.111,0.2,0.111,0.311,0.13676,0.0411,0.00376,0.028,0.08273,0.01089,0.00699,0.22821,0.0,0.0,0.1055610191013167,0.1006957244311304
686490,Cam Eden,TOR,29,R,LF,floor,Depth (no MLB PA),default,MLB,0,1.0,0.2,0.9,0.1,0.1,0.0,0.0,0.0,0.1,0.1,0.0,0.0,0.2,0.0,0.0,0.1,0.1,0.111,0.2,0.111,0.311,0.14053,0.04131,0.00318,0.02803,0.08016,0.01007,0.00628,0.23114,0.0,0.0,0.111041150316571,0.1059232770579959
832226,Jackson Hauge,NYM,25,R,,floor,Depth (no MLB PA),default,MiLB (MLE),0,1.0,0.2,0.9,0.1,0.1,0.0,0.0,0.0,0.1,0.1,0.0,0.0,0.2,0.0,0.0,0.1,0.1,0.111,0.2,0.111,0.311,0.13606,0.04027,0.00328,0.02803,0.08284,0.01092,0.00711,0.22864,0.0,0.0,0.1175263398742655,0.1121095650092184
699712,Raylin Heredia,PHI,25,R,,floor,Depth (no MLB PA),default,MiLB (MLE),5,1.0,0.2,0.9,0.1,0.1,0.0,0.0,0.0,0.1,0.1,0.0,0.0,0.3,0.0,0.0,0.1,0.1,0.111,0.2,0.111,0.311,0.14195,0.04609,0.00236,0.02802,0.06806,0.01138,0.0089,0.26085,0.02104,0.00593,0.1171713130868302,0.1122583404854701
691398,Yerlin Confidan,CIN,25,L,,floor,Depth (no MLB PA),default,MiLB (MLE),5,1.0,0.2,0.9,0.1,0.1,0.0,0.0,0.0,0.1,0.1,0.0,0.0,0.2,0.0,0.0,0.1,0.1,0.111,0.2,0.111,0.311,0.13965,0.03864,0.00351,0.02802,0.08122,0.01121,0.00821,0.23779,0.01707,0.00482,0.1096855274705329,0.1050864325467684
702265,Paxton Kling,TEX,25,R,,floor,Depth (no MLB PA),default,MiLB (MLE),0,1.0,0.2,0.9,0.1,0.1,0.0,0.0,0.0,0.1,0.1,0.0,0.0,0.2,0.0,0.0,0.1,0.1,0.111,0.2,0.111,0.311,0.13794,0.0417,0.00335,0.02802,0.08272,0.01089,0.00699,0.22794,0.0,0.0,0.1083739722267322,0.1033790288854258
800171,Angel Mata,PHI,25,R,,floor,Depth (no MLB PA),default,MiLB (MLE),0,1.0,0.2,0.9,0.1,0.1,0.0,0.0,0.0,0.1,0.1,0.0,0.0,0.2,0.0,0.0,0.1,0.1,0.111,0.2,0.111,0.311,0.1392,0.04102,0.00335,0.02801,0.08273,0.01089,0.00698,0.22834,0.0,0.0,0.1161846072924148,0.1108296727206394
695607,Nick McLain,CWS,25,S,,floor,Depth (no MLB PA),default,MiLB (MLE),0,1.0,0.2,0.9,0.1,0.1,0.0,0.0,0.0,0.1,0.1,0.0,0.0,0.2,0.0,0.0,0.1,0.1,0.111,0.2,0.111,0.311,0.13749,0.04441,0.00309,0.02801,0.0841,0.01101,0.00743,0.22948,0.0,0.0,0.1088193213985232,0.1038038519674695
822153,Jeffery Heard,LAA,25,L,,floor,Depth (no MLB PA),default,MiLB (MLE),0,1.0,0.2,0.9,0.1,0.1,0.0,0.0,0.0,0.1,0.1,0.0,0.0,0.2,0.0,0.0,0.1,0.1,0.111,0.2,0.111,0.311,0.13706,0.04196,0.00404,0.02801,0.083,0.01094,0.00718,0.22863,0.0,0.0,0.1055838465145773,0.1007174997316602
821762,Oliver Tejada,SF,25,R,,floor,Depth (no MLB PA),default,MiLB (MLE),0,1.0,0.2,0.9,0.1,0.1,0.0,0.0,0.0,0.1,0.1,0.0,0.0,0.2,0.0,0.0,0.1,0.1,0.111,0.2,0.111,0.311,0.13439,0.04066,0.00311,0.02801,0.08271,0.011,0.00739,0.23118,0.0,0.0,0.1075158000263159,0.1025604097384788
800185,Ruben Santana,ARI,25,R,,floor,Depth (no MLB PA),default,MiLB (MLE),0,1.0,0.2,0.9,0.1,0.1,0.0,0.0,0.0,0.1,0.1,0.0,0.0,0.2,0.0,0.0,0.1,0.1,0.111,0.2,0.111,0.311,0.13843,0.04027,0.00335,0.02803,0.08278,0.01089,0.00698,0.2284,0.0,0.0,0.1186941273191299,0.1132235292712471
701342,Kendrey Maduro,LAA,25,R,,floor,Depth (no MLB PA),default,MiLB (MLE),0,1.0,0.2,0.9,0.1,0.1,0.0,0.0,0.0,0.1,0.1,0.0,0.0,0.2,0.0,0.0,0.1,0.1,0.111,0.2,0.111,0.311,0.1419,0.04276,0.00442,0.02791,0.08169,0.01101,0.00745,0.23019,0.0,0.0,0.1055838465145773,0.1007174997316602
822679,Cort MacDonald,COL,25,L,,floor,Depth (no MLB PA),default,MiLB (MLE),0,1.0,0.2,0.9,0.1,0.1,0.0,0.0,0.0,0.1,0.1,0.0,0.0,0.2,0.0,0.0,0.1,0.1,0.111,0.2,0.111,0.311,0.13941,0.04138,0.00449,0.02791,0.08269,0.01092,0.00708,0.22747,0.0,0.0,0.1055610191013167,0.1006957244311304
670128,Taylor Kohlwey,SD,32,L,LF,floor,Depth (no MLB PA),default,MLB,0,1.0,0.2,0.9,0.1,0.1,0.0,0.0,0.0,0.1,0.1,0.0,0.0,0.2,0.0,0.0,0.1,0.1,0.111,0.2,0.111,0.311,0.13991,0.04113,0.00317,0.02791,0.0774,0.00931,0.0058,0.23815,0.0,0.0,0.1138336372651961,0.1085870586191268
800840,Chase Heath,STL,25,R,,floor,Depth (no MLB PA),default,MiLB (MLE),0,1.0,0.2,0.9,0.1,0.1,0.0,0.0,0.0,0.1,0.1,0.0,0.0,0.2,0.0,0.0,0.1,0.1,0.111,0.2,0.111,0.311,0.14218,0.04009,0.00334,0.02791,0.08261,0.0109,0.00701,0.22831,0.0,0.0,0.1080839852839566,0.103102407405954
825128,Camden Johnson,KC,25,L,,floor,Depth (no MLB PA),default,MiLB (MLE),0,1.0,0.2,0.9,0.1,0.1,0.0,0.0,0.0,0.1,0.1,0.0,0.0,0.2,0.0,0.0,0.1,0.1,0.111,0.2,0.111,0.311,0.1385,0.04009,0.00412,0.02791,0.0828,0.01091,0.00707,0.22885,0.0,0.0,0.1116725028615235,0.1065255306401104
814451,Jakob Christian,SF,25,R,,floor,Depth (no MLB PA),default,MiLB (MLE),5,1.0,0.2,0.9,0.1,0.1,0.0,0.0,0.0,0.1,0.1,0.0,0.0,0.2,0.0,0.0,0.1,0.1,0.111,0.2,0.111,0.311,0.1299,0.04308,0.00342,0.02791,0.08398,0.0111,0.00782,0.2396,0.01658,0.00468,0.1084288853768579,0.1038824812356177
701778,Jace Avina,NYY,25,R,,floor,Depth (no MLB PA),feed:depth,MiLB (MLE),5,1.0,0.2,0.9,0.1,0.1,0.0,0.0,0.0,0.1,0.1,0.0,0.0,0.3,0.0,0.0,0.1,0.1,0.111,0.2,0.111,0.311,0.12391,0.04339,0.00392,0.02791,0.08733,0.01137,0.00886,0.2522,0.01846,0.00522,0.1247291425689449,0.1194992715033348
836582,Luis Hernández,SF,19,R,,floor,Depth (no MLB PA),feed:order+depth,MiLB (MLE),0,1.0,0.2,0.9,0.1,0.1,0.0,0.0,0.0,0.1,0.1,0.0,0.0,0.2,0.0,0.0,0.1,0.1,0.111,0.2,0.111,0.311,0.14002,0.04008,0.00326,0.0279,0.08253,0.01093,0.00714,0.22899,0.0,0.0,0.1075158000263159,0.1025604097384788
815204,Justin Barry,BOS,25,R,,floor,Depth (no MLB PA),default,MiLB (MLE),0,1.0,0.2,0.9,0.1,0.1,0.0,0.0,0.0,0.1,0.1,0.0,0.0,0.2,0.0,0.0,0.1,0.1,0.111,0.2,0.111,0.311,0.13685,0.04138,0.0033,0.02789,0.08296,0.01091,0.00708,0.22872,0.0,0.0,0.1130247042829025,0.1078154092606633
815690,Grady Emerson,TB,19,L,,floor,Depth (no MLB PA),feed:order+depth,MiLB (MLE),0,1.0,0.2,0.9,0.1,0.1,0.0,0.0,0.0,0.1,0.1,0.0,0.0,0.2,0.0,0.0,0.1,0.1,0.111,0.2,0.111,0.311,0.13861,0.04015,0.00375,0.02795,0.08275,0.01089,0.007,0.22806,0.0,0.0,0.1101042122391284,0.1050295223438183
828900,Elliot Lascelles,SD,19,L,,floor,Depth (no MLB PA),feed:order+depth,MiLB (MLE),0,1.0,0.2,0.9,0.1,0.1,0.0,0.0,0.0,0.1,0.1,0.0,0.0,0.2,0.0,0.0,0.1,0.1,0.111,0.2,0.111,0.311,0.14088,0.04181,0.00374,0.02789,0.08271,0.0109,0.00702,0.22789,0.0,0.0,0.1138336372651961,0.1085870586191268
814761,Gabe Camacho,STL,25,L,,floor,Depth (no MLB PA),default,MiLB (MLE),0,1.0,0.2,0.9,0.1,0.1,0.0,0.0,0.0,0.1,0.1,0.0,0.0,0.2,0.0,0.0,0.1,0.1,0.111,0.2,0.111,0.311,0.13936,0.04308,0.0033,0.02789,0.08251,0.01091,0.00708,0.22826,0.0,0.0,0.1080839852839566,0.103102407405954
807275,Dalton Wentz,SF,25,S,,floor,Depth (no MLB PA),default,MiLB (MLE),0,1.0,0.2,0.9,0.1,0.1,0.0,0.0,0.0,0.1,0.1,0.0,0.0,0.2,0.0,0.0,0.1,0.1,0.111,0.2,0.111,0.311,0.13755,0.04311,0.00327,0.02789,0.08286,0.01093,0.00713,0.22905,0.0,0.0,0.1075158000263159,0.1025604097384788
688509,Lyle Miller-Green,PHI,25,R,,floor,Depth (no MLB PA),default,MiLB (MLE),0,1.0,0.2,0.9,0.1,0.1,0.0,0.0,0.0,0.1,0.1,0.0,0.0,0.2,0.0,0.0,0.1,0.1,0.111,0.2,0.111,0.311,0.13878,0.04092,0.00374,0.02788,0.08271,0.0109,0.00702,0.22826,0.0,0.0,0.1161846072924148,0.1108296727206394
693809,Dilan Granadillo,CHC,25,L,,floor,Depth (no MLB PA),default,MiLB (MLE),0,1.0,0.2,0.9,0.1,0.1,0.0,0.0,0.0,0.1,0.1,0.0,0.0,0.2,0.0,0.0,0.1,0.1,0.111,0.2,0.111,0.311,0.13591,0.04005,0.00333,0.02788,0.08281,0.0109,0.00701,0.22862,0.0,0.0,0.1212968604734738,0.1157063027676458
842047,Brayden Martin,TOR,25,L,,floor,Depth (no MLB PA),default,MiLB (MLE),0,1.0,0.2,0.9,0.1,0.1,0.0,0.0,0.0,0.1,0.1,0.0,0.0,0.2,0.0,0.0,0.1,0.1,0.111,0.2,0.111,0.311,0.1393,0.04004,0.00333,0.02788,0.08302,0.0109,0.00702,0.22799,0.0,0.0,0.111041150316571,0.1059232770579959
811633,Yosweld Vasquez,HOU,25,R,,floor,Depth (no MLB PA),default,MiLB (MLE),0,1.0,0.2,0.9,0.1,0.1,0.0,0.0,0.0,0.1,0.1,0.0,0.0,0.2,0.0,0.0,0.1,0.1,0.111,0.2,0.111,0.311,0.14206,0.0416,0.00333,0.02788,0.08271,0.0109,0.00702,0.22818,0.0,0.0,0.1181433850095948,0.1126981706084979
831488,Wyatt Vincent,NYM,25,R,,floor,Depth (no MLB PA),default,MiLB (MLE),0,1.0,0.2,0.9,0.1,0.1,0.0,0.0,0.0,0.1,0.1,0.0,0.0,0.2,0.0,0.0,0.1,0.1,0.111,0.2,0.111,0.311,0.1393,0.04136,0.00333,0.02788,0.08266,0.0109,0.00702,0.22836,0.0,0.0,0.1175263398742655,0.1121095650092184
831004,AJ Soldra,LAD,25,L,,floor,Depth (no MLB PA),default,MiLB (MLE),0,1.0,0.2,0.9,0.1,0.1,0.0,0.0,0.0,0.1,0.1,0.0,0.0,0.2,0.0,0.0,0.1,0.1,0.111,0.2,0.111,0.311,0.13973,0.0409,0.00464,0.02788,0.08225,0.011,0.00741,0.23229,0.0,0.0,0.126104911263755,0.1202927510754662
828202,Bruin Agbayani,NYM,25,L,,floor,Depth (no MLB PA),default,MiLB (MLE),0,1.0,0.2,0.9,0.1,0.1,0.0,0.0,0.0,0.1,0.1,0.0,0.0,0.2,0.0,0.0,0.1,0.1,0.111,0.2,0.111,0.311,0.13882,0.04181,0.00334,0.02789,0.0828,0.0109,0.00702,0.22778,0.0,0.0,0.1175263398742655,0.1121095650092184
702691,Cade Climie,PHI,25,R,,floor,Depth (no MLB PA),default,MiLB (MLE),0,1.0,0.2,0.9,0.1,0.1,0.0,0.0,0.0,0.1,0.1,0.0,0.0,0.2,0.0,0.0,0.1,0.1,0.111,0.2,0.111,0.311,0.14123,0.04102,0.00331,0.02795,0.0826,0.01091,0.00707,0.22821,0.0,0.0,0.1161846072924148,0.1108296727206394
807231,Ryan Wynn,SEA,25,R,,floor,Depth (no MLB PA),default,MiLB (MLE),0,1.0,0.2,0.9,0.1,0.1,0.0,0.0,0.0,0.1,0.1,0.0,0.0,0.2,0.0,0.0,0.1,0.1,0.111,0.2,0.111,0.311,0.13879,0.04103,0.00327,0.02795,0.08275,0.01093,0.00713,0.22907,0.0,0.0,0.1129329803956266,0.1077279129163165
815415,Alex Hernandez,OAK,25,R,,floor,Depth (no MLB PA),feed:order+depth,MiLB (MLE),0,1.0,0.2,0.9,0.1,0.1,0.0,0.0,0.0,0.1,0.1,0.0,0.0,0.2,0.0,0.0,0.1,0.1,0.111,0.2,0.111,0.311,0.13706,0.04057,0.00371,0.02794,0.08256,0.01091,0.00707,0.22872,0.0,0.0,0.112771467234821,0.1075738438776605
691588,Ian Lewis Jr.,MIA,25,S,,floor,Depth (no MLB PA),default,MiLB (MLE),5,1.0,0.2,0.9,0.1,0.1,0.0,0.0,0.0,0.1,0.1,0.0,0.0,0.2,0.0,0.0,0.1,0.1,0.111,0.2,0.111,0.311,0.13087,0.03328,0.00329,0.02794,0.08231,0.01125,0.00838,0.22621,0.02189,0.00616,0.1083028077561248,0.1037616900274031
687526,Marcus Smith,CIN,25,L,,floor,Depth (no MLB PA),default,MiLB (MLE),0,1.0,0.2,0.9,0.1,0.1,0.0,0.0,0.0,0.1,0.1,0.0,0.0,0.2,0.0,0.0,0.1,0.1,0.111,0.2,0.111,0.311,0.13761,0.04013,0.00334,0.02794,0.08287,0.01089,0.007,0.22854,0.0,0.0,0.108761859870781,0.1037490388346277
800506,Luis Sanchez,ATL,25,R,,floor,Depth (no MLB PA),default,MiLB (MLE),0,1.0,0.2,0.9,0.1,0.1,0.0,0.0,0.0,0.1,0.1,0.0,0.0,0.2,0.0,0.0,0.1,0.1,0.111,0.2,0.111,0.311,0.13791,0.04169,0.00334,0.02793,0.08263,0.01089,0.007,0.22819,0.0,0.0,0.1163109310194975,0.1109501742023392
700178,Ryan McCoy,TB,25,L,,floor,Depth (no MLB PA),default,MiLB (MLE),5,1.0,0.2,0.9,0.1,0.1,0.0,0.0,0.0,0.1,0.1,0.0,0.0,0.3,0.0,0.0,0.1,0.1,0.111,0.2,0.111,0.311,0.12874,0.04355,0.00406,0.02793,0.08735,0.01122,0.00826,0.25277,0.01908,0.00538,0.1110392798589936,0.1063834223350814
680753,Adam Hackenberg,TOR,25,R,,floor,Depth (no MLB PA),default,MiLB (MLE),0,1.0,0.2,0.9,0.1,0.1,0.0,0.0,0.0,0.1,0.1,0.0,0.0,0.2,0.0,0.0,0.1,0.1,0.111,0.2,0.111,0.311,0.13692,0.04255,0.00334,0.02793,0.08267,0.01089,0.007,0.22836,0.0,0.0,0.111041150316571,0.1059232770579959
701831,Carson DeMartini,PHI,25,L,,floor,Depth (no MLB PA),feed:order+depth,MiLB (MLE),5,1.0,0.2,0.9,0.1,0.1,0.0,0.0,0.0,0.1,0.1,0.0,0.0,0.2,0.0,0.0,0.1,0.1,0.111,0.2,0.111,0.311,0.13369,0.04053,0.00442,0.02793,0.09163,0.01123,0.00829,0.23811,0.02065,0.00582,0.1171713130868302,0.1122583404854701
666906,Jake Alu,WSH,30,L,LF,floor,Depth (no MLB PA),default,MLB,6,1.0,0.2,0.9,0.1,0.1,0.0,0.0,0.0,0.1,0.1,0.0,0.0,0.2,0.0,0.0,0.1,0.1,0.111,0.2,0.111,0.311,0.13996,0.04114,0.00317,0.02792,0.06984,0.01478,0.00977,0.236,0.01943,0.00545,0.1029016436856599,0.1033068071727541
820989,Kyle Sinzza,ARI,25,R,,floor,Depth (no MLB PA),default,MiLB (MLE),0,1.0,0.2,0.9,0.1,0.1,0.0,0.0,0.0,0.1,0.1,0.0,0.0,0.2,0.0,0.0,0.1,0.1,0.111,0.2,0.111,0.311,0.1385,0.04099,0.00334,0.02792,0.08272,0.01089,0.007,0.22836,0.0,0.0,0.1186941273191299,0.1132235292712471
828074,TJ Ford,LAA,25,S,,floor,Depth (no MLB PA),default,MiLB (MLE),0,1.0,0.2,0.9,0.1,0.1,0.0,0.0,0.0,0.1,0.1,0.0,0.0,0.2,0.0,0.0,0.1,0.1,0.111,0.2,0.111,0.311,0.13797,0.04011,0.00334,0.02792,0.08261,0.01089,0.007,0.22858,0.0,0.0,0.1055838465145773,0.1007174997316602
808060,Yoiber Ocopio,SD,25,R,,floor,Depth (no MLB PA),default,MiLB (MLE),0,1.0,0.2,0.9,0.1,0.1,0.0,0.0,0.0,0.1,0.1,0.0,0.0,0.2,0.0,0.0,0.1,0.1,0.111,0.2,0.111,0.311,0.14198,0.04006,0.00327,0.02792,0.08251,0.01093,0.00713,0.22846,0.0,0.0,0.1138336372651961,0.1085870586191268
687144,Corey Joyce,TEX,25,R,,floor,Depth (no MLB PA),default,MiLB (MLE),5,1.0,0.2,0.9,0.1,0.1,0.0,0.0,0.0,0.1,0.1,0.0,0.0,0.2,0.0,0.0,0.1,0.1,0.111,0.2,0.111,0.311,0.13946,0.03405,0.00212,0.02792,0.08293,0.01129,0.00855,0.24195,0.01808,0.00508,0.1092943456639019,0.1047116529246611
800432,Felix Cotes,TB,25,S,,floor,Depth (no MLB PA),default,MiLB (MLE),0,1.0,0.2,0.9,0.1,0.1,0.0,0.0,0.0,0.1,0.1,0.0,0.0,0.2,0.0,0.0,0.1,0.1,0.111,0.2,0.111,0.311,0.13521,0.04247,0.00334,0.02792,0.08263,0.01089,0.007,0.22842,0.0,0.0,0.1101042122391284,0.1050295223438183
702025,Harry Genth,MIN,25,R,,floor,Depth (no MLB PA),default,MiLB (MLE),0,1.0,0.2,0.9,0.1,0.1,0.0,0.0,0.0,0.1,0.1,0.0,0.0,0.2,0.0,0.0,0.1,0.1,0.111,0.2,0.111,0.311,0.13432,0.04255,0.00334,0.02792,0.08267,0.01089,0.007,0.22854,0.0,0.0,0.113135896968568,0.1079214770888242
827264,Ryan Picollo,SEA,25,R,,floor,Depth (no MLB PA),default,MiLB (MLE),5,1.0,0.2,0.9,0.1,0.1,0.0,0.0,0.0,0.1,0.1,0.0,0.0,0.2,0.0,0.0,0.1,0.1,0.111,0.2,0.111,0.311,0.13178,0.03763,0.003,0.02792,0.0824,0.01103,0.00754,0.23616,0.017,0.0048,0.1138920715242519,0.1091165969463052
800051,Austin Charles,KC,25,R,,floor,Depth (no MLB PA),default,MiLB (MLE),5,1.0,0.2,0.9,0.1,0.1,0.0,0.0,0.0,0.1,0.1,0.0,0.0,0.2,0.0,0.0,0.1,0.1,0.111,0.2,0.111,0.311,0.13879,0.04246,0.00355,0.02792,0.0823,0.01108,0.0077,0.22974,0.01785,0.00503,0.1126208892977148,0.1078987151675124
814158,Cashel Dugger,WSH,25,L,,floor,Depth (no MLB PA),default,MiLB (MLE),0,1.0,0.2,0.9,0.1,0.1,0.0,0.0,0.0,0.1,0.1,0.0,0.0,0.2,0.0,0.0,0.1,0.1,0.111,0.2,0.111,0.311,0.13641,0.04144,0.00375,0.02792,0.08285,0.01089,0.007,0.22826,0.0,0.0,0.1117065380027561,0.1065579971057784
805704,Keaton Anthony,PHI,25,R,,floor,Depth (no MLB PA),default,MiLB (MLE),5,1.0,0.2,0.9,0.1,0.1,0.0,0.0,0.0,0.1,0.1,0.0,0.0,0.2,0.0,0.0,0.1,0.1,0.111,0.2,0.111,0.311,0.14587,0.04137,0.00304,0.02793,0.08739,0.01138,0.00884,0.2178,0.01371,0.00387,0.1171713130868302,0.1122583404854701
