PlayerId,Name,Team,Age,Tier,Role,RoleSource,SP_RP,Origin,IP,G,GS,TBF,H,1B,2B,3B,HR,BB,HBP,SO,ER,R,SV,HLD,ERA,WHIP,K9,BB9,HR9,TBF_per_IP,r_SO,r_BB,r_HBP,r_HR,r_1B,r_2B,r_3B,r_ERA,r_RA9
657277,Logan Webb,SF,30,projected,,,starter,MLB,228.4,0.0,0.0,953.3,225.6,162.9,38.0,4.7,20.0,54.7,7.6,207.4,96.4,103.2,0.0,0.0,3.8,1.23,8.17,2.16,0.79,4.174,0.21751,0.05737,0.008,0.02097,0.17092,0.03986,0.00497,3.79741,4.06575
645261,Sandy Alcantara,MIA,31,projected,,,starter,MLB,215.5,0.0,0.0,909.6,210.3,140.5,41.6,4.0,24.2,62.4,9.1,173.4,99.8,106.8,0.0,0.0,4.17,1.27,7.24,2.61,1.01,4.221,0.19066,0.06858,0.00999,0.02666,0.15448,0.04573,0.00441,4.16652,4.46094
690997,Nolan McLean,NYM,25,projected,,,starter,MLB,210.5,0.0,0.0,885.6,174.6,119.8,33.0,2.8,19.0,81.8,16.0,225.7,84.1,90.0,0.0,0.0,3.59,1.22,9.65,3.5,0.81,4.207,0.25484,0.0924,0.01805,0.02142,0.13523,0.03724,0.00316,3.59469,3.8487
669467,Andre Pallante,STL,28,projected,,,starter,MLB,202.1,0.0,0.0,875.5,205.5,151.6,32.2,3.6,18.1,75.5,5.8,142.7,94.3,101.0,0.0,0.0,4.2,1.39,6.35,3.36,0.81,4.332,0.16294,0.08619,0.00666,0.02067,0.17318,0.03682,0.00408,4.20085,4.4977
700241,Michael McGreevy,STL,26,projected,,,starter,MLB,201.2,0.0,0.0,859.5,214.0,140.9,40.6,3.8,28.7,55.3,4.1,142.2,104.2,111.5,0.0,0.0,4.66,1.34,6.36,2.47,1.28,4.272,0.16546,0.06439,0.00474,0.03336,0.16395,0.04721,0.0044,4.66031,4.98962
669461,Matthew Liberatore,STL,27,projected,,,starter,MLB,191.1,0.0,0.0,825.6,196.8,123.8,39.7,2.9,30.4,65.2,6.9,166.6,102.2,109.4,0.0,0.0,4.81,1.37,7.85,3.07,1.43,4.32,0.20181,0.07901,0.00833,0.03679,0.14999,0.04814,0.00347,4.81132,5.15131
650911,Cristopher Sánchez,PHI,30,projected,,,starter,MLB,188.9,0.0,0.0,775.6,175.3,126.9,30.7,2.0,15.7,44.8,5.1,186.4,72.6,77.8,0.0,0.0,3.46,1.17,8.88,2.13,0.75,4.106,0.24035,0.0578,0.00663,0.02029,0.16358,0.03962,0.00258,3.46002,3.70452
608379,Michael Wacha,KC,35,projected,,,starter,MLB,188.5,0.0,0.0,785.5,176.7,109.2,38.1,4.7,24.7,53.8,5.7,153.4,87.9,94.1,0.0,0.0,4.2,1.22,7.32,2.57,1.18,4.167,0.19534,0.06853,0.00727,0.03142,0.13908,0.04853,0.00603,4.19852,4.49521
694973,Paul Skenes,PIT,25,projected,,,starter,MLB,186.4,0.0,0.0,746.5,145.1,96.7,28.2,2.9,17.3,49.5,9.0,212.1,64.1,68.7,0.0,0.0,3.1,1.04,10.24,2.39,0.84,4.005,0.28408,0.06633,0.01201,0.02322,0.12957,0.03773,0.00386,3.09649,3.3153
640455,Sean Manaea,NYM,35,projected,,,starter,MLB,182.6,0.0,0.0,773.7,171.4,101.6,36.9,2.9,30.0,58.4,12.0,182.3,91.9,98.4,0.0,0.0,4.53,1.26,8.99,2.88,1.48,4.237,0.23557,0.07544,0.01547,0.03883,0.13134,0.04769,0.0037,4.52874,4.84875
664285,Framber Valdez,DET,33,projected,,,starter,MLB,179.2,0.0,0.0,761.2,166.5,117.5,31.2,2.8,15.0,63.2,9.6,165.7,76.5,81.9,0.0,0.0,3.84,1.28,8.32,3.17,0.75,4.248,0.21769,0.08304,0.01258,0.01966,0.15432,0.04096,0.00366,3.84354,4.11513
686613,Hunter Brown,HOU,28,projected,,,starter,MLB,178.9,0.0,0.0,738.7,142.7,104.4,20.8,2.4,15.1,67.7,7.2,192.5,64.1,68.7,0.0,0.0,3.23,1.18,9.68,3.41,0.76,4.129,0.26056,0.09159,0.00976,0.02044,0.14134,0.02815,0.00328,3.22594,3.4539
676979,Garrett Crochet,BOS,28,projected,,,starter,MLB,178.8,0.0,0.0,723.6,148.3,96.5,28.6,2.0,21.2,48.3,6.1,217.1,68.1,72.9,0.0,0.0,3.43,1.1,10.93,2.43,1.07,4.047,0.30004,0.06679,0.00842,0.02932,0.13338,0.03953,0.00272,3.42538,3.66743
656605,Mitch Keller,PIT,31,projected,,,starter,MLB,175.8,0.0,0.0,763.3,181.7,118.4,37.4,3.3,22.6,57.0,12.5,157.1,91.1,97.5,0.0,0.0,4.66,1.36,8.04,2.92,1.16,4.342,0.20576,0.07467,0.01637,0.02957,0.15515,0.04901,0.0043,4.66145,4.99084
669302,Logan Gilbert,SEA,30,projected,,,starter,MLB,175.0,0.0,0.0,705.4,148.7,92.1,28.7,2.0,25.9,41.7,5.2,184.6,71.9,77.0,0.0,0.0,3.7,1.09,9.49,2.14,1.33,4.031,0.26166,0.05912,0.00744,0.03676,0.13063,0.04064,0.00277,3.69867,3.96003
663623,Jake Irvin,WSH,30,projected,,,starter,MLB,174.0,0.0,0.0,754.5,174.6,105.3,33.2,3.5,32.6,65.0,8.2,143.8,97.2,104.1,0.0,0.0,5.03,1.38,7.44,3.36,1.69,4.336,0.19054,0.0861,0.01081,0.04316,0.13959,0.044,0.00459,5.0275,5.38276
702070,Noah Cameron,KC,27,projected,,,starter,MLB,172.4,0.0,0.0,721.7,157.2,102.5,30.3,2.5,21.9,57.5,4.7,149.0,77.4,82.9,0.0,0.0,4.04,1.25,7.78,3.0,1.14,4.186,0.2064,0.07966,0.00658,0.0304,0.14199,0.04199,0.00353,4.04163,4.32722
605488,Jeffrey Springs,OAK,34,projected,,,starter,MLB,171.3,0.0,0.0,724.8,164.1,100.0,33.2,2.2,28.7,57.9,3.7,148.8,86.5,92.7,0.0,0.0,4.55,1.3,7.82,3.04,1.51,4.231,0.20531,0.07988,0.00513,0.03966,0.13794,0.04574,0.00309,4.54668,4.86796
693433,Bryan Woo,SEA,27,projected,,,starter,MLB,170.3,0.0,0.0,687.7,146.8,97.2,28.2,2.1,19.3,38.0,6.8,166.3,66.0,70.7,0.0,0.0,3.49,1.09,8.79,2.01,1.02,4.038,0.24175,0.05528,0.00992,0.02805,0.14136,0.04103,0.00299,3.48925,3.73581
694738,Landen Roupp,SF,28,projected,,,starter,MLB,170.1,0.0,0.0,732.3,153.2,104.2,31.7,3.1,14.2,78.3,5.2,155.6,75.1,80.4,0.0,0.0,3.97,1.36,8.23,4.14,0.75,4.305,0.21253,0.10696,0.00707,0.01933,0.14232,0.0433,0.0043,3.9709,4.2515
607625,Seth Lugo,KC,37,projected,,,starter,MLB,169.7,0.0,0.0,726.7,172.7,107.8,34.6,3.9,26.4,52.3,7.3,147.5,89.0,95.3,0.0,0.0,4.72,1.33,7.82,2.77,1.4,4.282,0.20298,0.07202,0.01002,0.03637,0.1483,0.04766,0.00532,4.72189,5.05556
669923,George Kirby,SEA,29,projected,,,starter,MLB,168.9,0.0,0.0,696.9,165.4,114.0,30.4,2.6,18.4,33.5,6.0,155.1,72.4,77.6,0.0,0.0,3.86,1.18,8.26,1.79,0.98,4.126,0.22262,0.04802,0.00864,0.02641,0.16357,0.04364,0.00373,3.85976,4.13251
608331,Max Fried,NYY,33,projected,,,starter,MLB,167.8,0.0,0.0,681.9,140.6,102.7,24.5,1.6,11.8,46.6,5.9,157.5,58.2,62.3,0.0,0.0,3.12,1.12,8.45,2.5,0.63,4.064,0.23096,0.0684,0.00863,0.01731,0.15062,0.03596,0.00235,3.12183,3.34243
666200,Jesús Luzardo,PHI,29,projected,,,starter,MLB,167.3,0.0,0.0,686.4,140.2,98.1,24.2,1.8,16.1,53.1,5.9,188.5,62.4,66.8,0.0,0.0,3.36,1.16,10.14,2.86,0.87,4.103,0.27456,0.07732,0.00855,0.02344,0.14286,0.03526,0.00258,3.35839,3.59571
642547,Freddy Peralta,TB,31,projected,,,starter,MLB,166.5,0.0,0.0,694.8,139.8,90.7,26.7,2.5,19.9,62.0,8.1,177.8,69.8,74.7,0.0,0.0,3.77,1.21,9.61,3.35,1.08,4.173,0.25592,0.08917,0.01161,0.02861,0.13056,0.03836,0.00359,3.77381,4.04048
677952,Braxton Ashcraft,PIT,27,projected,,,starter,MLB,166.4,0.0,0.0,679.4,143.6,102.5,23.5,2.0,15.6,44.4,6.6,166.3,62.2,66.6,0.0,0.0,3.36,1.13,8.99,2.4,0.84,4.083,0.24476,0.06542,0.00974,0.02296,0.15081,0.03464,0.00296,3.36192,3.59949
669373,Tarik Skubal,LAD,30,projected,,,starter,MLB,166.1,0.0,0.0,656.8,134.2,92.6,24.3,2.1,15.2,33.4,5.4,191.5,54.9,58.8,0.0,0.0,2.98,1.01,10.38,1.81,0.82,3.954,0.29162,0.0508,0.0082,0.02309,0.14103,0.03704,0.00319,2.97558,3.18585
579328,Yusei Kikuchi,LAA,36,projected,,,starter,MLB,165.9,0.0,0.0,710.2,160.2,96.5,36.5,2.4,24.8,61.6,5.2,172.2,84.0,90.0,0.0,0.0,4.56,1.34,9.34,3.34,1.35,4.281,0.24248,0.08674,0.00735,0.03489,0.13586,0.05142,0.00334,4.55873,4.88087
622663,Luis Severino,OAK,33,projected,,,starter,MLB,165.6,0.0,0.0,717.0,164.5,111.6,29.4,2.4,21.1,59.4,10.8,147.1,82.1,87.9,0.0,0.0,4.46,1.35,7.99,3.23,1.15,4.33,0.20513,0.08279,0.01507,0.02948,0.15566,0.04097,0.00328,4.46114,4.77638
607536,Kyle Freeland,COL,34,projected,,,starter,MLB,165.2,0.0,0.0,721.1,190.4,117.9,40.1,4.3,28.1,42.4,7.0,121.0,98.0,104.9,0.0,0.0,5.34,1.41,6.59,2.31,1.53,4.365,0.16786,0.05877,0.00977,0.03897,0.16349,0.05567,0.00599,5.33818,5.71539
605400,Aaron Nola,PHI,34,projected,,,starter,MLB,163.9,0.0,0.0,673.3,148.4,92.7,27.1,2.8,25.8,43.7,3.8,164.0,73.8,79.0,0.0,0.0,4.05,1.17,9.01,2.4,1.42,4.108,0.24351,0.06495,0.00558,0.03827,0.13767,0.04031,0.00419,4.05206,4.33839
607074,Carlos Rodón,NYY,34,projected,,,starter,MLB,163.5,0.0,0.0,672.1,128.6,83.4,23.3,1.7,20.2,60.5,6.8,176.3,64.2,68.7,0.0,0.0,3.53,1.16,9.7,3.33,1.11,4.111,0.26231,0.09004,0.01006,0.03002,0.12409,0.0347,0.0025,3.53141,3.78095
543243,Sonny Gray,BOS,37,projected,,,starter,MLB,162.3,0.0,0.0,669.2,147.8,97.5,30.4,3.1,16.8,43.8,4.8,164.7,67.3,72.1,0.0,0.0,3.73,1.18,9.13,2.43,0.93,4.123,0.24607,0.06546,0.00714,0.02505,0.14576,0.0454,0.00463,3.73271,3.99648
669358,Shane Baz,BAL,28,projected,,,starter,MLB,161.9,0.0,0.0,689.4,150.8,96.7,33.2,2.5,18.4,59.5,7.4,149.6,75.3,80.7,0.0,0.0,4.19,1.3,8.32,3.31,1.02,4.258,0.21698,0.08633,0.01071,0.02673,0.14026,0.04818,0.00365,4.18757,4.48348
676917,Cade Cavalli,WSH,28,projected,,,starter,MLB,160.8,0.0,0.0,677.1,143.8,102.2,22.3,2.6,16.7,48.8,16.1,169.7,67.4,72.2,0.0,0.0,3.77,1.2,9.5,2.73,0.93,4.211,0.25061,0.07208,0.02379,0.02469,0.15094,0.03289,0.00382,3.77204,4.03859
691587,Eury Pérez,MIA,24,projected,,,starter,MLB,160.3,0.0,0.0,672.0,134.5,77.1,30.6,4.2,22.6,63.3,7.3,172.3,73.4,78.6,0.0,0.0,4.12,1.23,9.67,3.55,1.27,4.192,0.25644,0.0942,0.01085,0.03361,0.11471,0.04547,0.00632,4.12208,4.41336
696149,Bubba Chandler,PIT,24,projected,,,starter,MLB,160.1,0.0,0.0,687.0,140.2,94.1,27.5,2.9,15.7,71.7,8.7,144.7,71.1,76.1,0.0,0.0,4.0,1.32,8.13,4.03,0.88,4.291,0.21067,0.10437,0.01268,0.02291,0.13695,0.03998,0.00421,3.99556,4.2779
607259,Nick Martinez,TB,36,projected,,,starter,MLB,159.8,0.0,0.0,664.9,156.4,104.0,30.6,2.4,19.4,38.0,5.0,120.2,72.8,77.9,0.0,0.0,4.1,1.22,6.77,2.14,1.09,4.161,0.18084,0.05715,0.00755,0.02912,0.15643,0.04603,0.00367,4.09906,4.38872
693645,Cam Schlittler,NYY,26,projected,,,starter,MLB,159.7,0.0,0.0,648.1,126.2,86.7,24.4,1.7,13.4,49.8,6.9,185.9,55.4,59.3,0.0,0.0,3.12,1.1,10.48,2.81,0.76,4.058,0.28677,0.07678,0.01064,0.02064,0.13382,0.0377,0.00259,3.12218,3.3428
680730,Mitchell Parker,WSH,27,projected,,,starter,MLB,159.6,0.0,0.0,694.9,173.0,106.5,35.2,2.8,28.5,53.1,3.9,121.5,91.8,98.3,0.0,0.0,5.18,1.42,6.85,2.99,1.61,4.354,0.17479,0.07638,0.00557,0.04101,0.15323,0.05072,0.00403,5.17626,5.54203
608372,Tomoyuki Sugano,COL,37,projected,,,starter,MLB,158.7,0.0,0.0,686.4,177.8,106.2,34.1,4.3,33.2,40.3,5.9,107.6,96.2,103.0,0.0,0.0,5.46,1.37,6.1,2.29,1.88,4.325,0.1567,0.05872,0.0086,0.04836,0.15478,0.04969,0.00627,5.45743,5.84307
663567,Peter Lambert,HOU,30,projected,,,starter,MLB,158.6,0.0,0.0,673.1,141.1,95.5,24.9,2.9,17.8,60.1,9.8,141.3,70.4,75.4,0.0,0.0,3.99,1.27,8.02,3.41,1.01,4.244,0.20988,0.08934,0.01454,0.02649,0.14188,0.03702,0.00436,3.9948,4.27708
656876,Drew Rasmussen,TB,31,projected,,,starter,MLB,157.2,0.0,0.0,636.0,136.1,95.8,24.3,1.9,14.1,37.1,5.0,149.1,57.6,61.6,0.0,0.0,3.3,1.1,8.54,2.12,0.81,4.046,0.2345,0.05834,0.00782,0.02211,0.15064,0.03813,0.00295,3.29573,3.52862
671096,Andrew Abbott,CIN,28,projected,,,starter,MLB,156.3,0.0,0.0,661.8,145.8,95.1,27.6,2.4,20.7,58.9,1.8,133.7,73.2,78.3,0.0,0.0,4.21,1.31,7.7,3.39,1.19,4.234,0.20208,0.08897,0.00277,0.03131,0.14364,0.04177,0.00357,4.21281,4.5105
668678,Zac Gallen,ARI,31,projected,,,starter,MLB,155.0,0.0,0.0,655.5,149.0,93.9,28.6,3.3,23.2,49.3,5.7,143.5,76.0,81.4,0.0,0.0,4.41,1.28,8.33,2.86,1.35,4.229,0.21894,0.0752,0.00862,0.03533,0.14329,0.04356,0.00511,4.4119,4.72366
808967,Yoshinobu Yamamoto,LAD,28,projected,,,starter,MLB,155.0,0.0,0.0,621.9,121.3,81.3,24.3,2.0,13.7,44.9,4.1,164.7,53.3,57.0,0.0,0.0,3.09,1.07,9.56,2.61,0.8,4.012,0.26482,0.07222,0.00662,0.02198,0.13076,0.03915,0.0032,3.09234,3.31086
672282,Reid Detmers,LAA,27,projected,,,starter,MLB,154.5,0.0,0.0,642.9,131.4,85.7,25.7,1.9,18.1,53.7,7.7,168.9,64.2,68.8,0.0,0.0,3.74,1.2,9.84,3.13,1.05,4.161,0.26271,0.08346,0.0119,0.0281,0.13333,0.04004,0.00303,3.74249,4.00695
686752,Ryan Pepiot,TB,29,projected,,,starter,MLB,154.4,0.0,0.0,646.2,129.4,80.4,26.4,2.7,19.9,58.8,8.1,157.3,67.4,72.2,0.0,0.0,3.93,1.22,9.17,3.43,1.16,4.185,0.24339,0.09101,0.01259,0.03086,0.12449,0.04083,0.00411,3.92867,4.20628
671737,Taj Bradley,MIN,26,projected,,,starter,MLB,153.2,0.0,0.0,644.4,134.6,83.2,27.8,2.7,20.9,60.2,3.4,160.0,69.7,74.6,0.0,0.0,4.09,1.27,9.4,3.54,1.23,4.206,0.24837,0.09337,0.00534,0.0324,0.12913,0.04312,0.00413,4.09359,4.38286
605135,Chris Bassitt,BAL,38,projected,,,starter,MLB,152.4,0.0,0.0,659.7,151.9,108.5,25.8,2.0,15.6,51.9,12.0,137.6,71.9,77.0,0.0,0.0,4.24,1.34,8.13,3.06,0.92,4.329,0.20853,0.07863,0.01813,0.0237,0.16442,0.03917,0.0031,4.24446,4.54439
656427,Jack Flaherty,DET,31,projected,,,starter,MLB,152.0,0.0,0.0,646.8,137.1,87.3,27.6,2.1,20.1,58.2,8.6,165.4,70.6,75.6,0.0,0.0,4.18,1.28,9.79,3.45,1.19,4.255,0.25575,0.09003,0.01323,0.03107,0.13499,0.0427,0.0033,4.17883,4.47412
663903,Brady Singer,CIN,30,projected,,,starter,MLB,151.8,0.0,0.0,658.7,154.3,97.5,31.1,3.2,22.5,51.1,11.0,134.1,80.7,86.4,0.0,0.0,4.79,1.35,7.95,3.03,1.33,4.339,0.20361,0.07762,0.0167,0.03417,0.14807,0.04721,0.00492,4.78616,5.12437
571945,Miles Mikolas,WSH,38,projected,,,starter,MLB,151.7,0.0,0.0,640.8,162.8,96.4,34.5,3.4,28.5,31.6,4.5,100.3,84.8,90.8,0.0,0.0,5.03,1.28,5.95,1.87,1.69,4.224,0.1565,0.04926,0.007,0.04454,0.15048,0.0539,0.00523,5.03128,5.38681
622491,Luis Castillo,CWS,34,projected,,,starter,MLB,151.4,0.0,0.0,637.1,145.1,94.6,26.8,2.2,21.5,44.9,6.0,145.2,71.4,76.5,0.0,0.0,4.25,1.25,8.63,2.67,1.28,4.208,0.2279,0.07055,0.00948,0.03368,0.14847,0.04213,0.00353,4.24581,4.54584
669432,Trevor Rogers,BAL,29,projected,,,starter,MLB,150.9,0.0,0.0,626.4,133.9,92.0,23.9,2.1,15.9,48.0,4.9,133.1,62.3,66.7,0.0,0.0,3.71,1.21,7.94,2.86,0.95,4.151,0.21244,0.0766,0.00789,0.02543,0.14682,0.0381,0.00342,3.71335,3.97575
592332,Kevin Gausman,CHC,36,projected,,,starter,MLB,150.3,0.0,0.0,616.2,135.9,88.4,26.2,2.5,18.8,40.7,1.8,152.6,63.3,67.8,0.0,0.0,3.79,1.17,9.14,2.44,1.13,4.1,0.24766,0.06599,0.0029,0.03044,0.14353,0.04256,0.00403,3.7908,4.05868
694819,Jacob Misiorowski,MIL,25,projected,,,starter,MLB,150.2,0.0,0.0,600.3,106.4,72.2,19.1,1.9,13.2,48.6,7.8,200.5,47.1,50.5,0.0,0.0,2.82,1.03,12.01,2.91,0.79,3.997,0.33404,0.08088,0.01299,0.02201,0.1202,0.03182,0.00324,2.82404,3.02359
676440,Tanner Bibee,CLE,28,projected,,,starter,MLB,150.0,0.0,0.0,628.4,139.4,87.9,26.7,2.7,22.1,45.2,6.8,135.7,70.7,75.7,0.0,0.0,4.24,1.23,8.14,2.71,1.33,4.189,0.21592,0.07188,0.01084,0.03523,0.13995,0.04247,0.00422,4.24395,4.54384
434378,Justin Verlander,DET,44,projected,,,starter,MLB,149.7,0.0,0.0,628.0,142.3,88.4,31.5,3.1,19.3,43.5,6.1,135.2,70.5,75.5,0.0,0.0,4.24,1.24,8.13,2.62,1.16,4.195,0.21535,0.0693,0.00973,0.03078,0.14074,0.0501,0.00496,4.24143,4.54115
593958,Eduardo Rodriguez,ARI,34,projected,,,starter,MLB,149.4,0.0,0.0,635.1,145.0,94.6,27.1,3.0,20.3,52.9,2.1,125.0,72.5,77.6,0.0,0.0,4.37,1.32,7.53,3.19,1.22,4.251,0.19676,0.08331,0.00325,0.03196,0.14889,0.04273,0.00469,4.3662,4.67474
694297,Brandon Pfaadt,ARI,28,projected,,,starter,MLB,148.1,0.0,0.0,618.3,145.0,95.3,27.9,3.2,18.6,35.6,6.3,123.7,68.7,73.5,0.0,0.0,4.17,1.22,7.52,2.16,1.13,4.175,0.20005,0.05758,0.01022,0.03013,0.1541,0.04517,0.00513,4.1728,4.46767
800048,Parker Messick,CLE,26,projected,,,starter,MLB,147.7,0.0,0.0,601.9,129.0,88.9,22.7,2.0,15.4,39.7,3.0,146.7,57.0,61.0,0.0,0.0,3.47,1.14,8.94,2.42,0.94,4.075,0.24381,0.0659,0.00504,0.02555,0.14769,0.03772,0.00329,3.47392,3.7194
657746,Joe Ryan,MIN,31,projected,,,starter,MLB,147.0,0.0,0.0,593.6,122.2,70.9,27.1,2.5,21.7,34.2,8.9,156.1,61.8,66.1,0.0,0.0,3.78,1.06,9.56,2.09,1.33,4.038,0.2629,0.05757,0.01503,0.03656,0.11947,0.04571,0.00426,3.78149,4.0487
554430,Zack Wheeler,PHI,37,projected,,,starter,MLB,146.5,0.0,0.0,583.7,113.2,74.0,21.6,1.8,15.8,37.4,6.3,165.0,51.0,54.6,0.0,0.0,3.13,1.03,10.14,2.3,0.97,3.984,0.28264,0.0641,0.01084,0.02709,0.1267,0.03696,0.00312,3.13434,3.35583
665152,Dean Kremer,MIN,31,projected,,,starter,MLB,145.7,0.0,0.0,609.6,134.9,84.0,24.7,2.9,23.3,46.7,3.6,125.7,69.9,74.8,0.0,0.0,4.32,1.25,7.76,2.88,1.44,4.184,0.20624,0.07661,0.00585,0.03815,0.13773,0.0406,0.00479,4.31706,4.62212
641793,Zack Littell,ARI,31,projected,,,starter,MLB,143.8,0.0,0.0,611.9,154.2,92.4,31.1,3.1,27.6,33.7,5.0,107.7,81.0,86.8,0.0,0.0,5.07,1.31,6.74,2.11,1.73,4.255,0.17607,0.05506,0.0082,0.04508,0.15108,0.05083,0.00514,5.07189,5.43029
680732,Sean Burke,CWS,27,projected,,,starter,MLB,143.6,0.0,0.0,612.7,129.6,77.5,28.8,2.8,20.5,58.0,6.8,145.7,70.0,74.9,0.0,0.0,4.39,1.31,9.13,3.64,1.28,4.267,0.23782,0.09469,0.01108,0.03345,0.12646,0.04705,0.00464,4.38532,4.69521
678394,Brayan Bello,BOS,28,projected,,,starter,MLB,142.7,0.0,0.0,622.2,146.7,103.7,25.7,2.0,15.3,51.2,8.7,119.2,70.2,75.1,0.0,0.0,4.43,1.39,7.52,3.23,0.96,4.36,0.19156,0.08228,0.01396,0.02453,0.16661,0.04137,0.00317,4.42501,4.73769
668909,Gavin Williams,CLE,27,projected,,,starter,MLB,142.0,0.0,0.0,601.5,123.5,77.5,23.7,2.3,20.0,59.6,4.7,161.6,65.0,69.6,0.0,0.0,4.12,1.29,10.24,3.78,1.27,4.236,0.26864,0.09915,0.00784,0.03328,0.12877,0.03946,0.00389,4.12136,4.41259
669022,MacKenzie Gore,TEX,28,projected,,,starter,MLB,142.0,0.0,0.0,608.0,130.1,85.3,26.6,1.6,16.6,58.5,5.7,147.3,65.4,70.0,0.0,0.0,4.15,1.33,9.34,3.71,1.05,4.282,0.24223,0.09626,0.00944,0.02732,0.14024,0.04376,0.0027,4.14644,4.43944
680694,Kyle Bradish,BAL,30,projected,,,starter,MLB,141.3,0.0,0.0,599.8,127.7,86.3,22.0,1.9,17.5,54.1,6.3,141.3,63.4,67.9,0.0,0.0,4.04,1.29,9.0,3.45,1.11,4.245,0.23552,0.09026,0.01056,0.02918,0.1439,0.03671,0.00315,4.04002,4.32551
672456,Keider Montero,DET,26,projected,,,starter,MLB,141.2,0.0,0.0,592.5,134.1,83.7,27.1,2.4,20.9,42.3,4.8,106.7,68.4,73.2,0.0,0.0,4.36,1.25,6.8,2.7,1.33,4.196,0.18004,0.07141,0.00807,0.03523,0.14126,0.04574,0.00413,4.35813,4.66609
656302,Dylan Cease,TOR,31,projected,,,starter,MLB,140.9,0.0,0.0,583.9,110.5,74.2,21.4,1.7,13.2,59.4,3.6,172.3,52.5,56.2,0.0,0.0,3.35,1.21,11.01,3.79,0.84,4.144,0.29516,0.10174,0.00621,0.02256,0.12702,0.03665,0.00283,3.35416,3.59118
518876,Merrill Kelly,ARI,38,projected,,,starter,MLB,140.6,0.0,0.0,603.3,140.6,88.8,25.9,3.6,22.3,50.4,2.7,124.3,73.2,78.4,0.0,0.0,4.69,1.36,7.96,3.23,1.43,4.291,0.20598,0.08357,0.00453,0.03693,0.14725,0.04289,0.00594,4.68851,5.01982
687064,Brandon Young,BAL,28,projected,,,starter,MLB,139.5,0.0,0.0,599.4,136.1,86.7,25.7,2.3,21.4,54.1,3.0,117.1,71.2,76.2,0.0,0.0,4.59,1.36,7.55,3.49,1.38,4.297,0.19544,0.09028,0.00497,0.03567,0.14462,0.04281,0.00377,4.59401,4.91864
650633,Michael King,SD,32,projected,,,starter,MLB,139.2,0.0,0.0,584.2,120.2,78.0,22.1,2.0,18.1,51.3,7.2,142.5,61.0,65.4,0.0,0.0,3.95,1.23,9.21,3.32,1.17,4.197,0.24398,0.08788,0.01224,0.03106,0.13344,0.03791,0.00337,3.94657,4.22545
695505,Chase Burns,CIN,24,projected,,,starter,MLB,139.2,0.0,0.0,572.4,114.7,73.4,21.4,2.5,17.4,50.9,1.2,163.4,56.2,60.1,0.0,0.0,3.63,1.19,10.56,3.29,1.12,4.112,0.28548,0.08894,0.00215,0.03047,0.1282,0.03735,0.00442,3.63042,3.88695
684007,Shota Imanaga,CHC,33,projected,,,starter,MLB,139.1,0.0,0.0,561.1,123.8,69.6,26.0,2.1,26.1,28.8,3.3,129.1,64.5,69.1,0.0,0.0,4.18,1.1,8.35,1.86,1.69,4.034,0.23008,0.05132,0.00595,0.04646,0.12412,0.04637,0.00371,4.17526,4.4703
669372,J.T. Ginn,OAK,28,projected,,,starter,MLB,138.7,0.0,0.0,590.0,124.3,82.4,22.0,1.5,18.4,52.6,9.0,128.6,63.8,68.3,0.0,0.0,4.14,1.28,8.34,3.41,1.19,4.254,0.21792,0.0892,0.01533,0.03122,0.13961,0.03734,0.00253,4.13966,4.43218
667755,José Soriano,TOR,28,projected,,,starter,MLB,137.8,0.0,0.0,602.3,130.5,93.8,21.2,1.8,13.7,61.8,8.6,130.9,64.1,68.6,0.0,0.0,4.19,1.4,8.55,4.04,0.89,4.371,0.21736,0.10258,0.01435,0.0228,0.15581,0.03512,0.00297,4.18515,4.48089
656492,Foster Griffin,CLE,31,projected,,,starter,MLB,137.5,0.0,0.0,581.2,131.8,88.7,25.4,1.8,15.9,40.3,8.5,124.2,62.8,67.3,0.0,0.0,4.11,1.25,8.13,2.64,1.04,4.227,0.21367,0.06937,0.0146,0.02734,0.15264,0.0437,0.00316,4.11343,4.4041
624133,Ranger Suarez,BOS,31,projected,,,starter,MLB,137.2,0.0,0.0,578.6,131.2,93.0,24.0,1.7,12.5,43.4,4.3,126.6,58.7,62.9,0.0,0.0,3.85,1.27,8.3,2.85,0.82,4.217,0.21883,0.07507,0.00739,0.02156,0.16072,0.04153,0.00295,3.85148,4.12364
601713,Nick Pivetta,SD,34,projected,,,starter,MLB,137.1,0.0,0.0,556.1,110.7,66.3,21.6,2.1,20.7,42.7,3.3,146.4,56.6,60.6,0.0,0.0,3.72,1.12,9.61,2.8,1.36,4.056,0.26332,0.07677,0.00597,0.03723,0.11921,0.03891,0.0037,3.71836,3.98111
519242,Chris Sale,ATL,38,projected,,,starter,MLB,137.0,0.0,0.0,554.3,111.7,77.3,21.8,1.6,11.0,33.1,10.4,165.6,47.5,50.9,0.0,0.0,3.12,1.06,10.88,2.17,0.72,4.046,0.29878,0.05971,0.01884,0.01986,0.13941,0.0393,0.00285,3.12057,3.34108
641743,Anthony Kay,CWS,32,projected,,,starter,MLB,136.9,0.0,0.0,607.4,136.5,88.7,27.9,2.1,17.8,50.8,21.4,112.6,73.5,78.7,0.0,0.0,4.83,1.37,7.4,3.34,1.17,4.437,0.18541,0.08366,0.03526,0.02929,0.14595,0.0459,0.00343,4.83389,5.17547
682990,Quinn Priester,MIL,26,projected,,,starter,MLB,136.7,0.0,0.0,589.2,135.8,91.3,26.7,2.0,15.8,48.6,6.5,110.0,66.7,71.5,0.0,0.0,4.39,1.35,7.24,3.2,1.04,4.31,0.18676,0.08241,0.01109,0.0269,0.155,0.04526,0.00347,4.39438,4.70491
592662,Robbie Ray,SD,35,projected,,,starter,MLB,136.6,0.0,0.0,582.5,119.4,76.0,23.7,2.1,17.6,60.4,4.8,135.1,62.8,67.2,0.0,0.0,4.14,1.32,8.9,3.98,1.16,4.264,0.23185,0.10375,0.00827,0.03015,0.13043,0.04066,0.00359,4.13661,4.42891
666157,Nick Lodolo,CIN,29,projected,,,starter,MLB,135.9,0.0,0.0,583.6,124.3,82.5,21.1,1.9,18.8,43.9,19.4,132.5,65.1,69.7,0.0,0.0,4.31,1.24,8.77,2.91,1.25,4.294,0.22709,0.07523,0.0332,0.0322,0.14143,0.03617,0.00334,4.31417,4.61903
571510,Matthew Boyd,CHC,36,projected,,,starter,MLB,135.6,0.0,0.0,571.1,127.4,86.7,22.9,1.8,16.0,41.9,7.0,119.6,60.8,65.1,0.0,0.0,4.03,1.25,7.94,2.78,1.06,4.212,0.20939,0.07336,0.01217,0.02795,0.15176,0.04017,0.00307,4.03369,4.31872
594798,Jacob deGrom,TEX,39,projected,,,starter,MLB,135.6,0.0,0.0,542.3,111.6,70.2,22.0,1.9,17.5,33.6,2.1,158.4,51.6,55.2,0.0,0.0,3.42,1.07,10.51,2.23,1.16,3.999,0.29204,0.06187,0.00389,0.03223,0.12952,0.04057,0.0035,3.42355,3.66547
693821,Bryce Elder,ATL,28,projected,,,starter,MLB,134.6,0.0,0.0,580.8,136.1,91.8,23.1,2.3,18.9,47.4,5.3,109.4,68.3,73.1,0.0,0.0,4.56,1.36,7.32,3.17,1.26,4.315,0.18832,0.08158,0.00908,0.03262,0.15801,0.03979,0.00391,4.56394,4.88644
700712,Walbert Ureña,LAA,23,projected,,,starter,MLB,134.1,0.0,0.0,575.3,116.0,82.5,20.1,2.0,11.4,60.4,8.2,127.5,56.5,60.5,0.0,0.0,3.79,1.32,8.56,4.05,0.77,4.29,0.22165,0.10498,0.01434,0.01987,0.1434,0.03495,0.00343,3.79422,4.06234
605288,Adrian Houser,SF,34,projected,,,starter,MLB,133.5,0.0,0.0,577.1,135.7,90.3,27.6,2.8,15.0,47.6,5.1,97.9,66.7,71.4,0.0,0.0,4.5,1.37,6.6,3.21,1.01,4.323,0.1697,0.08241,0.00879,0.02591,0.15643,0.04784,0.00482,4.49571,4.8134
673540,Kodai Senga,NYM,34,projected,,,starter,MLB,132.5,0.0,0.0,571.5,113.5,68.9,23.9,2.2,18.5,66.8,5.2,144.2,63.4,67.9,0.0,0.0,4.31,1.36,9.79,4.54,1.26,4.313,0.25231,0.1169,0.00912,0.03237,0.12051,0.04188,0.00381,4.30623,4.61052
621244,José Berríos,TOR,33,projected,,,starter,MLB,132.4,0.0,0.0,564.0,130.2,82.8,23.6,2.1,21.7,40.6,7.6,114.2,67.6,72.4,0.0,0.0,4.6,1.29,7.76,2.76,1.48,4.26,0.20252,0.07207,0.0135,0.03846,0.14674,0.04179,0.00368,4.59532,4.92005
681035,Christian Scott,NYM,28,projected,,,starter,MLB,132.1,0.0,0.0,561.7,117.1,77.4,21.7,1.9,16.1,50.8,9.1,139.9,59.2,63.4,0.0,0.0,4.04,1.27,9.53,3.46,1.1,4.252,0.24913,0.09039,0.0162,0.02859,0.13771,0.03866,0.00336,4.03533,4.32048
500779,Jose Quintana,COL,38,projected,,,starter,MLB,131.1,0.0,0.0,565.4,130.4,87.1,21.8,2.0,19.5,48.2,4.9,99.1,66.9,71.6,0.0,0.0,4.59,1.36,6.8,3.31,1.34,4.313,0.1752,0.08529,0.00873,0.0345,0.1541,0.03854,0.00346,4.58974,4.91407
641927,Bailey Ober,MIN,31,projected,,,starter,MLB,130.9,0.0,0.0,537.2,119.2,68.7,25.0,2.2,23.3,32.2,4.5,114.7,62.7,67.2,0.0,0.0,4.31,1.16,7.89,2.21,1.6,4.104,0.21346,0.05991,0.00843,0.0434,0.12781,0.04659,0.00407,4.31316,4.61794
656849,David Peterson,CHC,31,projected,,,starter,MLB,130.9,0.0,0.0,575.3,132.1,93.2,25.4,2.0,11.5,55.5,6.4,124.1,63.1,67.6,0.0,0.0,4.34,1.43,8.53,3.82,0.79,4.395,0.21577,0.0964,0.01116,0.01997,0.16201,0.04416,0.00352,4.33908,4.6457
801139,Payton Tolle,BOS,24,projected,,,starter,MLB,130.9,0.0,0.0,536.0,109.9,71.3,24.7,1.7,12.2,39.9,5.0,141.3,50.4,53.9,0.0,0.0,3.46,1.14,9.72,2.74,0.84,4.095,0.26368,0.07442,0.00932,0.02275,0.13294,0.04611,0.00311,3.46307,3.70778
682052,Jacob Lopez,OAK,29,projected,,,starter,MLB,130.8,0.0,0.0,560.3,115.2,70.7,23.2,1.4,19.9,55.6,8.6,124.9,63.7,68.2,0.0,0.0,4.38,1.31,8.59,3.83,1.37,4.284,0.22298,0.09915,0.01529,0.0356,0.1261,0.04135,0.00257,4.38292,4.69263
676282,Joey Cantillo,CLE,27,projected,,,starter,MLB,129.4,0.0,0.0,553.8,113.3,73.6,22.2,1.7,15.8,60.6,2.9,137.0,58.7,62.8,0.0,0.0,4.08,1.34,9.53,4.21,1.1,4.28,0.24731,0.1095,0.00529,0.02848,0.13295,0.04013,0.00301,4.08134,4.36975
663372,Ryan Feltner,COL,30,projected,,,starter,MLB,128.9,0.0,0.0,557.5,126.7,81.3,22.3,3.5,19.6,50.7,4.6,103.2,67.3,72.0,0.0,0.0,4.7,1.38,7.21,3.54,1.37,4.325,0.1852,0.09094,0.00828,0.03518,0.14575,0.04006,0.00626,4.69577,5.02759
542881,Tyler Anderson,LAA,37,projected,,,starter,MLB,128.3,0.0,0.0,550.9,123.1,70.8,25.0,2.0,25.3,48.6,5.4,101.4,70.6,75.6,0.0,0.0,4.96,1.34,7.11,3.41,1.77,4.294,0.18406,0.08813,0.00989,0.04585,0.1285,0.04547,0.0037,4.95569,5.30588
663978,Chris Paddack,TEX,31,projected,,,starter,MLB,128.2,0.0,0.0,542.8,132.9,83.8,26.4,2.4,20.3,33.4,2.9,96.9,66.5,71.2,0.0,0.0,4.67,1.3,6.8,2.34,1.43,4.234,0.17861,0.06162,0.00532,0.03743,0.15445,0.04872,0.00437,4.67072,5.00078
676083,Janson Junk,MIA,31,projected,,,starter,MLB,126.5,0.0,0.0,532.1,129.2,86.3,24.3,2.9,15.7,30.2,4.1,94.0,60.7,65.0,0.0,0.0,4.32,1.26,6.69,2.15,1.12,4.206,0.17673,0.05679,0.00777,0.02949,0.1622,0.04571,0.00552,4.31766,4.62276
641816,Tyler Mahle,ATL,32,projected,,,starter,MLB,125.9,0.0,0.0,525.0,114.2,77.5,19.9,2.6,14.2,41.9,2.2,114.3,54.0,57.8,0.0,0.0,3.86,1.24,8.17,3.0,1.02,4.17,0.21772,0.0798,0.00414,0.02711,0.14756,0.03799,0.00489,3.85833,4.13097
676106,Emerson Hancock,SEA,28,projected,,,starter,MLB,124.8,0.0,0.0,532.6,124.3,81.6,21.2,1.4,20.1,37.1,7.6,101.5,63.5,68.0,0.0,0.0,4.58,1.29,7.32,2.68,1.45,4.268,0.19052,0.06974,0.01435,0.03782,0.15317,0.03978,0.00262,4.57783,4.90132
695076,Rhett Lowder,CIN,25,projected,,,starter,MLB,124.0,0.0,0.0,548.0,130.5,83.4,25.6,3.2,18.3,51.6,4.8,97.3,69.4,74.3,0.0,0.0,5.03,1.47,7.06,3.75,1.33,4.419,0.17761,0.09417,0.00867,0.03338,0.15212,0.04672,0.00579,5.03387,5.38958
571578,Patrick Corbin,TOR,37,projected,,,starter,MLB,122.6,0.0,0.0,535.8,135.1,87.8,25.8,2.0,19.5,39.6,3.9,95.4,68.7,73.6,0.0,0.0,5.04,1.42,7.0,2.91,1.43,4.37,0.17796,0.07394,0.00724,0.03636,0.16387,0.04815,0.00377,5.04301,5.39937
677958,Kumar Rocker,TEX,27,projected,,,starter,MLB,122.1,0.0,0.0,523.0,114.3,74.8,20.0,2.3,17.2,47.9,5.0,108.9,59.3,63.5,0.0,0.0,4.37,1.33,8.03,3.53,1.27,4.283,0.20815,0.09163,0.00947,0.03295,0.1431,0.03824,0.00442,4.37256,4.68154
663436,Davis Martin,CWS,30,projected,,,starter,MLB,120.9,0.0,0.0,527.7,125.2,85.7,21.5,1.9,16.1,42.8,7.5,99.3,62.6,67.0,0.0,0.0,4.66,1.39,7.39,3.19,1.2,4.365,0.18823,0.08113,0.01424,0.03051,0.16246,0.04076,0.00358,4.65755,4.98667
543135,Nathan Eovaldi,TEX,37,projected,,,starter,MLB,120.4,0.0,0.0,497.0,110.6,72.8,19.2,1.8,16.8,30.1,5.6,115.4,53.0,56.8,0.0,0.0,3.96,1.17,8.63,2.25,1.26,4.128,0.2322,0.06049,0.01117,0.0339,0.14653,0.03858,0.00361,3.9634,4.24347
683004,Jack Leiter,TEX,27,projected,,,starter,MLB,120.4,0.0,0.0,523.9,115.1,74.2,20.4,2.1,18.4,52.6,5.5,115.0,61.9,66.2,0.0,0.0,4.63,1.39,8.6,3.93,1.38,4.351,0.2196,0.10032,0.01051,0.03511,0.14164,0.0389,0.004,4.62519,4.95203
680736,Justin Wrobleski,LAD,26,projected,,,starter,MLB,120.2,0.0,0.0,507.6,119.2,79.5,22.9,1.5,15.3,33.6,4.7,108.4,56.6,60.6,0.0,0.0,4.24,1.27,8.12,2.52,1.15,4.223,0.21355,0.06612,0.00926,0.03018,0.1567,0.04505,0.00288,4.24146,4.54118
543294,Kyle Hendricks,LAA,37,projected,,,starter,MLB,118.1,0.0,0.0,498.5,118.0,78.8,19.0,1.7,18.5,32.9,3.6,82.5,58.5,62.6,0.0,0.0,4.46,1.28,6.29,2.51,1.41,4.221,0.16542,0.06591,0.00713,0.03714,0.15814,0.03819,0.00337,4.45721,4.77217
691725,Andrew Painter,PHI,24,projected,,,starter,MLB,117.0,0.0,0.0,499.6,111.0,69.4,19.8,1.9,19.9,43.1,4.8,103.7,59.7,63.9,0.0,0.0,4.59,1.32,7.98,3.32,1.53,4.27,0.20759,0.08617,0.00952,0.03984,0.13895,0.03962,0.00373,4.5886,4.91285
663554,Casey Mize,SD,30,projected,,,starter,MLB,116.3,0.0,0.0,483.3,109.8,66.0,25.1,2.4,16.3,32.2,2.5,95.8,55.1,59.0,0.0,0.0,4.27,1.22,7.41,2.49,1.26,4.156,0.19822,0.06657,0.00518,0.03372,0.13651,0.052,0.00506,4.26702,4.56854
677960,Ryan Weathers,NYY,27,projected,,,starter,MLB,115.1,0.0,0.0,484.0,106.3,73.4,16.5,1.3,15.1,37.4,5.1,107.6,51.3,54.9,0.0,0.0,4.01,1.25,8.41,2.92,1.18,4.205,0.22223,0.07722,0.01044,0.03121,0.15159,0.03406,0.00268,4.00806,4.29129
663556,Shane McClanahan,TB,30,projected,,,starter,MLB,112.0,0.0,0.0,463.5,98.6,62.9,17.3,1.3,17.1,36.2,2.2,113.3,49.6,53.2,0.0,0.0,3.99,1.2,9.1,2.91,1.37,4.138,0.24442,0.07816,0.00481,0.037,0.13577,0.03734,0.00288,3.98938,4.27129
676974,Max Meyer,MIA,28,projected,,,starter,MLB,111.8,0.0,0.0,470.5,100.1,67.5,18.1,1.7,12.8,39.0,5.6,109.2,48.6,52.0,0.0,0.0,3.91,1.24,8.79,3.14,1.03,4.208,0.23219,0.08294,0.01198,0.02715,0.14353,0.03851,0.00359,3.90869,4.18489
685299,Tanner Gordon,COL,29,projected,,,starter,MLB,111.8,0.0,0.0,481.0,124.8,75.6,26.8,3.5,18.9,26.7,3.7,87.6,64.1,68.6,0.0,0.0,5.16,1.36,7.05,2.15,1.52,4.302,0.18222,0.05559,0.00767,0.03937,0.15716,0.05574,0.00736,5.15657,5.52095
675911,Spencer Strider,ATL,28,projected,,,starter,MLB,111.6,0.0,0.0,461.5,89.4,50.6,20.9,1.7,16.2,42.1,4.9,138.9,48.1,51.5,0.0,0.0,3.88,1.18,11.2,3.4,1.31,4.135,0.301,0.09116,0.0106,0.0352,0.10964,0.04536,0.0036,3.87854,4.15261
805673,Zebby Matthews,MIN,27,projected,,,starter,MLB,111.0,0.0,0.0,469.4,109.2,68.5,19.8,1.8,19.1,34.1,2.9,104.4,56.3,60.3,0.0,0.0,4.57,1.29,8.46,2.76,1.55,4.229,0.22233,0.07259,0.00609,0.04067,0.14587,0.04215,0.00381,4.56587,4.88851
592836,Taijuan Walker,PHI,34,projected,,,starter,MLB,110.7,0.0,0.0,487.1,117.7,75.5,21.4,1.6,19.2,42.4,4.6,85.3,63.0,67.4,0.0,0.0,5.12,1.45,6.93,3.45,1.56,4.4,0.17519,0.08697,0.00937,0.03945,0.1549,0.04391,0.0033,5.12148,5.48338
701542,Will Warren,NYY,28,projected,,,starter,MLB,110.3,0.0,0.0,472.4,107.1,69.5,20.2,1.5,15.9,41.0,3.0,109.4,54.4,58.3,0.0,0.0,4.44,1.34,8.93,3.35,1.3,4.283,0.2315,0.08681,0.00641,0.03368,0.14702,0.04278,0.00324,4.43932,4.75301
608337,Lucas Giolito,SD,32,projected,,,starter,MLB,109.7,0.0,0.0,473.1,104.0,69.2,18.7,1.5,14.6,46.2,3.3,103.6,53.3,57.0,0.0,0.0,4.37,1.37,8.5,3.79,1.2,4.313,0.21905,0.09761,0.007,0.03095,0.14636,0.03958,0.00316,4.36908,4.67782
682243,Bryce Miller,SEA,28,projected,,,starter,MLB,109.6,0.0,0.0,456.2,100.5,63.5,19.6,1.7,15.7,32.9,3.4,101.8,50.2,53.8,0.0,0.0,4.12,1.22,8.36,2.7,1.29,4.162,0.22307,0.0722,0.0074,0.03443,0.13924,0.04306,0.00381,4.12327,4.41463
687570,Connor Prielipp,MIN,26,projected,,,starter,MLB,108.7,0.0,0.0,461.0,99.6,64.7,20.8,1.3,12.8,38.7,6.0,106.3,49.5,53.0,0.0,0.0,4.1,1.27,8.8,3.2,1.06,4.241,0.23055,0.084,0.01312,0.02776,0.14037,0.04507,0.00282,4.09687,4.38637
543037,Gerrit Cole,NYY,36,projected,,,starter,MLB,108.2,0.0,0.0,442.2,96.3,63.0,18.3,1.6,13.4,27.6,3.1,117.1,44.5,47.6,0.0,0.0,3.7,1.15,9.74,2.3,1.11,4.087,0.2648,0.06248,0.00704,0.03019,0.14236,0.04145,0.00366,3.70034,3.96182
687473,Ryan Gusto,MIA,28,projected,,,starter,MLB,106.8,0.0,0.0,460.9,108.2,69.4,21.1,2.4,15.3,36.0,5.5,92.6,55.6,59.5,0.0,0.0,4.68,1.35,7.8,3.03,1.29,4.316,0.201,0.07818,0.01203,0.03329,0.1505,0.04584,0.00526,4.68204,5.0129
674841,Andrew Alvarez,WSH,28,projected,,,starter,MLB,105.8,0.0,0.0,453.5,95.0,66.7,17.7,1.3,9.3,46.7,3.5,103.3,45.5,48.7,0.0,0.0,3.87,1.34,8.79,3.97,0.79,4.286,0.22783,0.10306,0.00768,0.02059,0.14704,0.03901,0.0029,3.86854,4.14191
676664,JP Sears,SD,31,projected,,,starter,MLB,105.7,0.0,0.0,449.5,102.8,59.8,21.9,1.4,19.7,31.7,7.3,86.9,56.6,60.6,0.0,0.0,4.82,1.27,7.4,2.7,1.68,4.253,0.19324,0.07051,0.01616,0.04372,0.13304,0.04863,0.00307,4.81799,5.15845
675512,Troy Melton,DET,26,projected,,,starter,MLB,105.6,0.0,0.0,446.2,96.4,61.3,20.0,1.9,13.2,36.6,5.6,89.6,48.9,52.4,0.0,0.0,4.17,1.26,7.64,3.12,1.12,4.225,0.20088,0.08201,0.01245,0.02953,0.13739,0.04488,0.0042,4.16905,4.46365
663568,Stephen Kolek,KC,30,projected,,,starter,MLB,104.2,0.0,0.0,445.8,106.5,74.4,18.9,1.5,11.7,29.6,6.0,77.1,50.0,53.5,0.0,0.0,4.32,1.31,6.66,2.56,1.01,4.278,0.17299,0.06642,0.01349,0.02624,0.16698,0.0425,0.00341,4.31577,4.62074
686799,Jack Kochanowicz,LAA,26,projected,,,starter,MLB,104.2,0.0,0.0,471.2,112.4,81.7,15.0,1.5,14.2,46.6,8.7,69.4,58.1,62.2,0.0,0.0,5.02,1.53,5.99,4.02,1.23,4.522,0.14719,0.09894,0.01847,0.03023,0.17334,0.03177,0.00312,5.01977,5.37448
683003,Jared Jones,PIT,25,projected,,,starter,MLB,103.9,0.0,0.0,422.8,82.9,52.5,18.7,1.3,10.4,33.3,3.9,111.8,39.1,41.8,0.0,0.0,3.39,1.12,9.68,2.88,0.9,4.069,0.26441,0.07879,0.00911,0.02448,0.12426,0.04429,0.00318,3.38573,3.62498
695611,Gage Jump,OAK,24,projected,,,starter,MLB,103.2,0.0,0.0,444.8,95.0,63.5,18.2,1.1,12.2,44.8,4.3,104.8,48.1,51.5,0.0,0.0,4.19,1.35,9.14,3.91,1.06,4.31,0.23552,0.10074,0.00967,0.02741,0.14281,0.04095,0.00252,4.19292,4.48921
605280,Clay Holmes,CHC,34,projected,,,starter,MLB,102.8,0.0,0.0,439.5,92.5,66.8,15.5,1.4,8.8,40.5,6.9,90.0,43.7,46.8,0.0,0.0,3.83,1.29,7.88,3.55,0.77,4.275,0.2047,0.09221,0.0158,0.02001,0.15193,0.03538,0.00323,3.82835,4.09887
592791,Jameson Taillon,TOR,35,projected,,,starter,MLB,101.2,0.0,0.0,419.1,96.7,55.4,16.8,1.9,22.6,25.6,2.0,82.4,53.5,57.2,0.0,0.0,4.75,1.21,7.33,2.28,2.01,4.141,0.19653,0.06097,0.00469,0.05395,0.13227,0.04018,0.00442,4.7539,5.08982
669160,Dustin May,MIL,29,projected,,,starter,MLB,100.4,0.0,0.0,437.6,97.4,65.5,18.5,1.8,11.6,39.0,8.6,94.0,49.5,52.9,0.0,0.0,4.43,1.36,8.43,3.5,1.04,4.359,0.2148,0.08922,0.01976,0.02648,0.14979,0.04234,0.00414,4.43302,4.74627
450203,Charlie Morton,ATL,43,projected,,,starter,MLB,99.8,0.0,0.0,436.8,91.8,58.5,17.3,1.7,14.3,44.6,9.8,105.0,50.6,54.1,0.0,0.0,4.56,1.37,9.47,4.02,1.29,4.377,0.24044,0.10213,0.02236,0.03272,0.134,0.03951,0.00382,4.56092,4.88322
681347,Mike Burrows,HOU,27,projected,,,starter,MLB,99.7,0.0,0.0,428.8,97.8,62.1,18.9,1.5,15.3,35.9,4.7,87.5,51.2,54.8,0.0,0.0,4.62,1.34,7.9,3.24,1.38,4.301,0.20402,0.08363,0.011,0.03568,0.14485,0.04403,0.00359,4.62234,4.94897
671106,Logan Allen,CLE,28,projected,,,starter,MLB,97.6,0.0,0.0,424.9,98.5,60.7,20.7,1.3,15.8,38.8,3.3,81.5,53.0,56.7,0.0,0.0,4.88,1.41,7.52,3.58,1.46,4.353,0.19188,0.09136,0.00786,0.03712,0.14276,0.04862,0.00307,4.884,5.22912
688107,Robert Gasser,MIL,28,projected,,,starter,MLB,97.5,0.0,0.0,418.2,93.5,59.6,20.1,1.4,12.4,30.7,9.9,86.8,47.9,51.3,0.0,0.0,4.42,1.27,8.01,2.83,1.14,4.289,0.20756,0.07337,0.02368,0.02959,0.14256,0.04816,0.00345,4.41854,4.73077
607200,Erick Fedde,CWS,34,projected,,,starter,MLB,96.1,0.0,0.0,415.5,95.7,60.8,18.7,1.8,14.4,37.8,2.1,70.2,50.4,54.0,0.0,0.0,4.72,1.39,6.57,3.54,1.35,4.324,0.16891,0.09106,0.00505,0.03467,0.14632,0.045,0.00427,4.71946,5.05295
680570,Grayson Rodriguez,LAA,27,projected,,,starter,MLB,95.2,0.0,0.0,408.4,91.7,57.2,18.8,1.7,14.0,35.2,4.1,92.1,48.0,51.4,0.0,0.0,4.54,1.33,8.71,3.33,1.32,4.29,0.22544,0.08626,0.00995,0.03431,0.14012,0.04614,0.00421,4.53933,4.8601
681517,Kyle Leahy,STL,30,projected,,,reliever,MLB,94.9,0.0,0.0,403.4,94.0,63.5,18.8,1.6,10.1,30.0,2.9,85.0,42.0,47.2,0.0,0.0,3.98,1.31,8.06,2.85,0.96,4.251,0.21071,0.07437,0.0073,0.02507,0.15734,0.04668,0.00405,3.98344,4.48081
804267,Zac Thornton,NYM,25,projected,,,starter,MLB,94.9,0.0,0.0,399.1,92.9,54.3,20.2,1.3,17.1,25.9,3.8,78.1,49.4,52.9,0.0,0.0,4.69,1.25,7.41,2.46,1.62,4.205,0.1956,0.06486,0.00952,0.04295,0.13618,0.05055,0.00317,4.68938,5.02075
700669,Gordon Graceffo,STL,27,projected,,,reliever,MLB,93.5,0.0,0.0,399.2,85.8,56.3,17.8,1.7,10.0,37.2,3.8,79.9,40.8,45.9,0.0,0.0,3.93,1.32,7.69,3.58,0.96,4.269,0.20008,0.0933,0.00955,0.02496,0.14104,0.04452,0.00425,3.92551,4.41565
687273,Quinn Mathews,STL,26,projected,,,starter,MLB,93.1,0.0,0.0,395.0,85.1,56.1,17.3,1.8,9.9,36.0,2.6,85.5,41.8,44.8,0.0,0.0,4.04,1.3,8.27,3.48,0.96,4.243,0.21641,0.09122,0.00662,0.02508,0.14208,0.04392,0.00457,4.04254,4.3282
669194,Ryne Nelson,ARI,29,projected,,,starter,MLB,92.3,0.0,0.0,389.1,91.4,55.2,19.8,2.5,13.9,26.3,2.6,73.4,46.8,50.1,0.0,0.0,4.57,1.28,7.16,2.56,1.36,4.216,0.18864,0.06757,0.00679,0.03561,0.14182,0.05085,0.00643,4.56685,4.88956
668881,Hunter Greene,CIN,27,projected,,,starter,MLB,91.9,0.0,0.0,381.6,74.1,48.3,13.8,1.4,10.6,32.8,6.9,108.1,37.0,39.6,0.0,0.0,3.62,1.16,10.59,3.21,1.04,4.152,0.28335,0.08587,0.01808,0.0278,0.1267,0.03624,0.00378,3.61992,3.87572
686563,Jonathan Cannon,CWS,26,projected,,,starter,MLB,91.5,0.0,0.0,398.6,94.1,57.8,19.8,2.1,14.4,33.9,4.1,73.4,50.4,54.0,0.0,0.0,4.96,1.4,7.22,3.33,1.42,4.356,0.18424,0.08497,0.01024,0.03619,0.145,0.04964,0.0052,4.95672,5.30698
680885,Spencer Schwellenbach,ATL,27,projected,,,starter,MLB,90.7,0.0,0.0,371.0,84.0,57.8,15.3,1.3,9.6,19.4,3.3,89.4,36.7,39.2,0.0,0.0,3.64,1.14,8.87,1.93,0.95,4.09,0.241,0.05241,0.00897,0.02592,0.15574,0.04119,0.00348,3.63715,3.89417
813349,Connelly Early,WSH,25,projected,,,starter,MLB,90.6,0.0,0.0,383.6,80.3,51.7,14.5,1.0,13.1,31.6,7.6,92.3,42.0,45.0,0.0,0.0,4.17,1.24,9.17,3.14,1.3,4.234,0.24071,0.08245,0.01993,0.03423,0.13485,0.03786,0.00268,4.17138,4.46615
690990,Cade Horton,CHC,25,projected,,,starter,MLB,89.6,0.0,0.0,378.6,84.6,55.8,16.2,1.6,11.0,28.4,4.6,76.9,41.5,44.5,0.0,0.0,4.17,1.26,7.72,2.85,1.1,4.226,0.20318,0.07503,0.0121,0.02906,0.14739,0.04292,0.00416,4.17102,4.46577
687888,Brandon Walter,HOU,30,projected,,,starter,MLB,88.4,0.0,0.0,366.8,84.8,55.1,15.2,1.5,13.0,19.9,4.6,79.8,41.0,43.9,0.0,0.0,4.18,1.18,8.12,2.03,1.32,4.149,0.21749,0.05418,0.01256,0.03547,0.15011,0.04142,0.00411,4.17548,4.47054
547179,Michael Lorenzen,TOR,35,projected,,,starter,MLB,88.1,0.0,0.0,390.1,96.1,61.3,18.2,2.0,14.6,34.0,3.4,69.7,51.1,54.7,0.0,0.0,5.22,1.48,7.12,3.47,1.49,4.428,0.17869,0.08717,0.00884,0.03732,0.15709,0.04662,0.00513,5.22304,5.59212
571760,Andrew Heaney,LAD,36,projected,,,starter,MLB,85.2,0.0,0.0,367.3,84.6,51.9,17.3,1.0,14.4,27.7,6.8,80.3,45.4,48.6,0.0,0.0,4.79,1.32,8.48,2.93,1.52,4.311,0.21873,0.07536,0.01851,0.03916,0.1414,0.0471,0.0028,4.7929,5.13159
656731,Tylor Megill,NYM,31,projected,,,starter,MLB,84.6,0.0,0.0,361.6,75.2,53.0,11.6,1.0,9.6,35.2,4.7,85.0,37.1,39.8,0.0,0.0,3.95,1.3,9.04,3.74,1.02,4.274,0.23517,0.09735,0.01298,0.0266,0.14646,0.03219,0.00283,3.95033,4.22948
687765,Mitch Spence,KC,29,projected,,,starter,MLB,83.6,0.0,0.0,363.0,87.9,54.1,17.3,1.2,15.3,28.0,3.5,66.9,47.3,50.7,0.0,0.0,5.09,1.39,7.2,3.01,1.65,4.342,0.18438,0.07721,0.00957,0.04224,0.14915,0.04757,0.0034,5.09323,5.45314
701656,Logan Henderson,MIL,25,projected,,,starter,MLB,83.4,0.0,0.0,334.9,68.9,40.3,15.8,1.3,11.5,21.9,1.2,92.3,33.6,36.0,0.0,0.0,3.63,1.09,9.96,2.36,1.24,4.016,0.27573,0.06544,0.00351,0.0343,0.12025,0.04724,0.00393,3.63004,3.88656
801403,Chase Dollander,COL,25,projected,,,starter,MLB,80.8,0.0,0.0,350.2,74.1,45.9,13.9,1.5,12.8,35.8,5.0,72.3,41.4,44.4,0.0,0.0,4.61,1.36,8.05,3.99,1.43,4.334,0.20645,0.10213,0.01423,0.03655,0.13121,0.03958,0.00418,4.61483,4.94093
695418,Brad Lord,WSH,27,projected,,,reliever,MLB,80.5,0.0,0.0,345.3,76.8,53.2,13.1,1.0,9.5,29.7,4.3,70.5,35.8,40.3,0.0,0.0,4.0,1.32,7.88,3.32,1.06,4.289,0.20426,0.0859,0.01237,0.02758,0.15405,0.03789,0.00304,4.00257,4.50232
607192,Tyler Glasnow,LAD,33,projected,,,starter,MLB,80.4,0.0,0.0,321.7,58.3,38.1,10.2,1.0,9.0,28.1,1.1,97.7,27.3,29.2,0.0,0.0,3.05,1.07,10.94,3.15,1.01,4.001,0.30378,0.08728,0.00342,0.02789,0.11846,0.03168,0.00318,3.05377,3.26956
686790,Trevor McDonald,SF,26,projected,,,starter,MLB,79.9,0.0,0.0,345.6,77.0,56.9,13.0,1.7,5.4,25.9,9.9,67.8,35.3,37.8,0.0,0.0,3.98,1.29,7.64,2.92,0.61,4.326,0.19616,0.07495,0.02863,0.01567,0.16467,0.03774,0.00495,3.97708,4.25812
623474,Jimmy Herget,COL,33,projected,,,reliever,MLB,78.8,0.0,0.0,336.2,74.0,47.7,15.3,1.7,9.3,27.6,4.9,73.5,35.5,39.9,0.0,0.0,4.05,1.29,8.39,3.15,1.06,4.266,0.21852,0.08211,0.01465,0.02778,0.14199,0.04549,0.00515,4.05473,4.561
837227,Tatsuya Imai,HOU,29,projected,,,reliever,MLB,78.5,0.0,0.0,342.7,65.3,43.1,11.5,1.3,9.4,44.6,4.1,89.1,34.3,38.6,0.0,0.0,3.93,1.4,10.22,5.11,1.08,4.365,0.26002,0.13004,0.01196,0.02732,0.1258,0.03365,0.00384,3.93122,4.42207
669920,Jason Alexander,HOU,34,projected,,,starter,MLB,78.1,0.0,0.0,340.6,80.5,51.3,14.5,1.7,13.0,28.8,3.8,62.0,43.0,46.0,0.0,0.0,4.95,1.4,7.14,3.32,1.5,4.361,0.18199,0.08464,0.01106,0.03821,0.15065,0.04261,0.00485,4.95438,5.30447
592254,José De León,BOS,34,projected,,,starter,MLB,77.5,0.0,0.0,327.6,70.3,45.2,14.6,1.1,9.4,27.9,3.5,75.1,35.2,37.7,0.0,0.0,4.09,1.27,8.72,3.24,1.09,4.227,0.22931,0.08526,0.01082,0.02873,0.13792,0.04465,0.00341,4.08896,4.3779
656550,Grant Holmes,ATL,31,projected,,,starter,MLB,77.5,0.0,0.0,334.2,74.1,46.9,14.1,1.3,11.8,31.5,2.9,70.2,39.4,42.1,0.0,0.0,4.57,1.36,8.15,3.66,1.37,4.312,0.21017,0.09419,0.00881,0.03517,0.14024,0.04217,0.00383,4.57096,4.89396
596295,Austin Gomber,COL,33,projected,,,starter,MLB,77.3,0.0,0.0,332.0,83.8,47.2,20.3,1.7,14.6,21.8,1.2,53.2,45.4,48.6,0.0,0.0,5.28,1.37,6.19,2.54,1.7,4.295,0.16014,0.06574,0.00369,0.04396,0.14221,0.06105,0.00513,5.28093,5.6541
680684,Gunnar Hoglund,OAK,27,projected,,,starter,MLB,77.3,0.0,0.0,330.1,76.1,45.9,14.3,1.0,14.9,27.5,1.4,65.0,41.6,44.6,0.0,0.0,4.85,1.34,7.57,3.2,1.73,4.271,0.19682,0.08319,0.00412,0.04524,0.13903,0.04327,0.00304,4.84599,5.18843
687562,Jake Bennett,BOS,26,projected,,,starter,MLB,77.2,0.0,0.0,315.2,69.8,44.4,16.3,1.0,8.1,18.2,2.3,63.8,32.1,34.3,0.0,0.0,3.74,1.14,7.44,2.12,0.94,4.083,0.20245,0.0576,0.00743,0.02585,0.14081,0.0516,0.00327,3.73985,4.00412
669854,Ronel Blanco,HOU,33,projected,,,starter,MLB,77.0,0.0,0.0,327.0,66.9,38.5,12.5,1.2,14.7,34.1,1.7,74.8,38.9,41.7,0.0,0.0,4.55,1.31,8.74,3.99,1.72,4.247,0.22879,0.10431,0.00519,0.04488,0.11784,0.03835,0.00357,4.55135,4.87296
657571,Caleb Ferguson,STL,30,projected,,,reliever,MLB,77.0,0.0,0.0,331.0,68.4,46.8,11.9,0.8,8.9,32.3,6.1,74.5,33.2,37.3,0.0,0.0,3.88,1.31,8.71,3.78,1.04,4.299,0.22518,0.09744,0.01841,0.02694,0.14128,0.03591,0.00238,3.87517,4.35902
806185,Hayden Birdsong,SF,25,projected,,,starter,MLB,76.4,0.0,0.0,332.1,65.1,41.3,12.4,1.4,10.0,39.7,4.8,79.6,36.3,38.9,0.0,0.0,4.28,1.37,9.38,4.68,1.18,4.347,0.23964,0.11954,0.01459,0.0301,0.12443,0.03723,0.00407,4.28092,4.58342
643377,Griffin Jax,TB,32,projected,,,reliever,MLB,76.2,0.0,0.0,314.6,67.1,44.8,13.0,1.0,8.3,23.1,2.5,86.3,29.4,33.0,0.0,0.0,3.47,1.18,10.19,2.73,0.98,4.129,0.27438,0.07341,0.00795,0.02626,0.14248,0.04132,0.00311,3.46725,3.90017
688138,Logan Evans,SEA,26,projected,,,starter,MLB,76.1,0.0,0.0,329.3,74.8,48.9,16.0,1.4,8.5,29.0,3.8,61.0,37.6,40.2,0.0,0.0,4.44,1.36,7.21,3.43,1.01,4.327,0.18531,0.08812,0.01161,0.0257,0.14842,0.0486,0.00435,4.4416,4.75546
676879,Aaron Ashby,MIL,29,projected,,,reliever,MLB,75.8,0.0,0.0,317.8,62.7,46.2,10.2,0.7,5.6,31.1,3.2,85.9,26.6,30.0,0.0,0.0,3.16,1.24,10.2,3.69,0.66,4.192,0.27017,0.09785,0.00995,0.01748,0.14537,0.03223,0.0022,3.16354,3.55854
675848,Juan Mejia,COL,26,projected,,,reliever,MLB,75.2,0.0,0.0,328.7,69.4,49.0,12.5,1.2,6.7,35.2,5.0,72.8,32.8,36.9,0.0,0.0,3.92,1.39,8.71,4.21,0.8,4.371,0.22158,0.10711,0.01523,0.02046,0.14913,0.03808,0.0036,3.92218,4.4119
678692,Ronny Henriquez,MIA,27,projected,,,reliever,MLB,75.0,0.0,0.0,308.3,58.4,35.6,12.2,1.0,9.6,25.9,5.4,80.5,28.9,32.5,0.0,0.0,3.47,1.12,9.66,3.11,1.15,4.111,0.26118,0.08407,0.01767,0.03128,0.11537,0.03963,0.00337,3.47207,3.90559
615698,Cal Quantrill,TEX,32,projected,,,starter,MLB,74.8,0.0,0.0,324.1,76.9,49.6,14.5,1.6,11.2,24.7,4.5,53.8,40.0,42.8,0.0,0.0,4.82,1.36,6.47,2.97,1.35,4.333,0.16598,0.07617,0.01402,0.03465,0.15293,0.04489,0.00506,4.81538,5.15566
607067,Colin Rea,CHC,36,projected,,,starter,MLB,74.6,0.0,0.0,320.3,76.3,48.6,14.5,1.6,11.6,23.1,3.6,59.9,39.2,42.0,0.0,0.0,4.73,1.33,7.23,2.79,1.4,4.294,0.18708,0.07223,0.01114,0.03614,0.15185,0.04522,0.00498,4.73357,5.06807
665622,Luis Medina,OAK,28,projected,,,reliever,MLB,74.5,0.0,0.0,322.5,64.7,44.8,12.8,1.0,6.1,36.5,4.3,75.1,30.7,34.5,0.0,0.0,3.71,1.36,9.07,4.41,0.74,4.329,0.23288,0.11315,0.01325,0.01905,0.13881,0.03957,0.00322,3.70949,4.17266
681343,Shane Smith,CWS,27,projected,,,starter,MLB,74.0,0.0,0.0,320.7,67.3,43.5,14.1,1.3,8.4,31.8,6.1,72.8,35.2,37.7,0.0,0.0,4.28,1.34,8.85,3.87,1.02,4.334,0.22706,0.09916,0.01907,0.0262,0.13554,0.04387,0.00395,4.2815,4.58404
690928,Hunter Dobbins,STL,27,projected,,,starter,MLB,74.0,0.0,0.0,313.7,68.3,43.6,14.5,1.3,8.9,27.1,2.8,63.8,34.4,36.8,0.0,0.0,4.18,1.29,7.76,3.3,1.08,4.239,0.20327,0.08653,0.00881,0.02825,0.13899,0.04611,0.00417,4.18024,4.47563
642207,Devin Williams,NYM,32,projected,,,reliever,MLB,73.9,0.0,0.0,307.1,55.0,37.0,12.0,0.7,5.3,33.6,3.2,98.8,24.7,27.8,0.0,0.0,3.01,1.2,12.03,4.09,0.65,4.156,0.32181,0.10943,0.01032,0.01742,0.1205,0.03918,0.00231,3.01213,3.38823
670955,Edwin Uceta,TB,29,projected,,,reliever,MLB,73.7,0.0,0.0,303.1,58.1,36.3,10.1,0.9,10.8,24.5,5.7,86.3,28.9,32.5,0.0,0.0,3.53,1.12,10.54,2.99,1.32,4.113,0.28476,0.0809,0.01892,0.03559,0.1197,0.03346,0.00312,3.52786,3.96835
693855,Ian Seymour,TB,28,projected,,,reliever,MLB,73.7,0.0,0.0,302.1,62.1,38.2,12.5,0.9,10.5,22.1,3.2,79.9,29.7,33.4,0.0,0.0,3.63,1.14,9.76,2.7,1.28,4.099,0.26448,0.07301,0.01043,0.03487,0.1265,0.04149,0.00298,3.62868,4.08176
666142,Cole Ragans,KC,29,projected,,,starter,MLB,73.6,0.0,0.0,311.2,64.6,36.4,13.0,0.9,14.3,30.3,1.9,88.0,36.9,39.5,0.0,0.0,4.51,1.29,10.76,3.71,1.75,4.228,0.28286,0.09748,0.00614,0.0459,0.11708,0.04162,0.00284,4.51117,4.82995
660271,Shohei Ohtani,LAD,32,projected,,,starter,MLB,73.5,0.0,0.0,298.8,57.5,40.4,11.9,0.9,4.3,23.8,3.4,87.9,24.1,25.8,0.0,0.0,2.96,1.11,10.76,2.91,0.53,4.065,0.29405,0.07956,0.01134,0.01438,0.13527,0.03972,0.00313,2.95606,3.16495
666808,Camilo Doval,SF,29,projected,,,reliever,MLB,72.4,0.0,0.0,309.9,58.7,40.6,11.0,0.8,6.3,36.0,4.3,80.2,28.0,31.5,0.0,0.0,3.49,1.31,9.97,4.48,0.78,4.28,0.25885,0.1161,0.01386,0.02026,0.13114,0.03545,0.00259,3.48548,3.92067
681857,Reese Olson,DET,27,projected,,,starter,MLB,72.1,0.0,0.0,305.4,68.1,46.0,12.8,1.1,8.2,24.5,2.7,68.1,32.6,34.9,0.0,0.0,4.07,1.28,8.5,3.06,1.02,4.236,0.22296,0.08036,0.0089,0.02697,0.15069,0.04192,0.00347,4.07475,4.36269
663947,Tyler Holton,DET,31,projected,,,reliever,MLB,71.9,0.0,0.0,295.7,65.6,45.6,9.9,0.9,9.2,17.9,2.8,60.1,28.8,32.3,0.0,0.0,3.6,1.16,7.52,2.24,1.15,4.112,0.20335,0.06061,0.00935,0.03114,0.15428,0.03335,0.00289,3.59954,4.04898
650556,Bryan Abreu,HOU,30,projected,,,reliever,MLB,71.0,0.0,0.0,300.5,54.8,33.0,11.5,1.2,9.1,34.1,4.7,93.0,28.9,32.6,0.0,0.0,3.67,1.25,11.79,4.32,1.15,4.233,0.30946,0.11356,0.0156,0.0304,0.10969,0.03842,0.00409,3.66846,4.1265
669203,Corbin Burnes,ARI,32,projected,,,starter,MLB,70.3,0.0,0.0,288.4,58.8,37.4,11.7,1.4,8.3,21.9,2.9,71.1,28.7,30.7,0.0,0.0,3.67,1.15,9.1,2.8,1.06,4.103,0.24636,0.07592,0.00999,0.02895,0.12974,0.0405,0.00485,3.67086,3.93026
621111,Walker Buehler,SD,32,projected,,,starter,MLB,70.2,0.0,0.0,305.4,68.9,44.6,13.0,1.4,9.9,27.9,4.2,57.1,36.3,38.9,0.0,0.0,4.66,1.38,7.32,3.58,1.27,4.351,0.18699,0.09127,0.01382,0.03233,0.14614,0.04242,0.00453,4.65682,4.98588
676254,Ryan Walker,SF,31,projected,,,reliever,MLB,70.0,0.0,0.0,296.5,62.1,43.9,11.2,1.3,5.7,24.6,5.9,71.8,27.5,30.9,0.0,0.0,3.54,1.24,9.23,3.16,0.73,4.236,0.24216,0.08297,0.01995,0.01928,0.1479,0.03772,0.0045,3.5375,3.97919
675660,Shane Drohan,MIL,28,projected,,,starter,MLB,69.1,0.0,0.0,289.8,61.1,37.8,13.7,1.0,8.6,24.6,2.9,66.3,31.1,33.3,0.0,0.0,4.05,1.24,8.64,3.2,1.12,4.194,0.2287,0.08484,0.0099,0.02973,0.13027,0.04719,0.00357,4.04522,4.33107
676534,Calvin Faucher,MIA,31,projected,,,reliever,MLB,69.0,0.0,0.0,299.3,62.3,46.2,10.2,0.7,5.2,32.0,3.9,69.8,27.9,31.4,0.0,0.0,3.64,1.37,9.1,4.17,0.68,4.338,0.23333,0.10706,0.0131,0.01744,0.15433,0.03404,0.00247,3.64123,4.09587
669145,Bruce Zimmermann,MIL,32,projected,,,starter,MLB,68.6,0.0,0.0,288.1,69.0,43.7,13.9,1.0,10.4,16.3,2.8,50.8,34.2,36.7,0.0,0.0,4.49,1.24,6.66,2.14,1.36,4.199,0.17622,0.05663,0.00979,0.03625,0.15172,0.04823,0.00362,4.49325,4.81076
605540,Brandon Woodruff,MIL,34,projected,,,starter,MLB,68.6,0.0,0.0,274.5,53.8,33.0,10.1,0.8,9.9,18.1,2.6,77.5,26.5,28.3,0.0,0.0,3.47,1.05,10.17,2.37,1.3,4.001,0.28219,0.06592,0.00955,0.03622,0.1203,0.03697,0.00296,3.47333,3.71876
682254,Mason Montgomery,PIT,27,projected,,,reliever,MLB,68.5,0.0,0.0,283.5,53.0,36.2,8.9,0.6,7.3,29.5,1.4,88.8,24.2,27.2,0.0,0.0,3.18,1.2,11.67,3.88,0.96,4.138,0.31322,0.10417,0.00489,0.02588,0.12774,0.03132,0.00207,3.17921,3.57617
691799,Grant Taylor,CWS,25,projected,,,reliever,MLB,68.5,0.0,0.0,280.7,54.8,38.0,10.5,0.8,5.5,25.5,0.9,81.6,23.0,25.9,0.0,0.0,3.02,1.17,10.72,3.35,0.72,4.098,0.29066,0.09073,0.00337,0.01955,0.13547,0.03732,0.00268,3.02134,3.39858
502043,Kyle Gibson,BAL,39,projected,,,starter,MLB,68.1,0.0,0.0,296.0,71.5,42.4,14.0,1.5,13.6,23.7,2.5,58.3,39.6,42.4,0.0,0.0,5.24,1.4,7.7,3.13,1.8,4.347,0.19699,0.08016,0.00847,0.04591,0.14309,0.04726,0.00494,5.2394,5.60963
656641,Jacob Latz,TEX,31,projected,,,reliever,MLB,68.0,0.0,0.0,282.2,54.5,32.5,13.0,1.0,8.0,29.0,0.6,67.6,27.0,30.4,0.0,0.0,3.57,1.23,8.95,3.84,1.06,4.15,0.23956,0.1029,0.00211,0.02847,0.11519,0.04604,0.00345,3.57405,4.02031
595345,Steven Okert,HOU,35,projected,,,reliever,MLB,68.0,0.0,0.0,279.9,54.5,35.7,10.2,0.8,7.8,22.9,4.3,72.9,25.4,28.6,0.0,0.0,3.36,1.14,9.65,3.03,1.03,4.116,0.26044,0.08183,0.01554,0.02795,0.12751,0.03653,0.0029,3.36476,3.78488
693686,Spencer Miles,TOR,26,projected,,,reliever,MLB,67.9,0.0,0.0,282.2,63.0,47.0,7.7,0.9,7.4,20.2,1.2,64.9,26.2,29.5,0.0,0.0,3.48,1.23,8.6,2.68,0.98,4.156,0.23006,0.07167,0.00412,0.02623,0.16638,0.02733,0.00329,3.47779,3.91202
694335,Matt Svanson,STL,28,projected,,,reliever,MLB,67.8,0.0,0.0,286.7,58.8,40.2,11.7,0.9,6.0,26.4,3.9,66.7,26.8,30.2,0.0,0.0,3.56,1.26,8.85,3.5,0.8,4.228,0.23265,0.09215,0.01352,0.02096,0.14023,0.0409,0.00322,3.55841,4.00271
656271,Brock Burke,CIN,30,projected,,,reliever,MLB,67.4,0.0,0.0,285.2,60.7,39.7,11.8,0.9,8.3,25.3,2.9,64.9,29.0,32.6,0.0,0.0,3.87,1.28,8.67,3.38,1.11,4.232,0.22754,0.08854,0.01028,0.02894,0.13924,0.04139,0.0033,3.86656,4.34933
642397,Gregory Soto,PIT,32,projected,,,reliever,MLB,67.3,0.0,0.0,290.6,57.9,37.9,12.4,0.9,6.7,29.1,7.6,72.3,28.7,32.2,0.0,0.0,3.83,1.29,9.67,3.89,0.9,4.318,0.24865,0.10028,0.02622,0.023,0.1303,0.04255,0.00309,3.83356,4.31222
687396,Brent Headrick,NYY,29,projected,,,reliever,MLB,67.1,0.0,0.0,277.7,55.9,37.1,11.6,1.1,6.1,23.6,2.7,76.1,24.8,27.9,0.0,0.0,3.32,1.18,10.21,3.17,0.82,4.138,0.27406,0.08508,0.0096,0.02195,0.13374,0.04177,0.00391,3.32217,3.73698
687911,Bryan King,HOU,30,projected,,,reliever,MLB,67.0,0.0,0.0,281.9,61.0,41.7,10.5,0.8,8.0,20.3,5.4,62.0,28.0,31.5,0.0,0.0,3.77,1.21,8.33,2.73,1.07,4.207,0.2199,0.07204,0.01915,0.02844,0.14801,0.03717,0.00274,3.76628,4.23654
605483,Blake Snell,LAD,34,projected,,,starter,MLB,66.8,0.0,0.0,274.5,48.9,34.5,9.9,0.7,3.8,30.0,1.0,82.8,21.6,23.1,0.0,0.0,2.91,1.18,11.16,4.04,0.51,4.11,0.30181,0.10944,0.00367,0.01379,0.12572,0.0361,0.00254,2.90609,3.11144
670245,Ryan Watson,LAA,29,projected,,,reliever,MLB,66.7,0.0,0.0,282.3,62.8,43.4,11.0,1.0,7.4,22.4,2.9,59.8,28.3,31.8,0.0,0.0,3.82,1.28,8.07,3.02,1.0,4.233,0.21184,0.07942,0.01026,0.02611,0.15357,0.03908,0.00339,3.81946,4.29636
670950,Trevor Richards,CWS,34,projected,,,reliever,MLB,66.3,0.0,0.0,278.8,56.0,32.4,13.3,1.2,9.1,28.1,1.5,67.5,28.9,32.5,0.0,0.0,3.93,1.27,9.16,3.81,1.24,4.205,0.24221,0.10067,0.00531,0.03271,0.11636,0.04777,0.00442,3.92642,4.41668
571948,Hoby Milner,SEA,36,projected,,,reliever,MLB,66.2,0.0,0.0,275.5,61.6,40.3,12.8,1.1,7.4,17.6,3.5,56.6,27.7,31.1,0.0,0.0,3.76,1.2,7.69,2.39,1.01,4.161,0.2056,0.06376,0.01287,0.02691,0.14621,0.0463,0.00388,3.76279,4.23261
657585,Reed Garrett,NYM,34,projected,,,reliever,MLB,66.2,0.0,0.0,281.9,56.4,38.5,11.5,0.7,5.7,30.2,2.4,72.4,26.1,29.3,0.0,0.0,3.54,1.31,9.84,4.11,0.77,4.258,0.25695,0.10719,0.00859,0.02029,0.13647,0.04081,0.00259,3.54178,3.984
702193,Andrew Morris,MIN,25,projected,,,reliever,MLB,65.6,0.0,0.0,276.4,59.7,43.0,12.0,0.9,3.8,23.6,2.0,59.1,24.7,27.8,0.0,0.0,3.39,1.27,8.11,3.24,0.52,4.214,0.21377,0.08537,0.00735,0.01384,0.15564,0.04335,0.00312,3.3892,3.81238
676263,Jack Dreyer,LAD,28,projected,,,reliever,MLB,65.5,0.0,0.0,269.6,54.7,36.3,11.0,1.0,6.4,22.9,1.2,66.3,24.3,27.3,0.0,0.0,3.34,1.18,9.11,3.15,0.88,4.116,0.24609,0.08476,0.00456,0.02392,0.13453,0.04089,0.00356,3.33929,3.75624
596133,Luke Weaver,PIT,33,projected,,,reliever,MLB,65.5,0.0,0.0,266.8,53.1,32.8,11.0,0.9,8.4,20.2,2.6,65.0,25.1,28.3,0.0,0.0,3.45,1.12,8.93,2.78,1.15,4.074,0.24375,0.07588,0.00987,0.03133,0.12297,0.04141,0.00344,3.45214,3.88317
660761,José Suarez,OAK,29,projected,,,reliever,MLB,65.1,0.0,0.0,281.6,61.7,42.5,13.5,0.8,4.9,27.4,2.8,59.8,27.8,31.3,0.0,0.0,3.85,1.37,8.27,3.79,0.68,4.326,0.21251,0.0972,0.0101,0.01745,0.15108,0.04802,0.00273,3.84719,4.32755
689818,David Sandlin,CWS,26,projected,,,starter,MLB,65.0,0.0,0.0,274.5,60.5,37.5,13.0,1.0,9.0,22.6,2.1,62.4,30.9,33.1,0.0,0.0,4.27,1.28,8.64,3.13,1.25,4.223,0.22718,0.08223,0.0078,0.03287,0.13658,0.04726,0.00348,4.27418,4.57621
808963,Roki Sasaki,LAD,25,projected,,,starter,MLB,65.0,0.0,0.0,279.2,58.9,36.3,12.8,1.1,8.7,27.7,3.3,60.9,31.5,33.8,0.0,0.0,4.37,1.33,8.43,3.84,1.2,4.295,0.21827,0.09914,0.01191,0.03111,0.12999,0.0458,0.00377,4.36587,4.67437
694462,Hurston Waldrep,ATL,25,projected,,,starter,MLB,65.0,0.0,0.0,285.1,59.3,41.7,10.3,0.8,6.5,31.5,5.0,60.1,30.3,32.4,0.0,0.0,4.19,1.4,8.32,4.36,0.9,4.386,0.21066,0.11044,0.01755,0.02275,0.14617,0.03626,0.00268,4.19254,4.4888
657376,Clarke Schmidt,NYY,31,projected,,,starter,MLB,64.8,0.0,0.0,272.8,57.5,35.8,12.7,1.2,7.8,22.6,4.0,62.1,29.2,31.3,0.0,0.0,4.06,1.24,8.62,3.14,1.08,4.21,0.2275,0.0829,0.01453,0.0285,0.13136,0.04651,0.00424,4.05992,4.3468
670970,Adrian Morejon,SD,28,projected,,,reliever,MLB,64.8,0.0,0.0,263.7,53.0,41.4,7.6,0.6,3.4,20.1,1.8,66.9,19.7,22.1,0.0,0.0,2.73,1.13,9.29,2.79,0.47,4.07,0.25374,0.07636,0.00687,0.01297,0.15688,0.02885,0.0024,2.73194,3.07305
687931,Carson Whisenhunt,SF,26,projected,,,starter,MLB,64.8,0.0,0.0,286.5,63.1,43.3,12.0,1.0,6.8,31.3,3.3,52.0,32.4,34.7,0.0,0.0,4.51,1.46,7.22,4.35,0.94,4.422,0.18144,0.10926,0.01147,0.02381,0.15129,0.04183,0.00363,4.50634,4.82477
676684,Will Vest,DET,32,projected,,,reliever,MLB,64.7,0.0,0.0,269.5,58.2,42.0,9.9,0.8,5.5,20.7,2.2,63.7,24.3,27.4,0.0,0.0,3.38,1.22,8.86,2.88,0.77,4.166,0.23632,0.07673,0.00816,0.02059,0.15574,0.03655,0.003,3.38415,3.80669
656848,Michael Petersen,MIA,33,projected,,,reliever,MLB,64.7,0.0,0.0,273.9,54.4,32.9,13.0,1.4,7.1,27.8,3.2,67.4,27.2,30.6,0.0,0.0,3.79,1.27,9.38,3.87,0.99,4.233,0.24608,0.10155,0.01163,0.02593,0.12019,0.04761,0.00497,3.78778,4.26072
664141,JT Brubaker,SF,33,projected,,,reliever,MLB,64.5,0.0,0.0,278.5,61.2,43.5,10.1,1.1,6.5,25.9,3.4,54.9,28.3,31.8,0.0,0.0,3.94,1.35,7.66,3.61,0.91,4.318,0.19712,0.09317,0.01205,0.02349,0.15625,0.03638,0.00401,3.94303,4.43535
669330,Tyler Wells,TB,32,projected,,,reliever,MLB,64.4,0.0,0.0,263.5,56.3,35.1,11.9,0.9,8.4,17.9,1.7,59.1,26.1,29.3,0.0,0.0,3.65,1.15,8.26,2.5,1.17,4.092,0.22432,0.06787,0.0065,0.03206,0.13331,0.04503,0.00338,3.6452,4.10034
661395,Jhoan Duran,PHI,29,projected,,,reliever,MLB,64.1,0.0,0.0,260.0,51.1,37.3,8.4,0.6,4.8,17.9,4.3,77.0,20.2,22.7,0.0,0.0,2.84,1.08,10.81,2.51,0.67,4.056,0.29608,0.06887,0.0166,0.01828,0.14356,0.03216,0.0023,2.83818,3.19256
676477,Garrett Whitlock,BOS,31,projected,,,reliever,MLB,64.0,0.0,0.0,260.2,54.8,36.1,11.9,0.8,6.0,16.8,2.3,68.3,23.1,26.0,0.0,0.0,3.25,1.12,9.6,2.36,0.84,4.066,0.26258,0.0645,0.00885,0.02289,0.13855,0.04591,0.0029,3.24822,3.65379
682842,Abner Uribe,MIL,27,projected,,,reliever,MLB,63.8,0.0,0.0,268.9,53.2,39.9,8.0,0.6,4.7,26.9,3.0,70.8,22.7,25.5,0.0,0.0,3.2,1.26,9.99,3.79,0.66,4.215,0.26319,0.10014,0.01131,0.01759,0.1482,0.02957,0.00214,3.20359,3.60359
657514,Brennan Bernardino,COL,35,projected,,,reliever,MLB,63.6,0.0,0.0,271.5,57.1,39.4,11.2,1.0,5.5,23.5,5.7,57.0,26.2,29.4,0.0,0.0,3.7,1.27,8.07,3.33,0.78,4.269,0.21009,0.08666,0.02082,0.02011,0.14504,0.04139,0.00359,3.70478,4.16736
660896,Jorge Alcala,STL,31,projected,,,reliever,MLB,63.3,0.0,0.0,270.9,56.3,33.7,10.3,0.8,11.5,27.7,2.5,62.1,30.6,34.4,0.0,0.0,4.35,1.33,8.83,3.94,1.64,4.279,0.22915,0.10218,0.00916,0.04258,0.12448,0.03801,0.00286,4.34734,4.89015
592773,Ryne Stanek,STL,35,projected,,,reliever,MLB,63.3,0.0,0.0,273.0,56.0,34.3,10.6,0.8,10.3,31.1,1.5,65.6,30.0,33.7,0.0,0.0,4.26,1.38,9.33,4.42,1.46,4.313,0.24047,0.11382,0.0055,0.03766,0.12559,0.03898,0.00301,4.26122,4.79327
663574,Tony Santillan,CIN,30,projected,,,reliever,MLB,63.2,0.0,0.0,273.8,55.6,36.2,9.6,0.9,8.9,30.0,4.1,63.8,28.9,32.5,0.0,0.0,4.11,1.35,9.09,4.27,1.27,4.332,0.23319,0.10955,0.01505,0.03241,0.13225,0.03492,0.00334,4.11272,4.62623
687134,Bradley Blalock,MIA,26,projected,,,starter,MLB,63.0,0.0,0.0,279.7,67.1,43.2,11.5,1.2,11.2,26.5,2.5,43.1,36.8,39.4,0.0,0.0,5.26,1.49,6.16,3.79,1.6,4.44,0.15414,0.09485,0.00906,0.03989,0.15445,0.04114,0.00446,5.25689,5.62837
641302,Tyler Alexander,TEX,32,projected,,,reliever,MLB,62.8,0.0,0.0,261.8,59.7,41.8,10.8,0.9,6.2,17.0,2.1,49.7,25.5,28.7,0.0,0.0,3.65,1.22,7.12,2.44,0.89,4.168,0.18967,0.06506,0.00811,0.02362,0.15969,0.04116,0.00353,3.65122,4.1071
677944,Slade Cecconi,CLE,28,projected,,,starter,MLB,62.8,0.0,0.0,266.9,64.3,39.6,12.7,1.1,10.9,17.5,2.2,51.1,33.3,35.7,0.0,0.0,4.77,1.3,7.32,2.51,1.56,4.25,0.19132,0.0657,0.00822,0.04068,0.14838,0.04764,0.00403,4.7745,5.11188
700249,Cade Povich,BAL,27,projected,,,starter,MLB,62.1,0.0,0.0,266.3,59.5,37.8,11.3,0.9,9.5,24.5,1.5,56.4,31.2,33.4,0.0,0.0,4.53,1.35,8.17,3.55,1.38,4.289,0.21175,0.09186,0.00557,0.03577,0.14178,0.0423,0.00352,4.52695,4.84685
676428,Brant Hurter,DET,28,projected,,,reliever,MLB,61.9,0.0,0.0,263.0,55.1,40.5,9.5,0.7,4.4,22.4,5.1,56.2,23.8,26.8,0.0,0.0,3.46,1.25,8.17,3.26,0.64,4.248,0.21376,0.08512,0.01953,0.01678,0.15411,0.03608,0.00266,3.46259,3.89492
800311,Didier Fuentes,ATL,22,projected,,,reliever,MLB,61.7,0.0,0.0,254.1,51.7,34.6,10.3,0.8,6.0,19.9,2.9,66.4,22.8,25.6,0.0,0.0,3.33,1.16,9.69,2.9,0.88,4.119,0.26114,0.07819,0.01122,0.0238,0.13613,0.0404,0.00308,3.32534,3.74054
669456,Shane Bieber,TOR,32,projected,,,starter,MLB,61.4,0.0,0.0,257.3,60.7,37.8,11.1,0.8,11.0,16.8,1.0,56.7,30.9,33.1,0.0,0.0,4.53,1.26,8.31,2.46,1.61,4.19,0.22018,0.06526,0.00381,0.04264,0.14699,0.04312,0.00303,4.53235,4.85263
594902,Ben Lively,CLE,35,projected,,,starter,MLB,61.3,0.0,0.0,259.2,58.5,35.7,10.8,0.9,11.1,20.2,1.9,49.2,31.5,33.8,0.0,0.0,4.63,1.28,7.22,2.97,1.63,4.229,0.18987,0.078,0.00714,0.04297,0.13787,0.04166,0.00347,4.62887,4.95596
663855,Jordan Hicks,CWS,30,projected,,,reliever,MLB,61.1,0.0,0.0,268.6,55.2,39.3,10.0,0.8,5.1,30.4,5.0,60.7,26.3,29.6,0.0,0.0,3.88,1.4,8.94,4.48,0.75,4.396,0.22594,0.11314,0.01866,0.019,0.1465,0.0371,0.00295,3.88108,4.36567
621381,Matt Strahm,KC,35,projected,,,reliever,MLB,61.0,0.0,0.0,247.8,48.0,27.5,12.1,0.8,7.6,18.3,3.8,65.1,23.4,26.3,0.0,0.0,3.45,1.09,9.6,2.7,1.12,4.062,0.26265,0.07371,0.01514,0.03083,0.11079,0.04899,0.00332,3.44547,3.87567
671922,Cade Smith,CLE,28,projected,,,reliever,MLB,60.5,0.0,0.0,241.6,44.8,29.8,10.0,0.7,4.3,17.4,3.1,78.4,18.1,20.4,0.0,0.0,2.69,1.03,11.66,2.59,0.64,3.993,0.32452,0.07219,0.01265,0.01792,0.12345,0.04143,0.00277,2.69478,3.03124
657006,Justin Steele,CHC,31,projected,,,starter,MLB,60.5,0.0,0.0,248.0,52.4,39.3,7.3,0.6,5.2,17.4,2.1,58.6,22.0,23.5,0.0,0.0,3.27,1.15,8.72,2.59,0.77,4.099,0.23617,0.07016,0.00832,0.0208,0.15833,0.02941,0.00238,3.27082,3.50195
641941,Emilio Pagán,CIN,36,projected,,,reliever,MLB,60.4,0.0,0.0,245.0,47.6,28.5,9.2,0.7,9.2,19.6,1.8,64.2,23.5,26.5,0.0,0.0,3.51,1.11,9.57,2.92,1.37,4.057,0.26218,0.07993,0.00741,0.03774,0.11649,0.03753,0.0028,3.50552,3.94322
656546,Jeff Hoffman,MIN,34,projected,,,reliever,MLB,60.3,0.0,0.0,251.8,49.0,29.1,11.0,0.7,8.2,23.3,3.9,74.6,24.8,27.9,0.0,0.0,3.7,1.2,11.13,3.48,1.22,4.176,0.29635,0.09245,0.01534,0.03267,0.11559,0.04352,0.00284,3.69754,4.15922
664126,Pete Fairbanks,MIA,33,projected,,,reliever,MLB,59.9,0.0,0.0,248.6,49.0,30.7,9.7,0.7,7.9,22.8,2.3,68.1,23.9,26.9,0.0,0.0,3.59,1.2,10.23,3.43,1.19,4.151,0.27386,0.09152,0.00945,0.03189,0.12341,0.03907,0.00286,3.59054,4.03885
686973,Louis Varland,TOR,29,projected,,,reliever,MLB,59.6,0.0,0.0,248.1,54.5,38.0,11.0,0.7,4.8,18.1,1.7,62.1,22.7,25.5,0.0,0.0,3.43,1.22,9.38,2.73,0.72,4.163,0.25014,0.0731,0.00695,0.01953,0.15334,0.04445,0.00282,3.42892,3.85705
681810,Austin Warren,NYM,31,projected,,,reliever,MLB,59.5,0.0,0.0,255.8,54.7,34.1,11.5,0.9,8.2,25.6,2.3,57.6,27.6,31.1,0.0,0.0,4.18,1.35,8.71,3.87,1.24,4.299,0.22537,0.10001,0.00887,0.03212,0.13321,0.04479,0.00336,4.18199,4.70415
670912,Johan Oviedo,PIT,29,projected,,,starter,MLB,59.2,0.0,0.0,259.4,55.2,34.9,10.0,0.7,9.6,27.4,4.3,54.6,31.1,33.3,0.0,0.0,4.72,1.4,8.3,4.17,1.46,4.382,0.21057,0.1057,0.01654,0.03687,0.13459,0.0387,0.00283,4.72426,5.05809
641835,Tim Mayza,PHI,35,projected,,,reliever,MLB,58.7,0.0,0.0,245.1,54.9,34.5,13.2,1.1,6.1,17.9,1.4,52.1,24.9,28.0,0.0,0.0,3.82,1.24,7.99,2.74,0.94,4.176,0.21258,0.07284,0.00586,0.02505,0.14068,0.05376,0.00433,3.81984,4.29678
621237,José Alvarado,PHI,32,projected,,,reliever,MLB,58.6,0.0,0.0,247.1,48.4,34.9,8.7,0.6,4.2,25.3,2.7,67.2,21.1,23.8,0.0,0.0,3.24,1.26,10.32,3.89,0.65,4.217,0.27202,0.10237,0.01096,0.01712,0.14111,0.0354,0.0023,3.2428,3.64769
680755,Braydon Fisher,TOR,26,projected,,,reliever,MLB,58.4,0.0,0.0,250.5,48.4,32.3,8.6,0.9,6.6,29.0,3.0,62.0,24.3,27.3,0.0,0.0,3.74,1.33,9.55,4.47,1.02,4.29,0.24732,0.11577,0.0119,0.02639,0.12907,0.03424,0.00364,3.74428,4.21178
670280,David Bednar,NYY,32,projected,,,reliever,MLB,58.2,0.0,0.0,238.4,47.3,31.5,8.1,0.6,7.1,19.7,2.0,64.7,21.5,24.2,0.0,0.0,3.32,1.15,10.01,3.05,1.1,4.096,0.27155,0.08262,0.0082,0.02964,0.13205,0.03395,0.00233,3.32193,3.73671
643511,Tyler Rogers,TOR,36,projected,,,reliever,MLB,58.2,0.0,0.0,241.4,55.5,43.2,9.2,0.7,2.4,13.4,2.9,40.2,20.5,23.1,0.0,0.0,3.18,1.18,6.22,2.07,0.37,4.148,0.16636,0.05567,0.01214,0.01014,0.17877,0.0382,0.00282,3.1755,3.572
622554,Seranthony Domínguez,SEA,32,projected,,,reliever,MLB,58.0,0.0,0.0,245.9,47.3,30.6,8.6,0.7,7.4,26.8,2.9,62.4,23.9,26.9,0.0,0.0,3.7,1.28,9.68,4.16,1.15,4.239,0.2538,0.10896,0.01184,0.02991,0.12429,0.03489,0.00286,3.70394,4.16641
641745,Brad Keller,PHI,31,projected,,,reliever,MLB,57.9,0.0,0.0,249.9,52.9,38.1,8.3,0.7,5.8,25.6,2.7,49.6,24.6,27.7,0.0,0.0,3.82,1.36,7.71,3.98,0.9,4.316,0.19847,0.10254,0.01075,0.02339,0.15255,0.03316,0.00268,3.82461,4.30215
662253,Andrés Muñoz,SEA,28,projected,,,reliever,MLB,57.7,0.0,0.0,239.1,44.0,29.9,8.3,0.7,5.1,23.6,3.5,76.6,19.8,22.3,0.0,0.0,3.09,1.17,11.95,3.68,0.8,4.144,0.32032,0.09885,0.01451,0.02125,0.12506,0.03461,0.00274,3.08786,3.4734
663941,Tristan Beck,SF,31,projected,,,reliever,MLB,57.6,0.0,0.0,241.5,54.9,36.5,8.9,1.0,8.5,16.7,2.1,44.2,25.9,29.1,0.0,0.0,4.05,1.24,6.91,2.61,1.33,4.192,0.18319,0.06912,0.00862,0.03529,0.15113,0.03704,0.00397,4.04585,4.55101
663542,Bryan Hudson,CWS,30,projected,,,reliever,MLB,57.6,0.0,0.0,241.3,49.7,35.7,9.4,0.7,3.9,20.1,3.8,54.0,21.1,23.7,0.0,0.0,3.29,1.21,8.44,3.14,0.61,4.189,0.2239,0.08315,0.01564,0.01606,0.14788,0.03904,0.00277,3.29271,3.70383
676130,José Buttó,SF,29,projected,,,reliever,MLB,57.6,0.0,0.0,250.1,50.6,32.9,8.8,0.7,8.2,29.3,2.3,56.3,26.6,29.9,0.0,0.0,4.15,1.39,8.8,4.58,1.28,4.342,0.22528,0.11722,0.00921,0.03298,0.13168,0.03509,0.00294,4.14957,4.66768
669093,Jeremiah Estrada,SD,28,projected,,,reliever,MLB,57.2,0.0,0.0,234.7,42.8,27.0,8.7,0.7,6.4,24.0,1.1,72.6,20.4,22.9,0.0,0.0,3.21,1.17,11.42,3.78,1.01,4.103,0.30945,0.10222,0.00472,0.02746,0.11523,0.03726,0.00308,3.20632,3.60665
670329,Rico Garcia,BAL,33,projected,,,reliever,MLB,57.1,0.0,0.0,237.4,50.1,34.0,9.4,0.7,6.0,19.8,1.2,55.4,22.3,25.1,0.0,0.0,3.51,1.22,8.73,3.12,0.95,4.157,0.23334,0.08326,0.00507,0.02531,0.14321,0.03966,0.00277,3.5109,3.94927
686701,Ryan Bergert,KC,27,projected,,,starter,MLB,57.0,0.0,0.0,243.8,52.0,34.1,8.9,0.9,8.1,24.5,1.2,53.8,27.2,29.1,0.0,0.0,4.29,1.34,8.49,3.87,1.28,4.277,0.22071,0.10035,0.00478,0.03341,0.14004,0.03666,0.00366,4.29021,4.59337
669276,Dylan Lee,ATL,32,projected,,,reliever,MLB,56.8,0.0,0.0,227.4,46.5,28.1,11.0,0.9,6.5,15.2,0.2,62.4,20.6,23.1,0.0,0.0,3.26,1.09,9.89,2.41,1.03,4.004,0.27462,0.06699,0.00079,0.02839,0.12355,0.04859,0.00416,3.25851,3.66537
657649,Jared Koenig,MIL,33,projected,,,reliever,MLB,56.8,0.0,0.0,241.9,50.6,33.9,9.6,0.8,6.3,21.3,4.4,52.4,24.2,27.2,0.0,0.0,3.84,1.27,8.3,3.38,1.0,4.259,0.21657,0.08813,0.01833,0.02615,0.14021,0.03986,0.00337,3.83762,4.31678
699134,Bradgley Rodriguez,SD,23,projected,,,reliever,MLB,56.7,0.0,0.0,232.3,47.4,30.9,9.8,0.5,6.2,17.5,2.2,58.0,21.2,23.9,0.0,0.0,3.37,1.14,9.21,2.78,0.98,4.097,0.24947,0.0754,0.00965,0.02652,0.13281,0.04227,0.00227,3.36767,3.78816
696270,Ryan Johnson,LAA,24,projected,,,starter,MLB,56.6,0.0,0.0,244.7,54.1,35.2,10.0,0.8,8.1,22.8,2.9,46.9,28.4,30.4,0.0,0.0,4.52,1.36,7.46,3.63,1.29,4.323,0.19162,0.09337,0.01195,0.03293,0.14381,0.041,0.00311,4.51868,4.83799
689147,Orion Kerkering,PHI,26,projected,,,reliever,MLB,56.5,0.0,0.0,242.6,48.2,31.7,10.0,0.8,5.7,24.3,5.6,59.0,23.7,26.6,0.0,0.0,3.77,1.28,9.4,3.87,0.91,4.294,0.24324,0.10022,0.023,0.02341,0.13056,0.04122,0.00318,3.77084,4.24166
674444,Steven Cruz,KC,28,projected,,,reliever,MLB,56.4,0.0,0.0,238.0,49.5,31.6,10.1,1.0,6.8,21.7,2.4,54.7,24.0,27.0,0.0,0.0,3.83,1.26,8.73,3.46,1.09,4.219,0.22999,0.09112,0.01012,0.02857,0.13296,0.04243,0.00433,3.82737,4.30525
666171,Ryan Zeferjahn,CHC,29,projected,,,reliever,MLB,56.3,0.0,0.0,241.9,43.1,26.9,7.3,0.6,8.3,29.4,5.6,66.3,24.1,27.1,0.0,0.0,3.84,1.29,10.6,4.7,1.33,4.297,0.27417,0.12135,0.02308,0.03412,0.11113,0.03,0.00246,3.84459,4.32462
628452,Raisel Iglesias,ATL,37,projected,,,reliever,MLB,56.2,0.0,0.0,227.6,47.1,30.6,9.5,0.8,6.2,15.0,1.7,60.3,20.5,23.1,0.0,0.0,3.29,1.1,9.66,2.4,0.99,4.05,0.26493,0.06605,0.00767,0.02734,0.13455,0.04167,0.00344,3.28847,3.69906
664199,Taylor Clarke,ARI,34,projected,,,reliever,MLB,56.0,0.0,0.0,232.3,52.6,33.7,9.8,1.1,8.0,14.4,2.3,46.7,24.6,27.6,0.0,0.0,3.95,1.2,7.51,2.31,1.29,4.148,0.20119,0.06188,0.00969,0.03434,0.14489,0.04206,0.00489,3.94897,4.44203
621242,Edwin Díaz,LAD,33,projected,,,reliever,MLB,55.9,0.0,0.0,227.0,39.4,25.3,8.2,0.6,5.3,20.3,4.4,79.0,18.0,20.2,0.0,0.0,2.89,1.07,12.72,3.27,0.85,4.06,0.34793,0.08933,0.01959,0.02334,0.11154,0.0361,0.00262,2.89095,3.25192
642100,Gabe Speier,SEA,32,projected,,,reliever,MLB,55.9,0.0,0.0,228.5,45.0,27.2,10.0,0.6,7.2,16.6,4.1,61.3,21.6,24.3,0.0,0.0,3.48,1.1,9.87,2.67,1.16,4.088,0.26815,0.07267,0.01789,0.03163,0.11884,0.04373,0.00261,3.48009,3.91461
527048,Martín Pérez,ATL,36,projected,,,starter,MLB,55.9,0.0,0.0,241.9,55.3,36.9,10.5,0.9,7.0,22.0,1.8,43.2,27.8,29.8,0.0,0.0,4.48,1.38,6.96,3.54,1.13,4.327,0.17873,0.09115,0.0073,0.02898,0.15245,0.04331,0.00354,4.47963,4.79617
670036,Matt Festa,CLE,34,projected,,,reliever,MLB,55.8,0.0,0.0,233.0,47.4,30.3,9.5,0.7,6.9,19.4,3.7,56.3,22.7,25.6,0.0,0.0,3.67,1.2,9.08,3.13,1.11,4.175,0.24165,0.08305,0.01593,0.02941,0.13003,0.04077,0.00306,3.66828,4.1263
807739,Kade Anderson,SEA,22,projected,,,starter,MLB,55.8,0.0,0.0,230.8,50.0,35.6,9.0,0.9,4.5,17.3,0.9,50.2,21.7,23.3,0.0,0.0,3.5,1.21,8.1,2.79,0.73,4.136,0.2177,0.07496,0.00399,0.01948,0.15442,0.0388,0.004,3.50397,3.75158
573124,Taylor Rogers,MIN,36,projected,,,reliever,MLB,55.6,0.0,0.0,237.7,47.7,30.4,10.8,0.8,5.7,23.5,4.6,56.9,23.5,26.4,0.0,0.0,3.8,1.28,9.21,3.8,0.92,4.276,0.23926,0.09881,0.01936,0.02386,0.12792,0.04551,0.00337,3.80317,4.27804
663158,Robert Suarez,ATL,36,projected,,,reliever,MLB,55.4,0.0,0.0,230.0,50.4,34.7,8.8,0.8,6.1,16.6,1.6,55.4,21.9,24.7,0.0,0.0,3.56,1.21,9.0,2.7,0.99,4.151,0.24106,0.07226,0.0068,0.02632,0.1509,0.03821,0.00368,3.56356,4.0085
669947,Jesse Scholtens,TB,33,projected,,,starter,MLB,55.3,0.0,0.0,239.2,57.0,36.1,12.0,0.9,8.0,19.0,2.0,44.1,29.3,31.4,0.0,0.0,4.77,1.37,7.18,3.09,1.3,4.325,0.18439,0.07938,0.00854,0.03365,0.151,0.0501,0.00381,4.76954,5.10657
681293,Spencer Arrighetti,TOR,27,projected,,,starter,MLB,55.3,0.0,0.0,242.0,48.3,30.1,9.1,1.0,8.1,27.9,4.7,55.6,27.7,29.7,0.0,0.0,4.52,1.38,9.05,4.54,1.32,4.376,0.22969,0.11534,0.01947,0.03348,0.12447,0.03742,0.00414,4.51535,4.83442
665660,Elvis Alvarado,OAK,28,projected,,,reliever,MLB,55.2,0.0,0.0,232.9,45.0,28.4,8.3,0.6,7.7,24.7,2.4,59.8,23.1,25.9,0.0,0.0,3.76,1.26,9.75,4.03,1.26,4.219,0.25684,0.10606,0.01016,0.03323,0.12192,0.0355,0.0026,3.75954,4.22896
542888,Shawn Armstrong,CLE,36,projected,,,reliever,MLB,55.1,0.0,0.0,229.1,46.4,31.1,7.9,0.6,6.8,18.7,3.4,53.6,21.8,24.5,0.0,0.0,3.56,1.18,8.75,3.05,1.11,4.157,0.23408,0.08162,0.015,0.02988,0.13562,0.03446,0.00259,3.56208,4.00684
815083,Mitch Farris,LAA,26,projected,,,reliever,MLB,55.0,0.0,0.0,237.2,51.0,31.5,11.4,0.8,7.3,24.4,1.6,54.4,25.7,29.0,0.0,0.0,4.21,1.37,8.9,3.99,1.19,4.313,0.22919,0.1028,0.00663,0.03072,0.13293,0.04821,0.00333,4.21286,4.73887
664854,Ryan Helsley,BAL,32,projected,,,reliever,MLB,54.8,0.0,0.0,225.8,43.6,29.2,7.3,0.5,6.6,21.9,0.6,64.5,20.2,22.7,0.0,0.0,3.31,1.2,10.59,3.6,1.08,4.121,0.28563,0.09714,0.00281,0.02922,0.1292,0.0324,0.00237,3.31245,3.72604
663893,Brendon Little,TOR,30,projected,,,reliever,MLB,54.7,0.0,0.0,238.8,45.9,32.0,7.9,0.5,5.5,31.9,1.7,62.3,22.8,25.6,0.0,0.0,3.75,1.42,10.25,5.25,0.9,4.366,0.26082,0.13377,0.00708,0.02301,0.13386,0.03288,0.00223,3.75159,4.22001
664076,Garrett Cleavinger,TB,33,projected,,,reliever,MLB,54.7,0.0,0.0,231.4,44.0,28.7,9.1,0.6,5.6,23.1,4.9,65.2,21.3,24.0,0.0,0.0,3.51,1.23,10.73,3.8,0.92,4.23,0.28183,0.0999,0.02127,0.024,0.1242,0.0394,0.0025,3.51088,3.94925
647336,Michael Soroka,ARI,29,projected,,,starter,MLB,54.7,0.0,0.0,231.9,48.4,31.1,9.5,1.1,6.7,19.3,5.0,54.1,24.8,26.6,0.0,0.0,4.09,1.24,8.9,3.18,1.1,4.24,0.23332,0.08342,0.02148,0.0288,0.13391,0.04085,0.00456,4.08557,4.37427
656464,Kevin Ginkel,ARI,33,projected,,,reliever,MLB,54.1,0.0,0.0,221.6,45.3,29.6,9.2,0.9,5.6,16.8,2.0,55.2,20.2,22.7,0.0,0.0,3.35,1.15,9.18,2.79,0.93,4.097,0.24892,0.07594,0.00884,0.02523,0.13366,0.04145,0.0039,3.35471,3.77357
656730,Trevor Megill,MIL,33,projected,,,reliever,MLB,54.1,0.0,0.0,218.3,42.4,27.6,8.5,0.8,5.5,17.3,1.1,59.7,18.5,20.9,0.0,0.0,3.08,1.1,9.93,2.88,0.91,4.035,0.27351,0.07924,0.00481,0.0252,0.12628,0.03906,0.00347,3.08495,3.47014
806188,Cade Gibson,MIA,29,projected,,,reliever,MLB,53.9,0.0,0.0,234.4,50.1,35.1,11.1,0.9,3.0,21.5,5.8,46.5,22.5,25.4,0.0,0.0,3.76,1.33,7.76,3.59,0.5,4.348,0.1982,0.09186,0.02481,0.0126,0.14957,0.04739,0.00375,3.76419,4.23418
594580,Sam Moll,CIN,35,projected,,,reliever,MLB,53.8,0.0,0.0,233.8,47.4,32.0,8.9,0.8,5.7,25.4,4.4,54.3,23.4,26.3,0.0,0.0,3.92,1.35,9.08,4.25,0.95,4.345,0.23217,0.10847,0.01885,0.02418,0.13685,0.03799,0.00325,3.91573,4.40465
666974,Yennier Cano,BAL,33,projected,,,reliever,MLB,53.7,0.0,0.0,224.7,47.3,33.5,8.3,0.7,4.8,18.7,2.3,50.1,20.6,23.1,0.0,0.0,3.45,1.23,8.4,3.13,0.8,4.185,0.22298,0.08338,0.01045,0.02138,0.14895,0.03689,0.00297,3.44792,3.87843
476594,Robert Stock,NYM,37,projected,,,starter,MLB,53.7,0.0,0.0,236.3,51.3,34.2,10.5,0.8,5.8,23.7,4.9,47.8,26.7,28.6,0.0,0.0,4.47,1.4,8.01,3.97,0.97,4.4,0.20235,0.10023,0.02063,0.02464,0.14483,0.04423,0.0034,4.46949,4.78532
642232,Ryan Yarbrough,NYY,35,projected,,,reliever,MLB,53.7,0.0,0.0,228.4,50.4,36.7,7.6,0.7,5.4,16.4,5.1,41.5,22.5,25.3,0.0,0.0,3.77,1.24,6.96,2.75,0.91,4.253,0.18164,0.07183,0.02223,0.0236,0.16064,0.03347,0.00327,3.76863,4.23918
672335,Cionel Pérez,NYM,31,projected,,,reliever,MLB,53.6,0.0,0.0,234.4,50.3,34.7,8.5,0.5,6.6,25.2,2.8,47.8,24.7,27.8,0.0,0.0,4.15,1.41,8.03,4.23,1.11,4.374,0.20373,0.10768,0.0119,0.02795,0.1481,0.03615,0.00227,4.15429,4.673
678495,Randy Rodríguez,SF,27,projected,,,reliever,MLB,53.5,0.0,0.0,220.8,44.7,31.2,7.4,0.7,5.4,16.5,3.6,57.8,19.7,22.1,0.0,0.0,3.31,1.14,9.72,2.78,0.91,4.127,0.26196,0.07492,0.01619,0.02466,0.14152,0.03368,0.00322,3.30804,3.72108
670167,John Schreiber,NYY,33,projected,,,reliever,MLB,53.3,0.0,0.0,225.7,46.9,30.9,10.6,1.0,4.4,20.7,2.7,48.9,21.7,24.4,0.0,0.0,3.66,1.27,8.26,3.5,0.74,4.235,0.21655,0.0919,0.01194,0.01964,0.13709,0.04704,0.00451,3.65655,4.11311
657097,Jacob Webb,CHC,33,projected,,,reliever,MLB,53.3,0.0,0.0,226.2,47.5,31.4,8.7,0.7,6.7,21.6,1.9,52.8,22.8,25.7,0.0,0.0,3.85,1.3,8.92,3.65,1.13,4.243,0.23338,0.09534,0.00827,0.02953,0.13866,0.03827,0.00331,3.85406,4.33527
623211,Huascar Brazobán,CWS,37,projected,,,reliever,MLB,53.3,0.0,0.0,228.4,45.0,30.8,8.8,0.7,4.7,25.3,2.8,51.2,21.5,24.1,0.0,0.0,3.62,1.32,8.65,4.27,0.79,4.286,0.22418,0.11067,0.01244,0.02037,0.13505,0.03871,0.0031,3.62394,4.07642
596001,Jakob Junis,TEX,34,projected,,,reliever,MLB,53.3,0.0,0.0,222.0,50.0,34.2,10.0,0.8,5.0,13.8,2.9,45.3,21.5,24.2,0.0,0.0,3.64,1.2,7.65,2.33,0.84,4.166,0.2039,0.06235,0.01328,0.0225,0.15387,0.04522,0.00364,3.6359,4.08988
621107,Zach Eflin,BAL,33,projected,,,starter,MLB,53.1,0.0,0.0,218.9,52.9,33.2,10.4,0.9,8.4,9.8,1.5,46.3,25.5,27.3,0.0,0.0,4.32,1.18,7.85,1.66,1.42,4.122,0.2114,0.04456,0.00675,0.03825,0.15186,0.04766,0.00418,4.31586,4.62084
607481,Aaron Bummer,KC,33,projected,,,reliever,MLB,53.0,0.0,0.0,227.6,46.7,31.3,9.4,0.7,5.3,21.5,4.9,53.9,22.4,25.3,0.0,0.0,3.81,1.29,9.15,3.65,0.9,4.295,0.23665,0.09463,0.02173,0.02329,0.13746,0.04149,0.00312,3.81192,4.28787
676395,Robert Garcia,TEX,31,projected,,,reliever,MLB,52.9,0.0,0.0,217.9,44.5,30.2,6.5,0.6,7.2,18.5,0.8,53.0,20.6,23.2,0.0,0.0,3.5,1.19,9.02,3.15,1.22,4.119,0.24346,0.08495,0.0037,0.03305,0.1384,0.02986,0.00279,3.50245,3.93977
695243,Mason Miller,SD,28,projected,,,reliever,MLB,52.8,0.0,0.0,210.1,33.5,23.8,5.7,0.4,3.6,21.1,1.7,80.4,13.4,15.1,0.0,0.0,2.29,1.03,13.7,3.6,0.61,3.98,0.38257,0.10023,0.00832,0.01704,0.11327,0.02705,0.00213,2.29256,2.57881
688642,Zach Agnos,COL,26,projected,,,reliever,MLB,52.6,0.0,0.0,230.9,54.0,35.3,11.2,1.4,6.1,21.5,2.2,36.6,26.4,29.7,0.0,0.0,4.51,1.44,6.26,3.68,1.04,4.389,0.15861,0.09298,0.00961,0.02641,0.15268,0.04848,0.0062,4.51114,5.0744
669387,Carmen Mlodzinski,PIT,28,projected,,,reliever,MLB,52.6,0.0,0.0,226.9,53.0,37.0,10.8,0.8,4.4,18.7,2.0,45.0,23.3,26.2,0.0,0.0,3.98,1.36,7.7,3.2,0.75,4.314,0.19814,0.08236,0.0087,0.01941,0.16302,0.04752,0.00372,3.98302,4.48033
669199,Lake Bachar,PIT,32,projected,,,reliever,MLB,52.6,0.0,0.0,221.3,43.6,26.1,8.1,0.7,8.7,21.9,2.6,54.3,23.3,26.2,0.0,0.0,3.98,1.25,9.29,3.75,1.49,4.208,0.24535,0.09881,0.01175,0.03938,0.1181,0.03667,0.00309,3.98278,4.48006
667463,John King,MIA,32,projected,,,reliever,MLB,52.6,0.0,0.0,223.2,52.6,34.2,9.5,0.9,8.0,16.0,1.4,34.7,25.3,28.5,0.0,0.0,4.33,1.3,5.94,2.74,1.37,4.244,0.15552,0.07156,0.00624,0.03584,0.15313,0.04267,0.00416,4.3313,4.8721
643410,Mark Leiter Jr.,OAK,36,projected,,,reliever,MLB,52.6,0.0,0.0,222.9,45.8,33.2,7.4,0.5,4.7,19.0,4.9,58.9,20.3,22.8,0.0,0.0,3.47,1.23,10.08,3.25,0.8,4.238,0.26428,0.08506,0.02203,0.02127,0.14879,0.0333,0.00218,3.4702,3.90349
663969,Tyler Phillips,MIA,29,projected,,,reliever,MLB,52.6,0.0,0.0,226.7,51.5,34.0,9.1,0.8,7.6,20.2,1.7,41.4,25.3,28.4,0.0,0.0,4.33,1.36,7.08,3.46,1.3,4.31,0.18279,0.08916,0.00739,0.03342,0.15018,0.04026,0.00373,4.32563,4.86572
663687,Hogan Harris,OAK,30,projected,,,reliever,MLB,52.5,0.0,0.0,229.5,48.0,32.3,8.7,0.6,6.4,26.3,2.4,52.5,24.0,26.9,0.0,0.0,4.11,1.42,9.0,4.51,1.1,4.372,0.22863,0.11447,0.01049,0.02769,0.14058,0.03788,0.00255,4.10623,4.61893
605130,Scott Barlow,OAK,34,projected,,,reliever,MLB,52.5,0.0,0.0,228.5,44.2,28.7,7.2,0.5,7.8,26.9,4.4,55.1,24.0,27.0,0.0,0.0,4.11,1.35,9.45,4.61,1.34,4.353,0.24129,0.1177,0.01941,0.0342,0.12578,0.03148,0.00218,4.10981,4.62296
660853,Enyel De Los Santos,HOU,31,projected,,,reliever,MLB,52.4,0.0,0.0,221.8,48.3,29.2,10.7,0.8,7.6,18.5,2.4,50.5,24.1,27.1,0.0,0.0,4.14,1.27,8.67,3.18,1.31,4.232,0.22771,0.08332,0.01076,0.03447,0.13172,0.04802,0.00341,4.14,4.65692
678906,Kai-Wei Teng,HOU,28,projected,,,reliever,MLB,52.4,0.0,0.0,234.3,48.6,32.1,9.3,1.0,6.2,24.4,8.7,52.1,25.7,28.9,0.0,0.0,4.41,1.39,8.95,4.19,1.06,4.471,0.22232,0.10415,0.03711,0.02636,0.13715,0.03948,0.00427,4.40795,4.95833
656945,Tanner Scott,LAD,32,projected,,,reliever,MLB,52.4,0.0,0.0,220.6,44.9,31.0,8.0,0.5,5.4,20.9,2.3,62.9,20.2,22.8,0.0,0.0,3.48,1.26,10.8,3.59,0.93,4.21,0.28527,0.09466,0.01046,0.02436,0.14034,0.03615,0.00207,3.47596,3.90996
623352,Josh Hader,HOU,33,projected,,,reliever,MLB,52.1,0.0,0.0,209.0,35.4,21.1,7.7,0.6,6.0,19.8,2.0,69.3,16.9,19.0,0.0,0.0,2.92,1.06,11.97,3.42,1.04,4.011,0.33134,0.09494,0.00946,0.02867,0.10107,0.03663,0.00289,2.9226,3.28752
642701,Dennis Santana,ARI,31,projected,,,reliever,MLB,52.0,0.0,0.0,217.9,44.4,27.3,8.5,0.9,7.7,19.0,3.0,46.7,22.7,25.5,0.0,0.0,3.92,1.22,8.08,3.29,1.33,4.19,0.21422,0.08739,0.01363,0.03533,0.12507,0.03898,0.00435,3.92496,4.41503
667297,Tommy Nance,MIN,36,projected,,,reliever,MLB,51.9,0.0,0.0,222.3,49.0,34.5,8.5,0.6,5.4,19.8,2.4,54.6,22.0,24.8,0.0,0.0,3.82,1.33,9.47,3.43,0.94,4.283,0.24544,0.08896,0.01072,0.02417,0.15513,0.03811,0.00273,3.81636,4.29287
664299,Cristian Javier,HOU,30,projected,,,starter,MLB,51.7,0.0,0.0,218.1,44.6,28.2,9.0,1.0,6.4,21.0,1.9,51.9,23.0,24.6,0.0,0.0,4.01,1.27,9.03,3.66,1.11,4.218,0.23802,0.0962,0.00893,0.02942,0.1293,0.04104,0.00455,4.00555,4.28859
572955,Pierce Johnson,CIN,36,projected,,,reliever,MLB,51.5,0.0,0.0,216.2,44.6,28.3,8.3,0.7,7.3,20.7,0.8,54.1,22.0,24.7,0.0,0.0,3.84,1.27,9.45,3.62,1.28,4.198,0.25024,0.09563,0.00359,0.03394,0.13111,0.03855,0.00326,3.84219,4.32193
641154,Pablo López,MIN,31,projected,,,starter,MLB,51.1,0.0,0.0,210.7,46.0,31.7,7.2,0.7,6.4,13.6,2.4,52.7,21.2,22.7,0.0,0.0,3.73,1.17,9.28,2.4,1.13,4.123,0.25005,0.06432,0.01133,0.03024,0.15036,0.03411,0.00313,3.73041,3.99401
690986,Kyle Harrison,MIL,25,projected,,,starter,MLB,51.0,0.0,0.0,216.5,47.8,29.9,9.9,0.9,7.1,17.0,3.1,52.5,24.5,26.3,0.0,0.0,4.33,1.27,9.26,3.0,1.25,4.245,0.24266,0.07875,0.01434,0.03285,0.13801,0.04556,0.0043,4.32854,4.63441
683618,Edgardo Henriquez,LAD,25,projected,,,reliever,MLB,50.9,0.0,0.0,212.7,40.9,28.5,7.8,0.6,4.0,19.9,3.6,54.5,18.3,20.6,0.0,0.0,3.23,1.19,9.64,3.52,0.71,4.179,0.25643,0.0935,0.01703,0.0188,0.13419,0.03646,0.00292,3.23115,3.63459
689254,Mason Fluharty,TOR,25,projected,,,reliever,MLB,50.8,0.0,0.0,212.5,41.1,26.6,8.1,0.5,5.9,21.9,1.5,50.9,20.0,22.4,0.0,0.0,3.54,1.24,9.02,3.88,1.05,4.184,0.23952,0.10328,0.00712,0.02753,0.12531,0.03808,0.00252,3.53512,3.97651
681911,Alex Vesia,LAD,31,projected,,,reliever,MLB,50.7,0.0,0.0,208.2,36.1,23.5,6.9,0.5,5.2,22.5,1.8,62.8,17.2,19.4,0.0,0.0,3.06,1.16,11.15,3.99,0.92,4.107,0.30141,0.10827,0.00885,0.02506,0.11275,0.03332,0.00252,3.05949,3.4415
669084,DL Hall,MIL,28,projected,,,reliever,MLB,50.6,0.0,0.0,217.5,43.9,30.2,7.8,0.7,5.2,24.4,1.9,50.1,21.0,23.7,0.0,0.0,3.74,1.35,8.91,4.34,0.92,4.299,0.23035,0.11234,0.00861,0.02368,0.13887,0.03583,0.00313,3.74273,4.21005
820862,José Fermin,LAA,25,projected,,,reliever,MLB,50.5,0.0,0.0,219.1,44.9,29.7,7.6,0.7,6.9,24.3,2.8,53.2,22.9,25.8,0.0,0.0,4.08,1.37,9.48,4.33,1.23,4.338,0.24266,0.11096,0.01281,0.03134,0.13571,0.03457,0.00316,4.08344,4.5933
702885,Cesar Perdomo,SF,25,projected,,,starter,MLB,50.5,0.0,0.0,214.3,49.2,32.6,9.2,0.8,6.6,16.9,1.1,40.2,24.1,25.9,0.0,0.0,4.3,1.31,7.16,3.01,1.18,4.243,0.18739,0.07886,0.0049,0.03066,0.15225,0.04298,0.0038,4.30291,4.60697
666661,Juan Morillo,ARI,28,projected,,,reliever,MLB,50.4,0.0,0.0,212.9,42.3,30.4,7.1,0.8,4.0,20.8,3.0,52.8,18.8,21.1,0.0,0.0,3.36,1.25,9.43,3.71,0.71,4.224,0.24788,0.09781,0.01421,0.01878,0.14272,0.03314,0.00372,3.35723,3.77641
680742,Jonathan Bowlan,PHI,30,projected,,,reliever,MLB,50.4,0.0,0.0,207.3,41.7,28.3,5.9,0.6,6.9,16.9,2.0,54.6,19.3,21.7,0.0,0.0,3.45,1.16,9.75,3.02,1.23,4.114,0.26335,0.08151,0.00962,0.03306,0.13647,0.02845,0.00288,3.45042,3.88124
592094,Jason Adam,SD,35,projected,,,reliever,MLB,50.3,0.0,0.0,208.3,39.4,26.7,7.1,0.4,5.2,17.6,4.8,52.6,18.4,20.7,0.0,0.0,3.29,1.13,9.41,3.15,0.93,4.142,0.25267,0.08428,0.02317,0.02507,0.128,0.03415,0.00211,3.29145,3.70241
673513,Yuki Matsui,SD,31,projected,,,reliever,MLB,50.2,0.0,0.0,209.8,38.0,23.8,6.8,0.5,6.9,24.6,1.0,50.4,19.9,22.4,0.0,0.0,3.57,1.25,9.04,4.41,1.24,4.179,0.24003,0.1172,0.00457,0.033,0.1133,0.0324,0.0025,3.56569,4.0109
678368,Valente Bellozo,COL,27,projected,,,starter,MLB,50.1,0.0,0.0,215.4,50.4,30.5,8.8,1.0,10.1,16.8,2.3,36.0,28.1,30.1,0.0,0.0,5.05,1.34,6.47,3.02,1.81,4.3,0.16697,0.07819,0.01045,0.04676,0.14145,0.04093,0.00473,5.04967,5.4065
608032,Carlos Estévez,KC,34,projected,,,reliever,MLB,50.0,0.0,0.0,210.2,43.4,25.6,10.1,0.8,6.9,18.7,2.4,47.3,22.1,24.8,0.0,0.0,3.97,1.24,8.51,3.37,1.24,4.203,0.2248,0.08884,0.01122,0.03277,0.1219,0.04821,0.00403,3.97488,4.47118
656638,Alex Lange,KC,31,projected,,,reliever,MLB,50.0,0.0,0.0,220.5,42.5,27.0,8.8,0.8,5.9,27.9,4.4,53.1,22.9,25.8,0.0,0.0,4.13,1.41,9.56,5.02,1.06,4.41,0.241,0.12675,0.02015,0.02675,0.12246,0.03983,0.0035,4.13014,4.64582
642528,Jonathan Loáisiga,ARI,32,projected,,,reliever,MLB,49.8,0.0,0.0,210.4,49.3,34.3,8.9,0.9,5.2,14.2,1.9,38.6,21.5,24.2,0.0,0.0,3.88,1.28,6.98,2.57,0.94,4.224,0.18331,0.06752,0.00916,0.02456,0.16299,0.04209,0.00408,3.88151,4.36615
665795,Edward Cabrera,CHC,29,projected,,,starter,MLB,49.6,0.0,0.0,219.3,47.9,31.1,9.1,0.7,7.0,23.8,3.2,52.6,25.9,27.7,0.0,0.0,4.7,1.45,9.54,4.32,1.27,4.422,0.23985,0.10832,0.01468,0.03188,0.14173,0.04169,0.00302,4.69766,5.02961
656234,Jake Bird,WSH,31,projected,,,reliever,MLB,49.5,0.0,0.0,214.1,45.7,28.0,10.2,0.7,6.8,20.1,4.1,46.1,23.7,26.6,0.0,0.0,4.3,1.33,8.38,3.65,1.24,4.326,0.21524,0.09375,0.01913,0.0319,0.13091,0.04773,0.00327,4.30348,4.8408
669371,Cole Henry,WSH,27,projected,,,reliever,MLB,49.5,0.0,0.0,223.2,45.8,29.2,9.0,0.6,7.0,24.6,8.7,47.8,25.5,28.7,0.0,0.0,4.64,1.42,8.69,4.47,1.27,4.51,0.21421,0.11021,0.03892,0.03135,0.1309,0.04013,0.00262,4.64494,5.22491
669622,Anthony Bender,MIA,32,projected,,,reliever,MLB,49.5,0.0,0.0,207.8,41.7,27.8,9.2,0.7,4.0,18.8,3.2,49.1,18.9,21.3,0.0,0.0,3.44,1.22,8.93,3.42,0.73,4.198,0.23625,0.09041,0.01526,0.01907,0.13373,0.0444,0.00325,3.43801,3.86728
666277,George Soriano,STL,28,projected,,,reliever,MLB,49.4,0.0,0.0,216.8,46.0,29.2,9.4,0.8,6.6,23.2,3.7,47.3,24.0,27.0,0.0,0.0,4.37,1.4,8.62,4.23,1.2,4.388,0.21798,0.10715,0.01688,0.03061,0.13457,0.04313,0.00387,4.36973,4.91533
547973,Aroldis Chapman,BOS,39,projected,,,reliever,MLB,49.3,0.0,0.0,202.9,34.6,24.1,6.0,0.5,4.0,23.6,1.0,66.8,15.5,17.4,0.0,0.0,2.83,1.18,12.19,4.31,0.73,4.115,0.32912,0.11639,0.00505,0.01965,0.11896,0.02981,0.0023,2.8252,3.17796
681190,Randy Vásquez,SD,28,projected,,,starter,MLB,49.3,0.0,0.0,214.8,51.6,33.2,10.0,1.0,7.4,16.8,2.7,32.6,26.9,28.8,0.0,0.0,4.92,1.39,5.95,3.07,1.35,4.356,0.15156,0.07816,0.01274,0.03454,0.15468,0.0465,0.00468,4.91658,5.26401
641329,Bryan Baker,TB,32,projected,,,reliever,MLB,49.2,0.0,0.0,204.1,41.7,25.6,9.0,0.7,6.4,17.8,1.2,52.8,20.2,22.7,0.0,0.0,3.69,1.21,9.66,3.26,1.17,4.149,0.25876,0.08726,0.00604,0.03157,0.12553,0.04411,0.00339,3.68746,4.14788
571927,Steven Matz,TB,36,projected,,,reliever,MLB,49.2,0.0,0.0,206.2,47.7,31.0,9.8,0.7,6.2,13.7,1.6,40.7,21.8,24.6,0.0,0.0,3.99,1.25,7.45,2.51,1.13,4.192,0.19743,0.06621,0.00771,0.03028,0.1501,0.04742,0.00346,3.9939,4.49258
606160,Rafael Montero,DET,36,projected,,,reliever,MLB,49.0,0.0,0.0,209.1,41.7,28.3,6.6,0.6,6.2,22.9,1.8,47.1,20.7,23.3,0.0,0.0,3.8,1.32,8.65,4.21,1.14,4.267,0.2254,0.10943,0.00854,0.02969,0.13537,0.03134,0.00302,3.7966,4.27065
445276,Kenley Jansen,DET,39,projected,,,reliever,MLB,49.0,0.0,0.0,202.4,39.0,22.3,7.1,0.7,8.9,19.3,1.4,53.5,21.0,23.7,0.0,0.0,3.86,1.19,9.83,3.54,1.63,4.13,0.26423,0.09534,0.00696,0.04412,0.11,0.035,0.00334,3.86359,4.346
672841,Carlos Vargas,SEA,27,projected,,,reliever,MLB,48.6,0.0,0.0,208.6,46.0,32.0,8.1,0.6,5.3,15.6,5.3,39.5,21.4,24.1,0.0,0.0,3.97,1.27,7.31,2.89,0.98,4.292,0.18917,0.07499,0.02563,0.02529,0.15351,0.03906,0.00275,3.96617,4.46138
660825,Eduard Bazardo,SEA,31,projected,,,reliever,MLB,48.6,0.0,0.0,202.5,42.5,27.2,7.6,0.7,7.0,17.0,1.5,48.4,20.5,23.0,0.0,0.0,3.79,1.22,8.96,3.15,1.3,4.167,0.23913,0.08407,0.00758,0.0344,0.13418,0.03742,0.00322,3.7904,4.26367
656986,Bennett Sousa,HOU,32,projected,,,reliever,MLB,48.3,0.0,0.0,201.7,41.2,25.2,9.4,0.8,5.8,19.1,0.7,47.5,19.9,22.4,0.0,0.0,3.72,1.25,8.85,3.56,1.08,4.175,0.2356,0.0948,0.0035,0.0286,0.12493,0.04651,0.00393,3.71552,4.17943
664991,Grant Wolfram,BAL,30,projected,,,reliever,MLB,48.2,0.0,0.0,202.7,42.1,29.3,7.8,0.6,4.4,17.4,2.8,48.9,18.8,21.1,0.0,0.0,3.5,1.23,9.13,3.25,0.82,4.206,0.2412,0.08588,0.01372,0.02155,0.14437,0.03872,0.00316,3.50203,3.93929
518585,Fernando Cruz,NYY,37,projected,,,reliever,MLB,47.6,0.0,0.0,199.6,35.7,20.6,8.6,0.6,5.9,23.4,1.8,62.6,18.8,21.1,0.0,0.0,3.55,1.24,11.84,4.42,1.12,4.194,0.31348,0.11731,0.00885,0.02974,0.10314,0.04319,0.00317,3.5529,3.99651
570632,José Ureña,LAA,35,projected,,,reliever,MLB,47.5,0.0,0.0,211.4,51.8,31.9,10.0,0.8,9.1,19.7,1.5,32.8,27.5,31.0,0.0,0.0,5.22,1.51,6.21,3.73,1.72,4.451,0.15501,0.09341,0.00709,0.04317,0.15113,0.04714,0.00366,5.21936,5.87105
686218,Emmet Sheehan,LAD,27,projected,,,starter,MLB,47.2,0.0,0.0,196.7,41.3,24.7,9.4,0.8,6.4,15.7,2.2,52.7,21.2,22.7,0.0,0.0,4.03,1.21,10.05,2.99,1.22,4.168,0.2677,0.08007,0.01116,0.03243,0.12563,0.04772,0.0041,4.03474,4.31985
668933,Graham Ashcraft,CIN,29,projected,,,reliever,MLB,46.9,0.0,0.0,206.4,48.6,34.9,9.3,0.8,3.6,18.4,2.8,39.1,21.6,24.3,0.0,0.0,4.14,1.43,7.5,3.53,0.69,4.4,0.1893,0.08922,0.01355,0.01752,0.16896,0.04495,0.00378,4.13722,4.65379
622088,Tejay Antone,CIN,33,projected,,,reliever,MLB,46.9,0.0,0.0,200.6,42.3,26.4,8.7,0.6,6.6,17.0,4.7,46.6,21.5,24.2,0.0,0.0,4.13,1.26,8.94,3.26,1.27,4.277,0.23241,0.08461,0.02332,0.0329,0.13153,0.04345,0.00307,4.12829,4.64375
548384,Brooks Raley,PHI,39,projected,,,reliever,MLB,46.8,0.0,0.0,197.5,39.8,24.5,8.7,0.5,6.1,17.2,4.1,47.6,20.0,22.5,0.0,0.0,3.85,1.22,9.15,3.31,1.17,4.22,0.24107,0.08707,0.02074,0.03066,0.12416,0.04426,0.00276,3.8529,4.33397
656240,Scott Blewett,OAK,31,projected,,,reliever,MLB,46.8,0.0,0.0,197.3,43.1,30.7,6.6,0.5,5.3,16.7,1.1,39.9,19.3,21.7,0.0,0.0,3.7,1.28,7.67,3.21,1.02,4.215,0.20235,0.08461,0.00568,0.02666,0.1556,0.03363,0.00274,3.70492,4.16751
621383,Tanner Banks,PHI,35,projected,,,reliever,MLB,46.8,0.0,0.0,196.8,44.4,29.7,7.4,0.6,6.7,14.4,1.7,43.5,20.7,23.3,0.0,0.0,3.98,1.26,8.37,2.77,1.29,4.205,0.22105,0.07314,0.00853,0.03386,0.15112,0.0376,0.00306,3.97502,4.47134
668941,JoJo Romero,MIL,30,projected,,,reliever,MLB,46.6,0.0,0.0,199.8,44.0,29.3,8.5,0.5,5.7,17.5,2.6,44.4,20.9,23.5,0.0,0.0,4.04,1.32,8.58,3.38,1.1,4.288,0.22236,0.08764,0.0128,0.0284,0.14677,0.04239,0.00267,4.03751,4.54163
622608,Antonio Senzatela,MIL,32,projected,,,reliever,MLB,46.6,0.0,0.0,209.6,55.4,37.8,10.5,1.1,6.0,16.5,2.0,31.4,26.1,29.3,0.0,0.0,5.03,1.54,6.06,3.19,1.16,4.497,0.14982,0.07869,0.00941,0.02855,0.18025,0.04999,0.00531,5.03443,5.66302
544150,Albert Suárez,BAL,37,projected,,,reliever,MLB,46.3,0.0,0.0,195.2,44.1,27.4,10.5,0.8,5.4,15.2,1.0,37.2,20.8,23.4,0.0,0.0,4.04,1.28,7.23,2.95,1.05,4.216,0.19038,0.07762,0.00525,0.02775,0.14031,0.05386,0.00431,4.04238,4.54711
552640,Andrew Kittredge,BAL,37,projected,,,reliever,MLB,46.3,0.0,0.0,191.4,44.2,27.9,8.7,0.7,6.9,12.0,0.4,43.4,20.4,22.9,0.0,0.0,3.96,1.21,8.44,2.33,1.34,4.133,0.227,0.06245,0.00211,0.03597,0.14553,0.04523,0.00386,3.95771,4.45186
694753,Khristian Curtis,PIT,25,projected,,,starter,MLB,46.2,0.0,0.0,201.0,43.3,29.8,7.0,0.5,6.0,20.7,2.3,39.3,22.4,24.0,0.0,0.0,4.37,1.39,7.66,4.03,1.17,4.351,0.19576,0.10322,0.01152,0.02993,0.1485,0.03483,0.00245,4.37222,4.68118
687362,Connor Gillispie,MIA,29,projected,,,starter,MLB,46.1,0.0,0.0,196.8,42.7,25.9,8.2,0.6,8.0,18.2,1.6,41.2,23.5,25.2,0.0,0.0,4.59,1.32,8.04,3.55,1.56,4.269,0.20926,0.09267,0.00819,0.04072,0.13153,0.04169,0.00288,4.58779,4.91198
690925,Clayton Beeter,WSH,28,projected,,,reliever,MLB,46.1,0.0,0.0,200.6,38.3,24.4,6.7,0.6,6.6,26.0,2.0,47.9,20.9,23.5,0.0,0.0,4.08,1.39,9.35,5.08,1.29,4.352,0.23888,0.12962,0.00974,0.03295,0.12187,0.03341,0.00299,4.08209,4.59178
683155,Joey Estes,OAK,25,projected,,,starter,MLB,46.1,0.0,0.0,200.4,49.4,25.7,13.3,0.9,9.5,12.8,4.0,34.8,28.5,30.5,0.0,0.0,5.56,1.35,6.79,2.5,1.85,4.347,0.1736,0.06376,0.02004,0.04724,0.12829,0.06613,0.00442,5.56405,5.95723
702021,Will Dion,WSH,27,projected,,,reliever,MLB,46.1,0.0,0.0,192.7,40.6,25.6,6.9,0.5,7.6,16.5,1.3,47.3,20.3,22.8,0.0,0.0,3.96,1.24,9.23,3.22,1.48,4.181,0.24567,0.08564,0.00686,0.03955,0.1328,0.03575,0.00267,3.95903,4.45336
681895,Evan Sisk,PIT,30,projected,,,reliever,MLB,46.0,0.0,0.0,201.1,37.9,25.8,7.8,0.5,3.8,22.4,6.9,49.4,19.1,21.5,0.0,0.0,3.74,1.31,9.67,4.38,0.74,4.372,0.24588,0.11118,0.03407,0.01896,0.12829,0.03857,0.00269,3.74325,4.21063
663558,Jovani Morán,BOS,30,projected,,,reliever,MLB,45.9,0.0,0.0,195.3,38.0,24.1,8.5,0.5,4.9,22.8,0.8,50.3,18.7,21.1,0.0,0.0,3.67,1.32,9.86,4.47,0.96,4.255,0.25736,0.11692,0.0041,0.02487,0.12324,0.04356,0.00264,3.67148,4.1299
592454,Tommy Kahnle,BOS,37,projected,,,reliever,MLB,45.9,0.0,0.0,197.2,40.2,25.9,9.1,0.8,4.4,21.2,2.0,43.2,19.7,22.2,0.0,0.0,3.86,1.34,8.47,4.16,0.86,4.296,0.21926,0.10741,0.01034,0.02244,0.13128,0.04632,0.00419,3.86108,4.34317
656529,Sam Hentges,SF,30,projected,,,reliever,MLB,45.7,0.0,0.0,192.7,39.1,28.2,7.4,0.6,2.9,18.6,1.9,47.7,16.6,18.7,0.0,0.0,3.28,1.26,9.39,3.66,0.57,4.216,0.24777,0.09628,0.00994,0.01484,0.14626,0.03857,0.00315,3.27733,3.68653
641482,Nestor Cortes,SD,32,projected,,,starter,MLB,45.7,0.0,0.0,189.0,41.1,24.8,7.5,0.6,8.2,13.5,1.3,43.5,21.6,23.1,0.0,0.0,4.26,1.19,8.57,2.66,1.61,4.135,0.23015,0.07164,0.00666,0.04335,0.13108,0.03985,0.00295,4.25708,4.5579
676508,Ben Casparius,LAD,28,projected,,,reliever,MLB,45.4,0.0,0.0,190.6,41.7,26.2,9.7,0.8,5.0,15.0,1.6,41.3,19.4,21.9,0.0,0.0,3.85,1.25,8.19,2.97,0.99,4.198,0.21655,0.07889,0.0084,0.02621,0.13749,0.05104,0.00412,3.8538,4.33498
605447,Jordan Romano,COL,34,projected,,,reliever,MLB,45.1,0.0,0.0,190.5,38.5,23.7,7.7,0.7,6.4,18.2,2.3,47.8,19.6,22.1,0.0,0.0,3.92,1.26,9.54,3.63,1.28,4.223,0.25095,0.09528,0.01232,0.03365,0.12466,0.04062,0.00366,3.9168,4.40584
696147,Sam Bachman,LAA,27,projected,,,reliever,MLB,45.1,0.0,0.0,199.8,42.4,26.0,9.1,0.6,6.7,23.0,3.0,42.2,23.0,25.9,0.0,0.0,4.59,1.45,8.42,4.59,1.34,4.431,0.21143,0.11519,0.01504,0.03345,0.13024,0.04549,0.00323,4.59288,5.16634
694918,Blade Tidwell,SF,26,projected,,,reliever,MLB,44.9,0.0,0.0,195.9,42.7,28.4,7.1,0.6,6.6,18.4,4.0,37.8,21.8,24.5,0.0,0.0,4.37,1.36,7.58,3.69,1.32,4.364,0.19271,0.09411,0.0205,0.03345,0.14505,0.03605,0.00329,4.36789,4.91326
666374,Matt Brash,SEA,29,projected,,,reliever,MLB,44.6,0.0,0.0,187.4,35.5,25.2,6.4,0.6,3.3,19.0,3.1,51.9,15.8,17.8,0.0,0.0,3.19,1.22,10.47,3.83,0.67,4.201,0.27685,0.1013,0.0163,0.01776,0.13434,0.034,0.00295,3.18984,3.58812
607455,Anthony Banda,MIN,33,projected,,,reliever,MLB,44.5,0.0,0.0,190.8,37.9,23.7,8.8,0.6,4.8,19.7,3.5,41.8,19.3,21.7,0.0,0.0,3.9,1.29,8.45,3.98,0.97,4.288,0.2191,0.10317,0.0184,0.02534,0.12447,0.046,0.00332,3.89587,4.38231
518886,Craig Kimbrel,KC,39,projected,,,reliever,MLB,44.5,0.0,0.0,189.8,36.0,24.9,6.4,0.7,4.0,21.1,3.2,50.6,17.2,19.3,0.0,0.0,3.47,1.28,10.23,4.27,0.81,4.266,0.26684,0.11105,0.01673,0.02106,0.13099,0.03366,0.00363,3.47364,3.90736
472610,Luis García,MIN,40,projected,,,reliever,MLB,44.5,0.0,0.0,190.9,42.6,29.0,8.5,0.7,4.4,16.1,2.7,38.6,19.5,21.9,0.0,0.0,3.95,1.32,7.81,3.26,0.89,4.291,0.20238,0.08438,0.01392,0.02292,0.15182,0.04449,0.00355,3.94586,4.43854
656222,Jalen Beeks,TEX,33,projected,,,reliever,MLB,44.5,0.0,0.0,187.2,39.5,26.9,7.7,0.6,4.3,16.6,1.4,39.2,17.9,20.1,0.0,0.0,3.62,1.26,7.93,3.36,0.87,4.206,0.20964,0.08862,0.00772,0.0232,0.14374,0.04105,0.00307,3.61707,4.0687
703725,Luis Gastelum,STL,25,projected,,,reliever,MLB,44.4,0.0,0.0,186.4,39.2,23.4,8.5,0.8,6.5,15.5,2.4,46.5,19.7,22.2,0.0,0.0,4.0,1.23,9.43,3.14,1.32,4.198,0.24956,0.08292,0.01272,0.03478,0.12572,0.04558,0.0044,3.99856,4.49782
696062,Wilber Dotel,PIT,24,projected,,,reliever,MLB,44.3,0.0,0.0,185.5,39.6,29.3,5.8,0.6,3.9,16.2,0.6,40.9,16.8,18.9,0.0,0.0,3.4,1.26,8.31,3.29,0.79,4.188,0.22036,0.08729,0.00344,0.02127,0.15811,0.03131,0.00306,3.40476,3.82988
666214,Joey Wentz,ATL,29,projected,,,reliever,MLB,44.2,0.0,0.0,191.4,42.8,27.9,9.0,0.6,5.3,18.8,0.9,40.0,20.7,23.2,0.0,0.0,4.21,1.39,8.14,3.83,1.08,4.33,0.20914,0.0984,0.00485,0.02764,0.14596,0.04701,0.00335,4.20782,4.73321
656794,Sean Newcomb,CWS,34,projected,,,reliever,MLB,44.2,0.0,0.0,193.9,43.5,30.2,8.8,0.7,3.8,18.6,3.1,42.9,20.1,22.6,0.0,0.0,4.08,1.4,8.74,3.79,0.77,4.387,0.22136,0.09594,0.01595,0.01962,0.15556,0.0453,0.0036,4.08302,4.59283
621051,Steven Wilson,CWS,32,projected,,,reliever,MLB,44.2,0.0,0.0,190.1,38.1,25.1,5.3,0.5,7.2,20.6,2.7,42.5,20.2,22.7,0.0,0.0,4.11,1.33,8.65,4.19,1.47,4.302,0.22337,0.10811,0.01437,0.03784,0.13222,0.02792,0.0024,4.10909,4.62215
608718,Brent Suter,ATL,37,projected,,,reliever,MLB,44.2,0.0,0.0,187.6,44.2,30.6,7.2,0.7,5.7,13.1,1.6,36.3,20.0,22.5,0.0,0.0,4.07,1.3,7.39,2.67,1.16,4.245,0.19324,0.06992,0.00833,0.03055,0.16289,0.03814,0.00388,4.07379,4.58245
623437,Justin Topa,NYY,36,projected,,,reliever,MLB,44.0,0.0,0.0,189.8,44.1,32.7,7.4,0.6,3.4,15.0,2.5,36.0,18.8,21.1,0.0,0.0,3.84,1.34,7.36,3.07,0.7,4.314,0.18966,0.07926,0.01299,0.01799,0.1722,0.03904,0.00326,3.84264,4.32243
621112,Paul Blackburn,NYY,33,projected,,,reliever,MLB,44.0,0.0,0.0,187.4,42.2,30.4,6.6,0.5,4.7,15.5,1.4,37.5,18.7,21.1,0.0,0.0,3.83,1.31,7.67,3.17,0.96,4.259,0.20018,0.08255,0.00773,0.02515,0.16235,0.0354,0.0028,3.8291,4.3072
681892,Kody Funderburk,MIN,30,projected,,,reliever,MLB,43.9,0.0,0.0,191.4,40.4,29.5,6.0,0.5,4.4,19.7,3.4,42.1,19.0,21.3,0.0,0.0,3.89,1.37,8.63,4.04,0.9,4.36,0.22019,0.10317,0.01754,0.02323,0.15425,0.03124,0.00242,3.88587,4.37105
458677,Justin Wilson,BOS,39,projected,,,reliever,MLB,43.9,0.0,0.0,184.0,39.2,27.4,7.3,0.5,4.0,15.1,1.8,45.4,17.0,19.1,0.0,0.0,3.49,1.24,9.31,3.1,0.82,4.191,0.24685,0.0821,0.00982,0.02175,0.14898,0.03974,0.0026,3.48673,3.92208
592866,Trevor Williams,TEX,35,projected,,,starter,MLB,43.5,0.0,0.0,183.9,42.5,28.2,8.2,0.8,5.3,13.4,1.4,36.4,20.4,21.8,0.0,0.0,4.22,1.29,7.53,2.77,1.1,4.227,0.19788,0.0727,0.00762,0.02866,0.15315,0.04449,0.00425,4.21736,4.51537
663362,Matt Waldron,WSH,30,projected,,,starter,MLB,43.5,0.0,0.0,180.8,38.8,24.4,8.1,0.8,5.5,13.0,2.3,35.4,19.4,20.8,0.0,0.0,4.02,1.19,7.32,2.69,1.14,4.157,0.19596,0.07185,0.01295,0.03058,0.13491,0.04472,0.00432,4.01914,4.30314
677976,Randy Dobnak,KC,32,projected,,,starter,MLB,43.1,0.0,0.0,189.1,45.3,31.3,8.7,0.7,4.6,16.2,2.0,32.0,22.1,23.6,0.0,0.0,4.61,1.43,6.68,3.38,0.96,4.388,0.16925,0.08566,0.01073,0.02436,0.16567,0.04593,0.00382,4.60555,4.93099
671212,Joe Boyle,TB,27,projected,,,starter,MLB,43.1,0.0,0.0,187.4,36.2,24.3,7.2,0.5,4.2,23.3,2.2,45.0,19.1,20.5,0.0,0.0,3.99,1.38,9.4,4.87,0.88,4.348,0.24039,0.12449,0.01199,0.02246,0.12991,0.03859,0.00266,3.99153,4.27358
489446,Kirby Yates,PIT,40,projected,,,reliever,MLB,43.1,0.0,0.0,181.5,33.5,21.5,7.4,0.5,4.1,20.0,2.5,51.5,16.3,18.3,0.0,0.0,3.4,1.24,10.75,4.18,0.86,4.212,0.28397,0.10992,0.01375,0.02266,0.11849,0.04104,0.0025,3.40266,3.82751
628317,Kenta Maeda,DET,39,projected,,,starter,MLB,43.0,0.0,0.0,182.0,41.3,26.6,8.1,0.7,5.9,13.3,2.1,40.4,20.6,22.1,0.0,0.0,4.31,1.27,8.46,2.78,1.23,4.233,0.22215,0.07317,0.01174,0.03257,0.1461,0.04452,0.00372,4.31222,4.61694
680744,Ty Madden,DET,27,projected,,,reliever,MLB,42.9,0.0,0.0,179.2,38.0,25.5,7.5,0.7,4.3,14.4,1.9,39.2,17.1,19.2,0.0,0.0,3.58,1.22,8.22,3.02,0.9,4.176,0.21868,0.08013,0.01074,0.02379,0.14207,0.04177,0.00389,3.58095,4.02806
573204,Caleb Thielbar,CHC,40,projected,,,reliever,MLB,42.8,0.0,0.0,174.9,35.7,20.3,7.8,0.6,7.0,14.2,0.3,45.8,18.0,20.2,0.0,0.0,3.78,1.17,9.63,2.99,1.47,4.086,0.26173,0.081,0.00176,0.04019,0.11631,0.04437,0.00346,3.7821,4.25433
669674,Sam Long,KC,31,projected,,,reliever,MLB,42.6,0.0,0.0,182.8,39.3,27.1,6.8,0.6,4.8,18.0,1.3,35.8,18.6,20.9,0.0,0.0,3.93,1.35,7.56,3.8,1.01,4.29,0.1958,0.09841,0.00729,0.02629,0.14828,0.03746,0.00332,3.93023,4.42096
677955,Jaden Hill,COL,27,projected,,,reliever,MLB,42.3,0.0,0.0,184.2,38.1,25.7,7.6,0.6,4.2,19.1,3.8,39.8,18.6,20.9,0.0,0.0,3.96,1.35,8.47,4.06,0.89,4.354,0.21602,0.10344,0.02089,0.02259,0.13961,0.04123,0.00316,3.96205,4.45675
605452,Joe Ross,TEX,34,projected,,,reliever,MLB,41.9,0.0,0.0,180.9,41.7,24.9,9.2,0.7,6.9,15.9,1.3,34.2,21.5,24.2,0.0,0.0,4.62,1.37,7.35,3.42,1.48,4.317,0.18906,0.08787,0.00728,0.03814,0.13738,0.05086,0.00367,4.6166,5.19302
681217,Chase Silseth,TEX,27,projected,,,reliever,MLB,41.9,0.0,0.0,180.9,36.1,24.6,5.6,0.6,5.3,20.5,2.3,44.3,18.2,20.4,0.0,0.0,3.9,1.35,9.52,4.4,1.14,4.318,0.24513,0.11305,0.01284,0.02925,0.13596,0.03097,0.00333,3.89892,4.38574
593423,Frankie Montas,NYM,34,projected,,,starter,MLB,41.9,0.0,0.0,180.3,40.6,25.1,8.2,0.6,6.7,15.9,1.7,39.0,21.7,23.2,0.0,0.0,4.66,1.35,8.38,3.42,1.44,4.302,0.21641,0.0882,0.0093,0.03719,0.13935,0.04538,0.00347,4.65693,4.986
623149,Paul Sewald,TOR,37,projected,,,reliever,MLB,41.8,0.0,0.0,171.4,34.5,18.6,7.9,0.7,7.3,12.9,2.2,44.2,18.3,20.6,0.0,0.0,3.93,1.13,9.52,2.78,1.57,4.101,0.25806,0.07516,0.01274,0.04247,0.1087,0.04629,0.00435,3.93458,4.42585
684320,Yariel Rodríguez,TOR,30,projected,,,reliever,MLB,41.8,0.0,0.0,181.4,37.3,23.8,7.5,0.6,5.4,19.8,2.6,39.1,19.2,21.7,0.0,0.0,4.14,1.37,8.42,4.26,1.16,4.339,0.21542,0.10918,0.01407,0.02981,0.13098,0.04125,0.00327,4.14458,4.66206
680573,Simeon Woods Richardson,TOR,26,projected,,,starter,MLB,41.7,0.0,0.0,180.4,39.9,24.3,7.5,0.6,7.5,17.9,1.1,34.8,22.4,24.0,0.0,0.0,4.84,1.39,7.51,3.86,1.62,4.327,0.19282,0.09912,0.00619,0.04179,0.13466,0.04152,0.00352,4.83897,5.18091
682120,Tim Herrin,CLE,30,projected,,,reliever,MLB,41.6,0.0,0.0,180.2,34.7,22.7,7.4,0.5,4.1,20.4,3.9,42.0,17.6,19.8,0.0,0.0,3.82,1.32,9.09,4.41,0.89,4.331,0.23325,0.11322,0.02166,0.02297,0.12598,0.04085,0.0028,3.81692,4.2935
670059,Colin Holderman,CLE,31,projected,,,reliever,MLB,41.6,0.0,0.0,178.8,35.5,24.7,6.6,0.5,3.7,17.9,4.3,38.7,16.9,19.0,0.0,0.0,3.66,1.28,8.37,3.87,0.8,4.298,0.21631,0.09993,0.02424,0.02061,0.13812,0.03684,0.00255,3.65862,4.11544
663465,Kolby Allard,CLE,29,projected,,,reliever,MLB,41.6,0.0,0.0,174.6,40.5,24.9,8.3,0.5,6.8,11.9,1.1,33.2,19.7,22.2,0.0,0.0,4.27,1.26,7.18,2.57,1.47,4.197,0.19001,0.06815,0.0061,0.03878,0.14241,0.04751,0.00303,4.27244,4.8059
621074,Michael Rucker,SEA,33,projected,,,reliever,MLB,41.3,0.0,0.0,175.1,37.0,25.6,6.4,0.6,4.4,16.3,1.6,40.7,16.9,19.0,0.0,0.0,3.69,1.29,8.87,3.55,0.96,4.239,0.23271,0.09286,0.00897,0.02496,0.14617,0.03632,0.00347,3.68961,4.1503
489119,Wade Miley,CIN,40,projected,,,starter,MLB,41.2,0.0,0.0,179.8,42.5,27.0,7.6,0.6,7.3,15.5,1.8,30.8,23.0,24.6,0.0,0.0,5.02,1.41,6.73,3.39,1.59,4.365,0.17124,0.08622,0.0099,0.04065,0.15005,0.04252,0.00324,5.02227,5.37716
664208,Phil Maton,CHC,34,projected,,,reliever,MLB,41.1,0.0,0.0,178.0,36.0,24.5,6.6,0.5,4.4,16.8,5.5,45.0,17.7,19.9,0.0,0.0,3.88,1.28,9.85,3.68,0.96,4.332,0.25308,0.09437,0.03101,0.02456,0.13751,0.03717,0.00297,3.87542,4.3593
670990,Yohan Ramírez,PIT,32,projected,,,reliever,MLB,41.1,0.0,0.0,184.0,37.0,24.2,6.6,0.6,5.6,19.4,7.9,44.4,20.3,22.9,0.0,0.0,4.45,1.37,9.72,4.25,1.23,4.478,0.24119,0.1056,0.04268,0.03066,0.13173,0.03586,0.00299,4.45438,5.01055
621053,Tyler Ferguson,CHC,33,projected,,,reliever,MLB,41.1,0.0,0.0,176.6,35.0,21.9,6.1,0.5,6.5,19.0,2.9,42.7,18.8,21.1,0.0,0.0,4.11,1.31,9.35,4.16,1.42,4.298,0.24154,0.10783,0.01656,0.03664,0.12399,0.03451,0.00265,4.10776,4.62065
656557,Tanner Houck,BOS,31,projected,,,starter,MLB,41.1,0.0,0.0,180.6,43.2,29.8,7.4,0.5,5.5,14.1,3.6,36.2,21.6,23.1,0.0,0.0,4.72,1.39,7.93,3.09,1.2,4.393,0.20041,0.07786,0.01981,0.03061,0.16515,0.0407,0.00273,4.72191,5.05558
669165,Kyle Hurt,LAD,29,projected,,,reliever,MLB,41.1,0.0,0.0,174.1,36.1,23.4,7.1,0.5,5.1,17.1,1.1,43.6,17.4,19.6,0.0,0.0,3.82,1.29,9.55,3.74,1.12,4.235,0.25045,0.0985,0.0062,0.02954,0.13444,0.04078,0.00266,3.81627,4.29277
678022,Jack Perkins,OAK,27,projected,,,reliever,MLB,41.0,0.0,0.0,176.0,36.6,24.2,6.1,0.6,5.7,17.0,3.0,42.5,18.3,20.6,0.0,0.0,4.03,1.31,9.33,3.73,1.25,4.292,0.24173,0.09651,0.01686,0.03251,0.13761,0.03471,0.00314,4.02767,4.53056
680767,Victor Vodnik,MIA,27,projected,,,reliever,MLB,41.0,0.0,0.0,178.6,38.0,26.7,6.8,0.8,3.7,20.2,1.0,35.5,17.8,20.1,0.0,0.0,3.92,1.42,7.79,4.43,0.81,4.356,0.19871,0.1132,0.0054,0.02046,0.14977,0.03806,0.00439,3.91818,4.40741
805123,AJ Blubaugh,HOU,26,projected,,,reliever,MLB,40.8,0.0,0.0,173.1,36.1,21.6,7.1,0.7,6.7,17.0,1.1,40.5,18.9,21.2,0.0,0.0,4.16,1.3,8.93,3.75,1.48,4.242,0.23412,0.09846,0.00657,0.03845,0.12498,0.0409,0.00385,4.16168,4.6813
694037,Daniel Palencia,CHC,27,projected,,,reliever,MLB,40.3,0.0,0.0,171.0,35.4,24.5,6.9,0.6,3.4,16.3,2.0,42.4,15.9,17.9,0.0,0.0,3.55,1.28,9.47,3.64,0.76,4.244,0.24803,0.09522,0.01163,0.0196,0.14335,0.04024,0.00365,3.54841,3.99147
695380,Alex Hoppe,BAL,28,projected,,,reliever,MLB,40.2,0.0,0.0,172.2,36.1,25.9,7.8,0.5,1.9,16.5,2.5,39.7,15.4,17.3,0.0,0.0,3.45,1.31,8.89,3.69,0.43,4.284,0.2303,0.09596,0.01461,0.01096,0.15035,0.04515,0.003,3.44741,3.87785
571946,Shelby Miller,MIL,36,projected,,,reliever,MLB,40.0,0.0,0.0,168.0,34.5,22.2,6.6,0.6,5.1,14.0,3.0,41.3,16.7,18.8,0.0,0.0,3.76,1.21,9.29,3.15,1.15,4.2,0.24604,0.08323,0.01779,0.0303,0.13235,0.03943,0.00339,3.76309,4.23295
661403,Emmanuel Clase,CLE,29,projected,,,reliever,MLB,39.9,0.0,0.0,161.9,35.4,24.2,7.8,0.6,2.8,9.0,1.3,37.7,14.0,15.8,0.0,0.0,3.16,1.11,8.5,2.03,0.63,4.057,0.23282,0.0553,0.00809,0.01726,0.14964,0.04812,0.00358,3.16032,3.55491
593974,Wandy Peralta,SD,35,projected,,,reliever,MLB,39.9,0.0,0.0,171.9,38.0,26.3,8.6,0.6,2.5,15.4,2.4,31.8,16.7,18.8,0.0,0.0,3.78,1.34,7.17,3.47,0.56,4.308,0.18481,0.08935,0.01379,0.01445,0.15315,0.04974,0.00329,3.77768,4.24936
606996,Kyle Hart,SD,34,projected,,,reliever,MLB,39.9,0.0,0.0,167.4,34.5,21.1,7.8,0.7,4.9,14.8,1.9,35.7,17.0,19.1,0.0,0.0,3.83,1.24,8.05,3.34,1.11,4.196,0.21334,0.08829,0.01142,0.02901,0.12617,0.0467,0.00415,3.83199,4.31045
689266,Dylan Dodd,ATL,29,projected,,,reliever,MLB,39.6,0.0,0.0,165.7,37.0,22.5,8.6,0.6,5.3,11.7,1.7,35.2,17.7,19.9,0.0,0.0,4.03,1.23,8.0,2.66,1.2,4.185,0.21244,0.07046,0.01033,0.03213,0.1356,0.05179,0.00356,4.02736,4.53022
805074,Yunior Marte,SF,23,projected,,,starter,MLB,39.4,0.0,0.0,169.2,38.4,20.8,9.9,0.8,6.9,15.2,0.8,32.4,21.7,23.2,0.0,0.0,4.96,1.36,7.4,3.47,1.58,4.295,0.19156,0.09005,0.00492,0.04072,0.12296,0.05858,0.00452,4.95881,5.30922
646241,Enmanuel De Jesus,DET,30,projected,,,reliever,MLB,39.4,0.0,0.0,168.8,35.9,25.1,6.8,0.7,3.3,14.7,3.5,36.0,16.3,18.3,0.0,0.0,3.72,1.28,8.22,3.36,0.75,4.283,0.21314,0.08727,0.02061,0.01928,0.1485,0.0402,0.00406,3.71768,4.18187
621345,A.J. Minter,MIN,33,projected,,,reliever,MLB,39.4,0.0,0.0,160.4,33.2,20.9,5.0,0.5,6.8,11.4,1.0,42.8,16.1,18.1,0.0,0.0,3.67,1.13,9.78,2.6,1.55,4.07,0.26672,0.07108,0.00618,0.04238,0.13051,0.03136,0.00285,3.67367,4.13236
663738,Daniel Lynch IV,KC,30,projected,,,reliever,MLB,39.0,0.0,0.0,167.1,37.6,24.2,7.4,0.7,5.3,13.8,2.1,29.7,18.5,20.8,0.0,0.0,4.26,1.32,6.85,3.18,1.22,4.285,0.17791,0.08246,0.0124,0.03174,0.14498,0.04444,0.00423,4.26407,4.79648
681870,Erik Sabrowski,CLE,29,projected,,,reliever,MLB,38.8,0.0,0.0,163.7,27.0,14.9,6.7,0.6,4.8,21.5,2.2,51.3,15.2,17.1,0.0,0.0,3.52,1.25,11.9,4.99,1.11,4.22,0.31343,0.13125,0.01338,0.02943,0.09107,0.04113,0.00337,3.5233,3.96321
671131,Jackson Rutledge,WSH,28,projected,,,reliever,MLB,38.6,0.0,0.0,166.3,37.4,23.7,6.3,0.6,6.8,13.0,3.4,32.9,19.3,21.8,0.0,0.0,4.51,1.31,7.67,3.03,1.59,4.308,0.19782,0.07847,0.02045,0.04062,0.14262,0.03801,0.00358,4.50992,5.07303
676617,Riley O'Brien,STL,32,projected,,,reliever,MLB,38.5,0.0,0.0,170.8,35.1,24.2,6.5,0.5,3.9,18.2,5.4,38.2,17.7,19.9,0.0,0.0,4.13,1.38,8.93,4.25,0.91,4.436,0.22364,0.10629,0.03187,0.02258,0.14148,0.03822,0.00286,4.12783,4.64323
805427,Drew Sommers,DET,26,projected,,,reliever,MLB,38.4,0.0,0.0,160.3,31.2,21.5,5.6,0.4,3.7,14.1,3.0,45.3,14.2,16.0,0.0,0.0,3.33,1.18,10.62,3.3,0.87,4.174,0.28252,0.08821,0.01867,0.02322,0.13425,0.03514,0.0026,3.32657,3.74193
642121,Cole Sulser,TB,37,projected,,,reliever,MLB,38.3,0.0,0.0,160.7,34.8,22.5,6.2,0.6,5.5,14.1,0.2,36.9,16.7,18.8,0.0,0.0,3.92,1.28,8.67,3.31,1.29,4.197,0.22963,0.08805,0.0014,0.03408,0.14024,0.0387,0.00353,3.91862,4.4079
608566,Germán Márquez,SD,32,projected,,,starter,MLB,38.3,0.0,0.0,168.6,41.3,24.1,8.5,0.7,8.0,14.5,1.2,28.3,23.5,25.2,0.0,0.0,5.53,1.46,6.65,3.41,1.88,4.401,0.16783,0.08588,0.00737,0.04767,0.14265,0.05019,0.00435,5.52959,5.92033
623454,Drew Anderson,DET,33,projected,,,reliever,MLB,38.2,0.0,0.0,161.1,32.7,20.7,6.7,0.6,4.7,15.0,2.1,38.3,16.1,18.1,0.0,0.0,3.8,1.25,9.02,3.53,1.11,4.218,0.23776,0.0929,0.01315,0.02925,0.12869,0.04141,0.00391,3.79712,4.27122
663559,Bailey Falter,ATL,30,projected,,,starter,MLB,38.2,0.0,0.0,163.8,39.3,24.8,8.4,0.6,5.5,12.5,0.7,27.8,19.9,21.3,0.0,0.0,4.69,1.36,6.55,2.95,1.3,4.289,0.16987,0.07653,0.00413,0.03359,0.1517,0.05134,0.00347,4.68983,5.02123
678606,José A. Ferrer,SEA,27,projected,,,reliever,MLB,37.9,0.0,0.0,160.6,36.5,25.8,5.8,0.3,4.6,10.7,3.0,31.7,16.4,18.5,0.0,0.0,3.9,1.25,7.53,2.54,1.09,4.237,0.19759,0.06651,0.01886,0.02839,0.16064,0.03597,0.00217,3.8957,4.38212
543056,Danny Coulombe,BOS,37,projected,,,reliever,MLB,37.2,0.0,0.0,156.5,32.6,24.0,5.1,0.4,3.1,14.7,0.9,34.9,13.9,15.6,0.0,0.0,3.36,1.27,8.44,3.56,0.75,4.207,0.22321,0.09418,0.0055,0.0196,0.15367,0.03232,0.00226,3.36299,3.78289
663399,Brandon Waddell,NYM,33,projected,,,reliever,MLB,37.0,0.0,0.0,158.7,36.2,23.5,7.9,0.5,4.3,13.4,1.4,31.2,17.0,19.1,0.0,0.0,4.14,1.34,7.59,3.26,1.05,4.29,0.19685,0.08441,0.00899,0.02684,0.14794,0.04951,0.00321,4.13942,4.65626
805299,Brandyn Garcia,ARI,27,projected,,,reliever,MLB,37.0,0.0,0.0,155.0,31.0,20.7,5.6,0.5,4.2,12.1,4.2,39.9,14.7,16.5,0.0,0.0,3.57,1.16,9.71,2.94,1.02,4.19,0.25738,0.07807,0.02692,0.02712,0.13345,0.03618,0.0031,3.56996,4.0157
663460,Kris Bubic,LAD,29,projected,,,starter,MLB,36.8,0.0,0.0,155.0,32.5,21.5,7.0,0.6,3.4,14.2,1.1,35.3,15.6,16.7,0.0,0.0,3.81,1.27,8.63,3.47,0.83,4.211,0.22797,0.09136,0.00715,0.02182,0.13892,0.0449,0.00406,3.80556,4.07447
676760,Ron Marinaccio,CIN,31,projected,,,reliever,MLB,36.6,0.0,0.0,160.2,31.7,20.3,6.3,0.5,4.6,17.4,4.5,36.8,16.9,19.0,0.0,0.0,4.16,1.34,9.05,4.28,1.13,4.378,0.22976,0.10842,0.02818,0.02882,0.12662,0.03917,0.00339,4.15812,4.6773
663767,Chase Shugart,PHI,30,projected,,,reliever,MLB,36.5,0.0,0.0,154.3,32.3,19.0,7.1,0.5,5.7,13.9,1.8,34.1,16.8,18.9,0.0,0.0,4.14,1.27,8.41,3.43,1.41,4.227,0.22085,0.09017,0.01157,0.03692,0.12311,0.04574,0.00337,4.1432,4.66051
669713,Hayden Wesneski,HOU,29,projected,,,starter,MLB,36.4,0.0,0.0,151.5,32.4,20.5,5.9,0.6,5.4,11.6,1.5,32.3,16.6,17.7,0.0,0.0,4.1,1.21,7.99,2.87,1.34,4.162,0.21337,0.0766,0.00972,0.03574,0.13529,0.03915,0.00368,4.09791,4.38749
672582,Angel Zerpa,MIL,27,projected,,,reliever,MLB,36.4,0.0,0.0,157.0,37.1,25.2,6.8,0.5,4.6,12.3,1.6,31.0,17.2,19.4,0.0,0.0,4.25,1.36,7.66,3.04,1.14,4.314,0.19743,0.07848,0.01038,0.02944,0.16043,0.0431,0.0029,4.25338,4.78445
669211,Keegan Akin,BAL,32,projected,,,reliever,MLB,36.1,0.0,0.0,148.4,30.3,18.3,7.1,0.4,4.5,12.3,0.6,34.4,14.4,16.2,0.0,0.0,3.6,1.18,8.58,3.07,1.12,4.112,0.23213,0.08293,0.00411,0.03007,0.12356,0.04793,0.00297,3.60155,4.05124
800049,Adam Mazur,MIA,26,projected,,,starter,MLB,36.0,0.0,0.0,157.9,35.6,23.4,7.0,0.6,4.6,15.7,1.7,27.1,18.7,20.1,0.0,0.0,4.68,1.42,6.78,3.92,1.15,4.387,0.17154,0.09969,0.01052,0.02937,0.1479,0.04457,0.00402,4.68383,5.01481
806960,Luis Morales,OAK,24,projected,,,starter,MLB,36.0,0.0,0.0,156.0,33.8,21.7,5.7,0.4,6.0,16.0,1.2,31.3,18.5,19.8,0.0,0.0,4.63,1.38,7.82,4.0,1.5,4.332,0.20035,0.10279,0.00799,0.03859,0.13893,0.03666,0.00257,4.63383,4.96127
669062,Erik Miller,BOS,29,projected,,,reliever,MLB,35.8,0.0,0.0,155.9,28.8,19.8,5.8,0.4,2.8,20.6,2.2,41.5,14.3,16.1,0.0,0.0,3.59,1.38,10.43,5.18,0.7,4.356,0.26631,0.13221,0.01408,0.01814,0.12712,0.03709,0.00265,3.59218,4.0407
685107,Anthony Veneziano,STL,29,projected,,,reliever,MLB,35.6,0.0,0.0,151.4,32.4,21.9,6.0,0.4,4.1,13.0,2.3,32.7,15.3,17.2,0.0,0.0,3.86,1.28,8.27,3.29,1.04,4.254,0.21572,0.08601,0.01487,0.02683,0.14476,0.03985,0.00288,3.85553,4.33693
594027,Tyron Guerrero,BOS,36,projected,,,reliever,MLB,35.5,0.0,0.0,147.6,32.4,23.1,5.8,0.4,3.1,10.0,1.8,34.1,13.6,15.3,0.0,0.0,3.44,1.19,8.65,2.54,0.79,4.158,0.23076,0.06764,0.01199,0.02116,0.15623,0.03946,0.00297,3.44282,3.87269
702752,Jonathan Pintaro,NYM,29,projected,,,reliever,MLB,35.3,0.0,0.0,154.3,32.3,20.0,7.3,0.5,4.5,16.3,2.8,34.2,16.8,18.9,0.0,0.0,4.29,1.38,8.72,4.16,1.15,4.37,0.22161,0.10593,0.01839,0.02921,0.12936,0.04762,0.00294,4.28992,4.82556
592155,Cam Booser,TB,35,projected,,,reliever,MLB,35.2,0.0,0.0,144.5,28.9,18.3,5.9,0.4,4.3,12.2,0.8,35.4,13.6,15.2,0.0,0.0,3.47,1.17,9.05,3.12,1.1,4.104,0.24464,0.08473,0.00529,0.02992,0.12659,0.04094,0.00271,3.46513,3.89778
683000,Riley Cornelio,WSH,27,projected,,,reliever,MLB,35.1,0.0,0.0,153.3,30.1,19.1,5.8,0.4,4.8,20.3,0.6,35.5,16.2,18.2,0.0,0.0,4.15,1.44,9.1,5.21,1.23,4.368,0.23179,0.13224,0.00376,0.03122,0.12489,0.03811,0.00291,4.14898,4.66701
657044,Ryan Thompson,ARI,35,projected,,,reliever,MLB,34.9,0.0,0.0,150.2,36.0,24.2,7.5,0.6,3.7,10.5,1.9,28.5,16.3,18.4,0.0,0.0,4.21,1.33,7.35,2.71,0.95,4.303,0.18965,0.0699,0.01298,0.02477,0.16131,0.05006,0.00399,4.20826,4.7337
687606,Paxton Schultz,WSH,29,projected,,,reliever,MLB,34.9,0.0,0.0,146.6,31.9,21.5,5.6,0.5,4.3,11.8,1.3,32.4,14.7,16.5,0.0,0.0,3.79,1.25,8.36,3.04,1.11,4.201,0.22093,0.0807,0.0086,0.02941,0.14681,0.03791,0.00317,3.78844,4.26146
663485,Cole Sands,MIN,29,projected,,,reliever,MLB,34.7,0.0,0.0,145.9,31.6,18.9,6.3,0.5,5.9,10.6,2.6,33.2,16.2,18.3,0.0,0.0,4.21,1.22,8.61,2.75,1.53,4.204,0.22765,0.07242,0.01781,0.04072,0.12954,0.04313,0.0034,4.21277,4.73877
455119,Chris Martin,TEX,41,projected,,,reliever,MLB,34.7,0.0,0.0,140.8,32.3,21.4,6.8,0.4,3.7,6.3,1.1,34.1,13.4,15.1,0.0,0.0,3.47,1.11,8.84,1.63,0.96,4.057,0.24245,0.04454,0.00763,0.02642,0.15224,0.04823,0.003,3.47259,3.90617
673929,Jordan Leasure,CWS,28,projected,,,reliever,MLB,34.5,0.0,0.0,147.0,30.2,15.9,6.5,0.5,7.3,15.6,0.8,35.7,17.5,19.7,0.0,0.0,4.56,1.33,9.31,4.07,1.9,4.262,0.24278,0.10641,0.00518,0.04946,0.10825,0.04399,0.00327,4.55942,5.12871
519151,Ryan Pressly,CHC,38,projected,,,reliever,MLB,34.5,0.0,0.0,144.9,32.1,22.7,5.5,0.5,3.4,11.3,0.9,34.2,13.9,15.6,0.0,0.0,3.62,1.26,8.92,2.95,0.89,4.2,0.23568,0.07803,0.0063,0.02361,0.15672,0.0383,0.00347,3.62124,4.07338
650960,Daniel Duarte,NYM,30,projected,,,reliever,MLB,34.4,0.0,0.0,146.2,30.9,21.0,5.0,0.4,4.5,13.8,1.2,31.9,14.9,16.7,0.0,0.0,3.89,1.3,8.35,3.61,1.18,4.25,0.2183,0.0947,0.00826,0.03104,0.14375,0.03409,0.00269,3.88604,4.37125
657612,Tim Hill,NYY,37,projected,,,reliever,MLB,34.3,0.0,0.0,146.4,34.5,25.3,4.7,0.3,4.2,9.7,2.3,19.4,15.4,17.3,0.0,0.0,4.04,1.29,5.09,2.55,1.1,4.269,0.13281,0.06643,0.01584,0.02857,0.17306,0.0318,0.00196,4.03717,4.54124
682825,Luis Mey,CIN,26,projected,,,reliever,MLB,34.3,0.0,0.0,150.1,29.0,19.5,5.0,0.4,4.1,18.5,2.7,37.3,15.2,17.1,0.0,0.0,3.98,1.38,9.79,4.85,1.08,4.376,0.24875,0.12311,0.01766,0.02755,0.13006,0.03305,0.00294,3.97726,4.47386
650644,Aaron Civale,CHC,32,projected,,,starter,MLB,34.3,0.0,0.0,145.3,33.0,19.9,7.3,0.6,5.2,10.6,1.8,30.0,17.3,18.5,0.0,0.0,4.54,1.27,7.87,2.78,1.36,4.236,0.20669,0.07263,0.01212,0.03612,0.1368,0.05035,0.00429,4.53719,4.85781
687792,DJ Herz,WSH,26,projected,,,starter,MLB,33.9,0.0,0.0,143.1,30.0,17.7,6.1,0.5,5.7,13.1,1.1,35.1,16.5,17.7,0.0,0.0,4.38,1.27,9.32,3.48,1.51,4.22,0.24554,0.09137,0.008,0.03997,0.12396,0.04279,0.00367,4.38299,4.69271
687830,Sawyer Gipson-Long,DET,29,projected,,,starter,MLB,33.6,0.0,0.0,140.8,31.0,18.9,6.4,0.4,5.3,10.4,1.4,31.5,16.1,17.3,0.0,0.0,4.32,1.23,8.44,2.79,1.42,4.19,0.22399,0.07415,0.01,0.03794,0.13415,0.04568,0.00278,4.32354,4.62906
682847,Luis Ortiz,CLE,28,projected,,,starter,MLB,33.4,0.0,0.0,146.3,33.2,20.8,5.8,0.6,6.0,14.5,1.3,29.4,18.5,19.8,0.0,0.0,4.98,1.43,7.92,3.91,1.62,4.38,0.20097,0.09906,0.00886,0.04115,0.14226,0.03962,0.00398,4.9791,5.33094
622379,Luis F. Castillo,SEA,32,projected,,,starter,MLB,33.3,0.0,0.0,143.7,31.9,20.6,6.5,0.5,4.3,13.8,1.0,29.6,16.4,17.5,0.0,0.0,4.43,1.37,8.0,3.73,1.16,4.314,0.20626,0.09632,0.00668,0.03012,0.14352,0.04501,0.00315,4.42876,4.74172
641656,Ian Hamilton,NYY,32,projected,,,reliever,MLB,33.1,0.0,0.0,141.7,28.7,18.9,5.7,0.4,3.7,14.9,1.7,34.4,14.0,15.8,0.0,0.0,3.82,1.32,9.35,4.05,1.01,4.28,0.24248,0.10502,0.01183,0.02646,0.1333,0.04023,0.00261,3.81842,4.29519
682608,Peyton Gray,TEX,32,projected,,,reliever,MLB,32.7,0.0,0.0,136.3,29.0,18.9,5.3,0.4,4.4,10.4,1.6,31.3,13.7,15.4,0.0,0.0,3.78,1.2,8.61,2.86,1.21,4.169,0.22935,0.07595,0.01208,0.03231,0.13895,0.039,0.00298,3.7794,4.25129
668964,Tobias Myers,NYM,28,projected,,,starter,MLB,32.7,0.0,0.0,137.5,31.5,20.7,6.2,0.5,4.1,9.7,1.0,27.4,15.2,16.3,0.0,0.0,4.19,1.26,7.54,2.67,1.13,4.206,0.19921,0.07034,0.00734,0.0298,0.15078,0.04544,0.0038,4.19418,4.49056
543101,Anthony DeSclafani,ARI,37,projected,,,reliever,MLB,32.5,0.0,0.0,136.2,30.8,18.4,6.4,0.6,5.4,8.7,2.0,27.1,15.5,17.4,0.0,0.0,4.29,1.22,7.5,2.41,1.5,4.19,0.19924,0.06381,0.01461,0.03993,0.13503,0.04666,0.00467,4.28631,4.8215
683769,Hunter Gaddis,CLE,29,projected,,,reliever,MLB,32.5,0.0,0.0,137.0,30.3,21.1,4.6,0.4,4.2,10.4,1.6,30.0,13.8,15.6,0.0,0.0,3.83,1.25,8.31,2.88,1.16,4.216,0.21882,0.07616,0.01187,0.03059,0.15434,0.0333,0.00282,3.83247,4.31099
669020,Ryan Rolison,CHC,29,projected,,,reliever,MLB,32.1,0.0,0.0,138.8,30.9,20.4,6.1,0.5,3.9,14.1,0.2,26.4,15.0,16.8,0.0,0.0,4.19,1.4,7.4,3.95,1.09,4.325,0.18998,0.10178,0.0017,0.02799,0.14706,0.04409,0.00382,4.19444,4.71815
605335,Brandon Leibrandt,CIN,34,projected,,,starter,MLB,32.1,0.0,0.0,136.7,30.6,20.5,5.5,0.4,4.2,11.6,0.9,27.0,15.3,16.3,0.0,0.0,4.28,1.31,7.57,3.25,1.18,4.26,0.19755,0.08505,0.00635,0.03102,0.15031,0.04034,0.00311,4.28091,4.58342
686930,Mason Barnett,OAK,26,projected,,,reliever,MLB,32.0,0.0,0.0,140.3,30.1,18.7,5.7,0.4,5.3,15.6,1.3,29.2,16.2,18.2,0.0,0.0,4.56,1.43,8.21,4.39,1.49,4.385,0.20787,0.11134,0.00961,0.03759,0.13348,0.04067,0.00304,4.5581,5.12722
685126,Brandon Eisert,PIT,29,projected,,,reliever,MLB,32.0,0.0,0.0,135.0,28.9,18.0,5.7,0.4,4.8,11.3,1.6,31.4,14.4,16.2,0.0,0.0,4.06,1.26,8.83,3.18,1.35,4.22,0.23236,0.08351,0.01172,0.03546,0.13319,0.04259,0.00319,4.05521,4.56154
687312,Gabriel Hughes,COL,25,projected,,,starter,MLB,32.0,0.0,0.0,136.5,30.1,19.1,6.8,0.6,3.6,11.7,1.5,27.8,15.1,16.2,0.0,0.0,4.26,1.31,7.82,3.29,1.01,4.266,0.2037,0.08575,0.01094,0.02644,0.13968,0.05013,0.00421,4.25815,4.55904
669270,Joel Kuhnel,SF,32,projected,,,reliever,MLB,31.7,0.0,0.0,136.8,31.5,22.0,5.4,0.6,3.5,10.4,2.6,23.8,14.5,16.3,0.0,0.0,4.11,1.32,6.76,2.95,0.99,4.315,0.17385,0.07614,0.01915,0.02539,0.16086,0.03912,0.00418,4.11193,4.62534
687075,Brandon Sproat,MIL,26,projected,,,starter,MLB,31.7,0.0,0.0,140.9,29.9,20.3,5.1,0.5,4.0,15.5,3.2,31.9,16.1,17.3,0.0,0.0,4.58,1.43,9.06,4.4,1.14,4.446,0.22642,0.11033,0.02249,0.02854,0.14395,0.03619,0.00336,4.58008,4.90372
605177,Andrew Chafin,LAA,37,projected,,,reliever,MLB,31.1,0.0,0.0,131.5,25.5,19.4,3.6,0.3,2.2,14.5,0.8,33.8,10.9,12.3,0.0,0.0,3.16,1.29,9.78,4.2,0.64,4.227,0.25723,0.11058,0.00644,0.01657,0.14748,0.02747,0.00226,3.15902,3.55345
663776,Patrick Sandoval,BOS,30,projected,,,starter,MLB,31.0,0.0,0.0,135.5,30.3,20.6,6.4,0.3,3.0,13.8,1.0,29.3,14.9,16.0,0.0,0.0,4.34,1.42,8.51,4.01,0.87,4.371,0.21615,0.1018,0.00745,0.02249,0.1522,0.04706,0.00255,4.33761,4.64412
642585,Félix Bautista,BAL,32,projected,,,reliever,MLB,30.9,0.0,0.0,127.2,22.4,13.3,5.3,0.3,3.5,14.0,0.7,42.4,11.1,12.5,0.0,0.0,3.22,1.18,12.35,4.08,1.02,4.117,0.33323,0.11038,0.00552,0.02745,0.10472,0.04163,0.0027,3.22481,3.62746
671345,Jason Foley,SF,31,projected,,,reliever,MLB,30.8,0.0,0.0,130.3,30.4,20.4,6.4,0.6,3.0,9.4,0.8,23.6,13.4,15.1,0.0,0.0,3.93,1.29,6.9,2.75,0.88,4.23,0.18125,0.07211,0.00614,0.02287,0.15637,0.04943,0.00447,3.92645,4.4167
690953,Mick Abel,MIN,25,projected,,,starter,MLB,30.5,0.0,0.0,131.7,28.6,19.6,5.1,0.4,3.5,12.3,1.9,29.6,14.3,15.3,0.0,0.0,4.22,1.34,8.73,3.63,1.03,4.318,0.2247,0.09347,0.0144,0.02674,0.14878,0.03903,0.00296,4.21902,4.51716
668674,Lucas Erceg,KC,32,projected,,,reliever,MLB,30.4,0.0,0.0,133.4,28.2,20.1,5.1,0.4,2.6,13.6,2.9,28.5,13.3,15.0,0.0,0.0,3.95,1.38,8.44,4.03,0.77,4.387,0.21356,0.10208,0.02206,0.01958,0.15099,0.03809,0.00319,3.94525,4.43785
702273,Noah Schultz,CWS,23,projected,,,starter,MLB,30.1,0.0,0.0,131.7,28.4,19.0,4.7,0.3,4.4,12.2,3.3,27.5,15.3,16.4,0.0,0.0,4.59,1.35,8.22,3.65,1.32,4.375,0.20844,0.09292,0.02502,0.03372,0.14425,0.03571,0.00257,4.58944,4.91375
573186,Marcus Stroman,NYY,36,projected,,,starter,MLB,30.1,0.0,0.0,129.4,29.5,19.0,6.1,0.5,3.9,11.0,1.1,24.1,15.0,16.1,0.0,0.0,4.49,1.35,7.21,3.29,1.17,4.298,0.18601,0.08501,0.00882,0.03011,0.14717,0.04709,0.00403,4.48772,4.80484
677865,Justin Bruihl,STL,30,projected,,,reliever,MLB,30.0,0.0,0.0,131.3,29.2,20.7,5.2,0.4,2.9,10.9,3.8,23.4,13.8,15.5,0.0,0.0,4.13,1.34,7.02,3.27,0.87,4.377,0.178,0.08322,0.02888,0.02234,0.15732,0.0398,0.00292,4.1256,4.64072
686580,Justin Slaten,BOS,29,projected,,,reliever,MLB,29.9,0.0,0.0,121.6,26.0,18.4,4.3,0.4,2.9,7.9,0.6,28.5,10.7,12.0,0.0,0.0,3.22,1.13,8.58,2.38,0.87,4.066,0.23465,0.06495,0.00511,0.02425,0.15099,0.03524,0.00306,3.22004,3.62209
668984,Casey Legumina,TB,30,projected,,,reliever,MLB,29.9,0.0,0.0,128.3,28.1,18.5,5.7,0.4,3.5,10.9,2.2,26.0,13.5,15.2,0.0,0.0,4.06,1.3,7.83,3.28,1.05,4.292,0.20269,0.08523,0.01707,0.02713,0.14441,0.04439,0.00303,4.05558,4.56195
694361,Will Klein,LAD,27,projected,,,reliever,MLB,29.8,0.0,0.0,129.6,26.5,19.7,3.6,0.3,2.9,14.2,2.1,31.3,12.4,13.9,0.0,0.0,3.74,1.37,9.45,4.29,0.88,4.349,0.24138,0.10925,0.01597,0.02231,0.1523,0.02795,0.00246,3.73786,4.20457
640448,Kyle Finnegan,DET,35,projected,,,reliever,MLB,29.8,0.0,0.0,127.9,28.7,18.6,5.8,0.6,3.7,12.1,0.4,27.3,13.7,15.4,0.0,0.0,4.14,1.37,8.24,3.65,1.12,4.293,0.21352,0.09483,0.00282,0.02856,0.14532,0.04544,0.00443,4.13803,4.6547
664129,Geoff Hartlieb,OAK,33,projected,,,reliever,MLB,29.1,0.0,0.0,126.0,26.7,18.1,6.0,0.4,2.2,13.6,0.8,24.8,12.4,14.0,0.0,0.0,3.84,1.38,7.67,4.21,0.68,4.33,0.19656,0.10818,0.00668,0.01737,0.14384,0.04768,0.00343,3.84048,4.32
696519,Samy Natera Jr.,LAA,27,projected,,,reliever,MLB,29.1,0.0,0.0,120.7,23.2,14.3,5.3,0.4,3.2,11.1,1.7,33.7,11.2,12.6,0.0,0.0,3.45,1.18,10.42,3.43,0.99,4.149,0.27956,0.09197,0.014,0.0266,0.11834,0.04395,0.00301,3.45086,3.88174
592426,Luke Jackson,SEA,35,projected,,,reliever,MLB,29.0,0.0,0.0,125.3,25.8,17.2,4.4,0.3,3.9,13.7,1.3,27.9,13.1,14.7,0.0,0.0,4.06,1.36,8.66,4.25,1.21,4.319,0.22235,0.1091,0.0104,0.03143,0.13705,0.03489,0.00274,4.05769,4.56433
682989,Victor Mederos,ATL,26,projected,,,reliever,MLB,28.7,0.0,0.0,126.7,26.1,18.4,4.4,0.3,3.0,13.7,3.3,26.7,13.0,14.6,0.0,0.0,4.08,1.39,8.37,4.3,0.94,4.414,0.21034,0.10836,0.02573,0.02377,0.14504,0.03448,0.0027,4.07653,4.58552
643338,Chad Green,TOR,36,projected,,,reliever,MLB,28.6,0.0,0.0,119.9,26.6,15.1,4.6,0.4,6.5,9.0,1.0,25.6,14.5,16.3,0.0,0.0,4.57,1.24,8.06,2.83,2.05,4.193,0.21338,0.07524,0.00841,0.05396,0.12591,0.03875,0.00294,4.56539,5.13542
702056,Trey Yesavage,TOR,23,projected,,,starter,MLB,28.5,0.0,0.0,120.0,23.2,14.1,5.4,0.4,3.3,13.1,0.7,28.0,12.3,13.1,0.0,0.0,3.87,1.27,8.84,4.14,1.04,4.21,0.23333,0.10929,0.00543,0.02734,0.11784,0.0449,0.00324,3.8711,4.14465
681982,Grant Anderson,MIL,30,projected,,,reliever,MLB,28.4,0.0,0.0,120.0,25.2,15.9,5.1,0.5,3.7,11.3,0.8,26.9,12.3,13.9,0.0,0.0,3.91,1.29,8.52,3.58,1.17,4.225,0.22398,0.09394,0.00678,0.03062,0.13279,0.04236,0.00405,3.91105,4.39938
672391,Kaleb Ort,HOU,35,projected,,,reliever,MLB,28.2,0.0,0.0,119.8,24.8,15.5,4.8,0.4,4.1,12.1,0.8,27.8,12.6,14.2,0.0,0.0,4.03,1.31,8.87,3.86,1.31,4.249,0.23185,0.10085,0.00654,0.0346,0.12965,0.0398,0.00297,4.02561,4.52824
641778,Eric Lauer,LAD,32,projected,,,starter,MLB,28.2,0.0,0.0,118.4,26.1,15.3,5.4,0.5,4.9,9.6,0.6,24.0,14.0,15.0,0.0,0.0,4.48,1.27,7.66,3.06,1.56,4.197,0.20266,0.08067,0.00548,0.04111,0.12935,0.04525,0.004,4.48062,4.79724
689296,Anthony Nunez,BAL,25,projected,,,reliever,MLB,28.2,0.0,0.0,120.7,25.1,15.6,4.8,0.5,4.2,11.6,1.8,28.9,13.0,14.6,0.0,0.0,4.15,1.3,9.22,3.7,1.34,4.279,0.23973,0.09609,0.01492,0.03468,0.12895,0.04004,0.00452,4.15002,4.66819
663795,Justin Hagenman,NYM,30,projected,,,reliever,MLB,28.0,0.0,0.0,117.4,27.3,17.9,4.8,0.4,4.2,7.5,1.1,24.8,12.7,14.3,0.0,0.0,4.09,1.24,7.97,2.41,1.35,4.194,0.21092,0.06396,0.00908,0.03566,0.15268,0.0409,0.00318,4.0851,4.59517
641585,J.P. France,HOU,32,projected,,,starter,MLB,28.0,0.0,0.0,119.9,26.8,17.5,5.1,0.4,3.8,10.8,0.7,22.2,13.7,14.7,0.0,0.0,4.41,1.34,7.14,3.47,1.22,4.282,0.18488,0.09008,0.00602,0.03202,0.14605,0.04223,0.00334,4.40927,4.72085
669711,Greg Weissert,BOS,32,projected,,,reliever,MLB,27.9,0.0,0.0,117.0,25.1,17.2,4.7,0.3,2.9,9.5,1.2,25.6,11.2,12.6,0.0,0.0,3.62,1.24,8.26,3.06,0.94,4.192,0.2186,0.08101,0.01,0.02477,0.14678,0.04004,0.00247,3.61632,4.06786
687863,Porter Hodge,CHC,26,projected,,,reliever,MLB,27.5,0.0,0.0,116.9,23.7,15.4,4.7,0.3,3.3,12.4,0.6,30.3,11.6,13.1,0.0,0.0,3.8,1.31,9.92,4.06,1.08,4.252,0.25948,0.10615,0.00493,0.02863,0.13207,0.04012,0.00298,3.80065,4.27519
680604,Blas Castaño,COL,28,projected,,,reliever,MLB,27.3,0.0,0.0,118.3,26.3,17.0,5.3,0.5,3.5,10.2,2.3,23.7,13.0,14.6,0.0,0.0,4.29,1.34,7.81,3.36,1.15,4.332,0.20002,0.08595,0.01917,0.02936,0.14366,0.04478,0.00457,4.29025,4.82593
672782,Yoendrys Gómez,MIN,27,projected,,,reliever,MLB,27.1,0.0,0.0,119.8,25.8,16.5,5.1,0.4,3.8,13.2,1.7,25.5,13.6,15.3,0.0,0.0,4.51,1.44,8.47,4.38,1.26,4.419,0.21247,0.11036,0.01412,0.03198,0.13808,0.04264,0.00362,4.50668,5.06938
674370,Osvaldo Bido,CWS,31,projected,,,reliever,MLB,26.9,0.0,0.0,117.5,24.6,14.7,4.7,0.3,4.9,11.5,3.1,23.5,13.8,15.6,0.0,0.0,4.63,1.34,7.86,3.85,1.64,4.367,0.19958,0.09748,0.02597,0.04151,0.12542,0.03975,0.0029,4.62948,5.20752
683409,Angel Chivilli,NYY,24,projected,,,reliever,MLB,26.8,0.0,0.0,116.6,26.7,17.7,4.5,0.4,4.1,9.9,1.9,22.1,13.4,15.1,0.0,0.0,4.49,1.37,7.42,3.32,1.38,4.352,0.18976,0.08512,0.01619,0.03558,0.15162,0.0389,0.00325,4.49428,5.05543
448179,Rich Hill,KC,47,projected,,,starter,MLB,26.7,0.0,0.0,114.6,25.6,16.3,5.8,0.4,3.1,10.1,1.1,22.7,12.9,13.8,0.0,0.0,4.34,1.34,7.65,3.4,1.04,4.291,0.19771,0.08845,0.00995,0.02687,0.14247,0.05021,0.00316,4.33511,4.64145
668873,Caleb Kilian,PHI,30,projected,,,reliever,MLB,26.6,0.0,0.0,115.0,23.5,16.0,3.7,0.3,3.5,12.1,1.9,26.0,11.8,13.3,0.0,0.0,4.01,1.34,8.8,4.09,1.18,4.324,0.22603,0.10519,0.01653,0.03027,0.13898,0.0324,0.00295,4.00601,4.5062
688158,David Morgan,SD,27,projected,,,reliever,MLB,26.5,0.0,0.0,116.4,24.0,16.7,4.8,0.3,2.2,13.3,1.9,27.5,11.5,12.9,0.0,0.0,3.91,1.41,9.34,4.52,0.75,4.391,0.23593,0.11395,0.01619,0.01911,0.14316,0.0414,0.00283,3.90962,4.39777
608334,Carson Fulmer,LAA,33,projected,,,reliever,MLB,26.5,0.0,0.0,113.2,23.7,14.5,4.4,0.3,4.5,11.0,1.3,23.7,12.6,14.1,0.0,0.0,4.27,1.31,8.05,3.74,1.53,4.271,0.20948,0.09741,0.01134,0.03959,0.128,0.03862,0.00298,4.26901,4.80203
800600,Jackson Kent,WSH,24,projected,,,starter,MLB,26.4,0.0,0.0,116.4,25.5,16.8,5.7,0.4,2.6,13.6,0.4,22.9,13.1,14.0,0.0,0.0,4.46,1.48,7.81,4.64,0.89,4.408,0.19678,0.11661,0.0036,0.02232,0.14402,0.04896,0.00365,4.4645,4.77998
695549,Jackson Jobe,DET,24,projected,,,starter,MLB,26.2,0.0,0.0,112.5,23.6,14.9,4.6,0.4,3.7,11.0,1.6,24.3,12.7,13.6,0.0,0.0,4.37,1.32,8.35,3.78,1.27,4.293,0.21633,0.0977,0.01389,0.03309,0.13231,0.04056,0.00396,4.37304,4.68205
621016,Jose Cuas,KC,33,projected,,,reliever,MLB,26.0,0.0,0.0,116.0,23.6,17.6,3.8,0.3,1.9,13.5,3.0,25.4,11.3,12.7,0.0,0.0,3.91,1.43,8.79,4.67,0.66,4.46,0.21889,0.11681,0.02599,0.01615,0.15181,0.03315,0.00297,3.91029,4.39853
676962,Ben Brown,CHC,27,projected,,,starter,MLB,26.0,0.0,0.0,108.4,23.6,15.0,4.9,0.4,3.3,8.2,0.8,26.8,11.6,12.4,0.0,0.0,4.0,1.22,9.28,2.84,1.14,4.171,0.24756,0.07577,0.00777,0.03033,0.13879,0.04483,0.00413,4.00252,4.28536
676604,Tyler Zuber,MIA,32,projected,,,reliever,MLB,25.8,0.0,0.0,108.2,23.6,15.4,4.4,0.4,3.4,8.6,1.0,24.8,11.0,12.4,0.0,0.0,3.85,1.25,8.65,3.0,1.19,4.195,0.22896,0.07968,0.00897,0.03111,0.14193,0.04063,0.00335,3.85113,4.33198
605347,Jorge López,WSH,34,projected,,,reliever,MLB,25.7,0.0,0.0,111.3,24.2,16.2,5.0,0.4,2.6,9.8,2.5,23.1,11.6,13.0,0.0,0.0,4.05,1.32,8.09,3.43,0.91,4.329,0.20798,0.0878,0.02209,0.02346,0.14525,0.04491,0.00366,4.04628,4.5515
804636,Jonah Tong,NYM,24,projected,,,starter,MLB,25.5,0.0,0.0,107.4,21.6,14.3,4.0,0.4,2.9,10.3,1.1,25.3,10.9,11.7,0.0,0.0,3.85,1.25,8.93,3.64,1.02,4.211,0.23526,0.09635,0.0098,0.02713,0.13352,0.03769,0.0038,3.8497,4.12173
666201,Alek Manoah,LAA,29,projected,,,starter,MLB,25.4,0.0,0.0,110.9,23.8,14.4,5.3,0.4,3.7,10.8,2.3,23.4,13.3,14.2,0.0,0.0,4.71,1.36,8.29,3.83,1.31,4.368,0.21073,0.09724,0.02076,0.03332,0.13015,0.04777,0.00388,4.71313,5.04618
682227,Brandon Williamson,CIN,29,projected,,,starter,MLB,25.1,0.0,0.0,110.0,25.0,17.0,4.1,0.4,3.5,10.8,1.2,20.7,13.0,13.9,0.0,0.0,4.65,1.43,7.42,3.87,1.25,4.383,0.18788,0.09773,0.01055,0.03219,0.15445,0.0372,0.00325,4.65235,4.9811
696146,Hagen Smith,CWS,23,projected,,,reliever,MLB,24.9,0.0,0.0,104.9,20.5,13.1,4.1,0.3,3.0,11.5,0.5,29.0,10.0,11.2,0.0,0.0,3.61,1.29,10.48,4.16,1.08,4.214,0.27612,0.10937,0.00475,0.02829,0.12483,0.03903,0.00249,3.60936,4.06002
686993,Justin Sterner,OAK,30,projected,,,reliever,MLB,24.9,0.0,0.0,103.6,21.4,12.5,4.6,0.3,4.0,8.1,1.5,24.0,11.0,12.4,0.0,0.0,3.99,1.18,8.67,2.93,1.45,4.161,0.23157,0.07852,0.0147,0.0388,0.1205,0.04419,0.00319,3.9879,4.48583
678226,Daysbel Hernández,ATL,30,projected,,,reliever,MLB,24.8,0.0,0.0,109.7,21.8,14.2,4.1,0.3,3.2,14.4,1.3,25.4,11.6,13.1,0.0,0.0,4.22,1.46,9.22,5.23,1.16,4.425,0.23131,0.13143,0.01175,0.02894,0.12984,0.03737,0.00233,4.21622,4.74265
694346,Trey Gibson,BAL,25,projected,,,starter,MLB,24.7,0.0,0.0,109.2,23.6,16.7,3.7,0.3,2.9,12.8,0.8,22.7,12.2,13.0,0.0,0.0,4.44,1.47,8.27,4.66,1.06,4.422,0.20755,0.11741,0.00726,0.02683,0.15303,0.03402,0.00264,4.43604,4.74951
668390,Cole Winn,TEX,27,projected,,,reliever,MLB,24.6,0.0,0.0,106.2,23.9,15.7,4.8,0.4,3.0,8.9,1.8,22.8,11.5,12.9,0.0,0.0,4.2,1.33,8.34,3.26,1.1,4.319,0.21497,0.08362,0.01702,0.02808,0.1477,0.04546,0.00368,4.20006,4.72448
687377,Orlando Ribalta,WSH,29,projected,,,reliever,MLB,24.1,0.0,0.0,103.7,22.0,13.9,3.8,0.3,4.0,10.8,0.8,22.5,11.5,12.9,0.0,0.0,4.29,1.36,8.4,4.03,1.49,4.304,0.21732,0.10456,0.00735,0.03864,0.13362,0.03617,0.00288,4.29471,4.83094
701581,David Festa,MIN,27,projected,,,starter,MLB,23.8,0.0,0.0,101.3,22.2,12.3,4.7,0.4,4.8,8.6,1.2,24.4,12.7,13.6,0.0,0.0,4.81,1.29,9.23,3.25,1.82,4.255,0.24045,0.08464,0.01202,0.04701,0.12181,0.0464,0.00357,4.81028,5.15019
679883,Luinder Avila,KC,25,projected,,,reliever,MLB,23.7,0.0,0.0,104.0,21.9,14.4,4.1,0.4,3.0,12.3,0.7,21.8,11.3,12.7,0.0,0.0,4.29,1.44,8.28,4.67,1.14,4.389,0.20961,0.11792,0.00662,0.0293,0.13869,0.0396,0.00421,4.28922,4.82477
693308,Nick Frasso,COL,28,projected,,,reliever,MLB,23.7,0.0,0.0,100.6,21.9,13.6,4.2,0.4,3.7,8.1,1.7,22.1,11.0,12.4,0.0,0.0,4.17,1.27,8.39,3.08,1.41,4.243,0.21929,0.08034,0.01647,0.03635,0.13547,0.04135,0.00354,4.1703,4.69101
623465,Evan Phillips,LAD,32,projected,,,reliever,MLB,23.6,0.0,0.0,95.7,19.2,12.2,3.2,0.3,3.5,6.7,1.0,26.2,9.1,10.2,0.0,0.0,3.46,1.1,9.99,2.56,1.33,4.053,0.2733,0.07043,0.01008,0.03701,0.12713,0.03392,0.00268,3.45679,3.8884
661563,Luis Gil,NYY,29,projected,,,starter,MLB,23.5,0.0,0.0,102.2,19.9,12.3,4.0,0.3,3.3,12.5,1.3,22.2,11.4,12.2,0.0,0.0,4.37,1.38,8.5,4.79,1.26,4.347,0.21756,0.12209,0.01286,0.03211,0.12025,0.03949,0.003,4.36588,4.67439
641755,Tyler Kinley,DET,36,projected,,,reliever,MLB,23.3,0.0,0.0,98.3,19.3,11.4,4.0,0.4,3.5,10.2,1.0,22.3,10.3,11.5,0.0,0.0,3.96,1.27,8.61,3.94,1.35,4.22,0.22693,0.10373,0.0103,0.0356,0.11578,0.04047,0.00386,3.96023,4.4547
641401,Connor Brogdon,CLE,32,projected,,,reliever,MLB,23.3,0.0,0.0,97.4,20.6,12.2,4.0,0.3,4.1,8.4,0.6,22.1,10.7,12.0,0.0,0.0,4.13,1.24,8.54,3.24,1.58,4.181,0.22714,0.08588,0.00582,0.04186,0.12513,0.04117,0.00349,4.12882,4.64434
670062,Julian Garcia,CIN,32,projected,,,reliever,MLB,23.3,0.0,0.0,98.9,20.7,12.3,4.4,0.3,3.7,9.6,0.7,22.0,10.8,12.2,0.0,0.0,4.18,1.3,8.5,3.71,1.43,4.244,0.22218,0.09659,0.00743,0.03714,0.12439,0.04463,0.00346,4.18011,4.70204
687330,Kevin Kelly,TB,29,projected,,,reliever,MLB,23.3,0.0,0.0,97.3,22.5,15.7,4.0,0.3,2.5,5.0,1.7,20.8,9.7,11.0,0.0,0.0,3.76,1.18,8.03,1.93,0.97,4.175,0.21381,0.05144,0.01783,0.02618,0.16182,0.04142,0.00354,3.76379,4.23373
676467,Colton Gordon,MIL,28,projected,,,starter,MLB,23.2,0.0,0.0,98.6,24.1,14.6,4.9,0.3,4.3,6.2,0.7,19.1,12.6,13.5,0.0,0.0,4.9,1.31,7.41,2.41,1.67,4.25,0.19412,0.0624,0.0075,0.04378,0.14768,0.04967,0.00352,4.90463,5.25121
519141,Drew Pomeranz,CHC,38,projected,,,reliever,MLB,22.8,0.0,0.0,98.3,21.0,14.0,3.3,0.3,3.4,9.0,1.9,20.9,10.7,12.0,0.0,0.0,4.2,1.32,8.25,3.55,1.34,4.313,0.21244,0.09138,0.01929,0.03477,0.1422,0.03394,0.00297,4.2045,4.72947
592351,Jon Gray,TEX,35,projected,,,starter,MLB,22.4,0.0,0.0,95.0,21.5,13.4,4.4,0.4,3.3,7.4,0.9,20.5,11.0,11.8,0.0,0.0,4.43,1.29,8.24,2.97,1.33,4.241,0.21532,0.07788,0.00924,0.03473,0.14054,0.04667,0.004,4.43407,4.7474
622503,Nabil Crismatt,ARI,32,projected,,,starter,MLB,22.2,0.0,0.0,94.5,21.9,13.9,4.3,0.4,3.3,7.2,0.8,19.3,11.2,11.9,0.0,0.0,4.52,1.31,7.82,2.92,1.34,4.257,0.20381,0.07592,0.00827,0.03505,0.14679,0.04523,0.00443,4.52374,4.8434
676755,Isaac Mattson,PIT,31,projected,,,reliever,MLB,22.2,0.0,0.0,95.8,20.7,12.4,4.8,0.4,3.1,9.5,1.0,20.6,10.7,12.0,0.0,0.0,4.32,1.36,8.35,3.85,1.26,4.316,0.21524,0.09935,0.01047,0.03236,0.12915,0.05006,0.00369,4.32162,4.86121
694477,Chad Patrick,MIL,28,projected,,,reliever,MLB,22.1,0.0,0.0,94.3,20.2,13.5,3.7,0.3,2.7,8.8,0.9,21.2,9.7,10.9,0.0,0.0,3.95,1.31,8.63,3.58,1.1,4.269,0.22515,0.09318,0.00988,0.02855,0.14299,0.03937,0.00371,3.94662,4.43939
477132,Clayton Kershaw,LAD,39,projected,,,starter,MLB,22.0,0.0,0.0,91.8,20.5,14.0,4.0,0.2,2.3,6.6,0.5,20.5,9.4,10.1,0.0,0.0,3.86,1.23,8.39,2.7,0.94,4.172,0.22322,0.07158,0.00598,0.02545,0.15229,0.04379,0.00269,3.8592,4.1319
685326,McCade Brown,COL,26,projected,,,starter,MLB,21.9,0.0,0.0,97.3,20.4,11.8,3.9,0.3,4.4,10.2,2.8,19.9,12.7,13.6,0.0,0.0,5.23,1.4,8.18,4.19,1.81,4.441,0.20439,0.10465,0.02919,0.04563,0.12129,0.03978,0.00351,5.22949,5.59903
676775,Keaton Winn,SF,29,projected,,,reliever,MLB,21.8,0.0,0.0,93.1,20.4,12.8,4.0,0.4,3.2,7.5,1.7,18.7,10.3,11.5,0.0,0.0,4.23,1.28,7.72,3.1,1.32,4.27,0.20042,0.08062,0.01861,0.03391,0.13716,0.04309,0.00445,4.23386,4.7625
677651,Luis Garcia,HOU,30,projected,,,starter,MLB,21.8,0.0,0.0,90.4,19.5,11.1,4.2,0.3,3.9,7.0,0.4,21.4,10.5,11.3,0.0,0.0,4.35,1.22,8.83,2.89,1.61,4.147,0.2366,0.07765,0.00459,0.04344,0.12284,0.04604,0.00303,4.34535,4.65241
595928,John Curtiss,ARI,34,projected,,,reliever,MLB,21.1,0.0,0.0,88.5,20.6,13.2,3.9,0.3,3.2,6.1,0.3,17.2,9.8,11.0,0.0,0.0,4.17,1.27,7.34,2.6,1.36,4.192,0.19489,0.06857,0.00287,0.03643,0.14908,0.04449,0.00366,4.16536,4.68545
701519,Travis Adams,MIN,27,projected,,,reliever,MLB,21.1,0.0,0.0,90.8,19.5,12.4,3.9,0.3,2.9,9.0,0.7,20.4,9.9,11.1,0.0,0.0,4.21,1.35,8.7,3.84,1.24,4.305,0.22452,0.09882,0.00819,0.03226,0.137,0.04332,0.00372,4.20736,4.73268
678020,Seth Halvorsen,LAD,27,projected,,,reliever,MLB,21.1,0.0,0.0,92.6,20.6,12.4,4.5,0.3,3.4,9.7,0.8,18.7,11.0,12.4,0.0,0.0,4.7,1.44,7.98,4.14,1.45,4.389,0.2017,0.10423,0.00902,0.03702,0.13413,0.04838,0.00359,4.69822,5.28483
678024,Mike Vasil,CWS,27,projected,,,reliever,MLB,21.0,0.0,0.0,93.2,20.0,13.4,3.8,0.3,2.5,10.4,1.7,18.6,10.2,11.5,0.0,0.0,4.36,1.45,7.97,4.46,1.07,4.439,0.19948,0.11175,0.01805,0.02692,0.14362,0.04028,0.00319,4.36385,4.90871
642376,Jefry Yan,NYM,30,projected,,,reliever,MLB,20.6,0.0,0.0,88.9,18.1,12.1,3.2,0.2,2.6,9.9,1.0,21.0,9.0,10.2,0.0,0.0,3.95,1.36,9.17,4.33,1.14,4.316,0.23611,0.1111,0.01094,0.02886,0.13555,0.03628,0.00241,3.94673,4.43952
642152,Lou Trivino III,PHI,35,projected,,,reliever,MLB,20.5,0.0,0.0,88.8,18.7,12.9,3.2,0.2,2.4,8.6,1.9,18.9,9.1,10.2,0.0,0.0,3.98,1.33,8.3,3.78,1.05,4.334,0.21315,0.09713,0.02121,0.02657,0.14483,0.0355,0.00261,3.98415,4.48161
453286,Max Scherzer,TOR,42,projected,,,starter,MLB,20.5,0.0,0.0,85.1,18.5,11.0,3.6,0.3,3.6,6.1,0.8,20.4,9.8,10.5,0.0,0.0,4.29,1.2,8.96,2.68,1.58,4.152,0.23932,0.07201,0.00988,0.04209,0.12907,0.04195,0.00341,4.28817,4.59119
656288,Griffin Canning,SD,31,projected,,,starter,MLB,20.4,0.0,0.0,87.1,18.9,12.8,3.2,0.3,2.6,8.0,0.7,18.2,9.5,10.2,0.0,0.0,4.2,1.32,8.03,3.53,1.15,4.271,0.20893,0.09234,0.00833,0.03022,0.14726,0.03664,0.00321,4.19529,4.49175
625643,Reynaldo López,ATL,33,projected,,,starter,MLB,20.3,0.0,0.0,85.5,18.4,12.6,3.5,0.3,2.0,7.5,0.3,20.5,8.6,9.3,0.0,0.0,3.83,1.28,9.09,3.33,0.89,4.212,0.24019,0.08819,0.00395,0.02377,0.14794,0.04114,0.0034,3.83262,4.10345
608650,Dietrich Enns,BAL,36,projected,,,reliever,MLB,20.2,0.0,0.0,85.1,18.1,12.0,3.8,0.3,2.0,8.0,0.2,18.9,8.2,9.2,0.0,0.0,3.66,1.29,8.42,3.56,0.89,4.213,0.22169,0.09405,0.00258,0.02292,0.14091,0.04455,0.00348,3.65619,4.1127
691946,George Klassen,LAA,25,projected,,,starter,MLB,19.8,0.0,0.0,87.4,18.3,12.6,3.5,0.3,1.9,10.5,0.8,18.1,9.5,10.1,0.0,0.0,4.3,1.45,8.23,4.77,0.86,4.413,0.20674,0.12055,0.00939,0.022,0.14447,0.04046,0.00302,4.29855,4.6023
686730,Carson Spiers,CIN,29,projected,,,starter,MLB,19.5,0.0,0.0,84.0,19.8,11.6,4.0,0.3,3.9,6.5,0.9,16.8,11.1,11.8,0.0,0.0,5.1,1.35,7.75,3.0,1.8,4.307,0.20021,0.07707,0.01103,0.04676,0.13757,0.04747,0.0038,5.10132,5.46179
690916,Richard Fitts,BOS,27,projected,,,starter,MLB,19.1,0.0,0.0,82.8,19.2,12.8,3.2,0.2,3.0,7.0,0.9,16.1,9.9,10.6,0.0,0.0,4.68,1.37,7.59,3.3,1.41,4.333,0.19432,0.08413,0.01103,0.03572,0.15492,0.03899,0.00297,4.67537,5.00575
702474,Mike Paredes,MIN,26,projected,,,starter,MLB,18.5,0.0,0.0,80.2,18.1,12.4,3.2,0.3,2.2,6.8,1.4,13.9,9.1,9.8,0.0,0.0,4.45,1.35,6.76,3.31,1.07,4.337,0.1737,0.08532,0.01695,0.02774,0.1541,0.04039,0.00385,4.44613,4.76031
683232,Nick Mears,KC,30,projected,,,reliever,MLB,18.5,0.0,0.0,78.6,17.0,10.2,3.7,0.3,2.8,7.3,0.3,18.0,8.7,9.8,0.0,0.0,4.22,1.31,8.76,3.55,1.36,4.246,0.22955,0.09326,0.00401,0.03618,0.12917,0.04724,0.00404,4.2178,4.74443
671111,Sammy Peralta,LAA,29,projected,,,reliever,MLB,18.4,0.0,0.0,80.6,18.4,12.6,3.5,0.2,2.1,7.6,1.0,15.9,8.8,9.8,0.0,0.0,4.28,1.41,7.78,3.72,1.03,4.379,0.19669,0.09394,0.0123,0.02619,0.15652,0.04284,0.00301,4.28248,4.81719
695684,Elmer Rodríguez,NYY,23,projected,,,starter,MLB,18.3,0.0,0.0,81.2,17.1,12.3,2.4,0.2,2.2,8.4,2.4,16.0,9.0,9.7,0.0,0.0,4.44,1.39,7.87,4.13,1.08,4.437,0.19694,0.10365,0.02933,0.02706,0.15097,0.03009,0.00238,4.44339,4.75737
829272,Shinnosuke Ogasawara,WSH,29,projected,,,reliever,MLB,18.1,0.0,0.0,78.6,17.4,10.9,3.2,0.3,3.0,7.2,1.2,15.5,9.2,10.3,0.0,0.0,4.55,1.36,7.71,3.58,1.49,4.344,0.19712,0.09174,0.01569,0.03872,0.13871,0.04105,0.00344,4.5544,5.12306
669724,Brenan Hanifee,DET,29,projected,,,reliever,MLB,18.1,0.0,0.0,77.1,18.8,12.6,3.6,0.3,2.3,5.0,0.5,13.0,8.6,9.7,0.0,0.0,4.28,1.31,6.46,2.49,1.14,4.262,0.16884,0.06527,0.00689,0.03035,0.16304,0.0471,0.00394,4.28153,4.81612
678821,Luis Peralta,COL,26,projected,,,reliever,MLB,18.0,0.0,0.0,80.2,16.8,10.4,3.0,0.3,3.1,9.2,1.7,16.7,9.5,10.7,0.0,0.0,4.77,1.44,8.35,4.6,1.55,4.457,0.20834,0.11491,0.0217,0.03913,0.12944,0.03728,0.00389,4.76664,5.3618
672578,Carlos Hernández,CLE,30,projected,,,reliever,MLB,17.8,0.0,0.0,77.7,17.3,12.3,2.5,0.2,2.3,8.2,0.5,15.8,8.2,9.2,0.0,0.0,4.15,1.43,7.99,4.15,1.16,4.367,0.20303,0.10592,0.00606,0.02911,0.15776,0.03176,0.00232,4.15137,4.66971
681867,Cooper Criswell,SEA,30,projected,,,reliever,MLB,17.8,0.0,0.0,76.7,17.7,12.8,3.0,0.2,1.7,6.1,1.1,13.6,7.8,8.8,0.0,0.0,3.95,1.34,6.88,3.08,0.86,4.311,0.1779,0.07989,0.01431,0.02213,0.16675,0.03872,0.00255,3.95259,4.44611
669620,Brady Basso,OAK,29,projected,,,reliever,MLB,17.5,0.0,0.0,75.2,18.3,12.6,3.6,0.3,1.8,5.6,0.3,13.7,8.1,9.1,0.0,0.0,4.15,1.37,7.05,2.88,0.93,4.297,0.18154,0.0745,0.00448,0.02385,0.1669,0.0485,0.00377,4.15257,4.67106
594835,Marco Gonzales,TEX,35,projected,,,starter,MLB,17.4,0.0,0.0,75.0,18.2,12.0,3.8,0.3,2.1,5.7,0.5,11.5,8.9,9.5,0.0,0.0,4.6,1.37,5.95,2.95,1.09,4.313,0.15293,0.0758,0.0064,0.02794,0.15979,0.05125,0.00338,4.59811,4.92303
674072,Tommy Henry,ARI,29,projected,,,starter,MLB,17.4,0.0,0.0,76.2,17.4,10.5,3.7,0.3,2.9,7.0,1.1,14.0,9.7,10.4,0.0,0.0,5.01,1.4,7.24,3.62,1.5,4.381,0.18383,0.09243,0.01507,0.03825,0.13742,0.04821,0.00369,5.0083,5.36221
663423,Trent Thornton,CHC,33,projected,,,reliever,MLB,17.3,0.0,0.0,74.0,16.8,10.5,3.1,0.2,3.0,5.8,1.0,15.0,8.6,9.7,0.0,0.0,4.48,1.31,7.8,3.02,1.56,4.278,0.20204,0.07783,0.01335,0.04101,0.14189,0.04173,0.0032,4.47627,5.03517
663474,Triston McKenzie,CLE,29,projected,,,starter,MLB,17.3,0.0,0.0,73.9,15.7,8.9,3.3,0.3,3.2,7.4,0.4,16.9,8.9,9.6,0.0,0.0,4.65,1.34,8.79,3.85,1.66,4.27,0.22863,0.1007,0.00557,0.04263,0.12021,0.04512,0.00352,4.65258,4.98134
676961,Caleb Boushley,TEX,33,projected,,,reliever,MLB,17.2,0.0,0.0,74.1,17.1,11.1,3.3,0.2,2.5,6.1,0.7,15.7,8.3,9.4,0.0,0.0,4.36,1.35,8.22,3.19,1.31,4.307,0.2123,0.0826,0.00973,0.03393,0.14926,0.04503,0.00309,4.36451,4.90946
669060,Bryse Wilson,MIL,29,projected,,,reliever,MLB,17.1,0.0,0.0,74.9,19.2,12.8,3.5,0.3,2.6,5.1,0.9,13.1,9.1,10.2,0.0,0.0,4.77,1.42,6.89,2.68,1.37,4.38,0.17516,0.06781,0.01182,0.03455,0.17087,0.0462,0.00371,4.77255,5.36844
690279,Mason Adams,COL,27,projected,,,starter,MLB,17.1,0.0,0.0,72.3,15.3,9.7,2.9,0.3,2.4,6.6,0.7,16.7,8.0,8.5,0.0,0.0,4.19,1.28,8.79,3.47,1.26,4.228,0.23038,0.0906,0.00944,0.03311,0.13359,0.03957,0.00471,4.18517,4.48091
695445,Chase Lee,TOR,28,projected,,,reliever,MLB,17.0,0.0,0.0,72.6,15.7,9.8,2.9,0.2,2.8,6.5,0.8,15.5,8.1,9.1,0.0,0.0,4.3,1.31,8.21,3.44,1.48,4.272,0.21403,0.08981,0.01092,0.03871,0.13551,0.04019,0.00294,4.29623,4.83266
682610,Roddery Muñoz,HOU,27,projected,,,starter,MLB,17.0,0.0,0.0,76.4,17.3,9.5,3.3,0.4,4.1,8.8,0.9,15.6,10.9,11.7,0.0,0.0,5.78,1.54,8.26,4.66,2.17,4.494,0.2038,0.11506,0.01124,0.05322,0.1246,0.04279,0.00496,5.77846,6.18679
681916,Dylan Smith,SF,27,projected,,,reliever,MLB,16.8,0.0,0.0,72.8,14.7,9.8,2.8,0.2,1.9,7.7,1.4,15.9,7.4,8.3,0.0,0.0,3.97,1.33,8.52,4.12,1.02,4.336,0.21857,0.10573,0.01973,0.02621,0.13507,0.03843,0.00296,3.97364,4.46978
680689,Lyon Richardson,CIN,27,projected,,,reliever,MLB,16.7,0.0,0.0,74.2,16.0,10.7,3.5,0.3,1.5,8.8,0.8,14.3,7.9,8.9,0.0,0.0,4.25,1.49,7.71,4.74,0.81,4.445,0.19275,0.11801,0.01121,0.0203,0.14444,0.04723,0.00342,4.24715,4.77745
689690,Alek Jacob,SD,29,projected,,,reliever,MLB,16.6,0.0,0.0,71.7,15.2,9.0,3.3,0.3,2.6,5.9,2.2,15.3,8.1,9.1,0.0,0.0,4.41,1.27,8.3,3.2,1.41,4.317,0.21296,0.08286,0.03129,0.03605,0.12521,0.04617,0.00359,4.40566,4.95575
675540,Xzavion Curry,NYM,28,projected,,,reliever,MLB,15.9,0.0,0.0,67.7,15.6,8.5,3.6,0.2,3.3,5.3,0.4,11.5,8.5,9.6,0.0,0.0,4.82,1.31,6.51,3.0,1.87,4.255,0.17,0.07893,0.00614,0.04864,0.12549,0.05295,0.00329,4.81795,5.41951
592779,Brock Stewart,LAD,35,projected,,,reliever,MLB,15.8,0.0,0.0,66.2,13.3,8.6,2.1,0.2,2.4,6.1,0.8,17.2,6.6,7.4,0.0,0.0,3.75,1.23,9.8,3.47,1.37,4.191,0.25957,0.09287,0.01163,0.03553,0.13048,0.03202,0.0024,3.75443,4.2232
665871,Javier Assad,CHC,29,projected,,,starter,MLB,15.8,0.0,0.0,67.8,15.1,10.6,2.4,0.2,1.9,6.1,0.6,12.5,7.4,7.9,0.0,0.0,4.22,1.34,7.12,3.47,1.08,4.291,0.18474,0.08966,0.00871,0.02791,0.15599,0.03567,0.00325,4.21857,4.51667
656457,Tyler Gilbert,CWS,33,projected,,,reliever,MLB,15.7,0.0,0.0,67.9,15.3,9.5,3.4,0.2,2.2,6.3,0.6,13.6,7.7,8.7,0.0,0.0,4.41,1.38,7.8,3.61,1.26,4.322,0.20013,0.09218,0.00856,0.03289,0.13922,0.04986,0.00331,4.40907,4.95958
691951,Sam Aldegheri,LAA,25,projected,,,starter,MLB,15.4,0.0,0.0,68.6,14.6,9.4,2.9,0.2,2.1,7.6,1.5,12.1,8.2,8.8,0.0,0.0,4.81,1.44,7.07,4.44,1.23,4.452,0.17652,0.11007,0.0217,0.03075,0.13755,0.0421,0.00355,4.81353,5.15367
669438,Mason Englert,TB,27,projected,,,reliever,MLB,15.2,0.0,0.0,65.1,16.1,8.9,3.5,0.3,3.4,4.2,0.5,13.1,8.6,9.7,0.0,0.0,5.08,1.34,7.76,2.49,2.01,4.282,0.20186,0.0652,0.00762,0.05211,0.13677,0.05392,0.00404,5.08186,5.71638
677161,Zack Kelly,BOS,32,projected,,,reliever,MLB,14.9,0.0,0.0,64.2,13.6,9.0,2.9,0.2,1.5,6.3,0.9,14.1,6.5,7.4,0.0,0.0,3.95,1.34,8.52,3.81,0.91,4.311,0.22028,0.09778,0.01407,0.02392,0.14004,0.04567,0.00274,3.95273,4.44627
681676,Ryan Fernandez,STL,29,projected,,,reliever,MLB,14.9,0.0,0.0,63.7,13.0,8.0,2.7,0.2,2.1,6.7,0.4,15.3,6.8,7.6,0.0,0.0,4.08,1.32,9.24,4.05,1.27,4.273,0.24061,0.10569,0.00657,0.0336,0.12635,0.04266,0.00341,4.08219,4.59189
660787,Yerry De los Santos,NYY,29,projected,,,reliever,MLB,14.8,0.0,0.0,64.5,14.6,10.3,2.8,0.2,1.3,6.3,0.5,12.5,6.6,7.4,0.0,0.0,4.02,1.41,7.6,3.83,0.79,4.357,0.19435,0.09788,0.00722,0.02039,0.16023,0.04285,0.00283,4.01649,4.51798
694795,Josh Ekness,MIA,25,projected,,,reliever,MLB,14.7,0.0,0.0,64.8,13.8,9.3,2.6,0.2,1.7,7.4,0.9,13.0,6.9,7.7,0.0,0.0,4.21,1.44,7.96,4.53,1.04,4.407,0.20072,0.11377,0.01377,0.026,0.14334,0.0395,0.00268,4.21142,4.73726
605463,Tayler Scott,HOU,35,projected,,,reliever,MLB,14.6,0.0,0.0,64.4,13.6,9.0,2.9,0.2,1.5,7.3,0.9,14.0,6.8,7.6,0.0,0.0,4.19,1.43,8.63,4.5,0.92,4.41,0.21719,0.11344,0.01413,0.02311,0.14041,0.04486,0.00357,4.18963,4.71274
702352,Spencer Bivens,KC,33,projected,,,reliever,MLB,14.4,0.0,0.0,61.5,14.2,9.9,2.3,0.3,1.7,4.8,0.6,11.9,6.4,7.2,0.0,0.0,4.0,1.32,7.44,3.0,1.06,4.27,0.19413,0.07739,0.01055,0.02716,0.16119,0.03737,0.0041,4.00099,4.50055
606303,Joel Payamps,ATL,33,projected,,,reliever,MLB,14.4,0.0,0.0,60.8,13.5,7.2,3.0,0.3,3.0,4.6,0.7,13.7,7.4,8.4,0.0,0.0,4.65,1.26,8.56,2.88,1.88,4.22,0.2251,0.07552,0.01221,0.04997,0.11854,0.04902,0.00443,4.65271,5.23364
702275,JR Ritchie,ATL,24,projected,,,starter,MLB,14.3,0.0,0.0,63.1,13.0,8.3,2.1,0.2,2.4,7.4,1.1,13.2,7.5,8.1,0.0,0.0,4.73,1.43,8.31,4.66,1.51,4.41,0.20952,0.1168,0.01733,0.03743,0.13114,0.03334,0.00347,4.73301,5.06746
687223,Carson Palmquist,WSH,26,projected,,,reliever,MLB,14.0,0.0,0.0,62.0,13.0,8.6,2.2,0.2,2.0,6.9,1.3,11.7,6.9,7.8,0.0,0.0,4.46,1.42,7.52,4.44,1.29,4.428,0.18819,0.11082,0.02112,0.03215,0.13856,0.03582,0.0037,4.46464,5.02209
679358,Eric Orze,MIN,29,projected,,,reliever,MLB,13.9,0.0,0.0,60.3,12.6,7.6,3.3,0.2,1.5,6.2,0.9,12.4,6.5,7.3,0.0,0.0,4.21,1.35,8.03,4.01,0.97,4.341,0.20573,0.10333,0.01537,0.02527,0.12603,0.0551,0.00391,4.21029,4.73598
656756,Jordan Montgomery,TEX,34,projected,,,starter,MLB,13.6,0.0,0.0,56.6,12.7,8.5,2.6,0.2,1.4,3.8,0.4,11.1,5.9,6.3,0.0,0.0,3.92,1.21,7.35,2.51,0.93,4.164,0.19551,0.06742,0.00733,0.02542,0.15083,0.04569,0.00367,3.91578,4.19248
683352,Mitch Bratt,ARI,23,projected,,,starter,MLB,13.5,0.0,0.0,59.6,13.1,8.7,2.8,0.3,1.3,6.8,0.4,11.0,6.7,7.2,0.0,0.0,4.49,1.47,7.33,4.53,0.87,4.414,0.18395,0.11449,0.00702,0.02263,0.14533,0.04626,0.00431,4.49085,4.80819
676661,Max Lazar,PHI,28,projected,,,reliever,MLB,13.4,0.0,0.0,57.0,13.6,8.8,2.5,0.2,2.1,4.2,0.1,10.5,6.5,7.3,0.0,0.0,4.37,1.33,7.05,2.82,1.41,4.256,0.18427,0.07379,0.00258,0.03644,0.15488,0.04429,0.0035,4.36781,4.91317
807743,Sean Sullivan,COL,24,projected,,,starter,MLB,13.3,0.0,0.0,57.9,12.7,7.4,3.4,0.3,1.6,5.2,1.2,10.9,6.9,7.4,0.0,0.0,4.68,1.35,7.38,3.52,1.08,4.35,0.1876,0.0901,0.02045,0.02797,0.12854,0.05846,0.0048,4.6767,5.00717
814490,Ethan Pecko,HOU,24,projected,,,starter,MLB,13.3,0.0,0.0,57.9,13.1,8.0,2.5,0.2,2.4,5.3,0.8,11.2,7.3,7.8,0.0,0.0,4.92,1.38,7.58,3.59,1.62,4.351,0.19382,0.09235,0.01339,0.04117,0.1378,0.04244,0.00335,4.91872,5.26629
685314,Andrew Saalfrank,ARI,29,projected,,,reliever,MLB,12.9,0.0,0.0,55.4,12.3,7.9,2.4,0.2,1.8,5.3,0.2,10.6,6.1,6.8,0.0,0.0,4.23,1.36,7.4,3.7,1.26,4.292,0.19195,0.0958,0.00372,0.03217,0.14246,0.04349,0.00363,4.2265,4.75422
693312,Kyle Nicolas,CIN,28,projected,,,reliever,MLB,12.6,0.0,0.0,56.2,11.7,8.0,2.0,0.1,1.6,7.0,0.8,11.9,6.1,6.8,0.0,0.0,4.32,1.48,8.5,5.0,1.14,4.462,0.21186,0.12502,0.01445,0.02783,0.14213,0.03525,0.00241,4.32369,4.86354
506433,Yu Darvish,SD,40,projected,,,starter,MLB,12.5,0.0,0.0,51.5,10.9,6.3,2.2,0.2,2.2,3.4,0.8,12.2,5.9,6.3,0.0,0.0,4.24,1.14,8.78,2.45,1.58,4.12,0.23608,0.06619,0.01491,0.0436,0.12254,0.04227,0.00346,4.23797,4.53744
621121,Lance McCullers Jr.,MIL,33,projected,,,starter,MLB,12.5,0.0,0.0,55.7,11.6,6.8,2.6,0.2,2.0,6.9,0.8,12.8,6.9,7.4,0.0,0.0,4.95,1.48,9.22,4.97,1.44,4.455,0.22932,0.12436,0.01359,0.03507,0.12145,0.04745,0.00424,4.94777,5.2974
670102,Bowden Francis,TOR,31,projected,,,starter,MLB,12.3,0.0,0.0,52.5,11.9,7.1,2.3,0.2,2.3,3.9,0.9,11.2,6.5,7.0,0.0,0.0,4.79,1.28,8.2,2.85,1.68,4.27,0.21243,0.07425,0.01664,0.04349,0.13549,0.04473,0.00314,4.78519,5.12333
688297,Chris Roycroft,OAK,30,projected,,,reliever,MLB,12.3,0.0,0.0,55.3,12.8,8.8,2.3,0.2,1.5,5.8,1.0,10.1,6.3,7.1,0.0,0.0,4.61,1.51,7.39,4.24,1.1,4.498,0.18259,0.10498,0.01729,0.02663,0.1595,0.041,0.00296,4.61081,5.18651
641312,Shaun Anderson,LAA,32,projected,,,reliever,MLB,12.2,0.0,0.0,52.2,12.3,8.1,2.0,0.2,2.0,3.9,0.5,9.8,5.9,6.7,0.0,0.0,4.39,1.33,7.23,2.88,1.48,4.276,0.18753,0.07455,0.00918,0.03799,0.15546,0.03789,0.00367,4.38926,4.9373
664192,Joey Lucchesi,SF,34,projected,,,reliever,MLB,12.1,0.0,0.0,53.1,12.1,8.6,2.3,0.2,1.0,5.2,0.6,10.0,5.5,6.2,0.0,0.0,4.1,1.43,7.44,3.87,0.74,4.39,0.18761,0.09708,0.01179,0.01928,0.16202,0.04251,0.00373,4.09912,4.61093
681006,Josh Simpson,SEA,29,projected,,,reliever,MLB,12.0,0.0,0.0,52.5,10.7,6.9,2.1,0.2,1.5,5.8,1.0,12.0,5.6,6.3,0.0,0.0,4.19,1.38,9.0,4.35,1.12,4.375,0.22921,0.11111,0.01857,0.02885,0.1315,0.04075,0.00345,4.19374,4.71737
695049,Brett Kerry,LAA,28,projected,,,starter,MLB,12.0,0.0,0.0,50.2,11.3,7.4,2.0,0.2,1.7,3.7,0.3,11.0,5.5,5.9,0.0,0.0,4.1,1.25,8.25,2.78,1.27,4.182,0.21979,0.074,0.00673,0.03315,0.14643,0.03966,0.00344,4.10284,4.39277
621097,Jacob Waguespack,DET,33,projected,,,reliever,MLB,11.7,0.0,0.0,50.1,10.5,7.1,1.9,0.2,1.3,5.1,0.5,10.2,5.0,5.6,0.0,0.0,3.82,1.33,7.85,3.92,1.0,4.279,0.20399,0.10255,0.00939,0.02529,0.14143,0.03748,0.00311,3.81889,4.29572
695239,Robby Ahlstrom,TEX,28,projected,,,reliever,MLB,11.5,0.0,0.0,49.4,10.8,7.0,2.0,0.2,1.6,4.4,0.8,10.5,5.3,6.0,0.0,0.0,4.16,1.32,8.22,3.44,1.25,4.295,0.21182,0.08887,0.01628,0.03231,0.14094,0.04018,0.00318,4.16361,4.68348
620454,José Castillo,BAL,31,projected,,,reliever,MLB,11.4,0.0,0.0,49.6,10.5,7.1,2.1,0.1,1.2,4.6,1.2,10.3,5.1,5.8,0.0,0.0,4.06,1.32,8.13,3.63,0.95,4.35,0.20781,0.09332,0.02506,0.02474,0.14242,0.04195,0.0028,4.06425,4.57171
680802,Ryan Weiss,HOU,30,projected,,,reliever,MLB,11.3,0.0,0.0,49.0,10.3,6.1,1.8,0.2,2.2,5.6,0.2,10.9,5.8,6.5,0.0,0.0,4.58,1.41,8.68,4.46,1.75,4.338,0.22186,0.11494,0.00427,0.04456,0.12418,0.03634,0.0042,4.58484,5.1573
684974,Craig Yoho,CLE,27,projected,,,reliever,MLB,11.2,0.0,0.0,48.9,10.0,5.9,2.2,0.2,1.7,5.4,0.9,11.0,5.5,6.2,0.0,0.0,4.42,1.38,8.84,4.34,1.37,4.362,0.22587,0.10946,0.01752,0.03467,0.1211,0.04539,0.00408,4.41996,4.97184
623433,Nick Anderson,COL,36,projected,,,reliever,MLB,11.1,0.0,0.0,46.7,10.5,6.9,2.1,0.2,1.3,3.7,0.2,9.8,4.8,5.4,0.0,0.0,3.88,1.28,7.95,3.0,1.05,4.208,0.20987,0.07846,0.00443,0.02765,0.14856,0.04459,0.00401,3.88299,4.36781
605154,John Brebbia,ATL,37,projected,,,reliever,MLB,11.0,0.0,0.0,46.7,10.4,6.0,2.2,0.2,2.0,3.7,0.5,10.7,5.5,6.2,0.0,0.0,4.5,1.28,8.75,3.03,1.64,4.245,0.23016,0.08015,0.01002,0.0438,0.12799,0.04761,0.00414,4.50413,5.06651
664875,Justin Lawrence,WSH,32,projected,,,reliever,MLB,10.9,0.0,0.0,48.9,10.4,6.5,1.9,0.2,1.8,5.8,1.1,10.9,5.7,6.5,0.0,0.0,4.74,1.49,9.0,4.79,1.49,4.488,0.22215,0.119,0.02177,0.03629,0.13224,0.03845,0.00317,4.73938,5.33114
663765,Jake Woodford,TB,30,projected,,,reliever,MLB,10.8,0.0,0.0,46.9,11.4,8.2,2.0,0.2,1.0,3.5,0.5,7.5,5.0,5.6,0.0,0.0,4.17,1.38,6.25,2.92,0.83,4.34,0.16076,0.07464,0.01157,0.02183,0.17397,0.0431,0.00371,4.16857,4.68906
650893,Génesis Cabrera,MIN,30,projected,,,reliever,MLB,10.7,0.0,0.0,46.4,10.1,6.5,1.6,0.1,1.9,4.6,0.5,9.2,5.3,6.0,0.0,0.0,4.5,1.37,7.74,3.87,1.6,4.339,0.19799,0.09934,0.01146,0.04108,0.13987,0.03451,0.00243,4.49754,5.0591
690978,Dax Fulton,MIA,25,projected,,,reliever,MLB,10.7,0.0,0.0,45.9,9.7,6.7,1.5,0.2,1.3,4.7,0.4,10.3,4.6,5.2,0.0,0.0,3.91,1.35,8.66,3.95,1.09,4.29,0.22533,0.10141,0.00953,0.02921,0.14518,0.03236,0.00327,3.91015,4.39837
681320,Nate Lavender,NYM,27,projected,,,reliever,MLB,10.7,0.0,0.0,44.3,9.6,6.3,2.0,0.2,1.1,3.3,0.3,11.2,4.2,4.7,0.0,0.0,3.53,1.21,9.42,2.78,0.93,4.136,0.25207,0.07479,0.00568,0.02506,0.14162,0.04452,0.00409,3.53227,3.97331
674003,Cody Bradford,TEX,29,projected,,,starter,MLB,10.6,0.0,0.0,44.0,10.4,6.3,2.2,0.1,1.8,2.5,0.2,8.4,5.2,5.6,0.0,0.0,4.45,1.22,7.13,2.12,1.53,4.152,0.19082,0.05737,0.00487,0.03998,0.14308,0.04992,0.00311,4.44763,4.76192
684442,Kohl Drake,ARI,26,projected,,,starter,MLB,10.6,0.0,0.0,45.7,9.8,6.4,1.8,0.2,1.4,3.7,1.3,9.3,5.2,5.6,0.0,0.0,4.41,1.27,7.9,3.14,1.19,4.309,0.20438,0.08147,0.02852,0.03108,0.13913,0.03909,0.00475,4.40648,4.71786
687941,Alec Gamboa,BOS,30,projected,,,reliever,MLB,10.2,0.0,0.0,43.3,9.6,6.4,1.7,0.2,1.3,3.7,0.4,8.6,4.5,5.1,0.0,0.0,3.96,1.3,7.59,3.26,1.15,4.244,0.1989,0.08489,0.00908,0.02945,0.14727,0.03908,0.0039,3.96353,4.45841
663878,Nate Pearson,KC,30,projected,,,reliever,MLB,10.1,0.0,0.0,43.7,9.2,5.8,1.9,0.2,1.3,4.4,0.8,9.4,4.6,5.2,0.0,0.0,4.14,1.35,8.38,3.92,1.16,4.323,0.21474,0.10122,0.01728,0.0298,0.13187,0.04238,0.00355,4.13816,4.65485
664353,José Urquidy,PHI,32,projected,,,reliever,MLB,10.1,0.0,0.0,42.8,10.0,6.5,2.3,0.1,1.1,3.0,0.4,8.1,4.6,5.2,0.0,0.0,4.08,1.29,7.22,2.67,0.98,4.24,0.18931,0.06897,0.01001,0.02652,0.15135,0.05286,0.00329,4.08161,4.59123
573009,Joe Mantiply,TOR,36,projected,,,reliever,MLB,10.1,0.0,0.0,42.5,10.2,6.2,2.2,0.2,1.6,2.6,0.3,8.8,4.9,5.5,0.0,0.0,4.37,1.27,7.84,2.32,1.43,4.207,0.20715,0.06079,0.00675,0.0377,0.14574,0.0526,0.00403,4.36615,4.9113
595014,Blake Treinen,LAD,39,projected,,,reliever,MLB,10.0,0.0,0.0,42.4,8.8,5.4,1.9,0.2,1.3,4.1,0.5,10.8,4.4,4.9,0.0,0.0,3.93,1.29,9.72,3.69,1.17,4.245,0.25418,0.09554,0.01116,0.02977,0.12758,0.04594,0.00385,3.93311,4.4242
669308,Sean Reynolds,SD,29,projected,,,reliever,MLB,9.9,0.0,0.0,43.0,8.6,5.3,1.6,0.1,1.6,4.6,0.9,10.3,4.7,5.3,0.0,0.0,4.31,1.33,9.36,4.18,1.45,4.342,0.23935,0.10724,0.02031,0.03769,0.12428,0.0369,0.00277,4.31468,4.85341
702674,Caden Dana,LAA,23,projected,,,starter,MLB,9.4,0.0,0.0,40.6,8.5,5.8,1.2,0.1,1.4,4.3,0.4,8.7,4.5,4.9,0.0,0.0,4.34,1.36,8.33,4.12,1.34,4.324,0.21545,0.10691,0.0108,0.03444,0.14168,0.02972,0.00275,4.33842,4.64499
683627,Anthony Molina,SF,25,projected,,,reliever,MLB,9.4,0.0,0.0,40.3,9.8,6.5,2.0,0.2,1.1,2.7,0.3,7.4,4.5,5.1,0.0,0.0,4.31,1.33,7.09,2.59,1.05,4.283,0.18456,0.06795,0.0078,0.02811,0.16095,0.04933,0.00571,4.30917,4.84721
519326,Hunter Strickland,LAA,38,projected,,,reliever,MLB,9.2,0.0,0.0,39.7,8.6,5.2,1.9,0.2,1.3,3.8,0.5,7.8,4.5,5.0,0.0,0.0,4.37,1.35,7.63,3.72,1.27,4.317,0.19738,0.09561,0.01349,0.03362,0.1314,0.04662,0.00451,4.37124,4.91703
689441,Coleman Crow,MIL,26,projected,,,starter,MLB,9.2,0.0,0.0,39.3,8.8,6.2,1.7,0.1,0.8,3.2,0.5,7.3,4.1,4.4,0.0,0.0,4.0,1.3,7.14,3.13,0.78,4.268,0.18605,0.08069,0.01166,0.02042,0.15903,0.04211,0.00353,4.00028,4.28295
608344,Cole Irvin,LAD,33,projected,,,starter,MLB,9.0,0.0,0.0,38.7,9.5,5.5,2.4,0.1,1.5,2.4,0.5,6.9,5.1,5.4,0.0,0.0,5.08,1.32,6.9,2.4,1.5,4.297,0.17725,0.06191,0.01332,0.0398,0.14258,0.06088,0.0036,5.0776,5.4364
805326,Tyler Schweitzer,CWS,26,projected,,,reliever,MLB,8.9,0.0,0.0,38.2,8.9,5.7,1.8,0.1,1.3,3.1,0.1,6.5,4.4,5.0,0.0,0.0,4.45,1.35,6.57,3.13,1.31,4.289,0.17079,0.08227,0.00385,0.03533,0.14814,0.04782,0.00341,4.4519,5.00776
681869,Shawn Dubin,BAL,31,projected,,,reliever,MLB,8.8,0.0,0.0,37.6,7.9,5.3,1.4,0.1,1.1,3.6,0.5,8.2,3.9,4.3,0.0,0.0,3.94,1.31,8.39,3.68,1.12,4.278,0.21754,0.09574,0.0127,0.02874,0.14074,0.03797,0.00326,3.94343,4.43581
471911,Carlos Carrasco,ATL,40,projected,,,starter,MLB,8.7,0.0,0.0,38.4,9.7,5.9,2.2,0.2,1.4,2.9,0.5,7.2,5.1,5.5,0.0,0.0,5.31,1.45,7.45,3.0,1.45,4.412,0.18857,0.07609,0.01194,0.03751,0.15328,0.05671,0.00424,5.3082,5.6833
547184,Michael Kelly,OAK,34,projected,,,reliever,MLB,8.6,0.0,0.0,38.1,8.7,5.7,1.7,0.1,1.2,3.9,0.5,7.4,4.4,5.0,0.0,0.0,4.62,1.47,7.74,4.08,1.26,4.432,0.19422,0.1032,0.0122,0.03253,0.14868,0.04359,0.0026,4.62411,5.20147
624522,Keegan Thompson,COL,32,projected,,,reliever,MLB,8.6,0.0,0.0,37.3,8.0,5.3,1.6,0.1,1.0,3.7,0.5,8.3,3.9,4.4,0.0,0.0,4.1,1.36,8.69,3.87,1.05,4.332,0.22245,0.09913,0.01274,0.02668,0.14289,0.04246,0.00372,4.09511,4.60642
686826,Bryce Jarvis,ARI,29,projected,,,reliever,MLB,8.6,0.0,0.0,37.7,8.2,5.1,2.0,0.2,0.9,4.0,0.5,6.8,4.1,4.6,0.0,0.0,4.28,1.42,7.12,4.19,0.94,4.379,0.17957,0.10632,0.01332,0.02342,0.13479,0.05271,0.00425,4.27849,4.8127
683175,Connor Phillips,CIN,26,projected,,,reliever,MLB,8.5,0.0,0.0,38.1,7.4,4.6,1.4,0.1,1.3,5.3,0.6,9.0,4.2,4.7,0.0,0.0,4.45,1.49,9.53,5.61,1.38,4.478,0.23593,0.14017,0.0168,0.03289,0.12085,0.03609,0.00272,4.44747,5.00277
593576,Héctor Neris,HOU,38,projected,,,reliever,MLB,8.5,0.0,0.0,36.3,7.3,4.2,1.7,0.1,1.3,3.6,0.5,9.4,4.0,4.5,0.0,0.0,4.24,1.28,9.95,3.81,1.38,4.275,0.25795,0.10049,0.01319,0.03682,0.11648,0.04765,0.00397,4.24254,4.77226
663992,Richard Lovelady,WSH,31,projected,,,reliever,MLB,8.4,0.0,0.0,37.3,7.9,5.4,1.4,0.1,1.0,3.9,1.0,7.4,4.0,4.5,0.0,0.0,4.3,1.4,7.93,4.18,1.07,4.435,0.19892,0.10472,0.02571,0.02626,0.14524,0.03866,0.0026,4.30473,4.84222
703615,Jose Cabrera,ARI,25,projected,,,starter,MLB,8.2,0.0,0.0,35.6,8.1,5.4,1.5,0.2,1.0,3.1,0.7,6.8,4.1,4.3,0.0,0.0,4.46,1.37,7.46,3.4,1.1,4.343,0.19119,0.08569,0.01899,0.0269,0.15041,0.04233,0.00496,4.45672,4.77165
623167,Chris Flexen,CHC,32,projected,,,starter,MLB,8.1,0.0,0.0,34.8,8.1,4.8,1.7,0.2,1.4,3.0,0.2,5.7,4.4,4.7,0.0,0.0,4.88,1.37,6.33,3.33,1.56,4.299,0.16509,0.08534,0.00449,0.03881,0.13875,0.05006,0.00499,4.87909,5.22387
671936,Adam Macko,TEX,26,projected,,,reliever,MLB,7.9,0.0,0.0,33.9,7.0,4.6,1.3,0.1,1.0,3.1,0.8,7.4,3.5,4.0,0.0,0.0,4.03,1.28,8.43,3.53,1.14,4.29,0.21826,0.09096,0.0222,0.02998,0.1352,0.03958,0.00313,4.0264,4.52913
605218,Carl Edwards Jr.,NYM,35,projected,,,reliever,MLB,7.8,0.0,0.0,33.6,7.0,4.6,1.4,0.1,0.9,3.6,0.2,7.4,3.5,3.9,0.0,0.0,4.02,1.36,8.54,4.15,1.04,4.303,0.2194,0.1057,0.00556,0.02806,0.13815,0.0426,0.00299,4.024,4.52643
669422,Matt Sauer,LAD,28,projected,,,reliever,MLB,7.6,0.0,0.0,32.9,7.4,4.7,1.5,0.1,1.1,2.8,0.4,6.2,3.7,4.2,0.0,0.0,4.4,1.34,7.34,3.32,1.3,4.323,0.18782,0.08645,0.01354,0.03267,0.14336,0.0463,0.00385,4.40108,4.95059
680735,Austin Cox,ATL,30,projected,,,reliever,MLB,7.6,0.0,0.0,32.3,6.9,4.0,1.4,0.1,1.4,2.9,0.3,7.0,3.7,4.2,0.0,0.0,4.42,1.29,8.29,3.43,1.66,4.245,0.21704,0.08931,0.00891,0.04353,0.12387,0.0447,0.00346,4.42265,4.97486
677961,Cole Wilcox,SEA,27,projected,,,reliever,MLB,7.6,0.0,0.0,33.4,7.1,4.7,1.2,0.1,1.1,3.8,0.5,7.2,3.7,4.1,0.0,0.0,4.35,1.43,8.53,4.5,1.3,4.398,0.21661,0.11263,0.01371,0.03267,0.13979,0.03651,0.00237,4.34837,4.8913
687922,Easton Lucas,TOR,30,projected,,,reliever,MLB,7.5,0.0,0.0,32.3,6.9,4.5,1.1,0.1,1.2,3.3,0.2,6.7,3.5,4.0,0.0,0.0,4.22,1.36,8.04,3.96,1.44,4.301,0.20741,0.10327,0.00678,0.03683,0.13868,0.03483,0.00239,4.22057,4.74755
682995,Hunter Barco,PIT,26,projected,,,reliever,MLB,7.5,0.0,0.0,32.8,7.0,4.7,1.1,0.1,1.1,3.4,0.5,6.6,3.7,4.1,0.0,0.0,4.38,1.39,7.92,4.08,1.32,4.373,0.20113,0.10308,0.01646,0.03502,0.14206,0.03449,0.00279,4.38258,4.92978
681799,Ethan Roberts,CHC,29,projected,,,reliever,MLB,7.4,0.0,0.0,32.2,7.0,4.7,1.3,0.1,0.9,3.1,0.6,6.3,3.4,3.9,0.0,0.0,4.17,1.36,7.66,3.77,1.09,4.358,0.19634,0.09765,0.01828,0.02735,0.14567,0.03979,0.00283,4.16879,4.68931
684665,Luke Murphy,LAA,27,projected,,,reliever,MLB,7.1,0.0,0.0,30.5,6.5,4.2,1.4,0.1,0.8,3.0,0.3,6.7,3.2,3.6,0.0,0.0,4.0,1.34,8.49,3.8,1.01,4.296,0.2202,0.09869,0.01139,0.02672,0.13723,0.04458,0.00335,4.00077,4.5003
663671,Nic Enright,CLE,30,projected,,,reliever,MLB,7.0,0.0,0.0,29.8,6.4,4.2,1.0,0.1,1.1,2.7,0.4,6.7,3.1,3.5,0.0,0.0,4.04,1.3,8.61,3.47,1.41,4.252,0.22446,0.08927,0.01425,0.03592,0.13936,0.03336,0.00277,4.04154,4.54616
693313,Carson Seymour,SF,28,projected,,,reliever,MLB,7.0,0.0,0.0,30.6,7.1,4.5,1.3,0.1,1.2,2.9,0.2,5.6,3.6,4.1,0.0,0.0,4.68,1.43,7.2,3.73,1.54,4.377,0.1846,0.09458,0.00783,0.03774,0.14826,0.04254,0.00348,4.68363,5.26843
664062,Tony Gonsolin,LAD,33,projected,,,starter,MLB,7.0,0.0,0.0,29.9,6.4,4.3,0.8,0.1,1.2,2.7,0.4,6.5,3.4,3.6,0.0,0.0,4.38,1.3,8.36,3.47,1.54,4.269,0.21741,0.09056,0.01285,0.03991,0.14358,0.02816,0.00259,4.38259,4.69228
677053,Andrew Nardi,MIA,28,projected,,,reliever,MLB,6.9,0.0,0.0,28.9,5.7,3.3,1.3,0.1,1.0,2.8,0.3,8.0,3.0,3.3,0.0,0.0,3.87,1.23,10.43,3.65,1.3,4.193,0.27761,0.09748,0.00995,0.03572,0.11552,0.04344,0.00311,3.86862,4.35165
669721,Davis Daniel,ATL,30,projected,,,starter,MLB,6.8,0.0,0.0,29.2,6.5,4.2,1.3,0.1,0.9,2.6,0.3,6.1,3.3,3.5,0.0,0.0,4.38,1.34,8.07,3.44,1.19,4.287,0.20775,0.09027,0.00945,0.03148,0.14304,0.04289,0.00334,4.37566,4.68486
641672,Thomas Hatch,MIN,32,projected,,,reliever,MLB,6.8,0.0,0.0,29.5,6.7,4.0,1.4,0.1,1.2,2.8,0.2,5.5,3.5,3.9,0.0,0.0,4.63,1.4,7.28,3.71,1.59,4.336,0.18762,0.09593,0.00761,0.03907,0.13482,0.04704,0.00365,4.62811,5.20597
656786,Parker Mushinski,COL,31,projected,,,reliever,MLB,6.7,0.0,0.0,29.6,6.7,4.5,1.3,0.1,0.8,2.7,0.8,5.3,3.3,3.7,0.0,0.0,4.41,1.4,7.12,3.63,1.07,4.425,0.17739,0.09133,0.02674,0.02589,0.15204,0.0427,0.00304,4.40544,4.9555
669684,Chris Murphy,CWS,29,projected,,,reliever,MLB,6.7,0.0,0.0,29.1,6.0,3.8,1.1,0.1,1.0,3.0,0.5,6.4,3.2,3.6,0.0,0.0,4.32,1.34,8.6,4.03,1.34,4.341,0.21871,0.10157,0.01887,0.03588,0.13143,0.03837,0.00279,4.32346,4.86328
686751,Seth Johnson,OAK,28,projected,,,reliever,MLB,6.6,0.0,0.0,28.3,5.9,3.7,1.1,0.1,1.0,3.0,0.3,6.6,3.1,3.4,0.0,0.0,4.18,1.35,9.0,4.09,1.36,4.295,0.23423,0.10428,0.00951,0.0354,0.12973,0.03977,0.00315,4.18216,4.70434
694363,Jared Shuster,STL,28,projected,,,reliever,MLB,6.6,0.0,0.0,28.9,6.8,4.5,1.6,0.1,0.6,2.9,0.2,4.8,3.1,3.5,0.0,0.0,4.26,1.47,6.55,3.95,0.82,4.385,0.16607,0.09921,0.00524,0.01985,0.15417,0.05383,0.00344,4.26039,4.79235
695534,Chase Petty,CIN,24,projected,,,reliever,MLB,6.5,0.0,0.0,28.6,6.5,4.4,1.1,0.1,0.9,2.5,0.6,4.9,3.3,3.7,0.0,0.0,4.52,1.38,6.78,3.46,1.25,4.393,0.16967,0.0888,0.01926,0.03245,0.15364,0.04015,0.00263,4.52455,5.08948
666129,Braxton Garrett,CHC,29,projected,,,starter,MLB,6.3,0.0,0.0,26.4,5.8,3.7,1.3,0.1,0.7,1.7,0.6,5.9,2.8,3.0,0.0,0.0,4.07,1.19,8.43,2.43,1.0,4.192,0.2224,0.06374,0.02159,0.02829,0.13991,0.04826,0.00326,4.06658,4.35394
606965,Chris Devenski,NYM,36,projected,,,reliever,MLB,6.1,0.0,0.0,25.7,5.7,3.7,1.1,0.1,0.8,2.0,0.3,5.3,2.7,3.0,0.0,0.0,3.98,1.26,7.82,2.95,1.18,4.221,0.20771,0.07619,0.01104,0.03007,0.14451,0.04466,0.00338,3.98065,4.47767
655889,Manuel Rodríguez,TB,30,projected,,,reliever,MLB,6.0,0.0,0.0,25.9,5.7,3.9,1.2,0.1,0.5,2.3,0.5,5.5,2.6,2.9,0.0,0.0,3.87,1.33,8.25,3.45,0.75,4.323,0.21279,0.08987,0.01788,0.01938,0.15171,0.04444,0.0029,3.87264,4.35617
677020,Josh Walker,BAL,32,projected,,,reliever,MLB,6.0,0.0,0.0,25.4,5.3,3.6,1.0,0.1,0.6,2.4,0.2,5.7,2.4,2.7,0.0,0.0,3.64,1.28,8.55,3.6,0.9,4.234,0.2262,0.09443,0.00883,0.02306,0.14338,0.03952,0.00284,3.63641,4.09044
681402,Gus Varland,WSH,30,projected,,,reliever,MLB,6.0,0.0,0.0,26.0,5.8,3.4,1.4,0.1,0.9,2.5,0.2,5.5,3.0,3.4,0.0,0.0,4.53,1.38,8.25,3.75,1.35,4.327,0.21182,0.09652,0.00651,0.03572,0.13149,0.05264,0.00385,4.53079,5.0965
676092,Collin Snider,SEA,31,projected,,,reliever,MLB,5.9,0.0,0.0,25.4,5.8,3.8,1.2,0.1,0.7,2.2,0.2,5.2,2.8,3.1,0.0,0.0,4.2,1.36,7.93,3.36,1.07,4.302,0.20454,0.08533,0.00813,0.02821,0.14944,0.04907,0.00274,4.20275,4.7275
686753,Drey Jameson,ARI,29,projected,,,reliever,MLB,5.9,0.0,0.0,25.6,5.7,3.5,1.3,0.1,0.8,2.5,0.2,5.1,2.9,3.2,0.0,0.0,4.38,1.39,7.78,3.81,1.22,4.341,0.1993,0.09895,0.0088,0.03104,0.13727,0.049,0.00385,4.37985,4.92672
518489,Ryan Brasier,CHC,39,projected,,,reliever,MLB,5.8,0.0,0.0,24.1,5.5,3.4,1.1,0.1,0.9,1.6,0.2,5.3,2.6,2.9,0.0,0.0,4.05,1.22,8.22,2.48,1.4,4.16,0.22184,0.06646,0.00628,0.03697,0.14061,0.04648,0.00295,4.04782,4.55323
660604,Alan Rangel,PHI,29,projected,,,reliever,MLB,5.8,0.0,0.0,25.0,5.4,3.4,1.2,0.1,0.7,2.5,0.3,5.5,2.6,3.0,0.0,0.0,4.1,1.36,8.53,3.88,1.09,4.304,0.21824,0.09869,0.01184,0.02811,0.13406,0.04745,0.00306,4.09724,4.60882
642239,Rob Zastryzny,MIL,35,projected,,,reliever,MLB,5.6,0.0,0.0,24.2,5.4,3.4,1.1,0.1,0.8,2.3,0.2,4.9,2.7,3.0,0.0,0.0,4.31,1.38,7.88,3.7,1.29,4.325,0.20195,0.09588,0.00936,0.03151,0.14015,0.04657,0.00301,4.30783,4.8457
554431,Tyler Matzek,NYY,36,projected,,,reliever,MLB,5.6,0.0,0.0,24.4,5.2,3.3,1.2,0.1,0.6,2.7,0.2,5.1,2.6,2.9,0.0,0.0,4.16,1.41,8.2,4.34,0.96,4.349,0.20808,0.10954,0.00849,0.02608,0.13509,0.04741,0.00352,4.15881,4.67808
676272,Bobby Miller,LAD,28,projected,,,starter,MLB,5.5,0.0,0.0,23.7,5.3,3.2,1.2,0.1,0.8,2.0,0.3,5.2,2.8,3.0,0.0,0.0,4.63,1.33,8.51,3.27,1.31,4.316,0.22013,0.08608,0.01458,0.03354,0.13622,0.05121,0.00337,4.63474,4.96225
696131,Mason Black,KC,27,projected,,,reliever,MLB,5.5,0.0,0.0,24.4,5.5,3.5,1.0,0.1,0.9,2.5,0.4,4.5,2.9,3.3,0.0,0.0,4.74,1.45,7.36,4.09,1.47,4.428,0.18262,0.10139,0.01466,0.03578,0.14381,0.04281,0.00364,4.74147,5.33348
699008,Antwone Kelly,PIT,23,projected,,,reliever,MLB,5.5,0.0,0.0,23.6,5.2,3.4,1.0,0.1,0.7,2.1,0.3,4.8,2.6,2.9,0.0,0.0,4.21,1.33,7.85,3.44,1.15,4.298,0.20419,0.08987,0.01195,0.03168,0.14222,0.04374,0.00284,4.20652,4.73174
641540,Dane Dunning,ATL,32,projected,,,reliever,MLB,5.4,0.0,0.0,23.6,5.4,3.0,1.2,0.1,1.1,2.0,0.4,4.8,3.0,3.4,0.0,0.0,5.03,1.37,8.0,3.33,1.83,4.368,0.20241,0.08679,0.01588,0.04641,0.12891,0.05157,0.00363,5.03219,5.66051
701719,Tyler Samaniego,BOS,28,projected,,,reliever,MLB,5.4,0.0,0.0,23.2,5.1,3.5,0.9,0.1,0.6,2.0,0.4,4.8,2.4,2.7,0.0,0.0,4.0,1.31,8.0,3.33,1.0,4.301,0.2083,0.08684,0.01734,0.02763,0.15131,0.03669,0.00286,3.99888,4.49818
664954,Brett Sullivan,COL,33,projected,,,reliever,MLB,5.3,0.0,0.0,22.6,5.2,3.2,1.2,0.1,0.7,1.8,0.2,4.3,2.5,2.8,0.0,0.0,4.19,1.32,7.3,3.06,1.19,4.265,0.18941,0.08096,0.00791,0.02885,0.14335,0.05238,0.00356,4.18757,4.71043
642048,Tayler Saucedo,LAA,34,projected,,,reliever,MLB,5.3,0.0,0.0,22.9,4.9,3.2,1.0,0.1,0.6,2.2,0.5,5.1,2.3,2.6,0.0,0.0,3.97,1.34,8.66,3.74,1.02,4.322,0.2209,0.09648,0.02123,0.02501,0.13837,0.04195,0.00299,3.96948,4.46511
700363,AJ Smith-Shawver,ATL,24,projected,,,starter,MLB,5.3,0.0,0.0,23.1,5.1,3.2,0.9,0.1,0.9,2.4,0.2,4.7,2.8,2.9,0.0,0.0,4.68,1.42,7.98,4.08,1.53,4.354,0.20483,0.10288,0.00926,0.0369,0.14059,0.03849,0.00291,4.67716,5.00767
621366,Ryan Borucki,SF,33,projected,,,reliever,MLB,5.2,0.0,0.0,22.3,5.0,3.1,1.0,0.1,0.8,1.9,0.4,4.5,2.5,2.8,0.0,0.0,4.29,1.33,7.79,3.29,1.38,4.285,0.20238,0.0832,0.01731,0.03494,0.13761,0.04434,0.00284,4.28827,4.8237
689225,Beau Brieske,DET,29,projected,,,reliever,MLB,5.2,0.0,0.0,22.1,4.9,3.1,1.0,0.1,0.7,2.0,0.1,4.5,2.4,2.7,0.0,0.0,4.08,1.33,7.79,3.46,1.21,4.247,0.2029,0.0896,0.00375,0.03194,0.14207,0.04318,0.00351,4.07878,4.58806
663773,Bryan Hoeing,SD,30,projected,,,reliever,MLB,5.1,0.0,0.0,21.7,5.0,3.4,0.9,0.1,0.6,1.7,0.1,4.1,2.3,2.6,0.0,0.0,4.04,1.31,7.24,3.0,1.06,4.256,0.18744,0.07989,0.00426,0.02776,0.15722,0.04334,0.0031,4.03544,4.5393
554340,Yimi García,TOR,36,projected,,,reliever,MLB,5.1,0.0,0.0,21.2,4.4,2.8,0.9,0.1,0.6,1.7,0.4,5.5,2.0,2.3,0.0,0.0,3.61,1.2,9.71,3.0,1.06,4.155,0.25758,0.0783,0.01669,0.02917,0.12977,0.04228,0.00277,3.60953,4.06022
675989,Cody Bolton,HOU,29,projected,,,reliever,MLB,5.0,0.0,0.0,21.9,4.7,3.1,0.9,0.1,0.6,2.4,0.2,4.7,2.3,2.6,0.0,0.0,4.22,1.42,8.46,4.32,1.08,4.371,0.21302,0.11144,0.00786,0.02801,0.14062,0.04238,0.00324,4.22146,4.74855
642546,Jonathan Hernández,LAD,30,projected,,,reliever,MLB,4.9,0.0,0.0,21.4,4.5,2.9,0.8,0.1,0.7,2.5,0.2,4.5,2.3,2.6,0.0,0.0,4.27,1.43,8.27,4.59,1.29,4.376,0.2094,0.11521,0.01068,0.03188,0.13671,0.03721,0.00268,4.26862,4.80159
657265,Peter Strzelecki,STL,32,projected,,,reliever,MLB,4.9,0.0,0.0,21.1,4.5,3.0,0.9,0.1,0.5,1.8,0.6,4.5,2.1,2.4,0.0,0.0,3.93,1.29,8.27,3.31,0.92,4.313,0.21313,0.08636,0.02641,0.02397,0.14437,0.04032,0.00318,3.93278,4.42383
621057,Justin Garza,NYM,33,projected,,,reliever,MLB,4.8,0.0,0.0,20.6,4.6,3.1,1.0,0.1,0.4,1.9,0.2,4.1,2.0,2.3,0.0,0.0,3.84,1.35,7.69,3.56,0.75,4.297,0.20139,0.09121,0.00967,0.01795,0.15022,0.04973,0.00329,3.84244,4.32221
701487,Pierson Ohl,MIN,27,projected,,,reliever,MLB,4.8,0.0,0.0,20.2,4.7,3.0,0.9,0.1,0.7,1.5,0.1,4.3,2.2,2.5,0.0,0.0,4.1,1.29,8.06,2.81,1.31,4.203,0.21189,0.07277,0.00423,0.03543,0.14799,0.04349,0.003,4.10471,4.61723
676742,Cam Sanders,BAL,30,projected,,,reliever,MLB,4.7,0.0,0.0,20.7,4.2,2.8,0.8,0.0,0.6,2.4,0.4,5.0,2.2,2.4,0.0,0.0,4.15,1.4,9.57,4.6,1.15,4.412,0.24181,0.11796,0.02039,0.02681,0.13308,0.03928,0.00218,4.14774,4.66563
686560,Gavin Collyer,TEX,26,projected,,,reliever,MLB,4.6,0.0,0.0,20.8,4.3,2.7,0.8,0.1,0.7,2.5,0.8,4.4,2.4,2.7,0.0,0.0,4.71,1.48,8.61,4.89,1.37,4.53,0.21186,0.11849,0.03645,0.03228,0.12759,0.03883,0.00326,4.70768,5.29548
676571,PJ Poulin,WSH,30,projected,,,reliever,MLB,4.6,0.0,0.0,20.3,4.5,2.9,0.8,0.1,0.7,2.3,0.2,4.1,2.3,2.6,0.0,0.0,4.48,1.48,8.02,4.5,1.37,4.412,0.20262,0.11245,0.01157,0.03365,0.14108,0.03836,0.00272,4.48107,5.04058
699823,Tyler Davis,CWS,28,projected,,,reliever,MLB,4.5,0.0,0.0,19.3,4.1,2.7,0.8,0.1,0.5,2.0,0.1,4.1,2.0,2.2,0.0,0.0,3.96,1.36,8.2,4.0,1.0,4.279,0.21442,0.10273,0.00433,0.02846,0.14052,0.03997,0.00325,3.9578,4.45196
689546,Nick Davila,SEA,28,projected,,,reliever,MLB,4.5,0.0,0.0,19.8,4.3,2.9,0.8,0.1,0.5,1.9,0.5,3.5,2.2,2.4,0.0,0.0,4.34,1.38,7.0,3.8,1.0,4.405,0.17443,0.09541,0.02506,0.02685,0.14647,0.04203,0.00285,4.34425,4.88667
608665,Kendall Graveman,ARI,36,projected,,,reliever,MLB,4.4,0.0,0.0,19.3,4.2,2.5,1.0,0.1,0.6,2.1,0.3,4.1,2.2,2.5,0.0,0.0,4.47,1.43,8.39,4.3,1.23,4.388,0.2105,0.10847,0.01386,0.02997,0.12708,0.0526,0.00408,4.46947,5.02753
605242,Michael Fulmer,NYY,34,projected,,,reliever,MLB,4.4,0.0,0.0,18.9,3.9,2.4,0.8,0.1,0.6,2.0,0.3,4.5,2.0,2.3,0.0,0.0,4.09,1.34,9.2,4.09,1.23,4.292,0.23624,0.10469,0.01343,0.03274,0.12539,0.04196,0.00317,4.09221,4.60317
680916,Franco Aleman,CLE,27,projected,,,reliever,MLB,4.3,0.0,0.0,18.5,3.8,2.4,0.7,0.1,0.6,1.7,0.5,4.4,2.0,2.2,0.0,0.0,4.13,1.28,9.21,3.56,1.26,4.304,0.23719,0.09013,0.0273,0.03401,0.1323,0.0363,0.00318,4.1322,4.64815
622786,Jesus Tinoco,MIA,32,projected,,,reliever,MLB,4.3,0.0,0.0,18.4,4.1,2.6,0.8,0.1,0.6,1.6,0.2,3.9,2.0,2.2,0.0,0.0,4.15,1.33,8.16,3.35,1.26,4.283,0.21224,0.08892,0.0123,0.03199,0.14173,0.04154,0.00338,4.1455,4.66311
684049,Brandan Bidois,PIT,26,projected,,,reliever,MLB,4.3,0.0,0.0,18.5,3.8,2.5,0.7,0.1,0.5,2.0,0.2,4.2,1.9,2.2,0.0,0.0,4.02,1.35,8.79,4.19,1.05,4.31,0.22793,0.10612,0.01203,0.02955,0.13475,0.03886,0.00285,4.01577,4.51718
679775,Kyle Backhus,PHI,29,projected,,,reliever,MLB,4.3,0.0,0.0,18.4,4.1,2.7,0.8,0.1,0.5,1.4,0.4,3.8,1.9,2.2,0.0,0.0,4.03,1.28,7.95,2.93,1.05,4.278,0.2083,0.07609,0.02082,0.02684,0.14779,0.04444,0.00302,4.02585,4.52852
689017,Landon Knack,LAD,29,projected,,,starter,MLB,4.3,0.0,0.0,18.2,4.1,2.2,0.9,0.1,0.9,1.4,0.2,4.0,2.3,2.5,0.0,0.0,4.82,1.28,8.37,2.93,1.88,4.236,0.22076,0.07909,0.01172,0.04729,0.12217,0.04827,0.00374,4.82304,5.16386
669298,TJ Shook,COL,29,projected,,,reliever,MLB,4.1,0.0,0.0,17.3,3.9,2.6,0.7,0.1,0.5,1.4,0.1,3.7,1.7,2.0,0.0,0.0,3.81,1.29,8.12,3.07,1.1,4.219,0.21538,0.08026,0.00778,0.02608,0.14923,0.04302,0.00311,3.80838,4.28389
664139,Ian Gibaut,CIN,33,projected,,,reliever,MLB,4.1,0.0,0.0,17.4,3.8,2.3,0.8,0.1,0.6,1.6,0.2,3.7,1.9,2.1,0.0,0.0,4.12,1.32,8.12,3.51,1.32,4.253,0.21246,0.08951,0.00889,0.03202,0.13361,0.04745,0.00355,4.12068,4.63518
666745,Jhony Brito,SD,29,projected,,,reliever,MLB,4.0,0.0,0.0,16.8,3.8,2.5,0.7,0.1,0.5,1.2,0.1,3.2,1.8,2.0,0.0,0.0,3.96,1.25,7.2,2.7,1.12,4.19,0.18898,0.0712,0.00743,0.03188,0.14929,0.04179,0.00322,3.95506,4.44889
670103,Raymond Burgos,BOS,28,projected,,,reliever,MLB,4.0,0.0,0.0,16.6,3.9,2.4,0.7,0.1,0.7,1.1,0.1,3.5,1.8,2.1,0.0,0.0,4.11,1.25,7.88,2.48,1.58,4.146,0.20971,0.06364,0.00534,0.0413,0.14314,0.04092,0.00303,4.105,4.61754
676702,Hunter Stratton,ATL,30,projected,,,reliever,MLB,4.0,0.0,0.0,17.1,3.8,2.7,0.7,0.0,0.4,1.2,0.4,3.5,1.7,2.0,0.0,0.0,3.93,1.25,7.88,2.7,0.9,4.269,0.2058,0.06845,0.02073,0.02442,0.15889,0.04249,0.00261,3.93053,4.4213
676620,Blake Weiman,LAA,31,projected,,,reliever,MLB,3.9,0.0,0.0,16.3,3.8,2.3,0.7,0.1,0.7,1.2,0.1,3.5,1.8,2.0,0.0,0.0,4.16,1.28,8.08,2.77,1.62,4.167,0.21355,0.07073,0.00567,0.0422,0.13883,0.04039,0.0031,4.16213,4.68181
657424,Matt Gage,SF,34,projected,,,reliever,MLB,3.8,0.0,0.0,16.5,3.6,2.3,0.6,0.1,0.6,1.7,0.2,3.3,1.8,2.1,0.0,0.0,4.37,1.39,7.82,4.03,1.42,4.349,0.20298,0.10332,0.01189,0.03518,0.1382,0.03855,0.00309,4.37209,4.91799
685464,Cade Winquest,STL,27,projected,,,reliever,MLB,3.8,0.0,0.0,16.2,3.2,2.3,0.6,0.0,0.3,1.6,0.2,3.8,1.5,1.7,0.0,0.0,3.64,1.26,9.0,3.79,0.71,4.265,0.23369,0.09918,0.01406,0.02144,0.1398,0.03943,0.00306,3.63832,4.0926
621363,Colin Poche,NYM,33,projected,,,reliever,MLB,3.7,0.0,0.0,15.7,3.3,2.0,0.7,0.1,0.5,1.6,0.1,3.6,1.6,1.8,0.0,0.0,3.96,1.32,8.76,3.89,1.22,4.237,0.23046,0.1038,0.0038,0.03214,0.12505,0.04429,0.0034,3.96113,4.45572
608717,Chris Stratton,LAD,36,projected,,,reliever,MLB,3.7,0.0,0.0,15.9,3.6,2.3,0.7,0.1,0.5,1.5,0.1,3.3,1.7,1.9,0.0,0.0,4.12,1.38,8.03,3.65,1.22,4.308,0.20824,0.09547,0.00762,0.02867,0.14639,0.04218,0.00348,4.12214,4.63683
656686,Corbin Martin,CHC,31,projected,,,reliever,MLB,3.7,0.0,0.0,15.9,3.3,2.3,0.6,0.0,0.4,1.7,0.2,3.5,1.6,1.8,0.0,0.0,3.86,1.35,8.51,4.14,0.97,4.308,0.2202,0.10381,0.00999,0.02479,0.14535,0.03722,0.00268,3.86244,4.3447
641343,Jake Bauers,MIL,31,projected,,,reliever,MLB,3.6,0.0,0.0,15.9,3.5,2.3,0.6,0.0,0.6,1.5,0.4,3.0,1.8,2.1,0.0,0.0,4.56,1.39,7.5,3.75,1.5,4.405,0.18743,0.0952,0.02283,0.03489,0.14412,0.03919,0.00247,4.56418,5.13406
671162,Connor Thomas,KC,29,projected,,,reliever,MLB,3.6,0.0,0.0,15.5,3.4,2.4,0.5,0.0,0.5,1.2,0.3,2.9,1.7,1.9,0.0,0.0,4.14,1.28,7.25,3.0,1.25,4.301,0.18887,0.08063,0.01733,0.03119,0.15639,0.03455,0.00267,4.13905,4.65585
808825,Andrew Sears,DET,24,projected,,,reliever,MLB,3.5,0.0,0.0,15.3,3.4,2.1,0.7,0.0,0.6,1.3,0.4,3.1,1.8,2.0,0.0,0.0,4.65,1.34,7.97,3.34,1.54,4.385,0.19938,0.08616,0.02902,0.0371,0.13562,0.04482,0.00294,4.65175,5.23256
668820,Max Kranick,WSH,29,projected,,,reliever,MLB,3.5,0.0,0.0,15.0,3.5,2.2,0.7,0.1,0.5,1.3,0.1,2.7,1.7,1.9,0.0,0.0,4.28,1.37,6.94,3.34,1.29,4.288,0.17823,0.08398,0.00564,0.03045,0.14934,0.0473,0.00399,4.27635,4.81029
696070,Kendry Rojas,MIN,24,projected,,,reliever,MLB,3.5,0.0,0.0,15.3,3.0,2.0,0.6,0.0,0.4,1.9,0.1,3.6,1.6,1.8,0.0,0.0,4.06,1.4,9.26,4.89,1.03,4.365,0.23542,0.122,0.00917,0.02749,0.13195,0.03924,0.00279,4.05637,4.56285
642216,Allan Winans,NYY,31,projected,,,reliever,MLB,3.4,0.0,0.0,14.5,3.1,2.0,0.6,0.0,0.5,1.1,0.2,2.9,1.6,1.8,0.0,0.0,4.28,1.24,7.68,2.91,1.32,4.258,0.20221,0.07694,0.01621,0.03769,0.14093,0.0411,0.00298,4.28448,4.81944
672629,Gerardo Carrillo,ARI,28,projected,,,reliever,MLB,3.4,0.0,0.0,14.9,3.0,1.8,0.7,0.1,0.4,1.8,0.2,3.4,1.6,1.8,0.0,0.0,4.22,1.41,9.0,4.76,1.06,4.376,0.23083,0.12149,0.01196,0.02756,0.12108,0.04767,0.00449,4.22136,4.74843
685801,Hunter Bigge,TB,29,projected,,,reliever,MLB,3.3,0.0,0.0,14.1,2.9,2.0,0.6,0.0,0.3,1.4,0.1,3.1,1.4,1.6,0.0,0.0,3.87,1.3,8.45,3.82,0.82,4.285,0.21768,0.10197,0.00646,0.02474,0.14215,0.0416,0.00321,3.8672,4.35006
605513,Spencer Turnbull,TOR,34,projected,,,reliever,MLB,3.3,0.0,0.0,14.3,3.0,2.0,0.6,0.0,0.4,1.3,0.3,3.1,1.5,1.7,0.0,0.0,4.2,1.3,8.45,3.55,1.09,4.334,0.2149,0.09366,0.01893,0.03128,0.1424,0.03862,0.003,4.20498,4.73001
680880,Grant Holman,OAK,27,projected,,,reliever,MLB,3.3,0.0,0.0,14.4,3.2,2.2,0.6,0.0,0.4,1.4,0.2,2.9,1.6,1.8,0.0,0.0,4.25,1.39,7.91,3.82,1.09,4.366,0.19857,0.0939,0.0112,0.02697,0.15621,0.04159,0.00287,4.24713,4.77743
656186,Dan Altavilla,CWS,34,projected,,,reliever,MLB,3.2,0.0,0.0,14.1,2.9,2.1,0.5,0.0,0.3,1.4,0.4,2.9,1.5,1.6,0.0,0.0,4.11,1.34,8.16,3.94,0.84,4.413,0.20378,0.1027,0.02721,0.0219,0.14619,0.0385,0.00348,4.10619,4.61889
672710,Roansy Contreras,COL,27,projected,,,reliever,MLB,3.2,0.0,0.0,13.8,3.0,1.9,0.6,0.0,0.5,1.3,0.1,2.7,1.5,1.7,0.0,0.0,4.34,1.34,7.59,3.66,1.41,4.312,0.19215,0.09612,0.00797,0.03537,0.14102,0.04056,0.00338,4.34258,4.88479
667652,Jack Ralston,MIA,29,projected,,,reliever,MLB,3.2,0.0,0.0,13.7,3.0,1.8,0.6,0.1,0.5,1.3,0.2,3.1,1.5,1.7,0.0,0.0,4.16,1.34,8.72,3.66,1.41,4.273,0.22678,0.09535,0.01226,0.03468,0.13022,0.04187,0.00386,4.16238,4.6821
664294,Dauri Moreta,PIT,31,projected,,,reliever,MLB,3.2,0.0,0.0,13.5,2.7,1.7,0.6,0.0,0.4,1.2,0.2,3.5,1.3,1.5,0.0,0.0,3.66,1.22,9.84,3.37,1.12,4.207,0.25897,0.09254,0.01476,0.02657,0.12619,0.04442,0.00304,3.66454,4.12209
621199,Matt Bowman,BAL,36,projected,,,reliever,MLB,3.2,0.0,0.0,13.8,3.1,2.1,0.6,0.0,0.4,1.1,0.2,2.6,1.5,1.7,0.0,0.0,4.29,1.31,7.31,3.09,1.12,4.315,0.19042,0.0813,0.01443,0.03203,0.15387,0.04061,0.00275,4.28859,4.82406
663321,Nick Hernandez,HOU,32,projected,,,reliever,MLB,3.2,0.0,0.0,13.8,2.8,1.8,0.7,0.0,0.3,1.4,0.2,3.1,1.4,1.6,0.0,0.0,4.02,1.31,8.72,3.94,0.84,4.31,0.22676,0.09819,0.01603,0.02523,0.13297,0.04822,0.00347,4.0194,4.52126
670810,Logan Gillaspie,SD,30,projected,,,reliever,MLB,3.1,0.0,0.0,13.4,3.1,2.0,0.6,0.1,0.4,1.0,0.3,2.5,1.5,1.7,0.0,0.0,4.4,1.32,7.26,2.9,1.16,4.325,0.1869,0.07592,0.02147,0.03198,0.14742,0.04571,0.00392,4.40497,4.95497
688883,Peyton Pallette,CLE,26,projected,,,reliever,MLB,3.1,0.0,0.0,13.7,2.8,1.9,0.6,0.0,0.3,1.6,0.3,3.0,1.4,1.6,0.0,0.0,4.06,1.42,8.71,4.65,0.87,4.416,0.22083,0.11435,0.02243,0.02159,0.13824,0.04103,0.00272,4.05564,4.56203
687309,Cooper Hjerpe,STL,26,projected,,,reliever,MLB,3.0,0.0,0.0,13.0,2.6,1.7,0.5,0.0,0.4,1.4,0.3,3.0,1.3,1.5,0.0,0.0,4.04,1.33,9.0,4.2,1.2,4.342,0.23144,0.1044,0.02184,0.02845,0.13387,0.03781,0.00268,4.03847,4.54271
671109,Jake Eder,LAA,28,projected,,,reliever,MLB,2.9,0.0,0.0,12.6,2.7,1.7,0.5,0.0,0.5,1.2,0.2,2.5,1.4,1.6,0.0,0.0,4.48,1.34,7.76,3.72,1.55,4.335,0.20062,0.09281,0.01619,0.03783,0.13667,0.04118,0.00329,4.48189,5.04149
643361,Kevin Herget,NYM,36,projected,,,reliever,MLB,2.9,0.0,0.0,12.3,2.8,1.8,0.6,0.0,0.4,0.9,0.1,2.2,1.3,1.5,0.0,0.0,4.18,1.28,6.83,2.79,1.24,4.252,0.17747,0.07468,0.00929,0.02978,0.1481,0.04936,0.00372,4.18243,4.70465
664747,Alexis Díaz,ATL,30,projected,,,reliever,MLB,2.9,0.0,0.0,12.8,2.3,1.4,0.5,0.0,0.4,1.5,0.4,3.2,1.4,1.5,0.0,0.0,4.26,1.31,9.93,4.66,1.24,4.402,0.25378,0.12039,0.02903,0.03105,0.11177,0.04247,0.00349,4.25862,4.79035
657240,Julian Merryweather,CHC,35,projected,,,reliever,MLB,2.9,0.0,0.0,12.5,2.6,1.7,0.6,0.0,0.3,1.3,0.1,3.0,1.3,1.4,0.0,0.0,3.96,1.34,9.31,4.03,0.93,4.31,0.23844,0.10371,0.01061,0.02508,0.13564,0.04611,0.00303,3.96348,4.45836
521230,Liam Hendriks,BOS,38,projected,,,reliever,MLB,2.8,0.0,0.0,11.6,2.2,1.5,0.3,0.0,0.4,1.0,0.1,3.0,1.2,1.3,0.0,0.0,3.7,1.14,9.64,3.21,1.29,4.139,0.26037,0.08357,0.01009,0.03831,0.13158,0.02991,0.0028,3.70155,4.16372
668831,Garrett Stallings,MIL,29,projected,,,reliever,MLB,2.8,0.0,0.0,11.7,2.4,1.6,0.5,0.0,0.3,1.0,0.1,2.9,1.1,1.3,0.0,0.0,3.63,1.21,9.32,3.21,0.96,4.195,0.24432,0.08844,0.00689,0.02522,0.13911,0.04322,0.00271,3.62809,4.08109
681168,Luis Curvelo,TEX,26,projected,,,reliever,MLB,2.8,0.0,0.0,12.1,2.6,1.5,0.7,0.0,0.4,1.2,0.0,2.5,1.4,1.6,0.0,0.0,4.52,1.36,8.04,3.86,1.29,4.323,0.20258,0.10155,0.00412,0.03569,0.12743,0.05387,0.00358,4.51978,5.08411
674285,Eduardo Salazar,WSH,29,projected,,,reliever,MLB,2.7,0.0,0.0,12.0,2.8,1.8,0.6,0.0,0.4,1.2,0.2,2.2,1.4,1.6,0.0,0.0,4.65,1.48,7.33,4.0,1.33,4.435,0.18279,0.09643,0.01659,0.02945,0.14757,0.04947,0.00364,4.65119,5.23194
664123,Scott Effross,NYY,33,projected,,,reliever,MLB,2.7,0.0,0.0,11.3,2.5,1.6,0.5,0.0,0.4,0.9,0.1,2.5,1.2,1.3,0.0,0.0,3.99,1.26,8.33,3.0,1.33,4.193,0.2202,0.07739,0.00515,0.03286,0.1413,0.04478,0.0038,3.98616,4.48387
657756,Connor Seabold,KC,31,projected,,,reliever,MLB,2.7,0.0,0.0,11.7,2.6,1.7,0.5,0.0,0.4,1.0,0.2,2.2,1.3,1.5,0.0,0.0,4.4,1.33,7.33,3.33,1.33,4.327,0.18379,0.08367,0.01895,0.03237,0.14183,0.04579,0.00412,4.4015,4.95107
683742,Jose Franco,CIN,26,projected,,,reliever,MLB,2.6,0.0,0.0,11.4,2.5,1.8,0.4,0.0,0.3,1.3,0.1,2.3,1.2,1.3,0.0,0.0,4.06,1.46,7.96,4.5,1.04,4.396,0.19866,0.116,0.00521,0.02356,0.15497,0.03519,0.00241,4.06253,4.56977
699911,Dugan Darnell,COL,30,projected,,,reliever,MLB,2.5,0.0,0.0,10.8,2.4,1.7,0.4,0.0,0.3,1.0,0.1,2.1,1.1,1.3,0.0,0.0,4.08,1.36,7.56,3.6,1.08,4.319,0.19811,0.0969,0.00704,0.02839,0.15412,0.03618,0.00297,4.08002,4.58945
664351,Luis Contreras,HOU,31,projected,,,reliever,MLB,2.5,0.0,0.0,10.6,2.3,1.5,0.5,0.0,0.3,1.0,0.1,2.4,1.1,1.2,0.0,0.0,3.88,1.32,8.64,3.6,1.08,4.257,0.22376,0.09705,0.00564,0.02555,0.13806,0.04596,0.00347,3.87524,4.3591
690382,Michael Darrell-Hicks,PIT,29,projected,,,reliever,MLB,2.5,0.0,0.0,10.6,2.2,1.4,0.4,0.0,0.4,0.9,0.2,2.3,1.2,1.3,0.0,0.0,4.17,1.24,8.28,3.24,1.44,4.251,0.2138,0.08669,0.01565,0.03761,0.13391,0.03727,0.00354,4.16695,4.68723
661527,Seth Martinez,MIA,32,projected,,,reliever,MLB,2.5,0.0,0.0,10.9,2.4,1.5,0.5,0.0,0.4,1.0,0.2,2.2,1.2,1.4,0.0,0.0,4.4,1.36,7.92,3.6,1.44,4.341,0.20291,0.08843,0.01923,0.03369,0.14172,0.04259,0.00334,4.39674,4.94572
571882,Derek Law,ARI,36,projected,,,reliever,MLB,2.5,0.0,0.0,10.6,2.4,1.7,0.5,0.0,0.2,0.9,0.1,2.1,1.0,1.2,0.0,0.0,3.7,1.32,7.56,3.24,0.72,4.254,0.19871,0.08233,0.00994,0.01739,0.15595,0.04554,0.0041,3.70005,4.16203
683363,Matt Wilkinson,SF,24,projected,,,reliever,MLB,2.5,0.0,0.0,10.4,2.4,1.5,0.5,0.0,0.4,0.7,0.0,2.1,1.1,1.3,0.0,0.0,4.02,1.24,7.56,2.52,1.44,4.165,0.20406,0.07017,0.00475,0.03573,0.14226,0.04465,0.00311,4.01768,4.51933
606930,Jacob Barnes,TOR,37,projected,,,reliever,MLB,2.5,0.0,0.0,10.6,2.4,1.6,0.5,0.0,0.3,0.8,0.1,2.0,1.1,1.3,0.0,0.0,4.03,1.28,7.2,2.88,1.08,4.259,0.18726,0.07858,0.0072,0.02579,0.15346,0.04775,0.00325,4.03017,4.53338
596271,Casey Lawrence,SEA,39,projected,,,reliever,MLB,2.4,0.0,0.0,10.2,2.4,1.5,0.5,0.0,0.4,0.7,0.1,1.8,1.2,1.3,0.0,0.0,4.45,1.29,6.75,2.62,1.5,4.255,0.17266,0.06716,0.01382,0.03647,0.14382,0.04993,0.00421,4.44663,5.00183
668716,Noah Murdock,OAK,28,projected,,,reliever,MLB,2.4,0.0,0.0,10.7,2.2,1.5,0.4,0.0,0.3,1.4,0.2,2.3,1.1,1.2,0.0,0.0,4.13,1.5,8.62,5.25,1.12,4.439,0.21921,0.12858,0.01527,0.02486,0.13709,0.03513,0.00283,4.12808,4.64351
543859,Michael Tonkin,MIN,37,projected,,,reliever,MLB,2.3,0.0,0.0,9.7,1.9,1.2,0.4,0.0,0.3,0.8,0.2,2.2,1.0,1.1,0.0,0.0,3.95,1.17,8.61,3.13,1.17,4.213,0.2252,0.08224,0.01917,0.03305,0.12689,0.04463,0.00265,3.95493,4.44874
596112,Robert Stephenson,LAA,34,projected,,,reliever,MLB,2.3,0.0,0.0,9.4,1.9,1.2,0.4,0.0,0.3,0.7,0.0,2.5,0.9,1.0,0.0,0.0,3.51,1.13,9.78,2.74,1.17,4.095,0.26188,0.07551,0.00518,0.02976,0.13049,0.04424,0.00343,3.50718,3.94509
673380,Dedniel Núñez,NYM,31,projected,,,reliever,MLB,2.3,0.0,0.0,9.3,1.9,1.1,0.5,0.0,0.3,0.6,0.0,2.5,0.9,1.0,0.0,0.0,3.44,1.09,9.78,2.35,1.17,4.039,0.26693,0.0686,0.00275,0.03062,0.12348,0.04962,0.00364,3.43817,3.86745
666215,Forrest Whitley,TB,29,projected,,,reliever,MLB,2.3,0.0,0.0,10.0,2.0,1.3,0.4,0.0,0.3,1.0,0.2,2.1,1.1,1.2,0.0,0.0,4.31,1.3,8.22,3.91,1.17,4.337,0.21208,0.09765,0.01775,0.03312,0.1347,0.04149,0.00361,4.3053,4.84285
669704,Kade Strowd,BAL,29,projected,,,reliever,MLB,2.3,0.0,0.0,10.0,2.1,1.4,0.4,0.0,0.3,1.1,0.1,2.1,1.0,1.2,0.0,0.0,4.09,1.39,8.22,4.3,1.17,4.348,0.2138,0.11198,0.00967,0.02737,0.13763,0.04014,0.00322,4.08736,4.59771
572143,Burch Smith,DET,37,projected,,,reliever,MLB,2.3,0.0,0.0,9.6,2.2,1.5,0.4,0.0,0.3,0.7,0.1,2.1,1.0,1.1,0.0,0.0,3.8,1.26,8.22,2.74,1.17,4.194,0.21469,0.07307,0.00748,0.02804,0.15329,0.04021,0.00339,3.80059,4.27513
686934,Alex McFarlane,PHI,26,projected,,,reliever,MLB,2.3,0.0,0.0,9.7,2.1,1.4,0.4,0.0,0.3,0.8,0.1,2.2,1.0,1.1,0.0,0.0,3.97,1.26,8.61,3.13,1.17,4.218,0.22891,0.08667,0.00567,0.03356,0.14149,0.03843,0.00364,3.96592,4.4611
690155,Matt Pushard,STL,29,projected,,,reliever,MLB,2.3,0.0,0.0,9.9,2.1,1.4,0.4,0.0,0.3,0.9,0.2,2.1,1.1,1.2,0.0,0.0,4.14,1.3,8.22,3.52,1.17,4.299,0.21473,0.09151,0.01718,0.03061,0.13656,0.04312,0.00336,4.13827,4.65498
500743,Miguel Rojas,LAD,38,projected,,,reliever,MLB,2.2,0.0,0.0,9.7,2.2,1.4,0.5,0.0,0.3,0.8,0.3,1.6,1.1,1.3,0.0,0.0,4.65,1.36,6.55,3.27,1.23,4.395,0.16549,0.07819,0.02661,0.03137,0.14893,0.04792,0.00422,4.64993,5.23051
663462,Isaiah Campbell,BOS,29,projected,,,reliever,MLB,2.2,0.0,0.0,9.3,2.1,1.4,0.4,0.0,0.3,0.8,0.1,2.0,1.0,1.1,0.0,0.0,3.93,1.32,8.18,3.27,1.23,4.245,0.21341,0.08305,0.01084,0.02812,0.14651,0.04247,0.00285,3.92851,4.41903
614179,José Ruiz,ATL,32,projected,,,reliever,MLB,2.2,0.0,0.0,9.4,2.0,1.3,0.4,0.0,0.3,0.9,0.1,2.1,1.0,1.1,0.0,0.0,4.06,1.32,8.59,3.68,1.23,4.288,0.2195,0.09897,0.00951,0.03062,0.13666,0.04244,0.00252,4.0637,4.57109
683734,Andrew Vaughn,MIL,29,projected,,,reliever,MLB,2.2,0.0,0.0,9.6,2.0,1.4,0.4,0.0,0.2,1.0,0.2,1.9,1.0,1.1,0.0,0.0,4.15,1.36,7.77,4.09,0.82,4.38,0.19687,0.09919,0.01815,0.0247,0.1502,0.03959,0.00312,4.1525,4.67098
690440,Bradley Hanner,NYY,28,projected,,,reliever,MLB,2.1,0.0,0.0,8.8,2.0,1.3,0.3,0.0,0.4,0.7,0.1,1.9,1.0,1.1,0.0,0.0,4.15,1.29,8.14,3.0,1.71,4.205,0.21742,0.07619,0.00791,0.04116,0.14501,0.0341,0.00289,4.15163,4.67
640462,A.J. Puk,ARI,32,projected,,,reliever,MLB,2.0,0.0,0.0,8.3,1.6,1.0,0.4,0.0,0.2,0.7,0.1,2.3,0.8,0.9,0.0,0.0,3.43,1.15,10.35,3.15,0.9,4.149,0.2758,0.08086,0.01747,0.02241,0.12433,0.04991,0.00289,3.42839,3.85645
694360,Beck Way,KC,27,projected,,,reliever,MLB,2.0,0.0,0.0,8.5,1.9,1.3,0.3,0.0,0.3,0.8,0.1,1.8,0.9,1.0,0.0,0.0,4.0,1.35,8.1,3.6,1.35,4.268,0.21109,0.08944,0.0104,0.03099,0.14808,0.03539,0.00321,3.99834,4.49757
676051,Codi Heuer,CLE,30,projected,,,reliever,MLB,2.0,0.0,0.0,8.6,1.9,1.2,0.4,0.0,0.3,0.8,0.1,1.8,0.9,1.0,0.0,0.0,4.11,1.35,8.1,3.6,1.35,4.294,0.2035,0.09078,0.01309,0.02963,0.14306,0.04099,0.00404,4.11183,4.62523
642520,Gerson Garabito,TEX,31,projected,,,reliever,MLB,2.0,0.0,0.0,8.7,1.9,1.3,0.4,0.0,0.2,0.7,0.3,1.8,0.9,1.0,0.0,0.0,4.12,1.3,8.1,3.15,0.9,4.354,0.20738,0.08383,0.02982,0.02569,0.14832,0.04063,0.00263,4.12214,4.63682
622253,Dillon Tate,TOR,33,projected,,,reliever,MLB,2.0,0.0,0.0,8.6,1.8,1.3,0.3,0.0,0.2,0.7,0.2,1.7,0.9,1.0,0.0,0.0,4.04,1.25,7.65,3.15,0.9,4.3,0.1998,0.0787,0.02311,0.02868,0.15401,0.03531,0.0028,4.04338,4.54824
681151,Jayden Murray,CHC,30,projected,,,reliever,MLB,2.0,0.0,0.0,8.6,1.9,1.2,0.4,0.0,0.3,0.8,0.0,1.7,1.0,1.1,0.0,0.0,4.29,1.35,7.65,3.6,1.35,4.283,0.20044,0.09054,0.00438,0.03243,0.13897,0.04976,0.00372,4.28928,4.82484
682790,Wikelman González,CWS,25,projected,,,reliever,MLB,1.9,0.0,0.0,8.1,1.6,1.1,0.3,0.0,0.2,0.8,0.0,1.9,0.8,0.9,0.0,0.0,3.92,1.26,9.0,3.79,0.95,4.247,0.23844,0.10143,0.0054,0.0308,0.1307,0.04299,0.00272,3.92195,4.41164
676206,Freddy Tarnok,MIA,28,projected,,,reliever,MLB,1.9,0.0,0.0,8.2,1.7,1.1,0.4,0.0,0.2,0.9,0.1,1.9,0.9,1.0,0.0,0.0,4.05,1.37,9.0,4.26,0.95,4.302,0.23224,0.10485,0.01094,0.02919,0.13002,0.04452,0.00332,4.05472,4.56099
802419,Thomas Harrington,PIT,25,projected,,,reliever,MLB,1.9,0.0,0.0,8.2,1.8,1.1,0.4,0.0,0.3,0.8,0.1,1.7,0.9,1.0,0.0,0.0,4.15,1.37,8.05,3.79,1.42,4.291,0.20419,0.09617,0.00693,0.03069,0.13946,0.04517,0.00268,4.14713,4.66493
685005,Christian Roa,HOU,28,projected,,,reliever,MLB,1.9,0.0,0.0,8.4,1.7,1.2,0.3,0.0,0.2,0.9,0.2,1.7,0.9,1.0,0.0,0.0,4.32,1.37,8.05,4.26,0.95,4.446,0.20563,0.10756,0.0294,0.0264,0.1398,0.0387,0.00295,4.31681,4.85581
815081,Mark Manfredi,COL,27,projected,,,reliever,MLB,1.9,0.0,0.0,8.1,1.7,1.2,0.3,0.0,0.2,0.8,0.0,1.8,0.8,0.9,0.0,0.0,3.96,1.32,8.53,3.79,0.95,4.275,0.21692,0.0961,0.00582,0.02964,0.14793,0.03633,0.0028,3.95794,4.45213
623168,Tyler Heineman,LAA,36,projected,,,reliever,MLB,1.8,0.0,0.0,7.8,1.9,1.3,0.4,0.0,0.2,0.5,0.2,1.3,0.8,0.9,0.0,0.0,4.21,1.33,6.5,2.5,1.0,4.323,0.17022,0.07013,0.02149,0.02528,0.16061,0.04524,0.00335,4.21182,4.73771
534910,Jesse Hahn,SEA,37,projected,,,reliever,MLB,1.8,0.0,0.0,7.8,1.7,1.1,0.3,0.0,0.3,0.8,0.1,1.6,0.9,1.0,0.0,0.0,4.32,1.39,8.0,4.0,1.5,4.354,0.20933,0.09776,0.01833,0.03263,0.13834,0.0411,0.00275,4.32347,4.8633
663455,Konnor Pilkington,WSH,29,projected,,,reliever,MLB,1.8,0.0,0.0,7.8,1.6,1.0,0.3,0.0,0.3,0.9,0.1,1.7,0.9,1.0,0.0,0.0,4.4,1.39,8.5,4.5,1.5,4.352,0.22309,0.11246,0.01065,0.03819,0.12981,0.03634,0.00326,4.39544,4.94425
675627,Michael Grove,TB,30,projected,,,reliever,MLB,1.8,0.0,0.0,7.5,1.6,0.9,0.4,0.0,0.3,0.5,0.1,1.7,0.9,1.0,0.0,0.0,4.29,1.17,8.5,2.5,1.5,4.187,0.22584,0.07142,0.01333,0.04232,0.1257,0.04803,0.00356,4.28524,4.82029
502085,David Robertson,PHI,42,projected,,,reliever,MLB,1.8,0.0,0.0,7.6,1.4,1.0,0.2,0.0,0.2,0.8,0.1,2.2,0.7,0.8,0.0,0.0,3.52,1.22,11.0,4.0,1.0,4.211,0.28376,0.10014,0.01234,0.02868,0.13441,0.03046,0.00217,3.52214,3.96192
691008,Max Rajcic,STL,25,projected,,,reliever,MLB,1.8,0.0,0.0,7.7,1.6,1.1,0.3,0.0,0.2,0.8,0.1,1.7,0.8,0.9,0.0,0.0,4.03,1.33,8.5,4.0,1.0,4.29,0.21687,0.098,0.00758,0.02728,0.1393,0.04541,0.00346,4.0311,4.53442
674073,Jack Weisenburger,NYM,29,projected,,,reliever,MLB,1.8,0.0,0.0,7.6,1.6,1.0,0.4,0.0,0.2,0.6,0.1,1.8,0.8,0.9,0.0,0.0,3.82,1.22,9.0,3.0,1.0,4.2,0.23237,0.08431,0.00694,0.02698,0.13546,0.04915,0.0036,3.81528,4.29165
663432,Tanner Rainey,DET,34,projected,,,reliever,MLB,1.8,0.0,0.0,7.9,1.6,1.0,0.4,0.0,0.2,1.0,0.1,1.7,0.9,1.0,0.0,0.0,4.25,1.44,8.5,5.0,1.0,4.408,0.21454,0.12333,0.01348,0.02628,0.12663,0.04555,0.00383,4.25066,4.7814
670174,Josh Winckowski,BOS,29,projected,,,reliever,MLB,1.7,0.0,0.0,7.3,1.7,1.2,0.3,0.0,0.2,0.6,0.1,1.4,0.7,0.8,0.0,0.0,3.86,1.35,7.41,3.18,1.06,4.286,0.18771,0.0844,0.00967,0.02083,0.16091,0.04082,0.00372,3.85794,4.33964
571771,Enrique Hernández,LAD,35,projected,,,reliever,MLB,1.7,0.0,0.0,7.4,1.7,1.1,0.3,0.0,0.3,0.7,0.0,1.3,0.9,1.0,0.0,0.0,4.53,1.41,6.88,3.71,1.59,4.355,0.17649,0.09738,0.00648,0.03676,0.14769,0.03958,0.00316,4.53391,5.10001
692230,Carlos Rodriguez,MIL,25,projected,,,reliever,MLB,1.7,0.0,0.0,7.2,1.5,1.0,0.3,0.0,0.2,0.7,0.0,1.5,0.7,0.8,0.0,0.0,3.91,1.29,7.94,3.71,1.06,4.26,0.20588,0.09617,0.00394,0.02502,0.14065,0.04721,0.00323,3.90669,4.39448
695034,Kade Morris,OAK,25,projected,,,reliever,MLB,1.7,0.0,0.0,7.4,1.6,1.1,0.3,0.0,0.2,0.6,0.2,1.4,0.8,0.9,0.0,0.0,4.24,1.29,7.41,3.18,1.06,4.347,0.18318,0.08327,0.02348,0.02748,0.14996,0.04263,0.00311,4.24347,4.7733
624431,Jose Trevino,CIN,34,projected,,,reliever,MLB,1.7,0.0,0.0,7.3,1.7,1.1,0.3,0.0,0.3,0.5,0.1,1.3,0.9,1.0,0.0,0.0,4.51,1.29,6.88,2.65,1.59,4.295,0.17394,0.07486,0.01249,0.03965,0.15263,0.03906,0.00301,4.50658,5.06927
445926,Jesse Chavez,ATL,43,projected,,,reliever,MLB,1.6,0.0,0.0,6.7,1.4,0.9,0.3,0.0,0.2,0.5,0.0,1.5,0.7,0.8,0.0,0.0,4.01,1.19,8.44,2.81,1.12,4.212,0.22584,0.07976,0.00732,0.03111,0.13793,0.04852,0.00376,4.00992,4.5106
694341,Brendan Beck,NYY,28,projected,,,reliever,MLB,1.6,0.0,0.0,6.9,1.4,0.9,0.3,0.0,0.2,0.7,0.0,1.5,0.7,0.8,0.0,0.0,4.12,1.31,8.44,3.94,1.12,4.283,0.22016,0.09874,0.00654,0.02965,0.13225,0.04957,0.0031,4.11599,4.62991
805345,Trent Harris,SF,28,projected,,,reliever,MLB,1.6,0.0,0.0,6.7,1.4,0.9,0.3,0.0,0.2,0.5,0.0,1.6,0.7,0.7,0.0,0.0,3.72,1.19,9.0,2.81,1.12,4.181,0.24164,0.08191,0.00519,0.02737,0.13997,0.04604,0.00276,3.72044,4.18497
660730,Elvin Rodríguez,BAL,29,projected,,,reliever,MLB,1.6,0.0,0.0,6.8,1.5,0.9,0.3,0.0,0.3,0.6,0.1,1.4,0.8,0.9,0.0,0.0,4.47,1.31,7.87,3.37,1.69,4.269,0.20854,0.08695,0.00913,0.04231,0.13172,0.04442,0.00304,4.47485,5.03358
682982,Daniel Espino,CLE,26,projected,,,reliever,MLB,1.5,0.0,0.0,6.3,1.3,0.8,0.3,0.0,0.2,0.6,0.0,1.7,0.6,0.7,0.0,0.0,3.49,1.27,10.2,3.6,1.2,4.17,0.26268,0.09179,0.00623,0.02442,0.13263,0.04325,0.00304,3.49238,3.92844
657024,Erik Swanson,TOR,33,projected,,,reliever,MLB,1.5,0.0,0.0,6.2,1.3,0.8,0.3,0.0,0.2,0.5,0.0,1.6,0.6,0.7,0.0,0.0,3.81,1.2,9.6,3.0,1.2,4.144,0.25077,0.08127,0.00533,0.03551,0.12908,0.04299,0.00291,3.81124,4.28711
621139,Brooks Kriske,MIN,33,projected,,,reliever,MLB,1.5,0.0,0.0,6.5,1.4,0.9,0.3,0.0,0.2,0.7,0.0,1.4,0.7,0.8,0.0,0.0,4.08,1.4,8.4,4.2,1.2,4.353,0.21395,0.11339,0.00442,0.02315,0.13843,0.04719,0.00417,4.07801,4.58718
668970,Gavin Hollowell,CHC,29,projected,,,reliever,MLB,1.5,0.0,0.0,6.6,1.4,0.9,0.3,0.0,0.2,0.7,0.1,1.4,0.7,0.8,0.0,0.0,4.49,1.4,8.4,4.2,1.2,4.415,0.21359,0.11092,0.02127,0.03397,0.13034,0.04049,0.00321,4.49392,5.05502
695001,Alimber Santa,HOU,24,projected,,,reliever,MLB,1.5,0.0,0.0,6.3,1.4,0.9,0.3,0.0,0.2,0.6,0.0,1.3,0.7,0.7,0.0,0.0,3.99,1.33,7.8,3.6,1.2,4.233,0.2025,0.08963,0.00648,0.0312,0.13929,0.04127,0.00399,3.9884,4.48639
679885,Justin Martinez,ARI,25,projected,,,reliever,MLB,1.5,0.0,0.0,6.5,1.2,0.9,0.2,0.0,0.1,0.8,0.1,1.8,0.6,0.6,0.0,0.0,3.37,1.33,10.8,4.8,0.6,4.33,0.27027,0.12625,0.01605,0.01517,0.13616,0.03042,0.00322,3.36958,3.79031
687239,Ben Peoples,TEX,26,projected,,,reliever,MLB,1.5,0.0,0.0,6.5,1.4,0.9,0.3,0.0,0.2,0.6,0.1,1.3,0.7,0.8,0.0,0.0,4.35,1.33,7.8,3.6,1.2,4.336,0.19902,0.09463,0.013,0.0341,0.143,0.04084,0.00257,4.35055,4.89375
678215,Luarbert Arias,MIA,26,projected,,,reliever,MLB,1.5,0.0,0.0,6.4,1.4,0.9,0.3,0.0,0.2,0.6,0.1,1.4,0.7,0.8,0.0,0.0,4.04,1.33,8.4,3.6,1.2,4.298,0.21147,0.0866,0.02183,0.02656,0.13816,0.0461,0.003,4.04258,4.54734
663804,Jackson Kowar,SEA,30,projected,,,reliever,MLB,1.4,0.0,0.0,6.1,1.3,0.9,0.3,0.0,0.1,0.7,0.0,1.3,0.6,0.7,0.0,0.0,3.97,1.43,8.36,4.5,0.64,4.35,0.21285,0.10826,0.00797,0.02227,0.14732,0.0413,0.00321,3.96819,4.46366
802408,Brycen Mautz,STL,25,projected,,,reliever,MLB,1.4,0.0,0.0,6.1,1.2,0.9,0.2,0.0,0.1,0.6,0.1,1.4,0.6,0.7,0.0,0.0,3.93,1.29,9.0,3.86,0.64,4.356,0.22858,0.10419,0.01902,0.02202,0.14243,0.04052,0.00303,3.92971,4.42037
687003,Brian Van Belle,TB,30,projected,,,reliever,MLB,1.4,0.0,0.0,5.9,1.2,0.8,0.2,0.0,0.2,0.4,0.0,1.3,0.6,0.7,0.0,0.0,4.12,1.14,8.36,2.57,1.29,4.193,0.21202,0.07253,0.00777,0.03828,0.14232,0.04152,0.00284,4.12295,4.63774
685112,Zach McCambley,CIN,28,projected,,,reliever,MLB,1.4,0.0,0.0,6.0,1.3,0.8,0.3,0.0,0.2,0.5,0.1,1.3,0.6,0.7,0.0,0.0,4.13,1.29,8.36,3.21,1.29,4.297,0.22241,0.0893,0.02106,0.03051,0.13409,0.04392,0.00329,4.12674,4.64201
669212,Eli Morgan,KC,31,projected,,,reliever,MLB,1.4,0.0,0.0,5.9,1.3,0.8,0.3,0.0,0.2,0.5,0.0,1.3,0.7,0.8,0.0,0.0,4.33,1.29,8.36,3.21,1.29,4.234,0.22257,0.07717,0.00759,0.03985,0.14013,0.04309,0.00421,4.32786,4.86823
674944,Sean Guenther,DET,31,projected,,,reliever,MLB,1.4,0.0,0.0,6.0,1.3,0.8,0.3,0.0,0.2,0.5,0.1,1.2,0.7,0.7,0.0,0.0,4.2,1.29,7.71,3.21,1.29,4.264,0.20323,0.07826,0.01504,0.03247,0.14165,0.04573,0.00366,4.20105,4.72559
666120,Ian Anderson,LAA,29,projected,,,reliever,MLB,1.4,0.0,0.0,6.1,1.4,0.9,0.3,0.0,0.2,0.6,0.0,1.2,0.7,0.7,0.0,0.0,4.21,1.43,7.71,3.86,1.29,4.33,0.19905,0.10415,0.00308,0.03032,0.14543,0.04142,0.00285,4.21024,4.73593
680702,Joey Gerber,NYM,30,projected,,,reliever,MLB,1.4,0.0,0.0,5.9,1.3,0.8,0.3,0.0,0.2,0.5,0.0,1.3,0.6,0.7,0.0,0.0,3.96,1.29,8.36,3.21,1.29,4.217,0.22431,0.08552,0.00699,0.03088,0.13616,0.04629,0.00333,3.95969,4.4541
656212,Charlie Barnes,LAD,31,projected,,,reliever,MLB,1.3,0.0,0.0,5.7,1.3,0.8,0.3,0.0,0.2,0.5,0.1,1.1,0.6,0.7,0.0,0.0,4.35,1.38,7.62,3.46,1.38,4.35,0.18681,0.09234,0.01345,0.02943,0.14542,0.04597,0.00374,4.35368,4.89728
593833,Wander Suero,ATL,35,projected,,,reliever,MLB,1.3,0.0,0.0,5.5,1.1,0.8,0.2,0.0,0.1,0.5,0.0,1.2,0.6,0.6,0.0,0.0,3.88,1.23,8.31,3.46,0.69,4.269,0.22196,0.09562,0.00609,0.02681,0.14695,0.0392,0.0029,3.87566,4.35958
702153,Brian Fitzpatrick,MIL,27,projected,,,reliever,MLB,1.3,0.0,0.0,5.5,1.2,0.8,0.2,0.0,0.2,0.5,0.0,1.2,0.6,0.7,0.0,0.0,4.17,1.31,8.31,3.46,1.38,4.256,0.21213,0.0875,0.0082,0.03442,0.13817,0.04448,0.0028,4.17357,4.69468
680723,Drew Rom,OAK,27,projected,,,reliever,MLB,1.3,0.0,0.0,5.5,1.3,0.8,0.3,0.0,0.2,0.5,0.0,1.1,0.6,0.7,0.0,0.0,4.02,1.38,7.62,3.46,1.38,4.256,0.20531,0.0934,0.00271,0.02791,0.13964,0.04859,0.00326,4.01791,4.51958
681544,Wyatt Olds,BOS,27,projected,,,reliever,MLB,1.3,0.0,0.0,5.6,1.1,0.7,0.2,0.0,0.2,0.5,0.1,1.3,0.6,0.6,0.0,0.0,3.95,1.23,9.0,3.46,1.38,4.284,0.23921,0.09473,0.01993,0.02881,0.1324,0.04065,0.0035,3.95434,4.44807
605182,Mike Clevinger,CWS,36,projected,,,reliever,MLB,1.3,0.0,0.0,5.6,1.3,0.8,0.3,0.0,0.2,0.5,0.1,1.1,0.6,0.7,0.0,0.0,4.22,1.38,7.62,3.46,1.38,4.32,0.1934,0.08479,0.01663,0.02799,0.14596,0.04701,0.00324,4.22408,4.7515
642016,Daniel Robert,PHI,32,projected,,,reliever,MLB,1.3,0.0,0.0,5.6,1.1,0.8,0.2,0.0,0.1,0.6,0.1,1.3,0.6,0.6,0.0,0.0,3.99,1.31,9.0,4.15,0.69,4.333,0.2266,0.10239,0.01787,0.0265,0.14013,0.03791,0.00298,3.98599,4.48368
694350,Zach Brzykcy,WSH,27,projected,,,reliever,MLB,1.2,0.0,0.0,5.2,1.1,0.7,0.2,0.0,0.2,0.5,0.1,1.1,0.6,0.7,0.0,0.0,4.38,1.33,8.25,3.75,1.5,4.349,0.21047,0.09799,0.01282,0.03179,0.13722,0.04725,0.00313,4.37614,4.92255
804926,Austin Peterson,CLE,27,projected,,,reliever,MLB,1.2,0.0,0.0,5.1,1.1,0.7,0.2,0.0,0.2,0.4,0.0,1.2,0.6,0.6,0.0,0.0,4.32,1.25,9.0,3.0,1.5,4.213,0.22976,0.08383,0.00843,0.04512,0.12766,0.04043,0.00303,4.32022,4.85965
669310,CJ Van Eyk,TOR,28,projected,,,reliever,MLB,1.2,0.0,0.0,5.2,1.2,0.8,0.2,0.0,0.2,0.4,0.1,0.9,0.6,0.6,0.0,0.0,4.32,1.33,6.75,3.0,1.5,4.31,0.18059,0.07358,0.02182,0.03122,0.14935,0.04489,0.00321,4.32155,4.86114
665665,Reiver Sanmartin,SF,31,projected,,,reliever,MLB,1.2,0.0,0.0,5.2,1.2,0.8,0.2,0.0,0.2,0.5,0.0,1.0,0.6,0.6,0.0,0.0,4.19,1.42,7.5,3.75,1.5,4.305,0.19415,0.09848,0.00178,0.03152,0.14848,0.03985,0.00324,4.19357,4.71717
696136,Jordan Wicks,CHC,27,projected,,,reliever,MLB,1.2,0.0,0.0,5.1,1.1,0.8,0.2,0.0,0.1,0.4,0.0,1.0,0.5,0.6,0.0,0.0,4.1,1.25,7.5,3.0,0.75,4.276,0.1927,0.07488,0.00714,0.02561,0.1601,0.04744,0.00363,4.10116,4.61323
686228,Juan Burgos,ARI,27,projected,,,reliever,MLB,1.2,0.0,0.0,5.2,1.1,0.7,0.2,0.0,0.2,0.5,0.1,1.1,0.6,0.7,0.0,0.0,4.72,1.33,8.25,3.75,1.5,4.325,0.2031,0.08812,0.01819,0.04515,0.12796,0.04389,0.00312,4.7244,5.31428
699044,Miguel Ullola,HOU,25,projected,,,reliever,MLB,1.2,0.0,0.0,5.1,1.0,0.7,0.2,0.0,0.1,0.4,0.1,1.2,0.5,0.6,0.0,0.0,3.89,1.17,9.0,3.0,0.75,4.265,0.22879,0.08431,0.02077,0.02917,0.14459,0.03555,0.00257,3.88668,4.37197
687531,William Kempner,MIA,26,projected,,,reliever,MLB,1.2,0.0,0.0,5.1,1.0,0.7,0.2,0.0,0.1,0.4,0.1,1.2,0.5,0.6,0.0,0.0,3.95,1.17,9.0,3.0,0.75,4.269,0.23231,0.08429,0.02269,0.02649,0.13317,0.04793,0.00309,3.95178,4.4452
691945,Carter Baumler,TEX,25,projected,,,reliever,MLB,1.2,0.0,0.0,5.2,1.1,0.8,0.2,0.0,0.1,0.5,0.1,1.1,0.5,0.6,0.0,0.0,3.72,1.33,8.25,3.75,0.75,4.355,0.22004,0.10377,0.01799,0.01608,0.15198,0.03875,0.00262,3.7233,4.18819
694646,Chayce McDermott,NYM,28,projected,,,reliever,MLB,1.1,0.0,0.0,4.8,1.0,0.7,0.2,0.0,0.1,0.6,0.0,1.0,0.5,0.6,0.0,0.0,4.28,1.45,8.18,4.91,0.82,4.385,0.2021,0.11494,0.0104,0.03071,0.13901,0.0381,0.00261,4.28035,4.81479
666619,Gregory Santos,SEA,27,projected,,,reliever,MLB,1.1,0.0,0.0,4.8,1.0,0.7,0.2,0.0,0.1,0.4,0.1,0.9,0.5,0.6,0.0,0.0,4.26,1.27,7.36,3.27,0.82,4.321,0.19344,0.08655,0.01482,0.02873,0.14491,0.04738,0.00339,4.25662,4.7881
682274,Yaramil Hiraldo,BAL,31,projected,,,reliever,MLB,1.1,0.0,0.0,4.7,0.9,0.6,0.2,0.0,0.1,0.5,0.0,1.1,0.5,0.6,0.0,0.0,4.06,1.27,9.0,4.09,0.82,4.301,0.23346,0.11143,0.00908,0.03052,0.12411,0.04445,0.00308,4.05918,4.56601
676568,Ricky Vanasco,DET,28,projected,,,reliever,MLB,1.1,0.0,0.0,4.8,1.1,0.6,0.3,0.0,0.2,0.4,0.0,0.9,0.6,0.6,0.0,0.0,4.62,1.36,7.36,3.27,1.64,4.325,0.19136,0.09283,0.00668,0.03676,0.13201,0.05383,0.00435,4.62163,5.19868
680704,Nick Sandlin,LAA,30,projected,,,reliever,MLB,1.1,0.0,0.0,4.8,1.0,0.6,0.2,0.0,0.2,0.5,0.1,1.2,0.5,0.6,0.0,0.0,4.25,1.36,9.82,4.09,1.64,4.342,0.24022,0.10752,0.02023,0.03764,0.12868,0.03295,0.00214,4.25315,4.78419
686747,Joe La Sorsa,CIN,29,projected,,,reliever,MLB,1.1,0.0,0.0,4.8,1.1,0.7,0.2,0.0,0.2,0.4,0.1,0.9,0.6,0.6,0.0,0.0,4.57,1.36,7.36,3.27,1.64,4.325,0.19536,0.07454,0.02413,0.04001,0.14426,0.04055,0.00297,4.57458,5.14576
694494,Ty Johnson,TB,25,projected,,,reliever,MLB,1.1,0.0,0.0,4.6,1.0,0.6,0.2,0.0,0.2,0.4,0.0,1.1,0.5,0.5,0.0,0.0,3.93,1.27,9.0,3.27,1.64,4.21,0.23609,0.09072,0.00791,0.03273,0.12876,0.0454,0.00263,3.93063,4.42141
647315,Zach Pop,PHI,30,projected,,,reliever,MLB,1.1,0.0,0.0,4.8,1.1,0.7,0.2,0.0,0.2,0.4,0.1,0.9,0.6,0.6,0.0,0.0,4.69,1.36,7.36,3.27,1.64,4.343,0.18036,0.07791,0.0123,0.03962,0.15367,0.04282,0.0029,4.69134,5.2771
701477,Erian Rodriguez,CHC,25,floor,,,reliever,MiLB (MLE),1.0,0.0,0.0,4.1,0.7,0.5,0.1,0.0,0.1,0.3,0.0,0.9,0.4,0.4,0.0,0.0,3.28,1.0,8.1,2.7,0.9,4.053,0.21368,0.08241,0.01167,0.03039,0.11848,0.03522,0.00317,3.27623,3.6853
812160,Luis Rodriguez,HOU,25,floor,,,starter,MiLB (MLE),1.0,0.0,0.0,4.1,0.7,0.5,0.1,0.0,0.1,0.3,0.0,0.9,0.4,0.4,0.0,0.0,3.64,1.0,8.1,2.7,0.9,4.073,0.21343,0.08231,0.01168,0.0344,0.11808,0.0351,0.00316,3.63771,3.89477
805942,Zach Royse,ATL,25,floor,,,starter,MiLB (MLE),1.0,0.0,0.0,4.1,0.7,0.5,0.1,0.0,0.1,0.3,0.0,0.9,0.4,0.4,0.0,0.0,3.55,1.0,8.1,2.7,0.9,4.063,0.21343,0.08231,0.01168,0.03263,0.11809,0.0351,0.00316,3.54546,3.796
814544,Joangel Gonzalez,ARI,25,floor,,,reliever,MiLB (MLE),1.0,0.0,0.0,4.1,0.7,0.5,0.1,0.0,0.1,0.3,0.0,0.9,0.4,0.4,0.0,0.0,3.43,1.0,8.1,2.7,0.9,4.071,0.21361,0.08238,0.01167,0.03361,0.11838,0.03519,0.00317,3.43246,3.86103
814372,Brad Pacheco,PHI,25,floor,,,starter,MiLB (MLE),1.0,0.0,0.0,4.1,0.7,0.5,0.1,0.0,0.1,0.3,0.0,0.9,0.4,0.4,0.0,0.0,3.48,1.0,8.1,2.7,0.9,4.057,0.21366,0.0824,0.01167,0.03112,0.11844,0.03521,0.00317,3.47855,3.72435
701908,David Hagaman,ARI,25,floor,,,starter,MiLB (MLE),1.0,0.0,0.0,4.0,0.7,0.5,0.1,0.0,0.1,0.3,0.0,0.9,0.4,0.4,0.0,0.0,3.35,1.0,8.1,2.7,0.9,4.042,0.21348,0.08233,0.01168,0.02889,0.11814,0.03512,0.00317,3.35341,3.59038
605155,Colten Brewer,CHC,34,floor,,,reliever,MLB,1.0,0.0,0.0,4.3,0.9,0.6,0.2,0.0,0.1,0.4,0.1,0.9,0.5,0.5,0.0,0.0,4.05,1.3,8.1,3.6,0.9,4.273,0.21364,0.08832,0.0141,0.03136,0.14353,0.03687,0.00409,4.05033,4.55606
543543,Brad Miller,TEX,37,floor,,,reliever,MLB,1.0,0.0,0.0,4.3,0.9,0.6,0.2,0.0,0.1,0.4,0.0,0.9,0.4,0.5,0.0,0.0,4.0,1.3,8.1,3.6,0.9,4.253,0.21379,0.08936,0.01013,0.03027,0.14,0.04201,0.00332,3.99778,4.49694
702036,Tony Rossi,NYY,25,floor,,,reliever,MiLB (MLE),1.0,0.0,0.0,4.0,0.7,0.5,0.1,0.0,0.1,0.3,0.0,0.9,0.4,0.4,0.0,0.0,3.21,1.0,8.1,2.7,0.9,4.047,0.21379,0.08246,0.01167,0.02902,0.11866,0.03527,0.00318,3.2146,3.61597
694847,Isaac Ayon,LAD,25,floor,,,starter,MiLB (MLE),1.0,0.0,0.0,4.1,0.7,0.5,0.1,0.0,0.1,0.3,0.0,0.9,0.4,0.4,0.0,0.0,3.71,1.0,8.1,2.7,0.9,4.084,0.21379,0.08246,0.01167,0.03548,0.11867,0.03528,0.00318,3.7143,3.97676
694696,Cade Smith,NYY,25,floor,,,starter,MiLB (MLE),1.0,0.0,0.0,3.8,0.5,0.3,0.1,0.0,0.1,0.3,0.0,0.7,0.3,0.3,0.0,0.0,2.81,0.8,6.3,2.7,0.9,3.809,0.18239,0.06893,0.01198,0.03909,0.08706,0.02588,0.00233,2.81167,3.01036
543548,Tommy Milone,SEA,40,floor,,,reliever,MLB,1.0,0.0,0.0,4.3,0.9,0.6,0.2,0.0,0.1,0.4,0.0,0.8,0.5,0.5,0.0,0.0,4.32,1.3,7.2,3.6,0.9,4.325,0.18231,0.09248,0.01017,0.03142,0.14536,0.04362,0.00345,4.31729,4.85634
687199,Christian Ruebeck,LAD,25,floor,,,reliever,MiLB (MLE),1.0,0.0,0.0,4.0,0.7,0.5,0.1,0.0,0.1,0.3,0.0,0.9,0.3,0.4,0.0,0.0,3.08,1.0,8.1,2.7,0.9,4.032,0.2138,0.08246,0.01167,0.0262,0.11866,0.03528,0.00318,3.07653,3.46067
680743,Ryan Cusick,PHI,25,floor,,,reliever,MiLB (MLE),1.0,0.0,0.0,3.8,0.5,0.3,0.1,0.0,0.1,0.3,0.0,0.7,0.3,0.3,0.0,0.0,2.47,0.8,6.3,2.7,0.9,3.786,0.18223,0.06886,0.01198,0.03462,0.08694,0.02585,0.00233,2.46973,2.7781
822817,Jack Bowery,SEA,25,floor,,,starter,MiLB (MLE),1.0,0.0,0.0,4.0,0.7,0.5,0.1,0.0,0.1,0.3,0.0,0.9,0.4,0.4,0.0,0.0,3.34,1.0,8.1,2.7,0.9,4.043,0.21381,0.08247,0.01167,0.02828,0.11868,0.03528,0.00318,3.33979,3.5758
682144,Jayvien Sandridge,NYY,28,floor,,,reliever,MLB,1.0,0.0,0.0,4.3,0.9,0.6,0.2,0.0,0.1,0.4,0.1,1.0,0.4,0.5,0.0,0.0,4.04,1.3,9.0,3.6,0.9,4.312,0.22347,0.09222,0.02239,0.02919,0.13916,0.03909,0.00244,4.04273,4.5475
680686,Josiah Gray,WSH,29,floor,,,reliever,MLB,1.0,0.0,0.0,4.3,0.9,0.6,0.2,0.0,0.1,0.5,0.1,0.9,0.5,0.5,0.0,0.0,4.18,1.4,8.1,4.5,0.9,4.347,0.21348,0.10562,0.01231,0.02795,0.13642,0.04421,0.0034,4.17666,4.69815
800571,Santiago Suarez,TB,25,floor,,,starter,MiLB (MLE),1.0,0.0,0.0,3.8,0.5,0.3,0.1,0.0,0.1,0.3,0.0,0.7,0.3,0.3,0.0,0.0,2.79,0.8,6.3,2.7,0.9,3.805,0.18196,0.06874,0.01198,0.03893,0.08674,0.02579,0.00232,2.79292,2.99028
656671,Josh Maciejewski,NYY,31,floor,,,reliever,MLB,1.0,0.0,0.0,4.2,1.0,0.6,0.2,0.0,0.2,0.4,0.0,0.9,0.4,0.5,0.0,0.0,4.04,1.4,8.1,3.6,1.8,4.221,0.22385,0.08415,0.00843,0.03661,0.14123,0.03694,0.00251,4.03862,4.54289
827267,Caden Hunter,BAL,25,floor,,,starter,MiLB (MLE),1.0,0.0,0.0,4.0,0.7,0.5,0.1,0.0,0.1,0.3,0.0,0.9,0.4,0.4,0.0,0.0,3.36,1.0,8.1,2.7,0.9,4.044,0.21358,0.08237,0.01168,0.02893,0.11831,0.03517,0.00317,3.36135,3.59887
695316,Jarold Rosado,CWS,25,floor,,,reliever,MiLB (MLE),1.0,0.0,0.0,4.1,0.7,0.5,0.1,0.0,0.1,0.3,0.0,0.9,0.4,0.4,0.0,0.0,3.27,1.0,8.1,2.7,0.9,4.052,0.21358,0.08237,0.01168,0.03034,0.11831,0.03517,0.00317,3.26847,3.67657
676055,Max Green,NYM,25,floor,,,starter,MiLB (MLE),1.0,0.0,0.0,4.1,0.7,0.5,0.1,0.0,0.1,0.3,0.0,0.9,0.4,0.4,0.0,0.0,3.43,1.0,8.1,2.7,0.9,4.052,0.21358,0.08237,0.01168,0.03034,0.11831,0.03517,0.00317,3.43392,3.67657
701839,Jay Dill,OAK,25,floor,,,reliever,MiLB (MLE),1.0,0.0,0.0,4.1,0.7,0.5,0.1,0.0,0.1,0.3,0.0,0.9,0.4,0.4,0.0,0.0,3.27,1.0,8.1,2.7,0.9,4.052,0.21358,0.08237,0.01168,0.03034,0.11831,0.03517,0.00317,3.26847,3.67657
694860,Jake Brooks,COL,25,floor,,,starter,MiLB (MLE),1.0,0.0,0.0,3.8,0.5,0.3,0.1,0.0,0.1,0.3,0.0,0.7,0.3,0.3,0.0,0.0,2.33,0.8,6.3,2.7,0.9,3.756,0.18191,0.06872,0.01198,0.02904,0.08669,0.02577,0.00232,2.32503,2.48933
822473,Liam Paddack,CWS,25,floor,,,reliever,MiLB (MLE),1.0,0.0,0.0,4.0,0.7,0.5,0.1,0.0,0.1,0.3,0.0,0.9,0.3,0.4,0.0,0.0,2.99,1.0,8.1,2.7,0.9,4.02,0.21359,0.08238,0.01168,0.02471,0.11832,0.03517,0.00317,2.99376,3.36756
810091,Ben Hansen,OAK,25,floor,,,starter,MiLB (MLE),1.0,0.0,0.0,4.0,0.7,0.5,0.1,0.0,0.1,0.3,0.0,0.9,0.3,0.4,0.0,0.0,3.15,1.0,8.1,2.7,0.9,4.02,0.21359,0.08238,0.01168,0.02471,0.11832,0.03517,0.00317,3.1453,3.36756
680701,John Rooney,HOU,30,floor,,,reliever,MLB,1.0,0.0,0.0,4.2,0.8,0.6,0.1,0.0,0.1,0.4,0.0,0.9,0.4,0.5,0.0,0.0,3.78,1.2,8.1,3.6,0.9,4.242,0.22352,0.08749,0.01049,0.02786,0.15064,0.03429,0.00251,3.78089,4.25297
594943,Zach Neal,OAK,38,floor,,,reliever,MLB,1.0,0.0,0.0,4.3,0.9,0.6,0.2,0.0,0.1,0.4,0.1,0.9,0.5,0.5,0.0,0.0,4.17,1.3,8.1,3.6,0.9,4.314,0.21338,0.09402,0.01445,0.03037,0.14049,0.04216,0.00333,4.17157,4.69243
831912,Truman Pauley,CWS,25,floor,,,starter,MiLB (MLE),1.0,0.0,0.0,4.1,0.7,0.5,0.1,0.0,0.1,0.3,0.0,0.9,0.4,0.4,0.0,0.0,3.64,1.0,8.1,2.7,0.9,4.072,0.21339,0.08229,0.01168,0.03446,0.11802,0.03509,0.00316,3.63877,3.8959
689450,Luke Taggart,DET,25,floor,,,reliever,MiLB (MLE),1.0,0.0,0.0,4.0,0.7,0.5,0.1,0.0,0.1,0.3,0.0,0.9,0.4,0.4,0.0,0.0,3.18,1.0,8.1,2.7,0.9,4.04,0.21339,0.08229,0.01168,0.0287,0.118,0.03508,0.00316,3.17795,3.57475
676910,Matt Seelinger,NYM,32,floor,,,reliever,MLB,1.0,0.0,0.0,4.3,0.9,0.6,0.2,0.0,0.1,0.4,0.0,0.9,0.5,0.5,0.0,0.0,4.26,1.3,8.1,3.6,0.9,4.31,0.21341,0.09965,0.00949,0.03468,0.13662,0.04101,0.00269,4.25878,4.79053
656887,Sean Reid-Foley,NYM,31,floor,,,reliever,MLB,1.0,0.0,0.0,4.3,0.9,0.6,0.2,0.0,0.1,0.5,0.0,1.1,0.4,0.5,0.0,0.0,3.78,1.4,9.9,4.5,0.9,4.293,0.24632,0.11488,0.00777,0.02611,0.13231,0.03803,0.00237,3.78108,4.25318
804999,Cameron Keshock,PIT,25,floor,,,starter,MiLB (MLE),1.0,0.0,0.0,4.1,0.7,0.5,0.1,0.0,0.1,0.3,0.0,0.9,0.4,0.4,0.0,0.0,3.73,1.0,8.1,2.7,0.9,4.083,0.21342,0.08231,0.01168,0.03617,0.11808,0.0351,0.00316,3.73042,3.99403
694674,Antonio Menendez,ARI,25,floor,,,reliever,MiLB (MLE),1.0,0.0,0.0,4.0,0.7,0.5,0.1,0.0,0.1,0.3,0.0,0.9,0.4,0.4,0.0,0.0,3.15,1.0,8.1,2.7,0.9,4.034,0.21305,0.08215,0.01169,0.02857,0.11746,0.03492,0.00315,3.15457,3.54845
542208,Carlos Pérez,OAK,36,floor,,,reliever,MLB,1.0,0.0,0.0,4.3,0.9,0.6,0.2,0.0,0.1,0.4,0.0,0.9,0.5,0.5,0.0,0.0,4.07,1.3,8.1,3.6,0.9,4.269,0.21308,0.08906,0.01002,0.03067,0.14188,0.04258,0.00337,4.07319,4.58177
664079,Tyler Jay,MIL,33,floor,,,reliever,MLB,1.0,0.0,0.0,4.3,0.9,0.6,0.2,0.0,0.1,0.4,0.0,0.9,0.4,0.5,0.0,0.0,3.89,1.3,8.1,3.6,0.9,4.283,0.21309,0.09592,0.00777,0.0231,0.14414,0.04552,0.00341,3.88737,4.37275
607054,Jace Peterson,OAK,37,floor,,,reliever,MLB,1.0,0.0,0.0,4.3,0.9,0.6,0.2,0.0,0.1,0.4,0.0,0.9,0.5,0.5,0.0,0.0,4.09,1.3,8.1,3.6,0.9,4.275,0.2131,0.09109,0.00949,0.03062,0.14162,0.0425,0.00336,4.08512,4.59519
688490,Mitch Myers,OAK,25,floor,,,starter,MiLB (MLE),1.0,0.0,0.0,4.1,0.8,0.5,0.1,0.0,0.2,0.3,0.0,0.9,0.4,0.5,0.0,0.0,3.8,1.1,8.1,2.7,1.8,4.092,0.21356,0.08236,0.01167,0.03737,0.1183,0.03517,0.00317,3.80101,4.0696
804254,Kaleb Corbett,TB,25,floor,,,reliever,MiLB (MLE),1.0,0.0,0.0,4.1,0.8,0.5,0.1,0.0,0.2,0.3,0.0,0.9,0.4,0.4,0.0,0.0,3.57,1.1,8.1,2.7,1.8,4.082,0.21312,0.08218,0.01168,0.03689,0.11759,0.03496,0.00315,3.57062,4.01645
622098,Drew Smith,NYM,33,floor,,,reliever,MLB,1.0,0.0,0.0,4.2,0.9,0.6,0.2,0.0,0.1,0.4,0.0,1.0,0.4,0.5,0.0,0.0,3.72,1.3,9.0,3.6,0.9,4.238,0.24587,0.09922,0.01021,0.02549,0.13144,0.04334,0.00291,3.71707,4.18118
691094,Randy Wynne,CIN,34,floor,,,reliever,MLB,1.0,0.0,0.0,4.2,0.9,0.6,0.2,0.0,0.1,0.4,0.0,0.9,0.5,0.5,0.0,0.0,4.19,1.3,8.1,3.6,0.9,4.247,0.21313,0.08496,0.00867,0.03435,0.13604,0.04686,0.00324,4.18554,4.70815
692223,Mason Miller,KC,25,floor,,,reliever,MiLB (MLE),1.0,0.0,0.0,4.1,0.7,0.5,0.1,0.0,0.1,0.3,0.0,0.9,0.4,0.4,0.0,0.0,3.4,1.0,8.1,2.7,0.9,4.062,0.21313,0.08218,0.01168,0.03337,0.1176,0.03496,0.00315,3.39545,3.8194
642545,Jaime Barria,LAA,30,floor,,,reliever,MLB,1.0,0.0,0.0,4.3,1.0,0.7,0.2,0.0,0.1,0.3,0.0,0.8,0.4,0.5,0.0,0.0,3.91,1.3,7.2,2.7,0.9,4.271,0.18374,0.07769,0.00793,0.02163,0.16303,0.04425,0.0034,3.9085,4.39651
808063,Maikel Miralles,SD,25,floor,,,reliever,MiLB (MLE),1.0,0.0,0.0,4.1,0.7,0.5,0.1,0.0,0.1,0.3,0.0,0.9,0.4,0.4,0.0,0.0,3.31,1.0,8.1,2.7,0.9,4.054,0.2132,0.08221,0.01168,0.03164,0.1177,0.03499,0.00315,3.31295,3.72661
702274,Chase Shores,LAA,25,floor,,,starter,MiLB (MLE),1.0,0.0,0.0,4.0,0.7,0.5,0.1,0.0,0.1,0.3,0.0,0.9,0.4,0.4,0.0,0.0,3.34,1.0,8.1,2.7,0.9,4.039,0.2132,0.08221,0.01168,0.02899,0.1177,0.03499,0.00315,3.34424,3.58056
644433,Chadwick Tromp,BAL,32,floor,,,reliever,MLB,1.0,0.0,0.0,4.3,0.9,0.6,0.2,0.0,0.1,0.4,0.0,0.9,0.4,0.5,0.0,0.0,4.03,1.3,8.1,3.6,0.9,4.264,0.21324,0.08786,0.01048,0.03077,0.14466,0.03964,0.00341,4.03358,4.53721
808062,Jostin Florentino,CHC,25,floor,,,starter,MiLB (MLE),1.0,0.0,0.0,4.1,0.7,0.5,0.1,0.0,0.1,0.3,0.0,0.9,0.4,0.4,0.0,0.0,3.67,1.0,8.1,2.7,0.9,4.075,0.21324,0.08223,0.01168,0.03519,0.11779,0.03502,0.00316,3.66904,3.92831
701347,Yoel Tejeda Jr.,WSH,25,floor,,,starter,MiLB (MLE),1.0,0.0,0.0,4.1,0.7,0.5,0.1,0.0,0.1,0.3,0.0,0.9,0.4,0.4,0.0,0.0,3.7,1.0,8.1,2.7,0.9,4.078,0.21324,0.08223,0.01168,0.03579,0.11779,0.03502,0.00316,3.7005,3.96199
808487,Jose Romero,SEA,25,floor,,,starter,MiLB (MLE),1.0,0.0,0.0,4.0,0.7,0.5,0.1,0.0,0.1,0.3,0.0,0.9,0.4,0.4,0.0,0.0,3.44,1.0,8.1,2.7,0.9,4.048,0.21311,0.08217,0.01169,0.03087,0.11757,0.03495,0.00315,3.43651,3.67935
656322,Sam Coonrod,NYM,34,floor,,,reliever,MLB,1.0,0.0,0.0,4.4,0.9,0.6,0.2,0.0,0.1,0.5,0.2,0.9,0.5,0.5,0.0,0.0,4.29,1.4,8.1,4.5,0.9,4.419,0.21349,0.10415,0.03496,0.02832,0.13099,0.03931,0.00311,4.28962,4.82522
815071,Marcus Phillips,BOS,25,floor,,,reliever,MiLB (MLE),1.0,0.0,0.0,4.1,0.7,0.5,0.1,0.0,0.1,0.3,0.0,0.9,0.4,0.4,0.0,0.0,3.34,1.0,8.1,2.7,0.9,4.059,0.2135,0.08234,0.01168,0.03178,0.11818,0.03513,0.00317,3.33541,3.75187
800124,David Lorduy,CIN,25,floor,,,starter,MiLB (MLE),1.0,0.0,0.0,4.1,0.7,0.5,0.1,0.0,0.1,0.3,0.0,0.9,0.4,0.4,0.0,0.0,3.74,1.0,8.1,2.7,0.9,4.085,0.21354,0.08236,0.01168,0.03624,0.11827,0.03516,0.00317,3.7406,4.00493
687218,Will Bednar,SF,25,floor,,,reliever,MiLB (MLE),1.0,0.0,0.0,4.0,0.7,0.5,0.1,0.0,0.1,0.3,0.0,0.9,0.4,0.4,0.0,0.0,3.19,1.0,8.1,2.7,0.9,4.042,0.21355,0.08236,0.01168,0.02877,0.11826,0.03516,0.00317,3.18976,3.58803
801435,Garrett Edwards,TB,25,floor,,,starter,MiLB (MLE),1.0,0.0,0.0,3.8,0.6,0.3,0.1,0.0,0.2,0.3,0.0,0.7,0.3,0.3,0.0,0.0,2.83,0.9,6.3,2.7,1.8,3.808,0.18174,0.06865,0.01198,0.03979,0.08658,0.02574,0.00232,2.82867,3.02855
665959,Abdiel Mendoza,SEA,25,floor,,,reliever,MiLB (MLE),1.0,0.0,0.0,4.1,0.7,0.5,0.1,0.0,0.1,0.3,0.0,0.9,0.4,0.4,0.0,0.0,3.49,1.0,8.1,2.7,0.9,4.079,0.21377,0.08245,0.01167,0.03467,0.11865,0.03527,0.00318,3.49395,3.9302
801801,Noah Hall,NYM,25,floor,,,starter,MiLB (MLE),1.0,0.0,0.0,4.1,0.8,0.5,0.1,0.0,0.2,0.3,0.0,0.9,0.4,0.5,0.0,0.0,3.8,1.1,8.1,2.7,1.8,4.092,0.21356,0.08236,0.01167,0.03737,0.1183,0.03517,0.00317,3.80101,4.0696
815598,Dasan Hill,TOR,25,floor,,,reliever,MiLB (MLE),1.0,0.0,0.0,4.0,0.7,0.5,0.1,0.0,0.1,0.3,0.0,0.9,0.3,0.4,0.0,0.0,3.08,1.0,8.1,2.7,0.9,4.03,0.21357,0.08237,0.01168,0.02648,0.11829,0.03517,0.00317,3.07892,3.46335
680891,Jack Neely,CHC,27,floor,,,reliever,MLB,1.0,0.0,0.0,4.2,0.8,0.6,0.1,0.0,0.1,0.4,0.0,0.9,0.4,0.5,0.0,0.0,3.87,1.2,8.1,3.6,0.9,4.224,0.22302,0.08384,0.00835,0.03335,0.15222,0.03025,0.00237,3.87401,4.35771
656353,Tucker Davidson,KC,31,floor,,,starter,MLB,1.0,0.0,0.0,4.4,1.0,0.6,0.2,0.0,0.2,0.4,0.1,0.8,0.5,0.6,0.0,0.0,4.82,1.4,7.2,3.6,1.8,4.395,0.18173,0.10144,0.01217,0.03441,0.14312,0.04308,0.00302,4.81738,5.1578
682010,Lane Ramsey,CWS,30,floor,,,reliever,MLB,1.0,0.0,0.0,4.2,0.9,0.6,0.2,0.0,0.1,0.4,0.0,0.9,0.4,0.5,0.0,0.0,3.96,1.3,8.1,3.6,0.9,4.232,0.21338,0.08857,0.00524,0.03058,0.14144,0.04244,0.00336,3.96264,4.45741
814351,Lucas Braun,KC,25,floor,,,starter,MiLB (MLE),1.0,0.0,0.0,3.8,0.5,0.3,0.1,0.0,0.1,0.3,0.0,0.7,0.3,0.3,0.0,0.0,2.69,0.8,6.3,2.7,0.9,3.792,0.18139,0.06849,0.01198,0.03706,0.08631,0.02566,0.00231,2.68915,2.87917
662144,Brian Keller,PHI,33,floor,,,reliever,MLB,1.0,0.0,0.0,4.2,0.9,0.6,0.2,0.0,0.1,0.3,0.0,0.9,0.4,0.5,0.0,0.0,3.79,1.2,8.1,2.7,0.9,4.212,0.22327,0.08013,0.00991,0.02616,0.14552,0.04269,0.00393,3.78512,4.25773
813838,Jacob Odle,STL,25,floor,,,starter,MiLB (MLE),1.0,0.0,0.0,4.1,0.7,0.5,0.1,0.0,0.1,0.3,0.0,0.9,0.4,0.4,0.0,0.0,3.49,1.0,8.1,2.7,0.9,4.055,0.21326,0.08223,0.01168,0.03167,0.1178,0.03502,0.00316,3.48535,3.73163
664774,LaMonte Wade Jr.,HOU,33,floor,,,reliever,MLB,1.0,0.0,0.0,4.2,0.9,0.6,0.2,0.0,0.1,0.3,0.0,0.9,0.4,0.5,0.0,0.0,3.86,1.2,8.1,2.7,0.9,4.239,0.21327,0.0823,0.01049,0.0259,0.14733,0.04369,0.00308,3.85965,4.34156
822160,Brock Moore,BAL,25,floor,,,reliever,MiLB (MLE),1.0,0.0,0.0,4.0,0.7,0.5,0.1,0.0,0.1,0.3,0.0,0.9,0.4,0.4,0.0,0.0,3.18,1.0,8.1,2.7,0.9,4.039,0.21327,0.08224,0.01168,0.0288,0.1178,0.03502,0.00316,3.17684,3.5735
692401,Gerardo Salas,STL,25,floor,,,reliever,MiLB (MLE),1.0,0.0,0.0,4.1,0.7,0.5,0.1,0.0,0.1,0.3,0.0,0.9,0.4,0.4,0.0,0.0,3.5,1.0,8.1,2.7,0.9,4.076,0.21331,0.08226,0.01168,0.03522,0.11789,0.03505,0.00316,3.497,3.93364
650895,Diego Castillo,MIN,33,floor,,,reliever,MLB,1.0,0.0,0.0,4.3,0.9,0.6,0.2,0.0,0.1,0.5,0.0,0.9,0.5,0.5,0.0,0.0,4.22,1.4,8.1,4.5,0.9,4.339,0.21331,0.10593,0.01029,0.03084,0.13646,0.04214,0.00303,4.21829,4.74498
836087,Ethan Cole,COL,25,floor,,,starter,MiLB (MLE),1.0,0.0,0.0,4.0,0.7,0.5,0.1,0.0,0.1,0.3,0.0,0.9,0.4,0.4,0.0,0.0,3.39,1.0,8.1,2.7,0.9,4.045,0.21333,0.08227,0.01168,0.02982,0.11792,0.03505,0.00316,3.39371,3.63353
694633,Chase Hampton,NYY,25,floor,,,reliever,MiLB (MLE),1.0,0.0,0.0,4.1,0.8,0.5,0.1,0.0,0.2,0.3,0.0,0.9,0.4,0.5,0.0,0.0,3.67,1.1,8.1,2.7,1.8,4.096,0.21334,0.08227,0.01168,0.03865,0.11795,0.03507,0.00316,3.67097,4.12933
676701,Alan Trejo,COL,31,floor,,,reliever,MLB,1.0,0.0,0.0,4.2,0.9,0.5,0.2,0.0,0.2,0.3,0.0,0.9,0.5,0.5,0.0,0.0,4.22,1.2,8.1,2.7,1.8,4.218,0.21338,0.08109,0.0097,0.03757,0.13012,0.04663,0.00422,4.21815,4.74482
703445,Adam Serwinowski,LAD,25,floor,,,starter,MiLB (MLE),1.0,0.0,0.0,3.8,0.5,0.3,0.1,0.0,0.1,0.3,0.0,0.7,0.3,0.3,0.0,0.0,2.64,0.8,6.3,2.7,0.9,3.789,0.18165,0.0686,0.01198,0.03598,0.0865,0.02572,0.00232,2.64467,2.83156
808161,Ubaldo Soto,LAA,25,floor,,,starter,MiLB (MLE),1.0,0.0,0.0,4.1,0.7,0.5,0.1,0.0,0.1,0.3,0.0,0.9,0.4,0.4,0.0,0.0,3.57,1.0,8.1,2.7,0.9,4.073,0.21436,0.0827,0.01166,0.03204,0.11963,0.03556,0.00321,3.56667,3.81871
663901,Michael Flynn,SD,25,floor,,,reliever,MiLB (MLE),1.0,0.0,0.0,4.1,0.7,0.5,0.1,0.0,0.1,0.3,0.0,0.9,0.4,0.4,0.0,0.0,3.25,1.0,8.1,2.7,0.9,4.056,0.21437,0.0827,0.01166,0.02912,0.11963,0.03556,0.00321,3.25,3.6558
701856,Patrick Halligan,BOS,25,floor,,,reliever,MiLB (MLE),1.0,0.0,0.0,4.1,0.7,0.5,0.1,0.0,0.1,0.3,0.0,0.9,0.4,0.4,0.0,0.0,3.25,1.0,8.1,2.7,0.9,4.056,0.21437,0.0827,0.01166,0.02912,0.11963,0.03556,0.00321,3.25,3.6558
804981,Riley Quick,MIN,25,floor,,,starter,MiLB (MLE),1.0,0.0,0.0,4.1,0.7,0.5,0.1,0.0,0.1,0.3,0.0,0.9,0.4,0.4,0.0,0.0,3.72,1.0,8.1,2.7,0.9,4.09,0.21439,0.08271,0.01166,0.035,0.11969,0.03558,0.00321,3.72422,3.98739
824623,Tyler Davis,BOS,25,floor,,,reliever,MiLB (MLE),1.0,0.0,0.0,4.1,0.7,0.5,0.1,0.0,0.1,0.3,0.0,0.9,0.4,0.4,0.0,0.0,3.47,1.0,8.1,2.7,0.9,4.082,0.21439,0.08271,0.01166,0.03358,0.1197,0.03558,0.00321,3.47342,3.90711
815119,Tanner Franklin,STL,25,floor,,,starter,MiLB (MLE),1.0,0.0,0.0,4.0,0.7,0.5,0.1,0.0,0.1,0.3,0.0,0.9,0.4,0.4,0.0,0.0,3.35,1.0,8.1,2.7,0.9,4.05,0.21441,0.08272,0.01166,0.02786,0.11971,0.03559,0.00321,3.35224,3.58913
694298,Nick Dombkowski,PIT,25,floor,,,reliever,MiLB (MLE),1.0,0.0,0.0,3.8,0.5,0.3,0.1,0.0,0.1,0.3,0.0,0.7,0.3,0.3,0.0,0.0,2.63,0.8,6.3,2.7,0.9,3.794,0.18006,0.06791,0.01199,0.03926,0.08531,0.02536,0.00229,2.62761,2.95569
680474,Max Schuemann,NYY,30,floor,,,reliever,MLB,1.0,0.0,0.0,4.3,1.0,0.6,0.2,0.0,0.2,0.4,0.0,0.9,0.5,0.5,0.0,0.0,4.18,1.4,8.1,3.6,1.8,4.263,0.21443,0.08835,0.01061,0.03629,0.13958,0.03897,0.0029,4.18365,4.70602
677588,José Tena,WSH,26,floor,,,reliever,MLB,1.0,0.0,0.0,4.3,0.9,0.6,0.2,0.0,0.1,0.4,0.0,0.9,0.5,0.5,0.0,0.0,4.15,1.3,8.1,3.6,0.9,4.264,0.21443,0.08835,0.01061,0.03302,0.13732,0.0443,0.00321,4.1468,4.66457
823242,Tanner Gresham,PHI,25,floor,,,starter,MiLB (MLE),1.0,0.0,0.0,4.1,0.7,0.5,0.1,0.0,0.1,0.3,0.0,0.9,0.4,0.4,0.0,0.0,3.58,1.0,8.1,2.7,0.9,4.075,0.21444,0.08273,0.01166,0.03224,0.11977,0.03561,0.00321,3.58175,3.83485
831325,Tyler Schmitt,SD,25,floor,,,starter,MiLB (MLE),1.0,0.0,0.0,4.1,0.7,0.5,0.1,0.0,0.1,0.3,0.0,0.9,0.4,0.4,0.0,0.0,3.44,1.0,8.1,2.7,0.9,4.056,0.21398,0.08254,0.01167,0.0301,0.11898,0.03537,0.00319,3.44376,3.68711
681808,Chris Vallimont,BAL,30,floor,,,reliever,MLB,1.0,0.0,0.0,4.2,0.9,0.6,0.2,0.0,0.1,0.4,0.0,0.9,0.4,0.5,0.0,0.0,3.95,1.3,8.1,3.6,0.9,4.234,0.22241,0.08452,0.011,0.03039,0.14059,0.04219,0.00334,3.95214,4.4456
663752,Cody Morris,CLE,30,floor,,,reliever,MLB,1.0,0.0,0.0,4.3,0.9,0.6,0.2,0.0,0.1,0.4,0.0,1.0,0.4,0.5,0.0,0.0,4.05,1.3,9.0,3.6,0.9,4.268,0.22243,0.09974,0.00414,0.02953,0.13288,0.04807,0.00313,4.04758,4.55296
802126,Joe Whitman,SF,25,floor,,,starter,MiLB (MLE),1.0,0.0,0.0,3.8,0.5,0.3,0.1,0.0,0.1,0.3,0.0,0.7,0.3,0.3,0.0,0.0,2.38,0.8,6.3,2.7,0.9,3.753,0.17991,0.06785,0.01199,0.03118,0.0852,0.02533,0.00228,2.37614,2.54405
663986,Trevor Stephan,CLE,31,floor,,,reliever,MLB,1.0,0.0,0.0,4.2,0.9,0.6,0.2,0.0,0.1,0.3,0.1,1.1,0.4,0.5,0.0,0.0,3.65,1.2,9.9,2.7,0.9,4.18,0.25355,0.08227,0.01579,0.02879,0.13319,0.03997,0.00316,3.654,4.11024
606149,Giovanny Gallegos,STL,35,floor,,,reliever,MLB,1.0,0.0,0.0,4.1,0.8,0.5,0.2,0.0,0.1,0.3,0.0,1.0,0.4,0.5,0.0,0.0,3.68,1.1,9.0,2.7,0.9,4.108,0.24921,0.07771,0.00142,0.0304,0.12526,0.0523,0.00387,3.68181,4.14152
456713,Matt Bush,MIL,41,floor,,,reliever,MLB,1.0,0.0,0.0,4.2,0.9,0.6,0.2,0.0,0.1,0.4,0.0,1.0,0.4,0.5,0.0,0.0,3.7,1.3,9.0,3.6,0.9,4.184,0.24821,0.08502,0.01069,0.02922,0.13516,0.04056,0.00321,3.69839,4.16017
642231,Jimmy Yacabonis,NYM,35,floor,,,reliever,MLB,1.0,0.0,0.0,4.3,0.9,0.6,0.2,0.0,0.1,0.4,0.1,1.0,0.5,0.5,0.0,0.0,4.09,1.3,9.0,3.6,0.9,4.311,0.22253,0.09526,0.01847,0.02955,0.13669,0.04102,0.00324,4.0869,4.59718
669424,Jimmy Lambert,CWS,32,floor,,,reliever,MLB,1.0,0.0,0.0,4.3,0.9,0.6,0.2,0.0,0.1,0.4,0.0,1.0,0.5,0.5,0.0,0.0,4.06,1.3,9.0,3.6,0.9,4.298,0.22253,0.10356,0.00647,0.02978,0.13777,0.04134,0.00327,4.057,4.56356
606625,Reyes Moronta,ARI,34,floor,,,reliever,MLB,1.0,0.0,0.0,4.3,0.9,0.6,0.2,0.0,0.1,0.4,0.1,1.0,0.5,0.5,0.0,0.0,4.06,1.3,9.0,3.6,0.9,4.299,0.22261,0.09893,0.0117,0.02973,0.13751,0.04126,0.00326,4.06271,4.56998
656420,J.P. Feyereisen,LAD,34,floor,,,reliever,MLB,1.0,0.0,0.0,4.2,1.0,0.6,0.2,0.0,0.2,0.3,0.0,0.9,0.5,0.5,0.0,0.0,4.11,1.3,8.1,2.7,1.8,4.211,0.22265,0.0806,0.00813,0.0363,0.13565,0.04419,0.00334,4.10925,4.62232
804668,Rafael Flores Jr.,PIT,26,floor,,,reliever,MLB,1.0,0.0,0.0,4.2,0.9,0.6,0.2,0.0,0.1,0.3,0.0,0.9,0.4,0.5,0.0,0.0,4.02,1.2,8.1,2.7,0.9,4.239,0.21445,0.08276,0.01061,0.02913,0.13771,0.04943,0.00318,4.02272,4.525
695293,Jojo Ingrassia,DET,25,floor,,,reliever,MiLB (MLE),1.0,0.0,0.0,4.1,0.7,0.5,0.1,0.0,0.1,0.3,0.0,0.9,0.4,0.4,0.0,0.0,3.29,1.0,8.1,2.7,0.9,4.064,0.21468,0.08283,0.01165,0.02964,0.12019,0.03573,0.00322,3.29332,3.70452
800395,Nicolas Cruz,LAD,25,floor,,,reliever,MiLB (MLE),1.0,0.0,0.0,4.1,0.7,0.5,0.1,0.0,0.1,0.3,0.0,0.9,0.4,0.4,0.0,0.0,3.25,1.0,8.1,2.7,0.9,4.059,0.21468,0.08283,0.01165,0.02873,0.12019,0.03573,0.00322,3.24862,3.65424
815212,Keyner Martinez,SF,25,floor,,,starter,MiLB (MLE),1.0,0.0,0.0,4.1,0.7,0.5,0.1,0.0,0.1,0.3,0.0,0.9,0.4,0.4,0.0,0.0,3.54,1.0,8.1,2.7,0.9,4.072,0.21447,0.08274,0.01166,0.0315,0.11982,0.03562,0.00321,3.54484,3.79534
833403,Kamden Edge,KC,25,floor,,,reliever,MiLB (MLE),1.0,0.0,0.0,4.1,0.7,0.5,0.1,0.0,0.1,0.3,0.0,0.9,0.4,0.4,0.0,0.0,3.55,1.0,8.1,2.7,0.9,4.092,0.21449,0.08275,0.01165,0.03497,0.11987,0.03564,0.00321,3.54905,3.99218
629498,Johan Quezada,MIA,32,floor,,,reliever,MLB,1.0,0.0,0.0,4.3,0.9,0.6,0.2,0.0,0.1,0.4,0.0,0.9,0.5,0.5,0.0,0.0,4.07,1.3,8.1,3.6,0.9,4.297,0.21449,0.09997,0.01024,0.02975,0.1376,0.04129,0.00326,4.06634,4.57406
694660,Harrison Cohen,NYY,25,floor,,,reliever,MiLB (MLE),1.0,0.0,0.0,4.1,0.7,0.5,0.1,0.0,0.1,0.3,0.0,0.9,0.4,0.4,0.0,0.0,3.57,1.0,8.1,2.7,0.9,4.095,0.2145,0.08276,0.01165,0.0354,0.1199,0.03564,0.00321,3.57103,4.01691
822461,Shane Van Dam,KC,25,floor,,,starter,MiLB (MLE),1.0,0.0,0.0,4.1,0.7,0.5,0.1,0.0,0.1,0.3,0.0,0.9,0.4,0.4,0.0,0.0,3.49,1.0,8.1,2.7,0.9,4.066,0.21451,0.08276,0.01165,0.03034,0.11988,0.03564,0.00321,3.48649,3.73286
813869,Ryan Degges,CLE,25,floor,,,starter,MiLB (MLE),1.0,0.0,0.0,4.1,0.7,0.5,0.1,0.0,0.1,0.3,0.0,0.9,0.4,0.4,0.0,0.0,3.36,1.0,8.1,2.7,0.9,4.052,0.21451,0.08276,0.01165,0.02791,0.11988,0.03564,0.00321,3.3603,3.59775
693311,Tink Hence,STL,25,floor,,,reliever,MiLB (MLE),1.0,0.0,0.0,4.1,0.7,0.5,0.1,0.0,0.1,0.3,0.0,0.9,0.4,0.4,0.0,0.0,3.47,1.0,8.1,2.7,0.9,4.083,0.21451,0.08276,0.01165,0.03333,0.1199,0.03564,0.00321,3.46753,3.90049
828506,Joey Danielson,TEX,25,floor,,,reliever,MiLB (MLE),1.0,0.0,0.0,4.1,0.7,0.5,0.1,0.0,0.1,0.3,0.0,0.9,0.4,0.4,0.0,0.0,3.2,1.0,8.1,2.7,0.9,4.052,0.21451,0.08276,0.01165,0.02791,0.11988,0.03564,0.00321,3.1984,3.59775
701780,Tanner McDougal,CWS,24,floor,,,reliever,MLB,1.0,0.0,0.0,4.4,0.9,0.6,0.2,0.0,0.1,0.4,0.1,0.9,0.5,0.5,0.0,0.0,4.35,1.3,8.1,3.6,0.9,4.364,0.21435,0.09952,0.02264,0.03355,0.13415,0.03967,0.00302,4.34867,4.89165
814541,Isaac Gallegos,ATL,25,floor,,,reliever,MiLB (MLE),1.0,0.0,0.0,4.0,0.7,0.5,0.1,0.0,0.1,0.3,0.0,0.9,0.3,0.4,0.0,0.0,3.13,1.0,8.1,2.7,0.9,4.044,0.21452,0.08276,0.01166,0.02647,0.11989,0.03564,0.00321,3.12823,3.51882
702584,Isaiah Lowe,SD,25,floor,,,reliever,MiLB (MLE),1.0,0.0,0.0,4.1,0.8,0.5,0.1,0.0,0.2,0.3,0.0,0.9,0.4,0.5,0.0,0.0,3.64,1.1,8.1,2.7,1.8,4.103,0.21454,0.08278,0.01165,0.03681,0.11997,0.03566,0.00321,3.64479,4.09988
592826,Vince Velasquez,PIT,35,floor,,,reliever,MLB,1.0,0.0,0.0,4.2,1.0,0.6,0.2,0.0,0.2,0.3,0.0,0.9,0.5,0.5,0.0,0.0,4.17,1.3,8.1,2.7,1.8,4.224,0.21454,0.08165,0.00694,0.03604,0.13698,0.04522,0.00349,4.16721,4.68753
689672,Drew Thorpe,CWS,26,floor,,,starter,MLB,1.0,0.0,0.0,4.3,0.9,0.6,0.2,0.0,0.1,0.4,0.0,0.8,0.5,0.6,0.0,0.0,4.79,1.3,7.2,3.6,0.9,4.344,0.18009,0.09692,0.00712,0.03231,0.13202,0.05735,0.00372,4.79089,5.12943
650907,René Pinto,TB,30,floor,,,reliever,MLB,1.0,0.0,0.0,4.2,0.9,0.6,0.2,0.0,0.1,0.3,0.0,0.9,0.4,0.5,0.0,0.0,4.01,1.2,8.1,2.7,0.9,4.24,0.21455,0.08279,0.01025,0.03087,0.14281,0.04286,0.00339,4.01496,4.51627
802410,Jacob Zibin,CLE,25,floor,,,starter,MiLB (MLE),1.0,0.0,0.0,4.1,0.7,0.5,0.1,0.0,0.1,0.3,0.0,0.9,0.4,0.4,0.0,0.0,3.5,1.0,8.1,2.7,0.9,4.067,0.21456,0.08278,0.01165,0.03049,0.11998,0.03567,0.00322,3.49743,3.74457
700310,Dilan Figueredo,LAD,25,floor,,,reliever,MiLB (MLE),1.0,0.0,0.0,4.1,0.7,0.5,0.1,0.0,0.1,0.3,0.0,0.9,0.4,0.4,0.0,0.0,3.2,1.0,8.1,2.7,0.9,4.052,0.21457,0.08279,0.01165,0.02778,0.11999,0.03567,0.00322,3.19523,3.59419
642180,Tyler Wade,SD,32,floor,,,reliever,MLB,1.0,0.0,0.0,4.3,0.9,0.6,0.2,0.0,0.1,0.4,0.0,0.9,0.5,0.5,0.0,0.0,4.11,1.3,8.1,3.6,0.9,4.259,0.21431,0.08746,0.01049,0.03312,0.14021,0.04142,0.00329,4.10802,4.62094
669449,Jake Palisch,CWS,28,floor,,,reliever,MLB,1.0,0.0,0.0,4.2,0.9,0.6,0.2,0.0,0.1,0.3,0.0,0.9,0.4,0.5,0.0,0.0,4.04,1.2,8.1,2.7,0.9,4.24,0.21432,0.08271,0.01049,0.03277,0.14362,0.0401,0.00325,4.04082,4.54536
656181,Spencer Adams,TEX,25,floor,,,starter,MiLB (MLE),1.0,0.0,0.0,4.1,0.8,0.5,0.1,0.0,0.2,0.3,0.0,0.9,0.5,0.5,0.0,0.0,4.18,1.1,8.1,2.7,1.8,4.139,0.21432,0.08268,0.01166,0.04356,0.1196,0.03556,0.0032,4.1769,4.47206
806281,Blaze Pontes,OAK,25,floor,,,reliever,MiLB (MLE),1.0,0.0,0.0,4.0,0.7,0.5,0.1,0.0,0.1,0.3,0.0,0.9,0.3,0.4,0.0,0.0,3.11,1.0,8.1,2.7,0.9,4.04,0.21432,0.08268,0.01166,0.02639,0.11953,0.03553,0.0032,3.1133,3.50203
815095,David Rodriguez,ATL,25,floor,,,reliever,MiLB (MLE),1.0,0.0,0.0,4.1,0.7,0.5,0.1,0.0,0.1,0.3,0.0,0.9,0.4,0.4,0.0,0.0,3.28,1.0,8.1,2.7,0.9,4.061,0.21451,0.08276,0.01165,0.02956,0.11988,0.03564,0.00321,3.27973,3.68924
824624,Brooks Auger,LAD,25,floor,,,starter,MiLB (MLE),1.0,0.0,0.0,4.0,0.7,0.5,0.1,0.0,0.1,0.3,0.0,0.9,0.4,0.4,0.0,0.0,3.39,1.0,8.1,2.7,0.9,4.05,0.21386,0.08249,0.01167,0.02927,0.11878,0.03531,0.00318,3.39431,3.63416
803848,Jayden Dubanewicz,MIL,25,floor,,,starter,MiLB (MLE),1.0,0.0,0.0,4.1,0.7,0.5,0.1,0.0,0.1,0.3,0.0,0.9,0.4,0.4,0.0,0.0,3.53,1.0,8.1,2.7,0.9,4.065,0.21386,0.08249,0.01167,0.03195,0.11877,0.03531,0.00318,3.53295,3.7826
831572,Carson Fischer,WSH,25,floor,,,starter,MiLB (MLE),1.0,0.0,0.0,4.0,0.7,0.5,0.1,0.0,0.1,0.3,0.0,0.9,0.4,0.4,0.0,0.0,3.3,1.0,8.1,2.7,0.9,4.04,0.21387,0.08249,0.01167,0.02749,0.11878,0.03531,0.00318,3.30245,3.53581
691007,Jackson Phipps,OAK,25,floor,,,starter,MiLB (MLE),1.0,0.0,0.0,4.1,0.7,0.5,0.1,0.0,0.1,0.3,0.0,0.9,0.4,0.4,0.0,0.0,3.53,1.0,8.1,2.7,0.9,4.064,0.21387,0.08249,0.01167,0.0318,0.11879,0.03532,0.00318,3.52584,3.77499
686754,Ryan Jensen,CHC,25,floor,,,reliever,MiLB (MLE),1.0,0.0,0.0,4.0,0.7,0.5,0.1,0.0,0.1,0.3,0.0,0.9,0.3,0.4,0.0,0.0,3.11,1.0,8.1,2.7,0.9,4.037,0.21389,0.0825,0.01167,0.02686,0.11881,0.03532,0.00318,3.11353,3.50228
641658,Garrett Hampson,STL,32,floor,,,reliever,MLB,1.0,0.0,0.0,4.3,0.9,0.6,0.2,0.0,0.1,0.4,0.1,0.9,0.4,0.5,0.0,0.0,3.9,1.3,8.1,3.6,0.9,4.289,0.21389,0.08254,0.02213,0.02385,0.14651,0.04299,0.00278,3.90354,4.39094
687864,Ryan Vanderhei,SF,25,floor,,,reliever,MiLB (MLE),1.0,0.0,0.0,4.0,0.7,0.5,0.1,0.0,0.1,0.3,0.0,0.9,0.3,0.4,0.0,0.0,3.08,1.0,8.1,2.7,0.9,4.033,0.2139,0.08251,0.01167,0.02624,0.11883,0.03533,0.00318,3.08383,3.46887
543594,Sean Nolin,MIA,37,floor,,,reliever,MLB,1.0,0.0,0.0,4.3,0.9,0.6,0.2,0.0,0.1,0.4,0.0,0.9,0.4,0.5,0.0,0.0,4.04,1.3,8.1,3.6,0.9,4.254,0.21391,0.08674,0.0092,0.03079,0.14244,0.04275,0.00338,4.04464,4.54965
693713,Emiliano Teodo,TEX,26,floor,,,reliever,MLB,1.0,0.0,0.0,4.3,0.9,0.6,0.2,0.0,0.1,0.4,0.0,0.9,0.4,0.5,0.0,0.0,3.99,1.3,8.1,3.6,0.9,4.276,0.21392,0.09143,0.01002,0.02717,0.14163,0.04577,0.00272,3.99489,4.49369
803135,Austin Gordon,LAA,25,floor,,,starter,MiLB (MLE),1.0,0.0,0.0,3.8,0.6,0.3,0.1,0.0,0.2,0.3,0.0,0.7,0.3,0.3,0.0,0.0,2.86,0.9,6.3,2.7,1.8,3.815,0.18249,0.06897,0.01198,0.04008,0.08714,0.02591,0.00234,2.86193,3.06416
529017,Alexander Cornielle,NYY,25,floor,,,reliever,MLB,1.0,0.0,0.0,4.2,1.0,0.6,0.2,0.0,0.2,0.4,0.0,0.9,0.5,0.5,0.0,0.0,4.2,1.4,8.1,3.6,1.8,4.242,0.22279,0.0874,0.01037,0.03775,0.13173,0.04268,0.00334,4.20335,4.72817
663408,Dylan Hecht,SF,25,floor,,,reliever,MiLB (MLE),1.0,0.0,0.0,4.1,0.8,0.5,0.1,0.0,0.2,0.3,0.0,0.9,0.4,0.5,0.0,0.0,3.72,1.1,8.1,2.7,1.8,4.107,0.21397,0.08253,0.01167,0.03903,0.11898,0.03537,0.00319,3.72426,4.18927
702271,Nazier Mulé,CHC,25,floor,,,reliever,MiLB (MLE),1.0,0.0,0.0,4.0,0.7,0.5,0.1,0.0,0.1,0.3,0.0,0.9,0.4,0.4,0.0,0.0,3.27,1.0,8.1,2.7,0.9,4.05,0.21326,0.08224,0.01168,0.03078,0.1178,0.03502,0.00316,3.27398,3.68276
690658,Will Johnston,OAK,25,floor,,,reliever,MiLB (MLE),1.0,0.0,0.0,4.1,0.7,0.5,0.1,0.0,0.1,0.3,0.0,0.9,0.4,0.4,0.0,0.0,3.3,1.0,8.1,2.7,0.9,4.059,0.21399,0.08254,0.01167,0.03053,0.119,0.03538,0.00319,3.29972,3.71172
671969,Adam Tulloch,CLE,25,floor,,,reliever,MiLB (MLE),1.0,0.0,0.0,4.0,0.7,0.5,0.1,0.0,0.1,0.3,0.0,0.9,0.4,0.4,0.0,0.0,3.16,1.0,8.1,2.7,0.9,4.043,0.214,0.08255,0.01167,0.02769,0.119,0.03538,0.00319,3.1604,3.55501
689557,Zane Morehouse,CLE,25,floor,,,reliever,MiLB (MLE),1.0,0.0,0.0,4.0,0.7,0.5,0.1,0.0,0.1,0.3,0.0,0.9,0.4,0.4,0.0,0.0,3.21,1.0,8.1,2.7,0.9,4.046,0.21369,0.08242,0.01167,0.02898,0.11848,0.03522,0.00317,3.20698,3.6074
676265,Cory Abbott,WSH,31,floor,,,reliever,MLB,1.0,0.0,0.0,4.4,0.9,0.6,0.2,0.0,0.1,0.4,0.1,0.9,0.5,0.5,0.0,0.0,4.2,1.3,8.1,3.6,0.9,4.352,0.21371,0.09991,0.0211,0.02943,0.13615,0.04086,0.00323,4.19635,4.7203
804556,Braden Nett,OAK,25,floor,,,reliever,MiLB (MLE),1.0,0.0,0.0,4.0,0.7,0.5,0.1,0.0,0.1,0.3,0.0,0.9,0.4,0.4,0.0,0.0,3.2,1.0,8.1,2.7,0.9,4.045,0.21372,0.08243,0.01167,0.02884,0.11853,0.03524,0.00318,3.20164,3.6014
592767,Drew Smyly,CHC,38,floor,,,reliever,MLB,1.0,0.0,0.0,4.3,0.9,0.6,0.2,0.0,0.1,0.4,0.0,0.9,0.5,0.5,0.0,0.0,4.22,1.3,8.1,3.6,0.9,4.261,0.21374,0.08381,0.0108,0.03337,0.13668,0.04866,0.00311,4.21848,4.74519
841138,Luke Schafer,LAA,25,floor,,,reliever,MiLB (MLE),1.0,0.0,0.0,4.0,0.7,0.5,0.1,0.0,0.1,0.3,0.0,0.9,0.4,0.4,0.0,0.0,3.22,1.0,8.1,2.7,0.9,4.048,0.21375,0.08244,0.01167,0.02922,0.11858,0.03525,0.00318,3.22201,3.62431
668943,Ryan Miller,LAA,31,floor,,,reliever,MLB,1.0,0.0,0.0,4.3,0.9,0.6,0.2,0.0,0.1,0.4,0.0,0.9,0.4,0.5,0.0,0.0,3.97,1.3,8.1,3.6,0.9,4.278,0.21375,0.09567,0.00653,0.02918,0.14757,0.03716,0.003,3.96992,4.4656
807281,Trey Gregory-Alford,LAA,25,floor,,,starter,MiLB (MLE),1.0,0.0,0.0,4.1,0.7,0.5,0.1,0.0,0.1,0.3,0.0,0.9,0.4,0.4,0.0,0.0,3.41,1.0,8.1,2.7,0.9,4.052,0.21395,0.08252,0.01167,0.0295,0.11892,0.03535,0.00319,3.41081,3.65183
691548,Rolddy Muñoz,ATL,27,floor,,,reliever,MLB,1.0,0.0,0.0,4.4,0.9,0.6,0.2,0.0,0.1,0.4,0.1,1.0,0.5,0.5,0.0,0.0,4.14,1.3,9.0,3.6,0.9,4.361,0.2229,0.09863,0.02609,0.02853,0.13784,0.03795,0.00297,4.13608,4.6525
608671,Travis Jankowski,NYM,36,floor,,,reliever,MLB,1.0,0.0,0.0,4.3,0.9,0.6,0.2,0.0,0.1,0.4,0.1,0.9,0.5,0.5,0.0,0.0,4.08,1.3,8.1,3.6,0.9,4.294,0.21425,0.08744,0.02238,0.03063,0.13826,0.03976,0.00313,4.08254,4.59228
519293,Will Smith,KC,37,floor,,,reliever,MLB,1.0,0.0,0.0,4.3,1.0,0.6,0.2,0.0,0.2,0.4,0.0,0.9,0.5,0.5,0.0,0.0,4.2,1.4,8.1,3.6,1.8,4.264,0.21426,0.08519,0.00799,0.03566,0.14516,0.04009,0.00282,4.20493,4.72996
804985,Jack Anker,PIT,25,floor,,,starter,MiLB (MLE),1.0,0.0,0.0,4.1,0.7,0.5,0.1,0.0,0.1,0.3,0.0,0.9,0.4,0.4,0.0,0.0,3.76,1.0,8.1,2.7,0.9,4.093,0.21426,0.08265,0.01166,0.03574,0.11947,0.03552,0.0032,3.7554,4.02077
821611,Jesus Lafalaise,TEX,25,floor,,,starter,MiLB (MLE),1.0,0.0,0.0,4.1,0.7,0.5,0.1,0.0,0.1,0.3,0.0,0.9,0.4,0.4,0.0,0.0,3.38,1.0,8.1,2.7,0.9,4.051,0.21427,0.08266,0.01166,0.02847,0.11946,0.03551,0.0032,3.37545,3.61397
687589,Dom Hamel,NYM,28,floor,,,reliever,MLB,1.0,0.0,0.0,4.3,0.9,0.6,0.2,0.0,0.1,0.4,0.1,0.9,0.5,0.5,0.0,0.0,4.15,1.3,8.1,3.6,0.9,4.288,0.21429,0.08269,0.02238,0.0317,0.13766,0.04346,0.00277,4.15451,4.67324
641871,Keynan Middleton,NYY,33,floor,,,reliever,MLB,1.0,0.0,0.0,4.2,0.9,0.6,0.2,0.0,0.1,0.4,0.0,1.0,0.4,0.5,0.0,0.0,3.76,1.3,9.0,3.6,0.9,4.206,0.24818,0.09045,0.00818,0.02931,0.13557,0.04068,0.00322,3.75742,4.22657
702129,Alex Pham,BAL,25,floor,,,reliever,MiLB (MLE),1.0,0.0,0.0,4.0,0.7,0.5,0.1,0.0,0.1,0.3,0.0,0.9,0.3,0.4,0.0,0.0,3.13,1.0,8.1,2.7,0.9,4.039,0.21405,0.08257,0.01167,0.02693,0.11908,0.0354,0.00319,3.12516,3.51537
815868,Tyler Renz,MIL,25,floor,,,starter,MiLB (MLE),1.0,0.0,0.0,4.1,0.7,0.5,0.1,0.0,0.1,0.3,0.0,0.9,0.4,0.4,0.0,0.0,3.48,1.0,8.1,2.7,0.9,4.061,0.21408,0.08258,0.01166,0.03073,0.11915,0.03542,0.00319,3.48251,3.7286
807993,Nicolas Carreno,NYM,25,floor,,,starter,MiLB (MLE),1.0,0.0,0.0,4.1,0.7,0.5,0.1,0.0,0.1,0.3,0.0,0.9,0.4,0.4,0.0,0.0,3.46,1.0,8.1,2.7,0.9,4.059,0.2141,0.08259,0.01166,0.03027,0.11917,0.03543,0.00319,3.45923,3.70367
488984,Tommy Hunter,NYM,40,floor,,,reliever,MLB,1.0,0.0,0.0,4.2,0.9,0.6,0.2,0.0,0.1,0.3,0.0,0.9,0.4,0.5,0.0,0.0,3.97,1.2,8.1,2.7,0.9,4.205,0.21381,0.07337,0.01053,0.03135,0.14502,0.04352,0.00344,3.96522,4.46031
694947,Jesus Rios,MIA,25,floor,,,reliever,MiLB (MLE),1.0,0.0,0.0,4.1,0.7,0.5,0.1,0.0,0.1,0.3,0.0,0.9,0.4,0.4,0.0,0.0,3.52,1.0,8.1,2.7,0.9,4.085,0.21414,0.08261,0.01166,0.03478,0.11927,0.03546,0.0032,3.51974,3.95922
802967,Benny Thompson,LAA,25,floor,,,reliever,MiLB (MLE),1.0,0.0,0.0,4.1,0.7,0.5,0.1,0.0,0.1,0.3,0.0,0.9,0.4,0.4,0.0,0.0,3.39,1.0,8.1,2.7,0.9,4.07,0.21415,0.08261,0.01166,0.03209,0.11927,0.03546,0.0032,3.38581,3.80856
695605,Travis Smith,MIL,25,floor,,,reliever,MiLB (MLE),1.0,0.0,0.0,4.1,0.7,0.5,0.1,0.0,0.1,0.3,0.0,0.9,0.4,0.4,0.0,0.0,3.6,1.0,8.1,2.7,0.9,4.095,0.21418,0.08262,0.01166,0.03631,0.11934,0.03548,0.0032,3.59896,4.04833
821253,Enderson Mercado,MIL,25,floor,,,starter,MiLB (MLE),1.0,0.0,0.0,4.1,0.7,0.5,0.1,0.0,0.1,0.3,0.0,0.9,0.4,0.4,0.0,0.0,3.52,1.0,8.1,2.7,0.9,4.067,0.21419,0.08263,0.01166,0.03137,0.11933,0.03548,0.0032,3.52152,3.77037
696064,Geison Urbaez,TOR,25,floor,,,reliever,MiLB (MLE),1.0,0.0,0.0,4.1,0.7,0.5,0.1,0.0,0.1,0.3,0.0,0.9,0.4,0.4,0.0,0.0,3.53,1.0,8.1,2.7,0.9,4.087,0.21419,0.08263,0.01166,0.03489,0.11934,0.03548,0.0032,3.52769,3.96816
804123,Joey Volini,MIA,25,floor,,,starter,MiLB (MLE),1.0,0.0,0.0,4.1,0.7,0.5,0.1,0.0,0.1,0.3,0.0,0.9,0.4,0.4,0.0,0.0,3.56,1.0,8.1,2.7,0.9,4.07,0.2142,0.08263,0.01166,0.03205,0.11935,0.03548,0.0032,3.55738,3.80876
820902,Carlos Carra,MIL,25,floor,,,starter,MiLB (MLE),1.0,0.0,0.0,4.1,0.7,0.5,0.1,0.0,0.1,0.3,0.0,0.9,0.4,0.4,0.0,0.0,3.65,1.0,8.1,2.7,0.9,4.08,0.21422,0.08264,0.01166,0.03373,0.11939,0.03549,0.0032,3.6467,3.90439
694504,Luke Savage,TEX,25,floor,,,reliever,MiLB (MLE),1.0,0.0,0.0,4.1,0.7,0.5,0.1,0.0,0.1,0.3,0.0,0.9,0.4,0.4,0.0,0.0,3.3,1.0,8.1,2.7,0.9,4.061,0.21422,0.08264,0.01166,0.03032,0.11937,0.03549,0.0032,3.30158,3.71382
833401,Ethan Storm,TB,25,floor,,,starter,MiLB (MLE),1.0,0.0,0.0,4.1,0.7,0.5,0.1,0.0,0.1,0.3,0.0,0.9,0.4,0.4,0.0,0.0,3.37,1.0,8.1,2.7,0.9,4.051,0.21423,0.08264,0.01166,0.02846,0.1194,0.03549,0.0032,3.37268,3.61101
621512,Tomás Nido,DET,33,floor,,,reliever,MLB,1.0,0.0,0.0,4.3,1.0,0.6,0.2,0.0,0.2,0.4,0.1,0.9,0.5,0.5,0.0,0.0,4.32,1.4,8.1,3.6,1.8,4.276,0.21424,0.08268,0.02238,0.0383,0.13018,0.04118,0.00399,4.32238,4.86207
668968,Hans Crouse,LAA,28,floor,,,reliever,MLB,1.0,0.0,0.0,4.3,0.9,0.5,0.2,0.0,0.2,0.5,0.1,1.1,0.5,0.5,0.0,0.0,4.27,1.4,9.9,4.5,1.8,4.299,0.24806,0.10843,0.01578,0.04068,0.11678,0.03785,0.00281,4.27381,4.80744
834971,Alex Wallace,TB,25,floor,,,starter,MiLB (MLE),1.0,0.0,0.0,4.1,0.7,0.5,0.1,0.0,0.1,0.3,0.0,0.9,0.4,0.4,0.0,0.0,3.61,1.0,8.1,2.7,0.9,4.075,0.21411,0.08259,0.01166,0.03309,0.11921,0.03544,0.00319,3.60712,3.86201
822412,Brett Sears,ATL,25,floor,,,starter,MiLB (MLE),1.0,0.0,0.0,4.0,0.7,0.5,0.1,0.0,0.1,0.3,0.0,0.8,0.3,0.4,0.0,0.0,3.12,1.0,7.2,2.7,0.9,4.002,0.21169,0.08157,0.01171,0.02607,0.11541,0.03431,0.00309,3.11924,3.33966
826315,Cole Hertzler,HOU,25,floor,,,reliever,MiLB (MLE),1.0,0.0,0.0,4.1,0.7,0.5,0.1,0.0,0.1,0.3,0.0,0.9,0.4,0.4,0.0,0.0,3.48,1.0,8.1,2.7,0.9,4.06,0.21172,0.08159,0.01171,0.03638,0.11548,0.03433,0.00309,3.47604,3.91006
686842,McKinley Moore,PHI,28,floor,,,reliever,MLB,1.0,0.0,0.0,4.4,0.9,0.6,0.2,0.0,0.1,0.4,0.1,0.9,0.5,0.5,0.0,0.0,4.31,1.3,8.1,3.6,0.9,4.385,0.21172,0.09573,0.02918,0.02959,0.13689,0.04108,0.00325,4.30875,4.84674
694989,Kelena Sauer,TOR,25,floor,,,reliever,MiLB (MLE),1.0,0.0,0.0,4.1,0.7,0.5,0.1,0.0,0.1,0.3,0.0,0.9,0.4,0.4,0.0,0.0,3.41,1.0,8.1,2.7,0.9,4.053,0.21173,0.08159,0.01171,0.03502,0.11548,0.03433,0.00309,3.40862,3.83421
682073,David Hensley,MIA,31,floor,,,reliever,MLB,1.0,0.0,0.0,4.3,0.8,0.6,0.1,0.0,0.1,0.4,0.1,0.9,0.4,0.5,0.0,0.0,3.81,1.2,8.1,3.6,0.9,4.274,0.21176,0.08571,0.02138,0.02663,0.14938,0.03287,0.00241,3.81148,4.28738
815063,Aidan Haugh,TB,25,floor,,,starter,MiLB (MLE),1.0,0.0,0.0,4.0,0.7,0.5,0.1,0.0,0.1,0.3,0.0,0.8,0.4,0.4,0.0,0.0,3.51,1.0,7.2,2.7,0.9,4.046,0.21176,0.0816,0.01171,0.03367,0.11553,0.03435,0.0031,3.51249,3.7607
622268,Donovan Walton,SF,33,floor,,,reliever,MLB,1.0,0.0,0.0,4.2,0.9,0.6,0.2,0.0,0.1,0.4,0.0,0.9,0.4,0.5,0.0,0.0,3.9,1.3,8.1,3.6,0.9,4.25,0.21178,0.08461,0.0098,0.0257,0.14675,0.04405,0.00363,3.89752,4.38417
809733,Connor Wietgrefe,PIT,25,floor,,,starter,MiLB (MLE),1.0,0.0,0.0,3.7,0.5,0.3,0.1,0.0,0.1,0.3,0.0,0.7,0.2,0.3,0.0,0.0,2.25,0.8,6.3,2.7,0.9,3.739,0.17976,0.06778,0.01199,0.02846,0.08508,0.02529,0.00228,2.24613,2.40485
807549,Ty Van Dyke,STL,25,floor,,,starter,MiLB (MLE),1.0,0.0,0.0,4.0,0.7,0.5,0.1,0.0,0.1,0.3,0.0,0.8,0.4,0.4,0.0,0.0,3.42,1.0,7.2,2.7,0.9,4.037,0.21183,0.08163,0.01171,0.0319,0.11563,0.03437,0.0031,3.42442,3.6664
656354,Austin Davis,SD,34,floor,,,reliever,MLB,1.0,0.0,0.0,4.4,0.9,0.6,0.2,0.0,0.1,0.5,0.1,1.0,0.5,0.5,0.0,0.0,4.06,1.4,9.0,4.5,0.9,4.369,0.22411,0.10704,0.02139,0.02541,0.13566,0.0411,0.00267,4.06371,4.5711
814482,Peyton Stumbo,PIT,25,floor,,,starter,MiLB (MLE),1.0,0.0,0.0,3.8,0.6,0.3,0.1,0.0,0.2,0.3,0.0,0.7,0.3,0.3,0.0,0.0,2.86,0.9,6.3,2.7,1.8,3.819,0.18347,0.0694,0.01197,0.03951,0.08789,0.02613,0.00236,2.85941,3.06147
476595,Lucas Luetge,ATL,40,floor,,,reliever,MLB,1.0,0.0,0.0,4.2,0.9,0.6,0.2,0.0,0.1,0.3,0.1,0.9,0.4,0.5,0.0,0.0,3.93,1.2,8.1,2.7,0.9,4.233,0.22431,0.08178,0.0152,0.03015,0.13946,0.04185,0.00331,3.93067,4.42145
666207,Riley Pint,COL,29,floor,,,reliever,MLB,1.0,0.0,0.0,4.4,0.9,0.6,0.2,0.0,0.1,0.5,0.1,1.0,0.5,0.5,0.0,0.0,4.13,1.4,9.0,4.5,0.9,4.391,0.22434,0.10518,0.02755,0.02723,0.13736,0.03634,0.00295,4.13489,4.65117
458681,Lance Lynn,STL,40,floor,,,starter,MLB,1.0,0.0,0.0,4.2,0.9,0.6,0.2,0.0,0.1,0.3,0.1,0.9,0.5,0.5,0.0,0.0,4.32,1.2,8.1,2.7,0.9,4.237,0.2244,0.07582,0.01279,0.03162,0.14066,0.0474,0.00415,4.31609,4.62109
804973,Manuel Rodriguez,MIL,25,floor,,,starter,MiLB (MLE),1.0,0.0,0.0,3.8,0.6,0.3,0.1,0.0,0.2,0.3,0.0,0.7,0.3,0.4,0.0,0.0,3.1,0.9,6.3,2.7,1.8,3.827,0.17972,0.06777,0.01199,0.04641,0.08507,0.02529,0.00228,3.09543,3.31416
664074,Cody Ponce,TOR,33,floor,,,reliever,MLB,1.0,0.0,0.0,4.2,0.9,0.6,0.2,0.0,0.1,0.4,0.0,0.9,0.4,0.4,0.0,0.0,3.59,1.3,8.1,3.6,0.9,4.23,0.22448,0.08601,0.01002,0.01976,0.15039,0.04173,0.00339,3.59209,4.0406
621295,Nick Wittgren,KC,36,floor,,,reliever,MLB,1.0,0.0,0.0,4.4,0.9,0.6,0.2,0.0,0.1,0.4,0.1,0.8,0.5,0.6,0.0,0.0,4.49,1.3,7.2,3.6,0.9,4.37,0.17941,0.08355,0.02355,0.03178,0.147,0.04411,0.00349,4.48849,5.04892
689981,River Ryan,LAD,28,floor,,,starter,MLB,1.0,0.0,0.0,4.3,0.9,0.6,0.2,0.0,0.1,0.4,0.0,1.0,0.5,0.5,0.0,0.0,4.19,1.3,9.0,3.6,0.9,4.261,0.2246,0.09642,0.00496,0.02952,0.13903,0.04274,0.00362,4.1878,4.48373
678316,Omar Cruz,SD,28,floor,,,reliever,MLB,1.0,0.0,0.0,4.3,0.9,0.6,0.2,0.0,0.1,0.4,0.0,1.0,0.4,0.5,0.0,0.0,3.77,1.3,9.0,3.6,0.9,4.255,0.22463,0.09185,0.0092,0.02477,0.14764,0.03883,0.00314,3.77144,4.24234
703469,Jackson Humphries,CLE,25,floor,,,reliever,MiLB (MLE),1.0,0.0,0.0,4.0,0.7,0.5,0.1,0.0,0.1,0.3,0.0,0.8,0.4,0.4,0.0,0.0,3.2,1.0,7.2,2.7,0.9,4.027,0.21152,0.0815,0.01172,0.03091,0.11517,0.03424,0.00309,3.19625,3.59533
800045,Anthony Cruz,HOU,25,floor,,,reliever,MiLB (MLE),1.0,0.0,0.0,4.1,0.8,0.5,0.1,0.0,0.2,0.3,0.0,0.9,0.4,0.4,0.0,0.0,3.5,1.1,8.1,2.7,1.8,4.061,0.21156,0.08152,0.01171,0.03693,0.11525,0.03426,0.00309,3.49577,3.93225
660261,Shintaro Fujinami,BAL,33,floor,,,reliever,MLB,1.0,0.0,0.0,4.4,0.9,0.5,0.2,0.0,0.2,0.5,0.1,1.0,0.5,0.6,0.0,0.0,4.47,1.4,9.0,4.5,1.8,4.363,0.22416,0.10892,0.01845,0.03588,0.11821,0.04802,0.00291,4.46812,5.026
666748,Mitch Neunborn,PHI,25,floor,,,reliever,MiLB (MLE),1.0,0.0,0.0,4.0,0.7,0.5,0.1,0.0,0.1,0.3,0.0,0.8,0.4,0.4,0.0,0.0,3.27,1.0,7.2,2.7,0.9,4.038,0.21185,0.08164,0.01171,0.03205,0.11565,0.03438,0.0031,3.26754,3.67552
822038,Ryan Lambert,NYM,25,floor,,,reliever,MiLB (MLE),1.0,0.0,0.0,4.0,0.7,0.5,0.1,0.0,0.1,0.3,0.0,0.8,0.4,0.4,0.0,0.0,3.27,1.0,7.2,2.7,0.9,4.038,0.21185,0.08164,0.01171,0.03205,0.11565,0.03438,0.0031,3.26754,3.67552
595978,Austin Hedges,CLE,34,floor,,,reliever,MLB,1.0,0.0,0.0,4.3,0.9,0.6,0.2,0.0,0.1,0.3,0.1,0.8,0.5,0.5,0.0,0.0,4.3,1.2,7.2,2.7,0.9,4.266,0.18413,0.07404,0.01394,0.03413,0.146,0.0455,0.00357,4.30241,4.8396
805272,Luke Young,WSH,25,floor,,,reliever,MiLB (MLE),1.0,0.0,0.0,4.0,0.7,0.5,0.1,0.0,0.1,0.3,0.0,0.8,0.3,0.4,0.0,0.0,3.08,1.0,7.2,2.7,0.9,4.016,0.21186,0.08164,0.01171,0.02811,0.11566,0.03438,0.0031,3.0751,3.45906
571912,Luke Maile,CIN,36,floor,,,reliever,MLB,1.0,0.0,0.0,4.2,0.9,0.6,0.2,0.0,0.1,0.3,0.0,0.8,0.4,0.5,0.0,0.0,4.02,1.2,7.2,2.7,0.9,4.232,0.18409,0.07513,0.00693,0.02689,0.14959,0.0496,0.00347,4.01769,4.51934
663989,Nick Vespi,BAL,31,floor,,,reliever,MLB,1.0,0.0,0.0,4.2,0.9,0.6,0.2,0.0,0.1,0.3,0.0,0.9,0.4,0.5,0.0,0.0,3.92,1.2,8.1,2.7,0.9,4.202,0.21187,0.0741,0.00983,0.0289,0.14331,0.04766,0.00299,3.91551,4.40439
694536,Trent Baker,MIN,25,floor,,,reliever,MiLB (MLE),1.0,0.0,0.0,3.8,0.5,0.3,0.1,0.0,0.1,0.3,0.0,0.7,0.3,0.3,0.0,0.0,2.54,0.8,6.3,2.7,0.9,3.801,0.18393,0.0696,0.01197,0.03519,0.08824,0.02623,0.00236,2.5365,2.85321
699703,Saul Teran,PHI,25,floor,,,reliever,MiLB (MLE),1.0,0.0,0.0,4.1,0.8,0.5,0.1,0.0,0.2,0.3,0.0,0.9,0.4,0.5,0.0,0.0,3.63,1.1,8.1,2.7,1.8,4.079,0.21193,0.08168,0.01171,0.03923,0.1158,0.03442,0.0031,3.6285,4.08155
606115,Orlando Arcia,MIN,32,floor,,,reliever,MLB,1.0,0.0,0.0,4.3,0.9,0.6,0.2,0.0,0.1,0.4,0.0,0.9,0.5,0.5,0.0,0.0,4.17,1.3,8.1,3.6,0.9,4.298,0.21196,0.09576,0.01013,0.0326,0.14011,0.04056,0.00312,4.17432,4.69552
804502,Dawson Brown,ARI,25,floor,,,reliever,MiLB (MLE),1.0,0.0,0.0,4.0,0.7,0.5,0.1,0.0,0.1,0.3,0.0,0.8,0.4,0.4,0.0,0.0,3.22,1.0,7.2,2.7,0.9,4.033,0.21196,0.08169,0.01171,0.03103,0.11581,0.03443,0.0031,3.22265,3.62503
656726,Sam McWilliams,BOS,25,floor,,,reliever,MiLB (MLE),1.0,0.0,0.0,4.0,0.7,0.5,0.1,0.0,0.1,0.3,0.0,0.8,0.4,0.4,0.0,0.0,3.26,1.0,7.2,2.7,0.9,4.035,0.21167,0.08157,0.01171,0.03198,0.1154,0.03431,0.00309,3.25573,3.66224
572403,Drew VerHagen,STL,36,floor,,,reliever,MLB,1.0,0.0,0.0,4.4,0.9,0.6,0.2,0.0,0.1,0.4,0.1,0.9,0.5,0.5,0.0,0.0,4.24,1.3,8.1,3.6,0.9,4.363,0.21204,0.09752,0.02452,0.02953,0.13659,0.04099,0.00324,4.23974,4.76911
685310,Braden Scott,ATL,25,floor,,,starter,MiLB (MLE),1.0,0.0,0.0,4.0,0.7,0.5,0.1,0.0,0.1,0.3,0.0,0.8,0.4,0.4,0.0,0.0,3.46,1.0,7.2,2.7,0.9,4.043,0.21206,0.08173,0.01171,0.03244,0.11597,0.03448,0.00311,3.46419,3.70898
669183,Grant Gambrell,KC,25,floor,,,starter,MiLB (MLE),1.0,0.0,0.0,4.1,0.7,0.5,0.1,0.0,0.1,0.3,0.0,0.9,0.4,0.4,0.0,0.0,3.61,1.0,8.1,2.7,0.9,4.058,0.21206,0.08173,0.01171,0.03518,0.11597,0.03447,0.00311,3.60613,3.86096
694345,Patrick Reilly,BAL,25,floor,,,starter,MiLB (MLE),1.0,0.0,0.0,4.1,0.7,0.5,0.1,0.0,0.1,0.3,0.0,0.9,0.4,0.4,0.0,0.0,3.61,1.0,8.1,2.7,0.9,4.058,0.21206,0.08173,0.01171,0.03518,0.11597,0.03447,0.00311,3.60613,3.86096
800452,Jose Chirinos,NYM,25,floor,,,starter,MiLB (MLE),1.0,0.0,0.0,4.0,0.7,0.5,0.1,0.0,0.1,0.3,0.0,0.8,0.4,0.4,0.0,0.0,3.41,1.0,7.2,2.7,0.9,4.033,0.21158,0.08153,0.01172,0.03179,0.11526,0.03426,0.00309,3.40645,3.64717
663967,César Salazar,HOU,31,floor,,,reliever,MLB,1.0,0.0,0.0,4.3,0.9,0.6,0.2,0.0,0.1,0.4,0.1,0.9,0.5,0.5,0.0,0.0,4.1,1.3,8.1,3.6,0.9,4.29,0.21159,0.08165,0.02187,0.02987,0.14298,0.04159,0.00305,4.09869,4.61045
699106,Reynardo Cruz,CIN,25,floor,,,starter,MiLB (MLE),1.0,0.0,0.0,4.0,0.7,0.5,0.1,0.0,0.1,0.3,0.0,0.8,0.4,0.4,0.0,0.0,3.46,1.0,7.2,2.7,0.9,4.038,0.21164,0.08155,0.01171,0.03268,0.11535,0.03429,0.00309,3.45511,3.69926
650671,José Quijada,LAA,31,floor,,,reliever,MLB,1.0,0.0,0.0,4.4,0.9,0.6,0.2,0.0,0.1,0.5,0.1,1.1,0.4,0.5,0.0,0.0,3.85,1.4,9.9,4.5,0.9,4.355,0.25105,0.11828,0.01844,0.02436,0.13122,0.03635,0.0024,3.84759,4.328
656924,Ryder Ryan,PIT,32,floor,,,reliever,MLB,1.0,0.0,0.0,4.3,0.9,0.6,0.2,0.0,0.1,0.4,0.1,0.9,0.5,0.5,0.0,0.0,4.28,1.3,8.1,3.6,0.9,4.326,0.21165,0.09037,0.02243,0.03117,0.13208,0.04717,0.00334,4.28111,4.81564
803349,Herick Hernandez,ATL,25,floor,,,starter,MiLB (MLE),1.0,0.0,0.0,4.0,0.7,0.5,0.1,0.0,0.1,0.3,0.0,0.8,0.4,0.4,0.0,0.0,3.42,1.0,7.2,2.7,0.9,4.035,0.21167,0.08157,0.01171,0.03198,0.1154,0.03431,0.00309,3.42053,3.66224
822535,Garrett Gainey,TB,25,floor,,,reliever,MiLB (MLE),1.0,0.0,0.0,4.1,0.7,0.5,0.1,0.0,0.1,0.3,0.0,0.9,0.4,0.4,0.0,0.0,3.44,1.0,8.1,2.7,0.9,4.059,0.21201,0.08171,0.01171,0.03544,0.1159,0.03445,0.00311,3.44261,3.87245
805664,Brody McCullough,CHC,25,floor,,,starter,MiLB (MLE),1.0,0.0,0.0,4.0,0.7,0.5,0.1,0.0,0.1,0.3,0.0,0.8,0.4,0.4,0.0,0.0,3.33,1.0,7.2,2.7,0.9,4.022,0.21118,0.08136,0.01172,0.03071,0.11469,0.0341,0.00307,3.33185,3.56729
687122,Sam Highfill,PHI,25,floor,,,reliever,MiLB (MLE),1.0,0.0,0.0,4.0,0.7,0.5,0.1,0.0,0.1,0.3,0.0,0.8,0.4,0.4,0.0,0.0,3.38,1.0,7.2,2.7,0.9,4.046,0.21118,0.08136,0.01172,0.03504,0.11471,0.0341,0.00307,3.38413,3.80667
642758,Domingo Acevedo,OAK,33,floor,,,reliever,MLB,1.0,0.0,0.0,4.2,0.9,0.6,0.2,0.0,0.1,0.3,0.1,0.9,0.4,0.5,0.0,0.0,3.98,1.2,8.1,2.7,0.9,4.213,0.2112,0.07346,0.01271,0.03122,0.14443,0.04334,0.00343,3.98157,4.47871
670871,Guillo Zuñiga,LAA,28,floor,,,reliever,MLB,1.0,0.0,0.0,4.3,1.0,0.6,0.2,0.0,0.2,0.4,0.0,0.9,0.5,0.5,0.0,0.0,4.28,1.4,8.1,3.6,1.8,4.27,0.21121,0.09116,0.01146,0.03794,0.13178,0.04235,0.00306,4.2844,4.81935
823909,Derek Clark,LAA,25,floor,,,starter,MiLB (MLE),1.0,0.0,0.0,4.0,0.7,0.5,0.1,0.0,0.1,0.3,0.0,0.8,0.4,0.4,0.0,0.0,3.59,1.0,7.2,2.7,0.9,4.05,0.21122,0.08138,0.01172,0.03565,0.11476,0.03412,0.00308,3.58895,3.84256
800573,Victor Cabreja,PIT,25,floor,,,reliever,MiLB (MLE),1.0,0.0,0.0,4.1,0.7,0.5,0.1,0.0,0.1,0.3,0.0,0.9,0.4,0.4,0.0,0.0,3.43,1.0,8.1,2.7,0.9,4.052,0.21124,0.08139,0.01172,0.03592,0.1148,0.03413,0.00308,3.43065,3.859
805702,Jogly García,CLE,25,floor,,,reliever,MiLB (MLE),1.0,0.0,0.0,4.0,0.7,0.5,0.1,0.0,0.1,0.3,0.0,0.8,0.4,0.4,0.0,0.0,3.35,1.0,7.2,2.7,0.9,4.042,0.21125,0.08139,0.01172,0.03421,0.1148,0.03413,0.00308,3.34657,3.76442
828412,Zachary Redner,LAA,25,floor,,,reliever,MiLB (MLE),1.0,0.0,0.0,4.0,0.7,0.5,0.1,0.0,0.1,0.3,0.0,0.8,0.3,0.4,0.0,0.0,3.15,1.0,7.2,2.7,0.9,4.016,0.21075,0.08117,0.01173,0.0306,0.11409,0.03392,0.00306,3.1467,3.5396
803035,Riley Gowens,CWS,25,floor,,,reliever,MiLB (MLE),1.0,0.0,0.0,4.0,0.7,0.5,0.1,0.0,0.1,0.3,0.0,0.8,0.4,0.4,0.0,0.0,3.29,1.0,7.2,2.7,0.9,4.032,0.21079,0.08119,0.01173,0.03354,0.11415,0.03394,0.00306,3.2926,3.70371
815088,Jacob Frost,LAD,25,floor,,,reliever,MiLB (MLE),1.0,0.0,0.0,4.0,0.7,0.5,0.1,0.0,0.1,0.3,0.0,0.8,0.4,0.4,0.0,0.0,3.19,1.0,7.2,2.7,0.9,4.021,0.21081,0.0812,0.01173,0.03147,0.11418,0.03394,0.00306,3.19198,3.59053
805699,Yeiber Cartaya,BAL,25,floor,,,starter,MiLB (MLE),1.0,0.0,0.0,4.0,0.7,0.5,0.1,0.0,0.1,0.3,0.0,0.8,0.4,0.4,0.0,0.0,3.27,1.0,7.2,2.7,0.9,4.018,0.21158,0.08153,0.01172,0.02922,0.11526,0.03427,0.00309,3.27472,3.50612
695771,Jacob Kmatz,LAD,25,floor,,,reliever,MiLB (MLE),1.0,0.0,0.0,4.0,0.7,0.5,0.1,0.0,0.1,0.3,0.0,0.8,0.4,0.4,0.0,0.0,3.35,1.0,7.2,2.7,0.9,4.039,0.21083,0.08121,0.01173,0.0346,0.11422,0.03395,0.00306,3.34664,3.7645
806265,Blake Wolters,KC,25,floor,,,starter,MiLB (MLE),1.0,0.0,0.0,4.1,0.8,0.5,0.1,0.0,0.2,0.3,0.0,0.9,0.4,0.4,0.0,0.0,3.71,1.1,8.1,2.7,1.8,4.06,0.21085,0.08122,0.01173,0.03827,0.11426,0.03397,0.00306,3.7083,3.97035
800624,Ben Jacobs,DET,25,floor,,,starter,MiLB (MLE),1.0,0.0,0.0,4.0,0.7,0.5,0.1,0.0,0.1,0.3,0.0,0.8,0.4,0.4,0.0,0.0,3.4,1.0,7.2,2.7,0.9,4.027,0.21087,0.08123,0.01173,0.03234,0.11427,0.03397,0.00306,3.40135,3.64171
827293,Cade Vernon,SF,25,floor,,,reliever,MiLB (MLE),1.0,0.0,0.0,4.0,0.7,0.5,0.1,0.0,0.1,0.3,0.0,0.8,0.3,0.4,0.0,0.0,3.03,1.0,7.2,2.7,0.9,4.003,0.21088,0.08123,0.01173,0.02811,0.11427,0.03397,0.00306,3.03166,3.41019
664238,Dylan Moore,PHI,34,floor,,,reliever,MLB,1.0,0.0,0.0,4.3,0.9,0.6,0.2,0.0,0.1,0.4,0.1,0.9,0.5,0.5,0.0,0.0,4.11,1.3,8.1,3.6,0.9,4.312,0.21089,0.08689,0.02187,0.02408,0.13444,0.05331,0.00391,4.10932,4.62241
655316,Andruw Monasterio,BOS,30,floor,,,reliever,MLB,1.0,0.0,0.0,4.3,0.9,0.6,0.2,0.0,0.1,0.4,0.0,0.9,0.4,0.5,0.0,0.0,4.0,1.3,8.1,3.6,0.9,4.294,0.2109,0.09791,0.01024,0.02397,0.13455,0.05146,0.0034,3.99796,4.49714
663494,Bryan Torres,STL,29,floor,,,reliever,MLB,1.0,0.0,0.0,4.3,1.0,0.6,0.2,0.0,0.2,0.4,0.0,0.9,0.5,0.5,0.0,0.0,4.32,1.4,8.1,3.6,1.8,4.263,0.21092,0.0869,0.01025,0.03889,0.13496,0.04212,0.00353,4.32459,4.86456
800283,Enrique Segura,TEX,25,floor,,,reliever,MiLB (MLE),1.0,0.0,0.0,4.1,0.8,0.5,0.1,0.0,0.2,0.3,0.0,0.9,0.4,0.4,0.0,0.0,3.53,1.1,8.1,2.7,1.8,4.061,0.21092,0.08125,0.01173,0.03831,0.11435,0.03399,0.00306,3.53426,3.97554
673820,Robinson Piña,TOR,28,floor,,,reliever,MLB,1.0,0.0,0.0,4.2,0.9,0.6,0.2,0.0,0.1,0.4,0.0,0.9,0.4,0.5,0.0,0.0,3.91,1.3,8.1,3.6,0.9,4.249,0.21098,0.0843,0.00959,0.02585,0.14552,0.04577,0.00331,3.91358,4.40223
642086,Dominic Smith,BOS,32,floor,,,reliever,MLB,1.0,0.0,0.0,4.3,0.9,0.6,0.2,0.0,0.1,0.4,0.0,0.9,0.4,0.5,0.0,0.0,3.95,1.3,8.1,3.6,0.9,4.255,0.211,0.0854,0.00991,0.02685,0.14463,0.04522,0.00332,3.95334,4.44695
699782,Beau Blanchard,CIN,25,floor,,,starter,MiLB (MLE),1.0,0.0,0.0,4.1,0.8,0.5,0.1,0.0,0.2,0.3,0.0,0.9,0.4,0.5,0.0,0.0,3.8,1.1,8.1,2.7,1.8,4.069,0.21081,0.0812,0.01173,0.03997,0.11421,0.03395,0.00306,3.79541,4.0636
805266,Jacob Bimbi,PIT,25,floor,,,reliever,MiLB (MLE),1.0,0.0,0.0,4.0,0.7,0.5,0.1,0.0,0.1,0.3,0.0,0.8,0.3,0.4,0.0,0.0,3.1,1.0,7.2,2.7,0.9,4.014,0.21127,0.08139,0.01172,0.0291,0.11481,0.03413,0.00308,3.09666,3.48331
681041,Marcelo Perez,SEA,25,floor,,,reliever,MiLB (MLE),1.0,0.0,0.0,4.0,0.7,0.5,0.1,0.0,0.1,0.3,0.0,0.8,0.4,0.4,0.0,0.0,3.31,1.0,7.2,2.7,0.9,4.038,0.21128,0.0814,0.01172,0.03346,0.11485,0.03414,0.00308,3.31086,3.72425
702484,Jackson Cox,COL,25,floor,,,starter,MiLB (MLE),1.0,0.0,0.0,4.0,0.7,0.5,0.1,0.0,0.1,0.3,0.0,0.8,0.4,0.4,0.0,0.0,3.48,1.0,7.2,2.7,0.9,4.038,0.21128,0.0814,0.01172,0.03346,0.11485,0.03414,0.00308,3.47845,3.72425
669450,Cooper Hummel,HOU,32,floor,,,reliever,MLB,1.0,0.0,0.0,4.3,0.9,0.6,0.2,0.0,0.1,0.4,0.1,0.9,0.5,0.5,0.0,0.0,4.2,1.3,8.1,3.6,0.9,4.289,0.2113,0.08154,0.02163,0.03266,0.13847,0.04359,0.00291,4.20392,4.72882
641582,Matt Foster,CWS,32,floor,,,reliever,MLB,1.0,0.0,0.0,4.3,0.9,0.6,0.2,0.0,0.1,0.4,0.0,0.9,0.4,0.5,0.0,0.0,3.93,1.3,8.1,3.6,0.9,4.259,0.21131,0.09271,0.00298,0.0279,0.14879,0.04086,0.00279,3.93092,4.42173
833439,Peyton Fosher,MIA,25,floor,,,reliever,MiLB (MLE),1.0,0.0,0.0,4.0,0.7,0.5,0.1,0.0,0.1,0.3,0.0,0.8,0.4,0.4,0.0,0.0,3.31,1.0,7.2,2.7,0.9,4.038,0.21132,0.08142,0.01172,0.03339,0.11489,0.03416,0.00308,3.309,3.72216
669142,Tanner Burns,CLE,25,floor,,,reliever,MiLB (MLE),1.0,0.0,0.0,4.0,0.7,0.5,0.1,0.0,0.1,0.3,0.0,0.8,0.3,0.4,0.0,0.0,3.14,1.0,7.2,2.7,0.9,4.019,0.21133,0.08142,0.01172,0.02987,0.1149,0.03416,0.00308,3.13698,3.52866
676609,José Caballero,TB,30,floor,,,reliever,MLB,1.0,0.0,0.0,4.3,1.0,0.6,0.2,0.0,0.2,0.4,0.0,0.9,0.5,0.5,0.0,0.0,4.31,1.4,8.1,3.6,1.8,4.262,0.21133,0.08624,0.01013,0.03841,0.1353,0.04317,0.0032,4.31294,4.85145
677334,T.J. Fondtain,TB,25,floor,,,reliever,MiLB (MLE),1.0,0.0,0.0,4.0,0.7,0.5,0.1,0.0,0.1,0.3,0.0,0.8,0.4,0.4,0.0,0.0,3.25,1.0,7.2,2.7,0.9,4.032,0.2114,0.08145,0.01172,0.03215,0.11501,0.03419,0.00308,3.25203,3.65807
687825,Tyler Santana,CHC,25,floor,,,reliever,MiLB (MLE),1.0,0.0,0.0,4.1,0.8,0.5,0.1,0.0,0.2,0.3,0.0,0.9,0.4,0.5,0.0,0.0,3.73,1.1,8.1,2.7,1.8,4.088,0.21147,0.08148,0.01172,0.0417,0.11513,0.03423,0.00309,3.73045,4.19623
701617,Ian Koenig,SD,25,floor,,,starter,MiLB (MLE),1.0,0.0,0.0,4.0,0.7,0.5,0.1,0.0,0.1,0.3,0.0,0.8,0.4,0.4,0.0,0.0,3.18,1.0,7.2,2.7,0.9,4.005,0.21116,0.08135,0.01172,0.02785,0.11465,0.03408,0.00307,3.1847,3.40975
689433,Derrick Edington,TB,25,floor,,,reliever,MiLB (MLE),1.0,0.0,0.0,4.0,0.7,0.5,0.1,0.0,0.1,0.3,0.0,0.8,0.4,0.4,0.0,0.0,3.19,1.0,7.2,2.7,0.9,4.027,0.21152,0.0815,0.01172,0.03084,0.11517,0.03424,0.00309,3.19314,3.59184
700933,Chris Cortez,LAA,25,floor,,,reliever,MiLB (MLE),1.0,0.0,0.0,4.0,0.7,0.5,0.1,0.0,0.1,0.3,0.0,0.8,0.3,0.4,0.0,0.0,3.06,1.0,7.2,2.7,0.9,4.012,0.21152,0.0815,0.01172,0.02813,0.11517,0.03424,0.00309,3.06118,3.44339
823793,Eric Loomis,TEX,25,floor,,,reliever,MiLB (MLE),1.0,0.0,0.0,4.0,0.7,0.5,0.1,0.0,0.1,0.3,0.0,0.8,0.4,0.4,0.0,0.0,3.19,1.0,7.2,2.7,0.9,4.027,0.21152,0.0815,0.01172,0.03084,0.11517,0.03424,0.00309,3.19314,3.59184
701512,Tucker Novotny,OAK,25,floor,,,reliever,MiLB (MLE),1.0,0.0,0.0,4.0,0.7,0.5,0.1,0.0,0.1,0.3,0.0,0.8,0.3,0.4,0.0,0.0,3.12,1.0,7.2,2.7,0.9,4.015,0.21101,0.08128,0.01173,0.02985,0.11445,0.03402,0.00307,3.12179,3.51158
686632,Steven Zobac,KC,25,floor,,,reliever,MiLB (MLE),1.0,0.0,0.0,4.0,0.7,0.5,0.1,0.0,0.1,0.3,0.0,0.8,0.4,0.4,0.0,0.0,3.43,1.0,7.2,2.7,0.9,4.05,0.21105,0.0813,0.01172,0.03605,0.11453,0.03405,0.00307,3.42838,3.85644
690229,LJ McDonough,ATL,25,floor,,,reliever,MiLB (MLE),1.0,0.0,0.0,4.0,0.7,0.5,0.1,0.0,0.1,0.3,0.0,0.8,0.4,0.4,0.0,0.0,3.16,1.0,7.2,2.7,0.9,4.02,0.21107,0.08131,0.01172,0.03066,0.11454,0.03405,0.00307,3.16411,3.55918
685481,Moises Rodriguez,DET,25,floor,,,reliever,MiLB (MLE),1.0,0.0,0.0,4.0,0.7,0.5,0.1,0.0,0.1,0.3,0.0,0.8,0.3,0.4,0.0,0.0,3.03,1.0,7.2,2.7,0.9,4.005,0.21108,0.08131,0.01173,0.02797,0.11454,0.03405,0.00307,3.03342,3.41217
679057,Mason Green,COL,25,floor,,,reliever,MiLB (MLE),1.0,0.0,0.0,3.7,0.5,0.3,0.1,0.0,0.1,0.2,0.0,0.7,0.2,0.2,0.0,0.0,1.99,0.7,6.3,1.8,0.9,3.72,0.17895,0.06743,0.012,0.02559,0.08448,0.02511,0.00226,1.99424,2.24324
804912,Mason Vinyard,MIA,25,floor,,,reliever,MiLB (MLE),1.0,0.0,0.0,4.0,0.7,0.5,0.1,0.0,0.1,0.3,0.0,0.8,0.4,0.4,0.0,0.0,3.22,1.0,7.2,2.7,0.9,4.027,0.21115,0.08134,0.01172,0.03175,0.11465,0.03408,0.00307,3.22076,3.62291
814783,Casey Anderson,ARI,25,floor,,,reliever,MiLB (MLE),1.0,0.0,0.0,4.0,0.7,0.5,0.1,0.0,0.1,0.3,0.0,0.8,0.3,0.4,0.0,0.0,3.13,1.0,7.2,2.7,0.9,4.016,0.21115,0.08135,0.01172,0.0298,0.11465,0.03408,0.00307,3.12576,3.51604
809223,Tzu-Chen Sha,OAK,25,floor,,,reliever,MiLB (MLE),1.0,0.0,0.0,4.0,0.7,0.5,0.1,0.0,0.1,0.3,0.0,0.8,0.4,0.4,0.0,0.0,3.36,1.0,7.2,2.7,0.9,4.046,0.21151,0.0815,0.01172,0.03433,0.11516,0.03424,0.00309,3.36418,3.78423
502171,Alex Cobb,CLE,39,floor,,,starter,MLB,1.0,0.0,0.0,4.2,0.9,0.6,0.2,0.0,0.1,0.3,0.0,0.9,0.5,0.5,0.0,0.0,4.15,1.2,8.1,2.7,0.9,4.174,0.21282,0.06665,0.00713,0.03049,0.14527,0.04851,0.00413,4.14771,4.44081
694551,Aaron Combs,PHI,25,floor,,,reliever,MiLB (MLE),1.0,0.0,0.0,4.1,0.7,0.5,0.1,0.0,0.1,0.3,0.0,0.9,0.4,0.4,0.0,0.0,3.35,1.0,8.1,2.7,0.9,4.055,0.21282,0.08205,0.01169,0.03279,0.11712,0.03482,0.00314,3.35153,3.77
804905,Evan Siary,TEX,25,floor,,,starter,MiLB (MLE),1.0,0.0,0.0,4.0,0.7,0.5,0.1,0.0,0.1,0.3,0.0,0.9,0.4,0.4,0.0,0.0,3.47,1.0,8.1,2.7,0.9,4.05,0.21282,0.08205,0.01169,0.03188,0.1171,0.03481,0.00314,3.47343,3.71888
621368,Taylor Hearn,KC,32,floor,,,reliever,MLB,1.0,0.0,0.0,4.3,0.9,0.6,0.2,0.0,0.1,0.4,0.0,0.9,0.5,0.5,0.0,0.0,4.1,1.3,8.1,3.6,0.9,4.278,0.21284,0.0936,0.00656,0.03072,0.14212,0.04265,0.00337,4.09653,4.60802
680770,Chance Huff,WSH,25,floor,,,reliever,MiLB (MLE),1.0,0.0,0.0,4.0,0.7,0.5,0.1,0.0,0.1,0.3,0.0,0.9,0.3,0.4,0.0,0.0,3.15,1.0,8.1,2.7,0.9,4.032,0.21284,0.08206,0.01169,0.02863,0.11713,0.03482,0.00314,3.1472,3.54016
694805,Kyle Carr,NYY,25,floor,,,reliever,MiLB (MLE),1.0,0.0,0.0,4.1,0.8,0.5,0.1,0.0,0.2,0.3,0.0,0.9,0.4,0.5,0.0,0.0,3.64,1.1,8.1,2.7,1.8,4.088,0.21285,0.08207,0.01169,0.03854,0.11718,0.03484,0.00314,3.63967,4.09411
663704,James McArthur,KC,30,floor,,,reliever,MLB,1.0,0.0,0.0,4.2,0.9,0.6,0.2,0.0,0.1,0.3,0.1,0.9,0.4,0.5,0.0,0.0,3.84,1.2,8.1,2.7,0.9,4.15,0.21286,0.06473,0.01198,0.02951,0.13858,0.0488,0.00448,3.8356,4.31451
800067,Jose Fleury,HOU,25,floor,,,reliever,MiLB (MLE),1.0,0.0,0.0,4.1,0.7,0.5,0.1,0.0,0.1,0.3,0.0,0.9,0.4,0.4,0.0,0.0,3.34,1.0,8.1,2.7,0.9,4.054,0.21287,0.08207,0.01169,0.03251,0.11719,0.03484,0.00314,3.34002,3.75706
692589,Victor Juarez,COL,25,floor,,,reliever,MiLB (MLE),1.0,0.0,0.0,4.1,0.7,0.5,0.1,0.0,0.1,0.3,0.0,0.9,0.4,0.4,0.0,0.0,3.34,1.0,8.1,2.7,0.9,4.054,0.21287,0.08207,0.01169,0.03251,0.11719,0.03484,0.00314,3.34002,3.75706
811666,Daniel Eagen,STL,25,floor,,,starter,MiLB (MLE),1.0,0.0,0.0,3.8,0.6,0.3,0.1,0.0,0.2,0.3,0.0,0.7,0.3,0.3,0.0,0.0,2.94,0.9,6.3,2.7,1.8,3.827,0.18324,0.0693,0.01197,0.04134,0.08772,0.02608,0.00235,2.94194,3.14983
669081,Jack Dashwood,HOU,25,floor,,,reliever,MiLB (MLE),1.0,0.0,0.0,4.1,0.7,0.5,0.1,0.0,0.1,0.3,0.0,0.9,0.4,0.4,0.0,0.0,3.38,1.0,8.1,2.7,0.9,4.054,0.21228,0.08182,0.0117,0.03392,0.11629,0.03457,0.00312,3.38039,3.80246
683636,Juan Carela,CWS,25,floor,,,starter,MiLB (MLE),1.0,0.0,0.0,4.1,0.7,0.5,0.1,0.0,0.1,0.3,0.0,0.9,0.4,0.4,0.0,0.0,3.57,1.0,8.1,2.7,0.9,4.057,0.2125,0.08191,0.0117,0.03402,0.11662,0.03467,0.00313,3.56811,3.82024
701370,JeanPierre Ortiz,CIN,25,floor,,,starter,MiLB (MLE),1.0,0.0,0.0,4.0,0.7,0.5,0.1,0.0,0.1,0.3,0.0,0.9,0.4,0.4,0.0,0.0,3.43,1.0,8.1,2.7,0.9,4.043,0.21252,0.08192,0.0117,0.03133,0.11665,0.03468,0.00313,3.42974,3.6721
814392,Xavier Rivas,NYY,25,floor,,,reliever,MiLB (MLE),1.0,0.0,0.0,4.0,0.7,0.5,0.1,0.0,0.1,0.3,0.0,0.9,0.4,0.4,0.0,0.0,3.32,1.0,8.1,2.7,0.9,4.048,0.21253,0.08193,0.0117,0.03236,0.11667,0.03468,0.00313,3.31554,3.72952
813282,Austin Newton,COL,25,floor,,,starter,MiLB (MLE),1.0,0.0,0.0,4.0,0.7,0.5,0.1,0.0,0.1,0.3,0.0,0.9,0.4,0.4,0.0,0.0,3.49,1.0,8.1,2.7,0.9,4.049,0.21259,0.08195,0.0117,0.03235,0.11676,0.03471,0.00313,3.48615,3.7325
801700,Nolan DeVos,HOU,25,floor,,,starter,MiLB (MLE),1.0,0.0,0.0,4.0,0.7,0.5,0.1,0.0,0.1,0.3,0.0,0.9,0.4,0.4,0.0,0.0,3.43,1.0,8.1,2.7,0.9,4.044,0.21261,0.08196,0.0117,0.03131,0.11679,0.03472,0.00313,3.43326,3.67587
668874,Blair Henley,HOU,30,floor,,,reliever,MLB,1.0,0.0,0.0,4.3,0.9,0.6,0.2,0.0,0.1,0.4,0.1,0.9,0.4,0.5,0.0,0.0,4.04,1.3,8.1,3.6,0.9,4.34,0.21261,0.09408,0.02162,0.02747,0.14807,0.0352,0.00232,4.03805,4.54224
687857,Sam Ryan,MIN,25,floor,,,reliever,MiLB (MLE),1.0,0.0,0.0,4.0,0.7,0.5,0.1,0.0,0.1,0.3,0.0,0.9,0.4,0.4,0.0,0.0,3.27,1.0,8.1,2.7,0.9,4.044,0.21261,0.08196,0.0117,0.03131,0.11679,0.03472,0.00313,3.26785,3.67587
607179,Jordan Weems,WSH,34,floor,,,reliever,MLB,1.0,0.0,0.0,4.3,0.9,0.6,0.2,0.0,0.1,0.4,0.0,0.9,0.5,0.5,0.0,0.0,4.11,1.3,8.1,3.6,0.9,4.321,0.21262,0.10422,0.00863,0.02742,0.13637,0.04569,0.00353,4.11253,4.62602
822760,Sam Garcia,MIL,25,floor,,,reliever,MiLB (MLE),1.0,0.0,0.0,4.0,0.7,0.5,0.1,0.0,0.1,0.3,0.0,0.9,0.3,0.4,0.0,0.0,3.07,1.0,8.1,2.7,0.9,4.021,0.21263,0.08197,0.0117,0.02716,0.1168,0.03472,0.00313,3.06531,3.44805
687168,Brayden Spears,CHC,25,floor,,,reliever,MiLB (MLE),1.0,0.0,0.0,4.0,0.7,0.5,0.1,0.0,0.1,0.3,0.0,0.9,0.4,0.4,0.0,0.0,3.23,1.0,8.1,2.7,0.9,4.04,0.21265,0.08198,0.0117,0.03052,0.11684,0.03473,0.00313,3.23039,3.63374
836059,Brady Parker,COL,25,floor,,,starter,MiLB (MLE),1.0,0.0,0.0,4.0,0.7,0.5,0.1,0.0,0.1,0.3,0.0,0.8,0.4,0.4,0.0,0.0,3.27,1.0,7.2,2.7,0.9,4.025,0.21246,0.0819,0.0117,0.02832,0.11654,0.03465,0.00312,3.2709,3.50204
694316,Lebarron Johnson Jr.,COL,25,floor,,,starter,MiLB (MLE),1.0,0.0,0.0,4.1,0.7,0.5,0.1,0.0,0.1,0.3,0.0,0.9,0.4,0.4,0.0,0.0,3.59,1.0,8.1,2.7,0.9,4.063,0.21288,0.08208,0.01169,0.03413,0.11722,0.03485,0.00314,3.59374,3.84769
820830,Justin Loer,COL,25,floor,,,reliever,MiLB (MLE),1.0,0.0,0.0,4.1,0.7,0.5,0.1,0.0,0.1,0.3,0.0,0.9,0.4,0.4,0.0,0.0,3.38,1.0,8.1,2.7,0.9,4.058,0.21288,0.08208,0.01169,0.03325,0.11722,0.03485,0.00314,3.37721,3.79889
641703,Brent Honeywell,LAD,32,floor,,,reliever,MLB,1.0,0.0,0.0,4.4,1.0,0.6,0.3,0.0,0.1,0.4,0.1,0.8,0.5,0.6,0.0,0.0,4.74,1.4,7.2,3.6,0.9,4.392,0.18357,0.08745,0.0174,0.03062,0.13529,0.06204,0.00397,4.73543,5.3267
828497,Cole Peschl,MIN,25,floor,,,reliever,MiLB (MLE),1.0,0.0,0.0,4.1,0.7,0.5,0.1,0.0,0.1,0.3,0.0,0.9,0.4,0.4,0.0,0.0,3.46,1.0,8.1,2.7,0.9,4.068,0.21288,0.08208,0.01169,0.035,0.11721,0.03485,0.00314,3.46408,3.8966
809685,Aiven Cabral,ATL,25,floor,,,starter,MiLB (MLE),1.0,0.0,0.0,4.0,0.7,0.5,0.1,0.0,0.1,0.3,0.0,0.9,0.4,0.4,0.0,0.0,3.37,1.0,8.1,2.7,0.9,4.039,0.2129,0.08208,0.01169,0.02975,0.11722,0.03485,0.00314,3.36695,3.60488
572008,Chris Owings,PIT,35,floor,,,reliever,MLB,1.0,0.0,0.0,4.2,0.9,0.6,0.2,0.0,0.1,0.3,0.0,0.9,0.4,0.5,0.0,0.0,4.03,1.2,8.1,2.7,0.9,4.239,0.21292,0.08216,0.00991,0.031,0.14339,0.04303,0.0034,4.02529,4.52788
661440,Mauricio Llovera,BOS,31,floor,,,reliever,MLB,1.0,0.0,0.0,4.3,0.9,0.6,0.2,0.0,0.1,0.4,0.1,0.9,0.5,0.5,0.0,0.0,4.13,1.3,8.1,3.6,0.9,4.302,0.21292,0.09163,0.01601,0.03022,0.13978,0.04194,0.00332,4.12906,4.64461
694832,Cody Adcock,CIN,25,floor,,,reliever,MiLB (MLE),1.0,0.0,0.0,4.1,0.7,0.5,0.1,0.0,0.1,0.3,0.0,0.9,0.4,0.4,0.0,0.0,3.36,1.0,8.1,2.7,0.9,4.057,0.21293,0.0821,0.01169,0.03284,0.11729,0.03487,0.00314,3.35941,3.77887
808510,Manuel Genao,MIA,25,floor,,,starter,MiLB (MLE),1.0,0.0,0.0,4.0,0.7,0.5,0.1,0.0,0.1,0.3,0.0,0.9,0.4,0.4,0.0,0.0,3.31,1.0,8.1,2.7,0.9,4.032,0.21294,0.0821,0.01169,0.0285,0.11728,0.03487,0.00314,3.30502,3.53857
666159,Matt Manning,DET,29,floor,,,starter,MLB,1.0,0.0,0.0,4.2,1.0,0.7,0.2,0.0,0.1,0.3,0.0,0.8,0.4,0.5,0.0,0.0,4.04,1.3,7.2,2.7,0.9,4.248,0.18356,0.07873,0.009,0.02315,0.15867,0.04055,0.00423,4.04363,4.32937
689726,Luke Russo,PHI,25,floor,,,starter,MiLB (MLE),1.0,0.0,0.0,3.8,0.5,0.3,0.1,0.0,0.1,0.3,0.0,0.7,0.3,0.3,0.0,0.0,2.77,0.8,6.3,2.7,0.9,3.809,0.18347,0.0694,0.01197,0.03759,0.08789,0.02613,0.00236,2.7674,2.96296
808750,Casey Hintz,SEA,25,floor,,,reliever,MiLB (MLE),1.0,0.0,0.0,4.1,0.7,0.5,0.1,0.0,0.1,0.3,0.0,0.9,0.4,0.4,0.0,0.0,3.38,1.0,8.1,2.7,0.9,4.074,0.21468,0.08283,0.01165,0.03145,0.12018,0.03573,0.00322,3.38306,3.80546
683021,Michael Stefanic,TOR,31,floor,,,reliever,MLB,1.0,0.0,0.0,4.3,0.9,0.6,0.2,0.0,0.1,0.4,0.1,0.9,0.5,0.5,0.0,0.0,4.12,1.3,8.1,3.6,0.9,4.287,0.21303,0.08221,0.02187,0.02913,0.13752,0.04645,0.00341,4.12212,4.63681
810830,Jake Knapp,CHC,25,floor,,,reliever,MiLB (MLE),1.0,0.0,0.0,4.1,0.7,0.5,0.1,0.0,0.1,0.3,0.0,0.9,0.4,0.4,0.0,0.0,3.44,1.0,8.1,2.7,0.9,4.066,0.21303,0.08214,0.01169,0.03429,0.11745,0.03492,0.00315,3.43631,3.86537
455117,Martín Maldonado,HOU,40,floor,,,reliever,MLB,1.0,0.0,0.0,4.3,0.9,0.6,0.2,0.0,0.1,0.4,0.1,0.9,0.5,0.5,0.0,0.0,4.08,1.3,8.1,3.6,0.9,4.287,0.21303,0.08562,0.02138,0.02997,0.13862,0.0416,0.00329,4.07536,4.58421
806270,Dominic Perachi,PIT,25,floor,,,starter,MiLB (MLE),1.0,0.0,0.0,4.0,0.7,0.5,0.1,0.0,0.1,0.3,0.0,0.9,0.4,0.4,0.0,0.0,3.32,1.0,8.1,2.7,0.9,4.035,0.21305,0.08215,0.01169,0.02872,0.11746,0.03492,0.00315,3.32201,3.55676
622110,Matt Duffy,KC,36,floor,,,reliever,MLB,1.0,0.0,0.0,4.3,0.9,0.6,0.2,0.0,0.1,0.4,0.1,0.9,0.5,0.5,0.0,0.0,4.12,1.3,8.1,3.6,0.9,4.288,0.21305,0.08222,0.02139,0.03047,0.14095,0.0423,0.00334,4.12157,4.63619
670223,Matt Mervis,CHC,29,floor,,,reliever,MLB,1.0,0.0,0.0,4.2,0.9,0.6,0.2,0.0,0.1,0.3,0.0,0.9,0.4,0.5,0.0,0.0,3.89,1.2,8.1,2.7,0.9,4.237,0.21268,0.08207,0.01013,0.02834,0.14925,0.03943,0.00333,3.8936,4.37976
674114,Ryan Garcia,CIN,25,floor,,,starter,MiLB (MLE),1.0,0.0,0.0,4.1,0.8,0.5,0.1,0.0,0.2,0.3,0.0,0.9,0.4,0.5,0.0,0.0,3.8,1.1,8.1,2.7,1.8,4.085,0.2127,0.082,0.01169,0.03828,0.11695,0.03477,0.00313,3.80227,4.07095
699276,Jose Olivares,MIN,25,floor,,,reliever,MiLB (MLE),1.0,0.0,0.0,4.1,0.7,0.5,0.1,0.0,0.1,0.3,0.0,0.9,0.4,0.4,0.0,0.0,3.34,1.0,8.1,2.7,0.9,4.053,0.21272,0.08201,0.01169,0.03274,0.11696,0.03477,0.00313,3.34368,3.76118
681084,Tanner Andrews,TOR,31,floor,,,reliever,MLB,1.0,0.0,0.0,4.3,0.9,0.6,0.2,0.0,0.1,0.4,0.0,0.9,0.4,0.5,0.0,0.0,3.98,1.3,8.1,3.6,0.9,4.276,0.21277,0.09094,0.00991,0.02688,0.14355,0.04425,0.00319,3.98264,4.47991
506702,Sandy León,TEX,38,floor,,,reliever,MLB,1.0,0.0,0.0,4.3,0.9,0.6,0.2,0.0,0.1,0.4,0.1,0.9,0.5,0.5,0.0,0.0,4.12,1.3,8.1,3.6,0.9,4.287,0.21298,0.08219,0.02115,0.03049,0.14103,0.04232,0.00335,4.12052,4.635
571527,David Buchanan,CIN,38,floor,,,reliever,MLB,1.0,0.0,0.0,4.3,1.0,0.7,0.2,0.0,0.1,0.4,0.0,0.9,0.4,0.5,0.0,0.0,3.73,1.4,8.1,3.6,0.9,4.264,0.21234,0.08835,0.00959,0.02062,0.15329,0.04179,0.00316,3.7307,4.19652
613564,Jason Vosler,CIN,33,floor,,,reliever,MLB,1.0,0.0,0.0,4.2,0.9,0.6,0.2,0.0,0.1,0.3,0.0,0.9,0.4,0.5,0.0,0.0,4.03,1.2,8.1,2.7,0.9,4.24,0.21238,0.08196,0.00991,0.03103,0.14354,0.04308,0.00341,4.0292,4.53228
804892,Justin West,NYY,25,floor,,,starter,MiLB (MLE),1.0,0.0,0.0,4.0,0.7,0.5,0.1,0.0,0.1,0.3,0.0,0.8,0.4,0.4,0.0,0.0,3.35,1.0,7.2,2.7,0.9,4.033,0.21238,0.08186,0.0117,0.02999,0.11643,0.03461,0.00312,3.35277,3.58968
813636,Phil Fox,CWS,25,floor,,,reliever,MiLB (MLE),1.0,0.0,0.0,4.0,0.7,0.5,0.1,0.0,0.1,0.3,0.0,0.8,0.4,0.4,0.0,0.0,3.32,1.0,7.2,2.7,0.9,4.048,0.21239,0.08187,0.0117,0.03259,0.11646,0.03462,0.00312,3.32034,3.73491
702910,Jhancarlos Lara,WSH,25,floor,,,reliever,MiLB (MLE),1.0,0.0,0.0,4.0,0.7,0.5,0.1,0.0,0.1,0.3,0.0,0.8,0.3,0.4,0.0,0.0,2.98,1.0,7.2,2.7,0.9,4.01,0.21241,0.08188,0.0117,0.02571,0.11647,0.03463,0.00312,2.98446,3.3571
814098,Sam Armstrong,MIN,25,floor,,,starter,MiLB (MLE),1.0,0.0,0.0,3.8,0.5,0.3,0.1,0.0,0.1,0.3,0.0,0.7,0.3,0.3,0.0,0.0,2.63,0.8,6.3,2.7,0.9,3.8,0.18457,0.06988,0.01197,0.0341,0.08874,0.02638,0.00238,2.62944,2.81525
502624,Chase Anderson,TEX,39,floor,,,reliever,MLB,1.0,0.0,0.0,4.4,1.0,0.6,0.2,0.0,0.2,0.4,0.1,0.8,0.5,0.6,0.0,0.0,4.7,1.4,7.2,3.6,1.8,4.357,0.1844,0.09166,0.01878,0.04204,0.13556,0.04012,0.00323,4.69513,5.28136
687280,Geoffrey Gilbert,NYY,25,floor,,,reliever,MiLB (MLE),1.0,0.0,0.0,4.0,0.7,0.5,0.1,0.0,0.1,0.3,0.0,0.8,0.4,0.4,0.0,0.0,3.36,1.0,7.2,2.7,0.9,4.05,0.21206,0.08173,0.01171,0.03381,0.11597,0.03448,0.00311,3.36471,3.78483
694389,William Fleming,MIN,25,floor,,,reliever,MiLB (MLE),1.0,0.0,0.0,4.0,0.7,0.5,0.1,0.0,0.1,0.3,0.0,0.8,0.4,0.4,0.0,0.0,3.23,1.0,7.2,2.7,0.9,4.035,0.21207,0.08173,0.01171,0.03108,0.11597,0.03448,0.00311,3.23011,3.63342
801802,James Hicks,HOU,25,floor,,,starter,MiLB (MLE),1.0,0.0,0.0,3.8,0.5,0.3,0.1,0.0,0.1,0.3,0.0,0.7,0.3,0.3,0.0,0.0,2.57,0.8,6.3,2.7,0.9,3.792,0.18425,0.06973,0.01197,0.03302,0.08848,0.0263,0.00237,2.57004,2.75165
702578,Kyle McCoy,CIN,25,floor,,,starter,MiLB (MLE),1.0,0.0,0.0,4.0,0.7,0.5,0.1,0.0,0.1,0.3,0.0,0.9,0.4,0.4,0.0,0.0,3.35,1.0,8.1,2.7,0.9,4.035,0.21265,0.08198,0.0117,0.02964,0.11684,0.03474,0.00313,3.34903,3.58569
686972,Cole Waites,SF,29,floor,,,reliever,MLB,1.0,0.0,0.0,4.3,0.9,0.6,0.2,0.0,0.1,0.4,0.0,0.9,0.5,0.5,0.0,0.0,4.1,1.3,8.1,3.6,0.9,4.277,0.2121,0.09252,0.00751,0.03073,0.14214,0.04265,0.00337,4.0974,4.609
686780,Pedro Pagés,STL,28,floor,,,reliever,MLB,1.0,0.0,0.0,4.2,0.9,0.6,0.2,0.0,0.1,0.3,0.0,0.9,0.4,0.5,0.0,0.0,3.9,1.2,8.1,2.7,0.9,4.24,0.21211,0.08185,0.01037,0.02554,0.14408,0.04807,0.0031,3.90499,4.39257
543391,Casey Kelly,ARI,37,floor,,,reliever,MLB,1.0,0.0,0.0,4.2,0.9,0.6,0.2,0.0,0.1,0.4,0.0,0.9,0.4,0.5,0.0,0.0,4.04,1.3,8.1,3.6,0.9,4.23,0.21213,0.08445,0.00843,0.03131,0.13651,0.04748,0.00322,4.04231,4.54703
807841,Darwin Rodriguez,KC,25,floor,,,starter,MiLB (MLE),1.0,0.0,0.0,4.0,0.7,0.5,0.1,0.0,0.1,0.3,0.0,0.8,0.4,0.4,0.0,0.0,3.19,1.0,7.2,2.7,0.9,4.014,0.21216,0.08177,0.01171,0.02707,0.1161,0.03451,0.00311,3.19269,3.4183
702046,Matt Keating,NYY,25,floor,,,reliever,MiLB (MLE),1.0,0.0,0.0,4.0,0.7,0.5,0.1,0.0,0.1,0.3,0.0,0.8,0.4,0.4,0.0,0.0,3.3,1.0,7.2,2.7,0.9,4.044,0.21217,0.08178,0.0117,0.03249,0.11613,0.03452,0.00311,3.30494,3.71759
703936,Kevin Valdez,CHC,25,floor,,,starter,MiLB (MLE),1.0,0.0,0.0,4.1,0.7,0.5,0.1,0.0,0.1,0.3,0.0,0.9,0.4,0.4,0.0,0.0,3.61,1.0,8.1,2.7,0.9,4.06,0.21217,0.08178,0.0117,0.03524,0.11613,0.03452,0.00311,3.61453,3.86995
694978,Ben Vespi,BAL,25,floor,,,reliever,MiLB (MLE),1.0,0.0,0.0,4.1,0.7,0.5,0.1,0.0,0.1,0.3,0.0,0.9,0.4,0.4,0.0,0.0,3.37,1.0,8.1,2.7,0.9,4.052,0.21217,0.08178,0.0117,0.03387,0.11613,0.03452,0.00311,3.37253,3.79363
702119,Hunter Hayes,STL,25,floor,,,reliever,MiLB (MLE),1.0,0.0,0.0,4.0,0.7,0.5,0.1,0.0,0.1,0.3,0.0,0.8,0.4,0.4,0.0,0.0,3.24,1.0,7.2,2.7,0.9,4.037,0.21218,0.08178,0.0117,0.03112,0.11614,0.03453,0.00311,3.23759,3.64184
805073,Jose Gutierrez,KC,25,floor,,,starter,MiLB (MLE),1.0,0.0,0.0,4.0,0.7,0.5,0.1,0.0,0.1,0.3,0.0,0.8,0.4,0.4,0.0,0.0,3.37,1.0,7.2,2.7,0.9,4.034,0.21222,0.0818,0.0117,0.03049,0.1162,0.03454,0.00311,3.37113,3.60935
807792,Sebastian Gongora,BAL,25,floor,,,starter,MiLB (MLE),1.0,0.0,0.0,3.8,0.5,0.3,0.1,0.0,0.1,0.3,0.0,0.7,0.3,0.3,0.0,0.0,2.52,0.8,6.3,2.7,0.9,3.787,0.18414,0.06969,0.01197,0.03202,0.0884,0.02628,0.00237,2.51993,2.698
694555,Chase Centala,SEA,25,floor,,,reliever,MiLB (MLE),1.0,0.0,0.0,4.0,0.7,0.5,0.1,0.0,0.1,0.3,0.0,0.8,0.3,0.4,0.0,0.0,3.15,1.0,7.2,2.7,0.9,4.026,0.21209,0.08174,0.01171,0.02942,0.116,0.03448,0.00311,3.14988,3.54317
822498,Reid Easterly,SEA,25,floor,,,reliever,MiLB (MLE),1.0,0.0,0.0,4.0,0.7,0.5,0.1,0.0,0.1,0.3,0.0,0.9,0.3,0.4,0.0,0.0,3.15,1.0,8.1,2.7,0.9,4.03,0.21265,0.08198,0.0117,0.02877,0.11684,0.03474,0.00313,3.14506,3.53775
691776,Josh Hartle,WSH,25,floor,,,starter,MiLB (MLE),1.0,0.0,0.0,3.8,0.5,0.3,0.1,0.0,0.1,0.3,0.0,0.7,0.3,0.3,0.0,0.0,2.25,0.8,6.3,2.7,0.9,3.754,0.18307,0.06922,0.01198,0.02691,0.08757,0.02603,0.00235,2.25375,2.41301
592789,Noah Syndergaard,CLE,34,floor,,,reliever,MLB,1.0,0.0,0.0,4.3,1.0,0.7,0.2,0.0,0.1,0.3,0.1,0.7,0.5,0.5,0.0,0.0,4.34,1.3,6.3,2.7,0.9,4.253,0.16982,0.06083,0.01468,0.03364,0.1556,0.04669,0.00369,4.3373,4.87886
572971,Dallas Keuchel,MIL,39,floor,,,starter,MLB,1.0,0.0,0.0,4.4,1.1,0.7,0.2,0.0,0.2,0.4,0.0,0.7,0.5,0.6,0.0,0.0,4.79,1.5,6.3,3.6,1.8,4.377,0.16994,0.09755,0.00464,0.03474,0.15414,0.04073,0.00272,4.79426,5.13304
669952,Mitch White,MIL,32,floor,,,reliever,MLB,1.0,0.0,0.0,4.3,1.0,0.6,0.2,0.0,0.2,0.4,0.0,0.8,0.5,0.6,0.0,0.0,4.59,1.4,7.2,3.6,1.8,4.304,0.18294,0.09084,0.00723,0.03993,0.13269,0.04917,0.00333,4.5946,5.16827
669169,Jonathan Heasley,BAL,30,floor,,,reliever,MLB,1.0,0.0,0.0,4.3,1.0,0.6,0.2,0.0,0.2,0.4,0.1,0.7,0.5,0.6,0.0,0.0,4.58,1.4,6.3,3.6,1.8,4.348,0.17007,0.08707,0.01384,0.03657,0.14589,0.04344,0.0032,4.58046,5.15237
688422,Connor Staine,COL,25,floor,,,starter,MiLB (MLE),1.0,0.0,0.0,3.8,0.5,0.3,0.1,0.0,0.1,0.3,0.0,0.7,0.3,0.3,0.0,0.0,2.56,0.8,6.3,2.7,0.9,3.785,0.18283,0.06912,0.01198,0.03353,0.0874,0.02598,0.00234,2.55848,2.73927
613534,Austin Adams,OAK,36,floor,,,reliever,MLB,1.0,0.0,0.0,4.5,0.8,0.5,0.2,0.0,0.1,0.5,0.2,1.1,0.5,0.5,0.0,0.0,4.18,1.3,9.9,4.5,0.9,4.475,0.24542,0.10434,0.05352,0.02061,0.12172,0.04624,0.00268,4.18208,4.70425
694312,Logan Workman,TB,25,floor,,,reliever,MiLB (MLE),1.0,0.0,0.0,3.7,0.5,0.3,0.1,0.0,0.1,0.2,0.0,0.6,0.2,0.3,0.0,0.0,2.16,0.7,5.4,1.8,0.9,3.704,0.17089,0.06391,0.01203,0.03346,0.07869,0.02339,0.00211,2.16252,2.43253
518516,Madison Bumgarner,ARI,37,floor,,,reliever,MLB,1.0,0.0,0.0,4.3,1.0,0.7,0.2,0.0,0.1,0.4,0.1,0.7,0.5,0.6,0.0,0.0,4.51,1.4,6.3,3.6,0.9,4.349,0.17095,0.08441,0.01281,0.0327,0.15125,0.04539,0.00359,4.50566,5.06823
695556,Shane Panzini,KC,25,floor,,,reliever,MiLB (MLE),1.0,0.0,0.0,4.1,0.8,0.5,0.1,0.0,0.2,0.3,0.0,0.9,0.4,0.5,0.0,0.0,3.9,1.1,8.1,2.7,1.8,4.114,0.21232,0.08184,0.0117,0.04422,0.11639,0.0346,0.00312,3.90047,4.38748
672860,Prelander Berroa,CWS,27,floor,,,reliever,MLB,1.0,0.0,0.0,4.3,0.9,0.6,0.2,0.0,0.1,0.5,0.0,1.1,0.4,0.5,0.0,0.0,3.82,1.4,9.9,4.5,0.9,4.289,0.2449,0.10961,0.01127,0.02583,0.1297,0.0416,0.00275,3.81957,4.29648
667427,Zach Jackson,OAK,32,floor,,,reliever,MLB,1.0,0.0,0.0,4.3,0.8,0.6,0.1,0.0,0.1,0.5,0.0,1.1,0.4,0.4,0.0,0.0,3.5,1.3,9.9,4.5,0.9,4.284,0.26274,0.11724,0.00815,0.02139,0.13933,0.03148,0.00236,3.49638,3.93293
664776,Jake Cousins,NYY,32,floor,,,reliever,MLB,1.0,0.0,0.0,4.3,0.8,0.6,0.1,0.0,0.1,0.5,0.1,1.1,0.4,0.5,0.0,0.0,3.87,1.3,9.9,4.5,0.9,4.345,0.26323,0.11596,0.02381,0.0313,0.13239,0.02432,0.00182,3.87348,4.35712
802953,Colin Fields,DET,25,floor,,,reliever,MiLB (MLE),1.0,0.0,0.0,4.0,0.7,0.5,0.1,0.0,0.1,0.3,0.0,0.8,0.4,0.4,0.0,0.0,3.25,1.0,7.2,2.7,0.9,4.038,0.21229,0.08183,0.0117,0.03117,0.1163,0.03457,0.00312,3.24511,3.65029
826933,Derek Vartanian,ATL,25,floor,,,starter,MiLB (MLE),1.0,0.0,0.0,4.0,0.7,0.5,0.1,0.0,0.1,0.3,0.0,0.8,0.4,0.4,0.0,0.0,3.43,1.0,7.2,2.7,0.9,4.041,0.2123,0.08183,0.0117,0.03165,0.11631,0.03458,0.00312,3.43475,3.67746
669421,Dominic Pipkin,PIT,25,floor,,,reliever,MiLB (MLE),1.0,0.0,0.0,4.0,0.7,0.5,0.1,0.0,0.1,0.3,0.0,0.8,0.3,0.4,0.0,0.0,3.11,1.0,7.2,2.7,0.9,4.023,0.2123,0.08183,0.0117,0.02842,0.1163,0.03458,0.00312,3.11084,3.49926
676714,Brandon Hughes,ARI,31,floor,,,reliever,MLB,1.0,0.0,0.0,4.3,0.9,0.6,0.2,0.0,0.1,0.4,0.1,1.0,0.4,0.5,0.0,0.0,3.94,1.3,9.0,3.6,0.9,4.294,0.24408,0.09528,0.02148,0.0291,0.13565,0.03698,0.00317,3.93791,4.42959
647351,Abraham Toro,BOS,30,floor,,,reliever,MLB,1.0,0.0,0.0,4.2,0.9,0.6,0.2,0.0,0.1,0.4,0.0,0.9,0.5,0.5,0.0,0.0,4.13,1.3,8.1,3.6,0.9,4.245,0.2123,0.08664,0.01025,0.03255,0.13235,0.04832,0.00363,4.13081,4.64658
680837,Ryan Fitzgerald,MIN,33,floor,,,reliever,MLB,1.0,0.0,0.0,4.2,1.0,0.6,0.2,0.0,0.2,0.3,0.0,0.9,0.5,0.5,0.0,0.0,4.35,1.3,8.1,2.7,1.8,4.24,0.21232,0.08193,0.01025,0.0424,0.1352,0.04,0.00319,4.35012,4.89328
669707,Jared Triolo,PIT,29,floor,,,reliever,MLB,1.0,0.0,0.0,4.3,0.9,0.6,0.2,0.0,0.1,0.4,0.0,0.9,0.4,0.5,0.0,0.0,3.96,1.3,8.1,3.6,0.9,4.258,0.21232,0.08665,0.01025,0.03065,0.14965,0.03581,0.00287,3.96386,4.45879
669717,Will Wilson,CLE,28,floor,,,reliever,MLB,1.0,0.0,0.0,4.2,0.9,0.6,0.2,0.0,0.1,0.3,0.0,0.9,0.4,0.5,0.0,0.0,4.03,1.2,8.1,2.7,0.9,4.24,0.21232,0.08193,0.01025,0.03107,0.14326,0.04256,0.00389,4.03467,4.53844
657093,Spenser Watkins,BAL,34,floor,,,reliever,MLB,1.0,0.0,0.0,4.3,1.0,0.7,0.2,0.0,0.1,0.3,0.0,0.7,0.5,0.6,0.0,0.0,4.4,1.3,6.3,2.7,0.9,4.292,0.17102,0.07494,0.00891,0.03332,0.15415,0.04626,0.00366,4.40328,4.95307
675783,Easton Sikorski,CIN,25,floor,,,reliever,MiLB (MLE),1.0,0.0,0.0,4.1,0.8,0.5,0.2,0.0,0.1,0.3,0.0,0.9,0.4,0.5,0.0,0.0,3.69,1.1,8.1,2.7,0.9,4.13,0.21668,0.08366,0.01159,0.03494,0.12416,0.03691,0.00333,3.68649,4.14679
701320,Camron Hill,PHI,25,floor,,,reliever,MiLB (MLE),1.0,0.0,0.0,4.1,0.8,0.5,0.2,0.0,0.1,0.3,0.0,0.9,0.4,0.5,0.0,0.0,3.61,1.1,8.1,2.7,0.9,4.121,0.21668,0.08366,0.01159,0.0335,0.12413,0.0369,0.00333,3.61277,4.06386
830402,Kendry Chourio,KC,25,floor,,,starter,MiLB (MLE),1.0,0.0,0.0,4.1,0.8,0.5,0.2,0.0,0.1,0.3,0.0,0.9,0.4,0.4,0.0,0.0,3.65,1.1,8.1,2.7,0.9,4.104,0.21669,0.08366,0.01159,0.03066,0.12414,0.0369,0.00333,3.64554,3.90315
701361,Jake Clemente,MIA,25,floor,,,starter,MiLB (MLE),1.0,0.0,0.0,4.1,0.8,0.5,0.2,0.0,0.1,0.3,0.0,0.9,0.4,0.4,0.0,0.0,3.66,1.1,8.1,2.7,0.9,4.106,0.21669,0.08367,0.01159,0.03088,0.12416,0.03691,0.00333,3.65743,3.91588
803425,David Bracho,CHC,25,floor,,,reliever,MiLB (MLE),1.0,0.0,0.0,4.1,0.8,0.5,0.2,0.0,0.1,0.3,0.0,0.9,0.4,0.4,0.0,0.0,3.48,1.1,8.1,2.7,0.9,4.106,0.21669,0.08367,0.01159,0.03088,0.12416,0.03691,0.00333,3.48122,3.91588
669682,Morgan McSweeney,BOS,25,floor,,,starter,MiLB (MLE),1.0,0.0,0.0,4.1,0.8,0.5,0.2,0.0,0.1,0.3,0.0,0.9,0.4,0.4,0.0,0.0,3.56,1.1,8.1,2.7,0.9,4.095,0.2167,0.08367,0.01159,0.02894,0.12417,0.03691,0.00333,3.55585,3.80712
803285,Tyler Bremner,LAA,25,floor,,,starter,MiLB (MLE),1.0,0.0,0.0,4.1,0.8,0.5,0.2,0.0,0.1,0.3,0.0,0.9,0.4,0.4,0.0,0.0,3.63,1.1,8.1,2.7,0.9,4.103,0.2167,0.08367,0.01159,0.03044,0.12417,0.03691,0.00333,3.63467,3.8915
703106,Ricardo Velez,TEX,25,floor,,,reliever,MiLB (MLE),1.0,0.0,0.0,4.1,0.8,0.5,0.2,0.0,0.1,0.3,0.0,0.9,0.4,0.4,0.0,0.0,3.46,1.1,8.1,2.7,0.9,4.103,0.2167,0.08367,0.01159,0.03044,0.12417,0.03691,0.00333,3.45955,3.8915
668665,Stephen Nogosek,NYM,32,floor,,,reliever,MLB,1.0,0.0,0.0,4.3,0.9,0.6,0.2,0.0,0.1,0.4,0.1,0.9,0.5,0.5,0.0,0.0,4.07,1.3,8.1,3.6,0.9,4.285,0.21645,0.09201,0.01355,0.03013,0.13937,0.04182,0.00331,4.07058,4.57883
687189,Marcus Johnson,TB,25,floor,,,starter,MiLB (MLE),1.0,0.0,0.0,4.1,0.8,0.5,0.2,0.0,0.1,0.3,0.0,0.9,0.4,0.4,0.0,0.0,3.72,1.1,8.1,2.7,0.9,4.11,0.21648,0.08358,0.0116,0.03231,0.12369,0.03677,0.00331,3.71766,3.98037
675920,Seth Lonsway,SF,28,floor,,,reliever,MLB,1.0,0.0,0.0,4.2,1.0,0.7,0.2,0.0,0.1,0.3,0.0,0.9,0.4,0.4,0.0,0.0,3.56,1.3,8.1,2.7,0.9,4.218,0.21459,0.07885,0.00959,0.01858,0.15754,0.0414,0.00348,3.56313,4.00802
687726,Cameron Wagoner,MIL,25,floor,,,reliever,MiLB (MLE),1.0,0.0,0.0,4.1,0.8,0.5,0.2,0.0,0.1,0.3,0.0,0.9,0.4,0.4,0.0,0.0,3.22,1.1,8.1,2.7,0.9,4.073,0.2165,0.08358,0.0116,0.02584,0.1237,0.03677,0.00331,3.21584,3.61737
701480,Bryce Cunningham,NYY,25,floor,,,starter,MiLB (MLE),1.0,0.0,0.0,4.1,0.8,0.5,0.2,0.0,0.1,0.3,0.0,0.9,0.4,0.4,0.0,0.0,3.77,1.1,8.1,2.7,0.9,4.117,0.21651,0.08359,0.0116,0.03333,0.12377,0.0368,0.00332,3.77411,4.0408
682064,Steffon Moore,CIN,25,floor,,,reliever,MiLB (MLE),1.0,0.0,0.0,4.1,0.8,0.5,0.2,0.0,0.1,0.3,0.0,0.9,0.4,0.4,0.0,0.0,3.52,1.1,8.1,2.7,0.9,4.108,0.21652,0.08359,0.0116,0.03183,0.12378,0.0368,0.00332,3.51705,3.95619
823369,Yhoiker Fajardo,STL,25,floor,,,starter,MiLB (MLE),1.0,0.0,0.0,4.1,0.8,0.5,0.2,0.0,0.1,0.3,0.0,0.9,0.4,0.4,0.0,0.0,3.46,1.1,8.1,2.7,0.9,4.082,0.21653,0.0836,0.0116,0.02735,0.12378,0.0368,0.00332,3.45996,3.70446
812407,Tyler Hampu,COL,25,floor,,,reliever,MiLB (MLE),1.0,0.0,0.0,4.1,0.8,0.5,0.2,0.0,0.1,0.3,0.0,0.9,0.4,0.4,0.0,0.0,3.55,1.1,8.1,2.7,0.9,4.112,0.21653,0.0836,0.0116,0.03246,0.1238,0.0368,0.00332,3.54958,3.99278
824600,Riley Maddox,WSH,25,floor,,,starter,MiLB (MLE),1.0,0.0,0.0,4.1,0.8,0.5,0.2,0.0,0.1,0.3,0.0,0.9,0.4,0.4,0.0,0.0,3.54,1.1,8.1,2.7,0.9,4.091,0.21653,0.0836,0.0116,0.02885,0.12378,0.0368,0.00332,3.53801,3.78802
702494,Sam Tookoian,LAA,25,floor,,,reliever,MiLB (MLE),1.0,0.0,0.0,4.1,0.8,0.5,0.2,0.0,0.1,0.3,0.0,0.9,0.4,0.4,0.0,0.0,3.31,1.1,8.1,2.7,0.9,4.085,0.21654,0.0836,0.0116,0.02775,0.12381,0.03681,0.00332,3.31386,3.72763
681871,Eli Villalobos,MIA,30,floor,,,reliever,MLB,1.0,0.0,0.0,4.2,0.9,0.6,0.2,0.0,0.1,0.4,0.0,0.9,0.4,0.5,0.0,0.0,4.04,1.3,8.1,3.6,0.9,4.246,0.21658,0.08702,0.0092,0.03198,0.14049,0.04258,0.00274,4.03603,4.53996
810022,Luke Johnson,WSH,25,floor,,,reliever,MiLB (MLE),1.0,0.0,0.0,4.1,0.8,0.5,0.2,0.0,0.1,0.3,0.0,0.9,0.4,0.4,0.0,0.0,3.38,1.1,8.1,2.7,0.9,4.093,0.21658,0.08362,0.0116,0.02896,0.1239,0.03683,0.00332,3.37689,3.79852
686654,Ty Adcock,SEA,30,floor,,,reliever,MLB,1.0,0.0,0.0,4.2,0.9,0.6,0.2,0.0,0.1,0.3,0.0,0.9,0.4,0.5,0.0,0.0,4.03,1.2,8.1,2.7,0.9,4.19,0.21658,0.07618,0.00521,0.03558,0.14232,0.04208,0.00335,4.03037,4.5336
692550,Hansel Rincon,NYY,25,floor,,,reliever,MiLB (MLE),1.0,0.0,0.0,4.1,0.8,0.5,0.2,0.0,0.1,0.3,0.0,0.9,0.4,0.4,0.0,0.0,3.36,1.1,8.1,2.7,0.9,4.089,0.21649,0.08358,0.0116,0.02866,0.1237,0.03677,0.00331,3.35595,3.77497
821970,Xavier Martinez,CLE,25,floor,,,reliever,MiLB (MLE),1.0,0.0,0.0,4.1,0.8,0.5,0.2,0.0,0.1,0.3,0.0,0.9,0.4,0.4,0.0,0.0,3.52,1.1,8.1,2.7,0.9,4.111,0.21673,0.08368,0.01159,0.03164,0.12425,0.03694,0.00333,3.52249,3.96231
701557,Carlos Lequerica,DET,25,floor,,,reliever,MiLB (MLE),1.0,0.0,0.0,4.1,0.8,0.5,0.2,0.0,0.1,0.3,0.0,0.9,0.4,0.5,0.0,0.0,3.62,1.1,8.1,2.7,0.9,4.122,0.21673,0.08368,0.01159,0.03353,0.12425,0.03694,0.00333,3.61802,4.06977
802699,Nate Williams,CHC,25,floor,,,reliever,MiLB (MLE),1.0,0.0,0.0,4.1,0.8,0.5,0.2,0.0,0.1,0.3,0.0,0.9,0.4,0.4,0.0,0.0,3.47,1.1,8.1,2.7,0.9,4.106,0.21674,0.08368,0.01159,0.03069,0.12425,0.03694,0.00333,3.47491,3.90879
660431,Hector Perez,TB,31,floor,,,reliever,MLB,1.0,0.0,0.0,4.3,0.9,0.6,0.2,0.0,0.1,0.4,0.0,0.9,0.4,0.5,0.0,0.0,4.03,1.3,8.1,3.6,0.9,4.255,0.21675,0.08712,0.01061,0.03056,0.14135,0.04242,0.00335,4.02515,4.52773
805363,Chris Clark,TB,25,floor,,,reliever,MiLB (MLE),1.0,0.0,0.0,4.1,0.8,0.5,0.2,0.0,0.1,0.3,0.0,0.9,0.4,0.5,0.0,0.0,3.68,1.1,8.1,2.7,0.9,4.129,0.21675,0.08369,0.01159,0.03466,0.1243,0.03695,0.00333,3.67666,4.13572
805892,Nick Altermatt,CWS,25,floor,,,reliever,MiLB (MLE),1.0,0.0,0.0,4.1,0.8,0.5,0.2,0.0,0.1,0.3,0.0,0.9,0.4,0.4,0.0,0.0,3.57,1.1,8.1,2.7,0.9,4.116,0.21676,0.08369,0.01159,0.03248,0.1243,0.03695,0.00333,3.56681,4.01216
836172,Peyton Niksch,MIL,25,floor,,,reliever,MiLB (MLE),1.0,0.0,0.0,4.1,0.9,0.5,0.2,0.0,0.2,0.3,0.0,0.9,0.4,0.5,0.0,0.0,3.85,1.2,8.1,2.7,1.8,4.149,0.21676,0.08369,0.01159,0.03801,0.12435,0.03697,0.00333,3.84924,4.32986
681328,Jonny Cuevas,TB,25,floor,,,reliever,MiLB (MLE),1.0,0.0,0.0,4.1,0.8,0.5,0.2,0.0,0.1,0.3,0.0,0.9,0.4,0.4,0.0,0.0,3.57,1.1,8.1,2.7,0.9,4.116,0.21676,0.08369,0.01159,0.03248,0.1243,0.03695,0.00333,3.56681,4.01216
703895,Gerlin Rosario,OAK,25,floor,,,reliever,MiLB (MLE),1.0,0.0,0.0,4.1,0.8,0.5,0.2,0.0,0.1,0.3,0.0,0.9,0.4,0.5,0.0,0.0,3.72,1.1,8.1,2.7,0.9,4.134,0.21677,0.0837,0.01159,0.03546,0.12435,0.03697,0.00333,3.71948,4.1839
822465,Jacob Shafer,ATL,25,floor,,,reliever,MiLB (MLE),1.0,0.0,0.0,4.1,0.8,0.5,0.2,0.0,0.1,0.3,0.0,0.9,0.4,0.5,0.0,0.0,3.67,1.1,8.1,2.7,0.9,4.129,0.21677,0.0837,0.01159,0.03452,0.12436,0.03697,0.00333,3.67132,4.12972
822950,J.T. Etheridge,NYY,25,floor,,,starter,MiLB (MLE),1.0,0.0,0.0,4.1,0.8,0.5,0.2,0.0,0.1,0.3,0.0,0.9,0.4,0.4,0.0,0.0,3.59,1.1,8.1,2.7,0.9,4.098,0.21667,0.08366,0.01159,0.02962,0.1241,0.03689,0.00333,3.58937,3.84301
815076,Kamdyn Perry,TEX,25,floor,,,reliever,MiLB (MLE),1.0,0.0,0.0,4.1,0.8,0.5,0.2,0.0,0.1,0.3,0.0,0.9,0.4,0.4,0.0,0.0,3.53,1.1,8.1,2.7,0.9,4.112,0.21678,0.0837,0.01159,0.03167,0.12436,0.03697,0.00333,3.5276,3.96806
826942,Ethan Sloan,DET,25,floor,,,reliever,MiLB (MLE),1.0,0.0,0.0,4.1,0.8,0.5,0.2,0.0,0.1,0.3,0.0,0.9,0.4,0.4,0.0,0.0,3.53,1.1,8.1,2.7,0.9,4.112,0.21678,0.0837,0.01159,0.03167,0.12436,0.03697,0.00333,3.5276,3.96806
702257,Christian Foutch,BOS,25,floor,,,reliever,MiLB (MLE),1.0,0.0,0.0,4.1,0.8,0.5,0.2,0.0,0.1,0.3,0.0,0.9,0.4,0.4,0.0,0.0,3.37,1.1,8.1,2.7,0.9,4.094,0.21679,0.08371,0.01159,0.02845,0.12437,0.03697,0.00333,3.3665,3.78684
830627,Nate Smithburg,TB,25,floor,,,reliever,MiLB (MLE),1.0,0.0,0.0,4.2,0.9,0.6,0.2,0.0,0.1,0.4,0.0,0.9,0.4,0.5,0.0,0.0,3.93,1.3,8.1,3.6,0.9,4.236,0.22054,0.08511,0.01129,0.02942,0.14085,0.04187,0.00377,3.93098,4.42179
694811,Bryson Hammer,COL,25,floor,,,starter,MiLB (MLE),1.0,0.0,0.0,4.1,0.8,0.5,0.2,0.0,0.1,0.3,0.0,0.9,0.4,0.4,0.0,0.0,3.55,1.1,8.1,2.7,0.9,4.093,0.21661,0.08363,0.0116,0.02889,0.12398,0.03686,0.00332,3.54691,3.79755
803291,Christian Oppor,CWS,25,floor,,,reliever,MiLB (MLE),1.0,0.0,0.0,4.1,0.8,0.5,0.2,0.0,0.1,0.3,0.0,0.9,0.4,0.4,0.0,0.0,3.38,1.1,8.1,2.7,0.9,4.093,0.21661,0.08363,0.0116,0.02889,0.12398,0.03686,0.00332,3.37602,3.79755
666123,Austin Bergner,TEX,25,floor,,,reliever,MiLB (MLE),1.0,0.0,0.0,4.1,0.8,0.5,0.2,0.0,0.1,0.3,0.0,0.9,0.4,0.5,0.0,0.0,3.66,1.1,8.1,2.7,0.9,4.126,0.21661,0.08363,0.01159,0.03456,0.12399,0.03686,0.00332,3.66198,4.11921
673257,Victor Santos,STL,25,floor,,,reliever,MiLB (MLE),1.0,0.0,0.0,4.1,0.8,0.5,0.2,0.0,0.1,0.3,0.0,0.9,0.4,0.4,0.0,0.0,3.34,1.1,8.1,2.7,0.9,4.088,0.21663,0.08364,0.01159,0.02807,0.124,0.03686,0.00332,3.33588,3.7524
814374,Francisco Frias,HOU,25,floor,,,reliever,MiLB (MLE),1.0,0.0,0.0,4.1,0.8,0.5,0.2,0.0,0.1,0.3,0.0,0.9,0.4,0.4,0.0,0.0,3.56,1.1,8.1,2.7,0.9,4.114,0.21663,0.08364,0.01159,0.03252,0.12402,0.03687,0.00332,3.55986,4.00434
801384,Walin Castillo,MIA,25,floor,,,starter,MiLB (MLE),1.0,0.0,0.0,4.1,0.8,0.5,0.2,0.0,0.1,0.3,0.0,0.9,0.4,0.4,0.0,0.0,3.65,1.1,8.1,2.7,0.9,4.105,0.21666,0.08365,0.01159,0.03086,0.12409,0.03689,0.00333,3.65426,3.91249
669740,Travis MacGregor,NYY,25,floor,,,reliever,MiLB (MLE),1.0,0.0,0.0,4.1,0.8,0.5,0.2,0.0,0.1,0.3,0.0,0.9,0.4,0.4,0.0,0.0,3.24,1.1,8.1,2.7,0.9,4.079,0.21678,0.0837,0.01159,0.02597,0.12432,0.03696,0.00333,3.24122,3.64592
687547,Ryan Ramsey,KC,25,floor,,,starter,MiLB (MLE),1.0,0.0,0.0,3.7,0.5,0.3,0.1,0.0,0.1,0.2,0.0,0.6,0.3,0.3,0.0,0.0,2.35,0.7,5.4,1.8,0.9,3.691,0.16578,0.06167,0.01205,0.03757,0.07515,0.02234,0.00201,2.34646,2.51227
694677,Collin Baumgartner,COL,25,floor,,,reliever,MiLB (MLE),1.0,0.0,0.0,4.1,0.8,0.5,0.2,0.0,0.1,0.3,0.0,0.9,0.4,0.4,0.0,0.0,3.42,1.1,8.1,2.7,0.9,4.095,0.21634,0.08352,0.0116,0.03008,0.12339,0.03668,0.00331,3.41684,3.84346
678011,Anthony Seigler,MIL,28,floor,,,reliever,MLB,1.0,0.0,0.0,4.2,1.0,0.6,0.2,0.0,0.2,0.4,0.0,0.9,0.5,0.5,0.0,0.0,4.14,1.4,8.1,3.6,1.8,4.24,0.21636,0.08349,0.01074,0.03605,0.13909,0.04041,0.00315,4.13881,4.65558
692024,Alex Carrillo,NYM,30,floor,,,reliever,MLB,1.0,0.0,0.0,4.3,0.9,0.6,0.2,0.0,0.1,0.4,0.1,0.9,0.5,0.5,0.0,0.0,4.23,1.3,8.1,3.6,0.9,4.282,0.21638,0.08579,0.01887,0.03331,0.13136,0.04678,0.00358,4.2329,4.76142
805774,Gregori Louis,NYM,25,floor,,,reliever,MiLB (MLE),1.0,0.0,0.0,4.1,0.8,0.5,0.2,0.0,0.1,0.3,0.0,0.9,0.4,0.4,0.0,0.0,3.25,1.1,8.1,2.7,0.9,4.076,0.21639,0.08354,0.0116,0.02673,0.12348,0.03671,0.00331,3.25313,3.65932
804852,Grayson Grinsell,DET,25,floor,,,starter,MiLB (MLE),1.0,0.0,0.0,4.1,0.8,0.5,0.2,0.0,0.1,0.3,0.0,0.9,0.4,0.4,0.0,0.0,3.73,1.1,8.1,2.7,0.9,4.11,0.21641,0.08355,0.0116,0.03256,0.12356,0.03673,0.00331,3.72609,3.98939
699530,Cade Citelli,TB,25,floor,,,reliever,MiLB (MLE),1.0,0.0,0.0,4.1,0.8,0.5,0.2,0.0,0.1,0.3,0.0,0.9,0.4,0.4,0.0,0.0,3.59,1.1,8.1,2.7,0.9,4.115,0.21642,0.08355,0.0116,0.03334,0.12358,0.03674,0.00331,3.58673,4.03456
688776,Jackson Lancaster,TB,25,floor,,,reliever,MiLB (MLE),1.0,0.0,0.0,4.1,0.8,0.5,0.2,0.0,0.1,0.3,0.0,0.9,0.4,0.4,0.0,0.0,3.58,1.1,8.1,2.7,0.9,4.115,0.21642,0.08355,0.0116,0.03327,0.12358,0.03674,0.00331,3.5832,4.0306
663629,Ethan Small,MIL,30,floor,,,reliever,MLB,1.0,0.0,0.0,4.3,0.9,0.6,0.2,0.0,0.1,0.4,0.0,1.0,0.4,0.5,0.0,0.0,4.04,1.3,9.0,3.6,0.9,4.281,0.22178,0.0987,0.00663,0.03007,0.13912,0.04175,0.0033,4.04068,4.5452
832044,Justin Henschel,CIN,25,floor,,,starter,MiLB (MLE),1.0,0.0,0.0,4.1,0.7,0.5,0.1,0.0,0.1,0.3,0.0,0.9,0.4,0.4,0.0,0.0,3.76,1.0,8.1,2.7,0.9,4.112,0.21616,0.08345,0.01161,0.03363,0.12303,0.03657,0.0033,3.76495,4.03099
682918,Luis Carrasco,OAK,25,floor,,,reliever,MiLB (MLE),1.0,0.0,0.0,4.1,0.8,0.5,0.2,0.0,0.1,0.3,0.0,0.9,0.4,0.4,0.0,0.0,3.41,1.1,8.1,2.7,0.9,4.097,0.21659,0.08362,0.0116,0.02966,0.12392,0.03684,0.00332,3.41268,3.83879
812163,Jonathan Russell,TB,25,floor,,,reliever,MiLB (MLE),1.0,0.0,0.0,4.1,0.7,0.5,0.1,0.0,0.1,0.3,0.0,0.9,0.4,0.4,0.0,0.0,3.47,1.0,8.1,2.7,0.9,4.099,0.21617,0.08345,0.01161,0.03131,0.12303,0.03658,0.0033,3.4672,3.90011
810070,Hayden Frank,CHC,25,floor,,,reliever,MiLB (MLE),1.0,0.0,0.0,4.1,0.7,0.5,0.1,0.0,0.1,0.3,0.0,0.9,0.4,0.4,0.0,0.0,3.43,1.0,8.1,2.7,0.9,4.094,0.21617,0.08345,0.01161,0.03058,0.12303,0.03658,0.0033,3.43061,3.85895
809093,Aidan Cremarosa,TB,25,floor,,,starter,MiLB (MLE),1.0,0.0,0.0,4.1,0.7,0.5,0.1,0.0,0.1,0.3,0.0,0.9,0.4,0.4,0.0,0.0,3.51,1.0,8.1,2.7,0.9,4.084,0.21617,0.08345,0.01161,0.02875,0.12304,0.03658,0.0033,3.5085,3.75642
695402,Najer Victor,LAA,25,floor,,,reliever,MiLB (MLE),1.0,0.0,0.0,4.1,0.8,0.5,0.2,0.0,0.1,0.3,0.0,0.9,0.4,0.5,0.0,0.0,3.62,1.1,8.1,2.7,0.9,4.116,0.21618,0.08346,0.01161,0.03429,0.12308,0.03659,0.0033,3.6186,4.07042
828137,Miguel Sime Jr.,WSH,25,floor,,,starter,MiLB (MLE),1.0,0.0,0.0,4.1,0.7,0.5,0.1,0.0,0.1,0.3,0.0,0.9,0.4,0.4,0.0,0.0,3.45,1.0,8.1,2.7,0.9,4.077,0.21618,0.08345,0.01161,0.02757,0.12304,0.03658,0.0033,3.44704,3.69062
808127,Jesus Escobar,ARI,25,floor,,,reliever,MiLB (MLE),1.0,0.0,0.0,4.1,0.8,0.5,0.2,0.0,0.1,0.3,0.0,0.9,0.4,0.4,0.0,0.0,3.59,1.1,8.1,2.7,0.9,4.113,0.21619,0.08346,0.01161,0.03365,0.12309,0.03659,0.0033,3.58664,4.03446
701411,Jack Cebert,WSH,25,floor,,,reliever,MiLB (MLE),1.0,0.0,0.0,4.1,0.8,0.5,0.2,0.0,0.1,0.3,0.0,0.9,0.4,0.4,0.0,0.0,3.4,1.1,8.1,2.7,0.9,4.092,0.2162,0.08346,0.01161,0.03,0.12309,0.03659,0.0033,3.40344,3.8284
686769,Dane Acker,TEX,25,floor,,,reliever,MiLB (MLE),1.0,0.0,0.0,4.1,0.8,0.5,0.2,0.0,0.1,0.3,0.0,0.9,0.4,0.4,0.0,0.0,3.4,1.1,8.1,2.7,0.9,4.092,0.2162,0.08346,0.01161,0.03,0.12309,0.03659,0.0033,3.40344,3.8284
685719,Fernando Sanchez,SD,25,floor,,,reliever,MiLB (MLE),1.0,0.0,0.0,4.1,0.8,0.5,0.2,0.0,0.1,0.3,0.0,0.9,0.4,0.4,0.0,0.0,3.4,1.1,8.1,2.7,0.9,4.092,0.2162,0.08346,0.01161,0.03,0.12309,0.03659,0.0033,3.40344,3.8284
682260,Brian Metoyer,NYM,25,floor,,,reliever,MiLB (MLE),1.0,0.0,0.0,4.1,0.8,0.5,0.2,0.0,0.1,0.3,0.0,0.9,0.4,0.4,0.0,0.0,3.3,1.1,8.1,2.7,0.9,4.079,0.2162,0.08346,0.01161,0.02786,0.12309,0.03659,0.0033,3.29682,3.70846
687985,Josh White,MIA,26,floor,,,reliever,MLB,1.0,0.0,0.0,4.4,1.0,0.6,0.2,0.0,0.2,0.5,0.1,1.0,0.5,0.6,0.0,0.0,4.55,1.5,9.0,4.5,1.8,4.376,0.21616,0.1034,0.02187,0.03989,0.12908,0.03711,0.00296,4.54514,5.11265
804966,Jesus Gamez,TEX,25,floor,,,reliever,MiLB (MLE),1.0,0.0,0.0,4.1,0.8,0.5,0.2,0.0,0.1,0.3,0.0,0.9,0.4,0.4,0.0,0.0,3.32,1.1,8.1,2.7,0.9,4.086,0.21659,0.08362,0.0116,0.02777,0.12392,0.03684,0.00332,3.31861,3.73297
836167,Charlie Weber,HOU,25,floor,,,reliever,MiLB (MLE),1.0,0.0,0.0,4.1,0.8,0.5,0.2,0.0,0.1,0.3,0.0,0.9,0.4,0.4,0.0,0.0,3.35,1.1,8.1,2.7,0.9,4.09,0.21661,0.08363,0.0116,0.02836,0.12396,0.03685,0.00332,3.34911,3.76728
523260,Joe Kelly,LAD,39,floor,,,reliever,MLB,1.0,0.0,0.0,4.3,0.7,0.5,0.1,0.0,0.1,0.5,0.1,1.2,0.4,0.5,0.0,0.0,3.9,1.2,10.8,4.5,0.9,4.288,0.26879,0.10656,0.01987,0.0322,0.12477,0.03462,0.00266,3.90108,4.38817
656793,Nick Nelson,PHI,31,floor,,,reliever,MLB,1.0,0.0,0.0,4.3,0.9,0.6,0.2,0.0,0.1,0.4,0.1,1.0,0.4,0.5,0.0,0.0,3.92,1.3,9.0,3.6,0.9,4.283,0.22201,0.10028,0.01393,0.02768,0.13362,0.04127,0.00308,3.92499,4.41507
669722,Logan Davidson,LAA,29,floor,,,reliever,MLB,1.0,0.0,0.0,4.2,1.0,0.6,0.2,0.0,0.2,0.4,0.0,0.9,0.5,0.5,0.0,0.0,4.12,1.4,8.1,3.6,1.8,4.231,0.22205,0.0839,0.01087,0.0373,0.13755,0.03853,0.00329,4.12067,4.63518
641420,Zack Burdi,TB,32,floor,,,reliever,MLB,1.0,0.0,0.0,4.2,0.9,0.6,0.2,0.0,0.1,0.4,0.0,0.9,0.4,0.5,0.0,0.0,3.89,1.3,8.1,3.6,0.9,4.221,0.22209,0.08619,0.00902,0.03014,0.1394,0.04183,0.00331,3.89374,4.37991
701328,Jackson Ferris,LAD,25,floor,,,starter,MiLB (MLE),1.0,0.0,0.0,3.7,0.5,0.3,0.1,0.0,0.1,0.2,0.0,0.6,0.2,0.2,0.0,0.0,1.92,0.7,5.4,1.8,0.9,3.659,0.16859,0.0629,0.01204,0.02678,0.07709,0.02292,0.00207,1.91857,2.05414
702065,Aaron Rozek,MIN,25,floor,,,starter,MiLB (MLE),1.0,0.0,0.0,3.7,0.5,0.3,0.1,0.0,0.1,0.2,0.0,0.6,0.3,0.3,0.0,0.0,2.33,0.7,5.4,1.8,0.9,3.699,0.16814,0.06271,0.01204,0.03611,0.07678,0.02283,0.00206,2.33215,2.49695
622259,Trey Wingenter,CHC,33,floor,,,reliever,MLB,1.0,0.0,0.0,4.3,0.8,0.5,0.2,0.0,0.1,0.4,0.1,1.0,0.5,0.5,0.0,0.0,4.19,1.2,9.0,3.6,0.9,4.277,0.2223,0.08807,0.02006,0.03306,0.12675,0.04752,0.00338,4.18835,4.71131
687721,Cameron Weston,BAL,26,floor,,,reliever,MLB,1.0,0.0,0.0,4.3,1.0,0.6,0.2,0.0,0.2,0.4,0.0,1.0,0.5,0.5,0.0,0.0,4.09,1.4,9.0,3.6,1.8,4.253,0.2223,0.08935,0.01087,0.03633,0.14064,0.0351,0.00275,4.08977,4.60042
681463,Daniel Lloyd,BAL,25,floor,,,reliever,MiLB (MLE),1.0,0.0,0.0,4.1,0.8,0.5,0.2,0.0,0.1,0.3,0.0,0.9,0.4,0.4,0.0,0.0,3.57,1.1,8.1,2.7,0.9,4.113,0.21633,0.08352,0.0116,0.03321,0.12339,0.03668,0.00331,3.57418,4.02045
813828,Nolan Santos,MIN,25,floor,,,reliever,MiLB (MLE),1.0,0.0,0.0,4.1,0.8,0.5,0.2,0.0,0.1,0.3,0.0,0.9,0.4,0.4,0.0,0.0,3.4,1.1,8.1,2.7,0.9,4.093,0.21643,0.08356,0.0116,0.02958,0.12359,0.03674,0.00331,3.39802,3.82229
811307,Jack Wenninger,NYM,25,floor,,,starter,MiLB (MLE),1.0,0.0,0.0,3.7,0.5,0.3,0.1,0.0,0.1,0.2,0.0,0.6,0.2,0.3,0.0,0.0,2.2,0.7,5.4,1.8,0.9,3.677,0.16606,0.06179,0.01205,0.03421,0.07534,0.0224,0.00202,2.19944,2.35486
806581,Nick Merkel,MIL,25,floor,,,reliever,MiLB (MLE),1.0,0.0,0.0,4.1,0.8,0.5,0.2,0.0,0.1,0.3,0.0,0.9,0.4,0.4,0.0,0.0,3.43,1.1,8.1,2.7,0.9,4.098,0.21643,0.08356,0.0116,0.03029,0.12358,0.03674,0.00331,3.43351,3.86221
822514,Max Banks,CWS,25,floor,,,reliever,MiLB (MLE),1.0,0.0,0.0,4.1,0.8,0.5,0.2,0.0,0.1,0.3,0.0,0.9,0.4,0.4,0.0,0.0,3.49,1.1,8.1,2.7,0.9,4.104,0.21643,0.08356,0.0116,0.03146,0.12358,0.03674,0.00331,3.49213,3.92815
681064,Calvin Schapira,SEA,25,floor,,,reliever,MiLB (MLE),1.0,0.0,0.0,4.1,0.8,0.5,0.2,0.0,0.1,0.3,0.0,0.9,0.4,0.4,0.0,0.0,3.35,1.1,8.1,2.7,0.9,4.088,0.21644,0.08356,0.0116,0.02864,0.12359,0.03674,0.00331,3.35115,3.76957
800154,Marcos Herrera,COL,25,floor,,,starter,MiLB (MLE),1.0,0.0,0.0,4.1,0.8,0.5,0.2,0.0,0.1,0.3,0.0,0.9,0.4,0.5,0.0,0.0,3.86,1.1,8.1,2.7,0.9,4.125,0.21644,0.08356,0.0116,0.03503,0.12362,0.03675,0.00331,3.85954,4.13227
833386,Mason Estrada,LAD,25,floor,,,reliever,MiLB (MLE),1.0,0.0,0.0,4.1,0.8,0.5,0.2,0.0,0.1,0.3,0.0,0.9,0.4,0.4,0.0,0.0,3.56,1.1,8.1,2.7,0.9,4.111,0.21626,0.08349,0.01161,0.03308,0.12323,0.03663,0.0033,3.56204,4.0068
828749,Jack Eshleman,TOR,25,floor,,,reliever,MiLB (MLE),1.0,0.0,0.0,4.1,0.8,0.5,0.2,0.0,0.1,0.3,0.0,0.9,0.4,0.4,0.0,0.0,3.48,1.1,8.1,2.7,0.9,4.101,0.21627,0.08349,0.01161,0.03137,0.12325,0.03664,0.0033,3.47713,3.91128
813901,Titan Kennedy-Hayes,PHI,25,floor,,,reliever,MiLB (MLE),1.0,0.0,0.0,4.1,0.8,0.5,0.2,0.0,0.1,0.3,0.0,0.9,0.4,0.4,0.0,0.0,3.34,1.1,8.1,2.7,0.9,4.085,0.21628,0.0835,0.01161,0.02856,0.12326,0.03664,0.0033,3.33683,3.75346
808313,Jesus Tillero,LAD,25,floor,,,starter,MiLB (MLE),1.0,0.0,0.0,4.1,0.8,0.5,0.2,0.0,0.1,0.3,0.0,0.9,0.4,0.4,0.0,0.0,3.65,1.1,8.1,2.7,0.9,4.101,0.21632,0.08351,0.0116,0.03128,0.12336,0.03667,0.00331,3.65193,3.90999
808051,Wilkin Paredes,ARI,25,floor,,,reliever,MiLB (MLE),1.0,0.0,0.0,4.1,0.8,0.5,0.2,0.0,0.1,0.3,0.0,0.9,0.4,0.4,0.0,0.0,3.41,1.1,8.1,2.7,0.9,4.094,0.21633,0.08352,0.0116,0.03005,0.12336,0.03667,0.00331,3.41477,3.84113
664731,P.J. Higgins,CIN,34,floor,,,reliever,MLB,1.0,0.0,0.0,4.2,0.9,0.6,0.2,0.0,0.1,0.4,0.0,0.9,0.4,0.5,0.0,0.0,3.81,1.3,8.1,3.6,0.9,4.229,0.22233,0.08369,0.01087,0.0241,0.1409,0.04781,0.00378,3.81059,4.28638
835325,Alexander Martinez,CWS,25,floor,,,reliever,MiLB (MLE),1.0,0.0,0.0,4.1,0.8,0.5,0.2,0.0,0.1,0.3,0.0,0.9,0.4,0.5,0.0,0.0,3.64,1.1,8.1,2.7,0.9,4.129,0.21705,0.08381,0.01158,0.03358,0.12497,0.03715,0.00335,3.64357,4.0985
669436,Jacob Heatherly,CWS,25,floor,,,reliever,MiLB (MLE),1.0,0.0,0.0,4.1,0.8,0.5,0.2,0.0,0.1,0.3,0.0,0.9,0.4,0.4,0.0,0.0,3.34,1.1,8.1,2.7,0.9,4.094,0.21706,0.08381,0.01158,0.02762,0.12496,0.03715,0.00335,3.34341,3.76086
815626,Ethan Bagwell,ATL,25,floor,,,starter,MiLB (MLE),1.0,0.0,0.0,4.1,0.8,0.5,0.2,0.0,0.1,0.3,0.0,0.9,0.4,0.4,0.0,0.0,3.69,1.1,8.1,2.7,0.9,4.114,0.21708,0.08383,0.01158,0.0309,0.12504,0.03717,0.00335,3.68812,3.94874
823746,Harrison Bodendorf,CLE,25,floor,,,starter,MiLB (MLE),1.0,0.0,0.0,4.1,0.8,0.5,0.2,0.0,0.1,0.3,0.0,0.9,0.4,0.4,0.0,0.0,3.69,1.1,8.1,2.7,0.9,4.114,0.21708,0.08383,0.01158,0.0309,0.12504,0.03717,0.00335,3.68812,3.94874
809754,Ethan Bell,CHC,25,floor,,,reliever,MiLB (MLE),1.0,0.0,0.0,4.1,0.8,0.5,0.2,0.0,0.1,0.3,0.0,0.9,0.4,0.4,0.0,0.0,3.46,1.1,8.1,2.7,0.9,4.108,0.21709,0.08383,0.01158,0.02994,0.12504,0.03717,0.00335,3.46243,3.89475
827408,Ramon Marquez,SF,25,floor,,,starter,MiLB (MLE),1.0,0.0,0.0,4.1,0.8,0.5,0.2,0.0,0.1,0.3,0.0,0.9,0.4,0.4,0.0,0.0,3.54,1.1,8.1,2.7,0.9,4.097,0.21709,0.08383,0.01158,0.02803,0.12505,0.03717,0.00335,3.53724,3.78719
808252,Wuilliams Rodriguez,BOS,25,floor,,,reliever,MiLB (MLE),1.0,0.0,0.0,4.1,0.8,0.5,0.2,0.0,0.1,0.3,0.0,0.9,0.4,0.4,0.0,0.0,3.59,1.1,8.1,2.7,0.9,4.123,0.21711,0.08384,0.01158,0.03237,0.12511,0.03719,0.00335,3.58687,4.03472
809126,Cole Gilley,PHI,25,floor,,,reliever,MiLB (MLE),1.0,0.0,0.0,4.1,0.8,0.5,0.2,0.0,0.1,0.3,0.0,0.9,0.4,0.4,0.0,0.0,3.56,1.1,8.1,2.7,0.9,4.119,0.21711,0.08384,0.01158,0.03175,0.12511,0.03719,0.00335,3.55539,3.99932
683014,Richard Guasch,BAL,25,floor,,,reliever,MiLB (MLE),1.0,0.0,0.0,4.1,0.8,0.5,0.2,0.0,0.1,0.3,0.0,0.9,0.4,0.5,0.0,0.0,3.73,1.1,8.1,2.7,0.9,4.14,0.21712,0.08384,0.01158,0.03524,0.12515,0.0372,0.00335,3.73404,4.20027
700849,Jay Schueler,TOR,25,floor,,,reliever,MiLB (MLE),1.0,0.0,0.0,4.1,0.8,0.5,0.2,0.0,0.1,0.3,0.0,0.9,0.4,0.5,0.0,0.0,3.71,1.1,8.1,2.7,0.9,4.137,0.21712,0.08384,0.01158,0.03475,0.12515,0.03721,0.00335,3.70916,4.17229
700043,Justin Long,ATL,25,floor,,,reliever,MiLB (MLE),1.0,0.0,0.0,4.1,0.8,0.5,0.2,0.0,0.1,0.3,0.0,0.9,0.4,0.4,0.0,0.0,3.52,1.1,8.1,2.7,0.9,4.111,0.21673,0.08368,0.01159,0.03164,0.12425,0.03694,0.00333,3.52249,3.96231
813796,Preston Howey,DET,25,floor,,,reliever,MiLB (MLE),1.0,0.0,0.0,4.1,0.8,0.5,0.2,0.0,0.1,0.3,0.0,0.9,0.4,0.5,0.0,0.0,3.76,1.1,8.1,2.7,0.9,4.143,0.21712,0.08384,0.01158,0.03571,0.12515,0.0372,0.00335,3.75789,4.2271
842589,Gabe Tanner,CWS,25,floor,,,starter,MiLB (MLE),1.0,0.0,0.0,4.1,0.8,0.5,0.2,0.0,0.1,0.3,0.0,0.9,0.4,0.4,0.0,0.0,3.64,1.1,8.1,2.7,0.9,4.108,0.21712,0.08384,0.01158,0.02988,0.12511,0.03719,0.00335,3.63649,3.89346
815305,Austin Emener,COL,25,floor,,,reliever,MiLB (MLE),1.0,0.0,0.0,4.1,0.8,0.5,0.2,0.0,0.1,0.3,0.0,0.9,0.4,0.5,0.0,0.0,3.61,1.1,8.1,2.7,0.9,4.126,0.21713,0.08384,0.01158,0.03284,0.12515,0.03721,0.00335,3.6121,4.06311
657061,Cole Tucker,LAA,30,floor,,,reliever,MLB,1.0,0.0,0.0,4.3,0.9,0.6,0.2,0.0,0.1,0.4,0.0,0.9,0.4,0.5,0.0,0.0,3.89,1.3,8.1,3.6,0.9,4.257,0.21699,0.08783,0.01074,0.02508,0.14245,0.04697,0.00257,3.88565,4.37081
700985,Josh Hansell,KC,25,floor,,,reliever,MiLB (MLE),1.0,0.0,0.0,4.1,0.8,0.5,0.2,0.0,0.1,0.3,0.0,0.9,0.4,0.4,0.0,0.0,3.45,1.1,8.1,2.7,0.9,4.106,0.21699,0.08379,0.01158,0.02989,0.12482,0.03711,0.00334,3.45237,3.88343
801574,Matthew Dalquist,MIN,25,floor,,,starter,MiLB (MLE),1.0,0.0,0.0,4.1,0.8,0.5,0.2,0.0,0.1,0.3,0.0,0.9,0.4,0.4,0.0,0.0,3.46,1.1,8.1,2.7,0.9,4.088,0.21701,0.08379,0.01158,0.0267,0.12485,0.03711,0.00335,3.46082,3.70537
822876,Ryan Andrade,TB,25,floor,,,reliever,MiLB (MLE),1.0,0.0,0.0,4.1,0.8,0.5,0.2,0.0,0.1,0.3,0.0,0.9,0.4,0.5,0.0,0.0,3.75,1.1,8.1,2.7,0.9,4.14,0.21702,0.0838,0.01158,0.03564,0.12492,0.03714,0.00335,3.74684,4.21467
806637,Jordan Woods,KC,25,floor,,,reliever,MiLB (MLE),1.0,0.0,0.0,4.1,0.8,0.5,0.2,0.0,0.1,0.3,0.0,0.9,0.4,0.4,0.0,0.0,3.51,1.1,8.1,2.7,0.9,4.112,0.21703,0.08381,0.01158,0.03087,0.12493,0.03714,0.00335,3.50531,3.94299
834596,Kailen Hamson,BAL,25,floor,,,reliever,MiLB (MLE),1.0,0.0,0.0,4.1,0.8,0.5,0.2,0.0,0.1,0.3,0.0,0.9,0.4,0.4,0.0,0.0,3.45,1.1,8.1,2.7,0.9,4.106,0.21703,0.0838,0.01158,0.02983,0.12491,0.03713,0.00335,3.45223,3.88327
800128,Lisnerkin Lantigua,CIN,25,floor,,,reliever,MiLB (MLE),1.0,0.0,0.0,4.1,0.8,0.5,0.2,0.0,0.1,0.3,0.0,0.9,0.4,0.4,0.0,0.0,3.42,1.1,8.1,2.7,0.9,4.103,0.21703,0.0838,0.01158,0.0292,0.12491,0.03713,0.00335,3.42106,3.84821
831951,Yulian Quintana,PIT,25,floor,,,reliever,MiLB (MLE),1.0,0.0,0.0,4.1,0.8,0.5,0.2,0.0,0.1,0.3,0.0,0.9,0.4,0.5,0.0,0.0,3.76,1.1,8.1,2.7,0.9,4.143,0.21712,0.08384,0.01158,0.03571,0.12515,0.0372,0.00335,3.75789,4.2271
690206,Anthony Simonelli,KC,25,floor,,,reliever,MiLB (MLE),1.0,0.0,0.0,4.1,0.8,0.5,0.2,0.0,0.1,0.3,0.0,0.9,0.4,0.4,0.0,0.0,3.5,1.1,8.1,2.7,0.9,4.113,0.21713,0.08385,0.01158,0.03069,0.12516,0.03721,0.00335,3.50379,3.94127
680212,Conor Larkin,TOR,25,floor,,,reliever,MiLB (MLE),1.0,0.0,0.0,4.2,0.9,0.5,0.2,0.0,0.2,0.4,0.0,0.9,0.4,0.5,0.0,0.0,4.0,1.3,8.1,3.6,1.8,4.17,0.21714,0.08385,0.01157,0.04027,0.12523,0.03723,0.00336,3.99501,4.49383
670391,Ben Anderson,TEX,25,floor,,,reliever,MiLB (MLE),1.0,0.0,0.0,4.1,0.8,0.5,0.2,0.0,0.1,0.3,0.0,0.9,0.4,0.5,0.0,0.0,3.72,1.1,8.1,2.7,0.9,4.139,0.21716,0.08386,0.01157,0.03494,0.12524,0.03723,0.00336,3.72138,4.18603
678738,Juan Sanchez,SF,25,floor,,,reliever,MiLB (MLE),1.0,0.0,0.0,4.1,0.8,0.5,0.2,0.0,0.1,0.3,0.0,0.9,0.4,0.5,0.0,0.0,3.72,1.1,8.1,2.7,0.9,4.139,0.21716,0.08386,0.01157,0.03494,0.12524,0.03723,0.00336,3.72138,4.18603
700421,Gabriel Rodriguez,CWS,25,floor,,,reliever,MiLB (MLE),1.0,0.0,0.0,4.1,0.8,0.5,0.2,0.0,0.1,0.3,0.0,0.9,0.4,0.5,0.0,0.0,3.66,1.1,8.1,2.7,0.9,4.131,0.21716,0.08386,0.01157,0.03366,0.12524,0.03723,0.00336,3.65643,4.11297
823756,Ryan DeSanto,CLE,25,floor,,,starter,MiLB (MLE),1.0,0.0,0.0,4.1,0.8,0.5,0.2,0.0,0.1,0.3,0.0,0.9,0.4,0.4,0.0,0.0,3.68,1.1,8.1,2.7,0.9,4.113,0.21717,0.08386,0.01158,0.03054,0.12525,0.03723,0.00336,3.67583,3.93558
666155,Chuck King,PHI,25,floor,,,starter,MiLB (MLE),1.0,0.0,0.0,3.6,0.5,0.3,0.1,0.0,0.1,0.2,0.0,0.6,0.2,0.2,0.0,0.0,1.83,0.7,5.4,1.8,0.9,3.632,0.16418,0.06097,0.01206,0.02678,0.07406,0.02202,0.00198,1.82579,1.9548
694781,Logan Mercado,ARI,25,floor,,,reliever,MiLB (MLE),1.0,0.0,0.0,4.1,0.8,0.5,0.2,0.0,0.1,0.3,0.0,0.9,0.4,0.4,0.0,0.0,3.5,1.1,8.1,2.7,0.9,4.113,0.21717,0.08386,0.01158,0.03055,0.12524,0.03723,0.00336,3.49934,3.93627
656290,Drew Carlton,SD,31,floor,,,reliever,MLB,1.0,0.0,0.0,4.2,0.9,0.6,0.2,0.0,0.1,0.3,0.0,0.9,0.4,0.5,0.0,0.0,3.89,1.2,8.1,2.7,0.9,4.196,0.21718,0.07647,0.00977,0.03081,0.14252,0.04277,0.00338,3.89144,4.37732
682044,Sean Boyle,SD,25,floor,,,reliever,MiLB (MLE),1.0,0.0,0.0,3.7,0.5,0.3,0.1,0.0,0.1,0.2,0.0,0.6,0.2,0.3,0.0,0.0,2.04,0.7,5.4,1.8,0.9,3.659,0.1631,0.0605,0.01206,0.03433,0.07333,0.0218,0.00197,2.03786,2.29231
801179,Yu-Min Lin,ARI,25,floor,,,starter,MiLB (MLE),1.0,0.0,0.0,3.6,0.5,0.3,0.1,0.0,0.1,0.2,0.0,0.6,0.2,0.2,0.0,0.0,1.76,0.7,5.4,1.8,0.9,3.61,0.16055,0.05938,0.01207,0.02692,0.07161,0.02129,0.00192,1.75718,1.88135
686544,Nestor Lorant,CIN,25,floor,,,starter,MiLB (MLE),1.0,0.0,0.0,4.1,0.8,0.5,0.2,0.0,0.1,0.3,0.0,0.9,0.4,0.4,0.0,0.0,3.61,1.1,8.1,2.7,0.9,4.107,0.21722,0.08388,0.01157,0.02923,0.12536,0.03727,0.00336,3.61039,3.86552
804465,Riley Kelly,COL,25,floor,,,starter,MiLB (MLE),1.0,0.0,0.0,4.1,0.8,0.5,0.2,0.0,0.1,0.3,0.0,0.9,0.4,0.4,0.0,0.0,3.78,1.1,8.1,2.7,0.9,4.126,0.21722,0.08388,0.01157,0.03245,0.12538,0.03727,0.00336,3.78172,4.04895
810098,Yadiel Batista,STL,25,floor,,,reliever,MiLB (MLE),1.0,0.0,0.0,4.1,0.8,0.5,0.2,0.0,0.1,0.3,0.0,0.9,0.4,0.4,0.0,0.0,3.47,1.1,8.1,2.7,0.9,4.111,0.21723,0.08389,0.01157,0.02995,0.12539,0.03728,0.00336,3.47344,3.90713
425794,Adam Wainwright,STL,45,floor,,,reliever,MLB,1.0,0.0,0.0,4.3,1.0,0.7,0.2,0.0,0.1,0.3,0.0,0.7,0.5,0.6,0.0,0.0,4.48,1.3,6.3,2.7,0.9,4.308,0.162,0.07747,0.00664,0.03365,0.15565,0.04671,0.00369,4.48053,5.03997
702314,Sean Hermann,SEA,25,floor,,,starter,MiLB (MLE),1.0,0.0,0.0,4.1,0.8,0.5,0.2,0.0,0.1,0.3,0.0,0.9,0.4,0.4,0.0,0.0,3.68,1.1,8.1,2.7,0.9,4.115,0.21723,0.08389,0.01157,0.03057,0.12539,0.03728,0.00336,3.68229,3.94249
681315,Logan Whitaker,MIA,25,floor,,,reliever,MiLB (MLE),1.0,0.0,0.0,4.1,0.8,0.5,0.2,0.0,0.1,0.3,0.0,0.9,0.4,0.4,0.0,0.0,3.36,1.1,8.1,2.7,0.9,4.098,0.21723,0.08388,0.01157,0.02771,0.12536,0.03727,0.00336,3.36044,3.78003
669441,Chandler Champlain,WSH,25,floor,,,starter,MiLB (MLE),1.0,0.0,0.0,3.6,0.5,0.3,0.1,0.0,0.1,0.2,0.0,0.6,0.2,0.3,0.0,0.0,2.11,0.7,5.4,1.8,0.9,3.649,0.16103,0.05959,0.01207,0.03471,0.07194,0.02139,0.00193,2.11409,2.26348
696491,Gavin Bruni,WSH,25,floor,,,reliever,MiLB (MLE),1.0,0.0,0.0,4.1,0.8,0.5,0.2,0.0,0.1,0.3,0.0,0.9,0.4,0.4,0.0,0.0,3.38,1.1,8.1,2.7,0.9,4.101,0.21724,0.08389,0.01157,0.02811,0.12539,0.03728,0.00336,3.38153,3.80375
802411,JT Quinn,BAL,25,floor,,,starter,MiLB (MLE),1.0,0.0,0.0,4.1,0.8,0.5,0.2,0.0,0.1,0.3,0.0,0.9,0.4,0.4,0.0,0.0,3.59,1.1,8.1,2.7,0.9,4.103,0.21705,0.08381,0.01158,0.02913,0.12496,0.03715,0.00335,3.59204,3.84586
678620,Blake Townsend,TEX,25,floor,,,starter,MiLB (MLE),1.0,0.0,0.0,4.1,0.8,0.5,0.2,0.0,0.1,0.3,0.0,0.9,0.4,0.4,0.0,0.0,3.43,1.1,8.1,2.7,0.9,4.085,0.21705,0.08381,0.01158,0.0261,0.12494,0.03714,0.00335,3.43235,3.67489
823671,Mitch Mueller,MIN,25,floor,,,reliever,MiLB (MLE),1.0,0.0,0.0,4.1,0.8,0.5,0.2,0.0,0.1,0.3,0.0,0.9,0.4,0.4,0.0,0.0,3.59,1.1,8.1,2.7,0.9,4.124,0.21721,0.08388,0.01157,0.03227,0.12536,0.03727,0.00336,3.58942,4.03759
822163,Kellan Oakes,HOU,25,floor,,,reliever,MiLB (MLE),1.0,0.0,0.0,4.2,0.9,0.5,0.2,0.0,0.2,0.4,0.0,0.9,0.4,0.5,0.0,0.0,3.84,1.3,8.1,3.6,1.8,4.15,0.21696,0.08378,0.01158,0.03751,0.1248,0.0371,0.00334,3.83869,4.31799
693759,Euri Montero,WSH,25,floor,,,reliever,MiLB (MLE),1.0,0.0,0.0,4.1,0.8,0.5,0.2,0.0,0.1,0.3,0.0,0.9,0.4,0.5,0.0,0.0,3.64,1.1,8.1,2.7,0.9,4.128,0.21698,0.08378,0.01158,0.0337,0.12481,0.0371,0.00334,3.6445,4.09955
703231,James Meeker,MIL,32,floor,,,reliever,MLB,1.0,0.0,0.0,4.3,0.9,0.6,0.2,0.0,0.1,0.4,0.0,0.9,0.4,0.5,0.0,0.0,3.8,1.3,8.1,3.6,0.9,4.255,0.21698,0.08783,0.01074,0.02336,0.14666,0.04408,0.00278,3.80028,4.27478
830433,Denis Samudio,TOR,25,floor,,,starter,MiLB (MLE),1.0,0.0,0.0,4.1,0.8,0.5,0.2,0.0,0.1,0.3,0.0,0.9,0.4,0.4,0.0,0.0,3.67,1.1,8.1,2.7,0.9,4.108,0.21679,0.0837,0.01159,0.03093,0.12436,0.03697,0.00333,3.66697,3.92609
664059,Sam Haggerty,TEX,33,floor,,,reliever,MLB,1.0,0.0,0.0,4.3,0.9,0.6,0.2,0.0,0.1,0.4,0.1,0.9,0.5,0.5,0.0,0.0,4.06,1.3,8.1,3.6,0.9,4.292,0.2168,0.08366,0.02319,0.02872,0.13989,0.04276,0.00313,4.06272,4.56999
838731,Landon Koenig,NYM,25,floor,,,reliever,MiLB (MLE),1.0,0.0,0.0,4.2,0.9,0.6,0.2,0.0,0.1,0.4,0.0,0.9,0.4,0.5,0.0,0.0,3.93,1.3,8.1,3.6,0.9,4.236,0.22054,0.08511,0.01129,0.02942,0.14085,0.04187,0.00377,3.93098,4.42179
702640,Tyler Gough,LAD,25,floor,,,starter,MiLB (MLE),1.0,0.0,0.0,4.1,0.8,0.5,0.2,0.0,0.1,0.3,0.0,0.9,0.4,0.4,0.0,0.0,3.46,1.1,8.1,2.7,0.9,4.085,0.2168,0.08371,0.01159,0.02693,0.12437,0.03697,0.00333,3.45714,3.70144
827526,Jacob Kisting,MIA,25,floor,,,starter,MiLB (MLE),1.0,0.0,0.0,4.1,0.8,0.5,0.2,0.0,0.1,0.3,0.0,0.9,0.4,0.4,0.0,0.0,3.49,1.1,8.1,2.7,0.9,4.088,0.2168,0.08371,0.01159,0.02748,0.12437,0.03697,0.00333,3.48612,3.73246
827445,Joel Lara,NYM,25,floor,,,reliever,MiLB (MLE),1.0,0.0,0.0,4.1,0.8,0.5,0.2,0.0,0.1,0.3,0.0,0.9,0.4,0.4,0.0,0.0,3.37,1.1,8.1,2.7,0.9,4.094,0.21682,0.08372,0.01159,0.02847,0.12444,0.03699,0.00333,3.36941,3.79012
816142,Troy Guthrie,TOR,25,floor,,,starter,MiLB (MLE),1.0,0.0,0.0,4.1,0.8,0.5,0.2,0.0,0.1,0.3,0.0,0.9,0.4,0.4,0.0,0.0,3.71,1.1,8.1,2.7,0.9,4.113,0.21683,0.08372,0.01159,0.0317,0.12447,0.037,0.00334,3.71155,3.97382
543507,Trevor May,OAK,37,floor,,,reliever,MLB,1.0,0.0,0.0,4.3,0.9,0.6,0.2,0.0,0.1,0.5,0.0,0.9,0.5,0.5,0.0,0.0,4.15,1.4,8.1,4.5,0.9,4.33,0.21704,0.10516,0.01003,0.02976,0.13767,0.04131,0.00327,4.14815,4.66609
814710,Jason Woodward,MIL,25,floor,,,reliever,MiLB (MLE),1.0,0.0,0.0,4.1,0.8,0.5,0.2,0.0,0.1,0.3,0.0,0.9,0.4,0.5,0.0,0.0,3.63,1.1,8.1,2.7,0.9,4.124,0.21683,0.08372,0.01159,0.0336,0.12447,0.037,0.00334,3.62857,4.08163
694662,Jack Sokol,NYY,25,floor,,,reliever,MiLB (MLE),1.0,0.0,0.0,4.1,0.8,0.5,0.2,0.0,0.1,0.3,0.0,0.9,0.4,0.4,0.0,0.0,3.39,1.1,8.1,2.7,0.9,4.097,0.21684,0.08373,0.01159,0.02885,0.12448,0.03701,0.00334,3.3899,3.81317
682769,Eiberson Castellano,COL,26,floor,,,reliever,MLB,1.0,0.0,0.0,4.3,0.9,0.6,0.2,0.0,0.1,0.3,0.1,0.9,0.4,0.5,0.0,0.0,3.93,1.2,8.1,2.7,0.9,4.267,0.21684,0.07968,0.02093,0.0266,0.14461,0.04271,0.00277,3.92977,4.42044
702642,Patrick Galle,STL,25,floor,,,reliever,MiLB (MLE),1.0,0.0,0.0,4.1,0.8,0.5,0.2,0.0,0.1,0.3,0.0,0.9,0.4,0.4,0.0,0.0,3.39,1.1,8.1,2.7,0.9,4.097,0.21684,0.08373,0.01159,0.02885,0.12448,0.03701,0.00334,3.3899,3.81317
697811,Dylan Ross,NYM,26,floor,,,reliever,MLB,1.0,0.0,0.0,4.2,0.9,0.6,0.2,0.0,0.1,0.4,0.0,0.9,0.5,0.5,0.0,0.0,4.13,1.3,8.1,3.6,0.9,4.24,0.21685,0.08368,0.01087,0.0332,0.134,0.04817,0.00314,4.13311,4.64916
666301,Indigo Diaz,ARI,25,floor,,,reliever,MiLB (MLE),1.0,0.0,0.0,4.2,0.9,0.5,0.2,0.0,0.2,0.4,0.0,0.9,0.4,0.5,0.0,0.0,3.86,1.3,8.1,3.6,1.8,4.151,0.21685,0.08373,0.01158,0.03807,0.12455,0.03703,0.00334,3.85915,4.341
676694,Jake Meyers,HOU,31,floor,,,reliever,MLB,1.0,0.0,0.0,4.2,0.9,0.6,0.2,0.0,0.1,0.4,0.0,0.9,0.4,0.5,0.0,0.0,3.77,1.3,8.1,3.6,0.9,4.24,0.21685,0.08368,0.01087,0.02554,0.1521,0.03812,0.00261,3.76879,4.23936
806064,Steven Echavarria,OAK,25,floor,,,starter,MiLB (MLE),1.0,0.0,0.0,4.1,0.8,0.5,0.2,0.0,0.1,0.3,0.0,0.9,0.4,0.4,0.0,0.0,3.73,1.1,8.1,2.7,0.9,4.116,0.21687,0.08374,0.01159,0.03205,0.12456,0.03703,0.00334,3.73273,3.99649
814742,Max Bayles,MIN,25,floor,,,reliever,MiLB (MLE),1.0,0.0,0.0,4.2,0.9,0.6,0.2,0.0,0.1,0.4,0.0,0.9,0.4,0.5,0.0,0.0,3.93,1.3,8.1,3.6,0.9,4.236,0.22054,0.08511,0.01129,0.02942,0.14085,0.04187,0.00377,3.93098,4.42179
700357,Juan Rojas,BAL,25,floor,,,reliever,MiLB (MLE),1.0,0.0,0.0,4.1,0.8,0.5,0.2,0.0,0.1,0.3,0.0,0.9,0.4,0.4,0.0,0.0,3.31,1.1,8.1,2.7,0.9,4.086,0.21671,0.08367,0.01159,0.02744,0.12417,0.03691,0.00333,3.30982,3.72308
690104,Graham Osman,CIN,25,floor,,,reliever,MiLB (MLE),1.0,0.0,0.0,4.1,0.8,0.5,0.2,0.0,0.1,0.3,0.0,0.9,0.4,0.4,0.0,0.0,3.58,1.1,8.1,2.7,0.9,4.119,0.21683,0.08372,0.01159,0.03265,0.12447,0.037,0.00334,3.58058,4.02765
702045,Rorik Maltrud,CLE,25,floor,,,starter,MiLB (MLE),1.0,0.0,0.0,3.6,0.5,0.3,0.1,0.0,0.1,0.2,0.0,0.6,0.2,0.2,0.0,0.0,1.99,0.7,5.4,1.8,0.9,3.634,0.16041,0.05932,0.01207,0.03231,0.07152,0.02126,0.00192,1.99359,2.13446
700848,Reese Dutton,PHI,25,floor,,,reliever,MiLB (MLE),1.0,0.0,0.0,4.1,0.8,0.5,0.2,0.0,0.1,0.3,0.0,0.9,0.4,0.4,0.0,0.0,3.57,1.1,8.1,2.7,0.9,4.12,0.21704,0.08381,0.01158,0.03216,0.12496,0.03715,0.00335,3.57106,4.01694
702712,Tucker Biven,WSH,25,floor,,,reliever,MiLB (MLE),1.0,0.0,0.0,4.1,0.8,0.5,0.2,0.0,0.1,0.3,0.0,0.9,0.4,0.4,0.0,0.0,3.36,1.1,8.1,2.7,0.9,4.096,0.21704,0.08381,0.01158,0.02801,0.12493,0.03714,0.00335,3.36193,3.7817
681097,Andrew Moore,SD,25,floor,,,reliever,MiLB (MLE),1.0,0.0,0.0,4.1,0.8,0.5,0.2,0.0,0.1,0.3,0.0,0.9,0.4,0.4,0.0,0.0,3.38,1.1,8.1,2.7,0.9,4.098,0.21704,0.08381,0.01158,0.02828,0.12493,0.03714,0.00335,3.37582,3.79733
805220,Lucas Kelly,SEA,25,floor,,,reliever,MiLB (MLE),1.0,0.0,0.0,4.1,0.8,0.5,0.2,0.0,0.1,0.3,0.0,0.9,0.4,0.4,0.0,0.0,3.42,1.1,8.1,2.7,0.9,4.103,0.21705,0.08381,0.01158,0.02913,0.12496,0.03715,0.00335,3.41897,3.84586
695835,Edwin Núñez,STL,25,floor,,,reliever,MiLB (MLE),1.0,0.0,0.0,4.1,0.8,0.5,0.2,0.0,0.1,0.3,0.0,0.9,0.4,0.4,0.0,0.0,3.49,1.1,8.1,2.7,0.9,4.111,0.21705,0.08381,0.01158,0.03064,0.12496,0.03715,0.00335,3.49486,3.93122
696492,Ryan Prager,CLE,25,floor,,,reliever,MiLB (MLE),1.0,0.0,0.0,4.1,0.8,0.5,0.2,0.0,0.1,0.3,0.0,0.9,0.4,0.4,0.0,0.0,3.52,1.1,8.1,2.7,0.9,4.114,0.21705,0.08381,0.01158,0.03109,0.12497,0.03715,0.00335,3.5178,3.95703
808207,Wen-Hui Pan,PHI,25,floor,,,reliever,MiLB (MLE),1.0,0.0,0.0,4.1,0.8,0.5,0.2,0.0,0.1,0.3,0.0,0.9,0.4,0.4,0.0,0.0,3.49,1.1,8.1,2.7,0.9,4.111,0.21705,0.08381,0.01158,0.03064,0.12496,0.03715,0.00335,3.49486,3.93122
701409,Corey Braun,OAK,25,floor,,,starter,MiLB (MLE),1.0,0.0,0.0,4.1,0.8,0.5,0.2,0.0,0.1,0.3,0.0,0.9,0.4,0.4,0.0,0.0,3.74,1.1,8.1,2.7,0.9,4.117,0.21687,0.08374,0.01159,0.03222,0.12456,0.03703,0.00334,3.74212,4.00655
671143,Trenton Denholm,CLE,25,floor,,,starter,MiLB (MLE),1.0,0.0,0.0,3.6,0.5,0.3,0.1,0.0,0.1,0.2,0.0,0.6,0.2,0.2,0.0,0.0,2.09,0.7,5.4,1.8,0.9,3.644,0.1604,0.05932,0.01207,0.03448,0.07151,0.02126,0.00192,2.09067,2.23841
663336,Aaron Shortridge,PIT,25,floor,,,reliever,MiLB (MLE),1.0,0.0,0.0,4.1,0.8,0.5,0.2,0.0,0.1,0.3,0.0,0.9,0.4,0.4,0.0,0.0,3.49,1.1,8.1,2.7,0.9,4.109,0.21696,0.08378,0.01158,0.03059,0.12476,0.03709,0.00334,3.48597,3.92122
810897,Charlie Beilenson,SEA,25,floor,,,reliever,MiLB (MLE),1.0,0.0,0.0,4.1,0.8,0.5,0.2,0.0,0.1,0.3,0.0,0.9,0.4,0.4,0.0,0.0,3.47,1.1,8.1,2.7,0.9,4.107,0.2169,0.08375,0.01159,0.03039,0.12462,0.03705,0.00334,3.47143,3.90487
814804,Grant Rogers,TOR,25,floor,,,starter,MiLB (MLE),1.0,0.0,0.0,3.7,0.5,0.3,0.1,0.0,0.1,0.2,0.0,0.6,0.2,0.3,0.0,0.0,2.23,0.7,5.4,1.8,0.9,3.658,0.16027,0.05926,0.01207,0.03769,0.07143,0.02123,0.00191,2.23238,2.39013
826466,Winyer Chourio,SD,25,floor,,,starter,MiLB (MLE),1.0,0.0,0.0,4.1,0.8,0.5,0.2,0.0,0.1,0.3,0.0,0.9,0.4,0.4,0.0,0.0,3.77,1.1,8.1,2.7,0.9,4.121,0.21693,0.08376,0.01158,0.03271,0.1247,0.03707,0.00334,3.77281,4.03941
823932,Jordan Henriquez,CHC,25,floor,,,reliever,MiLB (MLE),1.0,0.0,0.0,4.1,0.8,0.5,0.2,0.0,0.1,0.3,0.0,0.9,0.4,0.4,0.0,0.0,3.51,1.1,8.1,2.7,0.9,4.111,0.21693,0.08376,0.01158,0.03102,0.1247,0.03707,0.00334,3.50553,3.94322
668766,Dylan File,DET,25,floor,,,starter,MiLB (MLE),1.0,0.0,0.0,3.7,0.5,0.3,0.1,0.0,0.1,0.2,0.0,0.6,0.3,0.3,0.0,0.0,2.26,0.7,5.4,1.8,0.9,3.658,0.15964,0.05898,0.01207,0.03852,0.07101,0.02111,0.0019,2.25671,2.41618
688944,Max Gieg,LAA,25,floor,,,reliever,MiLB (MLE),1.0,0.0,0.0,4.1,0.8,0.5,0.2,0.0,0.1,0.3,0.0,0.9,0.4,0.4,0.0,0.0,3.45,1.1,8.1,2.7,0.9,4.105,0.21694,0.08377,0.01158,0.02986,0.1247,0.03707,0.00334,3.44736,3.8778
802192,Daniel Corniel,MIL,25,floor,,,reliever,MiLB (MLE),1.0,0.0,0.0,4.1,0.8,0.5,0.2,0.0,0.1,0.3,0.0,0.9,0.4,0.4,0.0,0.0,3.4,1.1,8.1,2.7,0.9,4.099,0.21694,0.08377,0.01158,0.02891,0.12471,0.03707,0.00334,3.39973,3.82421
695384,Cannon Pickell,MIA,25,floor,,,reliever,MiLB (MLE),1.0,0.0,0.0,4.1,0.8,0.5,0.2,0.0,0.1,0.3,0.0,0.9,0.4,0.4,0.0,0.0,3.4,1.1,8.1,2.7,0.9,4.099,0.21694,0.08377,0.01158,0.02891,0.12471,0.03707,0.00334,3.39973,3.82421
806583,Adonys Perez,ARI,25,floor,,,reliever,MiLB (MLE),1.0,0.0,0.0,4.1,0.8,0.5,0.2,0.0,0.1,0.3,0.0,0.9,0.4,0.5,0.0,0.0,3.71,1.1,8.1,2.7,0.9,4.136,0.21695,0.08377,0.01158,0.03512,0.12475,0.03709,0.00334,3.71488,4.17872
702622,Griffin Herring,COL,25,floor,,,reliever,MiLB (MLE),1.0,0.0,0.0,4.1,0.8,0.5,0.2,0.0,0.1,0.3,0.0,0.9,0.4,0.5,0.0,0.0,3.64,1.1,8.1,2.7,0.9,4.127,0.21695,0.08377,0.01158,0.03361,0.12475,0.03709,0.00334,3.63825,4.09252
829473,Chung-Hsiang Huang,ARI,25,floor,,,starter,MiLB (MLE),1.0,0.0,0.0,4.1,0.8,0.5,0.2,0.0,0.1,0.3,0.0,0.9,0.4,0.4,0.0,0.0,3.72,1.1,8.1,2.7,0.9,4.116,0.21696,0.08378,0.01158,0.03166,0.12477,0.03709,0.00334,3.71904,3.98184
695727,Eric Hammond,MIN,25,floor,,,reliever,MiLB (MLE),1.0,0.0,0.0,4.1,0.8,0.5,0.2,0.0,0.1,0.3,0.0,0.9,0.4,0.4,0.0,0.0,3.38,1.1,8.1,2.7,0.9,4.096,0.21688,0.08374,0.01159,0.0285,0.12457,0.03703,0.00334,3.37526,3.79669
695569,Luke Hayden,CIN,25,floor,,,starter,MiLB (MLE),1.0,0.0,0.0,4.1,0.8,0.5,0.1,0.0,0.2,0.3,0.0,0.9,0.4,0.5,0.0,0.0,3.88,1.1,8.1,2.7,1.8,4.116,0.21528,0.08308,0.01163,0.03698,0.12131,0.03606,0.00325,3.88425,4.15872
682863,Francis Rivera,COL,25,floor,,,reliever,MiLB (MLE),1.0,0.0,0.0,4.1,0.7,0.5,0.1,0.0,0.1,0.3,0.0,0.9,0.4,0.4,0.0,0.0,3.48,1.0,8.1,2.7,0.9,4.092,0.21529,0.08309,0.01163,0.03268,0.12132,0.03607,0.00325,3.48112,3.91577
811594,Bernard Jose,SD,25,floor,,,reliever,MiLB (MLE),1.0,0.0,0.0,4.1,0.7,0.5,0.1,0.0,0.1,0.3,0.0,0.9,0.4,0.4,0.0,0.0,3.41,1.0,8.1,2.7,0.9,4.083,0.2153,0.08309,0.01163,0.03116,0.12132,0.03607,0.00325,3.40517,3.83034
676785,Bryce Conley,NYM,25,floor,,,starter,MiLB (MLE),1.0,0.0,0.0,4.1,0.7,0.5,0.1,0.0,0.1,0.3,0.0,0.9,0.4,0.4,0.0,0.0,3.49,1.0,8.1,2.7,0.9,4.074,0.2153,0.08309,0.01163,0.02955,0.12132,0.03607,0.00325,3.4934,3.74026
804577,Reid VanScoter,SEA,25,floor,,,reliever,MiLB (MLE),1.0,0.0,0.0,4.1,0.7,0.5,0.1,0.0,0.1,0.3,0.0,0.9,0.4,0.4,0.0,0.0,3.33,1.0,8.1,2.7,0.9,4.074,0.2153,0.08309,0.01163,0.02955,0.12132,0.03607,0.00325,3.32509,3.74026
808512,Jeremy Reyes,ATL,25,floor,,,starter,MiLB (MLE),1.0,0.0,0.0,4.1,0.7,0.5,0.1,0.0,0.1,0.3,0.0,0.9,0.4,0.4,0.0,0.0,3.49,1.0,8.1,2.7,0.9,4.071,0.21502,0.08297,0.01164,0.0298,0.1208,0.03591,0.00324,3.48891,3.73545
813533,Michael Lombardi,KC,25,floor,,,starter,MiLB (MLE),1.0,0.0,0.0,4.1,0.7,0.5,0.1,0.0,0.1,0.3,0.0,0.9,0.4,0.4,0.0,0.0,3.53,1.0,8.1,2.7,0.9,4.076,0.21505,0.08299,0.01164,0.03061,0.12086,0.03593,0.00324,3.53317,3.78283
668754,Braden Bristo,DET,32,floor,,,reliever,MLB,1.0,0.0,0.0,4.3,0.9,0.6,0.2,0.0,0.1,0.4,0.0,0.9,0.5,0.5,0.0,0.0,4.05,1.3,8.1,3.6,0.9,4.262,0.21506,0.08986,0.0082,0.03067,0.14186,0.04257,0.00337,4.05117,4.557
687145,Evan Justice,COL,28,floor,,,reliever,MLB,1.0,0.0,0.0,4.3,0.9,0.6,0.2,0.0,0.1,0.4,0.1,0.9,0.5,0.5,0.0,0.0,4.21,1.3,8.1,3.6,0.9,4.346,0.21506,0.10181,0.01552,0.02982,0.13795,0.0414,0.00327,4.20581,4.73095
686946,Jose Dicochea,OAK,25,floor,,,reliever,MiLB (MLE),1.0,0.0,0.0,4.1,0.7,0.5,0.1,0.0,0.1,0.3,0.0,0.9,0.4,0.4,0.0,0.0,3.51,1.0,8.1,2.7,0.9,4.092,0.21507,0.08299,0.01164,0.03348,0.1209,0.03594,0.00324,3.5073,3.94522
805124,Donovan Zsak,CLE,25,floor,,,reliever,MiLB (MLE),1.0,0.0,0.0,4.1,0.8,0.5,0.2,0.0,0.1,0.3,0.0,0.9,0.4,0.4,0.0,0.0,3.38,1.1,8.1,2.7,0.9,4.089,0.21622,0.08347,0.01161,0.02947,0.12315,0.03661,0.0033,3.37865,3.80051
692437,Winston Santos,TEX,25,floor,,,reliever,MLB,1.0,0.0,0.0,4.3,0.9,0.6,0.2,0.0,0.1,0.4,0.0,0.9,0.4,0.5,0.0,0.0,3.99,1.3,8.1,3.6,0.9,4.252,0.21509,0.08645,0.01013,0.02917,0.14268,0.04327,0.00324,3.98527,4.48287
813989,Talon Haley,LAA,25,floor,,,starter,MiLB (MLE),1.0,0.0,0.0,4.1,0.7,0.5,0.1,0.0,0.1,0.3,0.0,0.9,0.4,0.4,0.0,0.0,3.41,1.0,8.1,2.7,0.9,4.063,0.2151,0.083,0.01164,0.02824,0.12093,0.03595,0.00324,3.41224,3.65336
695695,Tyson Neighbors,BAL,25,floor,,,reliever,MiLB (MLE),1.0,0.0,0.0,4.1,0.7,0.5,0.1,0.0,0.1,0.3,0.0,0.9,0.4,0.4,0.0,0.0,3.39,1.0,8.1,2.7,0.9,4.079,0.2151,0.08301,0.01164,0.03106,0.12096,0.03596,0.00324,3.38854,3.81164
823182,Braylon Owens,MIL,25,floor,,,starter,MiLB (MLE),1.0,0.0,0.0,4.1,0.7,0.5,0.1,0.0,0.1,0.3,0.0,0.9,0.4,0.4,0.0,0.0,3.41,1.0,8.1,2.7,0.9,4.063,0.21511,0.08301,0.01164,0.02817,0.12096,0.03596,0.00324,3.40937,3.65029
813707,Merrick Baldo,WSH,25,floor,,,reliever,MiLB (MLE),1.0,0.0,0.0,4.1,0.7,0.5,0.1,0.0,0.1,0.3,0.0,0.9,0.4,0.4,0.0,0.0,3.38,1.0,8.1,2.7,0.9,4.078,0.21513,0.08302,0.01164,0.03076,0.12101,0.03597,0.00324,3.37543,3.79689
807988,Donny Troconis,OAK,25,floor,,,starter,MiLB (MLE),1.0,0.0,0.0,4.1,0.7,0.5,0.1,0.0,0.1,0.3,0.0,0.9,0.4,0.4,0.0,0.0,3.67,1.0,8.1,2.7,0.9,4.091,0.21515,0.08303,0.01164,0.03304,0.12105,0.03599,0.00324,3.66698,3.92611
683020,Gustavo Rodriguez,OAK,25,floor,,,reliever,MiLB (MLE),1.0,0.0,0.0,4.0,0.7,0.5,0.1,0.0,0.1,0.3,0.0,0.9,0.3,0.4,0.0,0.0,3.11,1.0,8.1,2.7,0.9,4.047,0.21516,0.08303,0.01164,0.02528,0.12105,0.03598,0.00324,3.10603,3.49384
621294,Ben Heller,PIT,35,floor,,,reliever,MLB,1.0,0.0,0.0,4.4,0.9,0.6,0.2,0.0,0.1,0.4,0.2,0.9,0.5,0.5,0.0,0.0,4.13,1.3,8.1,3.6,0.9,4.428,0.21518,0.09572,0.03984,0.02244,0.14336,0.03785,0.00297,4.13056,4.6463
453178,Ian Kennedy,TEX,42,floor,,,reliever,MLB,1.0,0.0,0.0,4.3,0.9,0.6,0.2,0.0,0.1,0.4,0.0,0.9,0.4,0.5,0.0,0.0,4.02,1.3,8.1,3.6,0.9,4.261,0.21519,0.09038,0.01026,0.03028,0.14007,0.04203,0.00332,4.01778,4.51943
809229,Jaron DeBerry,MIL,25,floor,,,starter,MiLB (MLE),1.0,0.0,0.0,3.8,0.5,0.3,0.1,0.0,0.1,0.3,0.0,0.7,0.3,0.3,0.0,0.0,2.76,0.8,6.3,2.7,0.9,3.798,0.18111,0.06837,0.01199,0.03861,0.0861,0.0256,0.00231,2.75598,2.95073
815779,Cole Hillier,SF,25,floor,,,reliever,MiLB (MLE),1.0,0.0,0.0,4.1,0.7,0.5,0.1,0.0,0.1,0.3,0.0,0.9,0.4,0.4,0.0,0.0,3.42,1.0,8.1,2.7,0.9,4.082,0.21507,0.083,0.01164,0.03165,0.1209,0.03594,0.00324,3.41614,3.84267
834985,Dalton Neuschwander,BAL,25,floor,,,reliever,MiLB (MLE),1.0,0.0,0.0,4.1,0.7,0.5,0.1,0.0,0.1,0.3,0.0,0.9,0.4,0.4,0.0,0.0,3.42,1.0,8.1,2.7,0.9,4.085,0.21535,0.08311,0.01163,0.03136,0.12143,0.0361,0.00325,3.41823,3.84503
836074,Riely Hunsaker,CHC,25,floor,,,reliever,MiLB (MLE),1.0,0.0,0.0,4.1,0.7,0.5,0.1,0.0,0.1,0.3,0.0,0.9,0.4,0.4,0.0,0.0,3.42,1.0,8.1,2.7,0.9,4.085,0.21535,0.08311,0.01163,0.03136,0.12143,0.0361,0.00325,3.41823,3.84503
807724,Justin Chambers,LAD,25,floor,,,reliever,MiLB (MLE),1.0,0.0,0.0,4.1,0.7,0.5,0.1,0.0,0.1,0.3,0.0,0.9,0.4,0.4,0.0,0.0,3.3,1.0,8.1,2.7,0.9,4.072,0.21536,0.08312,0.01163,0.02904,0.12143,0.0361,0.00325,3.3032,3.71563
808218,Luis Carias,LAD,25,floor,,,reliever,MiLB (MLE),1.0,0.0,0.0,4.1,0.7,0.5,0.1,0.0,0.1,0.3,0.0,0.9,0.4,0.4,0.0,0.0,3.39,1.0,8.1,2.7,0.9,4.081,0.21536,0.08311,0.01163,0.03076,0.12143,0.0361,0.00325,3.38841,3.81149
804698,Brandon Decker,NYY,25,floor,,,reliever,MiLB (MLE),1.0,0.0,0.0,4.1,0.7,0.5,0.1,0.0,0.1,0.3,0.0,0.9,0.4,0.4,0.0,0.0,3.3,1.0,8.1,2.7,0.9,4.072,0.21536,0.08312,0.01163,0.02904,0.12143,0.0361,0.00325,3.3032,3.71563
621389,Ty Blach,COL,36,floor,,,starter,MLB,1.0,0.0,0.0,4.4,1.1,0.7,0.2,0.0,0.2,0.3,0.1,0.7,0.6,0.7,0.0,0.0,5.7,1.4,6.3,2.7,1.8,4.427,0.1496,0.06607,0.01576,0.04327,0.1534,0.05667,0.00681,5.70391,6.10697
669193,Jack Little,LAD,29,floor,,,reliever,MLB,1.0,0.0,0.0,4.3,0.9,0.6,0.2,0.0,0.1,0.4,0.1,0.9,0.4,0.5,0.0,0.0,4.03,1.3,8.1,3.6,0.9,4.287,0.21538,0.0843,0.02048,0.02938,0.14421,0.03942,0.00268,4.02751,4.53038
801129,Caden Favors,CLE,25,floor,,,starter,MiLB (MLE),1.0,0.0,0.0,3.8,0.5,0.3,0.1,0.0,0.1,0.3,0.0,0.7,0.3,0.3,0.0,0.0,2.77,0.8,6.3,2.7,0.9,3.8,0.18132,0.06846,0.01198,0.03869,0.08626,0.02564,0.00231,2.76514,2.96054
696040,Po-Yu Chen,PIT,25,floor,,,reliever,MiLB (MLE),1.0,0.0,0.0,4.1,0.7,0.5,0.1,0.0,0.1,0.3,0.0,0.9,0.4,0.4,0.0,0.0,3.49,1.0,8.1,2.7,0.9,4.093,0.21539,0.08313,0.01163,0.03267,0.1215,0.03612,0.00326,3.48628,3.92157
679752,Angel Obando,TOR,25,floor,,,reliever,MiLB (MLE),1.0,0.0,0.0,4.1,0.7,0.5,0.1,0.0,0.1,0.3,0.0,0.9,0.4,0.4,0.0,0.0,3.49,1.0,8.1,2.7,0.9,4.093,0.21539,0.08313,0.01163,0.03267,0.1215,0.03612,0.00326,3.48628,3.92157
805291,Vince Reilly,CHC,25,floor,,,reliever,MiLB (MLE),1.0,0.0,0.0,4.1,0.7,0.5,0.1,0.0,0.1,0.3,0.0,0.9,0.4,0.5,0.0,0.0,3.64,1.0,8.1,2.7,0.9,4.11,0.21528,0.08308,0.01163,0.03586,0.12131,0.03606,0.00325,3.64043,4.09498
695787,Trent Hodgdon,CIN,25,floor,,,reliever,MiLB (MLE),1.0,0.0,0.0,4.1,0.7,0.5,0.1,0.0,0.1,0.3,0.0,0.9,0.4,0.4,0.0,0.0,3.38,1.0,8.1,2.7,0.9,4.079,0.21519,0.08304,0.01164,0.03079,0.12111,0.036,0.00325,3.38015,3.80219
828672,Jagger Beck,HOU,25,floor,,,starter,MiLB (MLE),1.0,0.0,0.0,4.1,0.7,0.5,0.1,0.0,0.1,0.3,0.0,0.9,0.4,0.4,0.0,0.0,3.33,1.0,8.1,2.7,0.9,4.055,0.2152,0.08305,0.01164,0.02649,0.12112,0.03601,0.00325,3.32815,3.56333
701329,Luis Rujano,CHC,25,floor,,,reliever,MiLB (MLE),1.0,0.0,0.0,4.1,0.7,0.5,0.1,0.0,0.1,0.3,0.0,0.9,0.4,0.4,0.0,0.0,3.32,1.0,8.1,2.7,0.9,4.073,0.21521,0.08305,0.01164,0.02966,0.12114,0.03601,0.00325,3.32478,3.73991
543305,Aaron Hicks,LAA,37,floor,,,reliever,MLB,1.0,0.0,0.0,4.3,1.0,0.7,0.2,0.0,0.1,0.4,0.0,0.9,0.4,0.5,0.0,0.0,3.78,1.4,8.1,3.6,0.9,4.256,0.21523,0.08712,0.01049,0.0244,0.15239,0.03817,0.00297,3.78125,4.25337
699304,Juan Arnaud,NYM,25,floor,,,reliever,MiLB (MLE),1.0,0.0,0.0,4.1,0.7,0.5,0.1,0.0,0.1,0.3,0.0,0.9,0.4,0.4,0.0,0.0,3.43,1.0,8.1,2.7,0.9,4.085,0.21524,0.08307,0.01164,0.03174,0.12122,0.03604,0.00325,3.4305,3.85883
808048,Rubén Menes,STL,25,floor,,,reliever,MiLB (MLE),1.0,0.0,0.0,4.1,0.7,0.5,0.1,0.0,0.1,0.3,0.0,0.9,0.4,0.4,0.0,0.0,3.38,1.0,8.1,2.7,0.9,4.08,0.21524,0.08307,0.01164,0.03082,0.12122,0.03604,0.00325,3.38488,3.80751
691009,Dylan Ray,ARI,25,floor,,,reliever,MiLB (MLE),1.0,0.0,0.0,3.8,0.6,0.3,0.1,0.0,0.2,0.3,0.0,0.7,0.3,0.3,0.0,0.0,2.68,0.9,6.3,2.7,1.8,3.804,0.18121,0.06842,0.01199,0.03971,0.08618,0.02562,0.00231,2.67572,3.0098
670242,Matt Wallner,MIN,29,floor,,,reliever,MLB,1.0,0.0,0.0,4.2,0.9,0.6,0.2,0.0,0.1,0.3,0.0,0.9,0.4,0.5,0.0,0.0,3.89,1.2,8.1,2.7,0.9,4.238,0.21525,0.08307,0.01049,0.0238,0.13878,0.05332,0.00317,3.89012,4.37584
694921,Nick Conte,KC,25,floor,,,reliever,MiLB (MLE),1.0,0.0,0.0,4.1,0.7,0.5,0.1,0.0,0.1,0.3,0.0,0.9,0.4,0.4,0.0,0.0,3.25,1.0,8.1,2.7,0.9,4.064,0.21525,0.08307,0.01164,0.02807,0.12122,0.03604,0.00325,3.24871,3.65434
804860,Landon Beidelschies,ATL,25,floor,,,starter,MiLB (MLE),1.0,0.0,0.0,4.1,0.7,0.5,0.1,0.0,0.1,0.3,0.0,0.9,0.4,0.4,0.0,0.0,3.55,1.0,8.1,2.7,0.9,4.08,0.21526,0.08307,0.01164,0.03071,0.12124,0.03604,0.00325,3.55097,3.80189
700354,Carlos Marcano,DET,25,floor,,,reliever,MiLB (MLE),1.0,0.0,0.0,4.1,0.7,0.5,0.1,0.0,0.1,0.3,0.0,0.9,0.4,0.4,0.0,0.0,3.58,1.0,8.1,2.7,0.9,4.104,0.2154,0.08313,0.01163,0.03458,0.12153,0.03613,0.00326,3.58318,4.03057
806666,Juanmi Vasquez,DET,25,floor,,,reliever,MiLB (MLE),1.0,0.0,0.0,4.1,0.7,0.5,0.1,0.0,0.1,0.3,0.0,0.9,0.4,0.4,0.0,0.0,3.53,1.0,8.1,2.7,0.9,4.092,0.21478,0.08287,0.01165,0.03423,0.12038,0.03579,0.00323,3.52831,3.96885
825932,Draven Zeigler,PIT,25,floor,,,reliever,MiLB (MLE),1.0,0.0,0.0,4.1,0.7,0.5,0.1,0.0,0.1,0.3,0.0,0.9,0.4,0.5,0.0,0.0,3.62,1.0,8.1,2.7,0.9,4.103,0.21478,0.08287,0.01165,0.03605,0.12038,0.03579,0.00323,3.61946,4.07138
821366,Brayan Orrantia,BAL,25,floor,,,starter,MiLB (MLE),1.0,0.0,0.0,4.1,0.7,0.5,0.1,0.0,0.1,0.3,0.0,0.9,0.4,0.4,0.0,0.0,3.6,1.0,8.1,2.7,0.9,4.081,0.21478,0.08287,0.01165,0.03225,0.12037,0.03578,0.00323,3.60237,3.85692
803314,Riley Huge,OAK,25,floor,,,reliever,MiLB (MLE),1.0,0.0,0.0,4.1,0.7,0.5,0.1,0.0,0.1,0.3,0.0,0.9,0.4,0.4,0.0,0.0,3.3,1.0,8.1,2.7,0.9,4.066,0.2148,0.08288,0.01165,0.02969,0.12039,0.03579,0.00323,3.30244,3.71478
678973,Eiker Huizi,WSH,25,floor,,,reliever,MiLB (MLE),1.0,0.0,0.0,4.1,0.7,0.5,0.1,0.0,0.1,0.3,0.0,0.9,0.4,0.4,0.0,0.0,3.3,1.0,8.1,2.7,0.9,4.066,0.2148,0.08288,0.01165,0.02969,0.12039,0.03579,0.00323,3.30244,3.71478
804526,Nolan Perry,TOR,25,floor,,,reliever,MiLB (MLE),1.0,0.0,0.0,4.1,0.7,0.5,0.1,0.0,0.1,0.3,0.0,0.9,0.4,0.4,0.0,0.0,3.29,1.0,8.1,2.7,0.9,4.065,0.21481,0.08289,0.01165,0.02947,0.12042,0.0358,0.00323,3.2926,3.70371
827463,Jesus A. Castro,SD,25,floor,,,starter,MiLB (MLE),1.0,0.0,0.0,4.1,0.7,0.5,0.1,0.0,0.1,0.3,0.0,0.9,0.4,0.4,0.0,0.0,3.33,1.0,8.1,2.7,0.9,4.051,0.21483,0.08289,0.01165,0.02694,0.12044,0.0358,0.00323,3.32844,3.56364
703502,Aubrey Smith,HOU,25,floor,,,starter,MiLB (MLE),1.0,0.0,0.0,4.1,0.7,0.5,0.1,0.0,0.1,0.3,0.0,0.9,0.4,0.4,0.0,0.0,3.58,1.0,8.1,2.7,0.9,4.079,0.21485,0.0829,0.01165,0.03169,0.12049,0.03582,0.00323,3.57738,3.83017
809915,Jakob Wright,LAD,25,floor,,,reliever,MiLB (MLE),1.0,0.0,0.0,4.1,0.7,0.5,0.1,0.0,0.1,0.3,0.0,0.9,0.4,0.4,0.0,0.0,3.2,1.0,8.1,2.7,0.9,4.052,0.21457,0.08279,0.01165,0.02778,0.11999,0.03567,0.00322,3.19523,3.59419
621399,Brady Feigl,PIT,36,floor,,,reliever,MLB,1.0,0.0,0.0,4.2,0.9,0.6,0.2,0.0,0.1,0.3,0.0,0.9,0.5,0.5,0.0,0.0,4.12,1.2,8.1,2.7,0.9,4.241,0.211,0.08142,0.00991,0.03355,0.14152,0.04347,0.00319,4.11559,4.62946
800580,Yimi Presinal,KC,25,floor,,,reliever,MiLB (MLE),1.0,0.0,0.0,4.1,0.7,0.5,0.1,0.0,0.1,0.3,0.0,0.9,0.4,0.4,0.0,0.0,3.38,1.0,8.1,2.7,0.9,4.079,0.21519,0.08304,0.01164,0.03079,0.12111,0.036,0.00325,3.38015,3.80219
800883,Andres Galan,TB,25,floor,,,reliever,MiLB (MLE),1.0,0.0,0.0,4.1,0.7,0.5,0.1,0.0,0.1,0.3,0.0,0.9,0.4,0.4,0.0,0.0,3.56,1.0,8.1,2.7,0.9,4.094,0.21461,0.0828,0.01165,0.03504,0.12007,0.0357,0.00322,3.55892,4.00329
803141,Teddy McGraw,SEA,25,floor,,,reliever,MiLB (MLE),1.0,0.0,0.0,4.1,0.7,0.5,0.1,0.0,0.1,0.3,0.0,0.9,0.4,0.4,0.0,0.0,3.35,1.0,8.1,2.7,0.9,4.07,0.21461,0.0828,0.01165,0.03082,0.12006,0.03569,0.00322,3.34763,3.76562
693732,Estibenzon Jimenez,PHI,25,floor,,,reliever,MiLB (MLE),1.0,0.0,0.0,4.1,0.7,0.5,0.1,0.0,0.1,0.3,0.0,0.9,0.4,0.4,0.0,0.0,3.28,1.0,8.1,2.7,0.9,4.062,0.21461,0.0828,0.01165,0.02938,0.12006,0.03569,0.00322,3.27673,3.68586
695656,Devin Futrell,BOS,25,floor,,,starter,MiLB (MLE),1.0,0.0,0.0,4.1,0.7,0.5,0.1,0.0,0.1,0.3,0.0,0.9,0.4,0.4,0.0,0.0,3.52,1.0,8.1,2.7,0.9,4.07,0.21461,0.0828,0.01165,0.03082,0.12006,0.03569,0.00322,3.51708,3.76562
692137,L.P. Langevin,KC,25,floor,,,reliever,MiLB (MLE),1.0,0.0,0.0,4.1,0.7,0.5,0.1,0.0,0.1,0.3,0.0,0.9,0.4,0.4,0.0,0.0,3.42,1.0,8.1,2.7,0.9,4.079,0.21462,0.0828,0.01165,0.03232,0.12008,0.0357,0.00322,3.42335,3.85078
679156,Walter Pennington,TEX,29,floor,,,reliever,MLB,1.0,0.0,0.0,4.3,0.9,0.6,0.2,0.0,0.1,0.4,0.1,0.9,0.5,0.5,0.0,0.0,4.11,1.3,8.1,3.6,0.9,4.349,0.21464,0.09736,0.01798,0.02171,0.13598,0.05388,0.00334,4.10861,4.62161
806713,Nick Trabacchi,MIN,25,floor,,,reliever,MiLB (MLE),1.0,0.0,0.0,4.1,0.7,0.5,0.1,0.0,0.1,0.3,0.0,0.9,0.4,0.5,0.0,0.0,3.61,1.0,8.1,2.7,0.9,4.1,0.21466,0.08282,0.01165,0.03598,0.12017,0.03573,0.00322,3.60937,4.06003
686796,Blake Walston,ARI,26,floor,,,reliever,MLB,1.0,0.0,0.0,4.4,0.9,0.6,0.2,0.0,0.1,0.4,0.1,0.9,0.5,0.5,0.0,0.0,4.32,1.3,8.1,3.6,0.9,4.36,0.21467,0.10182,0.02256,0.03364,0.13171,0.03882,0.00331,4.32109,4.86062
800317,Braian Salazar,SD,25,floor,,,reliever,MiLB (MLE),1.0,0.0,0.0,4.1,0.7,0.5,0.1,0.0,0.1,0.3,0.0,0.9,0.4,0.4,0.0,0.0,3.29,1.0,8.1,2.7,0.9,4.064,0.21468,0.08283,0.01165,0.02964,0.12019,0.03573,0.00322,3.29332,3.70452
698962,Ricardo Estrada,SF,25,floor,,,starter,MiLB (MLE),1.0,0.0,0.0,4.1,0.7,0.5,0.1,0.0,0.1,0.3,0.0,0.9,0.4,0.4,0.0,0.0,3.53,1.0,8.1,2.7,0.9,4.072,0.21468,0.08283,0.01165,0.03102,0.12018,0.03573,0.00322,3.53171,3.78128
824763,Colin Daniel,ATL,25,floor,,,starter,MiLB (MLE),1.0,0.0,0.0,4.1,0.7,0.5,0.1,0.0,0.1,0.3,0.0,0.9,0.4,0.5,0.0,0.0,3.79,1.0,8.1,2.7,0.9,4.099,0.2146,0.0828,0.01165,0.03594,0.12007,0.0357,0.00322,3.78679,4.05438
666163,Ben Rortvedt,TB,29,floor,,,reliever,MLB,1.0,0.0,0.0,4.3,1.0,0.7,0.2,0.0,0.1,0.4,0.0,0.9,0.4,0.4,0.0,0.0,3.57,1.4,8.1,3.6,0.9,4.264,0.21485,0.0894,0.00991,0.01542,0.15584,0.04318,0.00306,3.57006,4.01581
683068,Zach Penrod,BOS,30,floor,,,reliever,MLB,1.0,0.0,0.0,4.3,0.9,0.6,0.2,0.0,0.1,0.4,0.1,0.9,0.4,0.5,0.0,0.0,4.01,1.3,8.1,3.6,0.9,4.323,0.21487,0.09402,0.01925,0.0268,0.14531,0.03783,0.00295,4.01026,4.51098
812559,Josiah Romeo,OAK,25,floor,,,starter,MiLB (MLE),1.0,0.0,0.0,4.1,0.7,0.5,0.1,0.0,0.1,0.3,0.0,0.9,0.4,0.4,0.0,0.0,3.55,1.0,8.1,2.7,0.9,4.076,0.21488,0.08292,0.01164,0.03112,0.12055,0.03584,0.00323,3.54939,3.8002
688548,Nico Tellache,SEA,25,floor,,,starter,MiLB (MLE),1.0,0.0,0.0,3.8,0.5,0.3,0.1,0.0,0.1,0.3,0.0,0.7,0.3,0.3,0.0,0.0,2.31,0.8,6.3,2.7,0.9,3.751,0.18103,0.06833,0.01199,0.02921,0.08603,0.02558,0.00231,2.31143,2.47476
694773,Reid Johnston,CLE,25,floor,,,reliever,MiLB (MLE),1.0,0.0,0.0,4.1,0.7,0.5,0.1,0.0,0.1,0.3,0.0,0.9,0.4,0.4,0.0,0.0,3.44,1.0,8.1,2.7,0.9,4.084,0.2149,0.08292,0.01164,0.03241,0.12059,0.03585,0.00323,3.44383,3.87382
823803,Davis Chastain,LAD,25,floor,,,reliever,MiLB (MLE),1.0,0.0,0.0,4.1,0.7,0.5,0.1,0.0,0.1,0.3,0.0,0.9,0.4,0.4,0.0,0.0,3.27,1.0,8.1,2.7,0.9,4.063,0.21491,0.08293,0.01164,0.02883,0.1206,0.03585,0.00323,3.26663,3.6745
701604,Andrew Lindsey,TB,25,floor,,,reliever,MiLB (MLE),1.0,0.0,0.0,4.1,0.7,0.5,0.1,0.0,0.1,0.3,0.0,0.9,0.4,0.4,0.0,0.0,3.23,1.0,8.1,2.7,0.9,4.059,0.21491,0.08293,0.01164,0.02808,0.1206,0.03585,0.00323,3.2294,3.63262
821793,Miguel Flores,CLE,25,floor,,,reliever,MiLB (MLE),1.0,0.0,0.0,4.1,0.7,0.5,0.1,0.0,0.1,0.3,0.0,0.9,0.4,0.4,0.0,0.0,3.23,1.0,8.1,2.7,0.9,4.06,0.21493,0.08293,0.01164,0.02817,0.12062,0.03586,0.00323,3.23435,3.63819
642578,José Rodríguez,SEA,31,floor,,,reliever,MLB,1.0,0.0,0.0,4.2,0.9,0.6,0.2,0.0,0.1,0.4,0.0,0.9,0.4,0.5,0.0,0.0,4.03,1.3,8.1,3.6,0.9,4.247,0.21494,0.08508,0.0098,0.03078,0.14239,0.04273,0.00338,4.02519,4.52777
823790,Will McCausland,CLE,25,floor,,,starter,MiLB (MLE),1.0,0.0,0.0,4.1,0.7,0.5,0.1,0.0,0.1,0.3,0.0,0.9,0.4,0.4,0.0,0.0,3.72,1.0,8.1,2.7,0.9,4.095,0.21495,0.08295,0.01164,0.03433,0.12069,0.03588,0.00323,3.72246,3.98551
680951,Doug Nikhazy,CWS,27,floor,,,reliever,MLB,1.0,0.0,0.0,4.3,0.9,0.6,0.2,0.0,0.1,0.5,0.0,0.9,0.5,0.5,0.0,0.0,4.36,1.4,8.1,4.5,0.9,4.343,0.21477,0.10842,0.00805,0.03421,0.1313,0.04374,0.00351,4.36111,4.90563
824026,Kash Mayfield,SD,25,floor,,,starter,MiLB (MLE),1.0,0.0,0.0,4.1,0.7,0.5,0.1,0.0,0.1,0.3,0.0,0.9,0.4,0.4,0.0,0.0,3.48,1.0,8.1,2.7,0.9,4.069,0.21497,0.08295,0.01164,0.02977,0.1207,0.03588,0.00323,3.48406,3.73026
804210,Aiden Butler,SEA,25,floor,,,starter,MiLB (MLE),1.0,0.0,0.0,4.1,0.7,0.5,0.1,0.0,0.1,0.3,0.0,0.9,0.4,0.4,0.0,0.0,3.71,1.0,8.1,2.7,0.9,4.095,0.21498,0.08295,0.01164,0.03414,0.12073,0.03589,0.00324,3.71411,3.97657
822456,Ryan Verdugo,HOU,25,floor,,,starter,MiLB (MLE),1.0,0.0,0.0,4.1,0.7,0.5,0.1,0.0,0.1,0.3,0.0,0.9,0.4,0.4,0.0,0.0,3.47,1.0,8.1,2.7,0.9,4.068,0.21499,0.08296,0.01164,0.02938,0.12074,0.03589,0.00324,3.4654,3.71027
702300,Johnathan Lavallee,CIN,25,floor,,,reliever,MiLB (MLE),1.0,0.0,0.0,4.1,0.7,0.5,0.1,0.0,0.1,0.3,0.0,0.9,0.4,0.4,0.0,0.0,3.4,1.0,8.1,2.7,0.9,4.08,0.21499,0.08296,0.01164,0.03149,0.12075,0.0359,0.00324,3.40333,3.82827
691733,Christian Little,SEA,25,floor,,,reliever,MiLB (MLE),1.0,0.0,0.0,4.1,0.7,0.5,0.1,0.0,0.1,0.3,0.0,0.9,0.4,0.4,0.0,0.0,3.37,1.0,8.1,2.7,0.9,4.076,0.21502,0.08297,0.01164,0.03071,0.1208,0.03591,0.00324,3.36604,3.78632
695063,Noah Beal,TB,25,floor,,,reliever,MiLB (MLE),1.0,0.0,0.0,4.1,0.7,0.5,0.1,0.0,0.1,0.3,0.0,0.9,0.4,0.4,0.0,0.0,3.29,1.0,8.1,2.7,0.9,4.064,0.21468,0.08283,0.01165,0.02964,0.12019,0.03573,0.00322,3.29332,3.70452
607968,Drew Rucinski,OAK,38,floor,,,reliever,MLB,1.0,0.0,0.0,4.4,0.9,0.6,0.2,0.0,0.1,0.4,0.0,0.8,0.5,0.6,0.0,0.0,4.44,1.3,7.2,3.6,0.9,4.377,0.18084,0.10105,0.01099,0.03123,0.14447,0.04335,0.00343,4.43901,4.99327
807284,Cam Caminiti,ATL,25,floor,,,starter,MiLB (MLE),1.0,0.0,0.0,4.1,0.7,0.5,0.1,0.0,0.1,0.3,0.0,0.9,0.4,0.4,0.0,0.0,3.45,1.0,8.1,2.7,0.9,4.063,0.21471,0.08284,0.01165,0.02943,0.12024,0.03574,0.00322,3.45091,3.69476
598286,Nick Ramirez,LAD,37,floor,,,reliever,MLB,1.0,0.0,0.0,4.3,1.0,0.7,0.2,0.0,0.1,0.3,0.0,0.8,0.4,0.5,0.0,0.0,4.05,1.3,7.2,2.7,0.9,4.271,0.18068,0.07861,0.00611,0.02727,0.16207,0.04096,0.00298,4.04959,4.55522
834882,Reece Wissinger,TOR,25,floor,,,reliever,MiLB (MLE),1.0,0.0,0.0,4.1,0.7,0.5,0.1,0.0,0.1,0.3,0.0,0.9,0.4,0.4,0.0,0.0,3.43,1.0,8.1,2.7,0.9,4.081,0.21473,0.08285,0.01165,0.03238,0.12028,0.03576,0.00322,3.43285,3.86147
828603,Logan Berrier,DET,25,floor,,,reliever,MiLB (MLE),1.0,0.0,0.0,4.0,0.7,0.5,0.1,0.0,0.1,0.3,0.0,0.9,0.4,0.4,0.0,0.0,3.16,1.0,8.1,2.7,0.9,4.05,0.21475,0.08286,0.01165,0.02694,0.12029,0.03576,0.00322,3.1639,3.55895
701795,Drew Beam,KC,25,floor,,,starter,MiLB (MLE),1.0,0.0,0.0,3.8,0.5,0.3,0.1,0.0,0.1,0.3,0.0,0.7,0.3,0.3,0.0,0.0,2.66,0.8,6.3,2.7,0.9,3.788,0.18101,0.06833,0.01199,0.0367,0.08602,0.02557,0.00231,2.66257,2.85072
683235,Justin Campbell,CLE,25,floor,,,reliever,MiLB (MLE),1.0,0.0,0.0,4.1,0.7,0.5,0.1,0.0,0.1,0.3,0.0,0.9,0.4,0.4,0.0,0.0,3.27,1.0,8.1,2.7,0.9,4.073,0.21591,0.08334,0.01162,0.02772,0.1225,0.03642,0.00328,3.27125,3.67969
828244,Kruz Schoolcraft,SD,25,floor,,,starter,MiLB (MLE),1.0,0.0,0.0,4.1,0.7,0.5,0.1,0.0,0.1,0.3,0.0,0.9,0.4,0.4,0.0,0.0,3.45,1.0,8.1,2.7,0.9,4.075,0.21592,0.08335,0.01162,0.02802,0.12252,0.03642,0.00328,3.45313,3.69714
814005,Jake Bloss,HOU,26,floor,,,starter,MLB,1.0,0.0,0.0,4.2,1.0,0.6,0.2,0.0,0.2,0.3,0.0,0.9,0.5,0.5,0.0,0.0,4.42,1.3,8.1,2.7,1.8,4.21,0.21594,0.07966,0.00668,0.03804,0.1336,0.04684,0.00332,4.4204,4.73276
802086,Ovis Portes,CIN,25,floor,,,reliever,MiLB (MLE),1.0,0.0,0.0,4.1,0.7,0.5,0.1,0.0,0.1,0.3,0.0,0.9,0.4,0.4,0.0,0.0,3.45,1.0,8.1,2.7,0.9,4.094,0.21595,0.08336,0.01162,0.03119,0.1226,0.03645,0.00329,3.44749,3.87794
687216,Liam Simon,SF,25,floor,,,reliever,MiLB (MLE),1.0,0.0,0.0,4.1,0.7,0.5,0.1,0.0,0.1,0.3,0.0,0.9,0.4,0.4,0.0,0.0,3.45,1.0,8.1,2.7,0.9,4.094,0.21595,0.08336,0.01162,0.03119,0.1226,0.03645,0.00329,3.44749,3.87794
831093,Matt Lanzendorfer,LAD,25,floor,,,reliever,MiLB (MLE),1.0,0.0,0.0,4.1,0.7,0.5,0.1,0.0,0.1,0.3,0.0,0.9,0.4,0.4,0.0,0.0,3.35,1.0,8.1,2.7,0.9,4.084,0.21596,0.08336,0.01162,0.02933,0.1226,0.03645,0.00329,3.35473,3.7736
808469,Logan Samuels,ATL,25,floor,,,reliever,MiLB (MLE),1.0,0.0,0.0,4.1,0.7,0.5,0.1,0.0,0.1,0.3,0.0,0.9,0.4,0.4,0.0,0.0,3.35,1.0,8.1,2.7,0.9,4.084,0.21596,0.08336,0.01162,0.02933,0.1226,0.03645,0.00329,3.35473,3.7736
806303,Zach Jacobs,CLE,25,floor,,,reliever,MiLB (MLE),1.0,0.0,0.0,4.1,0.7,0.5,0.1,0.0,0.1,0.3,0.0,0.9,0.4,0.4,0.0,0.0,3.46,1.0,8.1,2.7,0.9,4.096,0.21597,0.08337,0.01161,0.03152,0.12263,0.03645,0.00329,3.46457,3.89715
656669,Jordan Luplow,MIN,33,floor,,,reliever,MLB,1.0,0.0,0.0,4.3,0.9,0.6,0.2,0.0,0.1,0.4,0.1,0.9,0.5,0.5,0.0,0.0,4.11,1.3,8.1,3.6,0.9,4.291,0.21597,0.08334,0.02238,0.03023,0.13986,0.04197,0.00332,4.10683,4.61961
702505,J.D. Thompson,MIL,25,floor,,,starter,MiLB (MLE),1.0,0.0,0.0,4.1,0.7,0.5,0.1,0.0,0.1,0.3,0.0,0.9,0.4,0.4,0.0,0.0,3.64,1.0,8.1,2.7,0.9,4.096,0.21597,0.08337,0.01161,0.03152,0.12263,0.03645,0.00329,3.63994,3.89715
816362,Carson Myers,TOR,25,floor,,,reliever,MiLB (MLE),1.0,0.0,0.0,4.1,0.7,0.5,0.1,0.0,0.1,0.3,0.0,0.9,0.4,0.4,0.0,0.0,3.53,1.0,8.1,2.7,0.9,4.098,0.21535,0.08311,0.01163,0.03363,0.12142,0.0361,0.00325,3.53201,3.97301
823990,Zane Taylor,OAK,25,floor,,,reliever,MiLB (MLE),1.0,0.0,0.0,4.1,0.7,0.5,0.1,0.0,0.1,0.3,0.0,0.9,0.4,0.4,0.0,0.0,3.32,1.0,8.1,2.7,0.9,4.079,0.21598,0.08337,0.01162,0.02857,0.12263,0.03646,0.00329,3.31756,3.73179
834873,Jacob Kuhn,TB,25,floor,,,reliever,MiLB (MLE),1.0,0.0,0.0,4.1,0.7,0.5,0.1,0.0,0.1,0.3,0.0,0.9,0.4,0.4,0.0,0.0,3.2,1.0,8.1,2.7,0.9,4.066,0.21599,0.08338,0.01162,0.02623,0.12265,0.03646,0.00329,3.20232,3.60216
702751,Jose Geraldo,SEA,25,floor,,,reliever,MiLB (MLE),1.0,0.0,0.0,4.1,0.7,0.5,0.1,0.0,0.1,0.3,0.0,0.9,0.4,0.4,0.0,0.0,3.5,1.0,8.1,2.7,0.9,4.101,0.216,0.08338,0.01161,0.03215,0.12271,0.03648,0.00329,3.49903,3.93592
690974,Jake Eddington,PHI,25,floor,,,reliever,MiLB (MLE),1.0,0.0,0.0,4.1,0.7,0.5,0.1,0.0,0.1,0.3,0.0,0.9,0.4,0.4,0.0,0.0,3.24,1.0,8.1,2.7,0.9,4.069,0.21575,0.08328,0.01162,0.02737,0.12218,0.03632,0.00327,3.24411,3.64917
801639,Trystan Vrieling,SF,25,floor,,,starter,MiLB (MLE),1.0,0.0,0.0,4.1,0.7,0.5,0.1,0.0,0.1,0.3,0.0,0.9,0.4,0.4,0.0,0.0,3.65,1.0,8.1,2.7,0.9,4.095,0.21575,0.08328,0.01162,0.0319,0.12219,0.03633,0.00327,3.64534,3.90293
806190,Isaac Coffey,BOS,25,floor,,,starter,MiLB (MLE),1.0,0.0,0.0,4.1,0.7,0.5,0.1,0.0,0.1,0.3,0.0,0.9,0.4,0.4,0.0,0.0,3.53,1.0,8.1,2.7,0.9,4.083,0.21576,0.08328,0.01162,0.02977,0.1222,0.03633,0.00327,3.53412,3.78385
692623,Leonard Garcia,LAA,25,floor,,,reliever,MiLB (MLE),1.0,0.0,0.0,4.1,0.7,0.5,0.1,0.0,0.1,0.3,0.0,0.9,0.4,0.4,0.0,0.0,3.15,1.0,8.1,2.7,0.9,4.058,0.21577,0.08328,0.01162,0.02553,0.12221,0.03633,0.00327,3.15397,3.54777
805214,Isaac Lyon,WSH,25,floor,,,starter,MiLB (MLE),1.0,0.0,0.0,4.1,0.7,0.5,0.1,0.0,0.1,0.3,0.0,0.9,0.4,0.4,0.0,0.0,3.31,1.0,8.1,2.7,0.9,4.058,0.21577,0.08328,0.01162,0.02553,0.12221,0.03633,0.00327,3.31362,3.54777
823781,Sean Youngerman,PHI,25,floor,,,starter,MiLB (MLE),1.0,0.0,0.0,4.1,0.7,0.5,0.1,0.0,0.1,0.3,0.0,0.9,0.4,0.4,0.0,0.0,3.63,1.0,8.1,2.7,0.9,4.093,0.21578,0.08329,0.01162,0.03158,0.12225,0.03634,0.00328,3.63098,3.88755
695769,D.J. McCarty,TEX,25,floor,,,reliever,MiLB (MLE),1.0,0.0,0.0,4.1,0.7,0.5,0.1,0.0,0.1,0.3,0.0,0.9,0.4,0.4,0.0,0.0,3.3,1.0,8.1,2.7,0.9,4.076,0.21579,0.08329,0.01162,0.02848,0.12225,0.03634,0.00328,3.3012,3.71339
823358,Zuher Yousuf,PHI,25,floor,,,reliever,MiLB (MLE),1.0,0.0,0.0,4.1,0.7,0.5,0.1,0.0,0.1,0.3,0.0,0.9,0.4,0.4,0.0,0.0,3.41,1.0,8.1,2.7,0.9,4.09,0.21598,0.08337,0.01161,0.03048,0.12264,0.03646,0.00329,3.41307,3.83923
695740,Jimmy Romano,CIN,25,floor,,,reliever,MiLB (MLE),1.0,0.0,0.0,4.1,0.8,0.5,0.2,0.0,0.1,0.3,0.0,0.9,0.4,0.4,0.0,0.0,3.43,1.1,8.1,2.7,0.9,4.094,0.21622,0.08347,0.01161,0.0304,0.12314,0.03661,0.0033,3.42534,3.85303
702671,Alton Davis II,LAA,25,floor,,,reliever,MiLB (MLE),1.0,0.0,0.0,4.1,0.8,0.5,0.2,0.0,0.1,0.3,0.0,0.9,0.4,0.4,0.0,0.0,3.53,1.1,8.1,2.7,0.9,4.106,0.21623,0.08347,0.01161,0.03245,0.12316,0.03661,0.0033,3.52828,3.96882
802000,Tyler Switalski,SF,25,floor,,,starter,MiLB (MLE),1.0,0.0,0.0,4.1,0.8,0.5,0.2,0.0,0.1,0.3,0.0,0.9,0.4,0.5,0.0,0.0,3.82,1.1,8.1,2.7,0.9,4.119,0.21623,0.08348,0.01161,0.03464,0.12319,0.03662,0.0033,3.82435,4.0946
803286,Ben Bybee,SF,25,floor,,,starter,MiLB (MLE),1.0,0.0,0.0,4.1,0.7,0.5,0.1,0.0,0.1,0.3,0.0,0.9,0.4,0.4,0.0,0.0,3.75,1.0,8.1,2.7,0.9,4.109,0.216,0.08338,0.01161,0.03353,0.1227,0.03648,0.00329,3.74881,4.01372
800321,Raimy Rodriguez,HOU,25,floor,,,reliever,MiLB (MLE),1.0,0.0,0.0,4.1,0.7,0.5,0.1,0.0,0.1,0.3,0.0,0.9,0.4,0.4,0.0,0.0,3.41,1.0,8.1,2.7,0.9,4.09,0.21601,0.08338,0.01161,0.03029,0.12271,0.03648,0.00329,3.40588,3.83114
681987,Nate Eaton,BOS,30,floor,,,reliever,MLB,1.0,0.0,0.0,4.2,0.9,0.6,0.2,0.0,0.1,0.3,0.0,0.9,0.4,0.5,0.0,0.0,3.77,1.2,8.1,2.7,0.9,4.232,0.21602,0.0821,0.01013,0.02197,0.14557,0.04849,0.00338,3.76991,4.24062
656976,Pavin Smith,ARI,31,floor,,,reliever,MLB,1.0,0.0,0.0,4.3,1.0,0.6,0.2,0.0,0.2,0.4,0.1,0.9,0.5,0.5,0.0,0.0,4.38,1.4,8.1,3.6,1.8,4.309,0.21604,0.08745,0.02264,0.03992,0.13522,0.03603,0.00267,4.37693,4.92343
622459,Cristian Alvarado,SF,25,floor,,,reliever,MiLB (MLE),1.0,0.0,0.0,4.1,0.7,0.5,0.1,0.0,0.1,0.3,0.0,0.9,0.4,0.4,0.0,0.0,3.5,1.0,8.1,2.7,0.9,4.101,0.21604,0.0834,0.01161,0.03206,0.12279,0.0365,0.00329,3.49694,3.93356
703103,Jordan Carr,HOU,25,floor,,,reliever,MiLB (MLE),1.0,0.0,0.0,4.1,0.7,0.5,0.1,0.0,0.1,0.3,0.0,0.9,0.4,0.4,0.0,0.0,3.6,1.0,8.1,2.7,0.9,4.113,0.21605,0.0834,0.01161,0.03405,0.12281,0.03651,0.00329,3.59781,4.04703
828494,Cohen Achen,BAL,25,floor,,,reliever,MiLB (MLE),1.0,0.0,0.0,4.1,0.7,0.5,0.1,0.0,0.1,0.3,0.0,0.9,0.4,0.4,0.0,0.0,3.33,1.0,8.1,2.7,0.9,4.081,0.21607,0.08341,0.01161,0.02861,0.12282,0.03651,0.00329,3.32579,3.74105
699309,Joel Díaz,NYM,25,floor,,,starter,MiLB (MLE),1.0,0.0,0.0,4.1,0.7,0.5,0.1,0.0,0.1,0.3,0.0,0.9,0.4,0.4,0.0,0.0,3.47,1.0,8.1,2.7,0.9,4.077,0.21591,0.08334,0.01162,0.02838,0.1225,0.03642,0.00328,3.47109,3.71637
694366,Mikey Tepper,WSH,25,floor,,,starter,MiLB (MLE),1.0,0.0,0.0,4.1,0.7,0.5,0.1,0.0,0.1,0.3,0.0,0.9,0.4,0.5,0.0,0.0,3.79,1.0,8.1,2.7,0.9,4.114,0.2161,0.08342,0.01161,0.03408,0.12292,0.03654,0.00329,3.78535,4.05284
815148,Nestor German,BAL,25,floor,,,starter,MiLB (MLE),1.0,0.0,0.0,3.6,0.5,0.3,0.1,0.0,0.1,0.2,0.0,0.6,0.2,0.2,0.0,0.0,1.86,0.7,5.4,1.8,0.9,3.639,0.16526,0.06144,0.01206,0.02707,0.07479,0.02223,0.002,1.86091,1.99241
815184,Christian Rodriguez,NYM,25,floor,,,reliever,MiLB (MLE),1.0,0.0,0.0,4.1,0.7,0.5,0.1,0.0,0.1,0.3,0.0,0.9,0.4,0.4,0.0,0.0,3.42,1.0,8.1,2.7,0.9,4.093,0.21611,0.08342,0.01161,0.03055,0.1229,0.03654,0.00329,3.42474,3.85236
800630,Braeden Sloan,BAL,25,floor,,,reliever,MiLB (MLE),1.0,0.0,0.0,4.1,0.7,0.5,0.1,0.0,0.1,0.3,0.0,0.9,0.4,0.4,0.0,0.0,3.18,1.0,8.1,2.7,0.9,4.066,0.21613,0.08343,0.01161,0.02568,0.12293,0.03655,0.00329,3.18406,3.58163
806337,Jarret Whorff,MIN,25,floor,,,reliever,MiLB (MLE),1.0,0.0,0.0,4.1,0.8,0.5,0.1,0.0,0.2,0.3,0.0,0.9,0.4,0.5,0.0,0.0,3.78,1.1,8.1,2.7,1.8,4.135,0.21613,0.08344,0.01161,0.03755,0.12299,0.03656,0.0033,3.78124,4.25336
802412,Malachi Witherspoon,DET,25,floor,,,starter,MiLB (MLE),1.0,0.0,0.0,4.1,0.7,0.5,0.1,0.0,0.1,0.3,0.0,0.9,0.4,0.4,0.0,0.0,3.63,1.0,8.1,2.7,0.9,4.097,0.21613,0.08344,0.01161,0.03117,0.12297,0.03656,0.0033,3.63318,3.88991
641729,Joe Jiménez,ATL,32,floor,,,reliever,MLB,1.0,0.0,0.0,4.0,0.8,0.5,0.2,0.0,0.1,0.3,0.0,1.1,0.3,0.4,0.0,0.0,2.81,1.1,9.9,2.7,0.9,4.021,0.28018,0.07406,0.00854,0.01745,0.13322,0.03917,0.00313,2.80637,3.15677
699010,Jose Garces,PIT,25,floor,,,reliever,MiLB (MLE),1.0,0.0,0.0,4.1,0.8,0.5,0.1,0.0,0.2,0.3,0.0,0.9,0.4,0.5,0.0,0.0,3.89,1.1,8.1,2.7,1.8,4.148,0.21614,0.08344,0.01161,0.03972,0.12302,0.03657,0.0033,3.89336,4.37949
833071,Scott Rouse,SEA,25,floor,,,starter,MiLB (MLE),1.0,0.0,0.0,4.1,0.7,0.5,0.1,0.0,0.1,0.3,0.0,0.9,0.4,0.4,0.0,0.0,3.41,1.0,8.1,2.7,0.9,4.073,0.21615,0.08344,0.01161,0.02691,0.12298,0.03656,0.0033,3.41032,3.65131
815825,Seth Hernandez,PIT,25,floor,,,starter,MiLB (MLE),1.0,0.0,0.0,4.1,0.7,0.5,0.1,0.0,0.1,0.3,0.0,0.9,0.4,0.4,0.0,0.0,3.74,1.0,8.1,2.7,0.9,4.109,0.21616,0.08345,0.01161,0.03318,0.12303,0.03657,0.0033,3.74129,4.00567
694359,Niko Kavadas,LAA,28,floor,,,reliever,MLB,1.0,0.0,0.0,4.2,0.9,0.6,0.2,0.0,0.1,0.4,0.0,0.9,0.4,0.5,0.0,0.0,3.81,1.3,8.1,3.6,0.9,4.249,0.21589,0.08626,0.01013,0.02196,0.14375,0.04934,0.00293,3.80509,4.28019
623520,David Bote,CHC,34,floor,,,reliever,MLB,1.0,0.0,0.0,4.3,0.9,0.6,0.1,0.0,0.2,0.4,0.0,0.9,0.5,0.5,0.0,0.0,4.17,1.3,8.1,3.6,1.8,4.255,0.21608,0.08746,0.01061,0.03877,0.14306,0.03253,0.00299,4.16951,4.69011
694650,Cameron Cotter,CIN,25,floor,,,reliever,MiLB (MLE),1.0,0.0,0.0,4.1,0.7,0.5,0.1,0.0,0.1,0.3,0.0,0.9,0.4,0.4,0.0,0.0,3.44,1.0,8.1,2.7,0.9,4.089,0.21545,0.08315,0.01163,0.03173,0.12161,0.03615,0.00326,3.44287,3.87274
840033,Eric Nachtsheim,SF,25,floor,,,reliever,MiLB (MLE),1.0,0.0,0.0,4.2,0.9,0.6,0.2,0.0,0.1,0.4,0.0,0.9,0.4,0.5,0.0,0.0,3.93,1.3,8.1,3.6,0.9,4.236,0.22054,0.08511,0.01129,0.02942,0.14085,0.04187,0.00377,3.93098,4.42179
684608,Will Brian,NYY,25,floor,,,reliever,MiLB (MLE),1.0,0.0,0.0,4.1,0.7,0.5,0.1,0.0,0.1,0.3,0.0,0.9,0.4,0.4,0.0,0.0,3.23,1.0,8.1,2.7,0.9,4.065,0.21546,0.08316,0.01163,0.02751,0.12162,0.03615,0.00326,3.23357,3.63731
678016,Ian Bedell,STL,25,floor,,,reliever,MiLB (MLE),1.0,0.0,0.0,4.1,0.7,0.5,0.1,0.0,0.1,0.3,0.0,0.9,0.4,0.4,0.0,0.0,3.34,1.0,8.1,2.7,0.9,4.077,0.21546,0.08315,0.01163,0.02962,0.12161,0.03615,0.00326,3.33791,3.75468
687593,Hunter Patteson,KC,25,floor,,,starter,MiLB (MLE),1.0,0.0,0.0,4.1,0.7,0.5,0.1,0.0,0.1,0.3,0.0,0.9,0.4,0.4,0.0,0.0,3.51,1.0,8.1,2.7,0.9,4.077,0.21546,0.08315,0.01163,0.02962,0.12161,0.03615,0.00326,3.50687,3.75468
695347,Hunter Gregory,MIN,25,floor,,,reliever,MiLB (MLE),1.0,0.0,0.0,4.1,0.8,0.5,0.1,0.0,0.2,0.3,0.0,0.9,0.4,0.5,0.0,0.0,3.79,1.1,8.1,2.7,1.8,4.129,0.21547,0.08316,0.01163,0.03856,0.12168,0.03617,0.00326,3.78963,4.2628
814492,Will Watson,NYM,25,floor,,,reliever,MiLB (MLE),1.0,0.0,0.0,4.1,0.7,0.5,0.1,0.0,0.1,0.3,0.0,0.9,0.4,0.4,0.0,0.0,3.42,1.0,8.1,2.7,0.9,4.087,0.21549,0.08317,0.01163,0.03126,0.12169,0.03618,0.00326,3.42194,3.84921
683416,Manuel Olivares,COL,25,floor,,,reliever,MiLB (MLE),1.0,0.0,0.0,4.1,0.7,0.5,0.1,0.0,0.1,0.3,0.0,0.9,0.4,0.4,0.0,0.0,3.43,1.0,8.1,2.7,0.9,4.087,0.21549,0.08317,0.01163,0.03143,0.12168,0.03617,0.00326,3.42978,3.85802
807818,Mervin Fell,ARI,25,floor,,,starter,MiLB (MLE),1.0,0.0,0.0,4.1,0.7,0.5,0.1,0.0,0.1,0.3,0.0,0.9,0.4,0.4,0.0,0.0,3.42,1.0,8.1,2.7,0.9,4.067,0.2155,0.08317,0.01163,0.02782,0.12169,0.03618,0.00326,3.41548,3.65683
826538,Aidan Foeller,LAD,25,floor,,,starter,MiLB (MLE),1.0,0.0,0.0,4.1,0.7,0.5,0.1,0.0,0.1,0.3,0.0,0.9,0.4,0.4,0.0,0.0,3.44,1.0,8.1,2.7,0.9,4.07,0.2155,0.08317,0.01163,0.02834,0.1217,0.03618,0.00326,3.44282,3.6861
807485,Davian Garcia,WSH,25,floor,,,reliever,MiLB (MLE),1.0,0.0,0.0,4.1,0.7,0.5,0.1,0.0,0.1,0.3,0.0,0.9,0.4,0.4,0.0,0.0,3.3,1.0,8.1,2.7,0.9,4.076,0.21579,0.08329,0.01162,0.02848,0.12225,0.03634,0.00328,3.3012,3.71339
700274,Javier Chacon,SD,25,floor,,,reliever,MiLB (MLE),1.0,0.0,0.0,4.1,0.7,0.5,0.1,0.0,0.1,0.3,0.0,0.9,0.4,0.4,0.0,0.0,3.45,1.0,8.1,2.7,0.9,4.091,0.21552,0.08318,0.01163,0.03188,0.12174,0.03619,0.00326,3.45469,3.88604
800811,Jacob Kroeger,ATL,25,floor,,,reliever,MiLB (MLE),1.0,0.0,0.0,4.1,0.7,0.5,0.1,0.0,0.1,0.3,0.0,0.9,0.4,0.4,0.0,0.0,3.32,1.0,8.1,2.7,0.9,4.075,0.21553,0.08318,0.01163,0.02912,0.12175,0.03619,0.00326,3.3171,3.73128
701828,Wyatt Lunsford-Shenkman,SEA,25,floor,,,reliever,MiLB (MLE),1.0,0.0,0.0,4.1,0.7,0.5,0.1,0.0,0.1,0.3,0.0,0.9,0.4,0.4,0.0,0.0,3.37,1.0,8.1,2.7,0.9,4.081,0.21558,0.08321,0.01163,0.03007,0.12185,0.03622,0.00327,3.36758,3.78805
702111,Adam Smith,SEA,25,floor,,,reliever,MiLB (MLE),1.0,0.0,0.0,4.1,0.7,0.5,0.1,0.0,0.1,0.3,0.0,0.9,0.4,0.4,0.0,0.0,3.36,1.0,8.1,2.7,0.9,4.08,0.21559,0.08321,0.01163,0.02985,0.12188,0.03623,0.00327,3.35754,3.77677
801333,Johnathan Harmon,CIN,25,floor,,,starter,MiLB (MLE),1.0,0.0,0.0,4.1,0.7,0.5,0.1,0.0,0.1,0.3,0.0,0.9,0.4,0.4,0.0,0.0,3.52,1.0,8.1,2.7,0.9,4.08,0.21561,0.08322,0.01163,0.0297,0.12191,0.03624,0.00327,3.52045,3.76921
657510,Andrew Bechtold,PHI,25,floor,,,reliever,MiLB (MLE),1.0,0.0,0.0,4.1,0.7,0.5,0.1,0.0,0.1,0.3,0.0,0.9,0.4,0.4,0.0,0.0,3.43,1.0,8.1,2.7,0.9,4.086,0.2153,0.08309,0.01163,0.03165,0.12132,0.03607,0.00325,3.42959,3.85781
806258,Thomas White,MIA,25,floor,,,starter,MiLB (MLE),1.0,0.0,0.0,4.1,0.7,0.5,0.1,0.0,0.1,0.3,0.0,0.9,0.4,0.4,0.0,0.0,3.6,1.0,8.1,2.7,0.9,4.086,0.2153,0.08309,0.01163,0.03165,0.12132,0.03607,0.00325,3.60319,3.85781
811632,Jesus Carrera,HOU,25,floor,,,starter,MiLB (MLE),1.0,0.0,0.0,4.1,0.7,0.5,0.1,0.0,0.1,0.3,0.0,0.9,0.4,0.4,0.0,0.0,3.65,1.0,8.1,2.7,0.9,4.091,0.21532,0.0831,0.01163,0.03254,0.12136,0.03608,0.00325,3.651,3.90899
809634,Tyler Bryan,MIN,25,floor,,,reliever,MiLB (MLE),1.0,0.0,0.0,4.2,0.9,0.6,0.2,0.0,0.1,0.4,0.0,0.9,0.4,0.5,0.0,0.0,3.93,1.3,8.1,3.6,0.9,4.236,0.22054,0.08511,0.01129,0.02942,0.14085,0.04187,0.00377,3.93098,4.42179
682515,Logan Porter,SF,31,floor,,,reliever,MLB,1.0,0.0,0.0,4.2,0.9,0.6,0.2,0.0,0.1,0.3,0.0,0.9,0.5,0.5,0.0,0.0,4.12,1.2,8.1,2.7,0.9,4.24,0.21533,0.0831,0.01061,0.03237,0.1354,0.0477,0.00372,4.11593,4.62985
695026,Jeremy Wu-Yelland,BOS,25,floor,,,reliever,MiLB (MLE),1.0,0.0,0.0,4.1,0.7,0.5,0.1,0.0,0.1,0.3,0.0,0.9,0.4,0.4,0.0,0.0,3.2,1.0,8.1,2.7,0.9,4.062,0.21551,0.08318,0.01163,0.02688,0.1217,0.03618,0.00326,3.20488,3.60504
807291,Caden Scarborough,TEX,25,floor,,,starter,MiLB (MLE),1.0,0.0,0.0,4.1,0.7,0.5,0.1,0.0,0.1,0.3,0.0,0.9,0.4,0.4,0.0,0.0,3.51,1.0,8.1,2.7,0.9,4.08,0.2158,0.0833,0.01162,0.02925,0.12228,0.03635,0.00328,3.50962,3.75762
808788,Hunter Hodges,NYM,25,floor,,,reliever,MiLB (MLE),1.0,0.0,0.0,4.1,0.7,0.5,0.1,0.0,0.1,0.3,0.0,0.9,0.4,0.4,0.0,0.0,3.34,1.0,8.1,2.7,0.9,4.08,0.2158,0.0833,0.01162,0.02925,0.12228,0.03635,0.00328,3.34053,3.75762
700714,Yokelvin Reyes,LAA,25,floor,,,reliever,MiLB (MLE),1.0,0.0,0.0,4.1,0.7,0.5,0.1,0.0,0.1,0.3,0.0,0.9,0.4,0.4,0.0,0.0,3.4,1.0,8.1,2.7,0.9,4.087,0.21582,0.0833,0.01162,0.03039,0.12232,0.03636,0.00328,3.39859,3.82294
800875,Christian Becerra,MIN,25,floor,,,reliever,MiLB (MLE),1.0,0.0,0.0,4.1,0.7,0.5,0.1,0.0,0.1,0.3,0.0,0.9,0.4,0.4,0.0,0.0,3.44,1.0,8.1,2.7,0.9,4.092,0.21585,0.08332,0.01162,0.03114,0.12238,0.03638,0.00328,3.43772,3.86695
687166,Austin Pope,ARI,28,floor,,,reliever,MLB,1.0,0.0,0.0,4.2,0.9,0.6,0.2,0.0,0.1,0.4,0.0,0.9,0.4,0.5,0.0,0.0,3.78,1.3,8.1,3.6,0.9,4.249,0.21587,0.08626,0.01013,0.02461,0.15194,0.03834,0.00318,3.77627,4.24778
800286,Wellington Aracena,ARI,25,floor,,,starter,MiLB (MLE),1.0,0.0,0.0,4.1,0.7,0.5,0.1,0.0,0.1,0.3,0.0,0.9,0.4,0.4,0.0,0.0,3.63,1.0,8.1,2.7,0.9,4.094,0.21587,0.08333,0.01162,0.03147,0.12244,0.0364,0.00328,3.6309,3.88747
814340,Raul Garayzar,ARI,25,floor,,,reliever,MiLB (MLE),1.0,0.0,0.0,4.1,0.7,0.5,0.1,0.0,0.1,0.3,0.0,0.9,0.4,0.4,0.0,0.0,3.53,1.0,8.1,2.7,0.9,4.102,0.21587,0.08333,0.01162,0.03285,0.12245,0.0364,0.00328,3.52557,3.96577
803183,Luke Fox,LAD,25,floor,,,reliever,MiLB (MLE),1.0,0.0,0.0,4.1,0.7,0.5,0.1,0.0,0.1,0.3,0.0,0.9,0.4,0.4,0.0,0.0,3.31,1.0,8.1,2.7,0.9,4.078,0.21588,0.08333,0.01162,0.02852,0.12244,0.0364,0.00328,3.30936,3.72257
800612,Cole Miller,OAK,25,floor,,,reliever,MiLB (MLE),1.0,0.0,0.0,4.1,0.7,0.5,0.1,0.0,0.1,0.3,0.0,0.9,0.4,0.4,0.0,0.0,3.56,1.0,8.1,2.7,0.9,4.104,0.21561,0.08322,0.01162,0.03391,0.12193,0.03625,0.00327,3.56209,4.00685
681306,Christian MacLeod,MIA,25,floor,,,reliever,MiLB (MLE),1.0,0.0,0.0,4.1,0.7,0.5,0.1,0.0,0.1,0.3,0.0,0.9,0.4,0.4,0.0,0.0,3.25,1.0,8.1,2.7,0.9,4.068,0.21561,0.08322,0.01163,0.02758,0.12191,0.03624,0.00327,3.24604,3.65134
592222,Alex Claudio,MIL,35,floor,,,reliever,MLB,1.0,0.0,0.0,4.3,0.9,0.6,0.2,0.0,0.1,0.4,0.0,0.9,0.4,0.5,0.0,0.0,4.03,1.3,8.1,3.6,0.9,4.252,0.21575,0.08686,0.00939,0.03069,0.14197,0.0426,0.00337,4.02792,4.53084
674265,Kevin Abel,CIN,25,floor,,,reliever,MiLB (MLE),1.0,0.0,0.0,4.1,0.7,0.5,0.1,0.0,0.1,0.3,0.0,0.9,0.3,0.4,0.0,0.0,3.14,1.0,8.1,2.7,0.9,4.056,0.21562,0.08322,0.01163,0.02547,0.12191,0.03624,0.00327,3.14186,3.53415
702431,Juan Amarante,PHI,25,floor,,,reliever,MiLB (MLE),1.0,0.0,0.0,4.1,0.7,0.5,0.1,0.0,0.1,0.3,0.0,0.9,0.4,0.4,0.0,0.0,3.33,1.0,8.1,2.7,0.9,4.077,0.21564,0.08323,0.01163,0.02917,0.12196,0.03626,0.00327,3.32644,3.74177
823791,Matt McShane,BOS,25,floor,,,reliever,MiLB (MLE),1.0,0.0,0.0,4.1,0.8,0.5,0.1,0.0,0.2,0.3,0.0,0.9,0.4,0.5,0.0,0.0,3.7,1.1,8.1,2.7,1.8,4.121,0.21567,0.08324,0.01162,0.0366,0.12205,0.03628,0.00327,3.70211,4.16435
827664,Silvano Hechavarria,TOR,25,floor,,,starter,MiLB (MLE),1.0,0.0,0.0,4.1,0.7,0.5,0.1,0.0,0.1,0.3,0.0,0.9,0.4,0.4,0.0,0.0,3.69,1.0,8.1,2.7,0.9,4.099,0.21568,0.08325,0.01162,0.0329,0.12206,0.03629,0.00327,3.69362,3.95463
702576,Mason McGwire,LAA,25,floor,,,starter,MiLB (MLE),1.0,0.0,0.0,4.1,0.7,0.5,0.1,0.0,0.1,0.3,0.0,0.9,0.4,0.4,0.0,0.0,3.5,1.0,8.1,2.7,0.9,4.078,0.21569,0.08325,0.01162,0.0292,0.12207,0.03629,0.00327,3.49974,3.74704
688636,Adam Stone,CHC,25,floor,,,reliever,MiLB (MLE),1.0,0.0,0.0,4.1,0.7,0.5,0.1,0.0,0.1,0.3,0.0,0.9,0.4,0.4,0.0,0.0,3.19,1.0,8.1,2.7,0.9,4.062,0.2157,0.08326,0.01162,0.02642,0.12207,0.03629,0.00327,3.19395,3.59274
595411,Ryan Sherriff,BOS,37,floor,,,reliever,MLB,1.0,0.0,0.0,4.3,0.9,0.6,0.2,0.0,0.1,0.4,0.1,0.9,0.4,0.5,0.0,0.0,4.02,1.3,8.1,3.6,0.9,4.261,0.21571,0.08371,0.01766,0.03018,0.13961,0.0419,0.00331,4.01933,4.52118
502083,Zach McAllister,NYY,39,floor,,,reliever,MLB,1.0,0.0,0.0,4.3,0.9,0.6,0.2,0.0,0.1,0.4,0.1,0.9,0.5,0.5,0.0,0.0,4.08,1.3,8.1,3.6,0.9,4.275,0.21572,0.08371,0.01766,0.03049,0.14102,0.04232,0.00335,4.08079,4.59031
694285,Chandler Marsh,BAL,25,floor,,,reliever,MiLB (MLE),1.0,0.0,0.0,4.1,0.7,0.5,0.1,0.0,0.1,0.3,0.0,0.9,0.4,0.5,0.0,0.0,3.61,1.0,8.1,2.7,0.9,4.111,0.21573,0.08327,0.01162,0.03478,0.12216,0.03632,0.00327,3.61378,4.065
837584,Jalen Evans,DET,25,floor,,,reliever,MiLB (MLE),1.0,0.0,0.0,4.1,0.7,0.5,0.1,0.0,0.1,0.3,0.0,0.9,0.4,0.4,0.0,0.0,3.47,1.0,8.1,2.7,0.9,4.095,0.21574,0.08327,0.01162,0.032,0.12217,0.03632,0.00327,3.47427,3.90806
815758,Brayan Vergara,LAA,25,floor,,,reliever,MiLB (MLE),1.0,0.0,0.0,4.1,0.7,0.5,0.1,0.0,0.1,0.3,0.0,0.9,0.4,0.4,0.0,0.0,3.51,1.0,8.1,2.7,0.9,4.1,0.21574,0.08327,0.01162,0.03278,0.12219,0.03632,0.00327,3.51357,3.95228
686951,Cy Nielson,PIT,25,floor,,,reliever,MiLB (MLE),1.0,0.0,0.0,4.1,0.7,0.5,0.1,0.0,0.1,0.3,0.0,0.9,0.4,0.4,0.0,0.0,3.25,1.0,8.1,2.7,0.9,4.068,0.21561,0.08322,0.01163,0.02758,0.12191,0.03624,0.00327,3.24604,3.65134
641447,Daniel Castano,MIA,32,floor,,,reliever,MLB,1.0,0.0,0.0,4.3,0.9,0.6,0.2,0.0,0.1,0.3,0.0,0.8,0.5,0.5,0.0,0.0,4.28,1.2,7.2,2.7,0.9,4.29,0.19054,0.08014,0.01151,0.03218,0.14887,0.04467,0.00353,4.28275,4.81749
666364,Jordan Balazovic,MIN,28,floor,,,reliever,MLB,1.0,0.0,0.0,4.3,0.9,0.6,0.2,0.0,0.1,0.4,0.0,0.9,0.5,0.5,0.0,0.0,4.15,1.3,8.1,3.6,0.9,4.28,0.20221,0.09267,0.00479,0.03116,0.14413,0.04325,0.00342,4.14889,4.66691
804706,Dylan Cumming,CWS,25,floor,,,starter,MiLB (MLE),1.0,0.0,0.0,3.8,0.6,0.4,0.1,0.0,0.1,0.3,0.0,0.7,0.3,0.3,0.0,0.0,2.78,0.9,6.3,2.7,0.9,3.843,0.19042,0.07242,0.01193,0.03403,0.09342,0.02777,0.0025,2.78178,2.97835
680724,Tyler Ras,CHC,25,floor,,,reliever,MiLB (MLE),1.0,0.0,0.0,3.9,0.6,0.4,0.1,0.0,0.1,0.3,0.0,0.8,0.3,0.3,0.0,0.0,2.64,0.9,7.2,2.7,0.9,3.904,0.20222,0.07752,0.01184,0.02651,0.10413,0.03096,0.00279,2.63789,2.96725
682981,Derek Diamond,PIT,25,floor,,,reliever,MiLB (MLE),1.0,0.0,0.0,3.9,0.6,0.4,0.1,0.0,0.1,0.3,0.0,0.8,0.3,0.3,0.0,0.0,2.74,0.9,7.2,2.7,0.9,3.915,0.20225,0.07754,0.01184,0.02864,0.10417,0.03097,0.00279,2.73855,3.08048
544727,Jeurys Familia,OAK,37,floor,,,reliever,MLB,1.0,0.0,0.0,4.4,0.9,0.6,0.2,0.0,0.1,0.5,0.1,0.9,0.5,0.5,0.0,0.0,4.35,1.4,8.1,4.5,0.9,4.383,0.20227,0.10794,0.01141,0.03032,0.14026,0.04209,0.00333,4.35123,4.89452
806293,Payton Martin,LAD,25,floor,,,starter,MiLB (MLE),1.0,0.0,0.0,3.8,0.6,0.4,0.1,0.0,0.1,0.3,0.0,0.7,0.3,0.3,0.0,0.0,2.53,0.9,6.3,2.7,0.9,3.816,0.19032,0.07238,0.01194,0.02881,0.09333,0.02774,0.0025,2.52909,2.7078
801739,Carlos Lagrange,NYY,25,floor,,,reliever,MiLB (MLE),1.0,0.0,0.0,3.8,0.6,0.4,0.1,0.0,0.1,0.3,0.0,0.7,0.3,0.3,0.0,0.0,2.66,0.9,6.3,2.7,0.9,3.844,0.19027,0.07236,0.01193,0.03445,0.09329,0.02773,0.0025,2.6633,2.99583
680970,Andrew Pérez,KC,25,floor,,,reliever,MiLB (MLE),1.0,0.0,0.0,4.0,0.6,0.4,0.1,0.0,0.1,0.3,0.0,0.8,0.4,0.4,0.0,0.0,3.16,0.9,7.2,2.7,0.9,3.963,0.20241,0.07761,0.01184,0.03732,0.10435,0.03102,0.0028,3.15633,3.55043
805723,Jared Lyons,CIN,25,floor,,,reliever,MiLB (MLE),1.0,0.0,0.0,3.9,0.6,0.4,0.1,0.0,0.1,0.3,0.0,0.8,0.3,0.4,0.0,0.0,2.91,0.9,7.2,2.7,0.9,3.935,0.20243,0.07761,0.01184,0.03215,0.10436,0.03102,0.0028,2.90981,3.27312
686651,Levi Stoudt,CIN,29,floor,,,reliever,MLB,1.0,0.0,0.0,4.3,0.9,0.6,0.2,0.0,0.1,0.4,0.0,0.9,0.5,0.5,0.0,0.0,4.07,1.3,8.1,3.6,0.9,4.277,0.21073,0.09516,0.00668,0.03047,0.14094,0.04229,0.00334,4.07448,4.58322
607359,Spencer Patton,OAK,39,floor,,,reliever,MLB,1.0,0.0,0.0,4.3,0.9,0.6,0.2,0.0,0.1,0.4,0.1,0.9,0.5,0.5,0.0,0.0,4.14,1.3,8.1,3.6,0.9,4.304,0.20247,0.09025,0.01797,0.03017,0.13957,0.04188,0.00331,4.14302,4.66031
815789,David Shields,KC,25,floor,,,starter,MiLB (MLE),1.0,0.0,0.0,3.9,0.6,0.4,0.1,0.0,0.1,0.3,0.0,0.8,0.3,0.3,0.0,0.0,2.92,0.9,7.2,2.7,0.9,3.922,0.20257,0.07768,0.01184,0.02937,0.1045,0.03107,0.0028,2.92414,3.13078
703596,Karson Milbrandt,MIA,25,floor,,,starter,MiLB (MLE),1.0,0.0,0.0,3.9,0.7,0.4,0.1,0.0,0.2,0.3,0.0,0.7,0.3,0.4,0.0,0.0,3.09,1.0,6.3,2.7,1.8,3.875,0.19026,0.07235,0.01193,0.04043,0.09328,0.02773,0.0025,3.08895,3.30723
815549,Ryan Sloan,SEA,25,floor,,,starter,MiLB (MLE),1.0,0.0,0.0,3.8,0.6,0.4,0.1,0.0,0.1,0.3,0.0,0.7,0.3,0.3,0.0,0.0,2.67,0.9,6.3,2.7,0.9,3.831,0.1902,0.07232,0.01194,0.03188,0.09323,0.02772,0.0025,2.67243,2.86127
666818,Luis Frías,TOR,29,floor,,,reliever,MLB,1.0,0.0,0.0,4.4,0.9,0.6,0.2,0.0,0.1,0.5,0.0,0.9,0.5,0.6,0.0,0.0,4.46,1.4,8.1,4.5,0.9,4.412,0.20188,0.11455,0.01096,0.03291,0.14012,0.03768,0.0036,4.45997,5.01684
641739,Rob Kaminsky,LAA,25,floor,,,reliever,MiLB (MLE),1.0,0.0,0.0,3.9,0.6,0.4,0.1,0.0,0.1,0.3,0.0,0.8,0.3,0.3,0.0,0.0,2.48,0.9,7.2,2.7,0.9,3.884,0.20188,0.07738,0.01184,0.02339,0.10379,0.03085,0.00278,2.48243,2.79238
542932,Jon Berti,CHC,37,floor,,,reliever,MLB,1.0,0.0,0.0,4.3,0.9,0.6,0.2,0.0,0.1,0.4,0.0,0.9,0.5,0.5,0.0,0.0,4.27,1.3,8.1,3.6,0.9,4.321,0.20194,0.09586,0.00911,0.03034,0.14016,0.04739,0.003,4.26667,4.7994
801754,Davison Palermo,COL,25,floor,,,reliever,MiLB (MLE),1.0,0.0,0.0,3.9,0.6,0.4,0.1,0.0,0.1,0.3,0.0,0.8,0.3,0.4,0.0,0.0,2.91,0.9,7.2,2.7,0.9,3.932,0.20196,0.07741,0.01184,0.03238,0.10388,0.03088,0.00278,2.9053,3.26805
702571,Jacob Miller,MIA,25,floor,,,starter,MiLB (MLE),1.0,0.0,0.0,3.9,0.6,0.4,0.1,0.0,0.1,0.3,0.0,0.8,0.3,0.3,0.0,0.0,2.93,0.9,7.2,2.7,0.9,3.92,0.20197,0.07742,0.01184,0.03,0.10388,0.03088,0.00278,2.93493,3.14232
811310,Nigel Belgrave,MIA,25,floor,,,reliever,MiLB (MLE),1.0,0.0,0.0,3.9,0.6,0.4,0.1,0.0,0.1,0.3,0.0,0.8,0.3,0.3,0.0,0.0,2.68,0.9,7.2,2.7,0.9,3.907,0.20197,0.07742,0.01184,0.02763,0.10389,0.03088,0.00278,2.68245,3.01738
677957,Brandon Neeck,PIT,25,floor,,,reliever,MiLB (MLE),1.0,0.0,0.0,3.9,0.6,0.4,0.1,0.0,0.1,0.3,0.0,0.8,0.3,0.3,0.0,0.0,2.67,0.9,7.2,2.7,0.9,3.908,0.20244,0.07762,0.01184,0.02698,0.10436,0.03103,0.0028,2.66666,2.99962
699062,Kelvin Ramirez,LAD,25,floor,,,reliever,MiLB (MLE),1.0,0.0,0.0,3.9,0.6,0.4,0.1,0.0,0.1,0.3,0.0,0.8,0.3,0.4,0.0,0.0,2.83,0.9,7.2,2.7,0.9,3.929,0.20281,0.07778,0.01183,0.03027,0.10475,0.03114,0.00281,2.83371,3.18752
669285,Dan Hammer,NYM,25,floor,,,reliever,MiLB (MLE),1.0,0.0,0.0,3.9,0.6,0.4,0.1,0.0,0.1,0.3,0.0,0.8,0.3,0.3,0.0,0.0,2.52,0.9,7.2,2.7,0.9,3.894,0.20283,0.07779,0.01184,0.02362,0.10476,0.03114,0.00281,2.52259,2.83756
811958,Justin Sinibaldi,CWS,25,floor,,,starter,MiLB (MLE),1.0,0.0,0.0,3.9,0.6,0.4,0.1,0.0,0.1,0.3,0.0,0.8,0.3,0.4,0.0,0.0,3.13,0.9,7.2,2.7,0.9,3.945,0.20284,0.07779,0.01183,0.03324,0.10478,0.03115,0.00281,3.12577,3.34665
691765,Jackson Baumeister,TB,25,floor,,,starter,MiLB (MLE),1.0,0.0,0.0,3.9,0.6,0.4,0.1,0.0,0.1,0.3,0.0,0.7,0.3,0.3,0.0,0.0,2.94,0.9,6.3,2.7,0.9,3.856,0.18949,0.07202,0.01194,0.03783,0.09265,0.02754,0.00248,2.94008,3.14784
685319,Braydon Tucker,PHI,25,floor,,,starter,MiLB (MLE),1.0,0.0,0.0,3.9,0.7,0.4,0.1,0.0,0.2,0.3,0.0,0.7,0.3,0.4,0.0,0.0,2.99,1.0,6.3,2.7,1.8,3.861,0.18949,0.07202,0.01194,0.03885,0.09265,0.02754,0.00248,2.98996,3.20125
669618,Joe Barlow,TEX,31,floor,,,reliever,MLB,1.0,0.0,0.0,4.3,1.0,0.7,0.2,0.0,0.1,0.4,0.1,0.9,0.4,0.5,0.0,0.0,3.94,1.4,8.1,3.6,0.9,4.291,0.20295,0.08277,0.01849,0.02545,0.15368,0.03724,0.00348,3.93668,4.42821
701240,Ethan Routzahn,SD,25,floor,,,reliever,MiLB (MLE),1.0,0.0,0.0,3.8,0.6,0.4,0.1,0.0,0.1,0.3,0.0,0.7,0.3,0.3,0.0,0.0,2.36,0.9,6.3,2.7,0.9,3.806,0.18939,0.07197,0.01194,0.02822,0.09256,0.02752,0.00248,2.35685,2.65112
692064,José Rodríguez,TOR,25,floor,,,reliever,MLB,1.0,0.0,0.0,4.2,0.9,0.6,0.2,0.0,0.1,0.3,0.0,1.0,0.4,0.5,0.0,0.0,3.89,1.2,9.0,2.7,0.9,4.194,0.22767,0.07806,0.0094,0.03054,0.13864,0.04548,0.00327,3.88548,4.37062
519043,Matt Moore,LAA,38,floor,,,reliever,MLB,1.0,0.0,0.0,4.3,0.9,0.5,0.2,0.0,0.2,0.4,0.0,1.0,0.5,0.5,0.0,0.0,4.25,1.3,9.0,3.6,1.8,4.268,0.23558,0.10256,0.00868,0.038,0.11965,0.04443,0.00412,4.25177,4.78265
702882,Eybersson Polanco,LAA,25,floor,,,reliever,MiLB (MLE),1.0,0.0,0.0,3.8,0.6,0.4,0.1,0.0,0.1,0.3,0.0,0.7,0.3,0.3,0.0,0.0,2.33,0.9,6.3,2.7,0.9,3.809,0.19067,0.07253,0.01193,0.02683,0.09362,0.02783,0.00251,2.32657,2.61707
605156,Aaron Brooks,OAK,37,floor,,,starter,MLB,1.0,0.0,0.0,4.3,0.9,0.6,0.2,0.0,0.1,0.4,0.1,0.8,0.5,0.6,0.0,0.0,4.63,1.3,7.2,3.6,0.9,4.306,0.17617,0.08293,0.01197,0.03419,0.14618,0.04483,0.00344,4.62607,4.95296
570666,Luis Cessa,CIN,35,floor,,,reliever,MLB,1.0,0.0,0.0,4.3,0.9,0.6,0.2,0.0,0.1,0.4,0.0,0.8,0.5,0.6,0.0,0.0,4.41,1.3,7.2,3.6,0.9,4.319,0.17444,0.08621,0.00724,0.03258,0.1507,0.04522,0.00358,4.40528,4.95532
683157,Evan Fitterer,SD,25,floor,,,reliever,MiLB (MLE),1.0,0.0,0.0,3.7,0.5,0.3,0.1,0.0,0.1,0.2,0.0,0.6,0.2,0.2,0.0,0.0,1.75,0.7,5.4,1.8,0.9,3.675,0.17468,0.06556,0.01202,0.02206,0.08137,0.02419,0.00218,1.75002,1.96853
630023,Yonny Chirinos,MIA,33,floor,,,starter,MLB,1.0,0.0,0.0,4.3,1.0,0.6,0.2,0.0,0.2,0.3,0.1,0.8,0.5,0.6,0.0,0.0,4.86,1.3,7.2,2.7,1.8,4.312,0.17507,0.08034,0.01626,0.03875,0.13667,0.04833,0.00412,4.85505,5.19812
666148,Drake Fellows,PHI,25,floor,,,starter,MiLB (MLE),1.0,0.0,0.0,3.8,0.5,0.3,0.1,0.0,0.1,0.2,0.0,0.7,0.3,0.3,0.0,0.0,2.61,0.7,6.3,1.8,0.9,3.757,0.17511,0.06575,0.01201,0.03868,0.08169,0.02428,0.00219,2.61193,2.7965
665048,Hobie Harris,WSH,34,floor,,,reliever,MLB,1.0,0.0,0.0,4.4,1.0,0.7,0.2,0.0,0.1,0.4,0.0,0.8,0.5,0.5,0.0,0.0,4.25,1.4,7.2,3.6,0.9,4.369,0.19057,0.09948,0.01125,0.02662,0.14934,0.04386,0.00263,4.24512,4.77516
690294,Shane Murphy,CWS,25,floor,,,starter,MiLB (MLE),1.0,0.0,0.0,3.8,0.6,0.3,0.1,0.0,0.2,0.3,0.0,0.7,0.4,0.4,0.0,0.0,3.19,0.9,6.3,2.7,1.8,3.819,0.1757,0.06601,0.01201,0.05042,0.08212,0.02441,0.0022,3.18713,3.41235
657022,Trey Supak,TEX,25,floor,,,starter,MiLB (MLE),1.0,0.0,0.0,3.7,0.5,0.3,0.1,0.0,0.1,0.2,0.0,0.7,0.3,0.3,0.0,0.0,2.28,0.7,6.3,1.8,0.9,3.725,0.17575,0.06603,0.01201,0.03124,0.08215,0.02442,0.0022,2.28073,2.4419
687238,Trace Bright,BAL,25,floor,,,starter,MiLB (MLE),1.0,0.0,0.0,3.8,0.6,0.3,0.1,0.0,0.2,0.3,0.0,0.7,0.3,0.4,0.0,0.0,3.08,0.9,6.3,2.7,1.8,3.809,0.17602,0.06615,0.01201,0.04802,0.08235,0.02448,0.00221,3.07875,3.29631
656232,Brandon Bielak,OAK,31,floor,,,reliever,MLB,1.0,0.0,0.0,4.4,1.1,0.7,0.2,0.0,0.2,0.4,0.1,0.8,0.5,0.6,0.0,0.0,4.71,1.5,7.2,3.6,1.8,4.424,0.17603,0.09394,0.01774,0.03436,0.14928,0.04245,0.00375,4.71414,5.30274
596117,Garrett Stubbs,PHI,34,floor,,,reliever,MLB,1.0,0.0,0.0,4.3,1.0,0.6,0.2,0.0,0.2,0.3,0.1,0.8,0.5,0.6,0.0,0.0,4.53,1.3,7.2,2.7,1.8,4.328,0.17612,0.08056,0.01364,0.03589,0.14993,0.04332,0.0036,4.52566,5.09073
622250,Josh Sborz,TEX,33,floor,,,reliever,MLB,1.0,0.0,0.0,4.1,0.9,0.6,0.2,0.0,0.1,0.3,0.0,1.1,0.4,0.4,0.0,0.0,3.38,1.2,9.9,2.7,0.9,4.148,0.26059,0.08392,0.00416,0.02098,0.14092,0.04407,0.00369,3.38436,3.80693
678142,Cedric De Grandpre,ATL,25,floor,,,starter,MiLB (MLE),1.0,0.0,0.0,3.9,0.6,0.4,0.1,0.0,0.1,0.3,0.0,0.8,0.3,0.4,0.0,0.0,3.03,0.9,7.2,2.7,0.9,3.929,0.20186,0.07737,0.01184,0.03195,0.10378,0.03085,0.00278,3.02791,3.24188
543351,Jay Jackson,MIN,39,floor,,,reliever,MLB,1.0,0.0,0.0,4.2,0.9,0.6,0.2,0.0,0.1,0.3,0.0,1.0,0.4,0.5,0.0,0.0,3.67,1.2,9.0,2.7,0.9,4.183,0.22885,0.08194,0.00611,0.02768,0.14742,0.03636,0.00405,3.66865,4.12671
453268,Daniel Bard,COL,42,floor,,,reliever,MLB,1.0,0.0,0.0,4.5,0.9,0.6,0.2,0.0,0.1,0.6,0.1,1.0,0.5,0.5,0.0,0.0,4.28,1.5,9.0,5.4,0.9,4.467,0.22886,0.1317,0.02182,0.02728,0.12618,0.03787,0.00299,4.28216,4.81683
804249,Tate Kuehner,MIL,25,floor,,,starter,MiLB (MLE),1.0,0.0,0.0,3.8,0.6,0.4,0.1,0.0,0.1,0.3,0.0,0.7,0.3,0.3,0.0,0.0,2.47,0.9,6.3,2.7,0.9,3.813,0.19102,0.07268,0.01193,0.02716,0.0939,0.02792,0.00252,2.46915,2.64363
595881,Tyler Beede,CLE,34,floor,,,reliever,MLB,1.0,0.0,0.0,4.4,1.0,0.6,0.2,0.0,0.2,0.4,0.1,0.8,0.5,0.6,0.0,0.0,4.68,1.4,7.2,3.6,1.8,4.413,0.19081,0.09876,0.02097,0.03482,0.13611,0.04527,0.00402,4.67685,5.26079
596057,Daniel Norris,CLE,34,floor,,,reliever,MLB,1.0,0.0,0.0,4.4,0.9,0.6,0.2,0.0,0.1,0.5,0.1,1.0,0.5,0.5,0.0,0.0,4.19,1.4,9.0,4.5,0.9,4.387,0.22903,0.10962,0.02312,0.02854,0.132,0.03961,0.00313,4.19384,4.71748
687798,Nick Robertson,TOR,28,floor,,,reliever,MLB,1.0,0.0,0.0,4.2,0.9,0.6,0.2,0.0,0.1,0.3,0.0,1.0,0.4,0.5,0.0,0.0,3.61,1.2,9.0,2.7,0.9,4.169,0.22906,0.07863,0.00374,0.0251,0.14822,0.04298,0.00266,3.61104,4.06191
686839,Brendan White,DET,28,floor,,,reliever,MLB,1.0,0.0,0.0,4.3,0.9,0.6,0.2,0.0,0.1,0.4,0.1,1.0,0.4,0.5,0.0,0.0,3.92,1.3,9.0,3.6,0.9,4.277,0.22909,0.08552,0.02342,0.02648,0.13638,0.04466,0.00248,3.92417,4.41414
656458,Lucas Gilbreath,COL,31,floor,,,reliever,MLB,1.0,0.0,0.0,4.3,0.8,0.6,0.1,0.0,0.1,0.4,0.1,1.0,0.4,0.5,0.0,0.0,3.81,1.2,9.0,3.6,0.9,4.33,0.22912,0.10326,0.02127,0.02371,0.143,0.03346,0.00253,3.80528,4.2804
656577,Alex Jackson,MIN,31,floor,,,reliever,MLB,1.0,0.0,0.0,4.3,0.9,0.6,0.2,0.0,0.1,0.4,0.0,0.9,0.5,0.5,0.0,0.0,4.26,1.3,8.1,3.6,0.9,4.287,0.20124,0.09185,0.0092,0.0344,0.1388,0.04296,0.00329,4.25802,4.78967
803833,Garrett Baumann,ATL,25,floor,,,starter,MiLB (MLE),1.0,0.0,0.0,4.0,0.7,0.4,0.1,0.0,0.2,0.3,0.0,0.8,0.4,0.4,0.0,0.0,3.47,1.0,7.2,2.7,1.8,3.977,0.20202,0.07744,0.01184,0.0406,0.10396,0.0309,0.00279,3.46846,3.71356
641360,Phil Bickford,NYY,31,floor,,,reliever,MLB,1.0,0.0,0.0,4.2,0.8,0.6,0.1,0.0,0.1,0.4,0.1,1.0,0.4,0.5,0.0,0.0,3.63,1.2,9.0,3.6,0.9,4.23,0.23638,0.09139,0.01204,0.02528,0.14607,0.0335,0.00311,3.62661,4.07943
687905,Taylor Floyd,CIN,25,floor,,,reliever,MiLB (MLE),1.0,0.0,0.0,3.9,0.6,0.4,0.1,0.0,0.1,0.3,0.0,0.8,0.3,0.4,0.0,0.0,2.94,0.9,7.2,2.7,0.9,3.933,0.20147,0.0772,0.01185,0.03339,0.10339,0.03074,0.00277,2.93755,3.30433
622761,Jorge Mateo,ATL,32,floor,,,reliever,MLB,1.0,0.0,0.0,4.3,0.9,0.6,0.2,0.0,0.1,0.4,0.1,0.9,0.5,0.5,0.0,0.0,4.29,1.3,8.1,3.6,0.9,4.333,0.20155,0.08974,0.01868,0.03,0.13942,0.04691,0.00304,4.28891,4.82442
805422,Nate Snead,LAA,25,floor,,,starter,MiLB (MLE),1.0,0.0,0.0,3.9,0.6,0.4,0.1,0.0,0.1,0.3,0.0,0.8,0.4,0.4,0.0,0.0,3.21,0.9,7.2,2.7,0.9,3.947,0.20159,0.07725,0.01185,0.03579,0.10351,0.03077,0.00277,3.21032,3.43718
682949,Christian Suarez,LAD,25,floor,,,reliever,MiLB (MLE),1.0,0.0,0.0,3.9,0.6,0.4,0.1,0.0,0.1,0.3,0.0,0.8,0.3,0.4,0.0,0.0,2.83,0.9,7.2,2.7,0.9,3.922,0.2016,0.07726,0.01185,0.03107,0.10352,0.03077,0.00277,2.83205,3.18565
701464,Joe Miller,DET,25,floor,,,starter,MiLB (MLE),1.0,0.0,0.0,3.9,0.6,0.4,0.1,0.0,0.1,0.3,0.0,0.8,0.3,0.3,0.0,0.0,2.76,0.9,7.2,2.7,0.9,3.893,0.20065,0.07685,0.01186,0.02726,0.10256,0.03049,0.00275,2.75635,2.95112
822416,Cooper Adams,BOS,25,floor,,,reliever,MiLB (MLE),1.0,0.0,0.0,3.9,0.6,0.4,0.1,0.0,0.1,0.3,0.0,0.8,0.3,0.4,0.0,0.0,3.07,0.9,7.2,2.7,0.9,3.944,0.20074,0.07689,0.01185,0.03664,0.10267,0.03052,0.00275,3.06844,3.45156
700924,Frank Mozzicato,KC,25,floor,,,reliever,MiLB (MLE),1.0,0.0,0.0,4.0,0.7,0.4,0.1,0.0,0.2,0.3,0.0,0.8,0.3,0.4,0.0,0.0,3.12,1.0,7.2,2.7,1.8,3.95,0.20074,0.07689,0.01185,0.0378,0.10266,0.03052,0.00275,3.12416,3.51424
805060,Yenrri Rojas,CHC,25,floor,,,reliever,MiLB (MLE),1.0,0.0,0.0,3.9,0.6,0.4,0.1,0.0,0.1,0.3,0.0,0.8,0.3,0.4,0.0,0.0,3.02,0.9,7.2,2.7,0.9,3.939,0.20086,0.07694,0.01185,0.03551,0.10279,0.03056,0.00275,3.01893,3.39588
691576,Alejandro Hidalgo,MIN,25,floor,,,reliever,MiLB (MLE),1.0,0.0,0.0,4.0,0.7,0.4,0.1,0.0,0.2,0.3,0.0,0.8,0.4,0.5,0.0,0.0,3.65,1.0,7.2,2.7,1.8,4.009,0.20086,0.07694,0.01185,0.04855,0.1028,0.03056,0.00275,3.6506,4.10641
695542,Samuel Dutton,OAK,25,floor,,,starter,MiLB (MLE),1.0,0.0,0.0,3.9,0.6,0.4,0.1,0.0,0.1,0.3,0.0,0.8,0.4,0.4,0.0,0.0,3.16,0.9,7.2,2.7,0.9,3.94,0.20138,0.07717,0.01185,0.03495,0.1033,0.03071,0.00277,3.1613,3.38469
669796,Jose E. Hernandez,PIT,29,floor,,,reliever,MLB,1.0,0.0,0.0,4.2,0.9,0.6,0.2,0.0,0.1,0.4,0.0,1.0,0.4,0.4,0.0,0.0,3.53,1.3,9.0,3.6,0.9,4.227,0.2383,0.09566,0.00587,0.01879,0.14335,0.04395,0.00321,3.52501,3.96514
696508,Alec Baker,ARI,25,floor,,,reliever,MiLB (MLE),1.0,0.0,0.0,4.0,0.7,0.4,0.1,0.0,0.2,0.3,0.0,0.8,0.4,0.4,0.0,0.0,3.48,1.0,7.2,2.7,1.8,3.997,0.20205,0.07745,0.01184,0.04429,0.10398,0.03091,0.00279,3.48201,3.91677
686894,Joey Wiemer,WSH,28,floor,,,reliever,MLB,1.0,0.0,0.0,4.3,0.9,0.6,0.2,0.0,0.1,0.4,0.1,0.9,0.5,0.5,0.0,0.0,4.32,1.3,8.1,3.6,0.9,4.317,0.20206,0.08853,0.02004,0.03288,0.13431,0.04604,0.00338,4.3227,4.86242
598264,Matt Barnes,WSH,37,floor,,,reliever,MLB,1.0,0.0,0.0,4.3,0.9,0.6,0.2,0.0,0.1,0.4,0.1,0.9,0.5,0.5,0.0,0.0,4.18,1.3,8.1,3.6,0.9,4.339,0.2021,0.09483,0.01203,0.02844,0.14964,0.04121,0.00249,4.18105,4.70309
596142,Gary Sánchez,MIL,34,floor,,,reliever,MLB,1.0,0.0,0.0,4.3,1.0,0.7,0.2,0.0,0.1,0.4,0.1,0.9,0.4,0.5,0.0,0.0,4.03,1.4,8.1,3.6,0.9,4.303,0.20214,0.08249,0.01984,0.0265,0.1514,0.03988,0.00297,4.02797,4.5309
702436,Luis Serna,NYY,25,floor,,,starter,MiLB (MLE),1.0,0.0,0.0,3.9,0.6,0.4,0.1,0.0,0.1,0.3,0.0,0.8,0.3,0.4,0.0,0.0,2.98,0.9,7.2,2.7,0.9,3.925,0.20216,0.0775,0.01184,0.03074,0.10408,0.03094,0.00279,2.97783,3.18826
681807,David Fry,CLE,31,floor,,,reliever,MLB,1.0,0.0,0.0,4.3,0.9,0.6,0.2,0.0,0.1,0.3,0.0,0.9,0.5,0.5,0.0,0.0,4.12,1.2,8.1,2.7,0.9,4.252,0.20216,0.08126,0.00851,0.03162,0.14624,0.04389,0.00347,4.12066,4.63517
592346,Chi Chi González,NYY,35,floor,,,reliever,MLB,1.0,0.0,0.0,4.2,0.9,0.6,0.2,0.0,0.1,0.3,0.0,0.8,0.5,0.5,0.0,0.0,4.11,1.2,7.2,2.7,0.9,4.239,0.20163,0.08069,0.00455,0.03194,0.14775,0.04434,0.00351,4.10817,4.62111
679693,Carson Coleman,NYY,25,floor,,,reliever,MiLB (MLE),1.0,0.0,0.0,3.9,0.6,0.4,0.1,0.0,0.1,0.3,0.0,0.8,0.3,0.3,0.0,0.0,2.79,0.9,7.2,2.7,0.9,3.918,0.20167,0.07729,0.01185,0.03018,0.10359,0.03079,0.00278,2.79247,3.14114
813766,Skylar Hales,STL,25,floor,,,reliever,MiLB (MLE),1.0,0.0,0.0,3.9,0.6,0.4,0.1,0.0,0.1,0.3,0.0,0.8,0.3,0.4,0.0,0.0,2.87,0.9,7.2,2.7,0.9,3.927,0.20167,0.07729,0.01185,0.03189,0.10358,0.03079,0.00278,2.87286,3.23157
686873,Nick Zwack,SF,25,floor,,,reliever,MiLB (MLE),1.0,0.0,0.0,3.9,0.6,0.4,0.1,0.0,0.1,0.3,0.0,0.8,0.3,0.4,0.0,0.0,2.8,0.9,7.2,2.7,0.9,3.92,0.20186,0.07737,0.01184,0.03024,0.10378,0.03085,0.00278,2.80138,3.15116
690667,Trey Dombroski,HOU,25,floor,,,starter,MiLB (MLE),1.0,0.0,0.0,3.9,0.6,0.4,0.1,0.0,0.1,0.3,0.0,0.7,0.3,0.3,0.0,0.0,2.87,0.9,6.3,2.7,0.9,3.857,0.19134,0.07282,0.01193,0.03539,0.09418,0.028,0.00252,2.87327,3.07631
701643,Grant Hartwig,NYM,29,floor,,,reliever,MLB,1.0,0.0,0.0,4.4,0.9,0.6,0.2,0.0,0.1,0.4,0.1,0.9,0.5,0.5,0.0,0.0,4.38,1.3,8.1,3.6,0.9,4.404,0.20172,0.09225,0.03376,0.02934,0.13801,0.04239,0.00283,4.38144,4.9285
802359,Grant Umberger,CWS,25,floor,,,starter,MiLB (MLE),1.0,0.0,0.0,3.9,0.6,0.4,0.1,0.0,0.1,0.3,0.0,0.8,0.3,0.4,0.0,0.0,3.14,0.9,7.2,2.7,0.9,3.94,0.20173,0.07731,0.01184,0.03434,0.10365,0.03081,0.00278,3.14236,3.36441
694573,Wyatt Crowell,LAD,25,floor,,,reliever,MiLB (MLE),1.0,0.0,0.0,3.9,0.6,0.4,0.1,0.0,0.1,0.3,0.0,0.8,0.3,0.3,0.0,0.0,2.67,0.9,7.2,2.7,0.9,3.905,0.20173,0.07732,0.01185,0.02756,0.10364,0.03081,0.00278,2.67158,3.00515
685116,Austin Kitchen,MIA,30,floor,,,reliever,MLB,1.0,0.0,0.0,4.3,0.9,0.6,0.2,0.0,0.1,0.4,0.0,0.9,0.4,0.5,0.0,0.0,3.89,1.3,8.1,3.6,0.9,4.252,0.20177,0.08325,0.00739,0.02377,0.1504,0.04732,0.00284,3.89093,4.37675
805906,Gage Wood,PHI,25,floor,,,starter,MiLB (MLE),1.0,0.0,0.0,4.0,0.7,0.4,0.1,0.0,0.2,0.3,0.0,0.8,0.4,0.4,0.0,0.0,3.34,1.0,7.2,2.7,1.8,3.962,0.20182,0.07735,0.01184,0.03825,0.10375,0.03084,0.00278,3.34242,3.57861
800514,Carlos Espinosa,LAA,25,floor,,,reliever,MiLB (MLE),1.0,0.0,0.0,3.9,0.6,0.4,0.1,0.0,0.1,0.3,0.0,0.8,0.3,0.4,0.0,0.0,3.01,0.9,7.2,2.7,0.9,3.943,0.20183,0.07736,0.01184,0.0347,0.10375,0.03084,0.00278,3.01166,3.3877
674022,Jason Ruffcorn,SEA,25,floor,,,reliever,MiLB (MLE),1.0,0.0,0.0,3.9,0.6,0.4,0.1,0.0,0.1,0.3,0.0,0.8,0.3,0.4,0.0,0.0,2.9,0.9,7.2,2.7,0.9,3.931,0.20184,0.07736,0.01184,0.03233,0.10376,0.03085,0.00278,2.89941,3.26142
699613,Houston Harding,LAA,25,floor,,,reliever,MiLB (MLE),1.0,0.0,0.0,3.9,0.6,0.4,0.1,0.0,0.1,0.3,0.0,0.8,0.3,0.4,0.0,0.0,2.96,0.9,7.2,2.7,0.9,3.938,0.20185,0.07737,0.01184,0.03367,0.10377,0.03085,0.00278,2.96304,3.333
676393,Jack Leftwich,CLE,25,floor,,,reliever,MiLB (MLE),1.0,0.0,0.0,3.9,0.6,0.4,0.1,0.0,0.1,0.3,0.0,0.7,0.3,0.3,0.0,0.0,2.77,0.9,6.3,2.7,0.9,3.861,0.19118,0.07275,0.01193,0.03627,0.09404,0.02796,0.00252,2.7713,3.11733
641962,CD Pelham,PIT,25,floor,,,reliever,MiLB (MLE),1.0,0.0,0.0,3.9,0.6,0.4,0.1,0.0,0.1,0.3,0.0,0.8,0.3,0.3,0.0,0.0,2.47,0.9,7.2,2.7,0.9,3.882,0.20169,0.0773,0.01185,0.02335,0.1036,0.0308,0.00278,2.47452,2.78349
675248,Spencer Bengard,MIN,25,floor,,,reliever,MiLB (MLE),1.0,0.0,0.0,3.9,0.6,0.4,0.1,0.0,0.1,0.3,0.0,0.8,0.3,0.4,0.0,0.0,2.92,0.9,7.2,2.7,0.9,3.948,0.2045,0.07851,0.01182,0.03083,0.10654,0.03167,0.00285,2.91699,3.28121
605612,Harold Castro,COL,33,floor,,,reliever,MLB,1.0,0.0,0.0,4.3,0.9,0.6,0.2,0.0,0.1,0.4,0.1,0.9,0.5,0.5,0.0,0.0,4.22,1.3,8.1,3.6,0.9,4.325,0.20454,0.0839,0.02703,0.03025,0.13995,0.042,0.00332,4.21502,4.7413
676105,Jeff Criswell,COL,28,floor,,,reliever,MLB,1.0,0.0,0.0,4.3,0.9,0.6,0.2,0.0,0.1,0.4,0.0,1.0,0.4,0.5,0.0,0.0,3.85,1.3,9.0,3.6,0.9,4.255,0.23678,0.09593,0.01041,0.02808,0.13856,0.03843,0.00397,3.85146,4.33235
592848,Zack Weiss,BOS,35,floor,,,reliever,MLB,1.0,0.0,0.0,4.2,0.9,0.6,0.2,0.0,0.1,0.4,0.1,1.0,0.4,0.5,0.0,0.0,3.86,1.3,9.0,3.6,0.9,4.249,0.23668,0.09318,0.0152,0.02893,0.13382,0.04016,0.00318,3.85708,4.33867
700380,Joshua Loeschorn,PIT,25,floor,,,reliever,MiLB (MLE),1.0,0.0,0.0,3.9,0.6,0.4,0.1,0.0,0.1,0.3,0.0,0.8,0.3,0.4,0.0,0.0,2.94,0.9,7.2,2.7,0.9,3.948,0.20389,0.07825,0.01182,0.03185,0.10589,0.03148,0.00284,2.94445,3.3121
681289,Tanner Kohlhepp,DET,25,floor,,,reliever,MiLB (MLE),1.0,0.0,0.0,3.9,0.6,0.4,0.1,0.0,0.1,0.3,0.0,0.8,0.3,0.3,0.0,0.0,2.77,0.9,7.2,2.7,0.9,3.928,0.20391,0.07825,0.01182,0.0282,0.10589,0.03148,0.00284,2.77202,3.11813
678789,Julio Robaina,ATL,25,floor,,,starter,MiLB (MLE),1.0,0.0,0.0,3.9,0.6,0.4,0.1,0.0,0.1,0.3,0.0,0.8,0.3,0.3,0.0,0.0,2.91,0.9,7.2,2.7,0.9,3.928,0.20391,0.07825,0.01182,0.0282,0.10589,0.03148,0.00284,2.91233,3.11813
689167,Jeff Lindgren,MIA,30,floor,,,reliever,MLB,1.0,0.0,0.0,4.3,0.9,0.6,0.2,0.0,0.1,0.4,0.0,0.9,0.5,0.5,0.0,0.0,4.17,1.3,8.1,3.6,0.9,4.287,0.20397,0.0904,0.00835,0.03113,0.14401,0.04322,0.00342,4.16788,4.68828
605200,Zach Davies,ARI,34,floor,,,reliever,MLB,1.0,0.0,0.0,4.3,0.9,0.6,0.2,0.0,0.1,0.4,0.0,0.8,0.5,0.5,0.0,0.0,4.26,1.3,7.2,3.6,0.9,4.308,0.18997,0.09483,0.00486,0.03147,0.14556,0.04368,0.00345,4.26147,4.79356
688876,Carlos Torres,COL,25,floor,,,reliever,MiLB (MLE),1.0,0.0,0.0,4.0,0.6,0.4,0.1,0.0,0.1,0.3,0.0,0.8,0.3,0.4,0.0,0.0,3.01,0.9,7.2,2.7,0.9,3.956,0.20401,0.0783,0.01182,0.03311,0.10601,0.03152,0.00284,3.00855,3.38419
800078,Augusto Mendieta,KC,25,floor,,,reliever,MiLB (MLE),1.0,0.0,0.0,3.9,0.6,0.4,0.1,0.0,0.1,0.3,0.0,0.8,0.3,0.4,0.0,0.0,2.95,0.9,7.2,2.7,0.9,3.942,0.20281,0.07778,0.01183,0.03267,0.10475,0.03114,0.00281,2.94709,3.31506
687288,Devereaux Harrison,TOR,25,floor,,,reliever,MiLB (MLE),1.0,0.0,0.0,3.8,0.6,0.4,0.1,0.0,0.1,0.3,0.0,0.7,0.3,0.3,0.0,0.0,2.44,0.9,6.3,2.7,0.9,3.819,0.18992,0.0722,0.01194,0.02986,0.093,0.02765,0.00249,2.44449,2.7497
675919,Nick Raquet,BAL,31,floor,,,reliever,MLB,1.0,0.0,0.0,4.3,0.9,0.6,0.2,0.0,0.1,0.4,0.1,0.9,0.5,0.5,0.0,0.0,4.33,1.3,8.1,3.6,0.9,4.326,0.20411,0.08979,0.0185,0.03058,0.13334,0.05152,0.00297,4.33154,4.87237
801643,Owen Wild,TB,25,floor,,,reliever,MiLB (MLE),1.0,0.0,0.0,4.0,0.6,0.4,0.1,0.0,0.1,0.3,0.0,0.8,0.4,0.4,0.0,0.0,3.16,0.9,7.2,2.7,0.9,3.974,0.20412,0.07834,0.01182,0.03628,0.10614,0.03155,0.00284,3.16475,3.55989
679712,Lael Lockhart,DET,25,floor,,,starter,MiLB (MLE),1.0,0.0,0.0,4.0,0.6,0.4,0.1,0.0,0.1,0.3,0.0,0.8,0.4,0.4,0.0,0.0,3.24,0.9,7.2,2.7,0.9,3.964,0.20413,0.07835,0.01182,0.03452,0.10614,0.03155,0.00284,3.23602,3.46469
822462,Evan Truitt,SEA,25,floor,,,starter,MiLB (MLE),1.0,0.0,0.0,4.0,0.7,0.4,0.1,0.0,0.2,0.3,0.0,0.8,0.4,0.4,0.0,0.0,3.55,1.0,7.2,2.7,1.8,3.998,0.20413,0.07835,0.01182,0.04064,0.10615,0.03156,0.00284,3.5477,3.79839
700174,Jordy Vargas,COL,25,floor,,,starter,MiLB (MLE),1.0,0.0,0.0,3.9,0.6,0.4,0.1,0.0,0.1,0.3,0.0,0.8,0.3,0.4,0.0,0.0,3.08,0.9,7.2,2.7,0.9,3.948,0.20415,0.07836,0.01182,0.03141,0.10616,0.03156,0.00284,3.08113,3.29885
645444,Jose Herrera,ARI,30,floor,,,reliever,MLB,1.0,0.0,0.0,4.2,1.0,0.7,0.2,0.0,0.1,0.3,0.0,0.9,0.4,0.5,0.0,0.0,3.76,1.3,8.1,2.7,0.9,4.24,0.20358,0.07856,0.00902,0.02238,0.15894,0.04066,0.00334,3.75774,4.22693
823764,Colton Shaw,SEA,25,floor,,,starter,MiLB (MLE),1.0,0.0,0.0,3.9,0.6,0.4,0.1,0.0,0.1,0.3,0.0,0.8,0.3,0.4,0.0,0.0,3.01,0.9,7.2,2.7,0.9,3.938,0.20361,0.07812,0.01183,0.03046,0.10558,0.03139,0.00283,3.01405,3.22704
683098,Bryce Osmond,LAA,25,floor,,,reliever,MiLB (MLE),1.0,0.0,0.0,4.0,0.7,0.4,0.1,0.0,0.2,0.3,0.0,0.8,0.4,0.4,0.0,0.0,3.52,1.0,7.2,2.7,1.8,4.011,0.20362,0.07813,0.01182,0.04388,0.10561,0.0314,0.00283,3.51692,3.95604
664301,Wandisson Charles,DET,25,floor,,,reliever,MiLB (MLE),1.0,0.0,0.0,3.9,0.6,0.4,0.1,0.0,0.1,0.3,0.0,0.8,0.3,0.3,0.0,0.0,2.76,0.9,7.2,2.7,0.9,3.926,0.20366,0.07815,0.01183,0.02813,0.10564,0.0314,0.00283,2.76055,3.10524
805780,Cade Kuehler,ATL,25,floor,,,starter,MiLB (MLE),1.0,0.0,0.0,4.0,0.7,0.4,0.1,0.0,0.2,0.3,0.0,0.8,0.4,0.4,0.0,0.0,3.58,1.0,7.2,2.7,1.8,4.001,0.20405,0.07832,0.01182,0.04138,0.10607,0.03153,0.00284,3.58283,3.83601
571670,Dylan Floro,ARI,36,floor,,,reliever,MLB,1.0,0.0,0.0,4.2,1.0,0.7,0.2,0.0,0.1,0.3,0.0,0.9,0.4,0.4,0.0,0.0,3.47,1.3,8.1,2.7,0.9,4.207,0.2047,0.07141,0.00604,0.01336,0.16831,0.04404,0.00441,3.46979,3.90303
621028,Kevin Newman,LAA,33,floor,,,reliever,MLB,1.0,0.0,0.0,4.2,0.9,0.6,0.2,0.0,0.1,0.3,0.0,0.9,0.4,0.5,0.0,0.0,4.01,1.2,8.1,2.7,0.9,4.238,0.2047,0.07899,0.00939,0.03039,0.14876,0.04187,0.00319,4.00963,4.51028
701717,Dalton Pence,TEX,25,floor,,,starter,MiLB (MLE),1.0,0.0,0.0,3.9,0.6,0.4,0.1,0.0,0.1,0.3,0.0,0.8,0.3,0.4,0.0,0.0,3.0,0.9,7.2,2.7,0.9,3.943,0.20471,0.0786,0.01181,0.02941,0.10676,0.03174,0.00286,3.00113,3.21321
688445,Jake Walkinshaw,MIA,25,floor,,,reliever,MiLB (MLE),1.0,0.0,0.0,3.9,0.6,0.4,0.1,0.0,0.1,0.3,0.0,0.8,0.3,0.3,0.0,0.0,2.69,0.9,7.2,2.7,0.9,3.924,0.20472,0.0786,0.01181,0.02586,0.10677,0.03174,0.00286,2.68917,3.02493
661309,Adrián Martinez,OAK,30,floor,,,reliever,MLB,1.0,0.0,0.0,4.3,0.9,0.6,0.2,0.0,0.1,0.3,0.1,0.9,0.5,0.5,0.0,0.0,4.07,1.2,8.1,2.7,0.9,4.256,0.20472,0.08037,0.01566,0.03082,0.14259,0.04279,0.00338,4.07069,4.57895
681212,Shay Schanaman,ATL,25,floor,,,reliever,MiLB (MLE),1.0,0.0,0.0,4.0,0.6,0.4,0.1,0.0,0.1,0.3,0.0,0.8,0.4,0.4,0.0,0.0,3.22,0.9,7.2,2.7,0.9,3.984,0.20472,0.0786,0.01181,0.03706,0.10679,0.03175,0.00286,3.22378,3.6263
607457,Kyle Barraclough,BOS,37,floor,,,reliever,MLB,1.0,0.0,0.0,4.4,0.9,0.6,0.2,0.0,0.1,0.4,0.1,0.9,0.5,0.5,0.0,0.0,4.3,1.3,8.1,3.6,0.9,4.378,0.20473,0.09315,0.03062,0.02959,0.13688,0.04108,0.00325,4.29824,4.83491
657272,Erich Uelmen,CHC,31,floor,,,reliever,MLB,1.0,0.0,0.0,4.4,0.9,0.6,0.2,0.0,0.1,0.4,0.1,0.9,0.5,0.5,0.0,0.0,4.27,1.3,8.1,3.6,0.9,4.375,0.20476,0.09227,0.0335,0.02925,0.13532,0.04061,0.00321,4.26596,4.7986
666720,Yerry Rodríguez,TOR,29,floor,,,reliever,MLB,1.0,0.0,0.0,4.3,0.8,0.6,0.1,0.0,0.1,0.4,0.0,0.9,0.4,0.5,0.0,0.0,4.03,1.2,8.1,3.6,0.9,4.3,0.20476,0.09593,0.01156,0.03047,0.14792,0.0338,0.00287,4.03399,4.53767
702373,Felix Arronde,KC,25,floor,,,starter,MiLB (MLE),1.0,0.0,0.0,3.9,0.7,0.4,0.1,0.0,0.2,0.3,0.0,0.7,0.4,0.4,0.0,0.0,3.26,1.0,6.3,2.7,1.8,3.885,0.18879,0.07171,0.01194,0.0447,0.09209,0.02738,0.00247,3.2572,3.48736
472551,Fernando Abad,COL,41,floor,,,reliever,MLB,1.0,0.0,0.0,4.3,0.9,0.6,0.2,0.0,0.1,0.4,0.0,0.9,0.5,0.5,0.0,0.0,4.13,1.3,8.1,3.6,0.9,4.267,0.20449,0.0861,0.00805,0.03132,0.14489,0.04348,0.00344,4.13019,4.64588
815045,Zachary Cawyer,KC,25,floor,,,reliever,MiLB (MLE),1.0,0.0,0.0,4.0,0.7,0.4,0.1,0.0,0.2,0.3,0.0,0.8,0.4,0.4,0.0,0.0,3.43,1.0,7.2,2.7,1.8,4.005,0.20423,0.07839,0.01182,0.04174,0.10626,0.03159,0.00285,3.43404,3.86281
624428,Adam Frazier,LAA,35,floor,,,reliever,MLB,1.0,0.0,0.0,4.3,1.0,0.6,0.2,0.0,0.2,0.4,0.0,0.9,0.5,0.5,0.0,0.0,4.32,1.4,8.1,3.6,1.8,4.289,0.20423,0.08948,0.00959,0.03704,0.14129,0.04028,0.00315,4.32486,4.86486
660593,Denyi Reyes,NYM,30,floor,,,reliever,MLB,1.0,0.0,0.0,4.3,0.9,0.6,0.2,0.0,0.1,0.4,0.0,0.9,0.5,0.5,0.0,0.0,4.14,1.3,8.1,3.6,0.9,4.264,0.20423,0.08283,0.00958,0.0315,0.14573,0.04373,0.00346,4.14072,4.65773
807744,Ty Cummings,SEA,25,floor,,,reliever,MiLB (MLE),1.0,0.0,0.0,4.0,0.7,0.4,0.1,0.0,0.2,0.3,0.0,0.8,0.4,0.4,0.0,0.0,3.26,1.0,7.2,2.7,1.8,3.985,0.20424,0.07839,0.01182,0.03808,0.10626,0.03159,0.00285,3.2559,3.66243
689476,Jace Beck,MIA,25,floor,,,starter,MiLB (MLE),1.0,0.0,0.0,4.0,0.7,0.4,0.1,0.0,0.2,0.3,0.0,0.8,0.4,0.4,0.0,0.0,3.43,1.0,7.2,2.7,1.8,3.986,0.20431,0.07842,0.01182,0.03812,0.10634,0.03161,0.00285,3.4255,3.66756
685321,Gabe Bierman,MIA,25,floor,,,reliever,MiLB (MLE),1.0,0.0,0.0,4.0,0.6,0.4,0.1,0.0,0.1,0.3,0.0,0.8,0.3,0.4,0.0,0.0,3.03,0.9,7.2,2.7,0.9,3.96,0.20437,0.07845,0.01182,0.03324,0.1064,0.03163,0.00285,3.02741,3.40541
695256,Josh Mallitz,SD,25,floor,,,reliever,MiLB (MLE),1.0,0.0,0.0,3.9,0.6,0.4,0.1,0.0,0.1,0.3,0.0,0.8,0.3,0.4,0.0,0.0,2.91,0.9,7.2,2.7,0.9,3.947,0.20438,0.07845,0.01182,0.03079,0.10641,0.03163,0.00285,2.91091,3.27436
605397,Joe Musgrove,SD,34,floor,,,starter,MLB,1.0,0.0,0.0,4.1,0.8,0.5,0.2,0.0,0.1,0.3,0.1,1.0,0.5,0.5,0.0,0.0,4.08,1.1,9.0,2.7,0.9,4.149,0.23772,0.06101,0.0213,0.03465,0.13275,0.04545,0.00279,4.07835,4.36655
640470,Adbert Alzolay,CHC,32,floor,,,reliever,MLB,1.0,0.0,0.0,4.2,1.0,0.6,0.2,0.0,0.2,0.3,0.1,1.0,0.5,0.5,0.0,0.0,4.07,1.3,9.0,2.7,1.8,4.18,0.23728,0.06926,0.01754,0.03846,0.13103,0.0431,0.00365,4.07073,4.579
663753,Reiss Knehr,SD,30,floor,,,reliever,MLB,1.0,0.0,0.0,4.4,0.9,0.6,0.2,0.0,0.1,0.4,0.1,0.9,0.5,0.5,0.0,0.0,4.31,1.3,8.1,3.6,0.9,4.366,0.2044,0.08922,0.02919,0.03009,0.13918,0.04177,0.0033,4.30932,4.84738
669912,Kirby Snead,SEA,32,floor,,,reliever,MLB,1.0,0.0,0.0,4.3,1.0,0.7,0.2,0.0,0.1,0.4,0.0,0.8,0.5,0.5,0.0,0.0,4.15,1.4,7.2,3.6,0.9,4.345,0.18878,0.10009,0.00748,0.02642,0.15168,0.04076,0.00318,4.15026,4.66846
805990,Grant Kipp,CHC,25,floor,,,reliever,MiLB (MLE),1.0,0.0,0.0,4.0,0.6,0.4,0.1,0.0,0.1,0.3,0.0,0.8,0.3,0.4,0.0,0.0,3.05,0.9,7.2,2.7,0.9,3.958,0.20356,0.0781,0.01183,0.0343,0.10554,0.03137,0.00283,3.05012,3.43096
691641,Jose Acuna,CIN,25,floor,,,starter,MiLB (MLE),1.0,0.0,0.0,4.0,0.6,0.4,0.1,0.0,0.1,0.3,0.0,0.8,0.4,0.4,0.0,0.0,3.2,0.9,7.2,2.7,0.9,3.958,0.20356,0.0781,0.01183,0.0343,0.10554,0.03137,0.00283,3.20452,3.43096
608371,Lucas Sims,CWS,33,projected,,,reliever,MLB,1.0,0.0,0.0,4.5,0.8,0.5,0.2,0.0,0.1,0.6,0.1,1.0,0.5,0.6,0.0,0.0,4.4,1.4,9.0,5.4,0.9,4.517,0.22771,0.13646,0.03188,0.02862,0.11912,0.03651,0.00256,4.40477,4.95475
502202,Brad Boxberger,CHC,39,floor,,,reliever,MLB,1.0,0.0,0.0,4.3,0.9,0.6,0.2,0.0,0.1,0.4,0.0,1.0,0.4,0.5,0.0,0.0,3.97,1.3,9.0,3.6,0.9,4.272,0.22778,0.09843,0.0092,0.02954,0.13667,0.04101,0.00324,3.96854,4.46406
824604,Liam Doyle,STL,25,floor,,,starter,MiLB (MLE),1.0,0.0,0.0,3.8,0.6,0.4,0.1,0.0,0.1,0.3,0.0,0.7,0.3,0.3,0.0,0.0,2.55,0.9,6.3,2.7,0.9,3.815,0.18963,0.07208,0.01194,0.02965,0.09276,0.02758,0.00249,2.55042,2.73065
811315,Brody Hopkins,TB,25,floor,,,reliever,MLB,1.0,0.0,0.0,4.3,0.9,0.5,0.2,0.0,0.2,0.5,0.0,1.0,0.5,0.5,0.0,0.0,4.31,1.4,9.0,4.5,1.8,4.298,0.22826,0.10535,0.00867,0.03845,0.126,0.04038,0.00347,4.30668,4.8444
665645,Kervin Castro,CHC,28,floor,,,reliever,MLB,1.0,0.0,0.0,4.2,0.9,0.6,0.2,0.0,0.1,0.4,0.0,1.0,0.4,0.5,0.0,0.0,3.89,1.3,9.0,3.6,0.9,4.232,0.22844,0.09062,0.00564,0.03114,0.14367,0.03776,0.00279,3.89056,4.37633
595897,Nick Burdi,NYY,34,floor,,,reliever,MLB,1.0,0.0,0.0,4.3,0.9,0.6,0.2,0.0,0.1,0.5,0.1,1.0,0.5,0.5,0.0,0.0,4.06,1.4,9.0,4.5,0.9,4.345,0.22851,0.10688,0.01831,0.02727,0.13288,0.0414,0.00285,4.05875,4.56553
622766,Miguel Díaz,DET,32,floor,,,reliever,MLB,1.0,0.0,0.0,4.2,0.9,0.6,0.2,0.0,0.1,0.4,0.0,1.0,0.4,0.4,0.0,0.0,3.52,1.3,9.0,3.6,0.9,4.217,0.22851,0.08767,0.00598,0.02046,0.15424,0.03781,0.00304,3.52391,3.9639
685763,Jonatan Bernal,ARI,25,floor,,,reliever,MiLB (MLE),1.0,0.0,0.0,3.9,0.6,0.4,0.1,0.0,0.1,0.3,0.0,0.8,0.3,0.3,0.0,0.0,2.77,0.9,7.2,2.7,0.9,3.923,0.20301,0.07786,0.01183,0.02887,0.10495,0.0312,0.00281,2.77399,3.12035
688609,Hunter Parks,CIN,25,floor,,,reliever,MiLB (MLE),1.0,0.0,0.0,4.0,0.6,0.4,0.1,0.0,0.1,0.3,0.0,0.8,0.3,0.4,0.0,0.0,3.06,0.9,7.2,2.7,0.9,3.96,0.20375,0.07818,0.01182,0.03437,0.10574,0.03143,0.00283,3.06006,3.44214
571466,Tucker Barnhart,TEX,36,floor,,,reliever,MLB,1.0,0.0,0.0,4.3,0.9,0.6,0.2,0.0,0.1,0.3,0.1,0.8,0.5,0.5,0.0,0.0,4.37,1.2,7.2,2.7,0.9,4.276,0.18956,0.07315,0.01577,0.03374,0.14239,0.05049,0.00327,4.36557,4.91065
692285,Luis Guerrero,BOS,26,projected,,,reliever,MLB,1.0,0.0,0.0,4.4,1.0,0.6,0.2,0.0,0.2,0.5,0.0,0.9,0.5,0.6,0.0,0.0,4.42,1.5,8.1,4.5,1.8,4.353,0.20305,0.10834,0.00479,0.03481,0.13707,0.04287,0.00289,4.41715,4.96867
814481,Carson Hobbs,LAD,25,floor,,,reliever,MiLB (MLE),1.0,0.0,0.0,3.9,0.6,0.4,0.1,0.0,0.1,0.3,0.0,0.8,0.3,0.3,0.0,0.0,2.79,0.9,7.2,2.7,0.9,3.925,0.20306,0.07789,0.01183,0.02915,0.105,0.03122,0.00281,2.78871,3.13691
643396,Isiah Kiner-Falefa,TOR,32,floor,,,reliever,MLB,1.0,0.0,0.0,4.2,0.9,0.6,0.2,0.0,0.1,0.4,0.0,0.9,0.4,0.5,0.0,0.0,3.9,1.3,8.1,3.6,0.9,4.249,0.2031,0.08474,0.00843,0.0263,0.14958,0.04273,0.00274,3.89615,4.38262
688230,Peyton Alford,SEA,25,floor,,,reliever,MiLB (MLE),1.0,0.0,0.0,3.9,0.6,0.4,0.1,0.0,0.1,0.3,0.0,0.8,0.3,0.4,0.0,0.0,2.92,0.9,7.2,2.7,0.9,3.937,0.20262,0.0777,0.01184,0.03222,0.10455,0.03108,0.0028,2.91917,3.28365
681256,Ian Mejia,ATL,25,floor,,,reliever,MiLB (MLE),1.0,0.0,0.0,4.0,0.7,0.4,0.1,0.0,0.2,0.3,0.0,0.8,0.4,0.4,0.0,0.0,3.46,1.0,7.2,2.7,1.8,3.998,0.20265,0.07771,0.01183,0.0434,0.1046,0.0311,0.0028,3.4593,3.89122
691786,Michael Morales,SEA,25,floor,,,starter,MiLB (MLE),1.0,0.0,0.0,4.0,0.6,0.4,0.1,0.0,0.1,0.3,0.0,0.8,0.4,0.4,0.0,0.0,3.21,0.9,7.2,2.7,0.9,3.953,0.20268,0.07772,0.01183,0.03502,0.10462,0.0311,0.0028,3.20957,3.43637
701565,Connor Schultz,CHC,25,floor,,,starter,MiLB (MLE),1.0,0.0,0.0,3.9,0.6,0.4,0.1,0.0,0.1,0.3,0.0,0.8,0.3,0.4,0.0,0.0,3.03,0.9,7.2,2.7,0.9,3.934,0.20269,0.07773,0.01184,0.03143,0.10462,0.0311,0.0028,3.0304,3.24454
572020,James Paxton,BOS,38,floor,,,starter,MLB,1.0,0.0,0.0,4.2,0.9,0.6,0.2,0.0,0.1,0.4,0.0,0.9,0.4,0.5,0.0,0.0,4.0,1.3,8.1,3.6,0.9,4.241,0.20279,0.09712,0.00428,0.02479,0.13888,0.0444,0.00371,4.0049,4.2879
804539,Darren Bowen,MIN,25,floor,,,reliever,MiLB (MLE),1.0,0.0,0.0,3.9,0.6,0.4,0.1,0.0,0.1,0.3,0.0,0.8,0.3,0.4,0.0,0.0,3.0,0.9,7.2,2.7,0.9,3.948,0.2028,0.07778,0.01183,0.03387,0.10474,0.03114,0.00281,3.00405,3.37914
628709,Ofreidy Gómez,NYM,25,floor,,,reliever,MiLB (MLE),1.0,0.0,0.0,3.9,0.6,0.4,0.1,0.0,0.1,0.3,0.0,0.8,0.3,0.3,0.0,0.0,2.69,0.9,7.2,2.7,0.9,3.914,0.20301,0.07787,0.01183,0.02714,0.10495,0.0312,0.00281,2.69253,3.02872
676390,Tommy Mace,CLE,25,floor,,,reliever,MiLB (MLE),1.0,0.0,0.0,4.0,0.6,0.4,0.1,0.0,0.1,0.3,0.0,0.8,0.3,0.4,0.0,0.0,3.06,0.9,7.2,2.7,0.9,3.96,0.20375,0.07818,0.01182,0.03437,0.10574,0.03143,0.00283,3.06006,3.44214
694381,Trey McLoughlin,HOU,25,floor,,,reliever,MiLB (MLE),1.0,0.0,0.0,3.9,0.6,0.4,0.1,0.0,0.1,0.3,0.0,0.8,0.3,0.4,0.0,0.0,2.81,0.9,7.2,2.7,0.9,3.932,0.20376,0.07819,0.01182,0.02911,0.10575,0.03144,0.00283,2.81019,3.16107
681116,Chase Chaney,NYY,25,floor,,,starter,MiLB (MLE),1.0,0.0,0.0,4.0,0.6,0.4,0.1,0.0,0.1,0.3,0.0,0.8,0.4,0.4,0.0,0.0,3.27,0.9,7.2,2.7,0.9,3.966,0.20376,0.07819,0.01182,0.03544,0.10575,0.03144,0.00283,3.26965,3.50069
827292,John Holobetz,BOS,25,floor,,,starter,MiLB (MLE),1.0,0.0,0.0,3.9,0.6,0.4,0.1,0.0,0.1,0.3,0.0,0.8,0.3,0.4,0.0,0.0,3.04,0.9,7.2,2.7,0.9,3.941,0.20376,0.07819,0.01182,0.03086,0.10574,0.03144,0.00283,3.03953,3.25432
815780,Shane Rademacher,SF,25,floor,,,reliever,MiLB (MLE),1.0,0.0,0.0,4.0,0.7,0.4,0.1,0.0,0.2,0.3,0.0,0.8,0.4,0.4,0.0,0.0,3.23,1.0,7.2,2.7,1.8,3.979,0.20376,0.07819,0.01182,0.03787,0.10575,0.03144,0.00283,3.2289,3.63206
691602,Stiven Cruz,MIL,25,floor,,,reliever,MiLB (MLE),1.0,0.0,0.0,4.0,0.7,0.4,0.1,0.0,0.2,0.3,0.0,0.8,0.4,0.4,0.0,0.0,3.23,1.0,7.2,2.7,1.8,3.979,0.20376,0.07819,0.01182,0.03787,0.10575,0.03144,0.00283,3.2289,3.63206
815084,Ben Simon,NYM,25,floor,,,reliever,MiLB (MLE),1.0,0.0,0.0,3.9,0.6,0.4,0.1,0.0,0.1,0.3,0.0,0.8,0.3,0.4,0.0,0.0,2.89,0.9,7.2,2.7,0.9,3.941,0.20376,0.07819,0.01182,0.03086,0.10574,0.03144,0.00283,2.89309,3.25432
695247,Jagger Haynes,SD,25,floor,,,starter,MiLB (MLE),1.0,0.0,0.0,3.9,0.6,0.4,0.1,0.0,0.1,0.3,0.0,0.8,0.3,0.3,0.0,0.0,2.87,0.9,7.2,2.7,0.9,3.923,0.20377,0.07819,0.01182,0.02735,0.10575,0.03144,0.00283,2.86574,3.06825
682645,Jerming Rosario,LAD,25,floor,,,reliever,MiLB (MLE),1.0,0.0,0.0,3.8,0.6,0.4,0.1,0.0,0.1,0.3,0.0,0.7,0.3,0.3,0.0,0.0,2.51,0.9,6.3,2.7,0.9,3.824,0.18974,0.07212,0.01194,0.0313,0.09285,0.0276,0.00249,2.50501,2.81778
813820,Chen-Wei Lin,STL,25,floor,,,starter,MiLB (MLE),1.0,0.0,0.0,3.8,0.6,0.4,0.1,0.0,0.1,0.3,0.0,0.7,0.3,0.3,0.0,0.0,2.6,0.9,6.3,2.7,0.9,3.821,0.18974,0.07213,0.01194,0.03071,0.09285,0.0276,0.00249,2.60404,2.78805
628708,Yunior Marte,PHI,32,floor,,,reliever,MLB,1.0,0.0,0.0,4.4,1.0,0.6,0.2,0.0,0.2,0.4,0.1,0.9,0.5,0.6,0.0,0.0,4.42,1.4,8.1,3.6,1.8,4.379,0.20354,0.09907,0.01492,0.0344,0.14731,0.0367,0.00243,4.42443,4.97687
670032,Nicky Lopez,TEX,32,floor,,,reliever,MLB,1.0,0.0,0.0,4.3,1.0,0.7,0.2,0.0,0.1,0.4,0.0,0.9,0.4,0.5,0.0,0.0,3.78,1.4,8.1,3.6,0.9,4.274,0.20318,0.08724,0.00835,0.02154,0.15952,0.03857,0.00314,3.7771,4.2487
620982,Ricardo Pinto,PHI,33,floor,,,reliever,MLB,1.0,0.0,0.0,4.3,0.9,0.6,0.2,0.0,0.1,0.4,0.1,0.9,0.5,0.5,0.0,0.0,4.08,1.3,8.1,3.6,0.9,4.314,0.20328,0.08526,0.0212,0.02709,0.14594,0.0425,0.00271,4.08443,4.59441
828475,Ethan Dorchies,MIL,25,floor,,,starter,MiLB (MLE),1.0,0.0,0.0,4.0,0.6,0.4,0.1,0.0,0.1,0.3,0.0,0.8,0.4,0.4,0.0,0.0,3.15,0.9,7.2,2.7,0.9,3.951,0.20332,0.078,0.01183,0.03341,0.10528,0.0313,0.00282,3.15159,3.3743
668942,Josh Rojas,KC,33,floor,,,reliever,MLB,1.0,0.0,0.0,4.3,1.0,0.7,0.2,0.0,0.1,0.4,0.0,0.9,0.4,0.5,0.0,0.0,3.94,1.4,8.1,3.6,0.9,4.279,0.20338,0.08807,0.00859,0.02722,0.15548,0.03737,0.00246,3.94213,4.43434
695721,Gage Ziehl,BOS,25,floor,,,starter,MiLB (MLE),1.0,0.0,0.0,3.9,0.6,0.4,0.1,0.0,0.1,0.3,0.0,0.8,0.3,0.4,0.0,0.0,3.11,0.9,7.2,2.7,0.9,3.946,0.20338,0.07802,0.01183,0.03248,0.10534,0.03132,0.00282,3.10679,3.32633
822627,Evan Shaw,LAD,25,floor,,,reliever,MiLB (MLE),1.0,0.0,0.0,3.9,0.6,0.4,0.1,0.0,0.1,0.3,0.0,0.8,0.3,0.3,0.0,0.0,2.58,0.9,7.2,2.7,0.9,3.904,0.20343,0.07805,0.01183,0.02443,0.10539,0.03133,0.00282,2.5798,2.90191
672730,Juan Then,SEA,27,floor,,,reliever,MLB,1.0,0.0,0.0,4.2,0.9,0.6,0.2,0.0,0.1,0.3,0.0,0.9,0.5,0.5,0.0,0.0,4.09,1.2,8.1,2.7,0.9,4.236,0.20348,0.07896,0.00704,0.03176,0.14691,0.04408,0.00349,4.08533,4.59542
571901,Aaron Loup,LAA,39,floor,,,reliever,MLB,1.0,0.0,0.0,4.3,0.9,0.6,0.2,0.0,0.1,0.4,0.1,0.9,0.5,0.5,0.0,0.0,4.26,1.3,8.1,3.6,0.9,4.324,0.20348,0.08624,0.01949,0.03096,0.1432,0.04297,0.0034,4.26354,4.79588
669067,Ryan Webb,CLE,25,floor,,,reliever,MiLB (MLE),1.0,0.0,0.0,3.8,0.6,0.4,0.1,0.0,0.1,0.3,0.0,0.7,0.3,0.3,0.0,0.0,2.71,0.9,6.3,2.7,0.9,3.847,0.18973,0.07212,0.01194,0.03576,0.09284,0.0276,0.00249,2.70899,3.04724
701213,Jonathan Brand,TEX,25,floor,,,reliever,MiLB (MLE),1.0,0.0,0.0,4.0,0.7,0.4,0.1,0.0,0.2,0.3,0.0,0.8,0.4,0.4,0.0,0.0,3.27,1.0,7.2,2.7,1.8,3.983,0.20351,0.07808,0.01182,0.03898,0.10549,0.03136,0.00283,3.27398,3.68277
800539,Emmanuel Reyes,KC,25,floor,,,starter,MiLB (MLE),1.0,0.0,0.0,4.0,0.6,0.4,0.1,0.0,0.1,0.3,0.0,0.8,0.4,0.4,0.0,0.0,3.2,0.9,7.2,2.7,0.9,3.957,0.20353,0.07809,0.01183,0.03425,0.1055,0.03136,0.00283,3.20103,3.42723
806585,Jack Dallas,PHI,25,floor,,,reliever,MiLB (MLE),1.0,0.0,0.0,4.0,0.6,0.4,0.1,0.0,0.1,0.3,0.0,0.8,0.3,0.4,0.0,0.0,3.14,0.9,7.2,2.7,0.9,3.965,0.20316,0.07793,0.01183,0.03641,0.10512,0.03125,0.00282,3.13782,3.5296
801517,Spencer Giesting,ARI,25,floor,,,reliever,MiLB (MLE),1.0,0.0,0.0,3.9,0.6,0.4,0.1,0.0,0.1,0.3,0.0,0.8,0.3,0.3,0.0,0.0,2.65,0.9,7.2,2.7,0.9,3.875,0.19675,0.07516,0.01189,0.03032,0.09889,0.0294,0.00265,2.65022,2.98112
628711,Julio Urías,LAD,30,floor,,,reliever,MLB,1.0,0.0,0.0,4.1,0.9,0.6,0.2,0.0,0.1,0.3,0.0,1.0,0.4,0.5,0.0,0.0,3.67,1.2,9.0,2.7,0.9,4.115,0.23304,0.06224,0.00973,0.0309,0.14293,0.04289,0.00339,3.67334,4.13199
542585,José Cisnero,LAA,38,floor,,,reliever,MLB,1.0,0.0,0.0,4.3,0.9,0.6,0.2,0.0,0.1,0.4,0.1,1.0,0.4,0.5,0.0,0.0,4.03,1.3,9.0,3.6,0.9,4.324,0.23324,0.10382,0.01728,0.02962,0.13619,0.03588,0.00346,4.02951,4.53264
665734,Angel Felipe,OAK,29,floor,,,reliever,MLB,1.0,0.0,0.0,4.3,0.9,0.6,0.2,0.0,0.1,0.5,0.1,1.0,0.4,0.5,0.0,0.0,4.05,1.4,9.0,4.5,0.9,4.324,0.23324,0.10723,0.01337,0.02888,0.1336,0.04009,0.00317,4.04524,4.55033
656981,Peter Solomon,ARI,30,floor,,,reliever,MLB,1.0,0.0,0.0,4.4,0.9,0.6,0.2,0.0,0.1,0.4,0.1,0.9,0.5,0.5,0.0,0.0,4.39,1.3,8.1,3.6,0.9,4.372,0.19521,0.10048,0.01309,0.03091,0.14299,0.04291,0.00339,4.38632,4.934
607644,John Means,BAL,34,floor,,,starter,MLB,1.0,0.0,0.0,4.2,1.0,0.6,0.2,0.0,0.2,0.3,0.0,0.8,0.5,0.5,0.0,0.0,4.54,1.3,7.2,2.7,1.8,4.212,0.19523,0.06546,0.01045,0.03686,0.1394,0.05201,0.00414,4.54435,4.86547
680739,Josh Winder,MIN,30,floor,,,reliever,MLB,1.0,0.0,0.0,4.3,1.0,0.7,0.2,0.0,0.1,0.3,0.1,0.8,0.4,0.5,0.0,0.0,3.86,1.3,7.2,2.7,0.9,4.252,0.19525,0.07662,0.0146,0.02547,0.15681,0.03817,0.00322,3.8647,4.34725
605446,Dereck Rodríguez,ATL,35,floor,,,reliever,MLB,1.0,0.0,0.0,4.3,0.9,0.6,0.2,0.0,0.1,0.4,0.0,0.8,0.5,0.5,0.0,0.0,4.23,1.3,7.2,3.6,0.9,4.308,0.1953,0.09522,0.00626,0.0312,0.14433,0.04331,0.00342,4.2331,4.76164
681294,Max Alba,DET,25,floor,,,starter,MiLB (MLE),1.0,0.0,0.0,3.9,0.7,0.4,0.1,0.0,0.2,0.3,0.0,0.8,0.4,0.4,0.0,0.0,3.28,1.0,7.2,2.7,1.8,3.921,0.19544,0.0746,0.0119,0.04126,0.09772,0.02905,0.00262,3.28394,3.516
700072,Yaqui Rivera,BAL,25,floor,,,reliever,MiLB (MLE),1.0,0.0,0.0,3.9,0.6,0.4,0.1,0.0,0.1,0.3,0.0,0.8,0.3,0.3,0.0,0.0,2.52,0.9,7.2,2.7,0.9,3.854,0.19544,0.0746,0.0119,0.02834,0.09771,0.02905,0.00262,2.52212,2.83703
676047,Osvaldo Berrios,BOS,25,floor,,,reliever,MiLB (MLE),1.0,0.0,0.0,4.0,0.7,0.4,0.1,0.0,0.2,0.3,0.0,0.8,0.4,0.4,0.0,0.0,3.16,1.0,7.2,2.7,1.8,3.954,0.20089,0.07695,0.01185,0.0384,0.10282,0.03057,0.00276,3.15783,3.55211
699944,Brooks Caple,CHC,25,floor,,,starter,MiLB (MLE),1.0,0.0,0.0,3.9,0.6,0.4,0.1,0.0,0.1,0.3,0.0,0.8,0.3,0.3,0.0,0.0,2.7,0.9,7.2,2.7,0.9,3.86,0.1956,0.07466,0.0119,0.02923,0.09785,0.02909,0.00262,2.69718,2.88777
695766,Mason Molina,STL,25,floor,,,starter,MiLB (MLE),1.0,0.0,0.0,3.9,0.6,0.4,0.1,0.0,0.1,0.3,0.0,0.8,0.3,0.3,0.0,0.0,2.73,0.9,7.2,2.7,0.9,3.864,0.19563,0.07468,0.0119,0.02998,0.09788,0.0291,0.00262,2.73448,2.92771
677354,Alex Williams,MIA,25,floor,,,starter,MiLB (MLE),1.0,0.0,0.0,3.9,0.6,0.4,0.1,0.0,0.1,0.3,0.0,0.8,0.3,0.4,0.0,0.0,2.97,0.9,7.2,2.7,0.9,3.889,0.1957,0.07471,0.0119,0.03476,0.09795,0.02912,0.00262,2.97003,3.1799
683100,Dawson Netz,CHC,25,floor,,,starter,MiLB (MLE),1.0,0.0,0.0,3.9,0.6,0.4,0.1,0.0,0.1,0.3,0.0,0.8,0.3,0.3,0.0,0.0,2.7,0.9,7.2,2.7,0.9,3.861,0.19571,0.07472,0.0119,0.02927,0.09795,0.02912,0.00262,2.70233,2.89329
690370,Tyler Schlaffer,CHC,25,floor,,,reliever,MiLB (MLE),1.0,0.0,0.0,3.8,0.6,0.4,0.1,0.0,0.1,0.3,0.0,0.7,0.3,0.3,0.0,0.0,2.42,0.9,6.3,2.7,0.9,3.844,0.19572,0.07472,0.0119,0.02596,0.09796,0.02912,0.00262,2.42101,2.7233
694331,Tyler Mattison,DET,25,floor,,,reliever,MiLB (MLE),1.0,0.0,0.0,3.9,0.6,0.4,0.1,0.0,0.1,0.3,0.0,0.8,0.3,0.3,0.0,0.0,2.76,0.9,7.2,2.7,0.9,3.882,0.1958,0.07476,0.0119,0.03322,0.09804,0.02915,0.00263,2.75797,3.10232
695620,Josh Randall,WSH,25,floor,,,starter,MiLB (MLE),1.0,0.0,0.0,3.9,0.6,0.4,0.1,0.0,0.1,0.3,0.0,0.8,0.3,0.4,0.0,0.0,3.08,0.9,7.2,2.7,0.9,3.902,0.19581,0.07476,0.0119,0.03701,0.09805,0.02915,0.00263,3.08405,3.30198
682785,Angel Bastardo,BOS,25,floor,,,reliever,MiLB (MLE),1.0,0.0,0.0,3.9,0.6,0.4,0.1,0.0,0.1,0.3,0.0,0.8,0.3,0.3,0.0,0.0,2.68,0.9,7.2,2.7,0.9,3.874,0.19581,0.07476,0.0119,0.03163,0.09804,0.02915,0.00263,2.68411,3.01924
702094,Brett Gillis,HOU,25,floor,,,starter,MiLB (MLE),1.0,0.0,0.0,3.9,0.6,0.4,0.1,0.0,0.1,0.3,0.0,0.8,0.3,0.3,0.0,0.0,2.91,0.9,7.2,2.7,0.9,3.878,0.19451,0.0742,0.01191,0.03435,0.0969,0.02881,0.0026,2.91435,3.12029
527054,Julio Teheran,MIL,36,floor,,,reliever,MLB,1.0,0.0,0.0,4.2,1.0,0.6,0.2,0.0,0.2,0.3,0.1,0.8,0.5,0.6,0.0,0.0,4.48,1.3,7.2,2.7,1.8,4.225,0.19458,0.06739,0.013,0.0407,0.13207,0.05383,0.00352,4.48177,5.04136
656629,Michael Kopech,LAD,31,projected,,,reliever,MLB,1.0,0.0,0.0,4.4,0.9,0.6,0.2,0.0,0.1,0.6,0.1,1.0,0.4,0.5,0.0,0.0,3.99,1.5,9.0,5.4,0.9,4.395,0.23464,0.13246,0.01359,0.0257,0.12689,0.03581,0.00271,3.98511,4.48268
594577,Mike Mayers,KC,35,floor,,,reliever,MLB,1.0,0.0,0.0,4.3,0.9,0.6,0.2,0.0,0.1,0.4,0.0,0.8,0.5,0.5,0.0,0.0,4.16,1.3,7.2,3.6,0.9,4.264,0.19683,0.08415,0.00698,0.03167,0.14651,0.04397,0.00348,4.15795,4.67711
646242,Jhonathan Díaz,SEA,30,floor,,,reliever,MLB,1.0,0.0,0.0,4.3,0.9,0.6,0.2,0.0,0.1,0.4,0.1,0.8,0.5,0.5,0.0,0.0,4.15,1.3,7.2,3.6,0.9,4.328,0.19342,0.09567,0.01198,0.02489,0.14126,0.04962,0.0035,4.14854,4.66652
692262,Roque Gutierrez,LAD,25,floor,,,reliever,MiLB (MLE),1.0,0.0,0.0,3.9,0.7,0.4,0.1,0.0,0.2,0.3,0.0,0.8,0.3,0.4,0.0,0.0,3.04,1.0,7.2,2.7,1.8,3.919,0.19688,0.07522,0.01189,0.03854,0.09902,0.02944,0.00265,3.03912,3.41859
676969,Brett de Geus,TOR,29,floor,,,reliever,MLB,1.0,0.0,0.0,4.4,0.9,0.6,0.2,0.0,0.1,0.4,0.1,0.9,0.5,0.6,0.0,0.0,4.44,1.3,8.1,3.6,0.9,4.397,0.1969,0.09225,0.02795,0.03032,0.13989,0.04405,0.00298,4.43704,4.99105
670766,Darren McCaughan,MIA,31,floor,,,reliever,MLB,1.0,0.0,0.0,4.3,1.0,0.6,0.2,0.0,0.2,0.3,0.1,0.8,0.5,0.5,0.0,0.0,4.38,1.3,7.2,2.7,1.8,4.284,0.19692,0.08133,0.02165,0.03892,0.13455,0.03961,0.00394,4.37981,4.92667
702130,Danny Watson,NYY,25,floor,,,reliever,MiLB (MLE),1.0,0.0,0.0,3.9,0.6,0.4,0.1,0.0,0.1,0.3,0.0,0.8,0.3,0.3,0.0,0.0,2.66,0.9,7.2,2.7,0.9,3.877,0.19694,0.07525,0.01189,0.03038,0.09906,0.02945,0.00265,2.65827,2.99018
810938,Ben Williamson,TB,26,floor,,,reliever,MLB,1.0,0.0,0.0,4.3,0.9,0.6,0.2,0.0,0.1,0.3,0.0,0.8,0.5,0.5,0.0,0.0,4.22,1.2,7.2,2.7,0.9,4.261,0.19698,0.08116,0.00892,0.03285,0.14324,0.0469,0.0033,4.22332,4.75064
676249,Adisyn Coffey,CWS,25,floor,,,reliever,MiLB (MLE),1.0,0.0,0.0,3.9,0.6,0.4,0.1,0.0,0.1,0.3,0.0,0.8,0.3,0.3,0.0,0.0,2.73,0.9,7.2,2.7,0.9,3.866,0.19338,0.07371,0.01191,0.03398,0.09591,0.02851,0.00257,2.72525,3.06552
678163,Ryan Magdic,OAK,25,floor,,,starter,MiLB (MLE),1.0,0.0,0.0,3.9,0.7,0.4,0.1,0.0,0.2,0.3,0.0,0.8,0.4,0.4,0.0,0.0,3.37,1.0,7.2,2.7,1.8,3.94,0.19728,0.0754,0.01188,0.04183,0.09939,0.02955,0.00266,3.37066,3.60885
570257,Joely Rodríguez,BOS,35,floor,,,reliever,MLB,1.0,0.0,0.0,4.2,0.9,0.6,0.2,0.0,0.1,0.4,0.0,1.0,0.4,0.5,0.0,0.0,3.81,1.3,9.0,3.6,0.9,4.238,0.23145,0.09281,0.00718,0.02668,0.14038,0.0422,0.00339,3.81188,4.28782
622075,Yency Almonte,CHC,33,floor,,,reliever,MLB,1.0,0.0,0.0,4.3,0.9,0.6,0.2,0.0,0.1,0.4,0.1,1.0,0.4,0.5,0.0,0.0,3.96,1.3,9.0,3.6,0.9,4.322,0.23467,0.09736,0.02273,0.02502,0.13483,0.04311,0.00302,3.9596,4.45399
701314,Nick Hull,SEA,25,floor,,,reliever,MiLB (MLE),1.0,0.0,0.0,3.9,0.6,0.4,0.1,0.0,0.1,0.3,0.0,0.8,0.3,0.3,0.0,0.0,2.77,0.9,7.2,2.7,0.9,3.884,0.19599,0.07484,0.01189,0.03328,0.09821,0.0292,0.00263,2.76625,3.11164
624647,Victor González,NYY,31,floor,,,reliever,MLB,1.0,0.0,0.0,4.4,0.9,0.6,0.2,0.0,0.1,0.4,0.1,0.9,0.5,0.5,0.0,0.0,4.27,1.3,8.1,3.6,0.9,4.369,0.19616,0.09343,0.02255,0.02905,0.14494,0.04008,0.00313,4.27494,4.80871
689337,Kaleb Bowman,MIL,25,floor,,,reliever,MiLB (MLE),1.0,0.0,0.0,3.9,0.6,0.4,0.1,0.0,0.1,0.3,0.0,0.8,0.3,0.3,0.0,0.0,2.77,0.9,7.2,2.7,0.9,3.886,0.19618,0.07492,0.01189,0.03335,0.09838,0.02925,0.00264,2.77457,3.121
607732,Jacob Stallings,MIA,37,floor,,,reliever,MLB,1.0,0.0,0.0,4.3,1.0,0.7,0.2,0.0,0.1,0.3,0.1,0.8,0.4,0.5,0.0,0.0,3.89,1.3,7.2,2.7,0.9,4.28,0.19633,0.07307,0.02376,0.02274,0.15507,0.04203,0.00271,3.88715,4.3725
686294,Amos Willingham,WSH,28,floor,,,reliever,MLB,1.0,0.0,0.0,4.3,0.9,0.6,0.2,0.0,0.1,0.4,0.0,0.8,0.5,0.5,0.0,0.0,4.09,1.3,7.2,3.6,0.9,4.264,0.19335,0.08206,0.00957,0.02786,0.14585,0.04852,0.00306,4.08578,4.59593
621219,Alec Mills,CHC,35,floor,,,reliever,MLB,1.0,0.0,0.0,4.3,0.9,0.6,0.2,0.0,0.1,0.3,0.1,0.8,0.5,0.5,0.0,0.0,4.29,1.2,7.2,2.7,0.9,4.322,0.19646,0.07604,0.02869,0.03107,0.14371,0.04312,0.00341,4.28922,4.82477
815179,Christian Herberholz,BAL,25,floor,,,reliever,MiLB (MLE),1.0,0.0,0.0,3.9,0.6,0.4,0.1,0.0,0.1,0.3,0.0,0.8,0.3,0.4,0.0,0.0,3.02,0.9,7.2,2.7,0.9,3.915,0.19654,0.07507,0.01189,0.03829,0.09871,0.02934,0.00265,3.0174,3.39416
669993,Raul Brito,MIN,25,floor,,,reliever,MiLB (MLE),1.0,0.0,0.0,3.9,0.6,0.4,0.1,0.0,0.1,0.3,0.0,0.8,0.3,0.3,0.0,0.0,2.64,0.9,7.2,2.7,0.9,3.873,0.19656,0.07508,0.01189,0.03026,0.09872,0.02935,0.00265,2.64221,2.97212
687841,Andrew Magno,BAL,25,floor,,,reliever,MiLB (MLE),1.0,0.0,0.0,3.8,0.6,0.4,0.1,0.0,0.1,0.3,0.0,0.7,0.3,0.3,0.0,0.0,2.42,0.9,6.3,2.7,0.9,3.849,0.19658,0.07509,0.01189,0.02544,0.09873,0.02935,0.00265,2.42086,2.72313
694858,Brendan Girton,NYM,25,floor,,,reliever,MiLB (MLE),1.0,0.0,0.0,3.9,0.6,0.4,0.1,0.0,0.1,0.3,0.0,0.8,0.3,0.4,0.0,0.0,3.03,0.9,7.2,2.7,0.9,3.917,0.19664,0.07512,0.01189,0.03844,0.0988,0.02937,0.00265,3.02747,3.40548
675921,Spencer Howard,CLE,30,floor,,,reliever,MLB,1.0,0.0,0.0,4.3,0.9,0.6,0.2,0.0,0.1,0.4,0.0,0.8,0.5,0.5,0.0,0.0,4.28,1.3,7.2,3.6,0.9,4.292,0.19596,0.09119,0.007,0.03198,0.14038,0.0458,0.00489,4.27884,4.81309
676881,Garrett Schoenle,CWS,25,floor,,,reliever,MiLB (MLE),1.0,0.0,0.0,3.8,0.6,0.4,0.1,0.0,0.1,0.3,0.0,0.7,0.3,0.3,0.0,0.0,2.53,0.9,6.3,2.7,0.9,3.848,0.19395,0.07395,0.01191,0.02949,0.0964,0.02866,0.00258,2.53395,2.85034
701568,Justin Meis,PIT,25,floor,,,reliever,MiLB (MLE),1.0,0.0,0.0,3.8,0.6,0.4,0.1,0.0,0.1,0.3,0.0,0.7,0.3,0.3,0.0,0.0,2.53,0.9,6.3,2.7,0.9,3.848,0.19395,0.07395,0.01191,0.02949,0.0964,0.02866,0.00258,2.53395,2.85034
571539,Matt Carasiti,COL,35,floor,,,reliever,MLB,1.0,0.0,0.0,4.3,1.0,0.7,0.2,0.0,0.1,0.4,0.1,0.8,0.4,0.5,0.0,0.0,3.84,1.4,7.2,3.6,0.9,4.298,0.19421,0.08751,0.01265,0.01931,0.15544,0.04459,0.00277,3.83795,4.31715
657611,Cam Hill,TB,25,floor,,,reliever,MiLB (MLE),1.0,0.0,0.0,3.9,0.6,0.4,0.1,0.0,0.1,0.3,0.0,0.8,0.3,0.3,0.0,0.0,2.68,0.9,7.2,2.7,0.9,3.864,0.19394,0.07395,0.01191,0.03261,0.0964,0.02866,0.00258,2.67725,3.01153
694375,TJ Nichols,TB,25,floor,,,starter,MiLB (MLE),1.0,0.0,0.0,3.9,0.7,0.4,0.1,0.0,0.2,0.3,0.0,0.8,0.3,0.4,0.0,0.0,3.12,1.0,7.2,2.7,1.8,3.898,0.19426,0.07409,0.01191,0.0386,0.09668,0.02874,0.00259,3.11567,3.33584
620443,Luis Torrens,NYM,31,floor,,,reliever,MLB,1.0,0.0,0.0,4.2,0.9,0.6,0.2,0.0,0.1,0.3,0.0,0.8,0.5,0.5,0.0,0.0,4.11,1.2,7.2,2.7,0.9,4.243,0.19426,0.07928,0.00819,0.03195,0.14746,0.043,0.00361,4.11176,4.62515
695761,Kenya Huggins,OAK,25,floor,,,reliever,MiLB (MLE),1.0,0.0,0.0,3.8,0.6,0.4,0.1,0.0,0.1,0.3,0.0,0.7,0.3,0.3,0.0,0.0,2.45,0.9,6.3,2.7,0.9,3.838,0.19382,0.0739,0.01191,0.02765,0.09629,0.02862,0.00258,2.44623,2.75167
686857,James Gonzalez,OAK,25,floor,,,reliever,MiLB (MLE),1.0,0.0,0.0,3.9,0.6,0.4,0.1,0.0,0.1,0.3,0.0,0.8,0.3,0.3,0.0,0.0,2.55,0.9,7.2,2.7,0.9,3.852,0.19432,0.07411,0.01191,0.0296,0.09672,0.02875,0.00259,2.54899,2.86726
802357,Drue Hackenberg,ATL,25,floor,,,starter,MiLB (MLE),1.0,0.0,0.0,3.8,0.6,0.4,0.1,0.0,0.1,0.3,0.0,0.7,0.3,0.3,0.0,0.0,2.6,0.9,6.3,2.7,0.9,3.844,0.19433,0.07411,0.01191,0.02803,0.09673,0.02876,0.00259,2.60278,2.7867
682126,Evan Reifert,TB,25,floor,,,reliever,MiLB (MLE),1.0,0.0,0.0,3.8,0.6,0.4,0.1,0.0,0.1,0.3,0.0,0.7,0.3,0.3,0.0,0.0,2.53,0.9,6.3,2.7,0.9,3.846,0.19377,0.07387,0.01191,0.02944,0.09624,0.02861,0.00258,2.52648,2.84194
699980,Preston Johnson,MIN,25,floor,,,starter,MiLB (MLE),1.0,0.0,0.0,3.9,0.6,0.4,0.1,0.0,0.1,0.3,0.0,0.8,0.3,0.4,0.0,0.0,3.03,0.9,7.2,2.7,0.9,3.89,0.19462,0.07424,0.0119,0.03657,0.097,0.02884,0.0026,3.02625,3.24009
694813,Gavin Stone,LAD,28,floor,,,starter,MLB,1.0,0.0,0.0,4.2,0.9,0.7,0.1,0.0,0.1,0.3,0.0,0.8,0.4,0.5,0.0,0.0,3.98,1.2,7.2,2.7,0.9,4.211,0.19445,0.073,0.00615,0.02737,0.16535,0.03281,0.00355,3.97777,4.25886
657248,Glenn Otto Jr.,TEX,31,floor,,,reliever,MLB,1.0,0.0,0.0,4.4,0.9,0.6,0.2,0.0,0.1,0.4,0.1,0.9,0.5,0.6,0.0,0.0,4.42,1.3,8.1,3.6,0.9,4.396,0.19446,0.10037,0.01977,0.0305,0.14109,0.04234,0.00335,4.42264,4.97485
674175,Houston Roth,SEA,25,floor,,,reliever,MiLB (MLE),1.0,0.0,0.0,3.9,0.7,0.4,0.1,0.0,0.2,0.3,0.0,0.8,0.3,0.4,0.0,0.0,2.99,1.0,7.2,2.7,1.8,3.902,0.19448,0.07418,0.0119,0.03906,0.09687,0.0288,0.0026,2.99368,3.36747
446372,Corey Kluber,BOS,41,floor,,,reliever,MLB,1.0,0.0,0.0,4.2,0.9,0.6,0.2,0.0,0.1,0.2,0.1,0.8,0.5,0.5,0.0,0.0,4.07,1.1,7.2,1.8,0.9,4.19,0.19448,0.05657,0.01484,0.03275,0.1515,0.04546,0.00359,4.06855,4.57654
670241,Darius Vines,ATL,29,floor,,,reliever,MLB,1.0,0.0,0.0,4.3,0.9,0.6,0.2,0.0,0.1,0.3,0.1,0.8,0.5,0.5,0.0,0.0,4.15,1.2,7.2,2.7,0.9,4.259,0.1945,0.08091,0.01281,0.03337,0.14468,0.04131,0.00293,4.15253,4.67102
699314,David Davalillo,TEX,25,floor,,,starter,MiLB (MLE),1.0,0.0,0.0,3.8,0.6,0.4,0.1,0.0,0.1,0.3,0.0,0.7,0.3,0.3,0.0,0.0,2.65,0.9,6.3,2.7,0.9,3.845,0.19358,0.07379,0.01191,0.02939,0.09608,0.02856,0.00257,2.64656,2.83357
696524,Evan Yates,BAL,25,floor,,,starter,MiLB (MLE),1.0,0.0,0.0,3.9,0.6,0.4,0.1,0.0,0.1,0.3,0.0,0.8,0.3,0.3,0.0,0.0,2.72,0.9,7.2,2.7,0.9,3.852,0.19358,0.07379,0.01191,0.03081,0.09608,0.02856,0.00257,2.71505,2.90691
592229,Dylan Covey,PHI,35,floor,,,reliever,MLB,1.0,0.0,0.0,4.3,0.9,0.6,0.2,0.0,0.1,0.4,0.0,0.8,0.5,0.5,0.0,0.0,4.24,1.3,7.2,3.6,0.9,4.298,0.19361,0.08719,0.01087,0.03147,0.14557,0.04368,0.00345,4.23917,4.76846
694395,Dylan MacLean,TEX,25,floor,,,starter,MiLB (MLE),1.0,0.0,0.0,3.9,0.6,0.4,0.1,0.0,0.1,0.3,0.0,0.8,0.3,0.4,0.0,0.0,3.03,0.9,7.2,2.7,0.9,3.886,0.19368,0.07383,0.01191,0.03729,0.09617,0.02859,0.00258,3.03391,3.24829
822161,R.J. Gordon,NYM,25,floor,,,starter,MiLB (MLE),1.0,0.0,0.0,3.9,0.6,0.4,0.1,0.0,0.1,0.3,0.0,0.8,0.3,0.3,0.0,0.0,2.82,0.9,7.2,2.7,0.9,3.864,0.19369,0.07384,0.01191,0.03299,0.09618,0.02859,0.00258,2.82414,3.02371
683766,Christian Koss,SF,29,floor,,,reliever,MLB,1.0,0.0,0.0,4.2,1.0,0.6,0.2,0.0,0.2,0.3,0.0,0.8,0.5,0.5,0.0,0.0,4.26,1.3,7.2,2.7,1.8,4.243,0.19442,0.07502,0.0085,0.03748,0.14978,0.03954,0.00316,4.26018,4.7921
664028,Brett Kennedy,CIN,32,floor,,,reliever,MLB,1.0,0.0,0.0,4.3,0.9,0.6,0.2,0.0,0.1,0.4,0.1,0.8,0.5,0.5,0.0,0.0,4.24,1.3,7.2,3.6,0.9,4.325,0.19465,0.08516,0.02434,0.03046,0.14091,0.04229,0.00334,4.24057,4.77005
690626,Dylan DeLucia,CLE,25,floor,,,reliever,MiLB (MLE),1.0,0.0,0.0,3.9,0.6,0.4,0.1,0.0,0.1,0.3,0.0,0.8,0.3,0.4,0.0,0.0,2.94,0.9,7.2,2.7,0.9,3.897,0.19474,0.07429,0.0119,0.0377,0.0971,0.02887,0.0026,2.93682,3.3035
681066,Ky Bush,CWS,27,floor,,,starter,MLB,1.0,0.0,0.0,4.4,0.9,0.6,0.1,0.0,0.2,0.5,0.1,0.9,0.5,0.6,0.0,0.0,4.78,1.4,8.1,4.5,1.8,4.409,0.19486,0.11174,0.01152,0.03737,0.14202,0.03409,0.00252,4.78026,5.11805
571710,Mychal Givens,NYM,37,floor,,,reliever,MLB,1.0,0.0,0.0,4.3,0.9,0.6,0.2,0.0,0.1,0.4,0.1,1.0,0.4,0.5,0.0,0.0,4.0,1.3,9.0,3.6,0.9,4.293,0.23438,0.09835,0.01946,0.02983,0.13005,0.04057,0.00316,3.99694,4.49599
694356,Nick Garcia,SEA,25,floor,,,reliever,MiLB (MLE),1.0,0.0,0.0,3.8,0.6,0.4,0.1,0.0,0.1,0.3,0.0,0.7,0.3,0.3,0.0,0.0,2.43,0.9,6.3,2.7,0.9,3.841,0.19489,0.07436,0.0119,0.02661,0.09722,0.0289,0.00261,2.42767,2.73079
695373,Javi Rivera,CIN,25,floor,,,starter,MiLB (MLE),1.0,0.0,0.0,4.0,0.7,0.4,0.1,0.0,0.2,0.3,0.0,0.8,0.4,0.4,0.0,0.0,3.64,1.0,7.2,2.7,1.8,3.957,0.19495,0.07439,0.0119,0.04869,0.09729,0.02892,0.00261,3.64297,3.9004
689508,Orlando Ortiz-Mayr,MIA,25,floor,,,starter,MiLB (MLE),1.0,0.0,0.0,3.8,0.6,0.4,0.1,0.0,0.1,0.3,0.0,0.7,0.3,0.3,0.0,0.0,2.46,0.9,6.3,2.7,0.9,3.832,0.19501,0.07441,0.0119,0.0247,0.09733,0.02893,0.00261,2.46249,2.6365
700183,Blake Holub,MIL,25,floor,,,reliever,MiLB (MLE),1.0,0.0,0.0,3.9,0.6,0.4,0.1,0.0,0.1,0.3,0.0,0.8,0.3,0.3,0.0,0.0,2.51,0.9,7.2,2.7,0.9,3.851,0.19507,0.07444,0.0119,0.02824,0.09738,0.02895,0.00261,2.50707,2.8201
694205,Victor Lizarraga,SD,25,floor,,,starter,MiLB (MLE),1.0,0.0,0.0,3.9,0.6,0.4,0.1,0.0,0.1,0.3,0.0,0.8,0.3,0.4,0.0,0.0,3.05,0.9,7.2,2.7,0.9,3.895,0.1951,0.07445,0.0119,0.03674,0.09741,0.02896,0.00261,3.04916,3.26462
814106,Cade Denton,COL,25,floor,,,reliever,MiLB (MLE),1.0,0.0,0.0,3.9,0.6,0.4,0.1,0.0,0.1,0.3,0.0,0.8,0.3,0.3,0.0,0.0,2.7,0.9,7.2,2.7,0.9,3.872,0.19511,0.07445,0.0119,0.03237,0.09742,0.02896,0.00261,2.69881,3.03578
691032,Luis Moreno,MIA,25,floor,,,starter,MiLB (MLE),1.0,0.0,0.0,3.9,0.6,0.4,0.1,0.0,0.1,0.3,0.0,0.8,0.3,0.4,0.0,0.0,3.0,0.9,7.2,2.7,0.9,3.884,0.19403,0.07399,0.01191,0.03635,0.09648,0.02868,0.00259,2.99799,3.20984
518617,Jake Diekman,NYM,40,floor,,,reliever,MLB,1.0,0.0,0.0,4.4,0.7,0.5,0.1,0.0,0.1,0.6,0.1,1.1,0.4,0.5,0.0,0.0,3.99,1.3,9.9,5.4,0.9,4.429,0.25556,0.13782,0.01928,0.02622,0.12462,0.03198,0.00241,3.9929,4.49145
622780,Angel Perdomo,PIT,33,floor,,,reliever,MLB,1.0,0.0,0.0,4.3,0.9,0.6,0.2,0.0,0.1,0.4,0.1,1.1,0.4,0.5,0.0,0.0,3.76,1.3,9.9,3.6,0.9,4.264,0.25592,0.09353,0.02347,0.02709,0.1324,0.03705,0.00331,3.76477,4.23484
571479,Andrew Bellatti,PHI,35,floor,,,reliever,MLB,1.0,0.0,0.0,4.2,0.9,0.6,0.2,0.0,0.1,0.4,0.0,1.1,0.4,0.4,0.0,0.0,3.48,1.3,9.9,3.6,0.9,4.188,0.25634,0.09787,0.00456,0.02391,0.13522,0.04007,0.00275,3.47899,3.91337
621114,Ryan Burr,TOR,33,floor,,,reliever,MLB,1.0,0.0,0.0,4.2,0.9,0.6,0.2,0.0,0.1,0.4,0.0,1.1,0.4,0.5,0.0,0.0,3.64,1.3,9.9,3.6,0.9,4.162,0.25676,0.0881,0.00722,0.03087,0.13147,0.04016,0.00222,3.63699,4.0911
493603,Adam Ottavino,NYM,41,floor,,,reliever,MLB,1.0,0.0,0.0,4.2,0.9,0.6,0.2,0.0,0.1,0.4,0.1,1.1,0.4,0.4,0.0,0.0,3.46,1.3,9.9,3.6,0.9,4.25,0.25677,0.09452,0.02508,0.01875,0.13313,0.04065,0.00245,3.46373,3.89621
690217,C.J. Culpepper,MIN,25,floor,,,reliever,MiLB (MLE),1.0,0.0,0.0,3.9,0.6,0.4,0.1,0.0,0.1,0.3,0.0,0.8,0.3,0.3,0.0,0.0,2.61,0.9,7.2,2.7,0.9,3.858,0.19413,0.07403,0.01191,0.03111,0.09656,0.02871,0.00259,2.61316,2.93943
668676,Zach Plesac,LAA,32,floor,,,starter,MLB,1.0,0.0,0.0,4.3,1.0,0.6,0.2,0.0,0.2,0.3,0.0,0.8,0.5,0.6,0.0,0.0,4.81,1.3,7.2,2.7,1.8,4.274,0.1765,0.07529,0.00745,0.04058,0.14471,0.04638,0.00406,4.81315,5.15326
804530,Joseph Dzierwa,BAL,25,floor,,,starter,MiLB (MLE),1.0,0.0,0.0,3.8,0.6,0.4,0.1,0.0,0.1,0.3,0.0,0.7,0.3,0.3,0.0,0.0,2.53,0.9,6.3,2.7,0.9,3.834,0.19406,0.074,0.01191,0.02663,0.09649,0.02869,0.00259,2.52814,2.70679
543475,Jordan Lyles,KC,36,floor,,,reliever,MLB,1.0,0.0,0.0,4.3,1.0,0.7,0.2,0.0,0.1,0.3,0.0,0.8,0.5,0.5,0.0,0.0,4.23,1.3,7.2,2.7,0.9,4.251,0.17684,0.06844,0.00939,0.03221,0.15644,0.04537,0.00289,4.22628,4.75397
824620,Tyson Hardin,MIL,25,floor,,,starter,MiLB (MLE),1.0,0.0,0.0,3.7,0.5,0.3,0.1,0.0,0.1,0.2,0.0,0.7,0.2,0.2,0.0,0.0,2.09,0.7,6.3,1.8,0.9,3.711,0.17702,0.06658,0.01201,0.02643,0.08307,0.02469,0.00223,2.08924,2.23688
666154,Karl Kauffmann,COL,29,floor,,,reliever,MLB,1.0,0.0,0.0,4.4,0.9,0.6,0.2,0.0,0.1,0.4,0.1,0.8,0.5,0.6,0.0,0.0,4.49,1.3,7.2,3.6,0.9,4.385,0.17713,0.0913,0.02096,0.03136,0.14506,0.04353,0.00344,4.48773,5.04807
571863,Matt Koch,COL,36,floor,,,reliever,MLB,1.0,0.0,0.0,4.3,0.9,0.6,0.2,0.0,0.1,0.3,0.0,0.8,0.5,0.5,0.0,0.0,4.19,1.2,7.2,2.7,0.9,4.251,0.19517,0.07546,0.01104,0.02761,0.13843,0.05793,0.00428,4.18629,4.70899
686599,Kyle Brnovich,PHI,25,floor,,,starter,MiLB (MLE),1.0,0.0,0.0,4.0,0.7,0.4,0.1,0.0,0.2,0.3,0.0,0.8,0.4,0.4,0.0,0.0,3.52,1.0,7.2,2.7,1.8,3.97,0.19975,0.07646,0.01186,0.04319,0.10172,0.03024,0.00273,3.52115,3.76997
543901,Ryan Weber,NYY,36,floor,,,reliever,MLB,1.0,0.0,0.0,4.2,0.9,0.6,0.2,0.0,0.1,0.3,0.0,0.8,0.5,0.5,0.0,0.0,4.14,1.2,7.2,2.7,0.9,4.228,0.19181,0.06948,0.01087,0.03238,0.14977,0.04495,0.00355,4.13506,4.65136
802416,Ashton Izzi,ARI,25,floor,,,starter,MiLB (MLE),1.0,0.0,0.0,4.0,0.7,0.4,0.1,0.0,0.2,0.3,0.0,0.8,0.4,0.4,0.0,0.0,3.35,1.0,7.2,2.7,1.8,3.952,0.19994,0.07654,0.01186,0.03969,0.10189,0.03029,0.00273,3.34999,3.58671
666768,Anderson Pilar,ATL,25,floor,,,reliever,MiLB (MLE),1.0,0.0,0.0,3.9,0.6,0.4,0.1,0.0,0.1,0.3,0.0,0.8,0.3,0.4,0.0,0.0,2.95,0.9,7.2,2.7,0.9,3.926,0.19995,0.07655,0.01186,0.03467,0.10189,0.03029,0.00273,2.94987,3.31819
543309,Kyle Higashioka,TEX,37,floor,,,reliever,MLB,1.0,0.0,0.0,4.3,1.0,0.6,0.2,0.0,0.2,0.4,0.1,0.9,0.5,0.5,0.0,0.0,4.32,1.4,8.1,3.6,1.8,4.277,0.19996,0.08239,0.01963,0.03804,0.13491,0.04058,0.0033,4.323,4.86277
571657,Kyle Farmer,COL,36,floor,,,reliever,MLB,1.0,0.0,0.0,4.3,0.9,0.6,0.2,0.0,0.1,0.3,0.0,0.9,0.5,0.5,0.0,0.0,4.13,1.2,8.1,2.7,0.9,4.259,0.20006,0.08098,0.00867,0.03134,0.14796,0.04354,0.00349,4.13305,4.6491
661269,Vladimir Gutierrez,CIN,31,floor,,,starter,MLB,1.0,0.0,0.0,4.4,0.9,0.6,0.2,0.0,0.1,0.5,0.1,0.9,0.5,0.6,0.0,0.0,4.78,1.4,8.1,4.5,0.9,4.421,0.20013,0.10345,0.02549,0.03098,0.13,0.04742,0.00379,4.77516,5.11259
672715,Luis Patiño,CWS,27,floor,,,reliever,MLB,1.0,0.0,0.0,4.4,0.9,0.6,0.2,0.0,0.1,0.5,0.0,0.8,0.5,0.5,0.0,0.0,4.4,1.4,7.2,4.5,0.9,4.375,0.19166,0.10619,0.00694,0.03103,0.14354,0.04307,0.00341,4.39877,4.948
815048,Josh Trentadue,TEX,25,floor,,,reliever,MiLB (MLE),1.0,0.0,0.0,3.9,0.6,0.4,0.1,0.0,0.1,0.3,0.0,0.8,0.3,0.3,0.0,0.0,2.76,0.9,7.2,2.7,0.9,3.906,0.20015,0.07663,0.01186,0.0306,0.10208,0.03035,0.00274,2.76463,3.10981
687762,Blake Wehunt,BOS,25,floor,,,starter,MiLB (MLE),1.0,0.0,0.0,3.9,0.6,0.4,0.1,0.0,0.1,0.3,0.0,0.8,0.3,0.3,0.0,0.0,2.86,0.9,7.2,2.7,0.9,3.902,0.20016,0.07664,0.01186,0.02971,0.10209,0.03035,0.00274,2.86065,3.0628
660844,Leo Rivas,SEA,29,floor,,,reliever,MLB,1.0,0.0,0.0,4.3,0.9,0.6,0.2,0.0,0.1,0.4,0.0,0.8,0.5,0.5,0.0,0.0,4.12,1.3,7.2,3.6,0.9,4.263,0.19342,0.08399,0.00834,0.02982,0.14529,0.04576,0.00354,4.11891,4.63319
643256,Adam Cimber,LAA,36,floor,,,reliever,MLB,1.0,0.0,0.0,4.4,1.0,0.7,0.2,0.0,0.1,0.3,0.1,0.8,0.5,0.5,0.0,0.0,4.24,1.3,7.2,2.7,0.9,4.372,0.19141,0.07855,0.03357,0.0245,0.14861,0.0454,0.00313,4.23962,4.76897
687226,Chris McElvain,TOR,25,floor,,,starter,MiLB (MLE),1.0,0.0,0.0,4.0,0.7,0.4,0.1,0.0,0.2,0.3,0.0,0.8,0.4,0.4,0.0,0.0,3.42,1.0,7.2,2.7,1.8,3.955,0.19903,0.07615,0.01187,0.04171,0.10102,0.03003,0.00271,3.42184,3.66364
682240,Stephen Jones,MIA,25,floor,,,reliever,MiLB (MLE),1.0,0.0,0.0,3.9,0.6,0.4,0.1,0.0,0.1,0.3,0.0,0.8,0.3,0.3,0.0,0.0,2.52,0.9,7.2,2.7,0.9,3.873,0.19903,0.07615,0.01187,0.02606,0.101,0.03003,0.00271,2.51943,2.834
685377,Misael Tamarez,SD,25,floor,,,reliever,MiLB (MLE),1.0,0.0,0.0,3.9,0.6,0.4,0.1,0.0,0.1,0.3,0.0,0.8,0.3,0.4,0.0,0.0,2.84,0.9,7.2,2.7,0.9,3.909,0.1992,0.07622,0.01187,0.03274,0.10117,0.03008,0.00271,2.8355,3.18953
689379,Aidan Anderson,CWS,25,floor,,,reliever,MiLB (MLE),1.0,0.0,0.0,3.9,0.6,0.4,0.1,0.0,0.1,0.3,0.0,0.8,0.3,0.3,0.0,0.0,2.53,0.9,7.2,2.7,0.9,3.875,0.19922,0.07623,0.01187,0.02611,0.10118,0.03008,0.00271,2.52727,2.84282
666721,Max Castillo,KC,28,floor,,,reliever,MLB,1.0,0.0,0.0,4.3,0.9,0.6,0.2,0.0,0.1,0.4,0.1,0.9,0.5,0.5,0.0,0.0,4.27,1.3,8.1,3.6,0.9,4.329,0.19928,0.08934,0.01774,0.03088,0.14285,0.04287,0.00339,4.27253,4.80599
680734,Kyle Luckham,WSH,25,floor,,,starter,MiLB (MLE),1.0,0.0,0.0,3.8,0.6,0.4,0.1,0.0,0.1,0.3,0.0,0.7,0.3,0.3,0.0,0.0,2.47,0.9,6.3,2.7,0.9,3.815,0.19137,0.07283,0.01193,0.02701,0.0942,0.028,0.00252,2.47147,2.64611
622256,Patrick Weigel,COL,25,floor,,,reliever,MiLB (MLE),1.0,0.0,0.0,3.9,0.6,0.4,0.1,0.0,0.1,0.3,0.0,0.8,0.3,0.4,0.0,0.0,2.84,0.9,7.2,2.7,0.9,3.911,0.19939,0.0763,0.01187,0.0328,0.10135,0.03013,0.00272,2.84431,3.19945
686900,Evan Shawver,COL,25,floor,,,reliever,MiLB (MLE),1.0,0.0,0.0,3.9,0.6,0.4,0.1,0.0,0.1,0.3,0.0,0.8,0.3,0.3,0.0,0.0,2.54,0.9,7.2,2.7,0.9,3.876,0.19941,0.07631,0.01187,0.02616,0.10136,0.03013,0.00272,2.53514,2.85168
835483,Brandon McPherson,HOU,25,floor,,,reliever,MiLB (MLE),1.0,0.0,0.0,3.9,0.7,0.4,0.1,0.0,0.2,0.3,0.0,0.7,0.3,0.4,0.0,0.0,3.06,1.0,6.3,2.7,1.8,3.894,0.19134,0.07282,0.01193,0.04239,0.09419,0.028,0.00252,3.06172,3.44401
605498,Andrew Suárez,STL,34,floor,,,reliever,MLB,1.0,0.0,0.0,4.3,0.9,0.6,0.2,0.0,0.1,0.4,0.0,0.8,0.5,0.5,0.0,0.0,4.32,1.3,7.2,3.6,0.9,4.32,0.1915,0.09506,0.00429,0.03177,0.14696,0.0441,0.00349,4.31557,4.85441
700179,Connor Oliver,PIT,25,floor,,,starter,MiLB (MLE),1.0,0.0,0.0,4.0,0.7,0.4,0.1,0.0,0.2,0.3,0.0,0.8,0.4,0.4,0.0,0.0,3.53,1.0,7.2,2.7,1.8,3.978,0.20096,0.07699,0.01185,0.04259,0.1029,0.03059,0.00276,3.53249,3.7821
667725,Kyle Tyler,MIA,30,floor,,,starter,MLB,1.0,0.0,0.0,4.3,1.0,0.7,0.2,0.0,0.1,0.4,0.0,0.9,0.5,0.5,0.0,0.0,4.15,1.4,8.1,3.6,0.9,4.344,0.20097,0.1004,0.00815,0.02127,0.15712,0.03886,0.00354,4.14768,4.44077
803244,Eliazar Dishmey,MIA,25,floor,,,starter,MiLB (MLE),1.0,0.0,0.0,3.9,0.6,0.4,0.1,0.0,0.1,0.3,0.0,0.8,0.3,0.3,0.0,0.0,2.72,0.9,7.2,2.7,0.9,3.891,0.20101,0.077,0.01185,0.02619,0.10292,0.0306,0.00276,2.71585,2.90776
700481,Everett Catlett,COL,25,floor,,,starter,MiLB (MLE),1.0,0.0,0.0,3.9,0.6,0.4,0.1,0.0,0.1,0.3,0.0,0.8,0.4,0.4,0.0,0.0,3.26,0.9,7.2,2.7,0.9,3.949,0.2011,0.07704,0.01185,0.03707,0.10302,0.03063,0.00276,3.25783,3.48804
656257,Jeff Brigham,NYM,35,floor,,,reliever,MLB,1.0,0.0,0.0,4.3,0.9,0.5,0.2,0.0,0.2,0.4,0.1,1.0,0.5,0.5,0.0,0.0,4.27,1.3,9.0,3.6,1.8,4.277,0.23608,0.09463,0.01677,0.03908,0.12407,0.04129,0.00303,4.26975,4.80287
702103,Zach Franklin,NYM,25,floor,,,reliever,MiLB (MLE),1.0,0.0,0.0,3.9,0.7,0.4,0.1,0.0,0.2,0.3,0.0,0.7,0.3,0.4,0.0,0.0,2.95,1.0,6.3,2.7,1.8,3.885,0.19208,0.07314,0.01192,0.03965,0.09481,0.02818,0.00254,2.95363,3.32241
658648,Pedro Avila,CLE,30,floor,,,reliever,MLB,1.0,0.0,0.0,4.4,1.0,0.6,0.2,0.0,0.2,0.4,0.1,1.0,0.5,0.6,0.0,0.0,4.43,1.4,9.0,3.6,1.8,4.365,0.2287,0.09998,0.01659,0.03466,0.13603,0.04159,0.0038,4.43044,4.98363
806333,Michael Sansone,BOS,25,floor,,,starter,MiLB (MLE),1.0,0.0,0.0,3.9,0.7,0.4,0.1,0.0,0.2,0.3,0.0,0.7,0.4,0.4,0.0,0.0,3.25,1.0,6.3,2.7,1.8,3.901,0.19207,0.07314,0.01192,0.04271,0.0948,0.02818,0.00254,3.25376,3.48369
571656,Buck Farmer,CIN,36,floor,,,reliever,MLB,1.0,0.0,0.0,4.3,0.9,0.6,0.2,0.0,0.1,0.4,0.1,1.0,0.4,0.5,0.0,0.0,3.77,1.3,9.0,3.6,0.9,4.291,0.23013,0.09867,0.01487,0.02172,0.14048,0.04209,0.00328,3.77013,4.24087
687190,Adam Leverett,SEA,25,floor,,,starter,MiLB (MLE),1.0,0.0,0.0,3.9,0.7,0.4,0.1,0.0,0.2,0.3,0.0,0.7,0.4,0.4,0.0,0.0,3.16,1.0,6.3,2.7,1.8,3.891,0.19203,0.07312,0.01192,0.04091,0.09476,0.02817,0.00254,3.16332,3.38685
608328,Chase De Jong,PIT,33,floor,,,reliever,MLB,1.0,0.0,0.0,4.3,0.9,0.6,0.2,0.0,0.1,0.4,0.1,0.9,0.5,0.5,0.0,0.0,4.29,1.3,8.1,3.6,0.9,4.349,0.19972,0.09462,0.01861,0.03046,0.1409,0.04228,0.00334,4.28931,4.82487
600921,Andrés Machado,WSH,34,floor,,,reliever,MLB,1.0,0.0,0.0,4.2,0.9,0.6,0.2,0.0,0.1,0.4,0.0,0.8,0.5,0.5,0.0,0.0,4.08,1.3,7.2,3.6,0.9,4.246,0.20039,0.08393,0.00725,0.03128,0.1447,0.04342,0.00343,4.07656,4.58555
672851,Joan Adon,WSH,28,floor,,,reliever,MLB,1.0,0.0,0.0,4.4,0.9,0.6,0.2,0.0,0.1,0.5,0.1,0.8,0.5,0.5,0.0,0.0,4.3,1.4,7.2,4.5,0.9,4.388,0.192,0.10297,0.01641,0.02775,0.14353,0.04238,0.00318,4.3044,4.84185
593643,Hanser Alberto,LAD,34,floor,,,reliever,MLB,1.0,0.0,0.0,4.3,0.9,0.6,0.2,0.0,0.1,0.4,0.1,0.8,0.5,0.5,0.0,0.0,4.24,1.3,7.2,3.6,0.9,4.292,0.19194,0.08264,0.01384,0.03157,0.14601,0.04382,0.00346,4.23846,4.76767
808087,Junior Sanchez,ARI,25,floor,,,starter,MiLB (MLE),1.0,0.0,0.0,3.9,0.6,0.4,0.1,0.0,0.1,0.3,0.0,0.8,0.4,0.4,0.0,0.0,3.27,0.9,7.2,2.7,0.9,3.947,0.20049,0.07678,0.01186,0.03771,0.10243,0.03045,0.00274,3.26919,3.5002
701178,Rafe Schlesinger,CLE,25,floor,,,starter,MiLB (MLE),1.0,0.0,0.0,3.9,0.6,0.4,0.1,0.0,0.1,0.3,0.0,0.8,0.3,0.3,0.0,0.0,2.86,0.9,7.2,2.7,0.9,3.904,0.20052,0.07679,0.01186,0.02955,0.10244,0.03045,0.00275,2.86478,3.06721
686844,Ben Wereski,CIN,25,floor,,,starter,MiLB (MLE),1.0,0.0,0.0,3.9,0.6,0.4,0.1,0.0,0.1,0.3,0.0,0.8,0.3,0.4,0.0,0.0,3.13,0.9,7.2,2.7,0.9,3.932,0.20052,0.07679,0.01186,0.03488,0.10245,0.03046,0.00275,3.12845,3.34952
622072,Alex Wood,OAK,36,floor,,,starter,MLB,1.0,0.0,0.0,4.3,0.9,0.6,0.2,0.0,0.1,0.4,0.1,0.9,0.5,0.5,0.0,0.0,4.33,1.3,8.1,3.6,0.9,4.342,0.20059,0.08225,0.02118,0.02234,0.15108,0.04929,0.00293,4.33344,4.63966
660644,Vidal Bruján,ATL,29,floor,,,reliever,MLB,1.0,0.0,0.0,4.3,1.0,0.6,0.2,0.0,0.2,0.4,0.1,0.9,0.5,0.6,0.0,0.0,4.6,1.4,8.1,3.6,1.8,4.339,0.2006,0.09156,0.01798,0.03864,0.12982,0.04688,0.00382,4.59827,5.17241
702650,Michael Forret,BAL,25,floor,,,starter,MiLB (MLE),1.0,0.0,0.0,3.8,0.6,0.4,0.1,0.0,0.1,0.3,0.0,0.7,0.3,0.3,0.0,0.0,2.43,0.9,6.3,2.7,0.9,3.814,0.19194,0.07308,0.01193,0.02587,0.09467,0.02814,0.00254,2.43289,2.6048
687866,Justin Yeager,TB,25,floor,,,reliever,MiLB (MLE),1.0,0.0,0.0,4.0,0.7,0.4,0.1,0.0,0.2,0.3,0.0,0.8,0.4,0.5,0.0,0.0,3.75,1.0,7.2,2.7,1.8,4.014,0.19971,0.07645,0.01186,0.05128,0.10169,0.03023,0.00272,3.74651,4.21429
691947,Ronan Kopp,LAD,25,floor,,,reliever,MiLB (MLE),1.0,0.0,0.0,3.9,0.6,0.4,0.1,0.0,0.1,0.3,0.0,0.8,0.3,0.4,0.0,0.0,2.81,0.9,7.2,2.7,0.9,3.912,0.20034,0.07672,0.01186,0.03145,0.10227,0.0304,0.00274,2.81003,3.16089
694885,Ryan Murphy,STL,25,floor,,,reliever,MiLB (MLE),1.0,0.0,0.0,3.9,0.6,0.4,0.1,0.0,0.1,0.3,0.0,0.8,0.3,0.4,0.0,0.0,3.01,0.9,7.2,2.7,0.9,3.923,0.19805,0.07573,0.01188,0.03726,0.10009,0.02976,0.00268,3.01406,3.39039
686811,Carter Rustad,CLE,25,floor,,,reliever,MiLB (MLE),1.0,0.0,0.0,3.9,0.6,0.4,0.1,0.0,0.1,0.3,0.0,0.8,0.3,0.3,0.0,0.0,2.73,0.9,7.2,2.7,0.9,3.891,0.1981,0.07575,0.01188,0.0311,0.10013,0.02977,0.00268,2.72602,3.06639
592288,Kent Emanuel,MIA,35,floor,,,reliever,MLB,1.0,0.0,0.0,4.3,0.9,0.6,0.2,0.0,0.1,0.4,0.1,0.9,0.5,0.5,0.0,0.0,4.19,1.3,8.1,3.6,0.9,4.344,0.19811,0.08963,0.02698,0.02899,0.14049,0.04024,0.00304,4.18932,4.7124
811309,Bishop Letson,MIL,25,floor,,,starter,MiLB (MLE),1.0,0.0,0.0,3.8,0.6,0.4,0.1,0.0,0.1,0.3,0.0,0.7,0.3,0.3,0.0,0.0,2.67,0.9,6.3,2.7,0.9,3.842,0.19252,0.07333,0.01192,0.03049,0.09517,0.02829,0.00255,2.66993,2.85859
809254,Anthony Eyanson,BAL,25,floor,,,starter,MiLB (MLE),1.0,0.0,0.0,3.9,0.6,0.4,0.1,0.0,0.1,0.3,0.0,0.8,0.3,0.3,0.0,0.0,2.75,0.9,7.2,2.7,0.9,3.879,0.19811,0.07575,0.01188,0.02884,0.10014,0.02977,0.00268,2.75369,2.94828
528748,Humberto Castellanos,ARI,29,floor,,,reliever,MLB,1.0,0.0,0.0,4.3,1.0,0.7,0.2,0.0,0.1,0.3,0.1,0.8,0.4,0.5,0.0,0.0,3.88,1.3,7.2,2.7,0.9,4.292,0.19247,0.07779,0.02185,0.01991,0.15161,0.04704,0.00304,3.88471,4.36976
690462,Ricky Castro,MIN,25,floor,,,reliever,MiLB (MLE),1.0,0.0,0.0,3.9,0.7,0.4,0.1,0.0,0.2,0.3,0.0,0.8,0.3,0.4,0.0,0.0,3.11,1.0,7.2,2.7,1.8,3.905,0.19244,0.0733,0.01192,0.04287,0.09511,0.02828,0.00255,3.11488,3.5038
827110,Austin Cates,TOR,25,floor,,,starter,MiLB (MLE),1.0,0.0,0.0,3.8,0.6,0.4,0.1,0.0,0.1,0.3,0.0,0.7,0.3,0.3,0.0,0.0,2.66,0.9,6.3,2.7,0.9,3.839,0.19217,0.07318,0.01192,0.03039,0.09488,0.02821,0.00254,2.65514,2.84276
682897,Steven Pérez,CLE,25,floor,,,reliever,MiLB (MLE),1.0,0.0,0.0,3.9,0.6,0.4,0.1,0.0,0.1,0.3,0.0,0.8,0.3,0.3,0.0,0.0,2.59,0.9,7.2,2.7,0.9,3.852,0.19358,0.07379,0.01191,0.03094,0.09608,0.02856,0.00257,2.59016,2.91356
826052,Charlie McDaniel,SF,25,floor,,,starter,MiLB (MLE),1.0,0.0,0.0,3.9,0.6,0.4,0.1,0.0,0.1,0.3,0.0,0.8,0.3,0.4,0.0,0.0,3.11,0.9,7.2,2.7,0.9,3.914,0.19749,0.07548,0.01188,0.03653,0.09957,0.0296,0.00267,3.11233,3.33226
593619,Domingo Tapia,SD,35,floor,,,reliever,MLB,1.0,0.0,0.0,4.4,0.9,0.6,0.2,0.0,0.1,0.5,0.1,0.9,0.5,0.6,0.0,0.0,4.41,1.4,8.1,4.5,0.9,4.404,0.19811,0.11099,0.01203,0.03027,0.14,0.04201,0.00332,4.40784,4.9582
800059,Dalton Rogers,BOS,25,floor,,,starter,MiLB (MLE),1.0,0.0,0.0,3.9,0.6,0.4,0.1,0.0,0.1,0.3,0.0,0.8,0.3,0.4,0.0,0.0,3.12,0.9,7.2,2.7,0.9,3.916,0.19773,0.07559,0.01188,0.03662,0.09979,0.02967,0.00267,3.12442,3.3452
670046,Kenny Rosenberg,LAA,31,floor,,,reliever,MLB,1.0,0.0,0.0,4.3,1.0,0.6,0.2,0.0,0.2,0.4,0.0,0.9,0.5,0.5,0.0,0.0,4.33,1.4,8.1,3.6,1.8,4.277,0.19782,0.08967,0.0051,0.03526,0.1383,0.04707,0.00347,4.32937,4.86993
815073,Ethan Bosacker,KC,25,floor,,,reliever,MiLB (MLE),1.0,0.0,0.0,3.9,0.6,0.4,0.1,0.0,0.1,0.3,0.0,0.8,0.3,0.4,0.0,0.0,2.85,0.9,7.2,2.7,0.9,3.904,0.19787,0.07565,0.01188,0.03393,0.09992,0.02971,0.00268,2.85131,3.20733
656657,Zach Logue,DET,31,floor,,,reliever,MLB,1.0,0.0,0.0,4.2,0.9,0.6,0.2,0.0,0.1,0.3,0.0,0.8,0.5,0.5,0.0,0.0,4.35,1.2,7.2,2.7,0.9,4.24,0.19788,0.0769,0.00741,0.03554,0.13506,0.05426,0.00387,4.35466,4.89838
670234,Seth Shuman,SEA,25,floor,,,reliever,MiLB (MLE),1.0,0.0,0.0,3.8,0.6,0.4,0.1,0.0,0.1,0.3,0.0,0.8,0.3,0.3,0.0,0.0,2.32,0.9,7.2,2.7,0.9,3.845,0.1979,0.07566,0.01188,0.02251,0.09994,0.02971,0.00268,2.32417,2.61437
547001,Cody Poteet,NYY,32,floor,,,starter,MLB,1.0,0.0,0.0,4.3,0.9,0.6,0.2,0.0,0.1,0.4,0.0,0.8,0.5,0.5,0.0,0.0,4.55,1.3,7.2,3.6,0.9,4.304,0.19349,0.08917,0.00629,0.03416,0.14851,0.04136,0.00364,4.5499,4.87142
669459,Kyle Nelson,ARI,30,floor,,,reliever,MLB,1.0,0.0,0.0,4.2,0.9,0.6,0.2,0.0,0.1,0.4,0.0,1.0,0.4,0.5,0.0,0.0,3.93,1.3,9.0,3.6,0.9,4.223,0.23037,0.08511,0.00956,0.03122,0.13939,0.04143,0.00342,3.92594,4.41613
683681,Jose Gonzalez,LAA,25,floor,,,reliever,MiLB (MLE),1.0,0.0,0.0,3.9,0.7,0.4,0.1,0.0,0.2,0.3,0.0,0.8,0.3,0.4,0.0,0.0,2.98,1.0,7.2,2.7,1.8,3.895,0.19344,0.07373,0.01191,0.03935,0.09596,0.02853,0.00257,2.97732,3.34907
659275,Dinelson Lamet,BOS,34,floor,,,reliever,MLB,1.0,0.0,0.0,4.3,0.8,0.5,0.2,0.0,0.1,0.5,0.1,1.0,0.5,0.5,0.0,0.0,4.07,1.3,9.0,4.5,0.9,4.344,0.23347,0.11487,0.01535,0.0292,0.12687,0.03999,0.00308,4.07021,4.57841
701388,Jurrangelo Cijntje,STL,25,floor,,,starter,MiLB (MLE),1.0,0.0,0.0,3.8,0.6,0.4,0.1,0.0,0.1,0.3,0.0,0.7,0.3,0.3,0.0,0.0,2.47,0.9,6.3,2.7,0.9,3.842,0.19677,0.07517,0.01189,0.02388,0.0989,0.0294,0.00265,2.47405,2.64888
663531,Logan Allen,ARI,30,floor,,,reliever,MLB,1.0,0.0,0.0,4.3,1.0,0.7,0.2,0.0,0.1,0.4,0.1,0.8,0.4,0.5,0.0,0.0,3.86,1.4,7.2,3.6,0.9,4.31,0.19761,0.08625,0.01601,0.0213,0.1602,0.03721,0.00314,3.85722,4.33883
691739,Will Sanders,CHC,25,floor,,,starter,MiLB (MLE),1.0,0.0,0.0,3.9,0.6,0.4,0.1,0.0,0.1,0.3,0.0,0.8,0.3,0.4,0.0,0.0,3.01,0.9,7.2,2.7,0.9,3.908,0.19825,0.07581,0.01188,0.03406,0.10027,0.02981,0.00269,3.01405,3.22703
693483,Pat Gallagher,TOR,25,floor,,,reliever,MiLB (MLE),1.0,0.0,0.0,3.9,0.6,0.4,0.1,0.0,0.1,0.3,0.0,0.8,0.3,0.3,0.0,0.0,2.64,0.9,7.2,2.7,0.9,3.882,0.19826,0.07582,0.01188,0.02914,0.10028,0.02981,0.00269,2.63962,2.9692
642133,Rowdy Tellez,TEX,32,floor,,,reliever,MLB,1.0,0.0,0.0,4.4,0.9,0.6,0.2,0.0,0.1,0.3,0.2,0.9,0.5,0.5,0.0,0.0,4.18,1.2,8.1,2.7,0.9,4.357,0.19828,0.07904,0.03608,0.02576,0.14404,0.0435,0.00296,4.18383,4.70622
670097,Zack Short,DET,32,floor,,,reliever,MLB,1.0,0.0,0.0,4.3,1.0,0.7,0.2,0.0,0.1,0.3,0.1,0.9,0.4,0.5,0.0,0.0,3.95,1.3,8.1,2.7,0.9,4.282,0.19835,0.07851,0.01673,0.02311,0.15295,0.04492,0.00341,3.947,4.43982
542914,Anthony Bass,TOR,39,floor,,,reliever,MLB,1.0,0.0,0.0,4.2,0.9,0.6,0.2,0.0,0.1,0.4,0.0,1.0,0.4,0.5,0.0,0.0,3.75,1.3,9.0,3.6,0.9,4.168,0.2342,0.08359,0.00204,0.03025,0.13995,0.042,0.00332,3.74621,4.21396
806334,Alex Amalfi,TOR,25,floor,,,reliever,MiLB (MLE),1.0,0.0,0.0,3.9,0.7,0.4,0.1,0.0,0.2,0.3,0.0,0.8,0.4,0.4,0.0,0.0,3.28,1.0,7.2,2.7,1.8,3.927,0.1933,0.07367,0.01191,0.04572,0.09585,0.0285,0.00257,3.27563,3.68463
641726,Daulton Jefferies,PIT,31,floor,,,reliever,MLB,1.0,0.0,0.0,4.2,1.0,0.6,0.2,0.0,0.2,0.3,0.1,0.8,0.5,0.5,0.0,0.0,4.2,1.3,7.2,2.7,1.8,4.226,0.19322,0.06956,0.01222,0.03679,0.14871,0.04002,0.00342,4.20477,4.72977
681313,Jake Miller,CLE,25,floor,,,reliever,MiLB (MLE),1.0,0.0,0.0,3.9,0.6,0.4,0.1,0.0,0.1,0.3,0.0,0.8,0.3,0.4,0.0,0.0,3.05,0.9,7.2,2.7,0.9,3.931,0.19881,0.07605,0.01187,0.03756,0.1008,0.02997,0.0027,3.05132,3.43231
682175,Joe Jacques,BOS,32,floor,,,reliever,MLB,1.0,0.0,0.0,4.4,0.9,0.6,0.2,0.0,0.1,0.4,0.2,0.9,0.5,0.5,0.0,0.0,4.31,1.3,8.1,3.6,0.9,4.387,0.19882,0.08357,0.03697,0.02739,0.14106,0.04425,0.00273,4.31445,4.85315
800550,Miguel Cienfuegos,SD,25,floor,,,reliever,MiLB (MLE),1.0,0.0,0.0,3.9,0.6,0.4,0.1,0.0,0.1,0.3,0.0,0.8,0.3,0.4,0.0,0.0,2.9,0.9,7.2,2.7,0.9,3.914,0.19882,0.07606,0.01187,0.03426,0.10081,0.02997,0.0027,2.89544,3.25696
622569,Pablo Reyes,NYY,33,floor,,,reliever,MLB,1.0,0.0,0.0,4.3,0.9,0.6,0.2,0.0,0.1,0.4,0.0,0.9,0.5,0.5,0.0,0.0,4.31,1.3,8.1,3.6,0.9,4.31,0.198,0.09285,0.00827,0.03083,0.13884,0.04955,0.00379,4.30747,4.8453
691414,Yorman Gómez,CLE,25,floor,,,starter,MiLB (MLE),1.0,0.0,0.0,3.9,0.7,0.4,0.1,0.0,0.2,0.3,0.0,0.8,0.4,0.4,0.0,0.0,3.53,1.0,7.2,2.7,1.8,3.935,0.19298,0.07353,0.01191,0.04773,0.09558,0.02841,0.00256,3.53255,3.78217
675375,Cory Lewis,MIN,25,floor,,,starter,MiLB (MLE),1.0,0.0,0.0,3.9,0.6,0.4,0.1,0.0,0.1,0.3,0.0,0.8,0.3,0.3,0.0,0.0,2.89,0.9,7.2,2.7,0.9,3.867,0.19286,0.07348,0.01192,0.03486,0.09547,0.02838,0.00256,2.89087,3.09515
660710,Rodolfo Durán,SD,29,floor,,,reliever,MLB,1.0,0.0,0.0,4.3,0.9,0.6,0.2,0.0,0.1,0.4,0.0,0.9,0.5,0.5,0.0,0.0,4.29,1.3,8.1,3.6,0.9,4.262,0.19901,0.08199,0.00911,0.03419,0.13894,0.04879,0.00349,4.28584,4.82096
622772,Jimmy Cordero,NYY,35,floor,,,reliever,MLB,1.0,0.0,0.0,4.2,0.9,0.6,0.2,0.0,0.1,0.3,0.1,1.0,0.4,0.5,0.0,0.0,3.91,1.2,9.0,2.7,0.9,4.229,0.23042,0.08259,0.01391,0.03015,0.13946,0.04185,0.00331,3.91476,4.40355
800018,Chen Zhong-Ao Zhuang,OAK,25,floor,,,starter,MiLB (MLE),1.0,0.0,0.0,3.9,0.7,0.4,0.1,0.0,0.2,0.3,0.0,0.8,0.4,0.4,0.0,0.0,3.52,1.0,7.2,2.7,1.8,3.933,0.19279,0.07345,0.01192,0.04764,0.09542,0.02837,0.00256,3.52234,3.77124
664202,Tyler Cyr,OAK,34,floor,,,reliever,MLB,1.0,0.0,0.0,4.2,0.9,0.6,0.2,0.0,0.1,0.4,0.1,1.0,0.4,0.5,0.0,0.0,3.91,1.3,9.0,3.6,0.9,4.233,0.23123,0.08464,0.01366,0.02997,0.13864,0.04161,0.00329,3.9073,4.39517
641771,Chad Kuhl,CWS,34,floor,,,reliever,MLB,1.0,0.0,0.0,4.4,1.0,0.7,0.2,0.0,0.1,0.5,0.1,0.8,0.5,0.5,0.0,0.0,4.07,1.5,7.2,4.5,0.9,4.369,0.19267,0.10366,0.01354,0.02312,0.15022,0.03885,0.00381,4.06812,4.57606
676710,Kutter Crawford,BOS,31,floor,,,starter,MLB,1.0,0.0,0.0,4.1,0.9,0.5,0.2,0.0,0.2,0.3,0.0,0.9,0.5,0.5,0.0,0.0,4.31,1.2,8.1,2.7,1.8,4.134,0.23132,0.07391,0.01017,0.04491,0.12139,0.04067,0.0043,4.31461,4.6195
656716,Zach McKinstry,DET,32,floor,,,reliever,MLB,1.0,0.0,0.0,4.4,0.9,0.6,0.2,0.0,0.1,0.5,0.1,0.8,0.5,0.6,0.0,0.0,4.47,1.4,7.2,4.5,0.9,4.405,0.19267,0.10315,0.01749,0.03201,0.14246,0.04064,0.00289,4.46667,5.02438
656896,Emmanuel Rivera,BAL,31,floor,,,reliever,MLB,1.0,0.0,0.0,4.3,1.0,0.6,0.2,0.0,0.2,0.4,0.1,0.8,0.5,0.6,0.0,0.0,4.59,1.4,7.2,3.6,1.8,4.322,0.19253,0.08285,0.01702,0.03945,0.13786,0.04582,0.00297,4.59114,5.16439
664702,Myles Straw,TOR,32,floor,,,reliever,MLB,1.0,0.0,0.0,4.3,0.9,0.6,0.2,0.0,0.1,0.4,0.0,0.9,0.5,0.5,0.0,0.0,4.2,1.3,8.1,3.6,0.9,4.263,0.19799,0.08157,0.00901,0.03401,0.14809,0.04093,0.00311,4.1953,4.71912
673662,Robinson Ortiz,SEA,25,floor,,,reliever,MiLB (MLE),1.0,0.0,0.0,3.9,0.6,0.4,0.1,0.0,0.1,0.3,0.0,0.8,0.3,0.3,0.0,0.0,2.74,0.9,7.2,2.7,0.9,3.896,0.19882,0.07606,0.01187,0.03096,0.10081,0.02997,0.0027,2.74091,3.08314
572193,Ryan Tepera,STL,39,floor,,,reliever,MLB,1.0,0.0,0.0,4.3,0.9,0.6,0.2,0.0,0.1,0.4,0.1,0.9,0.5,0.5,0.0,0.0,4.15,1.3,8.1,3.6,0.9,4.288,0.20887,0.08455,0.01631,0.03087,0.14278,0.04285,0.00339,4.15436,4.67307
640902,Jhonny Pereda,SEA,31,floor,,,reliever,MLB,1.0,0.0,0.0,4.2,0.9,0.6,0.2,0.0,0.1,0.4,0.0,0.9,0.4,0.5,0.0,0.0,4.0,1.3,8.1,3.6,0.9,4.237,0.20889,0.08448,0.00859,0.02791,0.13718,0.05101,0.00335,4.00226,4.50198
679489,Tyler LaPorte,ATL,25,floor,,,reliever,MiLB (MLE),1.0,0.0,0.0,4.0,0.6,0.4,0.1,0.0,0.1,0.3,0.0,0.8,0.3,0.4,0.0,0.0,2.97,0.9,7.2,2.7,0.9,3.982,0.2089,0.08039,0.01176,0.02854,0.11166,0.03319,0.00299,2.9697,3.3405
688540,Kade Bragg,MIA,25,floor,,,reliever,MiLB (MLE),1.0,0.0,0.0,4.0,0.6,0.4,0.1,0.0,0.1,0.3,0.0,0.8,0.3,0.3,0.0,0.0,2.78,0.9,7.2,2.7,0.9,3.961,0.20891,0.08039,0.01176,0.02463,0.11166,0.0332,0.00299,2.78323,3.13075
814527,Patrick Copen,LAD,25,floor,,,starter,MiLB (MLE),1.0,0.0,0.0,3.8,0.5,0.3,0.1,0.0,0.1,0.3,0.0,0.7,0.3,0.3,0.0,0.0,2.56,0.8,6.3,2.7,0.9,3.796,0.18524,0.07017,0.01197,0.03236,0.08925,0.02653,0.00239,2.56389,2.74506
687287,Patrick Monteverde,MIA,29,floor,,,starter,MLB,1.0,0.0,0.0,4.2,0.9,0.6,0.2,0.0,0.1,0.3,0.0,0.9,0.5,0.5,0.0,0.0,4.15,1.2,8.1,2.7,0.9,4.231,0.20897,0.0799,0.00764,0.02962,0.14962,0.0421,0.00265,4.15158,4.44495
686588,Blane Abeyta,ATL,25,floor,,,reliever,MiLB (MLE),1.0,0.0,0.0,4.1,0.8,0.5,0.1,0.0,0.2,0.3,0.0,0.9,0.4,0.5,0.0,0.0,3.61,1.1,8.1,2.7,1.8,4.056,0.20898,0.08042,0.01176,0.04162,0.11178,0.03323,0.003,3.61375,4.06496
813266,Mitch White,SF,25,floor,,,reliever,MiLB (MLE),1.0,0.0,0.0,4.0,0.6,0.4,0.1,0.0,0.1,0.3,0.0,0.8,0.4,0.4,0.0,0.0,3.17,0.9,7.2,2.7,0.9,4.005,0.209,0.08043,0.01176,0.03249,0.1118,0.03324,0.003,3.16514,3.56033
624512,Reese McGuire,CWS,32,floor,,,reliever,MLB,1.0,0.0,0.0,4.3,0.9,0.6,0.2,0.0,0.1,0.4,0.0,0.9,0.5,0.5,0.0,0.0,4.09,1.3,8.1,3.6,0.9,4.258,0.20904,0.08531,0.0098,0.02986,0.14044,0.04707,0.00345,4.08683,4.59711
657508,Mike Baumann,MIA,31,floor,,,reliever,MLB,1.0,0.0,0.0,4.3,0.9,0.6,0.2,0.0,0.1,0.4,0.1,0.9,0.5,0.5,0.0,0.0,4.35,1.3,8.1,3.6,0.9,4.322,0.20914,0.09945,0.01186,0.03428,0.13209,0.04412,0.00421,4.34955,4.89263
621249,Duane Underwood Jr.,PIT,32,floor,,,reliever,MLB,1.0,0.0,0.0,4.3,0.9,0.6,0.2,0.0,0.1,0.4,0.1,0.9,0.5,0.5,0.0,0.0,4.23,1.3,8.1,3.6,0.9,4.325,0.20465,0.09417,0.0137,0.03068,0.1419,0.04258,0.00337,4.23213,4.76055
668800,Andrew Knizner,TEX,32,floor,,,reliever,MLB,1.0,0.0,0.0,4.3,0.9,0.6,0.2,0.0,0.1,0.4,0.0,0.9,0.5,0.5,0.0,0.0,4.07,1.3,8.1,3.6,0.9,4.254,0.20918,0.08862,0.00959,0.03046,0.13667,0.04593,0.00392,4.0716,4.57998
693739,Alexander Alberto,TB,25,floor,,,reliever,MiLB (MLE),1.0,0.0,0.0,4.0,0.6,0.4,0.1,0.0,0.1,0.3,0.0,0.8,0.4,0.4,0.0,0.0,3.16,0.9,7.2,2.7,0.9,4.002,0.20862,0.08027,0.01176,0.03263,0.11131,0.03309,0.00298,3.15663,3.55077
680728,Adrian Del Castillo,ARI,27,floor,,,reliever,MLB,1.0,0.0,0.0,4.3,0.9,0.6,0.2,0.0,0.1,0.3,0.1,0.9,0.4,0.5,0.0,0.0,3.96,1.2,8.1,2.7,0.9,4.291,0.20863,0.08051,0.02138,0.02363,0.14696,0.04549,0.00317,3.95831,4.45254
695294,Tommy McCollum,TB,25,floor,,,reliever,MiLB (MLE),1.0,0.0,0.0,4.0,0.7,0.4,0.1,0.0,0.2,0.3,0.0,0.8,0.4,0.4,0.0,0.0,3.53,1.0,7.2,2.7,1.8,4.044,0.20863,0.08027,0.01176,0.04014,0.11134,0.0331,0.00298,3.5254,3.96558
672487,Helcris Olivárez,KC,25,floor,,,reliever,MiLB (MLE),1.0,0.0,0.0,4.0,0.6,0.4,0.1,0.0,0.1,0.3,0.0,0.8,0.3,0.4,0.0,0.0,2.98,0.9,7.2,2.7,0.9,3.981,0.20863,0.08027,0.01176,0.02888,0.11132,0.03309,0.00298,2.97578,3.34734
676046,Griff McGarry,LAD,25,floor,,,reliever,MiLB (MLE),1.0,0.0,0.0,4.0,0.6,0.4,0.1,0.0,0.1,0.3,0.0,0.8,0.3,0.4,0.0,0.0,2.89,0.9,7.2,2.7,0.9,3.971,0.20864,0.08028,0.01176,0.02701,0.11132,0.03309,0.00298,2.88604,3.24639
815292,Luis Martinez-Gomez,CHC,25,floor,,,starter,MiLB (MLE),1.0,0.0,0.0,4.0,0.6,0.4,0.1,0.0,0.1,0.3,0.0,0.8,0.4,0.4,0.0,0.0,3.44,0.9,7.2,2.7,0.9,4.015,0.20865,0.08028,0.01176,0.03495,0.11135,0.0331,0.00298,3.43595,3.67874
801252,Alfredo Romero,CHC,25,floor,,,starter,MiLB (MLE),1.0,0.0,0.0,4.0,0.6,0.4,0.1,0.0,0.1,0.3,0.0,0.8,0.3,0.4,0.0,0.0,3.13,0.9,7.2,2.7,0.9,3.982,0.20865,0.08028,0.01176,0.02899,0.11134,0.0331,0.00298,3.13255,3.35391
682668,Luisangel Acuña,CWS,25,floor,,,reliever,MLB,1.0,0.0,0.0,4.3,0.9,0.6,0.2,0.0,0.1,0.4,0.0,0.9,0.5,0.5,0.0,0.0,4.24,1.3,8.1,3.6,0.9,4.262,0.20866,0.08597,0.01002,0.03407,0.13459,0.04877,0.00309,4.24031,4.76976
645801,Mike Ford,SEA,34,floor,,,reliever,MLB,1.0,0.0,0.0,4.3,0.9,0.6,0.2,0.0,0.1,0.4,0.0,0.9,0.5,0.5,0.0,0.0,4.1,1.3,8.1,3.6,0.9,4.265,0.20868,0.08672,0.0093,0.03102,0.14351,0.04306,0.0034,4.0976,4.60922
686223,Joey Mancini,HOU,25,floor,,,reliever,MiLB (MLE),1.0,0.0,0.0,4.0,0.6,0.4,0.1,0.0,0.1,0.3,0.0,0.8,0.4,0.4,0.0,0.0,3.19,0.9,7.2,2.7,0.9,4.009,0.20917,0.0805,0.01175,0.03286,0.11201,0.0333,0.003,3.18969,3.58795
664948,Anthony Misiewicz,NYY,32,floor,,,reliever,MLB,1.0,0.0,0.0,4.3,0.9,0.6,0.2,0.0,0.1,0.4,0.0,0.9,0.4,0.5,0.0,0.0,3.92,1.3,8.1,3.6,0.9,4.262,0.20968,0.09505,0.00316,0.02511,0.14259,0.04746,0.00322,3.9244,4.4144
683085,Landon Sims,ARI,25,floor,,,reliever,MiLB (MLE),1.0,0.0,0.0,4.0,0.6,0.4,0.1,0.0,0.1,0.3,0.0,0.8,0.3,0.4,0.0,0.0,2.92,0.9,7.2,2.7,0.9,3.978,0.20919,0.08051,0.01176,0.02718,0.11202,0.0333,0.003,2.91614,3.28025
622065,Alex Young,NYM,33,floor,,,reliever,MLB,1.0,0.0,0.0,4.3,0.9,0.6,0.2,0.0,0.1,0.4,0.0,0.9,0.5,0.5,0.0,0.0,4.2,1.3,8.1,3.6,0.9,4.274,0.20923,0.08925,0.0059,0.03426,0.14589,0.03899,0.00412,4.19986,4.72425
813706,Owen Hackman,ATL,25,floor,,,reliever,MiLB (MLE),1.0,0.0,0.0,4.0,0.6,0.4,0.1,0.0,0.1,0.3,0.0,0.8,0.4,0.4,0.0,0.0,3.31,0.9,7.2,2.7,0.9,4.023,0.20923,0.08053,0.01175,0.0352,0.11209,0.03332,0.003,3.30683,3.71972
703821,Myles Caba,LAD,25,floor,,,reliever,MiLB (MLE),1.0,0.0,0.0,4.0,0.6,0.4,0.1,0.0,0.1,0.3,0.0,0.8,0.4,0.4,0.0,0.0,3.18,0.9,7.2,2.7,0.9,4.008,0.20924,0.08053,0.01175,0.03258,0.11209,0.03332,0.003,3.1792,3.57615
694518,Austin Smith,COL,25,floor,,,reliever,MiLB (MLE),1.0,0.0,0.0,4.0,0.6,0.4,0.1,0.0,0.1,0.3,0.0,0.8,0.3,0.4,0.0,0.0,2.93,0.9,7.2,2.7,0.9,3.98,0.20925,0.08054,0.01175,0.02735,0.1121,0.03333,0.003,2.92663,3.29205
813895,Corey Avant,OAK,25,floor,,,starter,MiLB (MLE),1.0,0.0,0.0,3.8,0.5,0.3,0.1,0.0,0.1,0.3,0.0,0.7,0.3,0.3,0.0,0.0,2.76,0.8,6.3,2.7,0.9,3.818,0.18545,0.07026,0.01196,0.03635,0.08942,0.02658,0.0024,2.75973,2.95474
800223,Yorman Galindez,MIL,25,floor,,,reliever,MiLB (MLE),1.0,0.0,0.0,4.0,0.6,0.4,0.1,0.0,0.1,0.3,0.0,0.8,0.3,0.4,0.0,0.0,3.06,0.9,7.2,2.7,0.9,3.996,0.20936,0.08058,0.01175,0.03001,0.11225,0.03337,0.00301,3.05924,3.44122
681673,Kohl Franklin,CHC,25,floor,,,starter,MiLB (MLE),1.0,0.0,0.0,4.0,0.6,0.4,0.1,0.0,0.1,0.3,0.0,0.8,0.4,0.4,0.0,0.0,3.17,0.9,7.2,2.7,0.9,3.991,0.20936,0.08059,0.01175,0.02914,0.11225,0.03337,0.00301,3.17008,3.39409
688730,Marques Johnson,SF,25,floor,,,reliever,MiLB (MLE),1.0,0.0,0.0,4.0,0.6,0.4,0.1,0.0,0.1,0.3,0.0,0.8,0.3,0.4,0.0,0.0,2.93,0.9,7.2,2.7,0.9,3.981,0.20937,0.08059,0.01175,0.02724,0.11225,0.03337,0.00301,2.92629,3.29167
664918,Kyle Keller,BOS,25,floor,,,reliever,MiLB (MLE),1.0,0.0,0.0,4.0,0.6,0.4,0.1,0.0,0.1,0.3,0.0,0.8,0.3,0.4,0.0,0.0,3.08,0.9,7.2,2.7,0.9,3.994,0.20881,0.08035,0.01176,0.03083,0.11155,0.03316,0.00299,3.0766,3.46075
812431,Rory Fox,NYY,25,floor,,,starter,MiLB (MLE),1.0,0.0,0.0,4.0,0.6,0.4,0.1,0.0,0.1,0.3,0.0,0.8,0.3,0.4,0.0,0.0,3.08,0.9,7.2,2.7,0.9,3.981,0.20937,0.08059,0.01175,0.02738,0.11225,0.03337,0.00301,3.08159,3.29934
543592,Austin Nola,COL,37,floor,,,reliever,MLB,1.0,0.0,0.0,4.2,0.9,0.6,0.2,0.0,0.1,0.3,0.0,0.9,0.4,0.5,0.0,0.0,3.95,1.2,8.1,2.7,0.9,4.209,0.20938,0.0808,0.00991,0.0288,0.13358,0.05142,0.00342,3.95366,4.44732
695229,Camden Minacci,LAA,25,floor,,,reliever,MiLB (MLE),1.0,0.0,0.0,4.0,0.6,0.4,0.1,0.0,0.1,0.3,0.0,0.8,0.3,0.4,0.0,0.0,2.81,0.9,7.2,2.7,0.9,3.967,0.20938,0.08059,0.01175,0.02476,0.11225,0.03337,0.00301,2.80788,3.15847
832562,Dylan Brown,BOS,25,floor,,,starter,MiLB (MLE),1.0,0.0,0.0,4.0,0.6,0.4,0.1,0.0,0.1,0.3,0.0,0.8,0.3,0.4,0.0,0.0,3.05,0.9,7.2,2.7,0.9,3.978,0.20939,0.08059,0.01175,0.02676,0.11227,0.03338,0.00301,3.05111,3.26672
800292,Melkis Hernández,CLE,25,floor,,,reliever,MiLB (MLE),1.0,0.0,0.0,4.0,0.6,0.4,0.1,0.0,0.1,0.3,0.0,0.8,0.3,0.4,0.0,0.0,2.9,0.9,7.2,2.7,0.9,3.978,0.20939,0.08059,0.01175,0.02676,0.11227,0.03338,0.00301,2.90411,3.26672
690939,Connor Noland,CHC,25,floor,,,starter,MiLB (MLE),1.0,0.0,0.0,3.8,0.5,0.3,0.1,0.0,0.1,0.3,0.0,0.7,0.3,0.3,0.0,0.0,2.72,0.8,6.3,2.7,0.9,3.813,0.1853,0.0702,0.01196,0.03566,0.08931,0.02655,0.00239,2.7231,2.91552
677649,Ezequiel Duran,TEX,28,floor,,,reliever,MLB,1.0,0.0,0.0,4.2,0.9,0.6,0.2,0.0,0.1,0.3,0.0,0.9,0.4,0.5,0.0,0.0,3.88,1.2,8.1,2.7,0.9,4.24,0.20941,0.08081,0.00991,0.02516,0.14824,0.0458,0.00303,3.87502,4.35885
500871,Eduardo Escobar,LAA,38,floor,,,reliever,MLB,1.0,0.0,0.0,4.3,0.9,0.6,0.2,0.0,0.1,0.4,0.1,0.9,0.5,0.5,0.0,0.0,4.1,1.3,8.1,3.6,0.9,4.284,0.2088,0.08392,0.02005,0.03032,0.14026,0.04209,0.00333,4.10019,4.61213
690148,Chris Kachmar,BAL,25,floor,,,reliever,MiLB (MLE),1.0,0.0,0.0,4.0,0.6,0.4,0.1,0.0,0.1,0.3,0.0,0.8,0.3,0.4,0.0,0.0,2.99,0.9,7.2,2.7,0.9,3.984,0.20881,0.08035,0.01176,0.02895,0.11155,0.03316,0.00299,2.98608,3.35892
678184,Garrett Hawkins,SD,25,floor,,,reliever,MiLB (MLE),1.0,0.0,0.0,4.0,0.6,0.4,0.1,0.0,0.1,0.3,0.0,0.8,0.3,0.4,0.0,0.0,2.99,0.9,7.2,2.7,0.9,3.984,0.20881,0.08035,0.01176,0.02895,0.11155,0.03316,0.00299,2.98608,3.35892
608348,Carson Kelly,CHC,32,floor,,,reliever,MLB,1.0,0.0,0.0,4.3,1.0,0.6,0.2,0.0,0.2,0.3,0.0,0.8,0.5,0.6,0.0,0.0,4.44,1.3,7.2,2.7,1.8,4.267,0.18533,0.07834,0.00667,0.03755,0.14436,0.04624,0.00419,4.43996,4.99433
815785,Braylon Doughty,CLE,25,floor,,,starter,MiLB (MLE),1.0,0.0,0.0,4.0,0.6,0.4,0.1,0.0,0.1,0.3,0.0,0.8,0.3,0.4,0.0,0.0,3.1,0.9,7.2,2.7,0.9,3.978,0.20855,0.08024,0.01176,0.02842,0.11122,0.03306,0.00298,3.09952,3.31855
807625,Gilberto Batista,TOR,25,floor,,,reliever,MiLB (MLE),1.0,0.0,0.0,4.0,0.7,0.4,0.1,0.0,0.2,0.3,0.0,0.8,0.4,0.4,0.0,0.0,3.46,1.0,7.2,2.7,1.8,4.036,0.20862,0.08027,0.01176,0.03881,0.11133,0.0331,0.00298,3.45934,3.89127
656818,Connor Overton,CIN,33,floor,,,reliever,MLB,1.0,0.0,0.0,4.3,0.9,0.6,0.2,0.0,0.1,0.4,0.0,0.8,0.5,0.6,0.0,0.0,4.42,1.3,7.2,3.6,0.9,4.296,0.18699,0.09167,0.00348,0.03334,0.13572,0.05473,0.00305,4.41855,4.97024
805257,Jack Choate,SF,25,floor,,,reliever,MiLB (MLE),1.0,0.0,0.0,4.0,0.6,0.4,0.1,0.0,0.1,0.3,0.0,0.8,0.3,0.4,0.0,0.0,2.86,0.9,7.2,2.7,0.9,3.965,0.20809,0.08004,0.01177,0.02697,0.11064,0.03289,0.00296,2.86312,3.22061
676153,Austin Love,STL,25,floor,,,reliever,MiLB (MLE),1.0,0.0,0.0,4.0,0.6,0.4,0.1,0.0,0.1,0.3,0.0,0.8,0.3,0.4,0.0,0.0,2.86,0.9,7.2,2.7,0.9,3.964,0.20809,0.08004,0.01177,0.02683,0.11064,0.03289,0.00296,2.85647,3.21312
804817,Kyson Witherspoon,BAL,25,floor,,,starter,MiLB (MLE),1.0,0.0,0.0,4.0,0.6,0.4,0.1,0.0,0.1,0.3,0.0,0.8,0.4,0.4,0.0,0.0,3.22,0.9,7.2,2.7,0.9,3.988,0.20811,0.08005,0.01177,0.03125,0.11068,0.0329,0.00297,3.22431,3.45215
669105,Zach Muckenhirn,NYM,32,floor,,,reliever,MLB,1.0,0.0,0.0,4.3,0.9,0.6,0.2,0.0,0.1,0.4,0.1,0.9,0.5,0.5,0.0,0.0,4.09,1.3,8.1,3.6,0.9,4.273,0.20818,0.08317,0.01734,0.03057,0.1414,0.04243,0.00335,4.09009,4.60078
689233,Lucas Wepf,LAD,25,floor,,,reliever,MiLB (MLE),1.0,0.0,0.0,4.0,0.6,0.4,0.1,0.0,0.1,0.3,0.0,0.8,0.3,0.4,0.0,0.0,3.12,0.9,7.2,2.7,0.9,3.994,0.20819,0.08008,0.01177,0.03217,0.11078,0.03293,0.00297,3.11677,3.50592
683988,Railin Perez,HOU,25,floor,,,reliever,MiLB (MLE),1.0,0.0,0.0,4.0,0.6,0.4,0.1,0.0,0.1,0.3,0.0,0.8,0.3,0.4,0.0,0.0,2.87,0.9,7.2,2.7,0.9,3.966,0.2082,0.08009,0.01177,0.02701,0.11079,0.03293,0.00297,2.86936,3.22763
642834,Jonathan Bermúdez,MIA,31,floor,,,reliever,MLB,1.0,0.0,0.0,4.3,0.9,0.6,0.2,0.0,0.1,0.4,0.1,0.9,0.5,0.5,0.0,0.0,4.37,1.3,8.1,3.6,0.9,4.307,0.20825,0.08226,0.02608,0.03433,0.12906,0.04785,0.00403,4.37179,4.91765
622694,Elieser Hernández,ATL,32,projected,,,reliever,MLB,1.0,0.0,0.0,4.3,0.9,0.6,0.2,0.0,0.1,0.4,0.1,0.9,0.5,0.5,0.0,0.0,4.05,1.3,8.1,3.6,0.9,4.276,0.20874,0.08662,0.01267,0.02989,0.14561,0.04102,0.00292,4.05353,4.55965
543063,Brandon Crawford,STL,40,floor,,,reliever,MLB,1.0,0.0,0.0,4.3,0.9,0.6,0.2,0.0,0.1,0.4,0.1,0.9,0.5,0.5,0.0,0.0,4.39,1.3,8.1,3.6,0.9,4.334,0.20828,0.09158,0.02026,0.03166,0.12799,0.05324,0.00315,4.39463,4.94334
700167,Bryan Mena,PIT,25,floor,,,starter,MiLB (MLE),1.0,0.0,0.0,4.0,0.7,0.4,0.1,0.0,0.2,0.3,0.0,0.8,0.4,0.4,0.0,0.0,3.61,1.0,7.2,2.7,1.8,4.031,0.20828,0.08013,0.01177,0.03865,0.11091,0.03297,0.00297,3.6116,3.86681
678576,Wilkin Ramos,SF,26,floor,,,reliever,MLB,1.0,0.0,0.0,4.3,1.0,0.7,0.2,0.0,0.1,0.4,0.0,0.9,0.4,0.5,0.0,0.0,3.92,1.4,8.1,3.6,0.9,4.323,0.20828,0.09963,0.00949,0.02387,0.15369,0.03655,0.0029,3.91504,4.40386
830894,Carson Laws,MIA,25,floor,,,starter,MiLB (MLE),1.0,0.0,0.0,4.0,0.6,0.4,0.1,0.0,0.1,0.3,0.0,0.8,0.4,0.4,0.0,0.0,3.53,0.9,7.2,2.7,0.9,4.022,0.20829,0.08013,0.01177,0.03702,0.11091,0.03297,0.00297,3.52758,3.77685
682051,Garrett Hill,DET,31,floor,,,reliever,MLB,1.0,0.0,0.0,4.4,0.9,0.6,0.2,0.0,0.1,0.5,0.1,0.8,0.5,0.6,0.0,0.0,4.53,1.4,7.2,4.5,0.9,4.425,0.18639,0.10775,0.01421,0.03085,0.14272,0.04283,0.00339,4.53003,5.09565
664942,James Naile,STL,34,floor,,,reliever,MLB,1.0,0.0,0.0,4.3,0.9,0.6,0.2,0.0,0.1,0.4,0.0,0.8,0.5,0.5,0.0,0.0,4.32,1.3,7.2,3.6,0.9,4.303,0.18632,0.08852,0.00457,0.03228,0.1493,0.0448,0.00354,4.32091,4.86042
694436,Samuel Strickland,ATL,25,floor,,,reliever,MiLB (MLE),1.0,0.0,0.0,4.0,0.6,0.4,0.1,0.0,0.1,0.3,0.0,0.8,0.3,0.4,0.0,0.0,3.12,0.9,7.2,2.7,0.9,3.996,0.2083,0.08013,0.01177,0.03221,0.11092,0.03298,0.00297,3.1236,3.51361
801995,Aiden May,COL,25,floor,,,starter,MiLB (MLE),1.0,0.0,0.0,4.0,0.6,0.4,0.1,0.0,0.1,0.3,0.0,0.8,0.3,0.4,0.0,0.0,3.0,0.9,7.2,2.7,0.9,3.963,0.20785,0.07994,0.01177,0.0271,0.11036,0.03281,0.00296,3.00489,3.21722
809343,Bryce Mayer,HOU,25,floor,,,starter,MiLB (MLE),1.0,0.0,0.0,4.0,0.7,0.4,0.1,0.0,0.2,0.3,0.0,0.8,0.4,0.4,0.0,0.0,3.65,1.0,7.2,2.7,1.8,4.033,0.20786,0.07995,0.01177,0.03977,0.1104,0.03282,0.00296,3.65137,3.90939
684384,Chase Plymell,CWS,25,floor,,,reliever,MiLB (MLE),1.0,0.0,0.0,4.0,0.6,0.4,0.1,0.0,0.1,0.3,0.0,0.8,0.4,0.4,0.0,0.0,3.29,0.9,7.2,2.7,0.9,4.012,0.20787,0.07995,0.01177,0.03606,0.1104,0.03282,0.00296,3.29355,3.70478
682997,Tyler Callihan,PIT,27,floor,,,reliever,MLB,1.0,0.0,0.0,4.3,0.9,0.5,0.2,0.0,0.2,0.4,0.0,0.9,0.5,0.6,0.0,0.0,4.6,1.3,8.1,3.6,1.8,4.304,0.20827,0.09432,0.00949,0.04192,0.1259,0.04787,0.00376,4.60217,5.17679
542194,Christian Bethancourt,TB,35,floor,,,reliever,MLB,1.0,0.0,0.0,4.2,0.9,0.6,0.2,0.0,0.1,0.3,0.0,0.9,0.5,0.5,0.0,0.0,4.06,1.2,8.1,2.7,0.9,4.245,0.20874,0.08232,0.00875,0.03125,0.14457,0.04339,0.00343,4.0632,4.57053
596082,Jake Reed,BAL,34,floor,,,reliever,MLB,1.0,0.0,0.0,4.3,0.9,0.6,0.2,0.0,0.1,0.4,0.1,0.9,0.5,0.5,0.0,0.0,4.27,1.3,8.1,3.6,0.9,4.348,0.20874,0.08996,0.02421,0.03029,0.14013,0.04205,0.00332,4.26889,4.80191
695003,Randel Clemente,STL,25,floor,,,reliever,MiLB (MLE),1.0,0.0,0.0,4.0,0.6,0.4,0.1,0.0,0.1,0.3,0.0,0.8,0.3,0.4,0.0,0.0,3.03,0.9,7.2,2.7,0.9,3.988,0.20878,0.08034,0.01176,0.0298,0.11151,0.03315,0.00299,3.02562,3.4034
702165,Jonathan Clark,CWS,25,floor,,,reliever,MiLB (MLE),1.0,0.0,0.0,4.0,0.6,0.4,0.1,0.0,0.1,0.3,0.0,0.8,0.3,0.4,0.0,0.0,3.03,0.9,7.2,2.7,0.9,3.988,0.20878,0.08034,0.01176,0.0298,0.11151,0.03315,0.00299,3.02562,3.4034
800723,Trevin Michael,DET,25,floor,,,reliever,MiLB (MLE),1.0,0.0,0.0,4.0,0.6,0.4,0.1,0.0,0.1,0.3,0.0,0.8,0.3,0.3,0.0,0.0,2.78,0.9,7.2,2.7,0.9,3.96,0.20879,0.08034,0.01176,0.02459,0.11152,0.03315,0.00299,2.77713,3.12388
815348,Boston Bateman,BAL,25,floor,,,starter,MiLB (MLE),1.0,0.0,0.0,4.0,0.6,0.4,0.1,0.0,0.1,0.3,0.0,0.8,0.3,0.4,0.0,0.0,3.06,0.9,7.2,2.7,0.9,3.975,0.20879,0.08034,0.01176,0.0274,0.11151,0.03315,0.00299,3.05786,3.27394
683177,Jared Southard,LAA,25,floor,,,reliever,MiLB (MLE),1.0,0.0,0.0,3.8,0.5,0.3,0.1,0.0,0.1,0.3,0.0,0.7,0.2,0.3,0.0,0.0,2.2,0.8,6.3,2.7,0.9,3.77,0.18515,0.07013,0.01197,0.02712,0.08918,0.02651,0.00239,2.20367,2.47882
690981,Lucas Gordon,CWS,25,floor,,,starter,MiLB (MLE),1.0,0.0,0.0,3.8,0.5,0.3,0.1,0.0,0.1,0.3,0.0,0.7,0.3,0.3,0.0,0.0,2.82,0.8,6.3,2.7,0.9,3.821,0.18478,0.06997,0.01197,0.03807,0.0889,0.02643,0.00238,2.82461,3.02421
665001,Trevor Kelley,TB,34,floor,,,reliever,MLB,1.0,0.0,0.0,4.3,0.9,0.6,0.2,0.0,0.1,0.4,0.1,0.9,0.4,0.5,0.0,0.0,3.85,1.3,8.1,3.6,0.9,4.309,0.20834,0.08567,0.01951,0.01704,0.14805,0.05044,0.00333,3.84763,4.32805
642215,Weston Wilson,SEA,32,floor,,,reliever,MLB,1.0,0.0,0.0,4.2,1.0,0.6,0.2,0.0,0.2,0.3,0.0,0.8,0.5,0.5,0.0,0.0,4.29,1.3,7.2,2.7,1.8,4.23,0.18468,0.07127,0.0077,0.03626,0.14568,0.04687,0.00354,4.29464,4.83087
698982,Rayner Castillo,DET,25,floor,,,starter,MiLB (MLE),1.0,0.0,0.0,4.0,0.7,0.4,0.1,0.0,0.2,0.3,0.0,0.8,0.4,0.4,0.0,0.0,3.63,1.0,7.2,2.7,1.8,4.035,0.20855,0.08024,0.01176,0.03878,0.11124,0.03307,0.00298,3.62986,3.88636
502179,Paolo Espino,TOR,40,floor,,,reliever,MLB,1.0,0.0,0.0,4.2,1.0,0.6,0.3,0.0,0.1,0.3,0.0,0.8,0.5,0.5,0.0,0.0,4.18,1.3,7.2,2.7,0.9,4.206,0.18701,0.06938,0.00621,0.0297,0.13716,0.0611,0.00393,4.18112,4.70317
801219,Alfred Morillo,ARI,25,floor,,,reliever,MiLB (MLE),1.0,0.0,0.0,4.0,0.6,0.4,0.1,0.0,0.1,0.3,0.0,0.8,0.3,0.4,0.0,0.0,3.13,0.9,7.2,2.7,0.9,3.997,0.20842,0.08018,0.01177,0.03226,0.11107,0.03302,0.00298,3.13045,3.52132
802686,Hayden Harris,ATL,28,floor,,,reliever,MLB,1.0,0.0,0.0,4.3,0.9,0.6,0.2,0.0,0.1,0.4,0.0,0.9,0.5,0.5,0.0,0.0,4.08,1.3,8.1,3.6,0.9,4.281,0.20842,0.08968,0.0098,0.02967,0.14503,0.04219,0.00323,4.0798,4.5892
809840,Micah Ashman,BAL,25,floor,,,reliever,MiLB (MLE),1.0,0.0,0.0,4.0,0.6,0.4,0.1,0.0,0.1,0.3,0.0,0.8,0.3,0.4,0.0,0.0,2.88,0.9,7.2,2.7,0.9,3.969,0.20844,0.08019,0.01177,0.02708,0.11107,0.03302,0.00298,2.88192,3.24176
694788,Carlson Reed,PIT,25,floor,,,reliever,MiLB (MLE),1.0,0.0,0.0,4.0,0.6,0.4,0.1,0.0,0.1,0.3,0.0,0.8,0.3,0.4,0.0,0.0,3.09,0.9,7.2,2.7,0.9,3.993,0.20844,0.08019,0.01177,0.03137,0.11109,0.03302,0.00298,3.08821,3.47381
666149,Tyler Fitzgerald,SF,29,floor,,,reliever,MLB,1.0,0.0,0.0,4.2,1.0,0.6,0.2,0.0,0.2,0.3,0.0,0.9,0.5,0.5,0.0,0.0,4.29,1.3,8.1,2.7,1.8,4.241,0.20853,0.08047,0.00959,0.04075,0.14118,0.03852,0.0027,4.29046,4.82617
825756,Will Cannon,CIN,25,floor,,,reliever,MiLB (MLE),1.0,0.0,0.0,4.0,0.6,0.4,0.1,0.0,0.1,0.3,0.0,0.8,0.3,0.4,0.0,0.0,3.14,0.9,7.2,2.7,0.9,3.999,0.20854,0.08023,0.01176,0.0323,0.11121,0.03306,0.00298,3.13734,3.52906
640444,Wil Crowe,PIT,32,floor,,,reliever,MLB,1.0,0.0,0.0,4.4,0.9,0.6,0.2,0.0,0.1,0.5,0.0,0.9,0.5,0.5,0.0,0.0,4.29,1.4,8.1,4.5,0.9,4.368,0.20854,0.10771,0.01088,0.03012,0.13933,0.04181,0.00331,4.28912,4.82466
695513,Drew Christo,ATL,25,floor,,,reliever,MiLB (MLE),1.0,0.0,0.0,4.1,0.8,0.5,0.2,0.0,0.1,0.3,0.0,0.9,0.4,0.4,0.0,0.0,3.49,1.1,8.1,2.7,0.9,4.115,0.21737,0.08394,0.01157,0.03012,0.12574,0.03738,0.00337,3.49295,3.92908
804670,Ryan Birchard,MIL,25,floor,,,reliever,MiLB (MLE),1.0,0.0,0.0,4.0,0.6,0.4,0.1,0.0,0.1,0.3,0.0,0.8,0.3,0.4,0.0,0.0,3.07,0.9,7.2,2.7,0.9,3.992,0.20854,0.08024,0.01176,0.03101,0.11121,0.03306,0.00298,3.07474,3.45865
681432,Luke Little,CHC,26,floor,,,reliever,MLB,1.0,0.0,0.0,4.4,0.9,0.6,0.2,0.0,0.1,0.5,0.1,1.1,0.5,0.5,0.0,0.0,4.06,1.4,9.9,4.5,0.9,4.413,0.24084,0.12327,0.02518,0.02568,0.12532,0.03796,0.00256,4.06451,4.572
701836,Kyle Robinson,LAA,25,floor,,,starter,MiLB (MLE),1.0,0.0,0.0,4.0,0.7,0.5,0.1,0.0,0.1,0.3,0.0,0.8,0.4,0.4,0.0,0.0,3.55,1.0,7.2,2.7,0.9,4.04,0.21037,0.08102,0.01174,0.03573,0.1136,0.03377,0.00304,3.55306,3.80414
820888,Emmanuel Chapman,PIT,25,floor,,,reliever,MiLB (MLE),1.0,0.0,0.0,4.0,0.7,0.5,0.1,0.0,0.1,0.3,0.0,0.8,0.3,0.4,0.0,0.0,3.12,1.0,7.2,2.7,0.9,4.01,0.21039,0.08102,0.01174,0.0304,0.11361,0.03377,0.00304,3.12142,3.51116
694909,Christian McGowan,PHI,25,floor,,,reliever,MiLB (MLE),1.0,0.0,0.0,4.0,0.7,0.5,0.1,0.0,0.1,0.3,0.0,0.8,0.3,0.4,0.0,0.0,3.06,1.0,7.2,2.7,0.9,4.003,0.2104,0.08102,0.01174,0.02906,0.11361,0.03377,0.00304,3.05689,3.43857
676012,Gerald Ogando,BAL,25,floor,,,reliever,MiLB (MLE),1.0,0.0,0.0,4.0,0.7,0.5,0.1,0.0,0.1,0.3,0.0,0.8,0.3,0.4,0.0,0.0,3.08,1.0,7.2,2.7,0.9,4.006,0.21044,0.08104,0.01174,0.02953,0.11367,0.03379,0.00305,3.08159,3.46636
701288,Jacob Webb,BOS,25,floor,,,reliever,MiLB (MLE),1.0,0.0,0.0,4.0,0.7,0.5,0.1,0.0,0.1,0.3,0.0,0.8,0.3,0.4,0.0,0.0,3.08,1.0,7.2,2.7,0.9,4.006,0.21044,0.08104,0.01174,0.02953,0.11367,0.03379,0.00305,3.08159,3.46636
684967,Roel Garcia III,TB,25,floor,,,reliever,MiLB (MLE),1.0,0.0,0.0,4.0,0.7,0.5,0.1,0.0,0.1,0.3,0.0,0.8,0.4,0.4,0.0,0.0,3.46,1.0,7.2,2.7,0.9,4.049,0.21048,0.08106,0.01173,0.03711,0.11375,0.03382,0.00305,3.45542,3.88686
808250,Jose Urbina,TB,25,floor,,,starter,MiLB (MLE),1.0,0.0,0.0,4.0,0.7,0.5,0.1,0.0,0.1,0.3,0.0,0.8,0.4,0.4,0.0,0.0,3.33,1.0,7.2,2.7,0.9,4.016,0.21049,0.08106,0.01173,0.03134,0.11374,0.03381,0.00305,3.33194,3.56739
656266,J.B. Bukauskas,MIL,30,floor,,,reliever,MLB,1.0,0.0,0.0,4.2,0.9,0.6,0.2,0.0,0.1,0.4,0.1,0.9,0.4,0.5,0.0,0.0,3.69,1.3,8.1,3.6,0.9,4.242,0.2247,0.08364,0.01459,0.02126,0.14668,0.04428,0.00279,3.689,4.14961
548389,Ross Stripling,OAK,37,floor,,,starter,MLB,1.0,0.0,0.0,4.3,1.1,0.8,0.2,0.0,0.1,0.2,0.0,0.8,0.5,0.5,0.0,0.0,4.38,1.3,7.2,1.8,0.9,4.261,0.17814,0.05359,0.00436,0.02208,0.17663,0.05549,0.00414,4.37946,4.68893
694372,Adam Seminaris,PHI,25,floor,,,starter,MiLB (MLE),1.0,0.0,0.0,3.8,0.5,0.3,0.1,0.0,0.1,0.3,0.0,0.7,0.3,0.3,0.0,0.0,2.54,0.8,6.3,2.7,0.9,3.762,0.1781,0.06706,0.012,0.03567,0.08386,0.02493,0.00225,2.54281,2.72249
692632,Yujanyer Herrera,COL,25,floor,,,starter,MiLB (MLE),1.0,0.0,0.0,4.0,0.7,0.5,0.1,0.0,0.1,0.3,0.0,0.8,0.4,0.4,0.0,0.0,3.58,1.0,7.2,2.7,0.9,4.037,0.20962,0.0807,0.01175,0.03682,0.1126,0.03347,0.00302,3.57523,3.82787
605121,Justin Anderson,CWS,34,floor,,,reliever,MLB,1.0,0.0,0.0,4.3,0.9,0.6,0.2,0.0,0.1,0.5,0.1,1.0,0.4,0.5,0.0,0.0,4.05,1.4,9.0,4.5,0.9,4.331,0.22529,0.10964,0.01233,0.02722,0.13286,0.04142,0.00399,4.04751,4.55288
543339,Daniel Hudson,LAD,40,floor,,,reliever,MLB,1.0,0.0,0.0,4.1,0.9,0.5,0.2,0.0,0.2,0.3,0.0,1.0,0.5,0.5,0.0,0.0,4.13,1.2,9.0,2.7,1.8,4.149,0.24317,0.0801,0.00895,0.04464,0.11814,0.0414,0.00463,4.12696,4.64225
689520,Cody Laweryson,MIN,29,projected,,,reliever,MLB,1.0,0.0,0.0,4.2,0.9,0.6,0.2,0.0,0.1,0.4,0.1,0.9,0.4,0.5,0.0,0.0,3.8,1.3,8.1,3.6,0.9,4.23,0.22535,0.08371,0.01603,0.02621,0.13861,0.04412,0.00271,3.7975,4.27165
666208,Alex Speas,HOU,29,floor,,,reliever,MLB,1.0,0.0,0.0,4.3,0.9,0.6,0.2,0.0,0.1,0.4,0.0,1.0,0.4,0.5,0.0,0.0,3.87,1.3,9.0,3.6,0.9,4.283,0.22538,0.09955,0.00902,0.02195,0.13554,0.05061,0.00323,3.86718,4.35004
657697,Vinny Nittoli,BAL,36,floor,,,reliever,MLB,1.0,0.0,0.0,4.3,0.9,0.6,0.2,0.0,0.1,0.3,0.1,0.9,0.5,0.5,0.0,0.0,4.15,1.2,8.1,2.7,0.9,4.265,0.21006,0.07626,0.01979,0.03344,0.14408,0.04062,0.00281,4.14752,4.66538
800320,Leonel Sequera,STL,25,floor,,,starter,MiLB (MLE),1.0,0.0,0.0,4.0,0.8,0.5,0.1,0.0,0.2,0.3,0.0,0.8,0.4,0.4,0.0,0.0,3.65,1.1,7.2,2.7,1.8,4.048,0.21007,0.08089,0.01174,0.03788,0.1132,0.03365,0.00303,3.65096,3.90895
815590,Ryan Lobus,TEX,25,floor,,,reliever,MiLB (MLE),1.0,0.0,0.0,4.0,0.7,0.5,0.1,0.0,0.1,0.3,0.0,0.8,0.4,0.4,0.0,0.0,3.15,1.0,7.2,2.7,0.9,4.011,0.21008,0.08089,0.01174,0.03132,0.11319,0.03365,0.00303,3.15279,3.54644
693781,Wilian Bormie,TEX,25,floor,,,reliever,MiLB (MLE),1.0,0.0,0.0,4.0,0.7,0.5,0.1,0.0,0.1,0.3,0.0,0.8,0.3,0.4,0.0,0.0,2.97,1.0,7.2,2.7,0.9,3.99,0.21009,0.08089,0.01174,0.02748,0.1132,0.03365,0.00303,2.96752,3.33804
814508,Colby Martin,MIA,25,floor,,,reliever,MiLB (MLE),1.0,0.0,0.0,4.0,0.7,0.5,0.1,0.0,0.1,0.3,0.0,0.8,0.4,0.4,0.0,0.0,3.3,1.0,7.2,2.7,0.9,4.029,0.21015,0.08092,0.01174,0.03429,0.11329,0.03368,0.00304,3.30147,3.71369
680911,Owen Miller,MIL,30,floor,,,reliever,MLB,1.0,0.0,0.0,4.2,1.0,0.6,0.2,0.0,0.2,0.4,0.0,0.9,0.5,0.5,0.0,0.0,4.17,1.4,8.1,3.6,1.8,4.239,0.21015,0.08506,0.0098,0.03707,0.13718,0.04068,0.00307,4.17245,4.69342
656970,Devin Smeltzer,MIA,31,floor,,,reliever,MLB,1.0,0.0,0.0,4.3,1.0,0.7,0.2,0.0,0.1,0.3,0.1,0.8,0.5,0.5,0.0,0.0,4.35,1.3,7.2,2.7,0.9,4.281,0.17759,0.07111,0.01288,0.03307,0.15299,0.04591,0.00363,4.35271,4.89619
804525,Aiden Jimenez,KC,25,floor,,,reliever,MiLB (MLE),1.0,0.0,0.0,4.0,0.7,0.5,0.1,0.0,0.1,0.3,0.0,0.8,0.4,0.4,0.0,0.0,3.17,1.0,7.2,2.7,0.9,4.016,0.21049,0.08106,0.01173,0.03134,0.11374,0.03381,0.00305,3.17141,3.56739
666205,Kyle Muller,OAK,29,floor,,,reliever,MLB,1.0,0.0,0.0,4.3,0.9,0.6,0.2,0.0,0.1,0.4,0.0,0.8,0.5,0.6,0.0,0.0,4.41,1.3,7.2,3.6,0.9,4.317,0.1787,0.08751,0.007,0.03268,0.14687,0.04856,0.00258,4.40642,4.95661
685290,Diego Barrera,OAK,25,floor,,,reliever,MiLB (MLE),1.0,0.0,0.0,4.0,0.7,0.5,0.1,0.0,0.1,0.3,0.0,0.8,0.4,0.4,0.0,0.0,3.26,1.0,7.2,2.7,0.9,4.026,0.2105,0.08107,0.01173,0.03311,0.11376,0.03382,0.00305,3.25853,3.66539
605151,Archie Bradley,MIA,34,floor,,,reliever,MLB,1.0,0.0,0.0,4.3,0.9,0.6,0.2,0.0,0.1,0.4,0.0,0.9,0.5,0.5,0.0,0.0,4.1,1.3,8.1,3.6,0.9,4.263,0.2105,0.08544,0.00977,0.03109,0.14383,0.04316,0.00341,4.09726,4.60884
813676,Ivran Romero,MIN,25,floor,,,reliever,MiLB (MLE),1.0,0.0,0.0,4.0,0.7,0.5,0.1,0.0,0.1,0.3,0.0,0.8,0.4,0.4,0.0,0.0,3.42,1.0,7.2,2.7,0.9,4.045,0.21053,0.08108,0.01173,0.03642,0.11382,0.03384,0.00305,3.42334,3.85077
607755,Andrew Vasquez,DET,33,floor,,,reliever,MLB,1.0,0.0,0.0,4.4,0.9,0.6,0.2,0.0,0.1,0.4,0.1,0.9,0.5,0.5,0.0,0.0,4.36,1.3,8.1,3.6,0.9,4.403,0.21058,0.09501,0.03292,0.02955,0.13671,0.04103,0.00324,4.35863,4.90285
815454,Chris Kean,NYY,25,floor,,,reliever,MiLB (MLE),1.0,0.0,0.0,4.0,0.7,0.5,0.1,0.0,0.1,0.3,0.0,0.8,0.4,0.4,0.0,0.0,3.38,1.0,7.2,2.7,0.9,4.041,0.2106,0.08111,0.01173,0.0354,0.11391,0.03386,0.00305,3.3758,3.7973
672712,Luis Palacios,MIA,25,floor,,,reliever,MiLB (MLE),1.0,0.0,0.0,4.0,0.7,0.5,0.1,0.0,0.1,0.3,0.0,0.8,0.3,0.4,0.0,0.0,3.09,1.0,7.2,2.7,0.9,4.008,0.21062,0.08112,0.01173,0.0296,0.11392,0.03387,0.00305,3.09253,3.47866
691893,Jean Cabrera,PHI,25,floor,,,starter,MiLB (MLE),1.0,0.0,0.0,4.0,0.7,0.5,0.1,0.0,0.1,0.3,0.0,0.8,0.4,0.4,0.0,0.0,3.25,1.0,7.2,2.7,0.9,4.008,0.21062,0.08112,0.01173,0.0296,0.11392,0.03387,0.00305,3.24907,3.47866
822636,Cole Reynolds,CHC,25,floor,,,reliever,MiLB (MLE),1.0,0.0,0.0,4.0,0.7,0.5,0.1,0.0,0.1,0.3,0.0,0.8,0.3,0.4,0.0,0.0,3.02,1.0,7.2,2.7,0.9,4.0,0.21063,0.08112,0.01173,0.02802,0.11392,0.03387,0.00305,3.01605,3.39263
680862,Willie MacIver,OAK,30,floor,,,reliever,MLB,1.0,0.0,0.0,4.2,0.9,0.6,0.2,0.0,0.1,0.3,0.0,0.9,0.5,0.5,0.0,0.0,4.23,1.2,8.1,2.7,0.9,4.238,0.21036,0.08118,0.01002,0.03493,0.13334,0.04927,0.00387,4.22786,4.75574
670156,Miles Mastrobuoni,SEA,31,floor,,,reliever,MLB,1.0,0.0,0.0,4.3,0.9,0.6,0.2,0.0,0.1,0.4,0.0,0.9,0.5,0.5,0.0,0.0,4.13,1.3,8.1,3.6,0.9,4.279,0.21072,0.09067,0.00991,0.03311,0.14366,0.039,0.00288,4.13087,4.64665
643493,Austin Pruitt,OAK,37,floor,,,reliever,MLB,1.0,0.0,0.0,4.2,1.0,0.6,0.2,0.0,0.2,0.3,0.0,0.7,0.5,0.5,0.0,0.0,4.38,1.3,6.3,2.7,1.8,4.233,0.17846,0.06834,0.00562,0.03928,0.15222,0.04304,0.00329,4.38174,4.92884
801941,Carson Jacobs,CWS,25,floor,,,reliever,MiLB (MLE),1.0,0.0,0.0,4.0,0.7,0.5,0.1,0.0,0.1,0.3,0.0,0.8,0.3,0.4,0.0,0.0,2.95,1.0,7.2,2.7,0.9,3.993,0.21074,0.08117,0.01173,0.02651,0.11408,0.03391,0.00306,2.94837,3.3165
679922,Carlos Duran,KC,25,floor,,,reliever,MLB,1.0,0.0,0.0,4.4,0.9,0.6,0.2,0.0,0.1,0.5,0.0,0.9,0.5,0.5,0.0,0.0,4.21,1.4,8.1,4.5,0.9,4.357,0.21018,0.10884,0.00959,0.02965,0.14102,0.03877,0.00357,4.20516,4.73021
641427,Alan Busenitz,CIN,36,floor,,,reliever,MLB,1.0,0.0,0.0,4.2,0.9,0.6,0.2,0.0,0.1,0.3,0.0,0.9,0.4,0.5,0.0,0.0,3.75,1.2,8.1,2.7,0.9,4.204,0.21025,0.07469,0.00694,0.02304,0.15152,0.04773,0.00324,3.75472,4.22354
814217,Sam Gardner,TOR,25,floor,,,reliever,MiLB (MLE),1.0,0.0,0.0,4.0,0.7,0.5,0.1,0.0,0.1,0.3,0.0,0.8,0.4,0.4,0.0,0.0,3.16,1.0,7.2,2.7,0.9,4.014,0.21026,0.08097,0.01174,0.03139,0.11343,0.03372,0.00304,3.16394,3.55899
802984,Livan Reinoso,MIA,25,floor,,,reliever,MiLB (MLE),1.0,0.0,0.0,4.0,0.7,0.5,0.1,0.0,0.1,0.3,0.0,0.8,0.4,0.4,0.0,0.0,3.24,1.0,7.2,2.7,0.9,4.023,0.21027,0.08097,0.01174,0.03301,0.11345,0.03373,0.00304,3.24385,3.64887
686731,Lucas Knowles,LAA,25,floor,,,reliever,MiLB (MLE),1.0,0.0,0.0,4.0,0.7,0.5,0.1,0.0,0.1,0.3,0.0,0.8,0.3,0.4,0.0,0.0,3.11,1.0,7.2,2.7,0.9,4.008,0.21028,0.08097,0.01174,0.03035,0.11345,0.03373,0.00304,3.1144,3.50326
676475,Alec Burleson,STL,28,floor,,,reliever,MLB,1.0,0.0,0.0,4.3,0.9,0.6,0.2,0.0,0.1,0.3,0.1,0.9,0.5,0.5,0.0,0.0,4.09,1.2,8.1,2.7,0.9,4.276,0.21029,0.07992,0.01984,0.02817,0.14078,0.0461,0.00403,4.0853,4.59538
642708,Amed Rosario,WSH,31,floor,,,reliever,MLB,1.0,0.0,0.0,4.3,0.9,0.6,0.2,0.0,0.1,0.4,0.0,0.9,0.4,0.5,0.0,0.0,4.02,1.3,8.1,3.6,0.9,4.28,0.21034,0.09051,0.01002,0.02838,0.14582,0.04123,0.00348,4.02259,4.52485
808064,Daviel Hurtado,NYM,25,floor,,,starter,MiLB (MLE),1.0,0.0,0.0,4.0,0.7,0.5,0.1,0.0,0.1,0.3,0.0,0.8,0.3,0.4,0.0,0.0,3.13,1.0,7.2,2.7,0.9,3.995,0.21063,0.08112,0.01173,0.02717,0.11392,0.03387,0.00305,3.126,3.3469
645302,Victor Robles,SEA,30,floor,,,reliever,MLB,1.0,0.0,0.0,4.3,0.9,0.7,0.1,0.0,0.1,0.4,0.0,0.9,0.4,0.5,0.0,0.0,3.86,1.3,8.1,3.6,0.9,4.262,0.20979,0.08644,0.01013,0.02845,0.15697,0.03203,0.00244,3.86105,4.34314
693388,Shohei Tomioka,OAK,25,floor,,,reliever,MiLB (MLE),1.0,0.0,0.0,4.0,0.7,0.5,0.1,0.0,0.1,0.3,0.0,0.8,0.4,0.4,0.0,0.0,3.41,1.0,7.2,2.7,0.9,4.039,0.2098,0.08077,0.01174,0.03678,0.11283,0.03354,0.00302,3.4089,3.83454
676082,Gabriel Rodriguez,NYM,25,floor,,,reliever,MiLB (MLE),1.0,0.0,0.0,4.0,0.7,0.5,0.1,0.0,0.1,0.3,0.0,0.8,0.4,0.4,0.0,0.0,3.21,1.0,7.2,2.7,0.9,4.017,0.20981,0.08078,0.01174,0.03282,0.11284,0.03355,0.00302,3.21483,3.61623
800260,Anthony Flores,MIL,25,floor,,,reliever,MiLB (MLE),1.0,0.0,0.0,4.0,0.7,0.5,0.1,0.0,0.1,0.3,0.0,0.8,0.4,0.4,0.0,0.0,3.21,1.0,7.2,2.7,0.9,4.017,0.20981,0.08078,0.01174,0.03282,0.11284,0.03355,0.00302,3.21483,3.61623
815143,Joe Vogatsky,BOS,25,floor,,,reliever,MiLB (MLE),1.0,0.0,0.0,4.0,0.7,0.5,0.1,0.0,0.1,0.3,0.0,0.8,0.3,0.4,0.0,0.0,3.09,1.0,7.2,2.7,0.9,4.002,0.20982,0.08078,0.01175,0.03018,0.11284,0.03355,0.00302,3.08661,3.472
681387,Caden Monke,KC,25,floor,,,reliever,MiLB (MLE),1.0,0.0,0.0,4.0,0.7,0.5,0.1,0.0,0.1,0.3,0.0,0.8,0.3,0.4,0.0,0.0,2.83,1.0,7.2,2.7,0.9,3.973,0.20984,0.08079,0.01175,0.02489,0.11285,0.03355,0.00302,2.83289,3.18661
663630,Ryan McKenna,BAL,30,floor,,,reliever,MLB,1.0,0.0,0.0,4.2,0.9,0.6,0.2,0.0,0.1,0.4,0.0,0.9,0.4,0.5,0.0,0.0,3.93,1.3,8.1,3.6,0.9,4.221,0.20987,0.08385,0.00939,0.03042,0.14072,0.04223,0.00334,3.932,4.42294
669111,John McMillon,MIA,29,floor,,,reliever,MLB,1.0,0.0,0.0,4.2,0.9,0.6,0.2,0.0,0.1,0.4,0.0,1.0,0.4,0.5,0.0,0.0,3.89,1.3,9.0,3.6,0.9,4.186,0.24236,0.08564,0.00645,0.03518,0.13469,0.03908,0.00312,3.89097,4.37679
701695,Tommy Molsky,KC,25,floor,,,reliever,MiLB (MLE),1.0,0.0,0.0,4.0,0.7,0.4,0.1,0.0,0.2,0.3,0.0,0.8,0.4,0.4,0.0,0.0,3.45,1.0,7.2,2.7,1.8,4.041,0.20945,0.08062,0.01175,0.03793,0.11238,0.03341,0.00301,3.45076,3.88162
682967,Devin Sweet,OAK,30,floor,,,reliever,MLB,1.0,0.0,0.0,4.4,0.9,0.6,0.2,0.0,0.1,0.4,0.1,0.9,0.5,0.5,0.0,0.0,4.27,1.3,8.1,3.6,0.9,4.354,0.20946,0.09244,0.02396,0.03011,0.1393,0.0418,0.00331,4.26826,4.80119
700280,Miguel Mendez,SF,25,floor,,,reliever,MiLB (MLE),1.0,0.0,0.0,4.0,0.7,0.5,0.1,0.0,0.1,0.3,0.0,0.8,0.3,0.4,0.0,0.0,2.92,1.0,7.2,2.7,0.9,3.985,0.21018,0.08093,0.01174,0.02632,0.11331,0.03368,0.00304,2.91544,3.27946
699546,Jamie Hitt,SD,25,floor,,,starter,MiLB (MLE),1.0,0.0,0.0,4.0,0.6,0.4,0.1,0.0,0.1,0.3,0.0,0.8,0.4,0.4,0.0,0.0,3.29,0.9,7.2,2.7,0.9,4.004,0.20947,0.08063,0.01175,0.03136,0.11239,0.03341,0.00301,3.28801,3.52035
681458,Yosber Sanchez,DET,25,floor,,,reliever,MiLB (MLE),1.0,0.0,0.0,4.0,0.6,0.4,0.1,0.0,0.1,0.3,0.0,0.8,0.3,0.4,0.0,0.0,3.13,0.9,7.2,2.7,0.9,4.004,0.20947,0.08063,0.01175,0.03136,0.11239,0.03341,0.00301,3.12959,3.52035
694364,Caden Grice,ARI,25,floor,,,starter,MiLB (MLE),1.0,0.0,0.0,4.0,0.6,0.4,0.1,0.0,0.1,0.3,0.0,0.8,0.4,0.4,0.0,0.0,3.23,0.9,7.2,2.7,0.9,3.998,0.20951,0.08065,0.01175,0.03012,0.11244,0.03343,0.00301,3.22642,3.45441
605507,Zach Thompson,PIT,33,floor,,,reliever,MLB,1.0,0.0,0.0,4.3,1.0,0.7,0.2,0.0,0.1,0.4,0.0,0.8,0.5,0.5,0.0,0.0,4.19,1.4,7.2,3.6,0.9,4.3,0.18557,0.08564,0.00625,0.02896,0.15575,0.04239,0.00358,4.18828,4.71123
673858,Jake Wong,CIN,30,floor,,,reliever,MLB,1.0,0.0,0.0,4.3,0.9,0.6,0.2,0.0,0.1,0.4,0.0,0.9,0.5,0.5,0.0,0.0,4.12,1.3,8.1,3.6,0.9,4.282,0.20953,0.09094,0.00949,0.03078,0.14239,0.04273,0.00338,4.12019,4.63464
687268,K.C. Hunt,TB,25,floor,,,reliever,MiLB (MLE),1.0,0.0,0.0,4.0,0.6,0.4,0.1,0.0,0.1,0.3,0.0,0.8,0.4,0.4,0.0,0.0,3.3,0.9,7.2,2.7,0.9,4.025,0.20953,0.08066,0.01175,0.03491,0.11247,0.03344,0.00301,3.30487,3.71751
689297,Brody Jessee,CIN,25,floor,,,reliever,MiLB (MLE),1.0,0.0,0.0,4.1,0.8,0.5,0.1,0.0,0.2,0.3,0.0,0.9,0.4,0.5,0.0,0.0,3.79,1.1,8.1,2.7,1.8,4.08,0.20954,0.08067,0.01175,0.04457,0.11252,0.03345,0.00302,3.78627,4.25902
802105,Yeriel Santos,HOU,25,floor,,,starter,MiLB (MLE),1.0,0.0,0.0,4.0,0.8,0.5,0.1,0.0,0.2,0.3,0.0,0.8,0.4,0.4,0.0,0.0,3.66,1.1,7.2,2.7,1.8,4.045,0.20955,0.08067,0.01175,0.03845,0.11251,0.03345,0.00301,3.65666,3.91506
701549,Jaylen Nowlin,MIN,25,floor,,,reliever,MiLB (MLE),1.0,0.0,0.0,4.0,0.7,0.5,0.1,0.0,0.1,0.3,0.0,0.8,0.3,0.4,0.0,0.0,2.95,1.0,7.2,2.7,0.9,3.984,0.2096,0.08069,0.01175,0.02746,0.11255,0.03346,0.00302,2.94616,3.31401
695741,Jackson Wentworth,TOR,25,floor,,,starter,MiLB (MLE),1.0,0.0,0.0,3.8,0.5,0.3,0.1,0.0,0.1,0.3,0.0,0.7,0.3,0.3,0.0,0.0,2.76,0.8,6.3,2.7,0.9,3.819,0.18556,0.07031,0.01196,0.03639,0.0895,0.02661,0.0024,2.7645,2.95985
692352,Manuel Mercedes,SF,25,floor,,,reliever,MiLB (MLE),1.0,0.0,0.0,4.0,0.6,0.4,0.1,0.0,0.1,0.3,0.0,0.8,0.3,0.4,0.0,0.0,3.13,0.9,7.2,2.7,0.9,4.004,0.20947,0.08063,0.01175,0.03136,0.11239,0.03341,0.00301,3.12959,3.52035
702465,Ryan Long,BAL,25,floor,,,reliever,MiLB (MLE),1.0,0.0,0.0,4.0,0.7,0.5,0.1,0.0,0.1,0.3,0.0,0.8,0.4,0.4,0.0,0.0,3.42,1.0,7.2,2.7,0.9,4.041,0.20988,0.08081,0.01174,0.03698,0.11294,0.03358,0.00303,3.4222,3.8495
681077,Michael Knorr,HOU,25,floor,,,reliever,MiLB (MLE),1.0,0.0,0.0,4.0,0.7,0.5,0.1,0.0,0.1,0.3,0.0,0.8,0.4,0.4,0.0,0.0,3.23,1.0,7.2,2.7,0.9,4.019,0.20989,0.08081,0.01174,0.03316,0.11295,0.03358,0.00303,3.23472,3.6386
656814,Luis Ortiz,PHI,31,floor,,,reliever,MLB,1.0,0.0,0.0,4.2,1.0,0.6,0.2,0.0,0.2,0.3,0.0,0.9,0.5,0.5,0.0,0.0,4.18,1.3,8.1,2.7,1.8,4.219,0.20991,0.0803,0.00458,0.0375,0.14134,0.04314,0.00275,4.18037,4.70233
801842,Fidel Ulloa,COL,25,floor,,,reliever,MiLB (MLE),1.0,0.0,0.0,4.0,0.7,0.5,0.1,0.0,0.1,0.3,0.0,0.8,0.3,0.4,0.0,0.0,3.09,1.0,7.2,2.7,0.9,4.004,0.20993,0.08083,0.01174,0.03022,0.113,0.03359,0.00303,3.09352,3.47977
680253,Kyle Bischoff,MIN,25,floor,,,reliever,MiLB (MLE),1.0,0.0,0.0,4.0,0.7,0.5,0.1,0.0,0.1,0.3,0.0,0.8,0.3,0.4,0.0,0.0,3.09,1.0,7.2,2.7,0.9,4.004,0.20993,0.08083,0.01174,0.03022,0.113,0.03359,0.00303,3.09352,3.47977
676801,Chas McCormick,HOU,32,floor,,,reliever,MLB,1.0,0.0,0.0,4.4,0.9,0.6,0.2,0.0,0.1,0.4,0.1,0.9,0.5,0.5,0.0,0.0,4.21,1.3,8.1,3.6,0.9,4.359,0.20994,0.08845,0.03102,0.02947,0.14175,0.03826,0.00278,4.20792,4.73332
668338,Tyson Miller,CHC,31,floor,,,reliever,MLB,1.0,0.0,0.0,4.2,0.9,0.5,0.2,0.0,0.2,0.3,0.1,0.9,0.5,0.5,0.0,0.0,4.2,1.2,8.1,2.7,1.8,4.209,0.20997,0.07493,0.02089,0.04069,0.12701,0.04059,0.00379,4.20491,4.72993
571616,Matt Dermody,BOS,36,floor,,,reliever,MLB,1.0,0.0,0.0,4.3,0.9,0.6,0.2,0.0,0.1,0.4,0.1,0.9,0.5,0.5,0.0,0.0,4.17,1.3,8.1,3.6,0.9,4.306,0.20997,0.08762,0.01851,0.03052,0.14119,0.04237,0.00335,4.17312,4.69417
681962,Vinny Capra,CWS,30,floor,,,reliever,MLB,1.0,0.0,0.0,4.2,0.9,0.5,0.2,0.0,0.2,0.3,0.0,0.9,0.5,0.6,0.0,0.0,4.55,1.2,8.1,2.7,1.8,4.229,0.21001,0.07935,0.00949,0.0476,0.12669,0.04411,0.00396,4.55418,5.12282
687074,Tyler Owens,DET,26,floor,,,reliever,MLB,1.0,0.0,0.0,4.3,0.9,0.6,0.2,0.0,0.1,0.4,0.0,0.9,0.4,0.5,0.0,0.0,4.04,1.3,8.1,3.6,0.9,4.287,0.21001,0.09304,0.00949,0.02744,0.14214,0.04488,0.00346,4.04366,4.54854
826536,Brian Curley,ARI,25,floor,,,starter,MiLB (MLE),1.0,0.0,0.0,4.1,0.8,0.5,0.1,0.0,0.2,0.3,0.0,0.9,0.4,0.5,0.0,0.0,3.79,1.1,8.1,2.7,1.8,4.061,0.20979,0.08077,0.01174,0.04074,0.11283,0.03354,0.00302,3.78757,4.05522
656412,Alex Faedo,DET,31,floor,,,reliever,MLB,1.0,0.0,0.0,4.3,0.9,0.6,0.2,0.0,0.1,0.4,0.0,0.9,0.4,0.5,0.0,0.0,3.94,1.3,8.1,3.6,0.9,4.29,0.21003,0.09544,0.00723,0.02497,0.14862,0.0406,0.00413,3.93968,4.43158
701469,Jack Findlay,STL,25,floor,,,reliever,MiLB (MLE),1.0,0.0,0.0,4.0,0.7,0.5,0.1,0.0,0.1,0.3,0.0,0.8,0.3,0.4,0.0,0.0,3.1,1.0,7.2,2.7,0.9,4.005,0.21005,0.08088,0.01174,0.03027,0.11315,0.03364,0.00303,3.10045,3.48757
670897,Daison Acosta,SD,25,floor,,,reliever,MiLB (MLE),1.0,0.0,0.0,4.1,0.8,0.5,0.1,0.0,0.2,0.3,0.0,0.9,0.4,0.4,0.0,0.0,3.53,1.1,8.1,2.7,1.8,4.054,0.21005,0.08088,0.01174,0.03898,0.11318,0.03365,0.00303,3.52918,3.96983
542882,Matt Andriese,MIA,37,floor,,,reliever,MLB,1.0,0.0,0.0,4.2,0.8,0.5,0.2,0.0,0.1,0.3,0.0,0.9,0.5,0.5,0.0,0.0,4.18,1.1,8.1,2.7,0.9,4.199,0.22469,0.0807,0.00851,0.03523,0.12101,0.05668,0.00419,4.18342,4.70575
828520,Twine Palmer,BAL,25,floor,,,starter,MiLB (MLE),1.0,0.0,0.0,4.0,0.7,0.5,0.1,0.0,0.1,0.3,0.0,0.8,0.3,0.4,0.0,0.0,3.11,1.0,7.2,2.7,0.9,3.987,0.20971,0.08073,0.01175,0.0277,0.1127,0.0335,0.00302,3.11244,3.33237
803247,Jose Guedez,HOU,25,floor,,,reliever,MiLB (MLE),1.0,0.0,0.0,4.0,0.7,0.5,0.1,0.0,0.1,0.3,0.0,0.8,0.3,0.4,0.0,0.0,3.02,1.0,7.2,2.7,0.9,3.993,0.20971,0.08073,0.01175,0.02882,0.1127,0.0335,0.00302,3.01611,3.3927
607237,Amir Garrett,KC,35,floor,,,reliever,MLB,1.0,0.0,0.0,4.4,0.8,0.5,0.2,0.0,0.1,0.6,0.1,1.1,0.5,0.5,0.0,0.0,4.33,1.4,9.9,5.4,0.9,4.416,0.24249,0.13199,0.01461,0.03351,0.11865,0.03884,0.0027,4.33471,4.87594
686953,Nick Dean,CHC,25,floor,,,reliever,MiLB (MLE),1.0,0.0,0.0,4.0,0.7,0.5,0.1,0.0,0.1,0.3,0.0,0.8,0.3,0.4,0.0,0.0,2.89,1.0,7.2,2.7,0.9,3.979,0.20972,0.08074,0.01175,0.02618,0.1127,0.0335,0.00302,2.88955,3.25033
687859,Troy Johnston,COL,30,floor,,,reliever,MLB,1.0,0.0,0.0,4.3,0.9,0.6,0.2,0.0,0.1,0.4,0.1,0.9,0.4,0.5,0.0,0.0,4.03,1.3,8.1,3.6,0.9,4.313,0.20975,0.08642,0.02162,0.02392,0.14195,0.04735,0.00337,4.03453,4.53828
671083,Buddy Kennedy,SF,28,floor,,,reliever,MLB,1.0,0.0,0.0,4.3,0.9,0.6,0.2,0.0,0.1,0.4,0.0,0.9,0.4,0.5,0.0,0.0,3.93,1.3,8.1,3.6,0.9,4.27,0.20976,0.0919,0.01013,0.02704,0.14413,0.04163,0.00298,3.93256,4.42358
687060,Blake Adams,COL,26,floor,,,reliever,MLB,1.0,0.0,0.0,4.3,0.9,0.5,0.2,0.0,0.2,0.4,0.0,0.9,0.5,0.6,0.0,0.0,4.54,1.3,8.1,3.6,1.8,4.286,0.20976,0.0919,0.01013,0.03948,0.1213,0.0535,0.00407,4.53724,5.10375
670042,Luke Raley,TB,32,floor,,,reliever,MLB,1.0,0.0,0.0,4.2,0.9,0.6,0.2,0.0,0.1,0.3,0.0,0.9,0.4,0.5,0.0,0.0,4.03,1.2,8.1,2.7,0.9,4.233,0.21002,0.07981,0.00911,0.03129,0.14472,0.04343,0.00343,4.03419,4.5379
809789,Parker Smith,HOU,25,floor,,,starter,MiLB (MLE),1.0,0.0,0.0,4.0,0.6,0.4,0.1,0.0,0.1,0.3,0.0,0.8,0.4,0.4,0.0,0.0,3.17,0.9,7.2,2.7,0.9,3.971,0.20641,0.07933,0.01179,0.03143,0.10867,0.03231,0.00291,3.16619,3.38993
813882,Brady Choban,LAA,25,floor,,,reliever,MiLB (MLE),1.0,0.0,0.0,3.9,0.6,0.4,0.1,0.0,0.1,0.3,0.0,0.8,0.3,0.3,0.0,0.0,2.77,0.9,7.2,2.7,0.9,3.944,0.20641,0.07933,0.01179,0.02633,0.10866,0.0323,0.00291,2.77072,3.11667
692404,Darlin Saladin,STL,25,floor,,,reliever,MiLB (MLE),1.0,0.0,0.0,3.9,0.6,0.4,0.1,0.0,0.1,0.3,0.0,0.8,0.3,0.3,0.0,0.0,2.72,0.9,7.2,2.7,0.9,3.938,0.20643,0.07933,0.01179,0.02522,0.10868,0.03231,0.00291,2.7187,3.05816
692447,Bryan Magdaleno,TEX,25,floor,,,reliever,MiLB (MLE),1.0,0.0,0.0,3.9,0.6,0.4,0.1,0.0,0.1,0.3,0.0,0.8,0.3,0.3,0.0,0.0,2.66,0.9,7.2,2.7,0.9,3.931,0.20644,0.07934,0.01179,0.02396,0.10868,0.03231,0.00291,2.65958,2.99165
663366,Beau Burrows,PIT,25,floor,,,reliever,MiLB (MLE),1.0,0.0,0.0,3.8,0.6,0.4,0.1,0.0,0.1,0.3,0.0,0.7,0.3,0.3,0.0,0.0,2.69,0.9,6.3,2.7,0.9,3.843,0.18937,0.07196,0.01194,0.03563,0.09255,0.02751,0.00248,2.69376,3.0301
675502,Kelly Austin,NYY,25,floor,,,reliever,MiLB (MLE),1.0,0.0,0.0,4.0,0.6,0.4,0.1,0.0,0.1,0.3,0.0,0.8,0.3,0.4,0.0,0.0,3.05,0.9,7.2,2.7,0.9,3.972,0.20593,0.07912,0.0118,0.03258,0.10813,0.03214,0.0029,3.05148,3.43248
687926,Zach Bryant,TEX,25,floor,,,reliever,MiLB (MLE),1.0,0.0,0.0,4.0,0.6,0.4,0.1,0.0,0.1,0.3,0.0,0.8,0.3,0.4,0.0,0.0,2.99,0.9,7.2,2.7,0.9,3.966,0.20594,0.07912,0.0118,0.03133,0.10813,0.03214,0.0029,2.99168,3.36522
815317,Aaron Munson,TOR,25,floor,,,reliever,MiLB (MLE),1.0,0.0,0.0,4.0,0.6,0.4,0.1,0.0,0.1,0.3,0.0,0.8,0.3,0.4,0.0,0.0,2.99,0.9,7.2,2.7,0.9,3.966,0.20594,0.07912,0.0118,0.03133,0.10813,0.03214,0.0029,2.99168,3.36522
822652,Lucas Mahlstedt,LAA,25,floor,,,reliever,MiLB (MLE),1.0,0.0,0.0,3.9,0.6,0.4,0.1,0.0,0.1,0.3,0.0,0.8,0.3,0.3,0.0,0.0,2.75,0.9,7.2,2.7,0.9,3.939,0.20595,0.07913,0.0118,0.02634,0.10814,0.03215,0.0029,2.75448,3.0984
660906,Francisco Pérez,OAK,29,floor,,,reliever,MLB,1.0,0.0,0.0,4.3,0.9,0.6,0.2,0.0,0.1,0.4,0.0,0.9,0.5,0.5,0.0,0.0,4.21,1.3,8.1,3.6,0.9,4.327,0.20595,0.10032,0.00953,0.03045,0.14087,0.04227,0.00334,4.21225,4.73819
800213,Hung-Leng Chang,PIT,25,floor,,,reliever,MiLB (MLE),1.0,0.0,0.0,4.0,0.7,0.4,0.1,0.0,0.2,0.3,0.0,0.8,0.4,0.4,0.0,0.0,3.53,1.0,7.2,2.7,1.8,4.039,0.20787,0.07995,0.01177,0.04089,0.11042,0.03282,0.00296,3.53149,3.97243
701533,Hunter Stanley,CLE,25,floor,,,reliever,MiLB (MLE),1.0,0.0,0.0,4.0,0.6,0.4,0.1,0.0,0.1,0.3,0.0,0.8,0.4,0.4,0.0,0.0,3.18,0.9,7.2,2.7,0.9,3.988,0.20601,0.07915,0.0118,0.03526,0.10822,0.03217,0.0029,3.18376,3.58128
672277,Sam Carlson,HOU,25,floor,,,reliever,MiLB (MLE),1.0,0.0,0.0,4.0,0.6,0.4,0.1,0.0,0.1,0.3,0.0,0.8,0.3,0.4,0.0,0.0,2.92,0.9,7.2,2.7,0.9,3.958,0.20603,0.07916,0.0118,0.02984,0.10823,0.03217,0.0029,2.9236,3.28864
695065,Ryan Costeiu,LAA,25,floor,,,starter,MiLB (MLE),1.0,0.0,0.0,3.9,0.6,0.4,0.1,0.0,0.1,0.3,0.0,0.8,0.3,0.4,0.0,0.0,2.98,0.9,7.2,2.7,0.9,3.949,0.20603,0.07916,0.0118,0.02803,0.10823,0.03217,0.0029,2.98136,3.19203
684949,Zac Leigh,CHC,25,floor,,,reliever,MiLB (MLE),1.0,0.0,0.0,4.0,0.6,0.4,0.1,0.0,0.1,0.3,0.0,0.8,0.3,0.4,0.0,0.0,2.92,0.9,7.2,2.7,0.9,3.958,0.20603,0.07916,0.0118,0.02984,0.10823,0.03217,0.0029,2.9236,3.28864
828705,Tanner Gillis,MIL,25,floor,,,starter,MiLB (MLE),1.0,0.0,0.0,4.0,0.6,0.4,0.1,0.0,0.1,0.3,0.0,0.8,0.4,0.4,0.0,0.0,3.34,0.9,7.2,2.7,0.9,3.987,0.20605,0.07917,0.0118,0.03513,0.10826,0.03218,0.0029,3.33933,3.5753
702847,Amilcar Chirinos,HOU,25,floor,,,reliever,MiLB (MLE),1.0,0.0,0.0,3.9,0.6,0.4,0.1,0.0,0.1,0.3,0.0,0.8,0.3,0.4,0.0,0.0,2.82,0.9,7.2,2.7,0.9,3.947,0.20607,0.07918,0.0118,0.02762,0.10827,0.03219,0.0029,2.81946,3.1715
670712,Mike Brosseau,MIL,33,floor,,,reliever,MLB,1.0,0.0,0.0,4.3,0.9,0.6,0.2,0.0,0.1,0.4,0.0,0.9,0.5,0.5,0.0,0.0,4.11,1.3,8.1,3.6,0.9,4.264,0.20609,0.08564,0.00884,0.03122,0.14441,0.04334,0.00343,4.11403,4.62771
665896,José Marte,LAA,31,floor,,,reliever,MLB,1.0,0.0,0.0,4.4,0.9,0.6,0.2,0.0,0.1,0.5,0.0,0.9,0.5,0.5,0.0,0.0,4.3,1.4,8.1,4.5,0.9,4.414,0.20613,0.12332,0.00723,0.03013,0.14027,0.03655,0.00258,4.30346,4.84078
801737,Liomar Martinez,MIA,25,floor,,,starter,MiLB (MLE),1.0,0.0,0.0,4.0,0.6,0.4,0.1,0.0,0.1,0.3,0.0,0.8,0.4,0.4,0.0,0.0,3.2,0.9,7.2,2.7,0.9,3.969,0.20552,0.07894,0.0118,0.03268,0.10766,0.03201,0.00289,3.19528,3.42107
675650,Michael Mercado,PHI,28,floor,,,reliever,MLB,1.0,0.0,0.0,4.4,1.0,0.6,0.2,0.0,0.2,0.5,0.1,0.9,0.5,0.6,0.0,0.0,4.54,1.5,8.1,4.5,1.8,4.351,0.20552,0.10458,0.01173,0.04072,0.13286,0.03738,0.00331,4.54208,5.1092
828334,Holden Wilkerson,TOR,25,floor,,,starter,MiLB (MLE),1.0,0.0,0.0,4.0,0.6,0.4,0.1,0.0,0.1,0.3,0.0,0.8,0.3,0.4,0.0,0.0,3.1,0.9,7.2,2.7,0.9,3.962,0.20601,0.07915,0.0118,0.03049,0.10821,0.03217,0.0029,3.10356,3.32287
828374,Michael Ross,MIN,25,floor,,,reliever,MiLB (MLE),1.0,0.0,0.0,4.0,0.6,0.4,0.1,0.0,0.1,0.3,0.0,0.8,0.4,0.4,0.0,0.0,3.17,0.9,7.2,2.7,0.9,3.99,0.20654,0.07938,0.01179,0.03466,0.10882,0.03235,0.00292,3.174,3.5703
676679,Luis Vázquez,BAL,27,floor,,,reliever,MLB,1.0,0.0,0.0,4.3,0.9,0.6,0.2,0.0,0.1,0.4,0.0,0.9,0.5,0.5,0.0,0.0,4.23,1.3,8.1,3.6,0.9,4.259,0.20655,0.08429,0.00959,0.03132,0.13315,0.05421,0.00353,4.22516,4.75271
681415,Jack Sellinger,MIA,25,floor,,,reliever,MiLB (MLE),1.0,0.0,0.0,3.9,0.6,0.4,0.1,0.0,0.1,0.3,0.0,0.8,0.3,0.3,0.0,0.0,2.67,0.9,7.2,2.7,0.9,3.933,0.20656,0.07939,0.01179,0.02399,0.10882,0.03235,0.00292,2.66526,2.99804
813829,Zane Barnhart,DET,25,floor,,,reliever,MiLB (MLE),1.0,0.0,0.0,4.0,0.6,0.4,0.1,0.0,0.1,0.3,0.0,0.8,0.3,0.4,0.0,0.0,3.03,0.9,7.2,2.7,0.9,3.974,0.20665,0.07943,0.01179,0.03159,0.10895,0.03239,0.00292,3.03024,3.4086
800017,Jose Montero,CIN,25,floor,,,reliever,MiLB (MLE),1.0,0.0,0.0,4.0,0.6,0.4,0.1,0.0,0.1,0.3,0.0,0.8,0.3,0.4,0.0,0.0,3.09,0.9,7.2,2.7,0.9,3.981,0.20665,0.07943,0.01179,0.03285,0.10895,0.03239,0.00292,3.09083,3.47675
696059,Johan Simon,DET,25,floor,,,reliever,MiLB (MLE),1.0,0.0,0.0,4.0,0.6,0.4,0.1,0.0,0.1,0.3,0.0,0.8,0.3,0.4,0.0,0.0,2.91,0.9,7.2,2.7,0.9,3.961,0.20666,0.07943,0.01179,0.02907,0.10895,0.03239,0.00292,2.90967,3.27297
573262,Mike Yastrzemski,SF,36,floor,,,reliever,MLB,1.0,0.0,0.0,4.4,0.9,0.6,0.2,0.0,0.1,0.4,0.1,0.9,0.5,0.6,0.0,0.0,4.41,1.3,8.1,3.6,0.9,4.357,0.20666,0.09604,0.02025,0.03385,0.13481,0.04322,0.00316,4.40995,4.96058
805793,Landen Maroudis,TOR,25,floor,,,starter,MiLB (MLE),1.0,0.0,0.0,4.0,0.6,0.4,0.1,0.0,0.1,0.3,0.0,0.8,0.4,0.4,0.0,0.0,3.38,0.9,7.2,2.7,0.9,3.996,0.20667,0.07944,0.01179,0.03551,0.10898,0.0324,0.00292,3.38335,3.62243
668719,Kenyon Yovan,LAA,25,floor,,,reliever,MiLB (MLE),1.0,0.0,0.0,3.9,0.6,0.4,0.1,0.0,0.1,0.3,0.0,0.8,0.3,0.3,0.0,0.0,2.79,0.9,7.2,2.7,0.9,3.947,0.20667,0.07943,0.01179,0.02655,0.10896,0.03239,0.00292,2.78991,3.13826
657140,Kyle Wright,ATL,31,floor,,,reliever,MLB,1.0,0.0,0.0,4.2,0.9,0.6,0.2,0.0,0.1,0.3,0.1,0.9,0.4,0.5,0.0,0.0,3.95,1.2,8.1,2.7,0.9,4.236,0.22544,0.08185,0.0146,0.03031,0.14018,0.04207,0.00333,3.95115,4.44448
543766,Bryan Shaw,CWS,39,floor,,,reliever,MLB,1.0,0.0,0.0,4.3,0.9,0.6,0.2,0.0,0.1,0.4,0.1,0.9,0.5,0.5,0.0,0.0,4.29,1.3,8.1,3.6,0.9,4.349,0.20641,0.09478,0.02005,0.0297,0.13685,0.04545,0.00337,4.28731,4.82262
696292,Ben Hess,NYY,25,floor,,,starter,MiLB (MLE),1.0,0.0,0.0,4.0,0.6,0.4,0.1,0.0,0.1,0.3,0.0,0.8,0.4,0.4,0.0,0.0,3.16,0.9,7.2,2.7,0.9,3.968,0.20618,0.07922,0.0118,0.03142,0.1084,0.03223,0.0029,3.15652,3.37957
692243,Jaden Woods,CWS,25,floor,,,reliever,MiLB (MLE),1.0,0.0,0.0,4.0,0.6,0.4,0.1,0.0,0.1,0.3,0.0,0.8,0.3,0.4,0.0,0.0,3.11,0.9,7.2,2.7,0.9,3.98,0.2062,0.07924,0.01179,0.03353,0.10844,0.03224,0.00291,3.10701,3.49495
814279,Yeferson Vargas,LAA,25,floor,,,starter,MiLB (MLE),1.0,0.0,0.0,4.0,0.6,0.4,0.1,0.0,0.1,0.3,0.0,0.8,0.4,0.4,0.0,0.0,3.27,0.9,7.2,2.7,0.9,3.981,0.2062,0.07924,0.01179,0.03373,0.10843,0.03224,0.00291,3.27428,3.50565
694370,Levi Wells,BAL,25,floor,,,starter,MiLB (MLE),1.0,0.0,0.0,4.0,0.6,0.4,0.1,0.0,0.1,0.3,0.0,0.8,0.4,0.4,0.0,0.0,3.17,0.9,7.2,2.7,0.9,3.97,0.20621,0.07924,0.0118,0.03172,0.10844,0.03224,0.00291,3.17286,3.39706
592473,Adam Kolarek,OAK,38,floor,,,reliever,MLB,1.0,0.0,0.0,4.3,0.9,0.6,0.2,0.0,0.1,0.4,0.1,0.9,0.5,0.5,0.0,0.0,4.12,1.3,8.1,3.6,0.9,4.349,0.20621,0.08596,0.02758,0.02677,0.14807,0.03913,0.00268,4.12399,4.63891
664901,Danny Mendick,CWS,33,floor,,,reliever,MLB,1.0,0.0,0.0,4.2,1.0,0.7,0.2,0.0,0.1,0.3,0.0,0.9,0.4,0.5,0.0,0.0,3.67,1.3,8.1,2.7,0.9,4.235,0.20635,0.07963,0.00911,0.0201,0.15804,0.04261,0.00276,3.67263,4.13119
703440,Dylan Howard,HOU,25,floor,,,starter,MiLB (MLE),1.0,0.0,0.0,4.1,0.7,0.4,0.1,0.0,0.2,0.3,0.0,0.8,0.4,0.5,0.0,0.0,3.94,1.0,7.2,2.7,1.8,4.054,0.20637,0.07931,0.01179,0.04649,0.10865,0.0323,0.00291,3.9401,4.21853
805031,Gabe Davis,NYM,25,floor,,,reliever,MiLB (MLE),1.0,0.0,0.0,4.0,0.7,0.4,0.1,0.0,0.2,0.3,0.0,0.8,0.4,0.4,0.0,0.0,3.44,1.0,7.2,2.7,1.8,4.02,0.20639,0.07932,0.01179,0.0403,0.10866,0.0323,0.00291,3.4439,3.87391
805871,Joel Hurtado,LAA,25,floor,,,starter,MiLB (MLE),1.0,0.0,0.0,4.0,0.6,0.4,0.1,0.0,0.1,0.3,0.0,0.8,0.4,0.4,0.0,0.0,3.37,0.9,7.2,2.7,0.9,3.993,0.20639,0.07931,0.01179,0.03542,0.10865,0.0323,0.00291,3.36745,3.60541
623451,Jackson Stephens,ATL,33,floor,,,reliever,MLB,1.0,0.0,0.0,4.3,0.9,0.6,0.2,0.0,0.1,0.4,0.1,0.9,0.4,0.5,0.0,0.0,4.04,1.3,8.1,3.6,0.9,4.303,0.20641,0.09048,0.013,0.02694,0.14801,0.04108,0.00344,4.04255,4.5473
702098,Allen Facundo,NYY,25,floor,,,starter,MiLB (MLE),1.0,0.0,0.0,3.9,0.6,0.4,0.1,0.0,0.1,0.3,0.0,0.8,0.3,0.4,0.0,0.0,2.95,0.9,7.2,2.7,0.9,3.946,0.20615,0.07921,0.0118,0.02738,0.10837,0.03222,0.0029,2.9533,3.16199
807716,Ty Langenberg,MIN,25,floor,,,reliever,MiLB (MLE),1.0,0.0,0.0,4.0,0.6,0.4,0.1,0.0,0.1,0.3,0.0,0.8,0.3,0.4,0.0,0.0,2.89,0.9,7.2,2.7,0.9,3.952,0.20546,0.07892,0.0118,0.02965,0.10759,0.03199,0.00288,2.89454,3.25595
703609,Walter Ford,SEA,25,floor,,,starter,MiLB (MLE),1.0,0.0,0.0,4.0,0.7,0.4,0.1,0.0,0.2,0.3,0.0,0.8,0.4,0.5,0.0,0.0,3.92,1.0,7.2,2.7,1.8,4.046,0.20548,0.07893,0.0118,0.04678,0.10764,0.032,0.00288,3.91876,4.19568
669294,Paul Campbell,CHC,25,floor,,,starter,MiLB (MLE),1.0,0.0,0.0,3.9,0.7,0.4,0.1,0.0,0.2,0.3,0.0,0.7,0.3,0.4,0.0,0.0,3.11,1.0,6.3,2.7,1.8,3.872,0.18917,0.07188,0.01194,0.04148,0.0924,0.02747,0.00248,3.10951,3.32924
686470,Ryan Hawks,SEA,25,floor,,,starter,MiLB (MLE),1.0,0.0,0.0,3.8,0.6,0.4,0.1,0.0,0.1,0.3,0.0,0.7,0.3,0.3,0.0,0.0,2.82,0.9,6.3,2.7,0.9,3.841,0.18904,0.07182,0.01194,0.03562,0.09228,0.02743,0.00247,2.82046,3.01976
669395,Dylan Coleman,KC,30,floor,,,reliever,MLB,1.0,0.0,0.0,4.4,0.8,0.5,0.2,0.0,0.1,0.5,0.1,1.0,0.5,0.5,0.0,0.0,4.27,1.3,9.0,4.5,0.9,4.432,0.22714,0.12135,0.02592,0.0281,0.12334,0.04136,0.00262,4.26598,4.79862
680397,Sam Benschoter,CIN,25,floor,,,reliever,MiLB (MLE),1.0,0.0,0.0,3.8,0.6,0.4,0.1,0.0,0.1,0.3,0.0,0.7,0.3,0.3,0.0,0.0,2.48,0.9,6.3,2.7,0.9,3.818,0.18902,0.07181,0.01194,0.03108,0.09226,0.02743,0.00247,2.47679,2.78604
641627,Trevor Gott,NYM,34,floor,,,reliever,MLB,1.0,0.0,0.0,4.2,0.9,0.6,0.2,0.0,0.1,0.3,0.1,1.0,0.4,0.5,0.0,0.0,3.92,1.2,9.0,2.7,0.9,4.217,0.22725,0.07666,0.01531,0.0305,0.14107,0.04233,0.00335,3.91701,4.40608
664744,Jose Espada,BAL,30,floor,,,reliever,MLB,1.0,0.0,0.0,4.2,0.9,0.6,0.2,0.0,0.1,0.4,0.0,1.0,0.4,0.5,0.0,0.0,4.0,1.3,9.0,3.6,0.9,4.22,0.22727,0.08511,0.00921,0.03422,0.13726,0.04095,0.00298,4.00162,4.50126
668868,Zack Thompson,STL,29,floor,,,reliever,MLB,1.0,0.0,0.0,4.3,0.9,0.6,0.2,0.0,0.1,0.4,0.0,1.0,0.4,0.5,0.0,0.0,4.05,1.3,9.0,3.6,0.9,4.251,0.2275,0.09085,0.00678,0.03253,0.13972,0.04161,0.00329,4.04865,4.55416
802609,John Michael Bertrand,SF,25,floor,,,starter,MiLB (MLE),1.0,0.0,0.0,3.8,0.6,0.4,0.1,0.0,0.1,0.3,0.0,0.7,0.3,0.3,0.0,0.0,2.52,0.9,6.3,2.7,0.9,3.809,0.18885,0.07174,0.01194,0.02955,0.09212,0.02739,0.00247,2.52486,2.70327
607216,Joey Krehbiel,BAL,34,floor,,,reliever,MLB,1.0,0.0,0.0,4.2,0.9,0.6,0.2,0.0,0.1,0.3,0.0,0.9,0.4,0.5,0.0,0.0,3.97,1.2,8.1,2.7,0.9,4.245,0.20553,0.0818,0.01158,0.02873,0.14583,0.04253,0.00333,3.96887,4.46442
805321,Trevor Kuncl,CIN,25,floor,,,reliever,MiLB (MLE),1.0,0.0,0.0,3.9,0.6,0.4,0.1,0.0,0.1,0.3,0.0,0.8,0.3,0.3,0.0,0.0,2.78,0.9,7.2,2.7,0.9,3.936,0.2049,0.07868,0.01181,0.02769,0.10697,0.0318,0.00287,2.7818,3.12913
621433,Brett Phillips,LAA,33,floor,,,reliever,MLB,1.0,0.0,0.0,4.3,0.9,0.6,0.2,0.0,0.1,0.4,0.0,0.9,0.5,0.5,0.0,0.0,4.14,1.3,8.1,3.6,0.9,4.276,0.20498,0.08798,0.00859,0.03118,0.14423,0.04328,0.00342,4.14103,4.65808
622103,Gerardo Reyes,LAA,34,floor,,,reliever,MLB,1.0,0.0,0.0,4.4,1.0,0.6,0.2,0.0,0.2,0.4,0.1,0.9,0.5,0.6,0.0,0.0,4.49,1.4,8.1,3.6,1.8,4.359,0.20501,0.09983,0.01853,0.03476,0.12748,0.04802,0.00307,4.48695,5.04718
672552,Jack O'Loughlin,OAK,27,floor,,,reliever,MLB,1.0,0.0,0.0,4.3,1.0,0.7,0.2,0.0,0.1,0.4,0.0,0.9,0.4,0.5,0.0,0.0,3.96,1.4,8.1,3.6,0.9,4.292,0.20502,0.0888,0.0071,0.02329,0.15383,0.04547,0.00278,3.95664,4.45066
641645,Luis Guillorme,LAA,32,floor,,,reliever,MLB,1.0,0.0,0.0,4.3,0.9,0.6,0.2,0.0,0.1,0.4,0.0,0.9,0.5,0.5,0.0,0.0,4.08,1.3,8.1,3.6,0.9,4.275,0.20502,0.08685,0.00911,0.02933,0.14701,0.04336,0.00302,4.07788,4.58704
676391,Ernie Clement,TOR,31,floor,,,reliever,MLB,1.0,0.0,0.0,4.3,0.9,0.6,0.2,0.0,0.1,0.3,0.1,0.9,0.5,0.5,0.0,0.0,4.15,1.2,8.1,2.7,0.9,4.265,0.2046,0.07896,0.01868,0.03144,0.13775,0.04744,0.00277,4.15431,4.67302
827500,Hunter Dryden,SF,25,floor,,,starter,MiLB (MLE),1.0,0.0,0.0,4.0,0.6,0.4,0.1,0.0,0.1,0.3,0.0,0.8,0.4,0.4,0.0,0.0,3.34,0.9,7.2,2.7,0.9,3.979,0.20462,0.07856,0.01181,0.03623,0.10668,0.03171,0.00286,3.34077,3.57685
543281,Josh Harrison,PHI,39,floor,,,reliever,MLB,1.0,0.0,0.0,4.3,0.9,0.6,0.2,0.0,0.1,0.4,0.0,0.9,0.4,0.5,0.0,0.0,4.03,1.3,8.1,3.6,0.9,4.251,0.20463,0.08878,0.00798,0.0306,0.14157,0.04248,0.00336,4.02791,4.53083
803021,Peyton Olejnik,LAA,25,floor,,,starter,MiLB (MLE),1.0,0.0,0.0,3.9,0.6,0.4,0.1,0.0,0.1,0.3,0.0,0.8,0.3,0.4,0.0,0.0,2.99,0.9,7.2,2.7,0.9,3.941,0.20464,0.07857,0.01181,0.02926,0.10669,0.03172,0.00286,2.99113,3.2025
672724,Oswald Peraza,LAA,27,floor,,,reliever,MLB,1.0,0.0,0.0,4.3,1.0,0.6,0.2,0.0,0.2,0.3,0.1,0.9,0.5,0.6,0.0,0.0,4.5,1.3,8.1,2.7,1.8,4.284,0.20464,0.07897,0.02004,0.04225,0.13471,0.04028,0.00384,4.50353,5.06583
701764,Cam Day,LAD,25,floor,,,reliever,MiLB (MLE),1.0,0.0,0.0,3.9,0.6,0.4,0.1,0.0,0.1,0.3,0.0,0.8,0.3,0.4,0.0,0.0,2.82,0.9,7.2,2.7,0.9,3.939,0.20487,0.07866,0.01181,0.02849,0.10693,0.03179,0.00287,2.81865,3.17058
695871,Jesús Broca,MIL,25,floor,,,reliever,MiLB (MLE),1.0,0.0,0.0,4.0,0.6,0.4,0.1,0.0,0.1,0.3,0.0,0.8,0.3,0.4,0.0,0.0,3.03,0.9,7.2,2.7,0.9,3.968,0.20557,0.07897,0.0118,0.03245,0.10772,0.03202,0.00289,3.03212,3.41071
695486,Kyle Ayers,ARI,25,floor,,,starter,MiLB (MLE),1.0,0.0,0.0,4.0,0.6,0.4,0.1,0.0,0.1,0.3,0.0,0.8,0.4,0.4,0.0,0.0,3.32,0.9,7.2,2.7,0.9,3.982,0.20558,0.07897,0.0118,0.03506,0.10774,0.03203,0.00289,3.31797,3.55243
700675,Jimmy Kingsbury,SEA,25,floor,,,reliever,MiLB (MLE),1.0,0.0,0.0,3.9,0.6,0.4,0.1,0.0,0.1,0.3,0.0,0.8,0.3,0.3,0.0,0.0,2.8,0.9,7.2,2.7,0.9,3.941,0.20559,0.07897,0.0118,0.02748,0.10773,0.03203,0.00289,2.79566,3.14472
695033,Juaron Watts-Brown,BAL,25,floor,,,starter,MiLB (MLE),1.0,0.0,0.0,4.0,0.7,0.4,0.1,0.0,0.2,0.3,0.0,0.8,0.4,0.4,0.0,0.0,3.6,1.0,7.2,2.7,1.8,4.012,0.20562,0.07899,0.0118,0.04051,0.10779,0.03204,0.00289,3.59808,3.85233
621076,James Kaprielian,OAK,33,floor,,,reliever,MLB,1.0,0.0,0.0,4.4,0.9,0.6,0.2,0.0,0.1,0.4,0.1,0.8,0.5,0.6,0.0,0.0,4.42,1.3,7.2,3.6,0.9,4.376,0.18931,0.101,0.01187,0.03109,0.14382,0.04316,0.00341,4.41646,4.96789
659381,Justin King,MIA,25,floor,,,reliever,MiLB (MLE),1.0,0.0,0.0,3.9,0.6,0.4,0.1,0.0,0.1,0.3,0.0,0.8,0.3,0.3,0.0,0.0,2.73,0.9,7.2,2.7,0.9,3.935,0.20566,0.079,0.0118,0.02612,0.10781,0.03205,0.00289,2.73398,3.07534
517008,Alex Colomé,COL,38,floor,,,reliever,MLB,1.0,0.0,0.0,4.3,0.9,0.6,0.2,0.0,0.1,0.4,0.0,0.8,0.5,0.5,0.0,0.0,4.29,1.3,7.2,3.6,0.9,4.312,0.18929,0.09581,0.00291,0.03168,0.14654,0.04398,0.00348,4.28678,4.82203
823017,Tanner Jones,KC,25,floor,,,starter,MiLB (MLE),1.0,0.0,0.0,4.0,0.6,0.4,0.1,0.0,0.1,0.3,0.0,0.8,0.3,0.4,0.0,0.0,3.13,0.9,7.2,2.7,0.9,3.963,0.20573,0.07903,0.0118,0.03119,0.1079,0.03208,0.00289,3.12791,3.34895
680897,Nick Nastrini,CWS,27,floor,,,starter,MLB,1.0,0.0,0.0,4.5,1.0,0.7,0.1,0.0,0.2,0.6,0.0,0.9,0.5,0.6,0.0,0.0,4.94,1.6,8.1,5.4,1.8,4.528,0.18926,0.13701,0.00757,0.03484,0.14579,0.02824,0.00321,4.94126,5.29043
701056,Josh Grosz,ARI,25,floor,,,reliever,MiLB (MLE),1.0,0.0,0.0,4.0,0.6,0.4,0.1,0.0,0.1,0.3,0.0,0.8,0.4,0.4,0.0,0.0,3.23,0.9,7.2,2.7,0.9,3.991,0.2058,0.07907,0.0118,0.03628,0.10799,0.0321,0.00289,3.22521,3.62791
687195,Jake Garland,OAK,25,floor,,,reliever,MiLB (MLE),1.0,0.0,0.0,4.0,0.6,0.4,0.1,0.0,0.1,0.3,0.0,0.8,0.3,0.4,0.0,0.0,2.98,0.9,7.2,2.7,0.9,3.961,0.20546,0.07892,0.0118,0.03145,0.10759,0.03198,0.00288,2.97996,3.35204
815219,Luis De La Torre,SF,25,floor,,,starter,MiLB (MLE),1.0,0.0,0.0,4.0,0.6,0.4,0.1,0.0,0.1,0.3,0.0,0.8,0.4,0.4,0.0,0.0,3.18,0.9,7.2,2.7,0.9,3.969,0.20587,0.07909,0.0118,0.03202,0.10805,0.03212,0.0029,3.17506,3.39942
814480,Harry Gustin,SD,25,floor,,,reliever,MiLB (MLE),1.0,0.0,0.0,4.0,0.6,0.4,0.1,0.0,0.1,0.3,0.0,0.8,0.3,0.4,0.0,0.0,3.13,0.9,7.2,2.7,0.9,3.975,0.20509,0.07876,0.01181,0.03474,0.10719,0.03186,0.00287,3.12502,3.5152
677614,Sadrac Franco,SD,25,floor,,,reliever,MiLB (MLE),1.0,0.0,0.0,4.0,0.6,0.4,0.1,0.0,0.1,0.3,0.0,0.8,0.3,0.4,0.0,0.0,3.01,0.9,7.2,2.7,0.9,3.962,0.2051,0.07876,0.01181,0.03227,0.10719,0.03187,0.00287,3.00663,3.38203
804663,Tyler Cleveland,SEA,25,floor,,,reliever,MiLB (MLE),1.0,0.0,0.0,4.0,0.6,0.4,0.1,0.0,0.1,0.3,0.0,0.8,0.3,0.4,0.0,0.0,3.01,0.9,7.2,2.7,0.9,3.962,0.2051,0.07876,0.01181,0.03227,0.10719,0.03187,0.00287,3.00663,3.38203
671600,Jaycob Deese,PIT,25,floor,,,reliever,MiLB (MLE),1.0,0.0,0.0,4.0,0.6,0.4,0.1,0.0,0.1,0.3,0.0,0.8,0.3,0.4,0.0,0.0,3.01,0.9,7.2,2.7,0.9,3.962,0.2051,0.07876,0.01181,0.03227,0.10719,0.03187,0.00287,3.00663,3.38203
676614,Bryan Sammons,DET,32,floor,,,starter,MLB,1.0,0.0,0.0,4.2,0.9,0.7,0.1,0.0,0.1,0.4,0.0,0.9,0.4,0.5,0.0,0.0,3.96,1.3,8.1,3.6,0.9,4.245,0.20512,0.08594,0.01046,0.02785,0.1576,0.02914,0.00275,3.95678,4.23638
702878,Douglas Orellana,NYM,25,floor,,,reliever,MiLB (MLE),1.0,0.0,0.0,4.0,0.6,0.4,0.1,0.0,0.1,0.3,0.0,0.8,0.3,0.4,0.0,0.0,2.95,0.9,7.2,2.7,0.9,3.957,0.20522,0.07881,0.01181,0.03108,0.10732,0.03191,0.00288,2.95394,3.32277
650489,Willi Castro,MIN,30,floor,,,reliever,MLB,1.0,0.0,0.0,4.3,0.9,0.6,0.2,0.0,0.1,0.4,0.0,0.9,0.5,0.5,0.0,0.0,4.17,1.3,8.1,3.6,0.9,4.253,0.20527,0.0858,0.00911,0.03356,0.13738,0.0459,0.0033,4.17349,4.69459
694545,Jackson Nezuh,HOU,25,floor,,,reliever,MiLB (MLE),1.0,0.0,0.0,3.9,0.6,0.4,0.1,0.0,0.1,0.3,0.0,0.8,0.3,0.3,0.0,0.0,2.63,0.9,7.2,2.7,0.9,3.921,0.20529,0.07884,0.01181,0.02422,0.10739,0.03193,0.00288,2.63199,2.96061
800212,Francis Peña,SD,25,floor,,,reliever,MiLB (MLE),1.0,0.0,0.0,3.9,0.6,0.4,0.1,0.0,0.1,0.3,0.0,0.8,0.3,0.3,0.0,0.0,2.73,0.9,7.2,2.7,0.9,3.932,0.20535,0.07887,0.01181,0.02617,0.10747,0.03195,0.00288,2.72551,3.06581
814507,Sterling Patick,LAD,25,floor,,,starter,MiLB (MLE),1.0,0.0,0.0,4.0,0.6,0.4,0.1,0.0,0.1,0.3,0.0,0.8,0.4,0.4,0.0,0.0,3.23,0.9,7.2,2.7,0.9,3.972,0.20545,0.07891,0.0118,0.03344,0.10759,0.03198,0.00288,3.23085,3.45915
702281,Robby Snelling,MIA,23,floor,,,starter,MLB,1.0,0.0,0.0,4.3,0.9,0.6,0.2,0.0,0.1,0.4,0.0,0.9,0.5,0.5,0.0,0.0,4.26,1.3,8.1,3.6,0.9,4.309,0.20585,0.09612,0.00884,0.0289,0.15037,0.03708,0.00268,4.26021,4.56125
656620,Gabe Klobosits,CHC,25,floor,,,reliever,MiLB (MLE),1.0,0.0,0.0,4.0,0.6,0.4,0.1,0.0,0.1,0.3,0.0,0.8,0.3,0.4,0.0,0.0,2.84,0.9,7.2,2.7,0.9,3.959,0.20772,0.07988,0.01178,0.02672,0.11019,0.03276,0.00295,2.83703,3.19126
679977,Noah Song,BOS,25,floor,,,reliever,MiLB (MLE),1.0,0.0,0.0,3.8,0.5,0.3,0.1,0.0,0.1,0.3,0.0,0.7,0.2,0.3,0.0,0.0,2.22,0.8,6.3,2.7,0.9,3.774,0.18568,0.07036,0.01196,0.02725,0.08959,0.02663,0.0024,2.222,2.49944
700786,Ben Sears,KC,25,floor,,,reliever,MiLB (MLE),1.0,0.0,0.0,3.8,0.5,0.3,0.1,0.0,0.1,0.3,0.0,0.7,0.3,0.3,0.0,0.0,2.49,0.8,6.3,2.7,0.9,3.814,0.18777,0.07127,0.01195,0.03216,0.09126,0.02713,0.00245,2.49439,2.80584
695558,Jonathan Santucci,NYM,25,floor,,,starter,MiLB (MLE),1.0,0.0,0.0,4.0,0.6,0.4,0.1,0.0,0.1,0.3,0.0,0.8,0.4,0.4,0.0,0.0,3.32,0.9,7.2,2.7,0.9,3.992,0.20714,0.07964,0.01178,0.0339,0.10952,0.03256,0.00293,3.31982,3.55441
801432,Eric Reyzelman,NYY,25,floor,,,reliever,MiLB (MLE),1.0,0.0,0.0,4.0,0.6,0.4,0.1,0.0,0.1,0.3,0.0,0.8,0.3,0.4,0.0,0.0,3.07,0.9,7.2,2.7,0.9,3.982,0.20714,0.07964,0.01178,0.03206,0.10952,0.03256,0.00293,3.07132,3.45481
642770,Javy Guerra,TB,31,floor,,,reliever,MLB,1.0,0.0,0.0,4.5,0.9,0.6,0.2,0.0,0.1,0.6,0.1,0.8,0.5,0.6,0.0,0.0,4.66,1.5,7.2,5.4,0.9,4.503,0.18773,0.12388,0.01532,0.03002,0.13886,0.04167,0.00329,4.6555,5.23678
676333,Sam Weatherly,COL,25,floor,,,reliever,MiLB (MLE),1.0,0.0,0.0,4.1,0.7,0.4,0.1,0.0,0.2,0.3,0.0,0.8,0.4,0.5,0.0,0.0,3.69,1.0,7.2,2.7,1.8,4.052,0.20721,0.07967,0.01178,0.04453,0.10962,0.03259,0.00294,3.68535,4.1455
664068,Scott Kingery,LAA,33,floor,,,reliever,MLB,1.0,0.0,0.0,4.2,1.0,0.6,0.2,0.0,0.2,0.3,0.0,0.9,0.5,0.6,0.0,0.0,4.41,1.3,8.1,2.7,1.8,4.231,0.20722,0.07829,0.0092,0.0436,0.13562,0.0414,0.00348,4.40652,4.95672
683522,Michael Arias,NYY,25,floor,,,reliever,MiLB (MLE),1.0,0.0,0.0,4.0,0.6,0.4,0.1,0.0,0.1,0.3,0.0,0.8,0.3,0.4,0.0,0.0,3.12,0.9,7.2,2.7,0.9,3.989,0.20724,0.07968,0.01178,0.03308,0.10964,0.03259,0.00294,3.1243,3.5144
656382,Tommy Doyle,COL,31,floor,,,reliever,MLB,1.0,0.0,0.0,4.3,0.9,0.6,0.2,0.0,0.1,0.4,0.0,0.9,0.5,0.5,0.0,0.0,4.17,1.3,8.1,3.6,0.9,4.296,0.20733,0.09647,0.00493,0.03095,0.14315,0.04296,0.0034,4.1655,4.6856
686676,Korey Lee,CWS,28,floor,,,reliever,MLB,1.0,0.0,0.0,4.3,0.9,0.6,0.2,0.0,0.1,0.4,0.0,0.9,0.5,0.5,0.0,0.0,4.12,1.3,8.1,3.6,0.9,4.279,0.20653,0.08887,0.00959,0.03184,0.14626,0.03963,0.00304,4.11585,4.62975
682624,Sandy Gaston,WSH,25,floor,,,reliever,MiLB (MLE),1.0,0.0,0.0,4.0,0.6,0.4,0.1,0.0,0.1,0.3,0.0,0.8,0.4,0.4,0.0,0.0,3.19,0.9,7.2,2.7,0.9,3.997,0.20736,0.07973,0.01178,0.0344,0.10978,0.03264,0.00294,3.19268,3.59132
692013,Henry Baez,OAK,25,floor,,,starter,MiLB (MLE),1.0,0.0,0.0,4.0,0.6,0.4,0.1,0.0,0.1,0.3,0.0,0.8,0.4,0.4,0.0,0.0,3.16,0.9,7.2,2.7,0.9,3.977,0.20737,0.07973,0.01178,0.03058,0.10978,0.03264,0.00294,3.16074,3.38409
681890,Troy Watson,SEA,25,floor,,,reliever,MiLB (MLE),1.0,0.0,0.0,3.8,0.5,0.3,0.1,0.0,0.1,0.3,0.0,0.7,0.3,0.3,0.0,0.0,2.41,0.8,6.3,2.7,0.9,3.802,0.18724,0.07104,0.01195,0.03055,0.09083,0.027,0.00243,2.40832,2.70902
547943,Hyun Jin Ryu,TOR,40,floor,,,reliever,MLB,1.0,0.0,0.0,4.2,0.9,0.6,0.2,0.0,0.1,0.3,0.0,0.8,0.5,0.5,0.0,0.0,4.17,1.2,7.2,2.7,0.9,4.219,0.18723,0.06934,0.00461,0.03307,0.15299,0.04591,0.00363,4.16688,4.68715
827626,Nate Payne,MIA,25,floor,,,starter,MiLB (MLE),1.0,0.0,0.0,4.0,0.6,0.4,0.1,0.0,0.1,0.3,0.0,0.8,0.4,0.4,0.0,0.0,3.35,0.9,7.2,2.7,0.9,3.997,0.20742,0.07976,0.01178,0.03422,0.10986,0.03266,0.00294,3.34755,3.5841
834978,Danny Thompson Jr.,TOR,25,floor,,,starter,MiLB (MLE),1.0,0.0,0.0,4.0,0.6,0.4,0.1,0.0,0.1,0.3,0.0,0.8,0.3,0.4,0.0,0.0,3.1,0.9,7.2,2.7,0.9,3.971,0.20749,0.07979,0.01178,0.02935,0.10993,0.03268,0.00295,3.10337,3.32267
683264,Adam Maier,SEA,25,floor,,,starter,MiLB (MLE),1.0,0.0,0.0,4.0,0.6,0.4,0.1,0.0,0.1,0.3,0.0,0.8,0.4,0.4,0.0,0.0,3.31,0.9,7.2,2.7,0.9,3.994,0.20749,0.07979,0.01178,0.03344,0.10994,0.03268,0.00295,3.31075,3.5447
800471,Franyer Herrera,NYY,25,floor,,,starter,MiLB (MLE),1.0,0.0,0.0,4.0,0.6,0.4,0.1,0.0,0.1,0.3,0.0,0.8,0.4,0.4,0.0,0.0,3.48,0.9,7.2,2.7,0.9,4.012,0.20755,0.07981,0.01178,0.03669,0.11002,0.03271,0.00295,3.47941,3.72527
690921,Micah Dallas,OAK,25,floor,,,reliever,MiLB (MLE),1.0,0.0,0.0,4.0,0.6,0.4,0.1,0.0,0.1,0.3,0.0,0.8,0.3,0.4,0.0,0.0,3.1,0.9,7.2,2.7,0.9,3.984,0.20689,0.07953,0.01179,0.03294,0.10922,0.03247,0.00293,3.10415,3.49173
805955,Carson Dorsey,BAL,25,floor,,,starter,MiLB (MLE),1.0,0.0,0.0,4.0,0.6,0.4,0.1,0.0,0.1,0.3,0.0,0.8,0.4,0.4,0.0,0.0,3.19,0.9,7.2,2.7,0.9,3.977,0.20689,0.07953,0.01179,0.0316,0.10922,0.03247,0.00293,3.19346,3.41913
693440,Taylor Dollard,SEA,25,floor,,,starter,MiLB (MLE),1.0,0.0,0.0,4.0,0.6,0.4,0.1,0.0,0.1,0.3,0.0,0.8,0.4,0.4,0.0,0.0,3.43,0.9,7.2,2.7,0.9,4.005,0.20735,0.07973,0.01178,0.03579,0.10978,0.03263,0.00294,3.42536,3.6674
676666,Matt Turner,NYM,25,floor,,,reliever,MiLB (MLE),1.0,0.0,0.0,4.0,0.6,0.4,0.1,0.0,0.1,0.3,0.0,0.8,0.4,0.4,0.0,0.0,3.2,0.9,7.2,2.7,0.9,4.002,0.20788,0.07995,0.01177,0.0342,0.11041,0.03282,0.00296,3.20329,3.60325
814489,Brett Wichrowski,MIL,25,floor,,,reliever,MiLB (MLE),1.0,0.0,0.0,4.0,0.6,0.4,0.1,0.0,0.1,0.3,0.0,0.8,0.4,0.4,0.0,0.0,3.2,0.9,7.2,2.7,0.9,4.002,0.20788,0.07995,0.01177,0.0342,0.11041,0.03282,0.00296,3.20329,3.60325
687077,Drew McDaniel,CWS,25,floor,,,starter,MiLB (MLE),1.0,0.0,0.0,4.0,0.6,0.4,0.1,0.0,0.1,0.3,0.0,0.8,0.4,0.4,0.0,0.0,3.42,0.9,7.2,2.7,0.9,4.008,0.20789,0.07996,0.01177,0.03522,0.11042,0.03283,0.00296,3.41817,3.65971
687062,Ramsey David,HOU,25,floor,,,reliever,MiLB (MLE),1.0,0.0,0.0,4.0,0.6,0.4,0.1,0.0,0.1,0.3,0.0,0.8,0.4,0.4,0.0,0.0,3.23,0.9,7.2,2.7,0.9,4.005,0.20794,0.07998,0.01177,0.03465,0.11049,0.03285,0.00296,3.22761,3.63061
665620,Deivi García,CWS,28,floor,,,reliever,MLB,1.0,0.0,0.0,4.4,0.8,0.6,0.1,0.0,0.1,0.5,0.0,0.9,0.5,0.5,0.0,0.0,4.25,1.3,8.1,4.5,0.9,4.362,0.20795,0.1146,0.00895,0.03386,0.1385,0.03361,0.00264,4.25422,4.7854
680232,Jackson Wolf,SD,28,floor,,,reliever,MLB,1.0,0.0,0.0,4.2,0.9,0.6,0.2,0.0,0.1,0.3,0.0,0.9,0.5,0.5,0.0,0.0,4.07,1.2,8.1,2.7,0.9,4.246,0.20796,0.08232,0.00884,0.03128,0.14471,0.04343,0.00343,4.07136,4.57971
683101,JJ Goss,OAK,25,floor,,,reliever,MiLB (MLE),1.0,0.0,0.0,4.0,0.6,0.4,0.1,0.0,0.1,0.3,0.0,0.8,0.3,0.4,0.0,0.0,2.98,0.9,7.2,2.7,0.9,3.977,0.20796,0.07999,0.01177,0.02951,0.1105,0.03285,0.00296,2.97961,3.35164
702877,Bryan Polanco,WSH,25,floor,,,reliever,MiLB (MLE),1.0,0.0,0.0,4.0,0.6,0.4,0.1,0.0,0.1,0.3,0.0,0.8,0.4,0.4,0.0,0.0,3.18,0.9,7.2,2.7,0.9,4.0,0.20796,0.07999,0.01177,0.03363,0.11051,0.03285,0.00296,3.1788,3.5757
696091,Marino Santy,CHC,25,floor,,,reliever,MiLB (MLE),1.0,0.0,0.0,4.0,0.6,0.4,0.1,0.0,0.1,0.3,0.0,0.8,0.3,0.4,0.0,0.0,2.86,0.9,7.2,2.7,0.9,3.963,0.20797,0.07999,0.01177,0.02694,0.1105,0.03285,0.00296,2.8569,3.21361
687924,Julian Aguiar,CIN,26,floor,,,starter,MLB,1.0,0.0,0.0,4.4,1.0,0.7,0.2,0.0,0.1,0.4,0.1,0.8,0.5,0.5,0.0,0.0,4.57,1.4,7.2,3.6,0.9,4.369,0.18594,0.08511,0.02569,0.03076,0.15037,0.03817,0.00309,4.57122,4.89424
681449,Brandon White,MIA,25,floor,,,starter,MiLB (MLE),1.0,0.0,0.0,3.8,0.5,0.3,0.1,0.0,0.1,0.3,0.0,0.7,0.3,0.3,0.0,0.0,2.88,0.8,6.3,2.7,0.9,3.832,0.18582,0.07042,0.01196,0.0387,0.08971,0.02667,0.0024,2.88224,3.08591
641149,Wes Parsons,CLE,34,floor,,,reliever,MLB,1.0,0.0,0.0,4.3,0.9,0.6,0.2,0.0,0.1,0.4,0.1,0.9,0.4,0.5,0.0,0.0,4.02,1.3,8.1,3.6,0.9,4.273,0.20758,0.08347,0.01337,0.02834,0.14821,0.04163,0.00322,4.02137,4.52348
701207,Dennis Colleran Jr.,KC,25,floor,,,reliever,MiLB (MLE),1.0,0.0,0.0,4.0,0.6,0.4,0.1,0.0,0.1,0.3,0.0,0.8,0.4,0.4,0.0,0.0,3.33,0.9,7.2,2.7,0.9,4.015,0.20758,0.07983,0.01178,0.03706,0.11006,0.03272,0.00295,3.33102,3.74693
828594,Michael Watson,STL,25,floor,,,reliever,MiLB (MLE),1.0,0.0,0.0,4.0,0.6,0.4,0.1,0.0,0.1,0.3,0.0,0.8,0.3,0.4,0.0,0.0,3.02,0.9,7.2,2.7,0.9,3.98,0.2076,0.07983,0.01178,0.03066,0.11007,0.03272,0.00295,3.02152,3.39878
699214,Leandro Lopez,TEX,25,floor,,,reliever,MiLB (MLE),1.0,0.0,0.0,4.0,0.6,0.4,0.1,0.0,0.1,0.3,0.0,0.8,0.3,0.4,0.0,0.0,3.02,0.9,7.2,2.7,0.9,3.98,0.2076,0.07983,0.01178,0.03066,0.11007,0.03272,0.00295,3.02152,3.39878
660600,Enoli Paredes,CHC,31,floor,,,reliever,MLB,1.0,0.0,0.0,4.3,0.9,0.6,0.2,0.0,0.1,0.4,0.1,0.9,0.5,0.5,0.0,0.0,4.28,1.3,8.1,3.6,0.9,4.334,0.20762,0.09708,0.01628,0.03289,0.13798,0.04025,0.00332,4.2791,4.81339
682225,Billy Corcoran,ARI,25,floor,,,reliever,MiLB (MLE),1.0,0.0,0.0,4.1,0.8,0.5,0.1,0.0,0.2,0.3,0.0,0.9,0.4,0.5,0.0,0.0,3.72,1.1,8.1,2.7,1.8,4.059,0.20768,0.07987,0.01177,0.04479,0.11019,0.03276,0.00295,3.71773,4.18192
682999,Will Childers,MIL,25,floor,,,reliever,MiLB (MLE),1.0,0.0,0.0,4.0,0.6,0.4,0.1,0.0,0.1,0.3,0.0,0.8,0.4,0.4,0.0,0.0,3.28,0.9,7.2,2.7,0.9,4.01,0.20769,0.07987,0.01178,0.03597,0.11018,0.03275,0.00295,3.28228,3.6921
592390,Heath Hembree,LAD,38,floor,,,reliever,MLB,1.0,0.0,0.0,4.3,0.9,0.6,0.2,0.0,0.1,0.5,0.0,0.9,0.5,0.5,0.0,0.0,4.1,1.4,8.1,4.5,0.9,4.304,0.2077,0.105,0.00472,0.02997,0.13863,0.0416,0.00329,4.10268,4.61494
694968,Jack Mahoney,COL,25,floor,,,starter,MiLB (MLE),1.0,0.0,0.0,4.0,0.6,0.4,0.1,0.0,0.1,0.3,0.0,0.8,0.4,0.4,0.0,0.0,3.17,0.9,7.2,2.7,0.9,3.979,0.2077,0.07988,0.01178,0.03042,0.11019,0.03276,0.00295,3.16635,3.3901
694393,Jaxon Wiggins,CHC,25,floor,,,reliever,MiLB (MLE),1.0,0.0,0.0,4.0,0.6,0.4,0.1,0.0,0.1,0.3,0.0,0.8,0.3,0.4,0.0,0.0,3.01,0.9,7.2,2.7,0.9,3.979,0.2077,0.07988,0.01178,0.03042,0.11019,0.03276,0.00295,3.0138,3.3901
684725,Zach Messinger,NYY,25,floor,,,reliever,MiLB (MLE),1.0,0.0,0.0,3.8,0.5,0.3,0.1,0.0,0.1,0.3,0.0,0.7,0.3,0.3,0.0,0.0,2.29,0.8,6.3,2.7,0.9,3.783,0.18585,0.07043,0.01196,0.02872,0.08973,0.02667,0.0024,2.29174,2.57789
545121,Ildemaro Vargas,ARI,35,floor,,,reliever,MLB,1.0,0.0,0.0,4.4,0.9,0.6,0.2,0.0,0.1,0.4,0.1,0.8,0.5,0.6,0.0,0.0,4.52,1.3,7.2,3.6,0.9,4.417,0.18714,0.08988,0.03334,0.031,0.14015,0.04321,0.00291,4.51934,5.08362
657031,Josh Taylor,KC,34,floor,,,reliever,MLB,1.0,0.0,0.0,4.2,0.9,0.6,0.2,0.0,0.1,0.4,0.0,1.0,0.4,0.5,0.0,0.0,3.71,1.3,9.0,3.6,0.9,4.189,0.23984,0.09079,0.00554,0.02925,0.13528,0.0406,0.00321,3.71456,4.17836
543510,James McCann,ARI,37,floor,,,reliever,MLB,1.0,0.0,0.0,4.3,0.9,0.6,0.2,0.0,0.1,0.4,0.0,0.8,0.5,0.5,0.0,0.0,4.22,1.3,7.2,3.6,0.9,4.288,0.18861,0.08756,0.00797,0.0315,0.1471,0.04223,0.00423,4.21899,4.74577
825576,Brandt Thompson,STL,25,floor,,,starter,MiLB (MLE),1.0,0.0,0.0,3.8,0.5,0.3,0.1,0.0,0.1,0.3,0.0,0.7,0.3,0.3,0.0,0.0,2.44,0.8,6.3,2.7,0.9,3.798,0.18849,0.07158,0.01195,0.02799,0.09183,0.0273,0.00246,2.44129,2.6138
665019,Kody Clemens,DET,31,floor,,,reliever,MLB,1.0,0.0,0.0,4.3,1.0,0.6,0.2,0.0,0.2,0.4,0.0,0.8,0.5,0.6,0.0,0.0,4.45,1.4,7.2,3.6,1.8,4.291,0.18836,0.08544,0.00644,0.03657,0.14156,0.04778,0.0033,4.45016,5.00581
681973,Josh Hendrickson,HOU,29,floor,,,reliever,MLB,1.0,0.0,0.0,4.2,0.9,0.6,0.2,0.0,0.1,0.3,0.0,0.9,0.4,0.5,0.0,0.0,3.75,1.2,8.1,2.7,0.9,4.209,0.22571,0.081,0.01014,0.02571,0.14386,0.04412,0.00302,3.75023,4.21848
687014,Nick Avila,SF,29,floor,,,reliever,MLB,1.0,0.0,0.0,4.2,0.9,0.6,0.2,0.0,0.1,0.3,0.0,0.9,0.4,0.5,0.0,0.0,3.83,1.2,8.1,2.7,0.9,4.175,0.22577,0.07967,0.00668,0.02819,0.13226,0.0514,0.00403,3.83034,4.30859
700400,Matt Ager,PIT,25,floor,,,starter,MiLB (MLE),1.0,0.0,0.0,3.9,0.7,0.4,0.1,0.0,0.2,0.3,0.0,0.7,0.3,0.4,0.0,0.0,3.09,1.0,6.3,2.7,1.8,3.865,0.18834,0.07152,0.01195,0.04146,0.09172,0.02727,0.00246,3.08517,3.30318
682620,Richard Gallardo,TOR,25,floor,,,starter,MiLB (MLE),1.0,0.0,0.0,3.8,0.5,0.3,0.1,0.0,0.1,0.3,0.0,0.7,0.3,0.3,0.0,0.0,2.64,0.8,6.3,2.7,0.9,3.819,0.1883,0.0715,0.01195,0.03233,0.09168,0.02726,0.00246,2.64272,2.82947
679525,Alec Marsh,KC,29,floor,,,starter,MLB,1.0,0.0,0.0,4.3,0.9,0.6,0.2,0.0,0.1,0.4,0.1,1.0,0.5,0.6,0.0,0.0,4.64,1.3,9.0,3.6,0.9,4.337,0.22587,0.08691,0.02203,0.03446,0.13637,0.04454,0.00403,4.63971,4.96757
692229,Carlos Rey,ARI,25,floor,,,reliever,MiLB (MLE),1.0,0.0,0.0,4.0,0.6,0.4,0.1,0.0,0.1,0.3,0.0,0.8,0.3,0.4,0.0,0.0,2.92,0.9,7.2,2.7,0.9,3.964,0.2069,0.07953,0.01179,0.02915,0.10923,0.03247,0.00293,2.92218,3.28704
592741,Chasen Shreve,CIN,36,floor,,,reliever,MLB,1.0,0.0,0.0,4.2,0.9,0.6,0.2,0.0,0.1,0.3,0.0,0.9,0.4,0.5,0.0,0.0,3.87,1.2,8.1,2.7,0.9,4.174,0.2259,0.08135,0.00493,0.03561,0.14099,0.03681,0.00246,3.86898,4.35206
687856,Andrew Bash,OAK,25,floor,,,reliever,MiLB (MLE),1.0,0.0,0.0,3.8,0.5,0.3,0.1,0.0,0.1,0.3,0.0,0.7,0.3,0.3,0.0,0.0,2.71,0.8,6.3,2.7,0.9,3.839,0.18811,0.07142,0.01195,0.03666,0.09153,0.02721,0.00245,2.70839,3.04656
681410,Connor McCullough,CWS,25,floor,,,starter,MiLB (MLE),1.0,0.0,0.0,3.8,0.5,0.3,0.1,0.0,0.1,0.3,0.0,0.7,0.3,0.3,0.0,0.0,2.43,0.8,6.3,2.7,0.9,3.795,0.18793,0.07134,0.01195,0.02817,0.09138,0.02716,0.00245,2.43496,2.60703
687900,Andrew Baker,COL,25,floor,,,reliever,MiLB (MLE),1.0,0.0,0.0,4.0,0.6,0.4,0.1,0.0,0.1,0.3,0.0,0.8,0.3,0.4,0.0,0.0,3.14,0.9,7.2,2.7,0.9,3.987,0.20676,0.07948,0.01179,0.03375,0.10908,0.03243,0.00292,3.13854,3.53042
660781,Domingo Robles,OAK,25,floor,,,reliever,MiLB (MLE),1.0,0.0,0.0,4.0,0.6,0.4,0.1,0.0,0.1,0.3,0.0,0.8,0.3,0.4,0.0,0.0,3.14,0.9,7.2,2.7,0.9,3.987,0.20676,0.07948,0.01179,0.03375,0.10908,0.03243,0.00292,3.13854,3.53042
800537,Christian Zazueta,LAD,25,floor,,,starter,MiLB (MLE),1.0,0.0,0.0,4.0,0.6,0.4,0.1,0.0,0.1,0.3,0.0,0.8,0.4,0.4,0.0,0.0,3.32,0.9,7.2,2.7,0.9,3.99,0.20676,0.07948,0.01179,0.03416,0.10908,0.03243,0.00292,3.31829,3.55277
701590,Khal Stephen,CLE,25,floor,,,starter,MiLB (MLE),1.0,0.0,0.0,4.0,0.6,0.4,0.1,0.0,0.1,0.3,0.0,0.8,0.3,0.4,0.0,0.0,3.13,0.9,7.2,2.7,0.9,3.969,0.20677,0.07948,0.01179,0.03037,0.10909,0.03243,0.00292,3.12688,3.34784
807314,Trevor Harrison,TB,25,floor,,,starter,MiLB (MLE),1.0,0.0,0.0,4.0,0.7,0.4,0.1,0.0,0.2,0.3,0.0,0.8,0.4,0.4,0.0,0.0,3.57,1.0,7.2,2.7,1.8,4.015,0.20646,0.07935,0.01179,0.03939,0.10874,0.03233,0.00291,3.57395,3.8265
694833,Rio Britton,ARI,25,floor,,,starter,MiLB (MLE),1.0,0.0,0.0,4.0,0.6,0.4,0.1,0.0,0.1,0.3,0.0,0.8,0.4,0.4,0.0,0.0,3.21,0.9,7.2,2.7,0.9,3.976,0.20648,0.07935,0.01179,0.03225,0.10875,0.03233,0.00291,3.21007,3.4369
827620,Jake Shirk,PIT,25,floor,,,reliever,MiLB (MLE),1.0,0.0,0.0,4.0,0.6,0.4,0.1,0.0,0.1,0.3,0.0,0.8,0.3,0.4,0.0,0.0,3.08,0.9,7.2,2.7,0.9,3.98,0.20653,0.07938,0.01179,0.03281,0.10881,0.03235,0.00292,3.08421,3.46931
820825,Konner Eaton,COL,25,floor,,,starter,MiLB (MLE),1.0,0.0,0.0,3.8,0.5,0.3,0.1,0.0,0.1,0.3,0.0,0.7,0.3,0.3,0.0,0.0,2.93,0.8,6.3,2.7,0.9,3.849,0.18824,0.07147,0.01195,0.03837,0.09164,0.02724,0.00246,2.93205,3.13924
608638,JT Chargois,SEA,36,floor,,,reliever,MLB,1.0,0.0,0.0,4.3,0.9,0.6,0.2,0.0,0.1,0.4,0.0,0.9,0.5,0.5,0.0,0.0,4.06,1.3,8.1,3.6,0.9,4.261,0.20692,0.08865,0.01028,0.02904,0.13735,0.04772,0.00329,4.05639,4.56287
692179,Thomas Ireland,TEX,25,floor,,,reliever,MiLB (MLE),1.0,0.0,0.0,4.0,0.6,0.4,0.1,0.0,0.1,0.3,0.0,0.8,0.3,0.4,0.0,0.0,2.89,0.9,7.2,2.7,0.9,3.96,0.20697,0.07956,0.01179,0.02833,0.10931,0.0325,0.00293,2.88576,3.24608
668670,Jake Rogers,DET,32,floor,,,reliever,MLB,1.0,0.0,0.0,4.3,0.9,0.6,0.2,0.0,0.1,0.3,0.1,0.9,0.4,0.5,0.0,0.0,3.89,1.2,8.1,2.7,0.9,4.298,0.20699,0.07931,0.02729,0.02303,0.14917,0.04071,0.00275,3.88732,4.37268
687776,Alejandro Torres,HOU,25,floor,,,reliever,MiLB (MLE),1.0,0.0,0.0,4.0,0.6,0.4,0.1,0.0,0.1,0.3,0.0,0.8,0.4,0.4,0.0,0.0,3.23,0.9,7.2,2.7,0.9,4.0,0.207,0.07958,0.01178,0.03552,0.10936,0.03251,0.00293,3.23346,3.63719
822472,Domenic Picone,STL,25,floor,,,reliever,MiLB (MLE),1.0,0.0,0.0,4.0,0.6,0.4,0.1,0.0,0.1,0.3,0.0,0.8,0.3,0.4,0.0,0.0,3.11,0.9,7.2,2.7,0.9,3.986,0.207,0.07958,0.01178,0.03299,0.10936,0.03251,0.00293,3.11084,3.49926
801078,Braden Davis,STL,25,floor,,,starter,MiLB (MLE),1.0,0.0,0.0,3.8,0.5,0.3,0.1,0.0,0.1,0.3,0.0,0.7,0.3,0.3,0.0,0.0,2.74,0.8,6.3,2.7,0.9,3.824,0.18723,0.07104,0.01195,0.03499,0.09083,0.027,0.00243,2.74158,2.93531
663658,Thaddeus Ward,WSH,30,floor,,,reliever,MLB,1.0,0.0,0.0,4.4,0.9,0.6,0.2,0.0,0.1,0.5,0.1,0.9,0.5,0.5,0.0,0.0,4.37,1.4,8.1,4.5,0.9,4.419,0.20703,0.11821,0.01228,0.02952,0.13656,0.04098,0.00324,4.37041,4.91609
685410,Peyton Battenfield,CLE,29,floor,,,reliever,MLB,1.0,0.0,0.0,4.2,0.9,0.6,0.2,0.0,0.1,0.4,0.0,0.9,0.4,0.5,0.0,0.0,4.05,1.3,8.1,3.6,0.9,4.235,0.20707,0.08457,0.00399,0.03139,0.14521,0.04358,0.00345,4.04551,4.55062
694207,Brayan Mendoza,MIA,25,floor,,,reliever,MiLB (MLE),1.0,0.0,0.0,4.0,0.6,0.4,0.1,0.0,0.1,0.3,0.0,0.8,0.3,0.4,0.0,0.0,3.13,0.9,7.2,2.7,0.9,3.988,0.20709,0.07962,0.01178,0.03328,0.10946,0.03254,0.00293,3.12795,3.5185
820832,Blake Aita,STL,25,floor,,,starter,MiLB (MLE),1.0,0.0,0.0,4.0,0.7,0.4,0.1,0.0,0.2,0.3,0.0,0.8,0.4,0.4,0.0,0.0,3.6,1.0,7.2,2.7,1.8,4.022,0.2071,0.07962,0.01178,0.03938,0.10949,0.03255,0.00293,3.59983,3.85421
696522,Hayden Juenger,OAK,26,projected,,,reliever,MLB,1.0,0.0,0.0,4.3,1.0,0.7,0.2,0.0,0.1,0.4,0.1,0.7,0.4,0.5,0.0,0.0,3.87,1.4,6.3,3.6,0.9,4.317,0.17369,0.0898,0.01194,0.01478,0.15297,0.05208,0.00364,3.86761,4.35052
660813,Brusdar Graterol,LAD,28,floor,,,reliever,MLB,1.0,0.0,0.0,4.2,1.0,0.6,0.2,0.0,0.2,0.3,0.0,0.9,0.5,0.5,0.0,0.0,4.06,1.3,8.1,2.7,1.8,4.166,0.20713,0.06413,0.01073,0.03605,0.13977,0.0467,0.00335,4.06031,4.56728
686763,Gunner Mayer,SEA,25,floor,,,reliever,MiLB (MLE),1.0,0.0,0.0,4.0,0.6,0.4,0.1,0.0,0.1,0.3,0.0,0.8,0.4,0.4,0.0,0.0,3.25,0.9,7.2,2.7,0.9,4.002,0.20713,0.07963,0.01178,0.03573,0.10952,0.03256,0.00293,3.24886,3.65451
801594,Ryan Gallagher,MIN,25,floor,,,starter,MiLB (MLE),1.0,0.0,0.0,3.7,0.5,0.3,0.1,0.0,0.1,0.2,0.0,0.6,0.3,0.3,0.0,0.0,2.53,0.7,5.4,1.8,0.9,3.733,0.17162,0.06423,0.01203,0.0386,0.0792,0.02355,0.00212,2.52613,2.70463
677337,Pete Hansen,STL,25,floor,,,starter,MiLB (MLE),1.0,0.0,0.0,3.7,0.5,0.3,0.1,0.0,0.1,0.2,0.0,0.6,0.2,0.3,0.0,0.0,2.14,0.7,5.4,1.8,0.9,3.695,0.17193,0.06436,0.01203,0.03011,0.07942,0.02361,0.00213,2.14237,2.29376
456501,Johnny Cueto,LAA,41,floor,,,starter,MLB,1.0,0.0,0.0,4.2,1.0,0.6,0.2,0.0,0.2,0.3,0.0,0.7,0.5,0.5,0.0,0.0,4.62,1.3,6.3,2.7,1.8,4.24,0.17257,0.06418,0.01011,0.03787,0.15449,0.04116,0.00523,4.61767,4.94397
805661,Greg Farone,SF,25,floor,,,starter,MiLB (MLE),1.0,0.0,0.0,3.8,0.5,0.3,0.1,0.0,0.1,0.3,0.0,0.7,0.3,0.3,0.0,0.0,2.93,0.8,6.3,2.7,0.9,3.844,0.18722,0.07103,0.01195,0.03899,0.09082,0.027,0.00243,2.93433,3.14169
664350,Sixto Sánchez,MIA,28,floor,,,reliever,MLB,1.0,0.0,0.0,4.3,0.9,0.7,0.1,0.0,0.1,0.4,0.1,0.7,0.4,0.5,0.0,0.0,3.83,1.3,6.3,3.6,0.9,4.342,0.17325,0.08609,0.01639,0.01845,0.17383,0.03148,0.00287,3.82732,4.3052
670124,Adam Oller,MIA,32,floor,,,starter,MLB,1.0,0.0,0.0,4.4,0.9,0.6,0.2,0.0,0.1,0.5,0.0,0.8,0.5,0.6,0.0,0.0,4.64,1.4,7.2,4.5,0.9,4.394,0.17326,0.10759,0.0085,0.02809,0.14255,0.04698,0.00327,4.63557,4.96314
642028,Josh Rogers,COL,32,floor,,,reliever,MLB,1.0,0.0,0.0,4.3,1.0,0.7,0.2,0.0,0.1,0.4,0.1,0.7,0.5,0.5,0.0,0.0,4.25,1.4,6.3,3.6,0.9,4.323,0.17341,0.0848,0.01212,0.02751,0.15206,0.04596,0.00363,4.25381,4.78494
542947,Richard Bleier,BOS,40,floor,,,reliever,MLB,1.0,0.0,0.0,4.2,1.0,0.7,0.2,0.0,0.1,0.3,0.0,0.7,0.5,0.5,0.0,0.0,4.3,1.3,6.3,2.7,0.9,4.243,0.17346,0.06272,0.0115,0.03359,0.15539,0.04663,0.00369,4.29874,4.83548
689275,Henry Williams,KC,25,floor,,,starter,MiLB (MLE),1.0,0.0,0.0,3.7,0.5,0.3,0.1,0.0,0.1,0.2,0.0,0.6,0.3,0.3,0.0,0.0,2.49,0.7,5.4,1.8,0.9,3.738,0.17357,0.06508,0.01202,0.03685,0.08059,0.02396,0.00216,2.49022,2.66619
686463,Thomas Schultz,WSH,25,floor,,,reliever,MiLB (MLE),1.0,0.0,0.0,4.0,0.6,0.4,0.1,0.0,0.1,0.3,0.0,0.8,0.3,0.4,0.0,0.0,3.12,0.9,7.2,2.7,0.9,3.987,0.20712,0.07963,0.01178,0.03304,0.1095,0.03255,0.00293,3.11756,3.50681
670351,Jose Rojas,NYM,25,floor,,,reliever,MiLB (MLE),1.0,0.0,0.0,4.2,0.9,0.6,0.2,0.0,0.1,0.4,0.0,0.9,0.4,0.5,0.0,0.0,3.84,1.3,8.1,3.6,0.9,4.217,0.22045,0.08511,0.01133,0.02899,0.13879,0.04126,0.00372,3.84436,4.32436
833416,Ryan Bilka,CLE,25,floor,,,reliever,MiLB (MLE),1.0,0.0,0.0,4.2,0.9,0.6,0.2,0.0,0.1,0.4,0.0,0.9,0.4,0.5,0.0,0.0,3.84,1.3,8.1,3.6,0.9,4.216,0.22045,0.08511,0.01133,0.02898,0.13874,0.04125,0.00372,3.84241,4.32217
700794,Frankie Scalzo Jr.,CHC,25,floor,,,reliever,MiLB (MLE),1.0,0.0,0.0,4.2,0.9,0.6,0.2,0.0,0.1,0.4,0.0,0.9,0.4,0.5,0.0,0.0,3.84,1.3,8.1,3.6,0.9,4.217,0.22045,0.08511,0.01133,0.02899,0.13879,0.04126,0.00372,3.84436,4.32436
808911,Grant Richardson,OAK,25,floor,,,reliever,MiLB (MLE),1.0,0.0,0.0,4.2,0.9,0.6,0.2,0.0,0.1,0.4,0.0,0.9,0.4,0.5,0.0,0.0,3.84,1.3,8.1,3.6,0.9,4.216,0.22045,0.08511,0.01133,0.02898,0.13874,0.04125,0.00372,3.84241,4.32217
695950,Nicolo Pinazzi,LAA,25,floor,,,reliever,MiLB (MLE),1.0,0.0,0.0,4.2,0.9,0.6,0.2,0.0,0.1,0.4,0.0,0.9,0.4,0.5,0.0,0.0,3.84,1.3,8.1,3.6,0.9,4.217,0.22045,0.08511,0.01133,0.02899,0.13879,0.04126,0.00372,3.84436,4.32436
832008,Brady Pendley,LAD,25,floor,,,reliever,MiLB (MLE),1.0,0.0,0.0,4.2,0.9,0.6,0.2,0.0,0.1,0.4,0.0,0.9,0.4,0.5,0.0,0.0,3.85,1.3,8.1,3.6,0.9,4.217,0.22045,0.08511,0.01133,0.029,0.13884,0.04127,0.00372,3.84631,4.32656
830353,Gavin Seebold,TOR,25,floor,,,reliever,MiLB (MLE),1.0,0.0,0.0,4.2,0.9,0.6,0.2,0.0,0.1,0.4,0.0,0.9,0.4,0.5,0.0,0.0,3.85,1.3,8.1,3.6,0.9,4.217,0.22045,0.08511,0.01133,0.029,0.13884,0.04127,0.00372,3.84631,4.32656
802508,Jeremy Pilon,TB,25,floor,,,reliever,MiLB (MLE),1.0,0.0,0.0,4.2,0.9,0.6,0.2,0.0,0.1,0.4,0.0,0.9,0.4,0.5,0.0,0.0,3.85,1.3,8.1,3.6,0.9,4.217,0.22045,0.08511,0.01133,0.029,0.13884,0.04127,0.00372,3.84631,4.32656
666165,Blake Sabol,TB,25,floor,,,reliever,MiLB (MLE),1.0,0.0,0.0,4.2,0.9,0.6,0.2,0.0,0.1,0.4,0.0,0.9,0.4,0.5,0.0,0.0,3.84,1.3,8.1,3.6,0.9,4.217,0.22045,0.08511,0.01133,0.02899,0.13879,0.04126,0.00372,3.84436,4.32436
670276,Cal Stevenson,DET,25,floor,,,reliever,MiLB (MLE),1.0,0.0,0.0,4.2,0.9,0.6,0.2,0.0,0.1,0.4,0.0,0.9,0.4,0.5,0.0,0.0,3.96,1.3,8.1,3.6,0.9,4.231,0.22044,0.0851,0.01133,0.03125,0.13878,0.04126,0.00372,3.96256,4.45732
813752,Nick Brink,MIA,25,floor,,,reliever,MiLB (MLE),1.0,0.0,0.0,4.2,0.9,0.6,0.2,0.0,0.1,0.4,0.0,0.9,0.4,0.5,0.0,0.0,3.84,1.3,8.1,3.6,0.9,4.216,0.22044,0.0851,0.01133,0.02897,0.13871,0.04124,0.00372,3.84111,4.32071
698785,Kai Wynyard,TEX,25,floor,,,reliever,MiLB (MLE),1.0,0.0,0.0,4.2,0.9,0.6,0.2,0.0,0.1,0.4,0.0,0.9,0.4,0.5,0.0,0.0,3.84,1.3,8.1,3.6,0.9,4.215,0.22044,0.0851,0.01133,0.02896,0.13863,0.04121,0.00371,3.83787,4.31706
828781,Alex Barr,OAK,25,floor,,,reliever,MiLB (MLE),1.0,0.0,0.0,4.1,0.8,0.5,0.2,0.0,0.1,0.3,0.0,0.9,0.4,0.5,0.0,0.0,3.69,1.1,8.1,2.7,0.9,4.139,0.21745,0.08397,0.01156,0.03386,0.12594,0.03744,0.00337,3.68896,4.14956
688519,Sam Whiting,SEA,25,floor,,,reliever,MiLB (MLE),1.0,0.0,0.0,4.2,0.9,0.6,0.2,0.0,0.1,0.4,0.0,0.9,0.4,0.5,0.0,0.0,3.84,1.3,8.1,3.6,0.9,4.215,0.22044,0.0851,0.01133,0.02896,0.13863,0.04121,0.00371,3.83787,4.31706
820879,Luis Pimentel,CIN,25,floor,,,reliever,MiLB (MLE),1.0,0.0,0.0,4.2,0.9,0.6,0.2,0.0,0.1,0.4,0.0,0.9,0.4,0.5,0.0,0.0,3.88,1.3,8.1,3.6,0.9,4.22,0.22044,0.0851,0.01133,0.02968,0.13865,0.04122,0.00372,3.87585,4.35978
829524,Chase Jessee,KC,25,floor,,,reliever,MiLB (MLE),1.0,0.0,0.0,4.2,0.9,0.6,0.2,0.0,0.1,0.4,0.0,0.9,0.4,0.5,0.0,0.0,3.96,1.3,8.1,3.6,0.9,4.231,0.22044,0.0851,0.01133,0.03125,0.13878,0.04126,0.00372,3.96256,4.45732
823650,Miqueas Mercedes,MIL,25,floor,,,starter,MiLB (MLE),1.0,0.0,0.0,4.2,0.9,0.6,0.2,0.0,0.1,0.4,0.0,0.9,0.4,0.5,0.0,0.0,4.04,1.3,8.1,3.6,0.9,4.216,0.22044,0.0851,0.01133,0.02897,0.13871,0.04124,0.00372,4.03554,4.32071
822483,Sean Matson,CLE,25,floor,,,reliever,MiLB (MLE),1.0,0.0,0.0,4.2,0.9,0.6,0.2,0.0,0.1,0.4,0.0,0.9,0.4,0.5,0.0,0.0,3.96,1.3,8.1,3.6,0.9,4.231,0.22044,0.0851,0.01133,0.03125,0.13878,0.04126,0.00372,3.96256,4.45732
821064,Gilbel Galvan,BOS,25,floor,,,reliever,MiLB (MLE),1.0,0.0,0.0,4.2,0.9,0.6,0.2,0.0,0.1,0.4,0.0,0.9,0.4,0.5,0.0,0.0,3.84,1.3,8.1,3.6,0.9,4.216,0.22044,0.0851,0.01133,0.02896,0.13865,0.04122,0.00372,3.83852,4.31779
808158,Angel Liranzo,PHI,25,floor,,,reliever,MiLB (MLE),1.0,0.0,0.0,4.2,0.9,0.6,0.2,0.0,0.1,0.4,0.0,0.9,0.4,0.5,0.0,0.0,3.95,1.3,8.1,3.6,0.9,4.23,0.22044,0.0851,0.01133,0.03113,0.13874,0.04124,0.00372,3.95478,4.44857
801207,Emmett Olson,MIA,25,floor,,,reliever,MiLB (MLE),1.0,0.0,0.0,4.2,0.9,0.6,0.2,0.0,0.1,0.4,0.0,0.9,0.4,0.5,0.0,0.0,3.84,1.3,8.1,3.6,0.9,4.215,0.22044,0.0851,0.01133,0.02896,0.13863,0.04121,0.00371,3.83787,4.31706
806916,Harrison Ruiz,CLE,25,floor,,,reliever,MiLB (MLE),1.0,0.0,0.0,4.2,0.9,0.6,0.2,0.0,0.1,0.4,0.0,0.9,0.4,0.5,0.0,0.0,3.88,1.3,8.1,3.6,0.9,4.22,0.22044,0.0851,0.01133,0.02968,0.13865,0.04122,0.00372,3.87585,4.35978
828499,Griffin Kilander,BOS,25,floor,,,reliever,MiLB (MLE),1.0,0.0,0.0,4.2,0.9,0.6,0.2,0.0,0.1,0.4,0.0,0.9,0.4,0.5,0.0,0.0,3.84,1.3,8.1,3.6,0.9,4.215,0.22044,0.0851,0.01133,0.02896,0.13863,0.04121,0.00371,3.83787,4.31706
699154,Alvaro Mejias,TB,25,floor,,,reliever,MiLB (MLE),1.0,0.0,0.0,4.2,0.9,0.6,0.2,0.0,0.1,0.4,0.0,0.9,0.4,0.5,0.0,0.0,3.88,1.3,8.1,3.6,0.9,4.221,0.22044,0.0851,0.01133,0.0297,0.13874,0.04125,0.00372,3.87979,4.36422
667240,Jason Matthews,CWS,25,floor,,,reliever,MiLB (MLE),1.0,0.0,0.0,4.2,0.9,0.6,0.2,0.0,0.1,0.4,0.0,0.9,0.4,0.5,0.0,0.0,3.84,1.3,8.1,3.6,0.9,4.217,0.22045,0.08511,0.01133,0.02899,0.13879,0.04126,0.00372,3.84436,4.32436
698968,Samir Chires,SF,25,floor,,,reliever,MiLB (MLE),1.0,0.0,0.0,4.2,0.9,0.6,0.2,0.0,0.1,0.4,0.0,0.9,0.4,0.5,0.0,0.0,3.96,1.3,8.1,3.6,0.9,4.231,0.22044,0.0851,0.01133,0.03125,0.13878,0.04126,0.00372,3.96256,4.45732
814343,Danny Flatt,NYY,25,floor,,,reliever,MiLB (MLE),1.0,0.0,0.0,4.2,0.9,0.6,0.2,0.0,0.1,0.4,0.0,0.9,0.4,0.5,0.0,0.0,3.85,1.3,8.1,3.6,0.9,4.219,0.22046,0.08511,0.01133,0.02904,0.13902,0.04133,0.00373,3.85414,4.33537
806095,Seth Clark,TEX,25,floor,,,reliever,MiLB (MLE),1.0,0.0,0.0,4.2,0.9,0.6,0.2,0.0,0.1,0.4,0.0,0.9,0.4,0.5,0.0,0.0,3.96,1.3,8.1,3.6,0.9,4.232,0.22046,0.08511,0.01133,0.0311,0.13902,0.04133,0.00373,3.9619,4.45658
805725,Jake Miller,DET,25,floor,,,reliever,MiLB (MLE),1.0,0.0,0.0,4.2,0.9,0.6,0.2,0.0,0.1,0.4,0.0,0.9,0.4,0.5,0.0,0.0,3.85,1.3,8.1,3.6,0.9,4.218,0.22046,0.08511,0.01133,0.02902,0.13891,0.04129,0.00372,3.84924,4.32986
694896,Caden Rose,BOS,25,floor,,,reliever,MiLB (MLE),1.0,0.0,0.0,4.2,0.9,0.6,0.2,0.0,0.1,0.4,0.0,0.9,0.4,0.5,0.0,0.0,3.85,1.3,8.1,3.6,0.9,4.218,0.22046,0.08511,0.01133,0.02902,0.13891,0.04129,0.00372,3.84924,4.32986
829680,Claudio Estelie,PIT,25,floor,,,reliever,MiLB (MLE),1.0,0.0,0.0,4.2,0.9,0.6,0.2,0.0,0.1,0.4,0.0,0.9,0.4,0.5,0.0,0.0,3.96,1.3,8.1,3.6,0.9,4.231,0.22045,0.0851,0.01133,0.03118,0.1389,0.04129,0.00372,3.96223,4.45695
836056,Jadon Williamson,MIA,25,floor,,,reliever,MiLB (MLE),1.0,0.0,0.0,4.2,0.9,0.6,0.2,0.0,0.1,0.4,0.0,0.9,0.4,0.5,0.0,0.0,3.96,1.3,8.1,3.6,0.9,4.23,0.22045,0.0851,0.01133,0.03116,0.13883,0.04127,0.00372,3.95882,4.45311
814810,Calvin Bickerstaff,BOS,25,floor,,,reliever,MiLB (MLE),1.0,0.0,0.0,4.2,0.9,0.6,0.2,0.0,0.1,0.4,0.0,0.9,0.4,0.5,0.0,0.0,3.96,1.3,8.1,3.6,0.9,4.231,0.22045,0.0851,0.01133,0.03118,0.1389,0.04129,0.00372,3.96223,4.45695
808102,Carlos Mateo,PIT,25,floor,,,reliever,MiLB (MLE),1.0,0.0,0.0,4.2,0.9,0.6,0.2,0.0,0.1,0.4,0.0,0.9,0.4,0.5,0.0,0.0,3.88,1.3,8.1,3.6,0.9,4.222,0.22045,0.08511,0.01133,0.02972,0.13883,0.04127,0.00372,3.88374,4.36866
801453,Cole Stasio,TEX,25,floor,,,reliever,MiLB (MLE),1.0,0.0,0.0,4.2,0.9,0.6,0.2,0.0,0.1,0.4,0.0,0.9,0.4,0.5,0.0,0.0,3.84,1.3,8.1,3.6,0.9,4.217,0.22045,0.08511,0.01133,0.02899,0.13879,0.04126,0.00372,3.84436,4.32436
821280,Jose Parra,OAK,25,floor,,,reliever,MiLB (MLE),1.0,0.0,0.0,4.2,0.9,0.6,0.2,0.0,0.1,0.4,0.0,0.9,0.4,0.5,0.0,0.0,3.91,1.3,8.1,3.6,0.9,4.224,0.22045,0.08511,0.01133,0.03011,0.13886,0.04128,0.00372,3.90505,4.39264
643565,Mike Tauchman,NYM,25,floor,,,reliever,MiLB (MLE),1.0,0.0,0.0,4.2,0.9,0.6,0.2,0.0,0.1,0.4,0.0,0.9,0.4,0.5,0.0,0.0,3.84,1.3,8.1,3.6,0.9,4.217,0.22045,0.08511,0.01133,0.02899,0.13879,0.04126,0.00372,3.84436,4.32436
800278,Pitterson Rosa,PIT,25,floor,,,reliever,MiLB (MLE),1.0,0.0,0.0,4.2,0.9,0.6,0.2,0.0,0.1,0.4,0.0,0.9,0.4,0.5,0.0,0.0,3.85,1.3,8.1,3.6,0.9,4.217,0.22045,0.08511,0.01133,0.029,0.13884,0.04127,0.00372,3.84631,4.32656
834578,Jake Barbee,TEX,25,floor,,,reliever,MiLB (MLE),1.0,0.0,0.0,4.2,0.9,0.6,0.2,0.0,0.1,0.4,0.0,0.9,0.4,0.5,0.0,0.0,3.84,1.3,8.1,3.6,0.9,4.216,0.22045,0.08511,0.01133,0.02898,0.13874,0.04125,0.00372,3.84241,4.32217
677312,Zane Mills,CHC,25,floor,,,reliever,MiLB (MLE),1.0,0.0,0.0,4.2,0.9,0.6,0.2,0.0,0.1,0.4,0.0,0.9,0.4,0.5,0.0,0.0,3.94,1.3,8.1,3.6,0.9,4.229,0.22045,0.08511,0.01133,0.03076,0.1389,0.04129,0.00372,3.94042,4.43242
827370,Iker Redona,CIN,25,floor,,,reliever,MiLB (MLE),1.0,0.0,0.0,4.2,0.9,0.6,0.2,0.0,0.1,0.4,0.0,0.9,0.4,0.5,0.0,0.0,3.93,1.3,8.1,3.6,0.9,4.227,0.22045,0.08511,0.01133,0.03046,0.13893,0.0413,0.00372,3.92524,4.41534
691908,Giussepe Velasquez,PHI,25,floor,,,reliever,MiLB (MLE),1.0,0.0,0.0,4.2,0.9,0.6,0.2,0.0,0.1,0.4,0.0,0.9,0.4,0.5,0.0,0.0,3.96,1.3,8.1,3.6,0.9,4.231,0.22045,0.0851,0.01133,0.03118,0.1389,0.04129,0.00372,3.96223,4.45695
694057,Yordanny Monegro,BOS,25,floor,,,reliever,MiLB (MLE),1.0,0.0,0.0,4.2,0.9,0.6,0.2,0.0,0.1,0.4,0.0,0.9,0.4,0.5,0.0,0.0,3.94,1.3,8.1,3.6,0.9,4.229,0.22045,0.08511,0.01133,0.03076,0.1389,0.04129,0.00372,3.94042,4.43242
823947,Andrew Wright,SD,25,floor,,,reliever,MiLB (MLE),1.0,0.0,0.0,4.2,0.9,0.6,0.2,0.0,0.1,0.4,0.0,0.9,0.4,0.5,0.0,0.0,3.85,1.3,8.1,3.6,0.9,4.217,0.22045,0.08511,0.01133,0.029,0.13884,0.04127,0.00372,3.84631,4.32656
812372,Daniel Wright,CWS,25,floor,,,reliever,MiLB (MLE),1.0,0.0,0.0,4.2,0.9,0.6,0.2,0.0,0.1,0.4,0.0,0.9,0.4,0.5,0.0,0.0,3.84,1.3,8.1,3.6,0.9,4.217,0.22045,0.08511,0.01133,0.02899,0.13879,0.04126,0.00372,3.84436,4.32436
694939,Marcus Brown,HOU,25,floor,,,reliever,MiLB (MLE),1.0,0.0,0.0,4.2,0.9,0.6,0.2,0.0,0.1,0.4,0.0,0.9,0.4,0.5,0.0,0.0,3.94,1.3,8.1,3.6,0.9,4.229,0.22045,0.08511,0.01133,0.03076,0.1389,0.04129,0.00372,3.94042,4.43242
813386,Justin Johnson,KC,25,floor,,,reliever,MiLB (MLE),1.0,0.0,0.0,4.2,0.9,0.6,0.2,0.0,0.1,0.4,0.0,0.9,0.4,0.5,0.0,0.0,3.94,1.3,8.1,3.6,0.9,4.229,0.22045,0.08511,0.01133,0.03076,0.1389,0.04129,0.00372,3.94042,4.43242
814085,Alan Reyes,STL,25,floor,,,reliever,MiLB (MLE),1.0,0.0,0.0,4.2,0.9,0.6,0.2,0.0,0.1,0.4,0.0,0.9,0.4,0.5,0.0,0.0,3.88,1.3,8.1,3.6,0.9,4.222,0.22045,0.08511,0.01133,0.02972,0.13883,0.04127,0.00372,3.88374,4.36866
695667,Ben Kudrna,KC,25,floor,,,reliever,MiLB (MLE),1.0,0.0,0.0,4.2,0.9,0.6,0.2,0.0,0.1,0.4,0.0,0.9,0.4,0.5,0.0,0.0,3.84,1.3,8.1,3.6,0.9,4.217,0.22045,0.08511,0.01133,0.02899,0.13879,0.04126,0.00372,3.84436,4.32436
833414,Nico Wagner,ATL,25,floor,,,reliever,MiLB (MLE),1.0,0.0,0.0,4.2,0.9,0.6,0.2,0.0,0.1,0.4,0.0,0.9,0.4,0.5,0.0,0.0,3.84,1.3,8.1,3.6,0.9,4.216,0.22045,0.08511,0.01133,0.02898,0.13874,0.04125,0.00372,3.84241,4.32217
811266,Ryan Reed,SD,25,floor,,,reliever,MiLB (MLE),1.0,0.0,0.0,4.2,0.9,0.6,0.2,0.0,0.1,0.4,0.0,0.9,0.4,0.5,0.0,0.0,3.93,1.3,8.1,3.6,0.9,4.227,0.22045,0.08511,0.01133,0.03046,0.13893,0.0413,0.00372,3.92524,4.41534
805315,Michael Walsh,PIT,25,floor,,,reliever,MiLB (MLE),1.0,0.0,0.0,4.2,0.9,0.6,0.2,0.0,0.1,0.4,0.0,0.9,0.4,0.5,0.0,0.0,3.84,1.3,8.1,3.6,0.9,4.217,0.22045,0.08511,0.01133,0.02899,0.13879,0.04126,0.00372,3.84436,4.32436
703670,Pierce George,CWS,25,floor,,,reliever,MiLB (MLE),1.0,0.0,0.0,4.2,0.9,0.6,0.2,0.0,0.1,0.4,0.0,0.9,0.4,0.5,0.0,0.0,3.84,1.3,8.1,3.6,0.9,4.217,0.22045,0.08511,0.01133,0.02899,0.13879,0.04126,0.00372,3.84436,4.32436
824015,Grant Manning,WSH,25,floor,,,reliever,MiLB (MLE),1.0,0.0,0.0,4.2,0.9,0.6,0.2,0.0,0.1,0.4,0.0,0.9,0.4,0.5,0.0,0.0,3.89,1.3,8.1,3.6,0.9,4.22,0.22042,0.0851,0.01134,0.03001,0.1384,0.04114,0.00371,3.88526,4.37037
827528,Trent Turzenski,BAL,25,floor,,,reliever,MiLB (MLE),1.0,0.0,0.0,4.2,0.9,0.6,0.2,0.0,0.1,0.4,0.0,0.9,0.4,0.5,0.0,0.0,3.83,1.3,8.1,3.6,0.9,4.213,0.22042,0.0851,0.01134,0.02891,0.1384,0.04114,0.00371,3.82817,4.30615
826209,Aaron Watson,CIN,25,floor,,,reliever,MiLB (MLE),1.0,0.0,0.0,4.2,0.9,0.6,0.2,0.0,0.1,0.4,0.0,0.9,0.4,0.5,0.0,0.0,3.87,1.3,8.1,3.6,0.9,4.218,0.22042,0.0851,0.01134,0.02964,0.13846,0.04116,0.00371,3.86799,4.35095
800277,Yordy Herrera,STL,25,floor,,,reliever,MiLB (MLE),1.0,0.0,0.0,4.2,0.9,0.6,0.2,0.0,0.1,0.4,0.0,0.9,0.4,0.5,0.0,0.0,3.86,1.3,8.1,3.6,0.9,4.217,0.22042,0.0851,0.01134,0.02962,0.13837,0.04114,0.00371,3.86408,4.34654
809898,Joe Ruzicka,DET,25,floor,,,reliever,MiLB (MLE),1.0,0.0,0.0,4.2,0.9,0.6,0.2,0.0,0.1,0.4,0.0,0.9,0.4,0.5,0.0,0.0,3.86,1.3,8.1,3.6,0.9,4.216,0.2204,0.08509,0.01134,0.02958,0.13819,0.04108,0.0037,3.85627,4.33776
683087,Joe Charles,NYM,25,floor,,,reliever,MiLB (MLE),1.0,0.0,0.0,4.2,0.9,0.6,0.2,0.0,0.1,0.4,0.0,0.9,0.4,0.5,0.0,0.0,3.82,1.3,8.1,3.6,0.9,4.21,0.2204,0.08509,0.01134,0.02885,0.1381,0.04105,0.0037,3.81532,4.2917
806067,James Ellwanger,MIN,25,floor,,,starter,MiLB (MLE),1.0,0.0,0.0,4.2,0.9,0.6,0.2,0.0,0.1,0.4,0.0,0.9,0.4,0.5,0.0,0.0,4.01,1.3,8.1,3.6,0.9,4.21,0.2204,0.08509,0.01134,0.02885,0.1381,0.04105,0.0037,4.00844,4.2917
807835,Jonawel Valdez,MIA,25,floor,,,reliever,MiLB (MLE),1.0,0.0,0.0,4.2,0.9,0.6,0.2,0.0,0.1,0.4,0.0,0.9,0.4,0.5,0.0,0.0,3.96,1.3,8.1,3.6,0.9,4.229,0.22041,0.0851,0.01134,0.03153,0.13837,0.04113,0.00371,3.96374,4.45865
806948,Luis Aguilar,HOU,25,floor,,,starter,MiLB (MLE),1.0,0.0,0.0,4.2,0.9,0.6,0.2,0.0,0.1,0.4,0.0,0.9,0.5,0.5,0.0,0.0,4.16,1.3,8.1,3.6,0.9,4.229,0.22041,0.0851,0.01134,0.03153,0.13837,0.04113,0.00371,4.16437,4.45865
701686,Kyle Larsen,PIT,25,floor,,,reliever,MiLB (MLE),1.0,0.0,0.0,4.2,0.9,0.6,0.2,0.0,0.1,0.4,0.0,0.9,0.4,0.5,0.0,0.0,3.92,1.3,8.1,3.6,0.9,4.223,0.22041,0.0851,0.01134,0.03064,0.13836,0.04113,0.00371,3.91709,4.40617
663609,Luken Baker,ARI,25,floor,,,reliever,MiLB (MLE),1.0,0.0,0.0,4.2,0.9,0.6,0.2,0.0,0.1,0.4,0.0,0.9,0.4,0.5,0.0,0.0,3.96,1.3,8.1,3.6,0.9,4.228,0.22041,0.0851,0.01134,0.03141,0.13836,0.04113,0.00371,3.95758,4.45172
808130,Manuel Osorio,CLE,25,floor,,,reliever,MiLB (MLE),1.0,0.0,0.0,4.2,0.9,0.6,0.2,0.0,0.1,0.4,0.0,0.9,0.4,0.5,0.0,0.0,3.9,1.3,8.1,3.6,0.9,4.222,0.22041,0.0851,0.01134,0.03033,0.13837,0.04113,0.00371,3.90135,4.38847
804082,Nolan Higgins,TOR,25,floor,,,reliever,MiLB (MLE),1.0,0.0,0.0,4.2,0.9,0.6,0.2,0.0,0.1,0.4,0.0,0.9,0.4,0.5,0.0,0.0,3.86,1.3,8.1,3.6,0.9,4.217,0.22042,0.0851,0.01134,0.02962,0.13837,0.04114,0.00371,3.86408,4.34654
806279,Jake Christianson,MIA,25,floor,,,reliever,MiLB (MLE),1.0,0.0,0.0,4.2,0.9,0.6,0.2,0.0,0.1,0.4,0.0,0.9,0.4,0.5,0.0,0.0,3.92,1.3,8.1,3.6,0.9,4.223,0.22041,0.0851,0.01134,0.03064,0.13836,0.04113,0.00371,3.91709,4.40617
686766,William Simoneit,TOR,25,floor,,,reliever,MiLB (MLE),1.0,0.0,0.0,4.2,0.9,0.6,0.2,0.0,0.1,0.4,0.0,0.9,0.4,0.5,0.0,0.0,3.96,1.3,8.1,3.6,0.9,4.228,0.22041,0.0851,0.01134,0.03141,0.13836,0.04113,0.00371,3.95758,4.45172
837909,Brandon Jaenke,TEX,25,floor,,,reliever,MiLB (MLE),1.0,0.0,0.0,4.2,0.9,0.6,0.2,0.0,0.1,0.4,0.0,0.9,0.4,0.5,0.0,0.0,3.82,1.3,8.1,3.6,0.9,4.212,0.22041,0.0851,0.01134,0.02888,0.13828,0.04111,0.00371,3.82302,4.30036
828495,Mason Davenport,TOR,25,floor,,,reliever,MiLB (MLE),1.0,0.0,0.0,4.2,0.9,0.6,0.2,0.0,0.1,0.4,0.0,0.9,0.4,0.5,0.0,0.0,3.96,1.3,8.1,3.6,0.9,4.229,0.22041,0.0851,0.01134,0.03153,0.13837,0.04113,0.00371,3.96374,4.45865
806112,Kevin Davis,WSH,25,floor,,,reliever,MiLB (MLE),1.0,0.0,0.0,4.2,0.9,0.6,0.2,0.0,0.1,0.4,0.0,0.9,0.4,0.5,0.0,0.0,3.86,1.3,8.1,3.6,0.9,4.216,0.22041,0.0851,0.01134,0.0296,0.13828,0.04111,0.00371,3.86017,4.34215
806048,Jonah Conradt,WSH,25,floor,,,reliever,MiLB (MLE),1.0,0.0,0.0,4.2,0.9,0.6,0.2,0.0,0.1,0.4,0.0,0.9,0.4,0.5,0.0,0.0,3.86,1.3,8.1,3.6,0.9,4.216,0.22041,0.0851,0.01134,0.0296,0.13828,0.04111,0.00371,3.86017,4.34215
835481,Dylan Mathiesen,PIT,25,floor,,,reliever,MiLB (MLE),1.0,0.0,0.0,4.2,0.9,0.6,0.2,0.0,0.1,0.4,0.0,0.9,0.4,0.5,0.0,0.0,3.82,1.3,8.1,3.6,0.9,4.212,0.22041,0.0851,0.01134,0.02888,0.13828,0.04111,0.00371,3.82302,4.30036
699257,Owen Woodward,NYM,25,floor,,,reliever,MiLB (MLE),1.0,0.0,0.0,4.2,0.9,0.6,0.2,0.0,0.1,0.4,0.0,0.9,0.4,0.5,0.0,0.0,3.89,1.3,8.1,3.6,0.9,4.22,0.2204,0.08509,0.01134,0.03029,0.13818,0.04108,0.0037,3.89345,4.37958
800383,Domingo Geronimo,LAD,25,floor,,,reliever,MiLB (MLE),1.0,0.0,0.0,4.2,0.9,0.6,0.2,0.0,0.1,0.4,0.0,0.9,0.4,0.5,0.0,0.0,3.93,1.3,8.1,3.6,0.9,4.225,0.2204,0.08509,0.01134,0.03103,0.13828,0.04111,0.00371,3.9347,4.42598
801216,Christian Montes De Oca,ARI,27,floor,,,reliever,MLB,1.0,0.0,0.0,4.2,0.8,0.6,0.1,0.0,0.1,0.4,0.0,0.9,0.4,0.5,0.0,0.0,3.78,1.2,8.1,3.6,0.9,4.24,0.2204,0.08626,0.01013,0.02677,0.15149,0.03496,0.00338,3.77634,4.24785
814537,Coleman Picard,KC,25,floor,,,starter,MiLB (MLE),1.0,0.0,0.0,4.2,0.9,0.6,0.2,0.0,0.1,0.4,0.0,0.9,0.4,0.5,0.0,0.0,4.01,1.3,8.1,3.6,0.9,4.21,0.2204,0.08509,0.01134,0.02885,0.1381,0.04105,0.0037,4.00844,4.2917
802093,Antonio Florido,DET,25,floor,,,reliever,MiLB (MLE),1.0,0.0,0.0,4.2,0.9,0.6,0.2,0.0,0.1,0.4,0.0,0.9,0.4,0.5,0.0,0.0,3.86,1.3,8.1,3.6,0.9,4.216,0.2204,0.08509,0.01134,0.02958,0.13819,0.04108,0.0037,3.85627,4.33776
701680,R.J. Sales,WSH,25,floor,,,reliever,MiLB (MLE),1.0,0.0,0.0,4.2,0.9,0.6,0.2,0.0,0.1,0.4,0.0,0.9,0.4,0.5,0.0,0.0,3.82,1.3,8.1,3.6,0.9,4.212,0.22041,0.0851,0.01134,0.02888,0.13825,0.0411,0.0037,3.82173,4.29891
823841,Manuel Colon,PHI,25,floor,,,reliever,MiLB (MLE),1.0,0.0,0.0,4.2,0.9,0.6,0.2,0.0,0.1,0.4,0.0,0.9,0.4,0.5,0.0,0.0,3.87,1.3,8.1,3.6,0.9,4.219,0.22043,0.0851,0.01134,0.02966,0.13856,0.04119,0.00371,3.87192,4.35536
703478,Carson Estridge,HOU,25,floor,,,reliever,MiLB (MLE),1.0,0.0,0.0,4.2,0.9,0.6,0.2,0.0,0.1,0.4,0.0,0.9,0.4,0.5,0.0,0.0,3.83,1.3,8.1,3.6,0.9,4.214,0.22043,0.0851,0.01134,0.02892,0.13846,0.04116,0.00371,3.83075,4.30906
692845,Franklin Sanchez,MIA,25,floor,,,reliever,MiLB (MLE),1.0,0.0,0.0,4.2,0.9,0.6,0.2,0.0,0.1,0.4,0.0,0.9,0.4,0.5,0.0,0.0,3.89,1.3,8.1,3.6,0.9,4.221,0.22043,0.0851,0.01133,0.03004,0.13855,0.04119,0.00371,3.89183,4.37776
811172,Conner Ware,NYM,25,floor,,,reliever,MiLB (MLE),1.0,0.0,0.0,4.2,0.9,0.6,0.2,0.0,0.1,0.4,0.0,0.9,0.4,0.5,0.0,0.0,3.83,1.3,8.1,3.6,0.9,4.215,0.22043,0.0851,0.01134,0.02894,0.13856,0.04119,0.00371,3.83463,4.31342
805619,Cameron Flukey,DET,25,floor,,,reliever,MiLB (MLE),1.0,0.0,0.0,4.2,0.9,0.6,0.2,0.0,0.1,0.4,0.0,0.9,0.4,0.5,0.0,0.0,3.83,1.3,8.1,3.6,0.9,4.214,0.22043,0.0851,0.01134,0.02892,0.13846,0.04116,0.00371,3.83075,4.30906
831024,Carson Lane,CLE,25,floor,,,reliever,MiLB (MLE),1.0,0.0,0.0,4.2,0.9,0.6,0.2,0.0,0.1,0.4,0.0,0.9,0.4,0.5,0.0,0.0,3.87,1.3,8.1,3.6,0.9,4.219,0.22043,0.0851,0.01134,0.02966,0.13856,0.04119,0.00371,3.87192,4.35536
806401,Dayson Croes,SF,25,floor,,,reliever,MiLB (MLE),1.0,0.0,0.0,4.2,0.9,0.6,0.2,0.0,0.1,0.4,0.0,0.9,0.4,0.5,0.0,0.0,3.96,1.3,8.1,3.6,0.9,4.23,0.22043,0.0851,0.01133,0.03136,0.13863,0.04121,0.00371,3.963,4.45782
808138,Keiverson Ramírez,STL,25,floor,,,reliever,MiLB (MLE),1.0,0.0,0.0,4.2,0.9,0.6,0.2,0.0,0.1,0.4,0.0,0.9,0.4,0.5,0.0,0.0,3.87,1.3,8.1,3.6,0.9,4.219,0.22043,0.0851,0.01134,0.02966,0.13856,0.04119,0.00371,3.87192,4.35536
829881,Williams Montero,BOS,25,floor,,,reliever,MiLB (MLE),1.0,0.0,0.0,4.2,0.9,0.6,0.2,0.0,0.1,0.4,0.0,0.9,0.4,0.5,0.0,0.0,3.91,1.3,8.1,3.6,0.9,4.223,0.22043,0.0851,0.01133,0.03037,0.13855,0.04119,0.00371,3.90928,4.39739
829475,Luis Mata,CHC,25,floor,,,reliever,MiLB (MLE),1.0,0.0,0.0,4.2,0.9,0.6,0.2,0.0,0.1,0.4,0.0,0.9,0.4,0.5,0.0,0.0,3.91,1.3,8.1,3.6,0.9,4.223,0.22043,0.0851,0.01133,0.03037,0.13855,0.04119,0.00371,3.90928,4.39739
702900,Wuillians Herrera,LAD,25,floor,,,reliever,MiLB (MLE),1.0,0.0,0.0,4.2,0.9,0.6,0.2,0.0,0.1,0.4,0.0,0.9,0.4,0.5,0.0,0.0,3.91,1.3,8.1,3.6,0.9,4.224,0.22043,0.0851,0.01133,0.0304,0.13865,0.04122,0.00372,3.91326,4.40186
834947,Luke Alwood,CHC,25,floor,,,reliever,MiLB (MLE),1.0,0.0,0.0,4.2,0.9,0.6,0.2,0.0,0.1,0.4,0.0,0.9,0.4,0.5,0.0,0.0,3.95,1.3,8.1,3.6,0.9,4.228,0.22043,0.0851,0.01133,0.03114,0.13855,0.04119,0.00371,3.94922,4.44231
838647,Devin Bell,LAD,25,floor,,,reliever,MiLB (MLE),1.0,0.0,0.0,4.2,0.9,0.6,0.2,0.0,0.1,0.4,0.0,0.9,0.4,0.5,0.0,0.0,3.86,1.3,8.1,3.6,0.9,4.217,0.22042,0.0851,0.01134,0.02962,0.13837,0.04114,0.00371,3.86408,4.34654
828418,Adam Bogosian,WSH,25,floor,,,reliever,MiLB (MLE),1.0,0.0,0.0,4.2,0.9,0.6,0.2,0.0,0.1,0.4,0.0,0.9,0.4,0.5,0.0,0.0,3.92,1.3,8.1,3.6,0.9,4.225,0.22044,0.0851,0.01133,0.03042,0.13874,0.04124,0.00372,3.91724,4.40635
682017,Bradley Brehmer,BAL,25,floor,,,reliever,MiLB (MLE),1.0,0.0,0.0,4.2,0.9,0.6,0.2,0.0,0.1,0.4,0.0,0.9,0.4,0.5,0.0,0.0,3.84,1.3,8.1,3.6,0.9,4.215,0.22044,0.0851,0.01133,0.02896,0.13863,0.04121,0.00371,3.83787,4.31706
833484,Deiker Pineda,TOR,25,floor,,,reliever,MiLB (MLE),1.0,0.0,0.0,4.2,0.9,0.6,0.2,0.0,0.1,0.4,0.0,0.9,0.4,0.5,0.0,0.0,3.94,1.3,8.1,3.6,0.9,4.226,0.22041,0.0851,0.01134,0.03105,0.13837,0.04113,0.00371,3.9387,4.43048
842477,Dalton Hill,KC,25,floor,,,reliever,MiLB (MLE),1.0,0.0,0.0,4.2,0.9,0.6,0.2,0.0,0.1,0.4,0.0,0.9,0.4,0.5,0.0,0.0,3.86,1.3,8.1,3.6,0.9,4.216,0.22041,0.0851,0.01134,0.0296,0.13828,0.04111,0.00371,3.86017,4.34215
842295,Bryce Schaum,MIL,25,floor,,,reliever,MiLB (MLE),1.0,0.0,0.0,4.2,0.9,0.6,0.2,0.0,0.1,0.4,0.0,0.9,0.4,0.5,0.0,0.0,3.9,1.3,8.1,3.6,0.9,4.222,0.22041,0.0851,0.01134,0.03033,0.13837,0.04113,0.00371,3.90135,4.38847
835236,Brandon Langley,SD,25,floor,,,reliever,MiLB (MLE),1.0,0.0,0.0,4.2,0.9,0.6,0.2,0.0,0.1,0.4,0.0,0.9,0.4,0.5,0.0,0.0,3.82,1.3,8.1,3.6,0.9,4.212,0.22041,0.0851,0.01134,0.02888,0.13825,0.0411,0.0037,3.82173,4.29891
807995,Eduar Gonzalez,TOR,25,floor,,,reliever,MiLB (MLE),1.0,0.0,0.0,4.2,0.9,0.6,0.2,0.0,0.1,0.4,0.0,0.9,0.4,0.5,0.0,0.0,3.86,1.3,8.1,3.6,0.9,4.216,0.22041,0.0851,0.01134,0.0296,0.13828,0.04111,0.00371,3.86017,4.34215
808697,Hamlet Garcia,MIA,25,floor,,,reliever,MiLB (MLE),1.0,0.0,0.0,4.2,0.9,0.6,0.2,0.0,0.1,0.4,0.0,0.9,0.4,0.5,0.0,0.0,3.87,1.3,8.1,3.6,0.9,4.218,0.22042,0.0851,0.01134,0.02964,0.13846,0.04116,0.00371,3.86799,4.35095
830726,Miguel Pantoja,TOR,25,floor,,,reliever,MiLB (MLE),1.0,0.0,0.0,4.2,0.9,0.6,0.2,0.0,0.1,0.4,0.0,0.9,0.4,0.5,0.0,0.0,3.91,1.3,8.1,3.6,0.9,4.222,0.22042,0.0851,0.01134,0.03035,0.13846,0.04116,0.00371,3.90531,4.39292
683332,Tyler Boudreau,NYY,25,floor,,,starter,MiLB (MLE),1.0,0.0,0.0,4.2,0.9,0.6,0.2,0.0,0.1,0.4,0.0,0.9,0.4,0.5,0.0,0.0,4.02,1.3,8.1,3.6,0.9,4.213,0.22042,0.0851,0.01134,0.0289,0.13836,0.04113,0.00371,4.02025,4.30434
809459,Morris Austin,CWS,25,floor,,,reliever,MiLB (MLE),1.0,0.0,0.0,4.2,0.9,0.6,0.2,0.0,0.1,0.4,0.0,0.9,0.4,0.5,0.0,0.0,3.83,1.3,8.1,3.6,0.9,4.213,0.22042,0.0851,0.01134,0.0289,0.13836,0.04113,0.00371,3.82656,4.30434
700320,Fidel Montero,CWS,25,floor,,,reliever,MiLB (MLE),1.0,0.0,0.0,4.2,0.9,0.6,0.2,0.0,0.1,0.4,0.0,0.9,0.4,0.5,0.0,0.0,3.86,1.3,8.1,3.6,0.9,4.217,0.22042,0.0851,0.01134,0.02962,0.13837,0.04114,0.00371,3.86408,4.34654
808865,Jack Young,CWS,25,floor,,,reliever,MiLB (MLE),1.0,0.0,0.0,4.2,0.9,0.6,0.2,0.0,0.1,0.4,0.0,0.9,0.4,0.5,0.0,0.0,3.83,1.3,8.1,3.6,0.9,4.213,0.22042,0.0851,0.01134,0.0289,0.13836,0.04113,0.00371,3.82656,4.30434
686539,Declan Cronin,MIA,29,floor,,,reliever,MLB,1.0,0.0,0.0,4.3,1.0,0.7,0.2,0.0,0.1,0.4,0.1,0.9,0.4,0.5,0.0,0.0,3.7,1.4,8.1,3.6,0.9,4.323,0.22043,0.08801,0.01846,0.01398,0.15853,0.04334,0.00378,3.70368,4.16612
808878,Ben DeTaeye,TEX,25,floor,,,reliever,MiLB (MLE),1.0,0.0,0.0,4.2,0.9,0.6,0.2,0.0,0.1,0.4,0.0,0.9,0.4,0.5,0.0,0.0,3.87,1.3,8.1,3.6,0.9,4.223,0.22049,0.08511,0.01132,0.02913,0.13945,0.04146,0.00374,3.87221,4.35569
690972,Joey Dixon,HOU,25,floor,,,reliever,MiLB (MLE),1.0,0.0,0.0,4.2,0.9,0.6,0.2,0.0,0.1,0.4,0.0,0.9,0.4,0.5,0.0,0.0,3.92,1.3,8.1,3.6,0.9,4.229,0.22049,0.08511,0.01131,0.02988,0.13959,0.0415,0.00374,3.91563,4.40453
805078,Jeremy Gonzalez,CWS,25,floor,,,reliever,MiLB (MLE),1.0,0.0,0.0,4.2,0.9,0.6,0.2,0.0,0.1,0.4,0.0,0.9,0.4,0.5,0.0,0.0,3.87,1.3,8.1,3.6,0.9,4.222,0.22049,0.08511,0.01132,0.02912,0.1394,0.04144,0.00374,3.8699,4.3531
807819,Joel Garcia,MIN,25,floor,,,starter,MiLB (MLE),1.0,0.0,0.0,4.2,0.9,0.6,0.2,0.0,0.1,0.4,0.0,0.9,0.5,0.5,0.0,0.0,4.06,1.3,8.1,3.6,0.9,4.222,0.22048,0.08511,0.01132,0.0291,0.1393,0.04141,0.00373,4.06164,4.34865
828396,Billy Oldham,MIN,25,floor,,,reliever,MiLB (MLE),1.0,0.0,0.0,4.2,0.9,0.6,0.2,0.0,0.1,0.4,0.0,0.9,0.4,0.5,0.0,0.0,3.9,1.3,8.1,3.6,0.9,4.226,0.22048,0.08511,0.01132,0.02982,0.1393,0.04141,0.00373,3.90361,4.39101
694761,Tommy Vail,CWS,25,floor,,,reliever,MiLB (MLE),1.0,0.0,0.0,4.2,0.9,0.6,0.2,0.0,0.1,0.4,0.0,0.9,0.4,0.5,0.0,0.0,3.86,1.3,8.1,3.6,0.9,4.221,0.22048,0.08511,0.01132,0.02908,0.13922,0.04139,0.00373,3.86233,4.34458
815318,Josh Harlow,CLE,25,floor,,,reliever,MiLB (MLE),1.0,0.0,0.0,4.2,0.9,0.6,0.2,0.0,0.1,0.4,0.0,0.9,0.4,0.5,0.0,0.0,3.96,1.3,8.1,3.6,0.9,4.234,0.22048,0.08511,0.01132,0.0308,0.13949,0.04147,0.00374,3.96055,4.45506
816397,Jose Guevara,NYM,25,floor,,,reliever,MiLB (MLE),1.0,0.0,0.0,4.2,0.9,0.6,0.2,0.0,0.1,0.4,0.0,0.9,0.4,0.5,0.0,0.0,3.91,1.3,8.1,3.6,0.9,4.227,0.22048,0.08511,0.01132,0.02984,0.1394,0.04144,0.00374,3.9076,4.39551
800961,Collin Rothermel,ARI,25,floor,,,reliever,MiLB (MLE),1.0,0.0,0.0,4.2,0.9,0.6,0.2,0.0,0.1,0.4,0.0,0.9,0.4,0.5,0.0,0.0,3.96,1.3,8.1,3.6,0.9,4.234,0.22048,0.08511,0.01132,0.0308,0.13949,0.04147,0.00374,3.96055,4.45506
815841,Joey Oakie,CLE,25,floor,,,reliever,MiLB (MLE),1.0,0.0,0.0,4.2,0.9,0.6,0.2,0.0,0.1,0.4,0.0,0.9,0.4,0.5,0.0,0.0,3.96,1.3,8.1,3.6,0.9,4.234,0.22048,0.08511,0.01132,0.0308,0.13949,0.04147,0.00374,3.96055,4.45506
827734,Wei-En Lin,OAK,25,floor,,,reliever,MiLB (MLE),1.0,0.0,0.0,4.2,0.9,0.6,0.2,0.0,0.1,0.4,0.0,0.9,0.4,0.5,0.0,0.0,3.86,1.3,8.1,3.6,0.9,4.221,0.22048,0.08511,0.01132,0.02908,0.13922,0.04139,0.00373,3.86233,4.34458
811697,Tanner Perry,MIL,25,floor,,,reliever,MiLB (MLE),1.0,0.0,0.0,4.2,0.9,0.6,0.2,0.0,0.1,0.4,0.0,0.9,0.4,0.5,0.0,0.0,3.96,1.3,8.1,3.6,0.9,4.233,0.22048,0.08511,0.01132,0.03082,0.13945,0.04146,0.00374,3.96067,4.45519
801799,Matthew Becker,MIN,25,floor,,,reliever,MiLB (MLE),1.0,0.0,0.0,4.2,0.9,0.6,0.2,0.0,0.1,0.4,0.0,0.9,0.4,0.5,0.0,0.0,3.85,1.3,8.1,3.6,0.9,4.219,0.22046,0.08511,0.01133,0.02904,0.13902,0.04133,0.00373,3.85414,4.33537
694964,Gus Hughes,WSH,25,floor,,,reliever,MiLB (MLE),1.0,0.0,0.0,4.2,0.9,0.6,0.2,0.0,0.1,0.4,0.0,0.9,0.4,0.5,0.0,0.0,3.87,1.3,8.1,3.6,0.9,4.222,0.22048,0.08511,0.01132,0.0291,0.13934,0.04142,0.00373,3.86727,4.35013
683179,Jacob Widener,KC,25,floor,,,reliever,MiLB (MLE),1.0,0.0,0.0,4.2,0.9,0.6,0.2,0.0,0.1,0.4,0.0,0.9,0.4,0.5,0.0,0.0,3.93,1.3,8.1,3.6,0.9,4.229,0.22048,0.08511,0.01132,0.03021,0.13933,0.04142,0.00373,3.92506,4.41514
678232,Jesus Valdez,ARI,25,floor,,,reliever,MiLB (MLE),1.0,0.0,0.0,4.2,0.9,0.6,0.2,0.0,0.1,0.4,0.0,0.9,0.4,0.5,0.0,0.0,3.96,1.3,8.1,3.6,0.9,4.233,0.22048,0.08511,0.01132,0.03082,0.13945,0.04146,0.00374,3.96067,4.45519
700305,Jorge De Leon,NYM,25,floor,,,reliever,MiLB (MLE),1.0,0.0,0.0,4.2,0.9,0.6,0.2,0.0,0.1,0.4,0.0,0.9,0.4,0.5,0.0,0.0,3.94,1.3,8.1,3.6,0.9,4.23,0.22048,0.08511,0.01132,0.03054,0.1393,0.04141,0.00373,3.94134,4.43345
811669,Andrew Gaines,MIL,25,floor,,,reliever,MiLB (MLE),1.0,0.0,0.0,4.2,0.9,0.6,0.2,0.0,0.1,0.4,0.0,0.9,0.4,0.5,0.0,0.0,3.91,1.3,8.1,3.6,0.9,4.227,0.22048,0.08511,0.01132,0.02984,0.1394,0.04144,0.00374,3.9076,4.39551
840437,Sam Larson,COL,25,floor,,,reliever,MiLB (MLE),1.0,0.0,0.0,4.2,0.9,0.6,0.2,0.0,0.1,0.4,0.0,0.9,0.4,0.5,0.0,0.0,3.91,1.3,8.1,3.6,0.9,4.228,0.22049,0.08511,0.01132,0.02986,0.13949,0.04147,0.00374,3.91161,4.40001
804984,Sam Bower,SF,25,floor,,,reliever,MiLB (MLE),1.0,0.0,0.0,4.2,0.9,0.6,0.2,0.0,0.1,0.4,0.0,0.9,0.4,0.5,0.0,0.0,3.92,1.3,8.1,3.6,0.9,4.227,0.22047,0.08511,0.01132,0.03018,0.13918,0.04137,0.00373,3.91837,4.40761
814094,Tyler August,OAK,25,floor,,,reliever,MiLB (MLE),1.0,0.0,0.0,4.2,0.9,0.6,0.2,0.0,0.1,0.4,0.0,0.9,0.4,0.5,0.0,0.0,3.86,1.3,8.1,3.6,0.9,4.221,0.22047,0.08511,0.01132,0.02908,0.13921,0.04138,0.00373,3.86201,4.34421
836071,RJ Shunck,MIA,25,floor,,,reliever,MiLB (MLE),1.0,0.0,0.0,4.2,0.9,0.6,0.2,0.0,0.1,0.4,0.0,0.9,0.4,0.5,0.0,0.0,3.94,1.3,8.1,3.6,0.9,4.23,0.22048,0.08511,0.01132,0.03054,0.1393,0.04141,0.00373,3.94134,4.43345
687201,Kevin Kilpatrick Jr.,ATL,25,floor,,,reliever,MiLB (MLE),1.0,0.0,0.0,4.2,0.9,0.6,0.2,0.0,0.1,0.4,0.0,0.9,0.4,0.5,0.0,0.0,3.96,1.3,8.1,3.6,0.9,4.233,0.22048,0.08511,0.01132,0.03082,0.13945,0.04146,0.00374,3.96067,4.45519
808666,Eccel Correa,BAL,25,floor,,,reliever,MiLB (MLE),1.0,0.0,0.0,4.2,0.9,0.6,0.2,0.0,0.1,0.4,0.0,0.9,0.4,0.5,0.0,0.0,3.96,1.3,8.1,3.6,0.9,4.233,0.22048,0.08511,0.01132,0.03082,0.13945,0.04146,0.00374,3.96067,4.45519
701693,Tanner Sagouspe,COL,25,floor,,,reliever,MiLB (MLE),1.0,0.0,0.0,4.2,0.9,0.6,0.2,0.0,0.1,0.4,0.0,0.9,0.4,0.5,0.0,0.0,3.91,1.3,8.1,3.6,0.9,4.227,0.22048,0.08511,0.01132,0.02984,0.1394,0.04144,0.00374,3.9076,4.39551
813697,Sam Biller,NYM,25,floor,,,reliever,MiLB (MLE),1.0,0.0,0.0,4.2,0.9,0.6,0.2,0.0,0.1,0.4,0.0,0.9,0.4,0.5,0.0,0.0,3.86,1.3,8.1,3.6,0.9,4.221,0.22048,0.08511,0.01132,0.02908,0.13922,0.04139,0.00373,3.86233,4.34458
823333,Trevor Moore,WSH,25,floor,,,reliever,MiLB (MLE),1.0,0.0,0.0,4.2,0.9,0.6,0.2,0.0,0.1,0.4,0.0,0.9,0.4,0.5,0.0,0.0,3.92,1.3,8.1,3.6,0.9,4.229,0.22049,0.08511,0.01131,0.02988,0.13959,0.0415,0.00374,3.91563,4.40453
822360,Blaine Wynk,CWS,25,floor,,,reliever,MiLB (MLE),1.0,0.0,0.0,4.2,0.9,0.6,0.2,0.0,0.1,0.4,0.0,0.9,0.4,0.5,0.0,0.0,3.93,1.3,8.1,3.6,0.9,4.23,0.22049,0.08511,0.01132,0.03025,0.13949,0.04147,0.00374,3.93178,4.4227
821638,Earle Zulueta,STL,25,floor,,,reliever,MiLB (MLE),1.0,0.0,0.0,4.2,0.9,0.6,0.2,0.0,0.1,0.4,0.0,0.9,0.4,0.5,0.0,0.0,3.87,1.3,8.1,3.6,0.9,4.223,0.22049,0.08511,0.01132,0.02914,0.13949,0.04147,0.00374,3.87386,4.35755
800423,Jorger Petri,DET,25,floor,,,reliever,MiLB (MLE),1.0,0.0,0.0,4.2,0.9,0.6,0.2,0.0,0.1,0.4,0.0,0.9,0.4,0.5,0.0,0.0,3.87,1.3,8.1,3.6,0.9,4.223,0.22049,0.08511,0.01132,0.02914,0.13949,0.04147,0.00374,3.87386,4.35755
808236,Luiyin Alastre,MIL,25,floor,,,reliever,MiLB (MLE),1.0,0.0,0.0,4.2,0.9,0.6,0.2,0.0,0.1,0.4,0.0,0.9,0.4,0.5,0.0,0.0,3.94,1.3,8.1,3.6,0.9,4.232,0.22049,0.08511,0.01131,0.03028,0.13965,0.04151,0.00374,3.93852,4.43028
806977,Janero Miller,MIA,25,floor,,,reliever,MiLB (MLE),1.0,0.0,0.0,4.2,0.9,0.6,0.2,0.0,0.1,0.4,0.0,0.9,0.4,0.5,0.0,0.0,3.96,1.3,8.1,3.6,0.9,4.234,0.22049,0.08511,0.01131,0.03073,0.13958,0.0415,0.00374,3.96028,4.45476
809111,Carson Revay,BOS,25,floor,,,reliever,MiLB (MLE),1.0,0.0,0.0,4.2,0.9,0.6,0.2,0.0,0.1,0.4,0.0,0.9,0.4,0.5,0.0,0.0,3.87,1.3,8.1,3.6,0.9,4.223,0.22049,0.08511,0.01132,0.02914,0.13949,0.04147,0.00374,3.87386,4.35755
806141,Justin LeGuernic,KC,25,floor,,,reliever,MiLB (MLE),1.0,0.0,0.0,4.2,0.9,0.6,0.2,0.0,0.1,0.4,0.0,0.9,0.4,0.5,0.0,0.0,3.87,1.3,8.1,3.6,0.9,4.222,0.22049,0.08511,0.01132,0.02912,0.1394,0.04144,0.00374,3.8699,4.3531
814487,Nolan Hughes,WSH,25,floor,,,reliever,MiLB (MLE),1.0,0.0,0.0,4.2,0.9,0.6,0.2,0.0,0.1,0.4,0.0,0.9,0.4,0.5,0.0,0.0,3.87,1.3,8.1,3.6,0.9,4.222,0.22049,0.08511,0.01132,0.02912,0.1394,0.04144,0.00374,3.8699,4.3531
835213,Thomas Conrad,MIL,25,floor,,,starter,MiLB (MLE),1.0,0.0,0.0,4.2,0.9,0.6,0.2,0.0,0.1,0.4,0.0,0.9,0.5,0.5,0.0,0.0,4.13,1.3,8.1,3.6,0.9,4.23,0.22049,0.08511,0.01132,0.03025,0.13949,0.04147,0.00374,4.1308,4.4227
815945,Andres Cova,LAA,25,floor,,,reliever,MiLB (MLE),1.0,0.0,0.0,4.2,0.9,0.6,0.2,0.0,0.1,0.4,0.0,0.9,0.4,0.5,0.0,0.0,3.95,1.3,8.1,3.6,0.9,4.232,0.22049,0.08511,0.01132,0.03058,0.13949,0.04147,0.00374,3.94944,4.44257
668876,Zach Humphreys,LAA,25,floor,,,reliever,MiLB (MLE),1.0,0.0,0.0,4.2,0.9,0.6,0.2,0.0,0.1,0.4,0.0,0.9,0.4,0.5,0.0,0.0,3.96,1.3,8.1,3.6,0.9,4.234,0.22049,0.08511,0.01131,0.03069,0.13965,0.04151,0.00374,3.9601,4.45455
825760,Ferny Barreda,SEA,25,floor,,,reliever,MiLB (MLE),1.0,0.0,0.0,4.2,0.9,0.6,0.2,0.0,0.1,0.4,0.0,0.9,0.4,0.5,0.0,0.0,3.87,1.3,8.1,3.6,0.9,4.223,0.22049,0.08511,0.01132,0.02913,0.13945,0.04146,0.00374,3.87221,4.35569
814226,Alexander Campos,TB,25,floor,,,starter,MiLB (MLE),1.0,0.0,0.0,4.2,0.9,0.6,0.2,0.0,0.1,0.4,0.0,0.9,0.5,0.5,0.0,0.0,4.16,1.3,8.1,3.6,0.9,4.234,0.22049,0.08511,0.01131,0.03069,0.13965,0.04151,0.00374,4.16055,4.45455
624523,Riley Unroe,CWS,25,floor,,,reliever,MiLB (MLE),1.0,0.0,0.0,4.2,0.9,0.6,0.2,0.0,0.1,0.4,0.0,0.9,0.4,0.5,0.0,0.0,3.96,1.3,8.1,3.6,0.9,4.234,0.22049,0.08511,0.01131,0.03069,0.13965,0.04151,0.00374,3.9601,4.45455
692157,Vicarte Domingo,SD,25,floor,,,reliever,MiLB (MLE),1.0,0.0,0.0,4.2,0.9,0.6,0.2,0.0,0.1,0.4,0.0,0.9,0.4,0.5,0.0,0.0,3.93,1.3,8.1,3.6,0.9,4.23,0.22049,0.08511,0.01132,0.03025,0.13949,0.04147,0.00374,3.93178,4.4227
839286,Mick Uebelhor,HOU,25,floor,,,reliever,MiLB (MLE),1.0,0.0,0.0,4.2,0.9,0.6,0.2,0.0,0.1,0.4,0.0,0.9,0.4,0.5,0.0,0.0,3.87,1.3,8.1,3.6,0.9,4.222,0.22049,0.08511,0.01132,0.02912,0.1394,0.04144,0.00374,3.8699,4.3531
824211,Bryan Salgado,CIN,25,floor,,,reliever,MiLB (MLE),1.0,0.0,0.0,4.2,0.9,0.6,0.2,0.0,0.1,0.4,0.0,0.9,0.4,0.5,0.0,0.0,3.91,1.3,8.1,3.6,0.9,4.228,0.22049,0.08511,0.01132,0.02986,0.13949,0.04147,0.00374,3.91161,4.40001
702962,Alex Kranzler,BOS,25,floor,,,reliever,MiLB (MLE),1.0,0.0,0.0,4.2,0.9,0.6,0.2,0.0,0.1,0.4,0.0,0.9,0.4,0.5,0.0,0.0,3.87,1.3,8.1,3.6,0.9,4.222,0.22049,0.08511,0.01132,0.02912,0.1394,0.04144,0.00374,3.8699,4.3531
690994,Ethan Long,SD,25,floor,,,reliever,MiLB (MLE),1.0,0.0,0.0,4.2,0.9,0.6,0.2,0.0,0.1,0.4,0.0,0.9,0.4,0.5,0.0,0.0,3.87,1.3,8.1,3.6,0.9,4.223,0.22049,0.08511,0.01132,0.02914,0.13949,0.04147,0.00374,3.87386,4.35755
805430,Engel Peralta,MIA,25,floor,,,reliever,MiLB (MLE),1.0,0.0,0.0,4.2,0.9,0.6,0.2,0.0,0.1,0.4,0.0,0.9,0.4,0.5,0.0,0.0,3.94,1.3,8.1,3.6,0.9,4.232,0.22049,0.08511,0.01131,0.03028,0.13965,0.04151,0.00374,3.93852,4.43028
837597,Albert Roblez,SD,25,floor,,,reliever,MiLB (MLE),1.0,0.0,0.0,4.2,0.9,0.6,0.2,0.0,0.1,0.4,0.0,0.9,0.4,0.5,0.0,0.0,3.88,1.3,8.1,3.6,0.9,4.224,0.22049,0.08511,0.01131,0.02916,0.13959,0.0415,0.00374,3.87783,4.36202
805255,Dominick Reid,CHC,25,floor,,,starter,MiLB (MLE),1.0,0.0,0.0,4.2,0.9,0.6,0.2,0.0,0.1,0.4,0.0,0.9,0.5,0.5,0.0,0.0,4.07,1.3,8.1,3.6,0.9,4.223,0.22049,0.08511,0.01132,0.02914,0.13949,0.04147,0.00374,4.06995,4.35755
703715,Wyatt Hoffman,SD,25,floor,,,reliever,MiLB (MLE),1.0,0.0,0.0,4.2,0.9,0.6,0.2,0.0,0.1,0.4,0.0,0.9,0.4,0.5,0.0,0.0,3.87,1.3,8.1,3.6,0.9,4.223,0.22049,0.08511,0.01132,0.02913,0.13945,0.04146,0.00374,3.87221,4.35569
703748,Tanner Bauman,NYY,25,floor,,,reliever,MiLB (MLE),1.0,0.0,0.0,4.2,0.9,0.6,0.2,0.0,0.1,0.4,0.0,0.9,0.4,0.5,0.0,0.0,3.87,1.3,8.1,3.6,0.9,4.223,0.22049,0.08511,0.01132,0.02913,0.13945,0.04146,0.00374,3.87221,4.35569
703341,Candido Cuevas,NYM,25,floor,,,reliever,MiLB (MLE),1.0,0.0,0.0,4.2,0.9,0.6,0.2,0.0,0.1,0.4,0.0,0.9,0.4,0.5,0.0,0.0,3.95,1.3,8.1,3.6,0.9,4.232,0.22049,0.08511,0.01132,0.03058,0.13949,0.04147,0.00374,3.94944,4.44257
672642,Steward Berroa,PHI,25,floor,,,reliever,MiLB (MLE),1.0,0.0,0.0,4.2,0.9,0.6,0.2,0.0,0.1,0.4,0.0,0.9,0.4,0.5,0.0,0.0,3.96,1.3,8.1,3.6,0.9,4.234,0.22049,0.08511,0.01131,0.03069,0.13965,0.04151,0.00374,3.9601,4.45455
805238,Cesar Espinal,MIL,25,floor,,,reliever,MiLB (MLE),1.0,0.0,0.0,4.2,0.9,0.6,0.2,0.0,0.1,0.4,0.0,0.9,0.4,0.5,0.0,0.0,3.85,1.3,8.1,3.6,0.9,4.219,0.22046,0.08511,0.01133,0.02904,0.13902,0.04133,0.00373,3.85414,4.33537
694879,Jack Crowder,BAL,25,floor,,,reliever,MiLB (MLE),1.0,0.0,0.0,4.2,0.9,0.6,0.2,0.0,0.1,0.4,0.0,0.9,0.4,0.5,0.0,0.0,3.85,1.3,8.1,3.6,0.9,4.219,0.22046,0.08511,0.01133,0.02904,0.13902,0.04133,0.00373,3.85414,4.33537
692366,Onil Perez,SF,25,floor,,,reliever,MiLB (MLE),1.0,0.0,0.0,4.2,0.9,0.6,0.2,0.0,0.1,0.4,0.0,0.9,0.4,0.5,0.0,0.0,3.85,1.3,8.1,3.6,0.9,4.218,0.22046,0.08511,0.01133,0.02902,0.13891,0.04129,0.00372,3.84924,4.32986
822526,Camden Wimbish,LAD,25,floor,,,reliever,MiLB (MLE),1.0,0.0,0.0,4.2,0.9,0.6,0.2,0.0,0.1,0.4,0.0,0.9,0.4,0.5,0.0,0.0,3.85,1.3,8.1,3.6,0.9,4.218,0.22046,0.08511,0.01133,0.02902,0.13893,0.0413,0.00372,3.85022,4.33096
679029,Samuel Vásquez,MIA,25,floor,,,reliever,MiLB (MLE),1.0,0.0,0.0,4.2,0.9,0.6,0.2,0.0,0.1,0.4,0.0,0.9,0.4,0.5,0.0,0.0,3.85,1.3,8.1,3.6,0.9,4.218,0.22046,0.08511,0.01133,0.02902,0.13891,0.04129,0.00372,3.84924,4.32986
825751,Gerardo Lopez,PHI,25,floor,,,reliever,MiLB (MLE),1.0,0.0,0.0,4.2,0.9,0.6,0.2,0.0,0.1,0.4,0.0,0.9,0.4,0.5,0.0,0.0,3.85,1.3,8.1,3.6,0.9,4.219,0.22046,0.08511,0.01133,0.02904,0.13902,0.04133,0.00373,3.85414,4.33537
692288,Donye Evans,DET,25,floor,,,reliever,MiLB (MLE),1.0,0.0,0.0,4.2,0.9,0.6,0.2,0.0,0.1,0.4,0.0,0.9,0.4,0.5,0.0,0.0,3.86,1.3,8.1,3.6,0.9,4.22,0.22047,0.08511,0.01132,0.02907,0.13918,0.04138,0.00373,3.86069,4.34274
824445,Austin Breedlove,NYY,25,floor,,,reliever,MiLB (MLE),1.0,0.0,0.0,4.2,0.9,0.6,0.2,0.0,0.1,0.4,0.0,0.9,0.4,0.5,0.0,0.0,3.96,1.3,8.1,3.6,0.9,4.232,0.22047,0.08511,0.01132,0.03098,0.13921,0.04138,0.00373,3.96136,4.45598
824213,Josehp Marte,LAD,25,floor,,,reliever,MiLB (MLE),1.0,0.0,0.0,4.2,0.9,0.6,0.2,0.0,0.1,0.4,0.0,0.9,0.4,0.5,0.0,0.0,3.9,1.3,8.1,3.6,0.9,4.225,0.22047,0.08511,0.01132,0.0298,0.13921,0.04138,0.00373,3.89962,4.38652
691000,Carson Montgomery,SD,25,floor,,,reliever,MiLB (MLE),1.0,0.0,0.0,4.2,0.9,0.6,0.2,0.0,0.1,0.4,0.0,0.9,0.4,0.5,0.0,0.0,3.96,1.3,8.1,3.6,0.9,4.232,0.22047,0.08511,0.01132,0.031,0.13917,0.04137,0.00373,3.96145,4.45608
689713,Jack Hartman,TB,25,floor,,,reliever,MiLB (MLE),1.0,0.0,0.0,4.2,0.9,0.6,0.2,0.0,0.1,0.4,0.0,0.9,0.4,0.5,0.0,0.0,3.86,1.3,8.1,3.6,0.9,4.22,0.22047,0.08511,0.01132,0.02907,0.13918,0.04138,0.00373,3.86069,4.34274
702374,Yenfri Sosa,MIA,25,floor,,,reliever,MiLB (MLE),1.0,0.0,0.0,4.2,0.9,0.6,0.2,0.0,0.1,0.4,0.0,0.9,0.4,0.5,0.0,0.0,3.96,1.3,8.1,3.6,0.9,4.232,0.22047,0.08511,0.01132,0.03098,0.13921,0.04138,0.00373,3.96136,4.45598
808366,Jose Bello,BOS,25,floor,,,starter,MiLB (MLE),1.0,0.0,0.0,4.2,0.9,0.6,0.2,0.0,0.1,0.4,0.0,0.9,0.5,0.5,0.0,0.0,4.06,1.3,8.1,3.6,0.9,4.222,0.22048,0.08511,0.01132,0.0291,0.13934,0.04142,0.00373,4.06302,4.35013
823893,Geovanny Vasquez,CHC,25,floor,,,reliever,MiLB (MLE),1.0,0.0,0.0,4.2,0.9,0.6,0.2,0.0,0.1,0.4,0.0,0.9,0.4,0.5,0.0,0.0,3.9,1.3,8.1,3.6,0.9,4.225,0.22047,0.08511,0.01132,0.0298,0.13921,0.04138,0.00373,3.89962,4.38652
666150,Dominic Fletcher,CIN,25,floor,,,reliever,MiLB (MLE),1.0,0.0,0.0,4.2,0.9,0.6,0.2,0.0,0.1,0.4,0.0,0.9,0.4,0.5,0.0,0.0,3.84,1.3,8.1,3.6,0.9,4.217,0.22045,0.08511,0.01133,0.02899,0.13879,0.04126,0.00372,3.84436,4.32436
697795,Ismael Agreda,TEX,25,floor,,,reliever,MiLB (MLE),1.0,0.0,0.0,4.2,0.9,0.6,0.2,0.0,0.1,0.4,0.0,0.9,0.4,0.5,0.0,0.0,3.96,1.3,8.1,3.6,0.9,4.231,0.22045,0.0851,0.01133,0.03118,0.1389,0.04129,0.00372,3.96223,4.45695
800361,Peter Bonilla,LAD,25,floor,,,reliever,MiLB (MLE),1.0,0.0,0.0,4.2,0.9,0.6,0.2,0.0,0.1,0.4,0.0,0.9,0.4,0.5,0.0,0.0,3.92,1.3,8.1,3.6,0.9,4.226,0.22045,0.0851,0.01133,0.03044,0.13883,0.04127,0.00372,3.92124,4.41084
808020,Sann Omosako,TOR,25,floor,,,starter,MiLB (MLE),1.0,0.0,0.0,4.2,0.9,0.6,0.2,0.0,0.1,0.4,0.0,0.9,0.5,0.5,0.0,0.0,4.08,1.3,8.1,3.6,0.9,4.222,0.22045,0.08511,0.01133,0.02972,0.13883,0.04127,0.00372,4.08033,4.36866
822476,Connor O'Hara,TEX,25,floor,,,starter,MiLB (MLE),1.0,0.0,0.0,4.2,0.9,0.6,0.2,0.0,0.1,0.4,0.0,0.9,0.4,0.5,0.0,0.0,4.05,1.3,8.1,3.6,0.9,4.219,0.22046,0.08511,0.01133,0.02904,0.13902,0.04133,0.00373,4.04923,4.33537
835951,Dominic Mauro,OAK,25,floor,,,reliever,MiLB (MLE),1.0,0.0,0.0,4.2,0.9,0.6,0.2,0.0,0.1,0.4,0.0,0.9,0.4,0.5,0.0,0.0,3.89,1.3,8.1,3.6,0.9,4.223,0.22046,0.08511,0.01133,0.02976,0.13902,0.04133,0.00373,3.89166,4.37757
830361,Tazwell Butler,HOU,25,floor,,,reliever,MiLB (MLE),1.0,0.0,0.0,4.2,0.9,0.6,0.2,0.0,0.1,0.4,0.0,0.9,0.4,0.5,0.0,0.0,3.85,1.3,8.1,3.6,0.9,4.219,0.22046,0.08511,0.01133,0.02904,0.13902,0.04133,0.00373,3.85414,4.33537
823858,Jaitoine Kelly,ARI,25,floor,,,reliever,MiLB (MLE),1.0,0.0,0.0,4.2,0.9,0.6,0.2,0.0,0.1,0.4,0.0,0.9,0.4,0.5,0.0,0.0,3.96,1.3,8.1,3.6,0.9,4.232,0.22046,0.08511,0.01133,0.0311,0.13902,0.04133,0.00373,3.9619,4.45658
820937,Jonathan Rosario,MIA,25,floor,,,reliever,MiLB (MLE),1.0,0.0,0.0,4.2,0.9,0.6,0.2,0.0,0.1,0.4,0.0,0.9,0.4,0.5,0.0,0.0,3.89,1.3,8.1,3.6,0.9,4.222,0.22046,0.08511,0.01133,0.02974,0.13893,0.0413,0.00372,3.88769,4.37311
800970,Landry Jurecka,SD,25,floor,,,reliever,MiLB (MLE),1.0,0.0,0.0,4.2,0.9,0.6,0.2,0.0,0.1,0.4,0.0,0.9,0.4,0.5,0.0,0.0,3.85,1.3,8.1,3.6,0.9,4.218,0.22046,0.08511,0.01133,0.02902,0.13891,0.04129,0.00372,3.84924,4.32986
835656,John Carver,HOU,25,floor,,,reliever,MiLB (MLE),1.0,0.0,0.0,4.2,0.9,0.6,0.2,0.0,0.1,0.4,0.0,0.9,0.4,0.5,0.0,0.0,3.85,1.3,8.1,3.6,0.9,4.219,0.22046,0.08511,0.01133,0.02904,0.13902,0.04133,0.00373,3.85414,4.33537
689506,Robbie Knowles,STL,25,floor,,,reliever,MiLB (MLE),1.0,0.0,0.0,4.2,0.9,0.6,0.2,0.0,0.1,0.4,0.0,0.9,0.4,0.5,0.0,0.0,3.86,1.3,8.1,3.6,0.9,4.22,0.22047,0.08511,0.01132,0.02906,0.13912,0.04136,0.00373,3.85807,4.33979
806163,Chase Meyer,CHC,25,floor,,,starter,MiLB (MLE),1.0,0.0,0.0,4.2,0.9,0.6,0.2,0.0,0.1,0.4,0.0,0.9,0.5,0.5,0.0,0.0,4.06,1.3,8.1,3.6,0.9,4.222,0.22048,0.08511,0.01132,0.0291,0.1393,0.04141,0.00373,4.06164,4.34865
699157,Ahbram Liendo,BOS,25,floor,,,reliever,MiLB (MLE),1.0,0.0,0.0,4.2,0.9,0.6,0.2,0.0,0.1,0.4,0.0,0.9,0.4,0.5,0.0,0.0,3.96,1.3,8.1,3.6,0.9,4.233,0.22048,0.08511,0.01132,0.03082,0.13945,0.04146,0.00374,3.96067,4.45519
808163,Kelvin Rosario,ARI,25,floor,,,reliever,MiLB (MLE),1.0,0.0,0.0,4.2,0.9,0.6,0.2,0.0,0.1,0.4,0.0,0.9,0.4,0.5,0.0,0.0,3.91,1.3,8.1,3.6,0.9,4.227,0.22048,0.08511,0.01132,0.02984,0.1394,0.04144,0.00374,3.9076,4.39551
688781,Brett Banks,NYM,25,floor,,,reliever,MiLB (MLE),1.0,0.0,0.0,4.2,0.9,0.6,0.2,0.0,0.1,0.4,0.0,0.9,0.4,0.5,0.0,0.0,3.87,1.3,8.1,3.6,0.9,4.222,0.22048,0.08511,0.01132,0.0291,0.13934,0.04142,0.00373,3.86727,4.35013
702255,Brandon Barriera,TOR,25,floor,,,reliever,MiLB (MLE),1.0,0.0,0.0,4.2,0.9,0.6,0.2,0.0,0.1,0.4,0.0,0.9,0.4,0.5,0.0,0.0,3.87,1.3,8.1,3.6,0.9,4.222,0.22048,0.08511,0.01132,0.0291,0.13934,0.04142,0.00373,3.86727,4.35013
800152,Nelfri Payano,CIN,25,floor,,,reliever,MiLB (MLE),1.0,0.0,0.0,4.2,0.9,0.6,0.2,0.0,0.1,0.4,0.0,0.9,0.4,0.5,0.0,0.0,3.91,1.3,8.1,3.6,0.9,4.227,0.22048,0.08511,0.01132,0.02984,0.1394,0.04144,0.00374,3.9076,4.39551
689577,Aaron Antonini,DET,25,floor,,,reliever,MiLB (MLE),1.0,0.0,0.0,4.2,0.9,0.6,0.2,0.0,0.1,0.4,0.0,0.9,0.4,0.5,0.0,0.0,3.96,1.3,8.1,3.6,0.9,4.233,0.22048,0.08511,0.01132,0.03082,0.13945,0.04146,0.00374,3.96067,4.45519
679602,Drew Ehrhard,BOS,25,floor,,,reliever,MiLB (MLE),1.0,0.0,0.0,4.2,0.9,0.6,0.2,0.0,0.1,0.4,0.0,0.9,0.4,0.5,0.0,0.0,3.96,1.3,8.1,3.6,0.9,4.233,0.22048,0.08511,0.01132,0.03082,0.13945,0.04146,0.00374,3.96067,4.45519
836150,Brendan Parks,BAL,25,floor,,,reliever,MiLB (MLE),1.0,0.0,0.0,4.2,0.9,0.6,0.2,0.0,0.1,0.4,0.0,0.9,0.4,0.5,0.0,0.0,3.93,1.3,8.1,3.6,0.9,4.229,0.22048,0.08511,0.01132,0.03021,0.13933,0.04142,0.00373,3.92506,4.41514
835916,Colin Fitzgerald,OAK,25,floor,,,reliever,MiLB (MLE),1.0,0.0,0.0,4.2,0.9,0.6,0.2,0.0,0.1,0.4,0.0,0.9,0.4,0.5,0.0,0.0,3.9,1.3,8.1,3.6,0.9,4.225,0.22047,0.08511,0.01132,0.0298,0.13921,0.04138,0.00373,3.89962,4.38652
678899,Brayan Castillo,COL,25,floor,,,reliever,MiLB (MLE),1.0,0.0,0.0,4.2,0.9,0.6,0.2,0.0,0.1,0.4,0.0,0.9,0.4,0.5,0.0,0.0,3.96,1.3,8.1,3.6,0.9,4.232,0.22047,0.08511,0.01132,0.03097,0.13921,0.04139,0.00373,3.96134,4.45595
808222,Jesus Flores,MIL,25,floor,,,reliever,MiLB (MLE),1.0,0.0,0.0,4.2,0.9,0.6,0.2,0.0,0.1,0.4,0.0,0.9,0.4,0.5,0.0,0.0,3.86,1.3,8.1,3.6,0.9,4.22,0.22047,0.08511,0.01132,0.02907,0.13918,0.04138,0.00373,3.86069,4.34274
684491,Frank Rodriguez,LAD,25,floor,,,reliever,MiLB (MLE),1.0,0.0,0.0,4.2,0.9,0.6,0.2,0.0,0.1,0.4,0.0,0.9,0.4,0.5,0.0,0.0,3.85,1.3,8.1,3.6,0.9,4.218,0.22046,0.08511,0.01133,0.02902,0.13891,0.04129,0.00372,3.84924,4.32986
687543,Andrew Jenkins,DET,25,floor,,,reliever,MiLB (MLE),1.0,0.0,0.0,4.2,0.9,0.6,0.2,0.0,0.1,0.4,0.0,0.9,0.4,0.5,0.0,0.0,3.95,1.3,8.1,3.6,0.9,4.231,0.22047,0.08511,0.01132,0.03082,0.13917,0.04137,0.00373,3.9522,4.44567
806642,Ramon Suarez,TOR,25,floor,,,reliever,MiLB (MLE),1.0,0.0,0.0,4.2,0.9,0.6,0.2,0.0,0.1,0.4,0.0,0.9,0.4,0.5,0.0,0.0,3.96,1.3,8.1,3.6,0.9,4.233,0.22047,0.08511,0.01132,0.03092,0.1393,0.04141,0.00373,3.96109,4.45567
686579,Wes Burton,CLE,25,floor,,,reliever,MiLB (MLE),1.0,0.0,0.0,4.2,0.9,0.6,0.2,0.0,0.1,0.4,0.0,0.9,0.4,0.5,0.0,0.0,3.86,1.3,8.1,3.6,0.9,4.221,0.22047,0.08511,0.01132,0.02908,0.13921,0.04138,0.00373,3.86201,4.34421
815069,Andrew Landry,NYY,25,floor,,,reliever,MiLB (MLE),1.0,0.0,0.0,4.2,0.9,0.6,0.2,0.0,0.1,0.4,0.0,0.9,0.4,0.5,0.0,0.0,3.96,1.3,8.1,3.6,0.9,4.232,0.22047,0.08511,0.01132,0.031,0.13917,0.04137,0.00373,3.96145,4.45608
686590,Dax Dathe,TOR,25,floor,,,reliever,MiLB (MLE),1.0,0.0,0.0,4.2,0.9,0.6,0.2,0.0,0.1,0.4,0.0,0.9,0.4,0.5,0.0,0.0,3.86,1.3,8.1,3.6,0.9,4.22,0.22047,0.08511,0.01132,0.02907,0.13918,0.04138,0.00373,3.86069,4.34274
803287,Leighton Finley,BOS,25,floor,,,starter,MiLB (MLE),1.0,0.0,0.0,4.2,0.9,0.6,0.2,0.0,0.1,0.4,0.0,0.9,0.5,0.5,0.0,0.0,4.06,1.3,8.1,3.6,0.9,4.22,0.22047,0.08511,0.01132,0.02907,0.13918,0.04138,0.00373,4.05612,4.34274
803427,Felix Castro,OAK,25,floor,,,reliever,MiLB (MLE),1.0,0.0,0.0,4.2,0.9,0.6,0.2,0.0,0.1,0.4,0.0,0.9,0.4,0.5,0.0,0.0,3.9,1.3,8.1,3.6,0.9,4.225,0.22047,0.08511,0.01132,0.0298,0.13921,0.04138,0.00373,3.89962,4.38652
803289,Collin McKinney,BAL,25,floor,,,reliever,MiLB (MLE),1.0,0.0,0.0,4.2,0.9,0.6,0.2,0.0,0.1,0.4,0.0,0.9,0.4,0.5,0.0,0.0,3.86,1.3,8.1,3.6,0.9,4.221,0.22047,0.08511,0.01132,0.02908,0.13921,0.04138,0.00373,3.86201,4.34421
811600,Abraham Parra,SD,25,floor,,,reliever,MiLB (MLE),1.0,0.0,0.0,4.2,0.9,0.6,0.2,0.0,0.1,0.4,0.0,0.9,0.4,0.5,0.0,0.0,3.96,1.3,8.1,3.6,0.9,4.232,0.22047,0.08511,0.01132,0.03097,0.13921,0.04139,0.00373,3.96134,4.45595
835024,Connor Knox,CHC,25,floor,,,reliever,MiLB (MLE),1.0,0.0,0.0,4.2,0.9,0.6,0.2,0.0,0.1,0.4,0.0,0.9,0.4,0.5,0.0,0.0,3.9,1.3,8.1,3.6,0.9,4.225,0.22047,0.08511,0.01132,0.0298,0.13921,0.04138,0.00373,3.89962,4.38652
831149,Jordan Gottesman,SF,25,floor,,,starter,MiLB (MLE),1.0,0.0,0.0,4.2,0.9,0.6,0.2,0.0,0.1,0.4,0.0,0.9,0.5,0.5,0.0,0.0,4.06,1.3,8.1,3.6,0.9,4.22,0.22047,0.08511,0.01132,0.02907,0.13918,0.04138,0.00373,4.05612,4.34274
832457,CJ Gray,LAA,25,floor,,,reliever,MiLB (MLE),1.0,0.0,0.0,4.2,0.9,0.6,0.2,0.0,0.1,0.4,0.0,0.9,0.4,0.5,0.0,0.0,3.9,1.3,8.1,3.6,0.9,4.224,0.22047,0.08511,0.01132,0.02978,0.13911,0.04136,0.00373,3.89563,4.38204
813409,Joe Ariola,ARI,25,floor,,,reliever,MiLB (MLE),1.0,0.0,0.0,4.2,0.9,0.6,0.2,0.0,0.1,0.4,0.0,0.9,0.4,0.5,0.0,0.0,3.85,1.3,8.1,3.6,0.9,4.218,0.22046,0.08511,0.01133,0.02902,0.13891,0.04129,0.00372,3.84924,4.32986
821193,Josdanner Suarez,ARI,25,floor,,,reliever,MiLB (MLE),1.0,0.0,0.0,4.2,0.9,0.6,0.2,0.0,0.1,0.4,0.0,0.9,0.4,0.5,0.0,0.0,3.96,1.3,8.1,3.6,0.9,4.232,0.22047,0.08511,0.01132,0.03098,0.13921,0.04138,0.00373,3.96136,4.45598
822715,Mason Patel,OAK,25,floor,,,reliever,MiLB (MLE),1.0,0.0,0.0,4.2,0.9,0.6,0.2,0.0,0.1,0.4,0.0,0.9,0.4,0.5,0.0,0.0,3.77,1.3,8.1,3.6,0.9,4.201,0.2203,0.08507,0.01137,0.02864,0.1371,0.04076,0.00367,3.77353,4.24469
801293,Eric Yost,SD,25,floor,,,reliever,MiLB (MLE),1.0,0.0,0.0,4.2,0.9,0.6,0.2,0.0,0.1,0.4,0.0,0.9,0.4,0.5,0.0,0.0,3.77,1.3,8.1,3.6,0.9,4.201,0.2203,0.08507,0.01136,0.02864,0.13711,0.04076,0.00367,3.77416,4.2454
811637,Wilmis Paulino,COL,25,floor,,,reliever,MiLB (MLE),1.0,0.0,0.0,4.2,0.9,0.6,0.2,0.0,0.1,0.4,0.0,0.9,0.4,0.5,0.0,0.0,3.93,1.3,8.1,3.6,0.9,4.22,0.22031,0.08507,0.01136,0.0315,0.13727,0.04081,0.00368,3.92814,4.4186
813539,Grant Cleavinger,CWS,25,floor,,,reliever,MiLB (MLE),1.0,0.0,0.0,4.2,0.9,0.6,0.2,0.0,0.1,0.4,0.0,0.9,0.4,0.5,0.0,0.0,3.78,1.3,8.1,3.6,0.9,4.202,0.22031,0.08507,0.01136,0.02866,0.13719,0.04078,0.00368,3.77729,4.24892
809669,Jackson Cleveland,KC,25,floor,,,reliever,MiLB (MLE),1.0,0.0,0.0,4.2,0.9,0.6,0.2,0.0,0.1,0.4,0.0,0.9,0.4,0.5,0.0,0.0,3.88,1.3,8.1,3.6,0.9,4.212,0.22027,0.08506,0.01137,0.03075,0.13688,0.04069,0.00367,3.87686,4.36092
691188,Robert Puason,OAK,25,floor,,,reliever,MiLB (MLE),1.0,0.0,0.0,4.2,0.9,0.6,0.2,0.0,0.1,0.4,0.0,0.9,0.4,0.5,0.0,0.0,3.95,1.3,8.1,3.6,0.9,4.221,0.22027,0.08506,0.01137,0.03212,0.13691,0.0407,0.00367,3.94919,4.44228
821116,Reinold Navarro,PIT,25,floor,,,reliever,MiLB (MLE),1.0,0.0,0.0,4.2,0.9,0.6,0.2,0.0,0.1,0.4,0.0,0.9,0.4,0.5,0.0,0.0,3.82,1.3,8.1,3.6,0.9,4.206,0.22027,0.08506,0.01137,0.02967,0.13689,0.04069,0.00367,3.82074,4.29779
844324,Brady Stuart,LAA,25,floor,,,reliever,MiLB (MLE),1.0,0.0,0.0,4.2,0.9,0.6,0.2,0.0,0.1,0.4,0.0,0.9,0.4,0.5,0.0,0.0,3.88,1.3,8.1,3.6,0.9,4.212,0.22027,0.08506,0.01137,0.03075,0.13688,0.04069,0.00367,3.87686,4.36092
828043,Hunter Alberini,KC,25,floor,,,reliever,MiLB (MLE),1.0,0.0,0.0,4.2,0.9,0.6,0.2,0.0,0.1,0.4,0.0,0.9,0.4,0.5,0.0,0.0,3.82,1.3,8.1,3.6,0.9,4.206,0.22027,0.08506,0.01137,0.02967,0.13689,0.04069,0.00367,3.82074,4.29779
827768,Anthony Mena,NYY,25,floor,,,reliever,MiLB (MLE),1.0,0.0,0.0,4.2,0.9,0.6,0.2,0.0,0.1,0.4,0.0,0.9,0.4,0.5,0.0,0.0,3.84,1.3,8.1,3.6,0.9,4.207,0.22027,0.08506,0.01137,0.02999,0.13683,0.04068,0.00367,3.83525,4.31412
828987,Briggs McKenzie,ATL,25,floor,,,reliever,MiLB (MLE),1.0,0.0,0.0,4.2,0.9,0.6,0.2,0.0,0.1,0.4,0.0,0.9,0.4,0.5,0.0,0.0,3.82,1.3,8.1,3.6,0.9,4.206,0.22027,0.08506,0.01137,0.02967,0.13689,0.04069,0.00367,3.82074,4.29779
821122,Alejandro Rivera,CIN,25,floor,,,reliever,MiLB (MLE),1.0,0.0,0.0,4.2,0.9,0.6,0.2,0.0,0.1,0.4,0.0,0.9,0.4,0.5,0.0,0.0,3.91,1.3,8.1,3.6,0.9,4.216,0.22027,0.08506,0.01137,0.03142,0.13691,0.0407,0.00367,3.91241,4.40091
829478,Jubrayker Salaya,CHC,25,floor,,,reliever,MiLB (MLE),1.0,0.0,0.0,4.2,0.9,0.6,0.2,0.0,0.1,0.4,0.0,0.9,0.4,0.5,0.0,0.0,3.82,1.3,8.1,3.6,0.9,4.211,0.2204,0.0851,0.01134,0.02887,0.13819,0.04108,0.0037,3.81916,4.29602
830769,Nick Potter,HOU,25,floor,,,reliever,MiLB (MLE),1.0,0.0,0.0,4.2,0.9,0.6,0.2,0.0,0.1,0.4,0.0,0.9,0.4,0.5,0.0,0.0,3.94,1.3,8.1,3.6,0.9,4.22,0.22028,0.08506,0.01137,0.03187,0.13703,0.04074,0.00367,3.93973,4.43164
696098,Jose Romero,CHC,25,floor,,,reliever,MiLB (MLE),1.0,0.0,0.0,4.2,0.9,0.6,0.2,0.0,0.1,0.4,0.0,0.9,0.4,0.5,0.0,0.0,3.76,1.3,8.1,3.6,0.9,4.199,0.22028,0.08506,0.01137,0.02859,0.13689,0.04069,0.00367,3.76479,4.23486
837215,Kendry Garcia,CWS,25,floor,,,reliever,MiLB (MLE),1.0,0.0,0.0,4.2,0.9,0.6,0.2,0.0,0.1,0.4,0.0,0.9,0.4,0.5,0.0,0.0,3.84,1.3,8.1,3.6,0.9,4.208,0.22028,0.08506,0.01137,0.03001,0.13692,0.0407,0.00367,3.83908,4.31842
821092,Dalvinson Reyes,BOS,25,floor,,,reliever,MiLB (MLE),1.0,0.0,0.0,4.2,0.9,0.6,0.2,0.0,0.1,0.4,0.0,0.9,0.4,0.5,0.0,0.0,3.8,1.3,8.1,3.6,0.9,4.204,0.22028,0.08506,0.01137,0.0293,0.13692,0.0407,0.00367,3.80252,4.2773
829877,Joan Pena,MIL,25,floor,,,reliever,MiLB (MLE),1.0,0.0,0.0,4.2,0.9,0.6,0.2,0.0,0.1,0.4,0.0,0.9,0.4,0.5,0.0,0.0,3.88,1.3,8.1,3.6,0.9,4.214,0.22029,0.08506,0.01136,0.03076,0.13709,0.04076,0.00367,3.88347,4.36835
829397,Berny Ortiz,BOS,25,floor,,,reliever,MiLB (MLE),1.0,0.0,0.0,4.2,0.9,0.6,0.2,0.0,0.1,0.4,0.0,0.9,0.4,0.5,0.0,0.0,3.77,1.3,8.1,3.6,0.9,4.2,0.22029,0.08506,0.01137,0.02862,0.13701,0.04073,0.00367,3.76978,4.24047
815157,Owen Hall,DET,25,floor,,,reliever,MiLB (MLE),1.0,0.0,0.0,4.2,0.9,0.6,0.2,0.0,0.1,0.4,0.0,0.9,0.4,0.5,0.0,0.0,3.79,1.3,8.1,3.6,0.9,4.202,0.22026,0.08505,0.01137,0.02927,0.13674,0.04065,0.00366,3.79497,4.2688
815085,Isaac Silva,BAL,25,floor,,,reliever,MiLB (MLE),1.0,0.0,0.0,4.2,0.9,0.6,0.2,0.0,0.1,0.4,0.0,0.9,0.4,0.5,0.0,0.0,3.83,1.3,8.1,3.6,0.9,4.206,0.22026,0.08505,0.01137,0.02997,0.13674,0.04065,0.00366,3.83144,4.30983
801921,Carter Lovasz,ATL,25,floor,,,reliever,MiLB (MLE),1.0,0.0,0.0,4.2,0.9,0.6,0.2,0.0,0.1,0.4,0.0,0.9,0.4,0.5,0.0,0.0,3.76,1.3,8.1,3.6,0.9,4.198,0.22026,0.08505,0.01137,0.02856,0.13674,0.04065,0.00366,3.75857,4.22786
811319,Riley Frey,ATL,25,floor,,,reliever,MiLB (MLE),1.0,0.0,0.0,4.2,0.9,0.6,0.2,0.0,0.1,0.4,0.0,0.9,0.4,0.5,0.0,0.0,3.76,1.3,8.1,3.6,0.9,4.198,0.22026,0.08506,0.01137,0.02857,0.13678,0.04066,0.00367,3.76012,4.22961
800618,Paul Wilson,DET,25,floor,,,reliever,MiLB (MLE),1.0,0.0,0.0,4.2,0.9,0.6,0.2,0.0,0.1,0.4,0.0,0.9,0.4,0.5,0.0,0.0,3.83,1.3,8.1,3.6,0.9,4.206,0.22026,0.08505,0.01137,0.02997,0.13674,0.04065,0.00366,3.83144,4.30983
800686,Parker Carlson,NYM,25,floor,,,reliever,MiLB (MLE),1.0,0.0,0.0,4.2,0.9,0.6,0.2,0.0,0.1,0.4,0.0,0.9,0.4,0.5,0.0,0.0,3.76,1.3,8.1,3.6,0.9,4.197,0.22026,0.08505,0.01137,0.02856,0.1367,0.04064,0.00366,3.75702,4.22612
806652,Jacob Edwards,CIN,25,floor,,,reliever,MiLB (MLE),1.0,0.0,0.0,4.2,0.9,0.6,0.2,0.0,0.1,0.4,0.0,0.9,0.4,0.5,0.0,0.0,3.95,1.3,8.1,3.6,0.9,4.221,0.22028,0.08506,0.01137,0.03205,0.13703,0.04074,0.00367,3.94935,4.44247
806272,Zane Petty,CLE,25,floor,,,reliever,MiLB (MLE),1.0,0.0,0.0,4.2,0.9,0.6,0.2,0.0,0.1,0.4,0.0,0.9,0.4,0.5,0.0,0.0,3.78,1.3,8.1,3.6,0.9,4.202,0.22031,0.08507,0.01136,0.02866,0.13719,0.04078,0.00368,3.77729,4.24892
806426,Jarrette Bonet,MIL,25,floor,,,starter,MiLB (MLE),1.0,0.0,0.0,4.2,0.9,0.6,0.2,0.0,0.1,0.4,0.0,0.9,0.4,0.5,0.0,0.0,4.03,1.3,8.1,3.6,0.9,4.208,0.22031,0.08507,0.01136,0.02974,0.13719,0.04078,0.00368,4.02751,4.31211
701374,Zack Showalter,STL,25,floor,,,reliever,MiLB (MLE),1.0,0.0,0.0,4.2,0.9,0.6,0.2,0.0,0.1,0.4,0.0,0.9,0.4,0.5,0.0,0.0,3.97,1.3,8.1,3.6,0.9,4.225,0.22031,0.08507,0.01136,0.0322,0.13733,0.04083,0.00368,3.96661,4.46187
807937,Nathan Hall,NYM,25,floor,,,reliever,MiLB (MLE),1.0,0.0,0.0,4.2,0.9,0.6,0.2,0.0,0.1,0.4,0.0,0.9,0.4,0.5,0.0,0.0,3.81,1.3,8.1,3.6,0.9,4.206,0.22031,0.08507,0.01136,0.02936,0.13719,0.04078,0.00368,3.81391,4.29011
823864,Carlos Rodriguez,DET,25,floor,,,reliever,MiLB (MLE),1.0,0.0,0.0,4.2,0.9,0.6,0.2,0.0,0.1,0.4,0.0,0.9,0.4,0.5,0.0,0.0,3.78,1.3,8.1,3.6,0.9,4.202,0.22031,0.08507,0.01136,0.02866,0.13719,0.04078,0.00368,3.77729,4.24892
681977,Jake Smith,MIA,25,floor,,,reliever,MiLB (MLE),1.0,0.0,0.0,4.2,0.9,0.6,0.2,0.0,0.1,0.4,0.0,0.9,0.4,0.5,0.0,0.0,3.96,1.3,8.1,3.6,0.9,4.224,0.22031,0.08507,0.01136,0.03212,0.13729,0.04081,0.00368,3.96095,4.45552
815919,Branneli Franco,STL,25,floor,,,starter,MiLB (MLE),1.0,0.0,0.0,4.2,0.9,0.6,0.2,0.0,0.1,0.4,0.0,0.9,0.4,0.5,0.0,0.0,4.05,1.3,8.1,3.6,0.9,4.21,0.22031,0.08507,0.01136,0.03007,0.13718,0.04078,0.00368,4.04551,4.33138
823245,Andrew Berg,CWS,25,floor,,,reliever,MiLB (MLE),1.0,0.0,0.0,4.2,0.9,0.6,0.2,0.0,0.1,0.4,0.0,0.9,0.4,0.5,0.0,0.0,3.89,1.3,8.1,3.6,0.9,4.216,0.22031,0.08507,0.01136,0.0308,0.13727,0.04081,0.00368,3.89126,4.37712
825432,Adrian Belen,KC,25,floor,,,reliever,MiLB (MLE),1.0,0.0,0.0,4.2,0.9,0.6,0.2,0.0,0.1,0.4,0.0,0.9,0.4,0.5,0.0,0.0,3.81,1.3,8.1,3.6,0.9,4.206,0.22031,0.08507,0.01136,0.02936,0.13719,0.04078,0.00368,3.81391,4.29011
681896,Anthony Hoopii-Tuionetoa,TEX,25,floor,,,reliever,MiLB (MLE),1.0,0.0,0.0,4.2,0.9,0.6,0.2,0.0,0.1,0.4,0.0,0.9,0.4,0.5,0.0,0.0,3.78,1.3,8.1,3.6,0.9,4.202,0.22031,0.08507,0.01136,0.02866,0.13719,0.04078,0.00368,3.77729,4.24892
808349,Cristian Hernandez,MIN,25,floor,,,reliever,MiLB (MLE),1.0,0.0,0.0,4.2,0.9,0.6,0.2,0.0,0.1,0.4,0.0,0.9,0.4,0.5,0.0,0.0,3.78,1.3,8.1,3.6,0.9,4.203,0.22032,0.08507,0.01136,0.02868,0.13728,0.04081,0.00368,3.78106,4.25316
805812,Dylan Questad,MIN,25,floor,,,reliever,MiLB (MLE),1.0,0.0,0.0,4.2,0.9,0.6,0.2,0.0,0.1,0.4,0.0,0.9,0.4,0.5,0.0,0.0,3.86,1.3,8.1,3.6,0.9,4.212,0.22032,0.08507,0.01136,0.03011,0.13737,0.04084,0.00368,3.85831,4.34006
702052,Hunter Hollan,CIN,25,floor,,,reliever,MiLB (MLE),1.0,0.0,0.0,4.2,0.9,0.6,0.2,0.0,0.1,0.4,0.0,0.9,0.4,0.5,0.0,0.0,3.84,1.3,8.1,3.6,0.9,4.209,0.22029,0.08506,0.01137,0.03003,0.13701,0.04073,0.00367,3.84291,4.32273
687020,Mason Auer,TB,25,floor,,,reliever,MiLB (MLE),1.0,0.0,0.0,4.2,0.9,0.6,0.2,0.0,0.1,0.4,0.0,0.9,0.4,0.5,0.0,0.0,3.85,1.3,8.1,3.6,0.9,4.211,0.22032,0.08507,0.01136,0.03009,0.13727,0.04081,0.00368,3.85445,4.33572
823891,Jhoster Baez,HOU,25,floor,,,reliever,MiLB (MLE),1.0,0.0,0.0,4.2,0.9,0.6,0.2,0.0,0.1,0.4,0.0,0.9,0.4,0.5,0.0,0.0,3.9,1.3,8.1,3.6,0.9,4.216,0.22032,0.08507,0.01136,0.03086,0.13733,0.04083,0.00368,3.89632,4.38281
829679,Shotaro Morii,OAK,25,floor,,,reliever,MiLB (MLE),1.0,0.0,0.0,4.2,0.9,0.6,0.2,0.0,0.1,0.4,0.0,0.9,0.4,0.5,0.0,0.0,3.92,1.3,8.1,3.6,0.9,4.218,0.22029,0.08506,0.01136,0.03146,0.13709,0.04076,0.00367,3.92026,4.40974
691771,Michael Braswell III,KC,25,floor,,,reliever,MiLB (MLE),1.0,0.0,0.0,4.2,0.9,0.6,0.2,0.0,0.1,0.4,0.0,0.9,0.4,0.5,0.0,0.0,3.77,1.3,8.1,3.6,0.9,4.2,0.22029,0.08506,0.01137,0.02862,0.13701,0.04073,0.00367,3.76978,4.24047
691013,Jason Savacool,STL,25,floor,,,reliever,MiLB (MLE),1.0,0.0,0.0,4.2,0.9,0.6,0.2,0.0,0.1,0.4,0.0,0.9,0.4,0.5,0.0,0.0,3.97,1.3,8.1,3.6,0.9,4.224,0.22029,0.08506,0.01136,0.03235,0.13711,0.04076,0.00367,3.96722,4.46257
808839,Stephen Quigley,CIN,25,floor,,,reliever,MiLB (MLE),1.0,0.0,0.0,4.2,0.9,0.6,0.2,0.0,0.1,0.4,0.0,0.9,0.4,0.5,0.0,0.0,3.86,1.3,8.1,3.6,0.9,4.211,0.22029,0.08506,0.01137,0.03034,0.13703,0.04074,0.00367,3.85997,4.34193
805730,Blake Gillespie,NYY,25,floor,,,starter,MiLB (MLE),1.0,0.0,0.0,4.2,0.9,0.6,0.2,0.0,0.1,0.4,0.0,0.9,0.4,0.5,0.0,0.0,4.0,1.3,8.1,3.6,0.9,4.204,0.22029,0.08506,0.01137,0.02932,0.13701,0.04073,0.00367,3.99898,4.28156
803370,Richard Fernandez,OAK,25,floor,,,reliever,MiLB (MLE),1.0,0.0,0.0,4.2,0.9,0.6,0.2,0.0,0.1,0.4,0.0,0.9,0.4,0.5,0.0,0.0,3.84,1.3,8.1,3.6,0.9,4.209,0.22029,0.08506,0.01137,0.03003,0.13701,0.04073,0.00367,3.84291,4.32273
813536,Juan Valera,BOS,25,floor,,,reliever,MiLB (MLE),1.0,0.0,0.0,4.2,0.9,0.6,0.2,0.0,0.1,0.4,0.0,0.9,0.4,0.5,0.0,0.0,3.83,1.3,8.1,3.6,0.9,4.207,0.22029,0.08506,0.01137,0.02971,0.13704,0.04074,0.00367,3.82709,4.30494
811138,Jairon Digon,ARI,25,floor,,,reliever,MiLB (MLE),1.0,0.0,0.0,4.2,0.9,0.6,0.2,0.0,0.1,0.4,0.0,0.9,0.4,0.5,0.0,0.0,3.81,1.3,8.1,3.6,0.9,4.204,0.22029,0.08506,0.01137,0.02932,0.13701,0.04073,0.00367,3.80631,4.28156
694453,Alex Galvan,ARI,25,floor,,,reliever,MiLB (MLE),1.0,0.0,0.0,4.2,0.9,0.6,0.2,0.0,0.1,0.4,0.0,0.9,0.4,0.5,0.0,0.0,3.84,1.3,8.1,3.6,0.9,4.209,0.22029,0.08506,0.01137,0.03003,0.13701,0.04073,0.00367,3.84291,4.32273
701195,Manuel Castro,SD,25,floor,,,reliever,MiLB (MLE),1.0,0.0,0.0,4.2,0.9,0.6,0.2,0.0,0.1,0.4,0.0,0.9,0.4,0.5,0.0,0.0,3.77,1.3,8.1,3.6,0.9,4.2,0.22029,0.08506,0.01137,0.02863,0.13704,0.04074,0.00367,3.77103,4.24188
835183,Wily Villar,TEX,25,floor,,,reliever,MiLB (MLE),1.0,0.0,0.0,4.2,0.9,0.6,0.2,0.0,0.1,0.4,0.0,0.9,0.4,0.5,0.0,0.0,3.86,1.3,8.1,3.6,0.9,4.211,0.22029,0.08506,0.01137,0.03034,0.13703,0.04074,0.00367,3.85997,4.34193
657053,Touki Toussaint,CWS,31,floor,,,reliever,MLB,1.0,0.0,0.0,4.5,0.9,0.6,0.2,0.0,0.1,0.6,0.1,1.0,0.5,0.6,0.0,0.0,4.5,1.5,9.0,5.4,0.9,4.473,0.22032,0.13282,0.01882,0.03215,0.12314,0.03865,0.00323,4.49556,5.05687
803068,Chandler Welch,MIL,25,floor,,,reliever,MiLB (MLE),1.0,0.0,0.0,4.2,0.9,0.6,0.2,0.0,0.1,0.4,0.0,0.9,0.4,0.5,0.0,0.0,3.93,1.3,8.1,3.6,0.9,4.216,0.22022,0.08504,0.01138,0.03193,0.13651,0.04058,0.00366,3.92636,4.41661
701726,Merritt Beeker,WSH,25,floor,,,reliever,MiLB (MLE),1.0,0.0,0.0,4.2,0.9,0.6,0.2,0.0,0.1,0.4,0.0,0.9,0.4,0.5,0.0,0.0,3.82,1.3,8.1,3.6,0.9,4.204,0.22023,0.08505,0.01138,0.02993,0.13656,0.0406,0.00366,3.82383,4.30127
804397,Anthony Karoly,SEA,25,floor,,,reliever,MiLB (MLE),1.0,0.0,0.0,4.2,0.9,0.6,0.2,0.0,0.1,0.4,0.0,0.9,0.4,0.5,0.0,0.0,3.78,1.3,8.1,3.6,0.9,4.199,0.22023,0.08504,0.01138,0.02921,0.13647,0.04057,0.00366,3.78369,4.25612
682754,Teofilo Mendez,ARI,25,floor,,,reliever,MiLB (MLE),1.0,0.0,0.0,4.2,0.9,0.6,0.2,0.0,0.1,0.4,0.0,0.9,0.4,0.5,0.0,0.0,3.97,1.3,8.1,3.6,0.9,4.221,0.22023,0.08504,0.01137,0.03269,0.13658,0.0406,0.00366,3.96864,4.46416
802392,Carlos Medina,SD,25,floor,,,reliever,MiLB (MLE),1.0,0.0,0.0,4.2,0.9,0.6,0.2,0.0,0.1,0.4,0.0,0.9,0.4,0.5,0.0,0.0,3.84,1.3,8.1,3.6,0.9,4.206,0.22023,0.08504,0.01138,0.03022,0.13652,0.04058,0.00366,3.83761,4.31677
702909,Brian Arias,NYY,25,floor,,,reliever,MiLB (MLE),1.0,0.0,0.0,4.2,0.9,0.6,0.2,0.0,0.1,0.4,0.0,0.9,0.4,0.5,0.0,0.0,3.82,1.3,8.1,3.6,0.9,4.204,0.22023,0.08505,0.01138,0.02993,0.13656,0.0406,0.00366,3.82383,4.30127
701432,Orlando Gonzalez,PHI,25,floor,,,reliever,MiLB (MLE),1.0,0.0,0.0,4.2,0.9,0.6,0.2,0.0,0.1,0.4,0.0,0.9,0.4,0.5,0.0,0.0,3.78,1.3,8.1,3.6,0.9,4.199,0.22023,0.08504,0.01138,0.02921,0.13647,0.04057,0.00366,3.78369,4.25612
827603,Jayden Voelker,TB,25,floor,,,reliever,MiLB (MLE),1.0,0.0,0.0,4.2,0.9,0.6,0.2,0.0,0.1,0.4,0.0,0.9,0.4,0.5,0.0,0.0,3.9,1.3,8.1,3.6,0.9,4.213,0.22023,0.08504,0.01138,0.03133,0.13656,0.0406,0.00366,3.89681,4.38336
828518,Luke Lashutka,MIA,25,floor,,,reliever,MiLB (MLE),1.0,0.0,0.0,4.2,0.9,0.6,0.2,0.0,0.1,0.4,0.0,0.9,0.4,0.5,0.0,0.0,3.92,1.3,8.1,3.6,0.9,4.216,0.22023,0.08504,0.01137,0.03176,0.13659,0.0406,0.00366,3.92007,4.40952
835375,Jacob Johnson,TEX,25,floor,,,reliever,MiLB (MLE),1.0,0.0,0.0,4.2,0.9,0.6,0.2,0.0,0.1,0.4,0.0,0.9,0.4,0.5,0.0,0.0,3.78,1.3,8.1,3.6,0.9,4.199,0.22023,0.08504,0.01138,0.02921,0.13647,0.04057,0.00366,3.78369,4.25612
695500,Daniel Brooks,ATL,25,floor,,,reliever,MiLB (MLE),1.0,0.0,0.0,4.2,0.9,0.6,0.2,0.0,0.1,0.4,0.0,0.9,0.4,0.5,0.0,0.0,3.75,1.3,8.1,3.6,0.9,4.196,0.22024,0.08505,0.01138,0.02853,0.13659,0.04061,0.00366,3.75237,4.22089
832399,Gensi Angeles,ATL,25,floor,,,reliever,MiLB (MLE),1.0,0.0,0.0,4.2,0.9,0.6,0.2,0.0,0.1,0.4,0.0,0.9,0.4,0.5,0.0,0.0,3.9,1.3,8.1,3.6,0.9,4.214,0.22024,0.08505,0.01137,0.03136,0.13665,0.04062,0.00366,3.9007,4.38774
682087,Antonio Knowles,LAD,25,floor,,,reliever,MiLB (MLE),1.0,0.0,0.0,4.2,0.9,0.6,0.2,0.0,0.1,0.4,0.0,0.9,0.4,0.5,0.0,0.0,3.76,1.3,8.1,3.6,0.9,4.197,0.22026,0.08505,0.01137,0.02856,0.1367,0.04064,0.00366,3.75702,4.22612
802092,Luis Ramirez,MIA,25,floor,,,reliever,MiLB (MLE),1.0,0.0,0.0,4.2,0.9,0.6,0.2,0.0,0.1,0.4,0.0,0.9,0.4,0.5,0.0,0.0,3.86,1.3,8.1,3.6,0.9,4.209,0.22024,0.08505,0.01137,0.03069,0.13659,0.04061,0.00366,3.864,4.34645
691315,Yehizon Sanchez,MIN,25,floor,,,reliever,MiLB (MLE),1.0,0.0,0.0,4.2,0.9,0.6,0.2,0.0,0.1,0.4,0.0,0.9,0.4,0.5,0.0,0.0,3.74,1.3,8.1,3.6,0.9,4.193,0.2202,0.08504,0.01138,0.02846,0.13626,0.04051,0.00365,3.7385,4.20529
694818,Hunter Owen,KC,25,floor,,,reliever,MiLB (MLE),1.0,0.0,0.0,4.2,0.9,0.6,0.2,0.0,0.1,0.4,0.0,0.9,0.4,0.5,0.0,0.0,3.87,1.3,8.1,3.6,0.9,4.208,0.2202,0.08503,0.01138,0.03093,0.13629,0.04052,0.00365,3.86749,4.35038
685045,Jesse Bergin,MIN,25,floor,,,reliever,MiLB (MLE),1.0,0.0,0.0,4.2,0.9,0.6,0.2,0.0,0.1,0.4,0.0,0.9,0.4,0.5,0.0,0.0,3.8,1.3,8.1,3.6,0.9,4.2,0.2202,0.08504,0.01138,0.02954,0.1363,0.04052,0.00365,3.79554,4.26945
701298,Phillip Glasser,WSH,25,floor,,,reliever,MiLB (MLE),1.0,0.0,0.0,4.2,0.9,0.6,0.2,0.0,0.1,0.4,0.0,0.9,0.4,0.5,0.0,0.0,3.87,1.3,8.1,3.6,0.9,4.208,0.2202,0.08503,0.01138,0.03093,0.13629,0.04052,0.00365,3.86749,4.35038
831050,Jan Cabrera,STL,25,floor,,,starter,MiLB (MLE),1.0,0.0,0.0,4.2,0.9,0.6,0.2,0.0,0.1,0.4,0.0,0.9,0.4,0.5,0.0,0.0,4.04,1.3,8.1,3.6,0.9,4.206,0.2202,0.08503,0.01138,0.03057,0.13629,0.04052,0.00365,4.04362,4.32935
828511,Michael Caldon,BAL,25,floor,,,reliever,MiLB (MLE),1.0,0.0,0.0,4.2,0.9,0.6,0.2,0.0,0.1,0.4,0.0,0.9,0.4,0.5,0.0,0.0,3.74,1.3,8.1,3.6,0.9,4.193,0.2202,0.08504,0.01138,0.02846,0.13626,0.04051,0.00365,3.7385,4.20529
828314,Kyle Roche,LAA,25,floor,,,reliever,MiLB (MLE),1.0,0.0,0.0,4.2,0.9,0.6,0.2,0.0,0.1,0.4,0.0,0.9,0.4,0.5,0.0,0.0,3.74,1.3,8.1,3.6,0.9,4.194,0.22021,0.08504,0.01138,0.02847,0.1363,0.04052,0.00365,3.74004,4.20701
834722,Holden deJong,BAL,25,floor,,,starter,MiLB (MLE),1.0,0.0,0.0,4.2,0.9,0.6,0.2,0.0,0.1,0.4,0.0,0.9,0.4,0.5,0.0,0.0,4.01,1.3,8.1,3.6,0.9,4.203,0.22021,0.08504,0.01138,0.02989,0.13638,0.04054,0.00365,4.00942,4.29274
805741,Leodarlyn Colon,WSH,25,floor,,,reliever,MiLB (MLE),1.0,0.0,0.0,4.2,0.9,0.6,0.2,0.0,0.1,0.4,0.0,0.9,0.4,0.5,0.0,0.0,3.74,1.3,8.1,3.6,0.9,4.194,0.22021,0.08504,0.01138,0.02847,0.1363,0.04052,0.00365,3.74004,4.20701
692416,Christian Cerda,ARI,25,floor,,,reliever,MiLB (MLE),1.0,0.0,0.0,4.2,0.9,0.6,0.2,0.0,0.1,0.4,0.0,0.9,0.4,0.5,0.0,0.0,3.74,1.3,8.1,3.6,0.9,4.194,0.22021,0.08504,0.01138,0.02847,0.1363,0.04052,0.00365,3.74004,4.20701
808350,Joshua Quezada,MIL,25,floor,,,reliever,MiLB (MLE),1.0,0.0,0.0,4.2,0.9,0.6,0.2,0.0,0.1,0.4,0.0,0.9,0.4,0.5,0.0,0.0,3.74,1.3,8.1,3.6,0.9,4.194,0.22021,0.08504,0.01138,0.02847,0.1363,0.04052,0.00365,3.74004,4.20701
834872,Gabel Pentecost,HOU,25,floor,,,starter,MiLB (MLE),1.0,0.0,0.0,4.2,0.9,0.6,0.2,0.0,0.1,0.4,0.0,0.9,0.4,0.5,0.0,0.0,4.02,1.3,8.1,3.6,0.9,4.205,0.22024,0.08505,0.01137,0.02995,0.13665,0.04062,0.00366,4.02138,4.30554
828616,Jack Nedrow,TOR,25,floor,,,starter,MiLB (MLE),1.0,0.0,0.0,4.2,0.9,0.6,0.2,0.0,0.1,0.4,0.0,0.9,0.4,0.5,0.0,0.0,3.95,1.3,8.1,3.6,0.9,4.197,0.22026,0.08505,0.01137,0.02856,0.1367,0.04064,0.00366,3.94719,4.22612
806536,Alexis Liebano,ARI,25,floor,,,reliever,MiLB (MLE),1.0,0.0,0.0,4.2,0.9,0.6,0.2,0.0,0.1,0.4,0.0,0.9,0.4,0.5,0.0,0.0,3.81,1.3,8.1,3.6,0.9,4.204,0.22026,0.08505,0.01137,0.02964,0.13674,0.04065,0.00366,3.81441,4.29067
608335,Kyle Funkhouser,TEX,25,floor,,,starter,MiLB (MLE),1.0,0.0,0.0,4.2,0.9,0.6,0.2,0.0,0.1,0.4,0.0,0.9,0.4,0.5,0.0,0.0,3.95,1.3,8.1,3.6,0.9,4.197,0.22026,0.08505,0.01137,0.02856,0.1367,0.04064,0.00366,3.94719,4.22612
832453,Kaleb Wing,CHC,25,floor,,,reliever,MiLB (MLE),1.0,0.0,0.0,4.2,0.9,0.6,0.2,0.0,0.1,0.4,0.0,0.9,0.4,0.5,0.0,0.0,3.76,1.3,8.1,3.6,0.9,4.199,0.22027,0.08506,0.01137,0.02858,0.13683,0.04068,0.00367,3.7623,4.23206
694491,Grayson Hitt,ARI,25,floor,,,reliever,MiLB (MLE),1.0,0.0,0.0,4.2,0.9,0.6,0.2,0.0,0.1,0.4,0.0,0.9,0.4,0.5,0.0,0.0,3.84,1.3,8.1,3.6,0.9,4.207,0.22027,0.08506,0.01137,0.02999,0.13683,0.04068,0.00367,3.83525,4.31412
807546,Noah Palmese,TOR,25,floor,,,reliever,MiLB (MLE),1.0,0.0,0.0,4.2,0.9,0.6,0.2,0.0,0.1,0.4,0.0,0.9,0.4,0.5,0.0,0.0,3.95,1.3,8.1,3.6,0.9,4.221,0.22027,0.08506,0.01137,0.03212,0.13691,0.0407,0.00367,3.94919,4.44228
802957,Luke Hansel,COL,25,floor,,,reliever,MiLB (MLE),1.0,0.0,0.0,4.2,0.9,0.6,0.2,0.0,0.1,0.4,0.0,0.9,0.4,0.5,0.0,0.0,3.82,1.3,8.1,3.6,0.9,4.206,0.22027,0.08506,0.01137,0.02967,0.13689,0.04069,0.00367,3.82074,4.29779
683091,Logan Tanner,CIN,25,floor,,,reliever,MiLB (MLE),1.0,0.0,0.0,4.2,0.9,0.6,0.2,0.0,0.1,0.4,0.0,0.9,0.4,0.5,0.0,0.0,3.8,1.3,8.1,3.6,0.9,4.203,0.22027,0.08506,0.01137,0.02929,0.13683,0.04068,0.00367,3.79874,4.27305
805110,Ricardo Montero,LAD,25,floor,,,reliever,MiLB (MLE),1.0,0.0,0.0,4.2,0.9,0.6,0.2,0.0,0.1,0.4,0.0,0.9,0.4,0.5,0.0,0.0,3.76,1.3,8.1,3.6,0.9,4.199,0.22027,0.08506,0.01137,0.02858,0.13683,0.04068,0.00367,3.7623,4.23206
809950,Dakota Hawkins,NYM,25,floor,,,reliever,MiLB (MLE),1.0,0.0,0.0,4.2,0.9,0.6,0.2,0.0,0.1,0.4,0.0,0.9,0.4,0.5,0.0,0.0,3.97,1.3,8.1,3.6,0.9,4.222,0.22024,0.08505,0.01137,0.03262,0.1367,0.04064,0.00366,3.96834,4.46382
836174,Cole MacRae,HOU,25,floor,,,reliever,MiLB (MLE),1.0,0.0,0.0,4.2,0.9,0.6,0.2,0.0,0.1,0.4,0.0,0.9,0.4,0.5,0.0,0.0,3.79,1.3,8.1,3.6,0.9,4.2,0.22024,0.08505,0.01138,0.02923,0.13656,0.0406,0.00366,3.78744,4.26034
702586,Fulton Lockhart,LAA,25,floor,,,reliever,MiLB (MLE),1.0,0.0,0.0,4.2,0.9,0.6,0.2,0.0,0.1,0.4,0.0,0.9,0.4,0.5,0.0,0.0,3.75,1.3,8.1,3.6,0.9,4.196,0.22024,0.08505,0.01138,0.02853,0.13659,0.04061,0.00366,3.75237,4.22089
701718,Garrett Horn,MIN,25,floor,,,reliever,MiLB (MLE),1.0,0.0,0.0,4.2,0.9,0.6,0.2,0.0,0.1,0.4,0.0,0.9,0.4,0.5,0.0,0.0,3.86,1.3,8.1,3.6,0.9,4.208,0.22022,0.08504,0.01138,0.03065,0.13644,0.04056,0.00366,3.8576,4.33925
801573,Ryan Forcucci,HOU,25,floor,,,reliever,MiLB (MLE),1.0,0.0,0.0,4.2,0.9,0.6,0.2,0.0,0.1,0.4,0.0,0.9,0.4,0.5,0.0,0.0,3.79,1.3,8.1,3.6,0.9,4.201,0.22025,0.08505,0.01137,0.02925,0.13665,0.04062,0.00366,3.7912,4.26457
701569,Aaron Holiday,STL,25,floor,,,reliever,MiLB (MLE),1.0,0.0,0.0,4.2,0.9,0.6,0.2,0.0,0.1,0.4,0.0,0.9,0.4,0.5,0.0,0.0,3.93,1.3,8.1,3.6,0.9,4.217,0.22025,0.08505,0.01137,0.0318,0.13673,0.04065,0.00366,3.9266,4.41687
823898,Edwardo Melendez,CHC,25,floor,,,reliever,MiLB (MLE),1.0,0.0,0.0,4.2,0.9,0.6,0.2,0.0,0.1,0.4,0.0,0.9,0.4,0.5,0.0,0.0,3.87,1.3,8.1,3.6,0.9,4.211,0.22025,0.08505,0.01137,0.03072,0.13674,0.04065,0.00366,3.87042,4.35367
688753,Evan Gates,PHI,25,floor,,,reliever,MiLB (MLE),1.0,0.0,0.0,4.2,0.9,0.6,0.2,0.0,0.1,0.4,0.0,0.9,0.4,0.5,0.0,0.0,3.89,1.3,8.1,3.6,0.9,4.212,0.22025,0.08505,0.01137,0.03103,0.1367,0.04064,0.00366,3.88517,4.37027
832312,Edrwin Veras,TOR,25,floor,,,reliever,MiLB (MLE),1.0,0.0,0.0,4.2,0.9,0.6,0.2,0.0,0.1,0.4,0.0,0.9,0.4,0.5,0.0,0.0,3.87,1.3,8.1,3.6,0.9,4.21,0.22025,0.08505,0.01137,0.03067,0.13674,0.04065,0.00366,3.86798,4.35093
801619,Jake Faherty,MIA,25,floor,,,reliever,MiLB (MLE),1.0,0.0,0.0,4.2,0.9,0.6,0.2,0.0,0.1,0.4,0.0,0.9,0.4,0.5,0.0,0.0,3.76,1.3,8.1,3.6,0.9,4.198,0.22026,0.08505,0.01137,0.02856,0.13674,0.04065,0.00366,3.75857,4.22786
804948,Gage Stanifer,TOR,25,floor,,,reliever,MiLB (MLE),1.0,0.0,0.0,4.2,0.9,0.6,0.2,0.0,0.1,0.4,0.0,0.9,0.4,0.5,0.0,0.0,3.76,1.3,8.1,3.6,0.9,4.197,0.22026,0.08505,0.01137,0.02856,0.1367,0.04064,0.00366,3.75702,4.22612
682992,Erik Rivera,BOS,25,floor,,,starter,MiLB (MLE),1.0,0.0,0.0,4.2,0.9,0.6,0.2,0.0,0.1,0.4,0.0,0.9,0.4,0.5,0.0,0.0,3.95,1.3,8.1,3.6,0.9,4.197,0.22026,0.08505,0.01137,0.02856,0.1367,0.04064,0.00366,3.94719,4.22612
828349,Victor Rodriguez,MIA,25,floor,,,reliever,MiLB (MLE),1.0,0.0,0.0,4.2,0.9,0.6,0.2,0.0,0.1,0.4,0.0,0.9,0.4,0.5,0.0,0.0,3.91,1.3,8.1,3.6,0.9,4.216,0.22026,0.08505,0.01137,0.0314,0.13682,0.04068,0.00367,3.9085,4.39651
828344,Dean Livingston,ARI,25,floor,,,starter,MiLB (MLE),1.0,0.0,0.0,4.2,0.9,0.6,0.2,0.0,0.1,0.4,0.0,0.9,0.4,0.5,0.0,0.0,3.95,1.3,8.1,3.6,0.9,4.198,0.22026,0.08505,0.01137,0.02856,0.13674,0.04065,0.00366,3.94882,4.22786
835985,Brady Miller,NYM,25,floor,,,reliever,MiLB (MLE),1.0,0.0,0.0,4.2,0.9,0.6,0.2,0.0,0.1,0.4,0.0,0.9,0.4,0.5,0.0,0.0,3.76,1.3,8.1,3.6,0.9,4.198,0.22026,0.08505,0.01137,0.02856,0.13674,0.04065,0.00366,3.75857,4.22786
834900,Barrett Morgan,BOS,25,floor,,,reliever,MiLB (MLE),1.0,0.0,0.0,4.2,0.9,0.6,0.2,0.0,0.1,0.4,0.0,0.9,0.4,0.5,0.0,0.0,3.76,1.3,8.1,3.6,0.9,4.198,0.22026,0.08505,0.01137,0.02856,0.13674,0.04065,0.00366,3.75857,4.22786
802486,Julian Tonghini,WSH,25,floor,,,reliever,MiLB (MLE),1.0,0.0,0.0,4.2,0.9,0.6,0.2,0.0,0.1,0.4,0.0,0.9,0.4,0.5,0.0,0.0,3.86,1.3,8.1,3.6,0.9,4.208,0.22022,0.08504,0.01138,0.03065,0.13644,0.04056,0.00366,3.8576,4.33925
827625,Michael Carpenter,MIN,25,floor,,,reliever,MiLB (MLE),1.0,0.0,0.0,4.2,0.9,0.6,0.2,0.0,0.1,0.4,0.0,0.9,0.4,0.5,0.0,0.0,3.86,1.3,8.1,3.6,0.9,4.209,0.22024,0.08505,0.01137,0.03069,0.13659,0.04061,0.00366,3.864,4.34645
703186,Jarlin Susana,WSH,25,floor,,,reliever,MiLB (MLE),1.0,0.0,0.0,4.2,0.9,0.6,0.2,0.0,0.1,0.4,0.0,0.9,0.4,0.5,0.0,0.0,3.81,1.3,8.1,3.6,0.9,4.209,0.22038,0.08509,0.01135,0.02881,0.13794,0.04101,0.0037,3.80893,4.28451
828353,Nate Garkow,TOR,25,floor,,,reliever,MiLB (MLE),1.0,0.0,0.0,4.2,0.9,0.6,0.2,0.0,0.1,0.4,0.0,0.9,0.4,0.5,0.0,0.0,3.81,1.3,8.1,3.6,0.9,4.209,0.22038,0.08509,0.01135,0.02881,0.13794,0.04101,0.0037,3.80893,4.28451
815777,Jesus Oliveira,KC,25,floor,,,reliever,MiLB (MLE),1.0,0.0,0.0,4.2,0.9,0.6,0.2,0.0,0.1,0.4,0.0,0.9,0.4,0.5,0.0,0.0,3.84,1.3,8.1,3.6,0.9,4.213,0.22038,0.08509,0.01135,0.02952,0.13791,0.041,0.0037,3.84462,4.32466
802363,Jordan Geber,NYM,25,floor,,,reliever,MiLB (MLE),1.0,0.0,0.0,4.2,0.9,0.6,0.2,0.0,0.1,0.4,0.0,0.9,0.4,0.5,0.0,0.0,3.81,1.3,8.1,3.6,0.9,4.209,0.22038,0.08509,0.01135,0.02881,0.13794,0.04101,0.0037,3.80893,4.28451
811316,William Privette,TEX,25,floor,,,reliever,MiLB (MLE),1.0,0.0,0.0,4.2,0.9,0.6,0.2,0.0,0.1,0.4,0.0,0.9,0.4,0.5,0.0,0.0,3.84,1.3,8.1,3.6,0.9,4.213,0.22038,0.08509,0.01135,0.02952,0.13791,0.041,0.0037,3.84462,4.32466
682239,Luke Ritter,DET,25,floor,,,reliever,MiLB (MLE),1.0,0.0,0.0,4.2,0.9,0.6,0.2,0.0,0.1,0.4,0.0,0.9,0.4,0.5,0.0,0.0,3.81,1.3,8.1,3.6,0.9,4.209,0.22038,0.08509,0.01135,0.02881,0.13794,0.04101,0.0037,3.80893,4.28451
678922,Jeisson Cabrera,BAL,25,floor,,,reliever,MiLB (MLE),1.0,0.0,0.0,4.2,0.9,0.6,0.2,0.0,0.1,0.4,0.0,0.9,0.4,0.5,0.0,0.0,3.81,1.3,8.1,3.6,0.9,4.209,0.22038,0.08509,0.01135,0.02881,0.13794,0.04101,0.0037,3.80893,4.28451
811229,Ubert Mejias,SF,25,floor,,,reliever,MiLB (MLE),1.0,0.0,0.0,4.2,0.9,0.6,0.2,0.0,0.1,0.4,0.0,0.9,0.4,0.5,0.0,0.0,3.94,1.3,8.1,3.6,0.9,4.224,0.22038,0.08509,0.01135,0.03132,0.13794,0.04101,0.0037,3.93922,4.43107
842248,L.J. Waco,WSH,25,floor,,,reliever,MiLB (MLE),1.0,0.0,0.0,4.2,0.9,0.6,0.2,0.0,0.1,0.4,0.0,0.9,0.4,0.5,0.0,0.0,3.89,1.3,8.1,3.6,0.9,4.218,0.22038,0.08509,0.01135,0.03025,0.138,0.04103,0.0037,3.88558,4.37074
821060,Melvin Rodriguez,MIN,25,floor,,,reliever,MiLB (MLE),1.0,0.0,0.0,4.2,0.9,0.6,0.2,0.0,0.1,0.4,0.0,0.9,0.4,0.5,0.0,0.0,3.89,1.3,8.1,3.6,0.9,4.218,0.22038,0.08509,0.01135,0.03025,0.138,0.04103,0.0037,3.88558,4.37074
832303,Reese Bassinger,TOR,25,floor,,,reliever,MiLB (MLE),1.0,0.0,0.0,4.2,0.9,0.6,0.2,0.0,0.1,0.4,0.0,0.9,0.4,0.5,0.0,0.0,3.88,1.3,8.1,3.6,0.9,4.217,0.22038,0.08509,0.01135,0.03023,0.13791,0.041,0.0037,3.88166,4.36633
695462,Cal Conley,ATL,25,floor,,,reliever,MiLB (MLE),1.0,0.0,0.0,4.2,0.9,0.6,0.2,0.0,0.1,0.4,0.0,0.9,0.4,0.5,0.0,0.0,3.81,1.3,8.1,3.6,0.9,4.209,0.22038,0.08509,0.01135,0.02881,0.13794,0.04101,0.0037,3.80893,4.28451
808327,Dioris Martinez,PIT,25,floor,,,reliever,MiLB (MLE),1.0,0.0,0.0,4.2,0.9,0.6,0.2,0.0,0.1,0.4,0.0,0.9,0.4,0.5,0.0,0.0,3.81,1.3,8.1,3.6,0.9,4.206,0.22031,0.08507,0.01136,0.02936,0.13719,0.04078,0.00368,3.81391,4.29011
700113,Nicholas Judice,BOS,25,floor,,,reliever,MiLB (MLE),1.0,0.0,0.0,4.2,0.9,0.6,0.2,0.0,0.1,0.4,0.0,0.9,0.4,0.5,0.0,0.0,3.81,1.3,8.1,3.6,0.9,4.209,0.22038,0.08509,0.01135,0.02881,0.13791,0.041,0.0037,3.80765,4.28307
695584,Brayden Jones,TB,25,floor,,,reliever,MiLB (MLE),1.0,0.0,0.0,4.2,0.9,0.6,0.2,0.0,0.1,0.4,0.0,0.9,0.4,0.5,0.0,0.0,3.89,1.3,8.1,3.6,0.9,4.218,0.22038,0.08509,0.01135,0.03025,0.138,0.04103,0.0037,3.88558,4.37074
698952,Jose T. Perez,SF,25,floor,,,reliever,MiLB (MLE),1.0,0.0,0.0,4.2,0.9,0.6,0.2,0.0,0.1,0.4,0.0,0.9,0.4,0.5,0.0,0.0,3.87,1.3,8.1,3.6,0.9,4.216,0.22036,0.08508,0.01135,0.03019,0.13773,0.04094,0.00369,3.87385,4.35754
802099,Luis Valdez,KC,25,floor,,,reliever,MiLB (MLE),1.0,0.0,0.0,4.2,0.9,0.6,0.2,0.0,0.1,0.4,0.0,0.9,0.4,0.5,0.0,0.0,3.91,1.3,8.1,3.6,0.9,4.22,0.22036,0.08508,0.01135,0.0309,0.13773,0.04094,0.00369,3.91088,4.39919
814133,Frenny Grant,DET,25,floor,,,reliever,MiLB (MLE),1.0,0.0,0.0,4.2,0.9,0.6,0.2,0.0,0.1,0.4,0.0,0.9,0.4,0.5,0.0,0.0,3.8,1.3,8.1,3.6,0.9,4.207,0.22036,0.08508,0.01135,0.02877,0.13773,0.04094,0.00369,3.80001,4.27448
823226,Zach Harris,COL,25,floor,,,reliever,MiLB (MLE),1.0,0.0,0.0,4.2,0.9,0.6,0.2,0.0,0.1,0.4,0.0,0.9,0.4,0.5,0.0,0.0,3.8,1.3,8.1,3.6,0.9,4.207,0.22036,0.08508,0.01135,0.02877,0.13773,0.04094,0.00369,3.80001,4.27448
689548,Ronaldo Gallo,PIT,25,floor,,,reliever,MiLB (MLE),1.0,0.0,0.0,4.2,0.9,0.6,0.2,0.0,0.1,0.4,0.0,0.9,0.4,0.5,0.0,0.0,3.92,1.3,8.1,3.6,0.9,4.221,0.22036,0.08508,0.01135,0.03096,0.13779,0.04096,0.00369,3.91598,4.40493
828069,Luke Roupe,MIL,25,floor,,,reliever,MiLB (MLE),1.0,0.0,0.0,4.2,0.9,0.6,0.2,0.0,0.1,0.4,0.0,0.9,0.4,0.5,0.0,0.0,3.84,1.3,8.1,3.6,0.9,4.211,0.22036,0.08508,0.01135,0.02948,0.13773,0.04094,0.00369,3.83689,4.31597
807823,Jank Pichardo,HOU,25,floor,,,reliever,MiLB (MLE),1.0,0.0,0.0,4.2,0.9,0.6,0.2,0.0,0.1,0.4,0.0,0.9,0.4,0.5,0.0,0.0,3.91,1.3,8.1,3.6,0.9,4.22,0.22036,0.08508,0.01135,0.0309,0.13773,0.04094,0.00369,3.91088,4.39919
813855,Carlton Perkins,CWS,25,floor,,,reliever,MiLB (MLE),1.0,0.0,0.0,4.2,0.9,0.6,0.2,0.0,0.1,0.4,0.0,0.9,0.4,0.5,0.0,0.0,3.8,1.3,8.1,3.6,0.9,4.206,0.22036,0.08508,0.01135,0.02875,0.13764,0.04092,0.00369,3.79621,4.2702
821022,Angel Rivero,LAA,25,floor,,,starter,MiLB (MLE),1.0,0.0,0.0,4.2,0.9,0.6,0.2,0.0,0.1,0.4,0.0,0.9,0.5,0.5,0.0,0.0,4.17,1.3,8.1,3.6,0.9,4.227,0.22036,0.08508,0.01135,0.03189,0.13782,0.04097,0.00369,4.16599,4.46037
828508,Bryce Alewine,DET,25,floor,,,reliever,MiLB (MLE),1.0,0.0,0.0,4.2,0.9,0.6,0.2,0.0,0.1,0.4,0.0,0.9,0.4,0.5,0.0,0.0,3.92,1.3,8.1,3.6,0.9,4.222,0.22037,0.08509,0.01135,0.03094,0.13791,0.041,0.0037,3.91878,4.40808
833415,Noah Edders,CHC,25,floor,,,reliever,MiLB (MLE),1.0,0.0,0.0,4.2,0.9,0.6,0.2,0.0,0.1,0.4,0.0,0.9,0.4,0.5,0.0,0.0,3.87,1.3,8.1,3.6,0.9,4.216,0.22038,0.08509,0.01135,0.02991,0.13794,0.04101,0.0037,3.86567,4.34833
814835,Jaden Alba,STL,25,floor,,,reliever,MiLB (MLE),1.0,0.0,0.0,4.2,0.9,0.6,0.2,0.0,0.1,0.4,0.0,0.9,0.4,0.5,0.0,0.0,3.82,1.3,8.1,3.6,0.9,4.21,0.2204,0.08509,0.01134,0.02885,0.1381,0.04105,0.0037,3.81532,4.2917
808374,Javier González,BAL,25,floor,,,reliever,MiLB (MLE),1.0,0.0,0.0,4.2,0.9,0.6,0.2,0.0,0.1,0.4,0.0,0.9,0.4,0.5,0.0,0.0,3.93,1.3,8.1,3.6,0.9,4.224,0.2204,0.08509,0.01134,0.03101,0.13818,0.04108,0.0037,3.93071,4.42149
820872,Jose Cabrera,LAD,25,floor,,,reliever,MiLB (MLE),1.0,0.0,0.0,4.2,0.9,0.6,0.2,0.0,0.1,0.4,0.0,0.9,0.4,0.5,0.0,0.0,3.89,1.3,8.1,3.6,0.9,4.22,0.2204,0.08509,0.01134,0.03029,0.13818,0.04108,0.0037,3.89345,4.37958
694647,Drew Dowd,TB,25,floor,,,reliever,MiLB (MLE),1.0,0.0,0.0,4.2,0.9,0.6,0.2,0.0,0.1,0.4,0.0,0.9,0.4,0.5,0.0,0.0,3.82,1.3,8.1,3.6,0.9,4.21,0.2204,0.08509,0.01134,0.02885,0.1381,0.04105,0.0037,3.81532,4.2917
800466,Omar Victorino,NYM,25,floor,,,reliever,MiLB (MLE),1.0,0.0,0.0,4.2,0.9,0.6,0.2,0.0,0.1,0.4,0.0,0.9,0.4,0.5,0.0,0.0,3.82,1.3,8.1,3.6,0.9,4.21,0.2204,0.08509,0.01134,0.02885,0.1381,0.04105,0.0037,3.81532,4.2917
832441,Yonleg Gaetano,PIT,25,floor,,,starter,MiLB (MLE),1.0,0.0,0.0,4.2,0.9,0.6,0.2,0.0,0.1,0.4,0.0,0.9,0.4,0.5,0.0,0.0,4.01,1.3,8.1,3.6,0.9,4.21,0.2204,0.08509,0.01134,0.02885,0.1381,0.04105,0.0037,4.00844,4.2917
842191,Andrew Herbert,BAL,25,floor,,,starter,MiLB (MLE),1.0,0.0,0.0,4.2,0.9,0.6,0.2,0.0,0.1,0.4,0.0,0.9,0.4,0.5,0.0,0.0,4.01,1.3,8.1,3.6,0.9,4.21,0.2204,0.08509,0.01134,0.02885,0.1381,0.04105,0.0037,4.00844,4.2917
841026,Jacob Haley,STL,25,floor,,,reliever,MiLB (MLE),1.0,0.0,0.0,4.2,0.9,0.6,0.2,0.0,0.1,0.4,0.0,0.9,0.4,0.5,0.0,0.0,3.93,1.3,8.1,3.6,0.9,4.225,0.2204,0.08509,0.01134,0.03103,0.13828,0.04111,0.00371,3.9347,4.42598
700251,Brandon Clarke,STL,25,floor,,,starter,MiLB (MLE),1.0,0.0,0.0,4.2,0.9,0.6,0.2,0.0,0.1,0.4,0.0,0.9,0.4,0.5,0.0,0.0,4.01,1.3,8.1,3.6,0.9,4.21,0.2204,0.08509,0.01134,0.02885,0.1381,0.04105,0.0037,4.00844,4.2917
700248,Marty Gair,SF,25,floor,,,reliever,MiLB (MLE),1.0,0.0,0.0,4.2,0.9,0.6,0.2,0.0,0.1,0.4,0.0,0.9,0.4,0.5,0.0,0.0,3.82,1.3,8.1,3.6,0.9,4.21,0.2204,0.08509,0.01134,0.02885,0.1381,0.04105,0.0037,3.81532,4.2917
694559,Nick Jones,LAA,25,floor,,,reliever,MiLB (MLE),1.0,0.0,0.0,4.2,0.9,0.6,0.2,0.0,0.1,0.4,0.0,0.9,0.4,0.5,0.0,0.0,3.94,1.3,8.1,3.6,0.9,4.224,0.22038,0.08509,0.01135,0.03132,0.13794,0.04101,0.0037,3.93922,4.43107
810836,Andrew Shaffner,CIN,25,floor,,,reliever,MiLB (MLE),1.0,0.0,0.0,4.2,0.9,0.6,0.2,0.0,0.1,0.4,0.0,0.9,0.4,0.5,0.0,0.0,3.93,1.3,8.1,3.6,0.9,4.224,0.22039,0.08509,0.01134,0.03103,0.13809,0.04105,0.0037,3.92921,4.41981
703631,Isaac Williams,TOR,25,floor,,,reliever,MiLB (MLE),1.0,0.0,0.0,4.2,0.9,0.6,0.2,0.0,0.1,0.4,0.0,0.9,0.4,0.5,0.0,0.0,3.8,1.3,8.1,3.6,0.9,4.208,0.22037,0.08509,0.01135,0.02879,0.13782,0.04097,0.00369,3.80383,4.27877
691629,Miguelangel Boadas,MIN,25,floor,,,reliever,MiLB (MLE),1.0,0.0,0.0,4.2,0.9,0.6,0.2,0.0,0.1,0.4,0.0,0.9,0.4,0.5,0.0,0.0,3.93,1.3,8.1,3.6,0.9,4.224,0.22039,0.08509,0.01134,0.03103,0.13809,0.04105,0.0037,3.92921,4.41981
809766,Brad Rudis,MIN,25,floor,,,reliever,MiLB (MLE),1.0,0.0,0.0,4.2,0.9,0.6,0.2,0.0,0.1,0.4,0.0,0.9,0.4,0.5,0.0,0.0,3.85,1.3,8.1,3.6,0.9,4.214,0.22039,0.08509,0.01135,0.02954,0.138,0.04103,0.0037,3.8485,4.32902
820853,Ryjeteri Merite,CIN,25,floor,,,reliever,MiLB (MLE),1.0,0.0,0.0,4.2,0.9,0.6,0.2,0.0,0.1,0.4,0.0,0.9,0.4,0.5,0.0,0.0,3.85,1.3,8.1,3.6,0.9,4.214,0.22039,0.08509,0.01135,0.02954,0.138,0.04103,0.0037,3.8485,4.32902
802371,Christian Worley,STL,25,floor,,,reliever,MiLB (MLE),1.0,0.0,0.0,4.2,0.9,0.6,0.2,0.0,0.1,0.4,0.0,0.9,0.4,0.5,0.0,0.0,3.91,1.3,8.1,3.6,0.9,4.221,0.22039,0.08509,0.01134,0.03058,0.13809,0.04105,0.0037,3.90553,4.39317
807555,Liam Best,STL,25,floor,,,reliever,MiLB (MLE),1.0,0.0,0.0,4.2,0.9,0.6,0.2,0.0,0.1,0.4,0.0,0.9,0.4,0.5,0.0,0.0,3.87,1.3,8.1,3.6,0.9,4.217,0.22039,0.08509,0.01134,0.02994,0.13809,0.04105,0.0037,3.87217,4.35565
828713,Anthony Astudillo,TEX,25,floor,,,reliever,MiLB (MLE),1.0,0.0,0.0,4.2,0.9,0.6,0.2,0.0,0.1,0.4,0.0,0.9,0.4,0.5,0.0,0.0,3.87,1.3,8.1,3.6,0.9,4.217,0.22039,0.08509,0.01134,0.02994,0.13809,0.04105,0.0037,3.87217,4.35565
828330,JR Fordham,STL,25,floor,,,reliever,MiLB (MLE),1.0,0.0,0.0,4.2,0.9,0.6,0.2,0.0,0.1,0.4,0.0,0.9,0.4,0.5,0.0,0.0,3.85,1.3,8.1,3.6,0.9,4.214,0.22039,0.08509,0.01135,0.02954,0.138,0.04103,0.0037,3.8485,4.32902
702535,Julius Sanchez,TEX,25,floor,,,reliever,MiLB (MLE),1.0,0.0,0.0,4.2,0.9,0.6,0.2,0.0,0.1,0.4,0.0,0.9,0.4,0.5,0.0,0.0,3.81,1.3,8.1,3.6,0.9,4.21,0.22039,0.08509,0.01135,0.02883,0.138,0.04103,0.0037,3.81148,4.28738
701698,Izeah Muniz,COL,25,floor,,,reliever,MiLB (MLE),1.0,0.0,0.0,4.2,0.9,0.6,0.2,0.0,0.1,0.4,0.0,0.9,0.4,0.5,0.0,0.0,3.89,1.3,8.1,3.6,0.9,4.219,0.22039,0.08509,0.01134,0.03027,0.13809,0.04105,0.0037,3.88951,4.37516
691621,Jheremy Vargas,MIL,25,floor,,,reliever,MiLB (MLE),1.0,0.0,0.0,4.2,0.9,0.6,0.2,0.0,0.1,0.4,0.0,0.9,0.4,0.5,0.0,0.0,3.82,1.3,8.1,3.6,0.9,4.21,0.2204,0.08509,0.01134,0.02885,0.1381,0.04105,0.0037,3.81532,4.2917
825926,Bryant Olson,WSH,25,floor,,,reliever,MiLB (MLE),1.0,0.0,0.0,4.2,0.9,0.6,0.2,0.0,0.1,0.4,0.0,0.9,0.4,0.5,0.0,0.0,3.86,1.3,8.1,3.6,0.9,4.216,0.2204,0.08509,0.01134,0.02958,0.13819,0.04108,0.0037,3.85627,4.33776
692248,Adam Shoemaker,HOU,25,floor,,,starter,MiLB (MLE),1.0,0.0,0.0,4.2,0.9,0.6,0.2,0.0,0.1,0.4,0.0,0.9,0.4,0.5,0.0,0.0,4.01,1.3,8.1,3.6,0.9,4.21,0.2204,0.08509,0.01134,0.02885,0.1381,0.04105,0.0037,4.00844,4.2917
807992,Roberto Urdaneta,OAK,25,floor,,,reliever,MiLB (MLE),1.0,0.0,0.0,4.2,0.9,0.6,0.2,0.0,0.1,0.4,0.0,0.9,0.4,0.5,0.0,0.0,3.96,1.3,8.1,3.6,0.9,4.228,0.2204,0.08509,0.01134,0.03165,0.13818,0.04108,0.0037,3.96425,4.45923
699167,Samuel Escudero,PIT,25,floor,,,reliever,MiLB (MLE),1.0,0.0,0.0,4.2,0.9,0.6,0.2,0.0,0.1,0.4,0.0,0.9,0.4,0.5,0.0,0.0,3.91,1.3,8.1,3.6,0.9,4.221,0.22039,0.08509,0.01134,0.03058,0.13809,0.04105,0.0037,3.90553,4.39317
814136,Clevari Tejada,PIT,25,floor,,,reliever,MiLB (MLE),1.0,0.0,0.0,4.2,0.9,0.6,0.2,0.0,0.1,0.4,0.0,0.9,0.4,0.5,0.0,0.0,3.79,1.3,8.1,3.6,0.9,4.204,0.22034,0.08508,0.01136,0.02871,0.13746,0.04086,0.00368,3.78862,4.26166
683093,Hayden Mullins,BOS,25,floor,,,reliever,MiLB (MLE),1.0,0.0,0.0,4.2,0.9,0.6,0.2,0.0,0.1,0.4,0.0,0.9,0.4,0.5,0.0,0.0,3.92,1.3,8.1,3.6,0.9,4.22,0.22034,0.08508,0.01136,0.03122,0.13752,0.04088,0.00369,3.92103,4.41061
800243,Jovi Gálvez,STL,25,floor,,,reliever,MiLB (MLE),1.0,0.0,0.0,4.2,0.9,0.6,0.2,0.0,0.1,0.4,0.0,0.9,0.4,0.5,0.0,0.0,3.79,1.3,8.1,3.6,0.9,4.204,0.22034,0.08508,0.01136,0.02871,0.13746,0.04086,0.00368,3.78862,4.26166
690053,Chris Sargent,SD,25,floor,,,reliever,MiLB (MLE),1.0,0.0,0.0,4.2,0.9,0.6,0.2,0.0,0.1,0.4,0.0,0.9,0.4,0.5,0.0,0.0,3.88,1.3,8.1,3.6,0.9,4.216,0.22034,0.08508,0.01136,0.03046,0.13756,0.04089,0.00369,3.88261,4.36739
703415,Brody Fowler,ATL,25,floor,,,reliever,MiLB (MLE),1.0,0.0,0.0,4.2,0.9,0.6,0.2,0.0,0.1,0.4,0.0,0.9,0.4,0.5,0.0,0.0,3.85,1.3,8.1,3.6,0.9,4.211,0.22034,0.08508,0.01136,0.02981,0.13749,0.04087,0.00368,3.84628,4.32652
690967,Max Carlson,BOS,25,floor,,,reliever,MiLB (MLE),1.0,0.0,0.0,4.2,0.9,0.6,0.2,0.0,0.1,0.4,0.0,0.9,0.4,0.5,0.0,0.0,3.79,1.3,8.1,3.6,0.9,4.205,0.22034,0.08508,0.01136,0.02873,0.13753,0.04088,0.00369,3.79146,4.26486
806522,Irving Cota,NYM,25,floor,,,starter,MiLB (MLE),1.0,0.0,0.0,4.2,0.9,0.6,0.2,0.0,0.1,0.4,0.0,0.9,0.5,0.5,0.0,0.0,4.17,1.3,8.1,3.6,0.9,4.226,0.22034,0.08508,0.01136,0.03206,0.13756,0.04089,0.00369,4.16674,4.46117
681060,Sam Knowlton,ARI,25,floor,,,reliever,MiLB (MLE),1.0,0.0,0.0,4.2,0.9,0.6,0.2,0.0,0.1,0.4,0.0,0.9,0.4,0.5,0.0,0.0,3.79,1.3,8.1,3.6,0.9,4.205,0.22034,0.08508,0.01136,0.02872,0.13749,0.04087,0.00368,3.78988,4.26308
828266,Rafael Arias,NYY,25,floor,,,reliever,MiLB (MLE),1.0,0.0,0.0,4.2,0.9,0.6,0.2,0.0,0.1,0.4,0.0,0.9,0.4,0.5,0.0,0.0,3.83,1.3,8.1,3.6,0.9,4.209,0.22034,0.08508,0.01136,0.02942,0.13746,0.04086,0.00368,3.82537,4.303
806708,Jordi Infante,TB,25,floor,,,reliever,MiLB (MLE),1.0,0.0,0.0,4.2,0.9,0.6,0.2,0.0,0.1,0.4,0.0,0.9,0.4,0.5,0.0,0.0,3.83,1.3,8.1,3.6,0.9,4.21,0.22034,0.08508,0.01136,0.02944,0.13755,0.04089,0.00369,3.8292,4.30731
669419,Michael Hobbs,SEA,25,floor,,,reliever,MiLB (MLE),1.0,0.0,0.0,4.2,0.9,0.6,0.2,0.0,0.1,0.4,0.0,0.9,0.4,0.5,0.0,0.0,3.78,1.3,8.1,3.6,0.9,4.203,0.22032,0.08507,0.01136,0.02868,0.1373,0.04082,0.00368,3.782,4.25422
814118,Ben Johnson,CHC,25,floor,,,reliever,MiLB (MLE),1.0,0.0,0.0,4.2,0.9,0.6,0.2,0.0,0.1,0.4,0.0,0.9,0.4,0.5,0.0,0.0,3.87,1.3,8.1,3.6,0.9,4.213,0.22032,0.08507,0.01136,0.0304,0.1373,0.04082,0.00368,3.87126,4.35462
694544,Austin Amaral,WSH,25,floor,,,reliever,MiLB (MLE),1.0,0.0,0.0,4.2,0.9,0.6,0.2,0.0,0.1,0.4,0.0,0.9,0.4,0.5,0.0,0.0,3.8,1.3,8.1,3.6,0.9,4.208,0.22037,0.08509,0.01135,0.02879,0.13783,0.04097,0.00369,3.80415,4.27913
686705,Daniel Ouderkirk,SEA,25,floor,,,reliever,MiLB (MLE),1.0,0.0,0.0,4.2,0.9,0.6,0.2,0.0,0.1,0.4,0.0,0.9,0.4,0.5,0.0,0.0,3.82,1.3,8.1,3.6,0.9,4.207,0.22032,0.08507,0.01136,0.02938,0.13728,0.04081,0.00368,3.81772,4.2944
841027,Brian Garmon,STL,25,floor,,,reliever,MiLB (MLE),1.0,0.0,0.0,4.2,0.9,0.6,0.2,0.0,0.1,0.4,0.0,0.9,0.4,0.5,0.0,0.0,3.82,1.3,8.1,3.6,0.9,4.207,0.22032,0.08507,0.01136,0.02938,0.13728,0.04081,0.00368,3.81772,4.2944
808343,Jormy Nivar,TEX,25,floor,,,starter,MiLB (MLE),1.0,0.0,0.0,4.2,0.9,0.6,0.2,0.0,0.1,0.4,0.0,0.9,0.5,0.5,0.0,0.0,4.09,1.3,8.1,3.6,0.9,4.216,0.22032,0.08507,0.01136,0.03086,0.13733,0.04083,0.00368,4.09355,4.38281
806155,Ethan McElvain,KC,25,floor,,,reliever,MiLB (MLE),1.0,0.0,0.0,4.2,0.9,0.6,0.2,0.0,0.1,0.4,0.0,0.9,0.4,0.5,0.0,0.0,3.84,1.3,8.1,3.6,0.9,4.21,0.22032,0.08507,0.01136,0.02977,0.13734,0.04083,0.00368,3.83986,4.3193
810826,Cam Padgett,BOS,25,floor,,,reliever,MiLB (MLE),1.0,0.0,0.0,4.2,0.9,0.6,0.2,0.0,0.1,0.4,0.0,0.9,0.4,0.5,0.0,0.0,3.82,1.3,8.1,3.6,0.9,4.208,0.22033,0.08507,0.01136,0.0294,0.13737,0.04084,0.00368,3.82154,4.29869
822415,Mason McConnaughey,TEX,25,floor,,,reliever,MiLB (MLE),1.0,0.0,0.0,4.2,0.9,0.6,0.2,0.0,0.1,0.4,0.0,0.9,0.4,0.5,0.0,0.0,3.9,1.3,8.1,3.6,0.9,4.217,0.22033,0.08507,0.01136,0.03084,0.13745,0.04086,0.00368,3.89908,4.38592
703148,Raimon Gomez,BAL,25,floor,,,reliever,MiLB (MLE),1.0,0.0,0.0,4.2,0.9,0.6,0.2,0.0,0.1,0.4,0.0,0.9,0.4,0.5,0.0,0.0,3.96,1.3,8.1,3.6,0.9,4.224,0.22033,0.08507,0.01136,0.03198,0.13748,0.04087,0.00368,3.9596,4.45399
833376,Joe Scarborough,NYM,25,floor,,,reliever,MiLB (MLE),1.0,0.0,0.0,4.2,0.9,0.6,0.2,0.0,0.1,0.4,0.0,0.9,0.4,0.5,0.0,0.0,3.9,1.3,8.1,3.6,0.9,4.218,0.22033,0.08508,0.01136,0.03089,0.13748,0.04087,0.00368,3.90285,4.39016
692854,Isaias Uribe,PIT,25,floor,,,reliever,MiLB (MLE),1.0,0.0,0.0,4.2,0.9,0.6,0.2,0.0,0.1,0.4,0.0,0.9,0.4,0.5,0.0,0.0,3.78,1.3,8.1,3.6,0.9,4.203,0.22033,0.08507,0.01136,0.02869,0.13734,0.04083,0.00368,3.78358,4.25599
669366,Trey Dillard,SF,25,floor,,,reliever,MiLB (MLE),1.0,0.0,0.0,4.2,0.9,0.6,0.2,0.0,0.1,0.4,0.0,0.9,0.4,0.5,0.0,0.0,3.78,1.3,8.1,3.6,0.9,4.203,0.22033,0.08507,0.01136,0.02869,0.13734,0.04083,0.00368,3.78358,4.25599
814086,Jefferson Moran,STL,25,floor,,,reliever,MiLB (MLE),1.0,0.0,0.0,4.2,0.9,0.6,0.2,0.0,0.1,0.4,0.0,0.9,0.4,0.5,0.0,0.0,3.86,1.3,8.1,3.6,0.9,4.213,0.22033,0.08508,0.01136,0.03013,0.13746,0.04086,0.00368,3.86219,4.34442
695406,Case Williams,COL,25,floor,,,reliever,MiLB (MLE),1.0,0.0,0.0,4.2,0.9,0.6,0.2,0.0,0.1,0.4,0.0,0.9,0.4,0.5,0.0,0.0,3.79,1.3,8.1,3.6,0.9,4.205,0.22034,0.08508,0.01136,0.02873,0.13753,0.04088,0.00369,3.79146,4.26486
695038,Sean Hunley,DET,25,floor,,,reliever,MiLB (MLE),1.0,0.0,0.0,4.2,0.9,0.6,0.2,0.0,0.1,0.4,0.0,0.9,0.4,0.5,0.0,0.0,3.92,1.3,8.1,3.6,0.9,4.22,0.22034,0.08508,0.01136,0.03122,0.13752,0.04088,0.00369,3.92103,4.41061
805063,Julio Valdez,CHC,25,floor,,,reliever,MiLB (MLE),1.0,0.0,0.0,4.2,0.9,0.6,0.2,0.0,0.1,0.4,0.0,0.9,0.4,0.5,0.0,0.0,3.78,1.3,8.1,3.6,0.9,4.203,0.22032,0.08507,0.01136,0.02868,0.13728,0.04081,0.00368,3.78106,4.25316
821087,Yander Pinero,ATL,25,floor,,,reliever,MiLB (MLE),1.0,0.0,0.0,4.2,0.9,0.6,0.2,0.0,0.1,0.4,0.0,0.9,0.4,0.5,0.0,0.0,3.84,1.3,8.1,3.6,0.9,4.212,0.22037,0.08509,0.01135,0.0295,0.13782,0.04097,0.00369,3.84075,4.32031
804803,Zac Lampton,BAL,25,floor,,,reliever,MiLB (MLE),1.0,0.0,0.0,4.2,0.9,0.6,0.2,0.0,0.1,0.4,0.0,0.9,0.4,0.5,0.0,0.0,3.96,1.3,8.1,3.6,0.9,4.227,0.22037,0.08509,0.01135,0.03181,0.13794,0.04101,0.0037,3.96493,4.45999
800148,Marco Vega,LAA,25,floor,,,reliever,MiLB (MLE),1.0,0.0,0.0,4.2,0.9,0.6,0.2,0.0,0.1,0.4,0.0,0.9,0.4,0.5,0.0,0.0,3.84,1.3,8.1,3.6,0.9,4.212,0.22037,0.08509,0.01135,0.0295,0.13782,0.04097,0.00369,3.84075,4.32031
805431,Jose Serrano,HOU,25,floor,,,starter,MiLB (MLE),1.0,0.0,0.0,4.2,0.9,0.6,0.2,0.0,0.1,0.4,0.0,0.9,0.5,0.5,0.0,0.0,4.17,1.3,8.1,3.6,0.9,4.227,0.22037,0.08509,0.01135,0.03181,0.13794,0.04101,0.0037,4.16563,4.45999
821131,Ayendy Bravo,MIL,25,floor,,,reliever,MiLB (MLE),1.0,0.0,0.0,4.2,0.9,0.6,0.2,0.0,0.1,0.4,0.0,0.9,0.4,0.5,0.0,0.0,3.86,1.3,8.1,3.6,0.9,4.214,0.22037,0.08509,0.01135,0.02987,0.13779,0.04096,0.00369,3.85918,4.34104
701791,Caden Vire,BOS,25,floor,,,reliever,MiLB (MLE),1.0,0.0,0.0,4.2,0.9,0.6,0.2,0.0,0.1,0.4,0.0,0.9,0.4,0.5,0.0,0.0,3.83,1.3,8.1,3.6,0.9,4.21,0.22034,0.08508,0.01136,0.02944,0.13755,0.04089,0.00369,3.8292,4.30731
837547,Charlie West,LAD,25,floor,,,reliever,MiLB (MLE),1.0,0.0,0.0,4.2,0.9,0.6,0.2,0.0,0.1,0.4,0.0,0.9,0.4,0.5,0.0,0.0,3.91,1.3,8.1,3.6,0.9,4.219,0.22035,0.08508,0.01135,0.03088,0.13764,0.04092,0.00369,3.90694,4.39476
837351,Mike McKenna,MIN,25,floor,,,reliever,MiLB (MLE),1.0,0.0,0.0,4.2,0.9,0.6,0.2,0.0,0.1,0.4,0.0,0.9,0.4,0.5,0.0,0.0,3.97,1.3,8.1,3.6,0.9,4.226,0.22035,0.08508,0.01135,0.03201,0.13763,0.04092,0.00369,3.96578,4.46094
813291,Sam Brodersen,STL,25,floor,,,reliever,MiLB (MLE),1.0,0.0,0.0,4.2,0.9,0.6,0.2,0.0,0.1,0.4,0.0,0.9,0.4,0.5,0.0,0.0,3.91,1.3,8.1,3.6,0.9,4.219,0.22035,0.08508,0.01135,0.03093,0.13764,0.04092,0.00369,3.90941,4.39753
802509,Jack Pineau,SD,25,floor,,,reliever,MiLB (MLE),1.0,0.0,0.0,4.2,0.9,0.6,0.2,0.0,0.1,0.4,0.0,0.9,0.4,0.5,0.0,0.0,3.85,1.3,8.1,3.6,0.9,4.213,0.22035,0.08508,0.01135,0.02984,0.13764,0.04092,0.00369,3.85272,4.33377
815047,Hunter Kublick,STL,25,floor,,,reliever,MiLB (MLE),1.0,0.0,0.0,4.2,0.9,0.6,0.2,0.0,0.1,0.4,0.0,0.9,0.4,0.5,0.0,0.0,3.79,1.3,8.1,3.6,0.9,4.205,0.22035,0.08508,0.01136,0.02873,0.13755,0.04089,0.00369,3.79241,4.26593
800890,Ian May,LAD,25,floor,,,reliever,MiLB (MLE),1.0,0.0,0.0,4.2,0.9,0.6,0.2,0.0,0.1,0.4,0.0,0.9,0.4,0.5,0.0,0.0,3.83,1.3,8.1,3.6,0.9,4.21,0.22035,0.08508,0.01135,0.02946,0.13764,0.04092,0.00369,3.83304,4.31163
703724,Luis A. Reyes,CHC,25,floor,,,reliever,MiLB (MLE),1.0,0.0,0.0,4.2,0.9,0.6,0.2,0.0,0.1,0.4,0.0,0.9,0.4,0.5,0.0,0.0,3.9,1.3,8.1,3.6,0.9,4.218,0.22034,0.08508,0.01136,0.03086,0.13754,0.04089,0.00369,3.90301,4.39033
656820,Nicholas Padilla,CWS,30,floor,,,reliever,MLB,1.0,0.0,0.0,4.2,0.9,0.6,0.2,0.0,0.1,0.4,0.0,0.9,0.4,0.5,0.0,0.0,3.92,1.3,8.1,3.6,0.9,4.231,0.22035,0.08554,0.00805,0.02892,0.14196,0.04363,0.0034,3.91974,4.40915
801563,Austin Smith,TOR,25,floor,,,reliever,MiLB (MLE),1.0,0.0,0.0,4.2,0.9,0.6,0.2,0.0,0.1,0.4,0.0,0.9,0.4,0.5,0.0,0.0,3.87,1.3,8.1,3.6,0.9,4.215,0.22035,0.08508,0.01135,0.03017,0.13764,0.04092,0.00369,3.86995,4.35315
826150,Dayne Pengelly,TOR,25,floor,,,reliever,MiLB (MLE),1.0,0.0,0.0,4.2,0.9,0.6,0.2,0.0,0.1,0.4,0.0,0.9,0.4,0.5,0.0,0.0,3.79,1.3,8.1,3.6,0.9,4.205,0.22035,0.08508,0.01136,0.02873,0.13755,0.04089,0.00369,3.79241,4.26593
703193,Accimias Morales,LAD,25,floor,,,reliever,MiLB (MLE),1.0,0.0,0.0,4.2,0.9,0.6,0.2,0.0,0.1,0.4,0.0,0.9,0.4,0.5,0.0,0.0,3.85,1.3,8.1,3.6,0.9,4.213,0.22035,0.08508,0.01135,0.02984,0.13764,0.04092,0.00369,3.85272,4.33377
695037,J'Briell Easley,TEX,25,floor,,,reliever,MiLB (MLE),1.0,0.0,0.0,4.2,0.9,0.6,0.2,0.0,0.1,0.4,0.0,0.9,0.4,0.5,0.0,0.0,3.79,1.3,8.1,3.6,0.9,4.205,0.22035,0.08508,0.01136,0.02873,0.13756,0.0409,0.00369,3.79304,4.26664
830161,Landon Waters,TOR,25,floor,,,reliever,MiLB (MLE),1.0,0.0,0.0,4.2,0.9,0.6,0.2,0.0,0.1,0.4,0.0,0.9,0.4,0.5,0.0,0.0,3.87,1.3,8.1,3.6,0.9,4.215,0.22035,0.08508,0.01135,0.03017,0.13764,0.04092,0.00369,3.86995,4.35315
809934,Freddy Rodriguez,CHC,25,floor,,,reliever,MiLB (MLE),1.0,0.0,0.0,4.2,0.9,0.6,0.2,0.0,0.1,0.4,0.0,0.9,0.4,0.5,0.0,0.0,3.87,1.3,8.1,3.6,0.9,4.216,0.22036,0.08508,0.01135,0.03019,0.13773,0.04094,0.00369,3.87385,4.35754
823868,Wifrailyn Jaquez,PIT,25,floor,,,reliever,MiLB (MLE),1.0,0.0,0.0,4.2,0.9,0.6,0.2,0.0,0.1,0.4,0.0,0.9,0.4,0.5,0.0,0.0,3.8,1.3,8.1,3.6,0.9,4.207,0.22036,0.08508,0.01135,0.02877,0.13773,0.04094,0.00369,3.80001,4.27448
835743,Juan Ledezma,ARI,25,floor,,,reliever,MiLB (MLE),1.0,0.0,0.0,4.2,0.9,0.6,0.2,0.0,0.1,0.4,0.0,0.9,0.4,0.5,0.0,0.0,3.97,1.3,8.1,3.6,0.9,4.226,0.22034,0.08508,0.01136,0.03207,0.13754,0.04089,0.00369,3.96603,4.46122
694206,Daniel Guilarte,MIL,25,floor,,,reliever,MiLB (MLE),1.0,0.0,0.0,4.2,0.9,0.6,0.2,0.0,0.1,0.4,0.0,0.9,0.4,0.5,0.0,0.0,3.92,1.3,8.1,3.6,0.9,4.22,0.22034,0.08508,0.01136,0.03122,0.13752,0.04088,0.00369,3.92103,4.41061
839419,Dallis Moran,STL,25,floor,,,reliever,MiLB (MLE),1.0,0.0,0.0,4.2,0.9,0.6,0.2,0.0,0.1,0.4,0.0,0.9,0.4,0.5,0.0,0.0,3.83,1.3,8.1,3.6,0.9,4.21,0.22034,0.08508,0.01136,0.02944,0.13755,0.04089,0.00369,3.8292,4.30731
697813,T.J. Brock,TOR,25,floor,,,reliever,MiLB (MLE),1.0,0.0,0.0,4.2,0.9,0.6,0.2,0.0,0.1,0.4,0.0,0.9,0.4,0.5,0.0,0.0,3.88,1.3,8.1,3.6,0.9,4.216,0.22034,0.08508,0.01136,0.03046,0.13756,0.04089,0.00369,3.88261,4.36739
814268,Kevin Camacho,CHC,25,floor,,,reliever,MiLB (MLE),1.0,0.0,0.0,4.2,0.9,0.6,0.2,0.0,0.1,0.4,0.0,0.9,0.4,0.5,0.0,0.0,3.9,1.3,8.1,3.6,0.9,4.218,0.22034,0.08508,0.01136,0.03086,0.13754,0.04089,0.00369,3.90301,4.39033
806239,Jesus Colina,CIN,25,floor,,,reliever,MiLB (MLE),1.0,0.0,0.0,4.2,0.9,0.6,0.2,0.0,0.1,0.4,0.0,0.9,0.4,0.5,0.0,0.0,3.87,1.3,8.1,3.6,0.9,4.215,0.22035,0.08508,0.01135,0.03017,0.13764,0.04092,0.00369,3.86995,4.35315
829403,Trace Phillips,TB,25,floor,,,reliever,MiLB (MLE),1.0,0.0,0.0,4.2,0.9,0.6,0.2,0.0,0.1,0.4,0.0,0.9,0.4,0.5,0.0,0.0,3.92,1.3,8.1,3.6,0.9,4.233,0.22053,0.08511,0.01129,0.02936,0.14054,0.04178,0.00377,3.918,4.40719
830809,Adriano Marrero,LAD,25,floor,,,reliever,MiLB (MLE),1.0,0.0,0.0,4.2,0.9,0.6,0.2,0.0,0.1,0.4,0.0,0.9,0.4,0.5,0.0,0.0,3.93,1.3,8.1,3.6,0.9,4.236,0.22053,0.08511,0.01129,0.02942,0.14084,0.04187,0.00377,3.93022,4.42094
701980,Nestor Rios,MIA,25,floor,,,reliever,MiLB (MLE),1.0,0.0,0.0,4.2,0.9,0.6,0.2,0.0,0.1,0.4,0.0,0.9,0.4,0.5,0.0,0.0,3.96,1.3,8.1,3.6,0.9,4.238,0.22053,0.08511,0.01129,0.03007,0.14061,0.0418,0.00377,3.95731,4.45141
694484,Max Wagner,TEX,25,floor,,,reliever,MiLB (MLE),1.0,0.0,0.0,4.2,0.9,0.6,0.2,0.0,0.1,0.4,0.0,0.9,0.4,0.5,0.0,0.0,3.92,1.3,8.1,3.6,0.9,4.233,0.22053,0.08511,0.01129,0.02936,0.14057,0.04179,0.00377,3.91901,4.40834
701800,Carlos Linarez,STL,25,floor,,,reliever,MiLB (MLE),1.0,0.0,0.0,4.2,0.9,0.6,0.2,0.0,0.1,0.4,0.0,0.9,0.4,0.5,0.0,0.0,3.92,1.3,8.1,3.6,0.9,4.233,0.22053,0.08511,0.01129,0.02936,0.14057,0.04179,0.00377,3.91901,4.40834
830551,Aidan Russell,MIN,25,floor,,,reliever,MiLB (MLE),1.0,0.0,0.0,4.2,0.9,0.6,0.2,0.0,0.1,0.4,0.0,0.9,0.4,0.5,0.0,0.0,3.93,1.3,8.1,3.6,0.9,4.235,0.22053,0.08511,0.01129,0.0294,0.14074,0.04184,0.00377,3.92613,4.41635
802087,Frankeli Arias,CWS,25,floor,,,reliever,MiLB (MLE),1.0,0.0,0.0,4.2,0.9,0.6,0.2,0.0,0.1,0.4,0.0,0.9,0.4,0.5,0.0,0.0,3.92,1.3,8.1,3.6,0.9,4.233,0.22053,0.08511,0.01129,0.02935,0.14053,0.04178,0.00377,3.91732,4.40643
815218,Alexander Fuentes,SF,25,floor,,,reliever,MiLB (MLE),1.0,0.0,0.0,4.2,0.9,0.6,0.2,0.0,0.1,0.4,0.0,0.9,0.4,0.5,0.0,0.0,3.96,1.3,8.1,3.6,0.9,4.238,0.22053,0.08511,0.01129,0.03005,0.14064,0.04181,0.00377,3.95721,4.45131
814194,Quinn McDaniel,MIN,25,floor,,,reliever,MiLB (MLE),1.0,0.0,0.0,4.2,0.9,0.6,0.2,0.0,0.1,0.4,0.0,0.9,0.4,0.5,0.0,0.0,3.91,1.3,8.1,3.6,0.9,4.232,0.22053,0.08511,0.01129,0.02934,0.14045,0.04175,0.00376,3.91394,4.40263
800438,Andrés Nolaya,BAL,25,floor,,,reliever,MiLB (MLE),1.0,0.0,0.0,4.2,0.9,0.6,0.2,0.0,0.1,0.4,0.0,0.9,0.4,0.5,0.0,0.0,3.96,1.3,8.1,3.6,0.9,4.239,0.22053,0.08511,0.01129,0.02991,0.14085,0.04187,0.00377,3.95659,4.4506
808133,Giovanni Vargas,STL,25,floor,,,reliever,MiLB (MLE),1.0,0.0,0.0,4.2,0.9,0.6,0.2,0.0,0.1,0.4,0.0,0.9,0.4,0.5,0.0,0.0,3.93,1.3,8.1,3.6,0.9,4.236,0.22053,0.08511,0.01129,0.02942,0.14084,0.04187,0.00377,3.93022,4.42094
808118,Félix Amparo,BAL,25,floor,,,reliever,MiLB (MLE),1.0,0.0,0.0,4.2,0.9,0.6,0.2,0.0,0.1,0.4,0.0,0.9,0.4,0.5,0.0,0.0,3.96,1.3,8.1,3.6,0.9,4.238,0.22053,0.08511,0.01129,0.03005,0.14064,0.04181,0.00377,3.95721,4.45131
702331,Noah Mendlinger,STL,25,floor,,,reliever,MiLB (MLE),1.0,0.0,0.0,4.2,0.9,0.6,0.2,0.0,0.1,0.4,0.0,0.9,0.4,0.5,0.0,0.0,3.96,1.3,8.1,3.6,0.9,4.234,0.22049,0.08511,0.01131,0.03069,0.13965,0.04151,0.00374,3.9601,4.45455
800683,Blake Rambusch,SEA,25,floor,,,reliever,MiLB (MLE),1.0,0.0,0.0,4.2,0.9,0.6,0.2,0.0,0.1,0.4,0.0,0.9,0.4,0.5,0.0,0.0,3.92,1.3,8.1,3.6,0.9,4.233,0.22053,0.08511,0.01129,0.02936,0.14057,0.04179,0.00377,3.91901,4.40834
821112,Anderson Fermin,BOS,25,floor,,,reliever,MiLB (MLE),1.0,0.0,0.0,4.2,0.9,0.6,0.2,0.0,0.1,0.4,0.0,0.9,0.4,0.5,0.0,0.0,3.96,1.3,8.1,3.6,0.9,4.239,0.22053,0.08511,0.01129,0.02991,0.14085,0.04187,0.00377,3.95659,4.4506
683494,Euribiel Angeles,OAK,25,floor,,,reliever,MiLB (MLE),1.0,0.0,0.0,4.2,0.9,0.6,0.2,0.0,0.1,0.4,0.0,0.9,0.4,0.5,0.0,0.0,3.96,1.3,8.1,3.6,0.9,4.238,0.22053,0.08511,0.01129,0.0301,0.14057,0.04179,0.00377,3.95743,4.45155
804855,Luke Fernandez,CLE,25,floor,,,reliever,MiLB (MLE),1.0,0.0,0.0,4.2,0.9,0.6,0.2,0.0,0.1,0.4,0.0,0.9,0.4,0.5,0.0,0.0,3.91,1.3,8.1,3.6,0.9,4.232,0.22053,0.08511,0.01129,0.02934,0.14045,0.04175,0.00376,3.91394,4.40263
804826,Jake Ogden,NYM,25,floor,,,reliever,MiLB (MLE),1.0,0.0,0.0,4.2,0.9,0.6,0.2,0.0,0.1,0.4,0.0,0.9,0.4,0.5,0.0,0.0,3.93,1.3,8.1,3.6,0.9,4.236,0.22053,0.08511,0.01129,0.02942,0.14084,0.04187,0.00377,3.93022,4.42094
805222,Curtis Hebert,HOU,25,floor,,,reliever,MiLB (MLE),1.0,0.0,0.0,4.2,0.9,0.6,0.2,0.0,0.1,0.4,0.0,0.9,0.4,0.5,0.0,0.0,3.92,1.3,8.1,3.6,0.9,4.234,0.22053,0.08511,0.01129,0.02938,0.14064,0.04181,0.00377,3.92206,4.41177
805145,Jake Bold,SD,25,floor,,,reliever,MiLB (MLE),1.0,0.0,0.0,4.2,0.9,0.6,0.2,0.0,0.1,0.4,0.0,0.9,0.4,0.5,0.0,0.0,3.96,1.3,8.1,3.6,0.9,4.239,0.22053,0.08511,0.01129,0.02991,0.14085,0.04187,0.00377,3.95659,4.4506
835614,Brady O'Brien,SEA,25,floor,,,reliever,MiLB (MLE),1.0,0.0,0.0,4.2,0.9,0.6,0.2,0.0,0.1,0.4,0.0,0.9,0.4,0.5,0.0,0.0,3.96,1.3,8.1,3.6,0.9,4.238,0.22053,0.08511,0.01129,0.03005,0.14064,0.04181,0.00377,3.95721,4.45131
815488,Augie Lopez,SD,25,floor,,,reliever,MiLB (MLE),1.0,0.0,0.0,4.2,0.9,0.6,0.2,0.0,0.1,0.4,0.0,0.9,0.4,0.5,0.0,0.0,3.96,1.3,8.1,3.6,0.9,4.239,0.22053,0.08511,0.01129,0.02991,0.14085,0.04187,0.00377,3.95659,4.4506
689359,Dale Stanavich,SF,25,floor,,,reliever,MiLB (MLE),1.0,0.0,0.0,4.2,0.9,0.6,0.2,0.0,0.1,0.4,0.0,0.9,0.4,0.5,0.0,0.0,3.92,1.3,8.1,3.6,0.9,4.233,0.22053,0.08511,0.01129,0.02935,0.14053,0.04178,0.00377,3.91732,4.40643
828703,Alberto Toribio,KC,25,floor,,,reliever,MiLB (MLE),1.0,0.0,0.0,4.2,0.9,0.6,0.2,0.0,0.1,0.4,0.0,0.9,0.4,0.5,0.0,0.0,3.92,1.3,8.1,3.6,0.9,4.233,0.22053,0.08511,0.01129,0.02936,0.14054,0.04178,0.00377,3.918,4.40719
823230,Tyler McLoughlin,NYM,25,floor,,,reliever,MiLB (MLE),1.0,0.0,0.0,4.2,0.9,0.6,0.2,0.0,0.1,0.4,0.0,0.9,0.4,0.5,0.0,0.0,3.92,1.3,8.1,3.6,0.9,4.233,0.22053,0.08511,0.01129,0.02935,0.14053,0.04178,0.00377,3.91732,4.40643
808223,Javier Herrera,LAD,25,floor,,,reliever,MiLB (MLE),1.0,0.0,0.0,4.2,0.9,0.6,0.2,0.0,0.1,0.4,0.0,0.9,0.4,0.5,0.0,0.0,3.96,1.3,8.1,3.6,0.9,4.238,0.22053,0.08511,0.01129,0.03009,0.14054,0.04178,0.00377,3.95627,4.45025
820931,Xavier Lopez,TB,25,floor,,,reliever,MiLB (MLE),1.0,0.0,0.0,4.2,0.9,0.6,0.2,0.0,0.1,0.4,0.0,0.9,0.4,0.5,0.0,0.0,3.91,1.3,8.1,3.6,0.9,4.232,0.22053,0.08511,0.01129,0.02934,0.14045,0.04175,0.00376,3.91394,4.40263
801745,Clarence Martina,WSH,25,floor,,,reliever,MiLB (MLE),1.0,0.0,0.0,4.2,0.9,0.6,0.2,0.0,0.1,0.4,0.0,0.9,0.4,0.5,0.0,0.0,3.92,1.3,8.1,3.6,0.9,4.234,0.22053,0.08511,0.01129,0.02938,0.14064,0.04181,0.00377,3.92206,4.41177
842360,AJ Krodel,NYM,25,floor,,,reliever,MiLB (MLE),1.0,0.0,0.0,4.2,0.9,0.6,0.2,0.0,0.1,0.4,0.0,0.9,0.4,0.5,0.0,0.0,3.91,1.3,8.1,3.6,0.9,4.232,0.22053,0.08511,0.01129,0.02934,0.14045,0.04175,0.00376,3.91394,4.40263
842371,Nathan Helman,PIT,25,floor,,,reliever,MiLB (MLE),1.0,0.0,0.0,4.2,0.9,0.6,0.2,0.0,0.1,0.4,0.0,0.9,0.4,0.5,0.0,0.0,3.93,1.3,8.1,3.6,0.9,4.235,0.22053,0.08511,0.01129,0.0294,0.14074,0.04184,0.00377,3.92613,4.41635
807252,Ariston Veasey,CHC,25,floor,,,reliever,MiLB (MLE),1.0,0.0,0.0,4.2,0.9,0.6,0.2,0.0,0.1,0.4,0.0,0.9,0.4,0.5,0.0,0.0,3.92,1.3,8.1,3.6,0.9,4.233,0.22053,0.08511,0.01129,0.02936,0.14054,0.04178,0.00377,3.918,4.40719
678743,Felix Cepeda,NYM,25,floor,,,reliever,MiLB (MLE),1.0,0.0,0.0,4.2,0.9,0.6,0.2,0.0,0.1,0.4,0.0,0.9,0.4,0.5,0.0,0.0,3.92,1.3,8.1,3.6,0.9,4.233,0.22053,0.08511,0.01129,0.02936,0.14057,0.04179,0.00377,3.91901,4.40834
842249,Graham Brown,MIN,25,floor,,,reliever,MiLB (MLE),1.0,0.0,0.0,4.2,0.9,0.6,0.2,0.0,0.1,0.4,0.0,0.9,0.4,0.5,0.0,0.0,3.91,1.3,8.1,3.6,0.9,4.232,0.22053,0.08511,0.01129,0.02934,0.14045,0.04175,0.00376,3.91394,4.40263
842097,Nate Isler,NYM,25,floor,,,reliever,MiLB (MLE),1.0,0.0,0.0,4.2,0.9,0.6,0.2,0.0,0.1,0.4,0.0,0.9,0.4,0.5,0.0,0.0,3.96,1.3,8.1,3.6,0.9,4.238,0.22053,0.08511,0.01129,0.03009,0.14054,0.04178,0.00377,3.95627,4.45025
843503,Austin Testerman,CLE,25,floor,,,reliever,MiLB (MLE),1.0,0.0,0.0,4.2,0.9,0.6,0.2,0.0,0.1,0.4,0.0,0.9,0.4,0.5,0.0,0.0,3.93,1.3,8.1,3.6,0.9,4.235,0.22053,0.08511,0.01129,0.0294,0.14074,0.04184,0.00377,3.92613,4.41635
842070,Jason Krieger,NYY,25,floor,,,reliever,MiLB (MLE),1.0,0.0,0.0,4.2,0.9,0.6,0.2,0.0,0.1,0.4,0.0,0.9,0.4,0.5,0.0,0.0,3.93,1.3,8.1,3.6,0.9,4.236,0.22054,0.08511,0.01129,0.02942,0.14085,0.04187,0.00377,3.93098,4.42179
807971,Juan Rosas,TOR,25,floor,,,reliever,MiLB (MLE),1.0,0.0,0.0,4.2,0.9,0.6,0.2,0.0,0.1,0.4,0.0,0.9,0.4,0.5,0.0,0.0,3.93,1.3,8.1,3.6,0.9,4.236,0.22054,0.08511,0.01129,0.02942,0.14085,0.04187,0.00377,3.93098,4.42179
815874,Nick Roselli,NYM,25,floor,,,reliever,MiLB (MLE),1.0,0.0,0.0,4.2,0.9,0.6,0.2,0.0,0.1,0.4,0.0,0.9,0.4,0.5,0.0,0.0,3.93,1.3,8.1,3.6,0.9,4.236,0.22054,0.08511,0.01129,0.02942,0.14085,0.04187,0.00377,3.93098,4.42179
681439,Zach Morgan,SF,25,floor,,,reliever,MiLB (MLE),1.0,0.0,0.0,4.2,0.9,0.6,0.2,0.0,0.1,0.4,0.0,0.9,0.4,0.5,0.0,0.0,3.92,1.3,8.1,3.6,0.9,4.233,0.22053,0.08511,0.01129,0.02935,0.14053,0.04178,0.00377,3.91732,4.40643
805957,Caleb Farmer,WSH,25,floor,,,reliever,MiLB (MLE),1.0,0.0,0.0,4.2,0.9,0.6,0.2,0.0,0.1,0.4,0.0,0.9,0.4,0.5,0.0,0.0,3.92,1.3,8.1,3.6,0.9,4.233,0.22053,0.08511,0.01129,0.02936,0.14057,0.04179,0.00377,3.91901,4.40834
820983,Yohandri Contreras,OAK,25,floor,,,reliever,MiLB (MLE),1.0,0.0,0.0,4.2,0.9,0.6,0.2,0.0,0.1,0.4,0.0,0.9,0.4,0.5,0.0,0.0,3.96,1.3,8.1,3.6,0.9,4.239,0.22053,0.08511,0.01129,0.02991,0.14085,0.04187,0.00377,3.95659,4.4506
821417,Victor Espiritu,TOR,25,floor,,,reliever,MiLB (MLE),1.0,0.0,0.0,4.2,0.9,0.6,0.2,0.0,0.1,0.4,0.0,0.9,0.4,0.5,0.0,0.0,3.93,1.3,8.1,3.6,0.9,4.235,0.22053,0.08511,0.01129,0.0294,0.14074,0.04184,0.00377,3.92613,4.41635
821340,Zack Mack,NYM,25,floor,,,reliever,MiLB (MLE),1.0,0.0,0.0,4.2,0.9,0.6,0.2,0.0,0.1,0.4,0.0,0.9,0.4,0.5,0.0,0.0,3.92,1.3,8.1,3.6,0.9,4.233,0.22053,0.08511,0.01129,0.02935,0.14053,0.04178,0.00377,3.91732,4.40643
829956,Felix Doroteo,PIT,25,floor,,,reliever,MiLB (MLE),1.0,0.0,0.0,4.2,0.9,0.6,0.2,0.0,0.1,0.4,0.0,0.9,0.4,0.5,0.0,0.0,3.93,1.3,8.1,3.6,0.9,4.236,0.22053,0.08511,0.01129,0.02942,0.14084,0.04187,0.00377,3.93022,4.42094
800536,Adonis Villavicencio,TEX,25,floor,,,reliever,MiLB (MLE),1.0,0.0,0.0,4.2,0.9,0.6,0.2,0.0,0.1,0.4,0.0,0.9,0.4,0.5,0.0,0.0,3.93,1.3,8.1,3.6,0.9,4.235,0.22053,0.08511,0.01129,0.0294,0.14077,0.04185,0.00377,3.92749,4.41788
815586,Joe Olsavsky,ATL,25,floor,,,reliever,MiLB (MLE),1.0,0.0,0.0,4.2,0.9,0.6,0.2,0.0,0.1,0.4,0.0,0.9,0.4,0.5,0.0,0.0,3.92,1.3,8.1,3.6,0.9,4.234,0.22053,0.08511,0.01129,0.02938,0.14064,0.04181,0.00377,3.92206,4.41177
685067,Baron Stuart,NYY,25,floor,,,reliever,MiLB (MLE),1.0,0.0,0.0,4.2,0.9,0.6,0.2,0.0,0.1,0.4,0.0,0.9,0.4,0.5,0.0,0.0,3.96,1.3,8.1,3.6,0.9,4.238,0.22053,0.08511,0.01129,0.0301,0.14057,0.04179,0.00377,3.95743,4.45155
685337,Sergio Tapia,DET,25,floor,,,reliever,MiLB (MLE),1.0,0.0,0.0,4.2,0.9,0.6,0.2,0.0,0.1,0.4,0.0,0.9,0.4,0.5,0.0,0.0,3.96,1.3,8.1,3.6,0.9,4.239,0.22053,0.08511,0.01129,0.02991,0.14085,0.04187,0.00377,3.95659,4.4506
804582,Garrett McMillan,PIT,25,floor,,,reliever,MiLB (MLE),1.0,0.0,0.0,4.2,0.9,0.6,0.2,0.0,0.1,0.4,0.0,0.9,0.4,0.5,0.0,0.0,3.91,1.3,8.1,3.6,0.9,4.232,0.22053,0.08511,0.01129,0.02934,0.14045,0.04175,0.00376,3.91394,4.40263
814197,Tyler Pitzer,SD,25,floor,,,reliever,MiLB (MLE),1.0,0.0,0.0,4.2,0.9,0.6,0.2,0.0,0.1,0.4,0.0,0.9,0.4,0.5,0.0,0.0,3.93,1.3,8.1,3.6,0.9,4.235,0.22053,0.08511,0.01129,0.0294,0.14074,0.04184,0.00377,3.92613,4.41635
808288,Luis Lameda,MIL,25,floor,,,reliever,MiLB (MLE),1.0,0.0,0.0,4.2,0.9,0.6,0.2,0.0,0.1,0.4,0.0,0.9,0.4,0.5,0.0,0.0,3.92,1.3,8.1,3.6,0.9,4.233,0.22053,0.08511,0.01129,0.02936,0.14054,0.04178,0.00377,3.918,4.40719
699321,Diego Guzman,KC,25,floor,,,reliever,MiLB (MLE),1.0,0.0,0.0,4.2,0.9,0.6,0.2,0.0,0.1,0.4,0.0,0.9,0.4,0.5,0.0,0.0,3.92,1.3,8.1,3.6,0.9,4.234,0.22053,0.08511,0.01129,0.02937,0.14061,0.0418,0.00377,3.9207,4.41024
807290,Peyton Prescott,NYM,25,floor,,,reliever,MiLB (MLE),1.0,0.0,0.0,4.2,0.9,0.6,0.2,0.0,0.1,0.4,0.0,0.9,0.4,0.5,0.0,0.0,3.93,1.3,8.1,3.6,0.9,4.236,0.22054,0.08511,0.01129,0.02942,0.14085,0.04187,0.00377,3.93098,4.42179
702574,David Mershon,LAA,25,floor,,,reliever,MiLB (MLE),1.0,0.0,0.0,4.2,0.9,0.6,0.2,0.0,0.1,0.4,0.0,0.9,0.4,0.5,0.0,0.0,3.96,1.3,8.1,3.6,0.9,4.239,0.22053,0.08511,0.01129,0.02996,0.14077,0.04185,0.00377,3.95683,4.45088
682774,Andrick Nava,MIL,25,floor,,,reliever,MiLB (MLE),1.0,0.0,0.0,4.2,0.9,0.6,0.2,0.0,0.1,0.4,0.0,0.9,0.4,0.5,0.0,0.0,3.91,1.3,8.1,3.6,0.9,4.232,0.22053,0.08511,0.01129,0.02934,0.14045,0.04175,0.00376,3.91394,4.40263
805268,Peyton Williams,TOR,25,floor,,,reliever,MiLB (MLE),1.0,0.0,0.0,4.2,0.9,0.6,0.2,0.0,0.1,0.4,0.0,0.9,0.4,0.5,0.0,0.0,3.92,1.3,8.1,3.6,0.9,4.233,0.22053,0.08511,0.01129,0.02936,0.14057,0.04179,0.00377,3.91901,4.40834
802372,Griffin Green,CIN,25,floor,,,reliever,MiLB (MLE),1.0,0.0,0.0,4.2,0.9,0.6,0.2,0.0,0.1,0.4,0.0,0.9,0.4,0.5,0.0,0.0,3.91,1.3,8.1,3.6,0.9,4.232,0.22053,0.08511,0.01129,0.02934,0.14045,0.04175,0.00376,3.91394,4.40263
814748,Dariel Ramon,TOR,25,floor,,,reliever,MiLB (MLE),1.0,0.0,0.0,4.2,0.9,0.6,0.2,0.0,0.1,0.4,0.0,0.9,0.4,0.5,0.0,0.0,3.93,1.3,8.1,3.6,0.9,4.236,0.22053,0.08511,0.01129,0.02942,0.14084,0.04187,0.00377,3.93022,4.42094
690469,Kyle Hayes,WSH,25,floor,,,reliever,MiLB (MLE),1.0,0.0,0.0,4.2,0.9,0.6,0.2,0.0,0.1,0.4,0.0,0.9,0.4,0.5,0.0,0.0,3.92,1.3,8.1,3.6,0.9,4.233,0.22053,0.08511,0.01129,0.02936,0.14057,0.04179,0.00377,3.91901,4.40834
812518,Camden Janik,PIT,25,floor,,,reliever,MiLB (MLE),1.0,0.0,0.0,4.2,0.9,0.6,0.2,0.0,0.1,0.4,0.0,0.9,0.4,0.5,0.0,0.0,3.93,1.3,8.1,3.6,0.9,4.235,0.22053,0.08511,0.01129,0.0294,0.14077,0.04185,0.00377,3.92749,4.41788
812430,Heriberto Caraballo,STL,25,floor,,,reliever,MiLB (MLE),1.0,0.0,0.0,4.2,0.9,0.6,0.2,0.0,0.1,0.4,0.0,0.9,0.4,0.5,0.0,0.0,3.96,1.3,8.1,3.6,0.9,4.239,0.22053,0.08511,0.01129,0.02991,0.14085,0.04187,0.00377,3.95659,4.4506
808691,Adrian Gil,CWS,25,floor,,,reliever,MiLB (MLE),1.0,0.0,0.0,4.2,0.9,0.6,0.2,0.0,0.1,0.4,0.0,0.9,0.4,0.5,0.0,0.0,3.93,1.3,8.1,3.6,0.9,4.236,0.22053,0.08511,0.01129,0.02942,0.14084,0.04187,0.00377,3.93022,4.42094
805874,Aneudis Mejia,TEX,25,floor,,,reliever,MiLB (MLE),1.0,0.0,0.0,4.2,0.9,0.6,0.2,0.0,0.1,0.4,0.0,0.9,0.4,0.5,0.0,0.0,3.96,1.3,8.1,3.6,0.9,4.239,0.22053,0.08511,0.01129,0.02996,0.14077,0.04185,0.00377,3.95683,4.45088
805865,Guy Lipscomb,CLE,25,floor,,,reliever,MiLB (MLE),1.0,0.0,0.0,4.2,0.9,0.6,0.2,0.0,0.1,0.4,0.0,0.9,0.4,0.5,0.0,0.0,3.92,1.3,8.1,3.6,0.9,4.233,0.22053,0.08511,0.01129,0.02936,0.14057,0.04179,0.00377,3.91901,4.40834
823735,Edgar Gallegos,TOR,25,floor,,,reliever,MiLB (MLE),1.0,0.0,0.0,4.2,0.9,0.6,0.2,0.0,0.1,0.4,0.0,0.9,0.4,0.5,0.0,0.0,3.92,1.3,8.1,3.6,0.9,4.233,0.22053,0.08511,0.01129,0.02936,0.14054,0.04178,0.00377,3.918,4.40719
822622,Diego Gutierrez,BAL,25,floor,,,reliever,MiLB (MLE),1.0,0.0,0.0,4.2,0.9,0.6,0.2,0.0,0.1,0.4,0.0,0.9,0.4,0.5,0.0,0.0,3.92,1.3,8.1,3.6,0.9,4.233,0.22053,0.08511,0.01129,0.02936,0.14054,0.04178,0.00377,3.918,4.40719
670868,Abrahan Gutierrez,NYY,25,floor,,,reliever,MiLB (MLE),1.0,0.0,0.0,4.2,0.9,0.6,0.2,0.0,0.1,0.4,0.0,0.9,0.4,0.5,0.0,0.0,3.96,1.3,8.1,3.6,0.9,4.239,0.22053,0.08511,0.01129,0.02991,0.14085,0.04187,0.00377,3.95659,4.4506
811253,Cole Fehrman,TEX,25,floor,,,reliever,MiLB (MLE),1.0,0.0,0.0,4.2,0.9,0.6,0.2,0.0,0.1,0.4,0.0,0.9,0.4,0.5,0.0,0.0,3.91,1.3,8.1,3.6,0.9,4.232,0.22053,0.08511,0.01129,0.02934,0.14045,0.04175,0.00376,3.91394,4.40263
670208,Matt Fraizer,BOS,25,floor,,,reliever,MiLB (MLE),1.0,0.0,0.0,4.2,0.9,0.6,0.2,0.0,0.1,0.4,0.0,0.9,0.4,0.5,0.0,0.0,3.92,1.3,8.1,3.6,0.9,4.233,0.22053,0.08511,0.01129,0.02936,0.14057,0.04179,0.00377,3.91901,4.40834
805658,Shane Sdao,NYM,25,floor,,,reliever,MiLB (MLE),1.0,0.0,0.0,4.2,0.9,0.6,0.2,0.0,0.1,0.4,0.0,0.9,0.4,0.5,0.0,0.0,3.96,1.3,8.1,3.6,0.9,4.239,0.22053,0.08511,0.01129,0.02991,0.14085,0.04187,0.00377,3.95659,4.4506
833490,Dillon Stiltner,NYM,25,floor,,,reliever,MiLB (MLE),1.0,0.0,0.0,4.2,0.9,0.6,0.2,0.0,0.1,0.4,0.0,0.9,0.4,0.5,0.0,0.0,3.91,1.3,8.1,3.6,0.9,4.232,0.22053,0.08511,0.01129,0.02934,0.14045,0.04175,0.00376,3.91394,4.40263
824667,Owen Puk,WSH,25,floor,,,reliever,MiLB (MLE),1.0,0.0,0.0,4.2,0.9,0.6,0.2,0.0,0.1,0.4,0.0,0.9,0.4,0.5,0.0,0.0,3.93,1.3,8.1,3.6,0.9,4.236,0.22053,0.08511,0.01129,0.02942,0.14084,0.04187,0.00377,3.93022,4.42094
824634,Rowell Arroyo,CHC,25,floor,,,reliever,MiLB (MLE),1.0,0.0,0.0,4.2,0.9,0.6,0.2,0.0,0.1,0.4,0.0,0.9,0.4,0.5,0.0,0.0,3.91,1.3,8.1,3.6,0.9,4.232,0.22053,0.08511,0.01129,0.02934,0.14045,0.04175,0.00376,3.91394,4.40263
701696,Ryan Stafford,BAL,25,floor,,,reliever,MiLB (MLE),1.0,0.0,0.0,4.2,0.9,0.6,0.2,0.0,0.1,0.4,0.0,0.9,0.4,0.5,0.0,0.0,3.96,1.3,8.1,3.6,0.9,4.239,0.22053,0.08511,0.01129,0.02991,0.14085,0.04187,0.00377,3.95659,4.4506
694812,Tyler McDonough,BOS,25,floor,,,reliever,MiLB (MLE),1.0,0.0,0.0,4.2,0.9,0.6,0.2,0.0,0.1,0.4,0.0,0.9,0.4,0.5,0.0,0.0,3.96,1.3,8.1,3.6,0.9,4.238,0.22053,0.08511,0.01129,0.0301,0.14057,0.04179,0.00377,3.95743,4.45155
701584,Grant Fontenot,KC,25,floor,,,reliever,MiLB (MLE),1.0,0.0,0.0,4.2,0.9,0.6,0.2,0.0,0.1,0.4,0.0,0.9,0.4,0.5,0.0,0.0,3.92,1.3,8.1,3.6,0.9,4.233,0.22053,0.08511,0.01129,0.02936,0.14054,0.04178,0.00377,3.918,4.40719
814477,Luke Stofel,DET,25,floor,,,reliever,MiLB (MLE),1.0,0.0,0.0,4.2,0.9,0.6,0.2,0.0,0.1,0.4,0.0,0.9,0.4,0.5,0.0,0.0,3.92,1.3,8.1,3.6,0.9,4.233,0.22053,0.08511,0.01129,0.02936,0.14057,0.04179,0.00377,3.91901,4.40834
803273,Dominic Castellano,SEA,25,floor,,,reliever,MiLB (MLE),1.0,0.0,0.0,4.2,0.9,0.6,0.2,0.0,0.1,0.4,0.0,0.9,0.4,0.5,0.0,0.0,3.96,1.3,8.1,3.6,0.9,4.238,0.22053,0.08511,0.01129,0.03009,0.14054,0.04178,0.00377,3.95627,4.45025
828145,Mikey Cascino,LAA,25,floor,,,reliever,MiLB (MLE),1.0,0.0,0.0,4.2,0.9,0.6,0.2,0.0,0.1,0.4,0.0,0.9,0.4,0.5,0.0,0.0,3.91,1.3,8.1,3.6,0.9,4.232,0.22053,0.08511,0.01129,0.02934,0.14045,0.04175,0.00376,3.91394,4.40263
823114,Nolan McCarthy,DET,25,floor,,,reliever,MiLB (MLE),1.0,0.0,0.0,4.2,0.9,0.6,0.2,0.0,0.1,0.4,0.0,0.9,0.4,0.5,0.0,0.0,3.93,1.3,8.1,3.6,0.9,4.236,0.22053,0.08511,0.01129,0.02942,0.14084,0.04187,0.00377,3.93022,4.42094
806739,Jayden Kim,PIT,25,floor,,,reliever,MiLB (MLE),1.0,0.0,0.0,4.2,0.9,0.6,0.2,0.0,0.1,0.4,0.0,0.9,0.4,0.5,0.0,0.0,3.96,1.3,8.1,3.6,0.9,4.239,0.22053,0.08511,0.01129,0.02991,0.14085,0.04187,0.00377,3.95659,4.4506
676463,Hayden Cantrelle,CHC,25,floor,,,reliever,MiLB (MLE),1.0,0.0,0.0,4.2,0.9,0.6,0.2,0.0,0.1,0.4,0.0,0.9,0.4,0.5,0.0,0.0,3.92,1.3,8.1,3.6,0.9,4.233,0.22053,0.08511,0.01129,0.02935,0.14053,0.04178,0.00377,3.91732,4.40643
808166,Junior Aybar,BAL,25,floor,,,reliever,MiLB (MLE),1.0,0.0,0.0,4.2,0.9,0.6,0.2,0.0,0.1,0.4,0.0,0.9,0.4,0.5,0.0,0.0,3.96,1.3,8.1,3.6,0.9,4.238,0.22053,0.08511,0.01129,0.03005,0.14064,0.04181,0.00377,3.95721,4.45131
699077,Jose Perez,TB,25,floor,,,reliever,MiLB (MLE),1.0,0.0,0.0,4.2,0.9,0.6,0.2,0.0,0.1,0.4,0.0,0.9,0.4,0.5,0.0,0.0,3.96,1.3,8.1,3.6,0.9,4.239,0.22053,0.08511,0.01129,0.02991,0.14085,0.04187,0.00377,3.95659,4.4506
800414,Alfredo Velásquez,BAL,25,floor,,,reliever,MiLB (MLE),1.0,0.0,0.0,4.2,0.9,0.6,0.2,0.0,0.1,0.4,0.0,0.9,0.4,0.5,0.0,0.0,3.92,1.3,8.1,3.6,0.9,4.233,0.22053,0.08511,0.01129,0.02936,0.14057,0.04179,0.00377,3.91901,4.40834
822162,Brandon Forrester,HOU,25,floor,,,reliever,MiLB (MLE),1.0,0.0,0.0,4.2,0.9,0.6,0.2,0.0,0.1,0.4,0.0,0.9,0.4,0.5,0.0,0.0,3.92,1.3,8.1,3.6,0.9,4.233,0.22053,0.08511,0.01129,0.02936,0.14057,0.04179,0.00377,3.91901,4.40834
829204,Ma'Kale Holden,MIL,25,floor,,,reliever,MiLB (MLE),1.0,0.0,0.0,4.2,0.9,0.6,0.2,0.0,0.1,0.4,0.0,0.9,0.4,0.5,0.0,0.0,3.92,1.3,8.1,3.6,0.9,4.234,0.22053,0.08511,0.01129,0.02938,0.14064,0.04181,0.00377,3.92206,4.41177
800233,Ernesto Mercedes,NYM,25,floor,,,reliever,MiLB (MLE),1.0,0.0,0.0,4.2,0.9,0.6,0.2,0.0,0.1,0.4,0.0,0.9,0.4,0.5,0.0,0.0,3.91,1.3,8.1,3.6,0.9,4.232,0.22053,0.08511,0.01129,0.02934,0.14045,0.04175,0.00376,3.91394,4.40263
823865,Dony Aguilera,CIN,25,floor,,,reliever,MiLB (MLE),1.0,0.0,0.0,4.2,0.9,0.6,0.2,0.0,0.1,0.4,0.0,0.9,0.4,0.5,0.0,0.0,3.96,1.3,8.1,3.6,0.9,4.239,0.22053,0.08511,0.01129,0.02991,0.14085,0.04187,0.00377,3.95659,4.4506
823817,Jake McCutcheon,MIA,25,floor,,,reliever,MiLB (MLE),1.0,0.0,0.0,4.2,0.9,0.6,0.2,0.0,0.1,0.4,0.0,0.9,0.4,0.5,0.0,0.0,3.93,1.3,8.1,3.6,0.9,4.235,0.22053,0.08511,0.01129,0.0294,0.14074,0.04184,0.00377,3.92613,4.41635
807187,Mathias LaCombe,CWS,25,floor,,,reliever,MiLB (MLE),1.0,0.0,0.0,4.2,0.9,0.6,0.2,0.0,0.1,0.4,0.0,0.9,0.4,0.5,0.0,0.0,3.92,1.3,8.1,3.6,0.9,4.233,0.22053,0.08511,0.01129,0.02935,0.14053,0.04178,0.00377,3.91732,4.40643
691004,Aaron Nixon,BOS,25,floor,,,reliever,MiLB (MLE),1.0,0.0,0.0,4.2,0.9,0.6,0.2,0.0,0.1,0.4,0.0,0.9,0.4,0.5,0.0,0.0,3.96,1.3,8.1,3.6,0.9,4.238,0.22053,0.08511,0.01129,0.0301,0.14057,0.04179,0.00377,3.95743,4.45155
829682,Rainer Marin,MIN,25,floor,,,reliever,MiLB (MLE),1.0,0.0,0.0,4.2,0.9,0.6,0.2,0.0,0.1,0.4,0.0,0.9,0.4,0.5,0.0,0.0,3.91,1.3,8.1,3.6,0.9,4.232,0.22053,0.08511,0.01129,0.02934,0.14045,0.04175,0.00376,3.91394,4.40263
829591,Wyatt Queen,SEA,25,floor,,,reliever,MiLB (MLE),1.0,0.0,0.0,4.2,0.9,0.6,0.2,0.0,0.1,0.4,0.0,0.9,0.4,0.5,0.0,0.0,3.92,1.3,8.1,3.6,0.9,4.233,0.22053,0.08511,0.01129,0.02936,0.14054,0.04178,0.00377,3.918,4.40719
701884,Magnus Ellerts,CLE,25,floor,,,reliever,MiLB (MLE),1.0,0.0,0.0,4.2,0.9,0.6,0.2,0.0,0.1,0.4,0.0,0.9,0.4,0.5,0.0,0.0,3.92,1.3,8.1,3.6,0.9,4.233,0.22053,0.08511,0.01129,0.02935,0.14053,0.04178,0.00377,3.91732,4.40643
667744,Wesley Moore,PHI,25,floor,,,reliever,MiLB (MLE),1.0,0.0,0.0,4.2,0.9,0.6,0.2,0.0,0.1,0.4,0.0,0.9,0.4,0.5,0.0,0.0,3.92,1.3,8.1,3.6,0.9,4.233,0.22053,0.08511,0.01129,0.02936,0.14057,0.04179,0.00377,3.91901,4.40834
667690,C.J. Stubbs,TOR,25,floor,,,reliever,MiLB (MLE),1.0,0.0,0.0,4.2,0.9,0.6,0.2,0.0,0.1,0.4,0.0,0.9,0.4,0.5,0.0,0.0,3.92,1.3,8.1,3.6,0.9,4.233,0.22053,0.08511,0.01129,0.02935,0.14053,0.04178,0.00377,3.91732,4.40643
804164,Chris Diaz,SEA,25,floor,,,reliever,MiLB (MLE),1.0,0.0,0.0,4.2,0.9,0.6,0.2,0.0,0.1,0.4,0.0,0.9,0.4,0.5,0.0,0.0,3.96,1.3,8.1,3.6,0.9,4.238,0.22053,0.08511,0.01129,0.03011,0.14054,0.04178,0.00377,3.9575,4.45163
803426,Carlos Cauro,HOU,25,floor,,,reliever,MiLB (MLE),1.0,0.0,0.0,4.2,0.9,0.6,0.2,0.0,0.1,0.4,0.0,0.9,0.4,0.5,0.0,0.0,3.96,1.3,8.1,3.6,0.9,4.239,0.22053,0.08511,0.01129,0.02991,0.14085,0.04187,0.00377,3.95659,4.4506
693822,Murphy Stehly,MIN,25,floor,,,reliever,MiLB (MLE),1.0,0.0,0.0,4.2,0.9,0.6,0.2,0.0,0.1,0.4,0.0,0.9,0.4,0.5,0.0,0.0,3.92,1.3,8.1,3.6,0.9,4.233,0.22053,0.08511,0.01129,0.02936,0.14057,0.04179,0.00377,3.91901,4.40834
683349,Calvin Ziegler,NYM,25,floor,,,reliever,MiLB (MLE),1.0,0.0,0.0,4.2,0.9,0.6,0.2,0.0,0.1,0.4,0.0,0.9,0.4,0.5,0.0,0.0,3.92,1.3,8.1,3.6,0.9,4.233,0.22053,0.08511,0.01129,0.02936,0.14057,0.04179,0.00377,3.91901,4.40834
683328,Antoine Jean,COL,25,floor,,,reliever,MiLB (MLE),1.0,0.0,0.0,4.2,0.9,0.6,0.2,0.0,0.1,0.4,0.0,0.9,0.4,0.5,0.0,0.0,3.93,1.3,8.1,3.6,0.9,4.235,0.22053,0.08511,0.01129,0.0294,0.14077,0.04185,0.00377,3.92749,4.41788
669413,Frainyer Chavez,TEX,25,floor,,,reliever,MiLB (MLE),1.0,0.0,0.0,4.2,0.9,0.6,0.2,0.0,0.1,0.4,0.0,0.9,0.4,0.5,0.0,0.0,3.92,1.3,8.1,3.6,0.9,4.233,0.22053,0.08511,0.01129,0.02936,0.14057,0.04179,0.00377,3.91901,4.40834
691278,Moises Alcala,ARI,25,floor,,,reliever,MiLB (MLE),1.0,0.0,0.0,4.2,0.9,0.6,0.2,0.0,0.1,0.4,0.0,0.9,0.4,0.5,0.0,0.0,3.93,1.3,8.1,3.6,0.9,4.235,0.22053,0.08511,0.01129,0.0294,0.14074,0.04184,0.00377,3.92613,4.41635
690962,Michael Brooks,OAK,25,floor,,,reliever,MiLB (MLE),1.0,0.0,0.0,4.2,0.9,0.6,0.2,0.0,0.1,0.4,0.0,0.9,0.4,0.5,0.0,0.0,3.96,1.3,8.1,3.6,0.9,4.239,0.22053,0.08511,0.01129,0.02999,0.14074,0.04184,0.00377,3.95693,4.45099
806997,Yerlin Luis,CLE,25,floor,,,reliever,MiLB (MLE),1.0,0.0,0.0,4.2,0.9,0.6,0.2,0.0,0.1,0.4,0.0,0.9,0.4,0.5,0.0,0.0,3.96,1.3,8.1,3.6,0.9,4.238,0.22053,0.08511,0.01129,0.03011,0.14054,0.04178,0.00377,3.9575,4.45163
683001,Ethan Hearn,CHC,25,floor,,,reliever,MiLB (MLE),1.0,0.0,0.0,4.2,0.9,0.6,0.2,0.0,0.1,0.4,0.0,0.9,0.4,0.5,0.0,0.0,3.93,1.3,8.1,3.6,0.9,4.236,0.22054,0.08511,0.01129,0.02942,0.14085,0.04187,0.00377,3.93098,4.42179
806884,Luis Escudero,NYY,25,floor,,,reliever,MiLB (MLE),1.0,0.0,0.0,4.2,0.9,0.6,0.2,0.0,0.1,0.4,0.0,0.9,0.4,0.5,0.0,0.0,3.93,1.3,8.1,3.6,0.9,4.236,0.22054,0.08511,0.01129,0.02942,0.14085,0.04187,0.00377,3.93098,4.42179
702025,Harry Genth,MIN,25,floor,,,reliever,MiLB (MLE),1.0,0.0,0.0,4.2,0.9,0.6,0.2,0.0,0.1,0.4,0.0,0.9,0.4,0.5,0.0,0.0,3.93,1.3,8.1,3.6,0.9,4.236,0.22054,0.08511,0.01129,0.02942,0.14085,0.04187,0.00377,3.93098,4.42179
832560,Ben Moore,WSH,25,floor,,,reliever,MiLB (MLE),1.0,0.0,0.0,4.2,0.9,0.6,0.2,0.0,0.1,0.4,0.0,0.9,0.4,0.5,0.0,0.0,3.93,1.3,8.1,3.6,0.9,4.236,0.22054,0.08511,0.01129,0.02942,0.14085,0.04187,0.00377,3.93098,4.42179
815966,Irvin Nunez,MIN,25,floor,,,reliever,MiLB (MLE),1.0,0.0,0.0,4.2,0.9,0.6,0.2,0.0,0.1,0.4,0.0,0.9,0.4,0.5,0.0,0.0,3.93,1.3,8.1,3.6,0.9,4.236,0.22054,0.08511,0.01129,0.02942,0.14085,0.04187,0.00377,3.93098,4.42179
686540,Owen Cobb,NYY,25,floor,,,reliever,MiLB (MLE),1.0,0.0,0.0,4.2,0.9,0.6,0.2,0.0,0.1,0.4,0.0,0.9,0.4,0.5,0.0,0.0,3.93,1.3,8.1,3.6,0.9,4.236,0.22054,0.08511,0.01129,0.02942,0.14085,0.04187,0.00377,3.9309,4.42171
673945,Freuddy Batista,HOU,25,floor,,,reliever,MiLB (MLE),1.0,0.0,0.0,4.2,0.9,0.6,0.2,0.0,0.1,0.4,0.0,0.9,0.4,0.5,0.0,0.0,3.93,1.3,8.1,3.6,0.9,4.236,0.22054,0.08511,0.01129,0.02942,0.14085,0.04187,0.00377,3.93098,4.42179
835490,Julio Gonzalez,NYM,25,floor,,,reliever,MiLB (MLE),1.0,0.0,0.0,4.2,0.9,0.6,0.2,0.0,0.1,0.4,0.0,0.9,0.4,0.5,0.0,0.0,3.93,1.3,8.1,3.6,0.9,4.236,0.22054,0.08511,0.01129,0.02942,0.14085,0.04187,0.00377,3.93098,4.42179
835390,Tony Gonzalez,PIT,25,floor,,,reliever,MiLB (MLE),1.0,0.0,0.0,4.2,0.9,0.6,0.2,0.0,0.1,0.4,0.0,0.9,0.4,0.5,0.0,0.0,3.93,1.3,8.1,3.6,0.9,4.236,0.22054,0.08511,0.01129,0.02942,0.14085,0.04187,0.00377,3.93098,4.42179
833381,Jack Moroknek,WSH,25,floor,,,reliever,MiLB (MLE),1.0,0.0,0.0,4.2,0.9,0.6,0.2,0.0,0.1,0.4,0.0,0.9,0.4,0.5,0.0,0.0,3.93,1.3,8.1,3.6,0.9,4.236,0.22054,0.08511,0.01129,0.02942,0.14085,0.04187,0.00377,3.93098,4.42179
800299,Diomedes Hernandez,NYY,25,floor,,,reliever,MiLB (MLE),1.0,0.0,0.0,4.2,0.9,0.6,0.2,0.0,0.1,0.4,0.0,0.9,0.4,0.5,0.0,0.0,3.93,1.3,8.1,3.6,0.9,4.236,0.22054,0.08511,0.01129,0.02942,0.14085,0.04187,0.00377,3.9309,4.42171
695493,Teo Banks,WSH,25,floor,,,reliever,MiLB (MLE),1.0,0.0,0.0,4.2,0.9,0.6,0.2,0.0,0.1,0.4,0.0,0.9,0.4,0.5,0.0,0.0,3.93,1.3,8.1,3.6,0.9,4.236,0.22054,0.08511,0.01129,0.02942,0.14085,0.04187,0.00377,3.93098,4.42179
801346,Luis Hernandez,MIN,25,floor,,,reliever,MiLB (MLE),1.0,0.0,0.0,4.2,0.9,0.6,0.2,0.0,0.1,0.4,0.0,0.9,0.4,0.5,0.0,0.0,3.92,1.3,8.1,3.6,0.9,4.233,0.22053,0.08511,0.01129,0.02936,0.14057,0.04179,0.00377,3.91901,4.40834
800431,Cesar Rivera,NYM,25,floor,,,reliever,MiLB (MLE),1.0,0.0,0.0,4.2,0.9,0.6,0.2,0.0,0.1,0.4,0.0,0.9,0.4,0.5,0.0,0.0,3.93,1.3,8.1,3.6,0.9,4.236,0.22054,0.08511,0.01129,0.02942,0.14085,0.04187,0.00377,3.93098,4.42179
695570,Jonathan Vastine,SD,25,floor,,,reliever,MiLB (MLE),1.0,0.0,0.0,4.2,0.9,0.6,0.2,0.0,0.1,0.4,0.0,0.9,0.4,0.5,0.0,0.0,3.93,1.3,8.1,3.6,0.9,4.236,0.22054,0.08511,0.01129,0.02942,0.14085,0.04187,0.00377,3.93098,4.42179
814816,Johnny Tincher,BAL,25,floor,,,reliever,MiLB (MLE),1.0,0.0,0.0,4.2,0.9,0.6,0.2,0.0,0.1,0.4,0.0,0.9,0.4,0.5,0.0,0.0,3.93,1.3,8.1,3.6,0.9,4.236,0.22054,0.08511,0.01129,0.02942,0.14085,0.04187,0.00377,3.9309,4.42171
688875,Trace Willhoite,NYM,25,floor,,,reliever,MiLB (MLE),1.0,0.0,0.0,4.2,0.9,0.6,0.2,0.0,0.1,0.4,0.0,0.9,0.4,0.5,0.0,0.0,3.93,1.3,8.1,3.6,0.9,4.236,0.22054,0.08511,0.01129,0.02942,0.14085,0.04187,0.00377,3.93098,4.42179
821523,Victor Leal,MIN,25,floor,,,reliever,MiLB (MLE),1.0,0.0,0.0,4.2,0.9,0.6,0.2,0.0,0.1,0.4,0.0,0.9,0.4,0.5,0.0,0.0,3.93,1.3,8.1,3.6,0.9,4.236,0.22054,0.08511,0.01129,0.02942,0.14085,0.04187,0.00377,3.93098,4.42179
808805,Tyler Pettorini,PHI,25,floor,,,reliever,MiLB (MLE),1.0,0.0,0.0,4.2,0.9,0.6,0.2,0.0,0.1,0.4,0.0,0.9,0.4,0.5,0.0,0.0,3.93,1.3,8.1,3.6,0.9,4.236,0.22054,0.08511,0.01129,0.02942,0.14085,0.04187,0.00377,3.93098,4.42179
808762,Kobe Minchey,PHI,25,floor,,,reliever,MiLB (MLE),1.0,0.0,0.0,4.2,0.9,0.6,0.2,0.0,0.1,0.4,0.0,0.9,0.4,0.5,0.0,0.0,3.93,1.3,8.1,3.6,0.9,4.236,0.22054,0.08511,0.01129,0.02942,0.14085,0.04187,0.00377,3.93098,4.42179
683764,Matt Canterino,MIN,25,floor,,,reliever,MiLB (MLE),1.0,0.0,0.0,4.2,0.9,0.6,0.2,0.0,0.1,0.4,0.0,0.9,0.4,0.5,0.0,0.0,3.93,1.3,8.1,3.6,0.9,4.236,0.22054,0.08511,0.01129,0.02942,0.14085,0.04187,0.00377,3.93098,4.42179
683609,Victor Duarte,SD,25,floor,,,reliever,MiLB (MLE),1.0,0.0,0.0,4.2,0.9,0.6,0.2,0.0,0.1,0.4,0.0,0.9,0.4,0.5,0.0,0.0,3.93,1.3,8.1,3.6,0.9,4.236,0.22054,0.08511,0.01129,0.02942,0.14085,0.04187,0.00377,3.93098,4.42179
821250,Dariel Jaquez,MIL,25,floor,,,reliever,MiLB (MLE),1.0,0.0,0.0,4.2,0.9,0.6,0.2,0.0,0.1,0.4,0.0,0.9,0.4,0.5,0.0,0.0,3.93,1.3,8.1,3.6,0.9,4.236,0.22054,0.08511,0.01129,0.02942,0.14085,0.04187,0.00377,3.93098,4.42179
821154,Givian Sirvania,BOS,25,floor,,,reliever,MiLB (MLE),1.0,0.0,0.0,4.2,0.9,0.6,0.2,0.0,0.1,0.4,0.0,0.9,0.4,0.5,0.0,0.0,3.93,1.3,8.1,3.6,0.9,4.236,0.22054,0.08511,0.01129,0.02942,0.14085,0.04187,0.00377,3.93098,4.42179
800615,Luke Scherrer,PIT,25,floor,,,reliever,MiLB (MLE),1.0,0.0,0.0,4.2,0.9,0.6,0.2,0.0,0.1,0.4,0.0,0.9,0.4,0.5,0.0,0.0,3.93,1.3,8.1,3.6,0.9,4.236,0.22054,0.08511,0.01129,0.02942,0.14085,0.04187,0.00377,3.93098,4.42179
702068,Cole Gabrielson,NYY,25,floor,,,reliever,MiLB (MLE),1.0,0.0,0.0,4.2,0.9,0.6,0.2,0.0,0.1,0.4,0.0,0.9,0.4,0.5,0.0,0.0,3.93,1.3,8.1,3.6,0.9,4.236,0.22054,0.08511,0.01129,0.02942,0.14085,0.04187,0.00377,3.93098,4.42179
693725,Juan Nuñez,BAL,25,floor,,,reliever,MiLB (MLE),1.0,0.0,0.0,4.2,0.9,0.6,0.2,0.0,0.1,0.4,0.0,0.9,0.4,0.5,0.0,0.0,3.93,1.3,8.1,3.6,0.9,4.236,0.22054,0.08511,0.01129,0.02942,0.14085,0.04187,0.00377,3.93098,4.42179
700188,Dylan Tebrake,WSH,25,floor,,,reliever,MiLB (MLE),1.0,0.0,0.0,4.2,0.9,0.6,0.2,0.0,0.1,0.4,0.0,0.9,0.4,0.5,0.0,0.0,3.93,1.3,8.1,3.6,0.9,4.236,0.22054,0.08511,0.01129,0.02942,0.14085,0.04187,0.00377,3.93098,4.42179
683104,Trey Faltine,CIN,25,floor,,,reliever,MiLB (MLE),1.0,0.0,0.0,4.2,0.9,0.6,0.2,0.0,0.1,0.4,0.0,0.9,0.4,0.5,0.0,0.0,3.93,1.3,8.1,3.6,0.9,4.236,0.22054,0.08511,0.01129,0.02942,0.14085,0.04187,0.00377,3.93098,4.42179
425844,Zack Greinke,KC,43,floor,,,reliever,MLB,1.0,0.0,0.0,4.2,1.0,0.7,0.2,0.0,0.1,0.2,0.0,0.7,0.5,0.5,0.0,0.0,4.3,1.2,6.3,1.8,0.9,4.2,0.15861,0.0516,0.0064,0.03488,0.16135,0.04842,0.00383,4.30113,4.83816
699071,Christian Romero,LAD,25,floor,,,starter,MiLB (MLE),1.0,0.0,0.0,3.6,0.5,0.3,0.1,0.0,0.1,0.2,0.0,0.6,0.2,0.2,0.0,0.0,1.96,0.7,5.4,1.8,0.9,3.622,0.15818,0.05834,0.01208,0.03264,0.07003,0.02082,0.00188,1.96211,2.10076
676596,Josh Fleming,PIT,31,floor,,,reliever,MLB,1.0,0.0,0.0,4.4,1.0,0.7,0.2,0.0,0.1,0.4,0.0,0.7,0.5,0.6,0.0,0.0,4.48,1.4,6.3,3.6,0.9,4.367,0.1574,0.0878,0.00633,0.02903,0.15937,0.04726,0.00316,4.4823,5.04196
682077,Gabe Mosser,SEA,25,floor,,,starter,MiLB (MLE),1.0,0.0,0.0,3.6,0.4,0.2,0.1,0.0,0.1,0.2,0.0,0.6,0.2,0.2,0.0,0.0,1.79,0.6,5.4,1.8,0.9,3.6,0.1571,0.05787,0.01208,0.02914,0.06931,0.02061,0.00186,1.78521,1.91136
695776,Josh Stephan,TOR,25,floor,,,starter,MiLB (MLE),1.0,0.0,0.0,3.7,0.6,0.3,0.1,0.0,0.2,0.2,0.0,0.6,0.3,0.3,0.0,0.0,2.41,0.8,5.4,1.8,1.8,3.661,0.15636,0.05754,0.01208,0.04346,0.06883,0.02046,0.00184,2.41037,2.5807
806046,Alex Clemmey,WSH,25,floor,,,starter,MiLB (MLE),1.0,0.0,0.0,3.8,0.5,0.3,0.1,0.0,0.1,0.3,0.0,0.7,0.3,0.3,0.0,0.0,2.59,0.8,6.3,2.7,0.9,3.781,0.18133,0.06847,0.01199,0.03493,0.08626,0.02564,0.00231,2.58709,2.7699
803679,Sammy Hernandez,STL,25,floor,,,reliever,MiLB (MLE),1.0,0.0,0.0,4.2,0.9,0.6,0.2,0.0,0.1,0.4,0.0,0.9,0.4,0.5,0.0,0.0,3.93,1.3,8.1,3.6,0.9,4.236,0.22054,0.08511,0.01129,0.02942,0.14085,0.04187,0.00377,3.93098,4.42179
822877,Luke Cantwell,SD,25,floor,,,reliever,MiLB (MLE),1.0,0.0,0.0,4.2,0.9,0.6,0.2,0.0,0.1,0.4,0.0,0.9,0.4,0.5,0.0,0.0,3.93,1.3,8.1,3.6,0.9,4.236,0.22054,0.08511,0.01129,0.02942,0.14085,0.04187,0.00377,3.93098,4.42179
836061,George Bilecki,SD,25,floor,,,reliever,MiLB (MLE),1.0,0.0,0.0,4.2,0.9,0.6,0.2,0.0,0.1,0.4,0.0,0.9,0.4,0.5,0.0,0.0,3.93,1.3,8.1,3.6,0.9,4.236,0.22054,0.08511,0.01129,0.02942,0.14085,0.04187,0.00377,3.93098,4.42179
800345,Juan Baez,MIL,25,floor,,,reliever,MiLB (MLE),1.0,0.0,0.0,4.2,0.9,0.6,0.2,0.0,0.1,0.4,0.0,0.9,0.4,0.5,0.0,0.0,3.93,1.3,8.1,3.6,0.9,4.236,0.22054,0.08511,0.01129,0.02942,0.14085,0.04187,0.00377,3.93098,4.42179
694184,Cristian Santana,DET,25,floor,,,reliever,MiLB (MLE),1.0,0.0,0.0,4.2,0.9,0.6,0.2,0.0,0.1,0.4,0.0,0.9,0.4,0.5,0.0,0.0,3.93,1.3,8.1,3.6,0.9,4.236,0.22054,0.08511,0.01129,0.02942,0.14085,0.04187,0.00377,3.93098,4.42179
836068,Brayden Corn,SEA,25,floor,,,reliever,MiLB (MLE),1.0,0.0,0.0,4.2,0.9,0.6,0.2,0.0,0.1,0.4,0.0,0.9,0.4,0.5,0.0,0.0,3.93,1.3,8.1,3.6,0.9,4.236,0.22054,0.08511,0.01129,0.02942,0.14085,0.04187,0.00377,3.93098,4.42179
827980,Frank Cairone,MIL,25,floor,,,reliever,MiLB (MLE),1.0,0.0,0.0,4.2,0.9,0.6,0.2,0.0,0.1,0.4,0.0,0.9,0.4,0.5,0.0,0.0,3.93,1.3,8.1,3.6,0.9,4.236,0.22054,0.08511,0.01129,0.02942,0.14085,0.04187,0.00377,3.93098,4.42179
800191,Eliezer Rivero,LAA,25,floor,,,reliever,MiLB (MLE),1.0,0.0,0.0,4.2,0.9,0.6,0.2,0.0,0.1,0.4,0.0,0.9,0.4,0.5,0.0,0.0,3.93,1.3,8.1,3.6,0.9,4.236,0.22054,0.08511,0.01129,0.02942,0.14085,0.04187,0.00377,3.93098,4.42179
692944,Kevin Villavicencio,NYM,25,floor,,,reliever,MiLB (MLE),1.0,0.0,0.0,4.2,0.9,0.6,0.2,0.0,0.1,0.4,0.0,0.9,0.4,0.5,0.0,0.0,3.93,1.3,8.1,3.6,0.9,4.236,0.22054,0.08511,0.01129,0.02942,0.14085,0.04187,0.00377,3.93098,4.42179
807026,Aiden Taggart,TOR,25,floor,,,reliever,MiLB (MLE),1.0,0.0,0.0,4.2,0.9,0.6,0.2,0.0,0.1,0.4,0.0,0.9,0.4,0.5,0.0,0.0,3.93,1.3,8.1,3.6,0.9,4.236,0.22054,0.08511,0.01129,0.02942,0.14085,0.04187,0.00377,3.93098,4.42179
814706,Thomas Burns,MIN,25,floor,,,reliever,MiLB (MLE),1.0,0.0,0.0,4.2,0.9,0.6,0.2,0.0,0.1,0.4,0.0,0.9,0.4,0.5,0.0,0.0,3.93,1.3,8.1,3.6,0.9,4.236,0.22054,0.08511,0.01129,0.02942,0.14085,0.04187,0.00377,3.93098,4.42179
801853,Brandon Nigh,HOU,25,floor,,,reliever,MiLB (MLE),1.0,0.0,0.0,4.2,0.9,0.6,0.2,0.0,0.1,0.4,0.0,0.9,0.4,0.5,0.0,0.0,3.93,1.3,8.1,3.6,0.9,4.236,0.22054,0.08511,0.01129,0.02942,0.14085,0.04187,0.00377,3.93098,4.42179
802005,Gunner Gouldsmith,OAK,25,floor,,,reliever,MiLB (MLE),1.0,0.0,0.0,4.2,0.9,0.6,0.2,0.0,0.1,0.4,0.0,0.9,0.4,0.5,0.0,0.0,3.93,1.3,8.1,3.6,0.9,4.236,0.22054,0.08511,0.01129,0.02942,0.14085,0.04187,0.00377,3.93098,4.42179
813401,Cole Roland,TEX,25,floor,,,reliever,MiLB (MLE),1.0,0.0,0.0,4.2,0.9,0.6,0.2,0.0,0.1,0.4,0.0,0.9,0.4,0.5,0.0,0.0,3.93,1.3,8.1,3.6,0.9,4.236,0.22054,0.08511,0.01129,0.02942,0.14085,0.04187,0.00377,3.93098,4.42179
641712,Dakota Hudson,COL,32,floor,,,starter,MLB,1.0,0.0,0.0,4.5,1.0,0.7,0.2,0.0,0.1,0.5,0.1,0.6,0.6,0.6,0.0,0.0,5.13,1.5,5.4,4.5,0.9,4.529,0.14036,0.10539,0.01486,0.03092,0.16534,0.03596,0.00435,5.1332,5.49593
814309,Spencer Green,LAD,25,floor,,,reliever,MiLB (MLE),1.0,0.0,0.0,4.2,0.9,0.6,0.2,0.0,0.1,0.4,0.0,0.9,0.4,0.5,0.0,0.0,3.93,1.3,8.1,3.6,0.9,4.236,0.22054,0.08511,0.01129,0.02942,0.14085,0.04187,0.00377,3.93098,4.42179
800346,Juanfel Peguero,TB,25,floor,,,reliever,MiLB (MLE),1.0,0.0,0.0,4.2,0.9,0.6,0.2,0.0,0.1,0.4,0.0,0.9,0.4,0.5,0.0,0.0,3.93,1.3,8.1,3.6,0.9,4.236,0.22054,0.08511,0.01129,0.02942,0.14085,0.04187,0.00377,3.93098,4.42179
828504,Iziah Salinas,BAL,25,floor,,,reliever,MiLB (MLE),1.0,0.0,0.0,4.2,0.9,0.6,0.2,0.0,0.1,0.4,0.0,0.9,0.4,0.5,0.0,0.0,3.93,1.3,8.1,3.6,0.9,4.236,0.22054,0.08511,0.01129,0.02942,0.14085,0.04187,0.00377,3.93098,4.42179
810978,Johan Rodriguez,SF,25,floor,,,reliever,MiLB (MLE),1.0,0.0,0.0,4.2,0.9,0.6,0.2,0.0,0.1,0.4,0.0,0.9,0.4,0.5,0.0,0.0,3.93,1.3,8.1,3.6,0.9,4.236,0.22054,0.08511,0.01129,0.02942,0.14085,0.04187,0.00377,3.93098,4.42179
699305,Diego Mosquera,NYM,25,floor,,,reliever,MiLB (MLE),1.0,0.0,0.0,4.2,0.9,0.6,0.2,0.0,0.1,0.4,0.0,0.9,0.4,0.5,0.0,0.0,3.93,1.3,8.1,3.6,0.9,4.236,0.22054,0.08511,0.01129,0.02942,0.14085,0.04187,0.00377,3.93098,4.42179
694840,Grant Knipp,SEA,25,floor,,,reliever,MiLB (MLE),1.0,0.0,0.0,4.2,0.9,0.6,0.2,0.0,0.1,0.4,0.0,0.9,0.4,0.5,0.0,0.0,3.93,1.3,8.1,3.6,0.9,4.236,0.22054,0.08511,0.01129,0.02942,0.14085,0.04187,0.00377,3.93098,4.42179
803143,Seth Keener,CWS,25,floor,,,reliever,MiLB (MLE),1.0,0.0,0.0,4.2,0.9,0.6,0.2,0.0,0.1,0.4,0.0,0.9,0.4,0.5,0.0,0.0,3.93,1.3,8.1,3.6,0.9,4.236,0.22054,0.08511,0.01129,0.02942,0.14085,0.04187,0.00377,3.9309,4.42171
800506,Luis Sanchez,ATL,25,floor,,,reliever,MiLB (MLE),1.0,0.0,0.0,4.2,0.9,0.6,0.2,0.0,0.1,0.4,0.0,0.9,0.4,0.5,0.0,0.0,3.93,1.3,8.1,3.6,0.9,4.236,0.22054,0.08511,0.01129,0.02942,0.14085,0.04187,0.00377,3.93098,4.42179
816292,Victor Trejo,PIT,25,floor,,,reliever,MiLB (MLE),1.0,0.0,0.0,4.2,0.9,0.6,0.2,0.0,0.1,0.4,0.0,0.9,0.4,0.5,0.0,0.0,3.93,1.3,8.1,3.6,0.9,4.236,0.22054,0.08511,0.01129,0.02942,0.14085,0.04187,0.00377,3.93098,4.42179
804603,Duncan Pastore,NYY,25,floor,,,reliever,MiLB (MLE),1.0,0.0,0.0,4.2,0.9,0.6,0.2,0.0,0.1,0.4,0.0,0.9,0.4,0.5,0.0,0.0,3.93,1.3,8.1,3.6,0.9,4.236,0.22054,0.08511,0.01129,0.02942,0.14085,0.04187,0.00377,3.9309,4.42171
695538,Randal Diaz,WSH,25,floor,,,reliever,MiLB (MLE),1.0,0.0,0.0,4.2,0.9,0.6,0.2,0.0,0.1,0.4,0.0,0.9,0.4,0.5,0.0,0.0,3.93,1.3,8.1,3.6,0.9,4.236,0.22054,0.08511,0.01129,0.02942,0.14085,0.04187,0.00377,3.93098,4.42179
827636,Trent Youngblood,ARI,25,floor,,,reliever,MiLB (MLE),1.0,0.0,0.0,4.2,0.9,0.6,0.2,0.0,0.1,0.4,0.0,0.9,0.4,0.5,0.0,0.0,3.93,1.3,8.1,3.6,0.9,4.236,0.22054,0.08511,0.01129,0.02942,0.14085,0.04187,0.00377,3.93098,4.42179
702633,Gavin Guidry,NYM,25,floor,,,reliever,MiLB (MLE),1.0,0.0,0.0,4.2,0.9,0.6,0.2,0.0,0.1,0.4,0.0,0.9,0.4,0.5,0.0,0.0,3.93,1.3,8.1,3.6,0.9,4.236,0.22054,0.08511,0.01129,0.02942,0.14085,0.04187,0.00377,3.93098,4.42179
700385,Gabriel Silva,KC,25,floor,,,reliever,MiLB (MLE),1.0,0.0,0.0,4.2,0.9,0.6,0.2,0.0,0.1,0.4,0.0,0.9,0.4,0.5,0.0,0.0,3.93,1.3,8.1,3.6,0.9,4.236,0.22054,0.08511,0.01129,0.02942,0.14085,0.04187,0.00377,3.93098,4.42179
805777,Wuilliams Rodriguez,SEA,25,floor,,,reliever,MiLB (MLE),1.0,0.0,0.0,4.2,0.9,0.6,0.2,0.0,0.1,0.4,0.0,0.9,0.4,0.5,0.0,0.0,3.93,1.3,8.1,3.6,0.9,4.236,0.22054,0.08511,0.01129,0.02942,0.14085,0.04187,0.00377,3.93098,4.42179
814545,Jose Perez,BAL,25,floor,,,reliever,MiLB (MLE),1.0,0.0,0.0,4.2,0.9,0.6,0.2,0.0,0.1,0.4,0.0,0.9,0.4,0.5,0.0,0.0,3.93,1.3,8.1,3.6,0.9,4.236,0.22054,0.08511,0.01129,0.02942,0.14085,0.04187,0.00377,3.93098,4.42179
826313,Owen Rice,STL,25,floor,,,reliever,MiLB (MLE),1.0,0.0,0.0,4.2,0.9,0.6,0.2,0.0,0.1,0.4,0.0,0.9,0.4,0.5,0.0,0.0,3.93,1.3,8.1,3.6,0.9,4.236,0.22054,0.08511,0.01129,0.02942,0.14085,0.04187,0.00377,3.93098,4.42179
702658,Rob Evans,SD,25,floor,,,reliever,MiLB (MLE),1.0,0.0,0.0,4.2,0.9,0.6,0.2,0.0,0.1,0.4,0.0,0.9,0.4,0.5,0.0,0.0,3.93,1.3,8.1,3.6,0.9,4.236,0.22054,0.08511,0.01129,0.02942,0.14085,0.04187,0.00377,3.93098,4.42179
831590,Taylor Darden,NYM,25,floor,,,reliever,MiLB (MLE),1.0,0.0,0.0,4.2,0.9,0.6,0.2,0.0,0.1,0.4,0.0,0.9,0.4,0.5,0.0,0.0,3.93,1.3,8.1,3.6,0.9,4.236,0.22054,0.08511,0.01129,0.02942,0.14085,0.04187,0.00377,3.93098,4.42179
801307,Gregory Bozzo,NYY,25,floor,,,reliever,MiLB (MLE),1.0,0.0,0.0,4.2,0.9,0.6,0.2,0.0,0.1,0.4,0.0,0.9,0.4,0.5,0.0,0.0,3.93,1.3,8.1,3.6,0.9,4.236,0.22054,0.08511,0.01129,0.02942,0.14085,0.04187,0.00377,3.93098,4.42179
801358,Jared Spencer,TOR,25,floor,,,reliever,MiLB (MLE),1.0,0.0,0.0,4.2,0.9,0.6,0.2,0.0,0.1,0.4,0.0,0.9,0.4,0.5,0.0,0.0,3.93,1.3,8.1,3.6,0.9,4.236,0.22054,0.08511,0.01129,0.02942,0.14085,0.04187,0.00377,3.93098,4.42179
701136,Kerrington Cross,SD,25,floor,,,reliever,MiLB (MLE),1.0,0.0,0.0,4.2,0.9,0.6,0.2,0.0,0.1,0.4,0.0,0.9,0.4,0.5,0.0,0.0,3.93,1.3,8.1,3.6,0.9,4.236,0.22054,0.08511,0.01129,0.02942,0.14085,0.04187,0.00377,3.93098,4.42179
820857,Eligio Arias,PHI,25,floor,,,reliever,MiLB (MLE),1.0,0.0,0.0,4.2,0.9,0.6,0.2,0.0,0.1,0.4,0.0,0.9,0.4,0.5,0.0,0.0,3.93,1.3,8.1,3.6,0.9,4.236,0.22054,0.08511,0.01129,0.02942,0.14085,0.04187,0.00377,3.93098,4.42179
694469,Bryce Eblin,CWS,25,floor,,,reliever,MiLB (MLE),1.0,0.0,0.0,4.2,0.9,0.6,0.2,0.0,0.1,0.4,0.0,0.9,0.4,0.5,0.0,0.0,3.93,1.3,8.1,3.6,0.9,4.236,0.22054,0.08511,0.01129,0.02942,0.14085,0.04187,0.00377,3.93098,4.42179
830186,Alex Petrovic,NYM,25,floor,,,reliever,MiLB (MLE),1.0,0.0,0.0,4.2,0.9,0.6,0.2,0.0,0.1,0.4,0.0,0.9,0.4,0.5,0.0,0.0,3.93,1.3,8.1,3.6,0.9,4.236,0.22054,0.08511,0.01129,0.02942,0.14085,0.04187,0.00377,3.93098,4.42179
803108,Stone Hewlett,LAA,25,floor,,,reliever,MiLB (MLE),1.0,0.0,0.0,4.2,0.9,0.6,0.2,0.0,0.1,0.4,0.0,0.9,0.4,0.5,0.0,0.0,3.93,1.3,8.1,3.6,0.9,4.236,0.22054,0.08511,0.01129,0.02942,0.14085,0.04187,0.00377,3.93098,4.42179
832212,Ian Francis,CIN,25,floor,,,reliever,MiLB (MLE),1.0,0.0,0.0,4.2,0.9,0.6,0.2,0.0,0.1,0.4,0.0,0.9,0.4,0.5,0.0,0.0,3.93,1.3,8.1,3.6,0.9,4.236,0.22054,0.08511,0.01129,0.02942,0.14085,0.04187,0.00377,3.93098,4.42179
832226,Jackson Hauge,NYM,25,floor,,,reliever,MiLB (MLE),1.0,0.0,0.0,4.2,0.9,0.6,0.2,0.0,0.1,0.4,0.0,0.9,0.4,0.5,0.0,0.0,3.93,1.3,8.1,3.6,0.9,4.236,0.22053,0.08511,0.01129,0.02942,0.14084,0.04187,0.00377,3.93022,4.42094
831874,Hendrick Caña,STL,25,floor,,,reliever,MiLB (MLE),1.0,0.0,0.0,4.2,0.9,0.6,0.2,0.0,0.1,0.4,0.0,0.9,0.4,0.5,0.0,0.0,3.92,1.3,8.1,3.6,0.9,4.234,0.22053,0.08511,0.01129,0.02938,0.14064,0.04181,0.00377,3.92206,4.41177
691941,Calvin Harris,CWS,25,floor,,,reliever,MiLB (MLE),1.0,0.0,0.0,4.2,0.9,0.6,0.2,0.0,0.1,0.4,0.0,0.9,0.4,0.5,0.0,0.0,3.93,1.3,8.1,3.6,0.9,4.236,0.22054,0.08511,0.01129,0.02942,0.14085,0.04187,0.00377,3.93098,4.42179
835938,Hayden Friese,ATL,25,floor,,,reliever,MiLB (MLE),1.0,0.0,0.0,4.2,0.9,0.6,0.2,0.0,0.1,0.4,0.0,0.9,0.4,0.5,0.0,0.0,3.93,1.3,8.1,3.6,0.9,4.236,0.22054,0.08511,0.01129,0.02942,0.14085,0.04187,0.00377,3.93098,4.42179
669699,Braden Shewmake,NYY,25,floor,,,reliever,MiLB (MLE),1.0,0.0,0.0,4.2,0.9,0.6,0.2,0.0,0.1,0.4,0.0,0.9,0.4,0.5,0.0,0.0,3.93,1.3,8.1,3.6,0.9,4.236,0.22054,0.08511,0.01129,0.02942,0.14085,0.04187,0.00377,3.93098,4.42179
823007,Rohan Lettow,PIT,25,floor,,,reliever,MiLB (MLE),1.0,0.0,0.0,4.2,0.9,0.6,0.2,0.0,0.1,0.4,0.0,0.9,0.4,0.5,0.0,0.0,3.93,1.3,8.1,3.6,0.9,4.236,0.22054,0.08511,0.01129,0.02942,0.14085,0.04187,0.00377,3.93098,4.42179
687262,Jorge Corona,CWS,25,floor,,,reliever,MiLB (MLE),1.0,0.0,0.0,4.2,0.9,0.6,0.2,0.0,0.1,0.4,0.0,0.9,0.4,0.5,0.0,0.0,3.93,1.3,8.1,3.6,0.9,4.236,0.22054,0.08511,0.01129,0.02942,0.14085,0.04187,0.00377,3.93098,4.42179
668845,Aaron Schunk,ATL,25,floor,,,reliever,MiLB (MLE),1.0,0.0,0.0,4.2,0.9,0.6,0.2,0.0,0.1,0.4,0.0,0.9,0.4,0.5,0.0,0.0,3.93,1.3,8.1,3.6,0.9,4.236,0.22054,0.08511,0.01129,0.02942,0.14085,0.04187,0.00377,3.93098,4.42179
824024,Duncan Marsten,CIN,25,floor,,,reliever,MiLB (MLE),1.0,0.0,0.0,4.2,0.9,0.6,0.2,0.0,0.1,0.4,0.0,0.9,0.4,0.5,0.0,0.0,3.93,1.3,8.1,3.6,0.9,4.236,0.22054,0.08511,0.01129,0.02942,0.14085,0.04187,0.00377,3.93098,4.42179
691269,Adrian Placencia,LAA,25,floor,,,reliever,MiLB (MLE),1.0,0.0,0.0,4.2,0.9,0.6,0.2,0.0,0.1,0.4,0.0,0.9,0.4,0.5,0.0,0.0,3.93,1.3,8.1,3.6,0.9,4.236,0.22054,0.08511,0.01129,0.02942,0.14085,0.04187,0.00377,3.93098,4.42179
677356,Carter Young,BAL,25,floor,,,reliever,MiLB (MLE),1.0,0.0,0.0,4.2,0.9,0.6,0.2,0.0,0.1,0.4,0.0,0.9,0.4,0.5,0.0,0.0,3.93,1.3,8.1,3.6,0.9,4.236,0.22054,0.08511,0.01129,0.02942,0.14085,0.04187,0.00377,3.93098,4.42179
823775,DJ Newman,HOU,25,floor,,,reliever,MiLB (MLE),1.0,0.0,0.0,4.2,0.9,0.6,0.2,0.0,0.1,0.4,0.0,0.9,0.4,0.5,0.0,0.0,3.93,1.3,8.1,3.6,0.9,4.236,0.22054,0.08511,0.01129,0.02942,0.14085,0.04187,0.00377,3.93098,4.42179
814261,Carlos Caro,PIT,25,floor,,,reliever,MiLB (MLE),1.0,0.0,0.0,4.2,0.9,0.6,0.2,0.0,0.1,0.4,0.0,0.9,0.4,0.5,0.0,0.0,3.93,1.3,8.1,3.6,0.9,4.236,0.22054,0.08511,0.01129,0.02942,0.14085,0.04187,0.00377,3.93098,4.42179
691281,Diosfran Cabeza,ARI,25,floor,,,reliever,MiLB (MLE),1.0,0.0,0.0,4.2,0.9,0.6,0.2,0.0,0.1,0.4,0.0,0.9,0.4,0.5,0.0,0.0,3.93,1.3,8.1,3.6,0.9,4.236,0.22054,0.08511,0.01129,0.02942,0.14085,0.04187,0.00377,3.93098,4.42179
814781,Jonathan Hogart,PHI,25,floor,,,reliever,MiLB (MLE),1.0,0.0,0.0,4.2,0.9,0.6,0.2,0.0,0.1,0.4,0.0,0.9,0.4,0.5,0.0,0.0,3.93,1.3,8.1,3.6,0.9,4.236,0.22054,0.08511,0.01129,0.02942,0.14085,0.04187,0.00377,3.93098,4.42179
676502,Roman Phansalkar,LAA,25,floor,,,reliever,MiLB (MLE),1.0,0.0,0.0,4.2,0.9,0.6,0.2,0.0,0.1,0.4,0.0,0.9,0.4,0.5,0.0,0.0,3.93,1.3,8.1,3.6,0.9,4.236,0.22054,0.08511,0.01129,0.02942,0.14085,0.04187,0.00377,3.93098,4.42179
808220,Raimundo De Los Santos,TOR,25,floor,,,reliever,MiLB (MLE),1.0,0.0,0.0,4.2,0.9,0.6,0.2,0.0,0.1,0.4,0.0,0.9,0.4,0.5,0.0,0.0,3.93,1.3,8.1,3.6,0.9,4.236,0.22054,0.08511,0.01129,0.02942,0.14085,0.04187,0.00377,3.93098,4.42179
808237,Yirer Garcia,TB,25,floor,,,reliever,MiLB (MLE),1.0,0.0,0.0,4.2,0.9,0.6,0.2,0.0,0.1,0.4,0.0,0.9,0.4,0.5,0.0,0.0,3.93,1.3,8.1,3.6,0.9,4.236,0.22054,0.08511,0.01129,0.02942,0.14085,0.04187,0.00377,3.93098,4.42179
703667,Luke McNeillie,NYM,25,floor,,,reliever,MiLB (MLE),1.0,0.0,0.0,4.2,0.9,0.6,0.2,0.0,0.1,0.4,0.0,0.9,0.4,0.5,0.0,0.0,3.93,1.3,8.1,3.6,0.9,4.236,0.22054,0.08511,0.01129,0.02942,0.14085,0.04187,0.00377,3.93098,4.42179
808119,Yaikel Mijares,CLE,25,floor,,,reliever,MiLB (MLE),1.0,0.0,0.0,4.2,0.9,0.6,0.2,0.0,0.1,0.4,0.0,0.9,0.4,0.5,0.0,0.0,3.93,1.3,8.1,3.6,0.9,4.236,0.22054,0.08511,0.01129,0.02942,0.14085,0.04187,0.00377,3.93098,4.42179
801726,Santiago Gomez,NYY,25,floor,,,reliever,MiLB (MLE),1.0,0.0,0.0,4.2,0.9,0.6,0.2,0.0,0.1,0.4,0.0,0.9,0.4,0.5,0.0,0.0,3.93,1.3,8.1,3.6,0.9,4.236,0.22054,0.08511,0.01129,0.02942,0.14085,0.04187,0.00377,3.93098,4.42179
814176,Jackson Flora,SF,25,floor,,,reliever,MiLB (MLE),1.0,0.0,0.0,4.2,0.9,0.6,0.2,0.0,0.1,0.4,0.0,0.9,0.4,0.5,0.0,0.0,3.93,1.3,8.1,3.6,0.9,4.236,0.22054,0.08511,0.01129,0.02942,0.14085,0.04187,0.00377,3.93098,4.42179
701493,Hunter Dobbins,DET,25,floor,,,reliever,MiLB (MLE),1.0,0.0,0.0,4.2,0.9,0.6,0.2,0.0,0.1,0.4,0.0,0.9,0.4,0.5,0.0,0.0,3.93,1.3,8.1,3.6,0.9,4.236,0.22054,0.08511,0.01129,0.02942,0.14085,0.04187,0.00377,3.93098,4.42179
831528,Jeronimo Palmeros,SD,25,floor,,,reliever,MiLB (MLE),1.0,0.0,0.0,4.2,0.9,0.6,0.2,0.0,0.1,0.4,0.0,0.9,0.4,0.5,0.0,0.0,3.93,1.3,8.1,3.6,0.9,4.236,0.22054,0.08511,0.01129,0.02942,0.14085,0.04187,0.00377,3.93098,4.42179
800997,Nick McAuliffe,MIN,25,floor,,,reliever,MiLB (MLE),1.0,0.0,0.0,4.2,0.9,0.6,0.2,0.0,0.1,0.4,0.0,0.9,0.4,0.5,0.0,0.0,3.93,1.3,8.1,3.6,0.9,4.236,0.22054,0.08511,0.01129,0.02942,0.14085,0.04187,0.00377,3.93098,4.42179
800959,Nick Goodwin,TOR,25,floor,,,reliever,MiLB (MLE),1.0,0.0,0.0,4.2,0.9,0.6,0.2,0.0,0.1,0.4,0.0,0.9,0.4,0.5,0.0,0.0,3.93,1.3,8.1,3.6,0.9,4.236,0.22054,0.08511,0.01129,0.02942,0.14085,0.04187,0.00377,3.93098,4.42179
808279,Elian Soto,WSH,25,floor,,,reliever,MiLB (MLE),1.0,0.0,0.0,4.2,0.9,0.6,0.2,0.0,0.1,0.4,0.0,0.9,0.4,0.5,0.0,0.0,3.93,1.3,8.1,3.6,0.9,4.236,0.22054,0.08511,0.01129,0.02942,0.14085,0.04187,0.00377,3.93098,4.42179
808292,Wilmer Lugo,NYM,25,floor,,,reliever,MiLB (MLE),1.0,0.0,0.0,4.2,0.9,0.6,0.2,0.0,0.1,0.4,0.0,0.9,0.4,0.5,0.0,0.0,3.93,1.3,8.1,3.6,0.9,4.236,0.22054,0.08511,0.01129,0.02942,0.14085,0.04187,0.00377,3.93098,4.42179
808302,Juan Ortega,BAL,25,floor,,,reliever,MiLB (MLE),1.0,0.0,0.0,4.2,0.9,0.6,0.2,0.0,0.1,0.4,0.0,0.9,0.4,0.5,0.0,0.0,3.93,1.3,8.1,3.6,0.9,4.236,0.22054,0.08511,0.01129,0.02942,0.14085,0.04187,0.00377,3.93098,4.42179
686981,Brenden Dixon,CWS,25,floor,,,reliever,MiLB (MLE),1.0,0.0,0.0,4.2,0.9,0.6,0.2,0.0,0.1,0.4,0.0,0.9,0.4,0.5,0.0,0.0,3.93,1.3,8.1,3.6,0.9,4.236,0.22054,0.08511,0.01129,0.02942,0.14085,0.04187,0.00377,3.93098,4.42179
823702,Alex Madera,CHC,25,floor,,,reliever,MiLB (MLE),1.0,0.0,0.0,4.2,0.9,0.6,0.2,0.0,0.1,0.4,0.0,0.9,0.4,0.5,0.0,0.0,3.9,1.3,8.1,3.6,0.9,4.228,0.22051,0.08511,0.0113,0.02925,0.14001,0.04162,0.00375,3.89546,4.38185
696505,Cory Wall,ATL,25,floor,,,reliever,MiLB (MLE),1.0,0.0,0.0,4.2,0.9,0.6,0.2,0.0,0.1,0.4,0.0,0.9,0.4,0.5,0.0,0.0,3.89,1.3,8.1,3.6,0.9,4.228,0.22051,0.08511,0.01131,0.02924,0.13997,0.04161,0.00375,3.89379,4.37997
808754,Cam Walty,CLE,25,floor,,,reliever,MiLB (MLE),1.0,0.0,0.0,4.2,0.9,0.6,0.2,0.0,0.1,0.4,0.0,0.9,0.4,0.5,0.0,0.0,3.96,1.3,8.1,3.6,0.9,4.236,0.22051,0.08511,0.0113,0.03041,0.14008,0.04164,0.00375,3.95883,4.45313
805144,Riskiel Tineo,MIA,25,floor,,,reliever,MiLB (MLE),1.0,0.0,0.0,4.2,0.9,0.6,0.2,0.0,0.1,0.4,0.0,0.9,0.4,0.5,0.0,0.0,3.89,1.3,8.1,3.6,0.9,4.228,0.22051,0.08511,0.01131,0.02924,0.13997,0.04161,0.00375,3.89379,4.37997
695467,Juan Montero,BOS,25,floor,,,reliever,MiLB (MLE),1.0,0.0,0.0,4.2,0.9,0.6,0.2,0.0,0.1,0.4,0.0,0.9,0.4,0.5,0.0,0.0,3.96,1.3,8.1,3.6,0.9,4.236,0.22051,0.08511,0.0113,0.03041,0.14008,0.04164,0.00375,3.95883,4.45313
695421,Ryan Slater,SF,25,floor,,,reliever,MiLB (MLE),1.0,0.0,0.0,4.2,0.9,0.6,0.2,0.0,0.1,0.4,0.0,0.9,0.4,0.5,0.0,0.0,3.96,1.3,8.1,3.6,0.9,4.236,0.22051,0.08511,0.0113,0.03041,0.14008,0.04164,0.00375,3.95883,4.45313
823714,Cesar Aquino,PIT,25,floor,,,reliever,MiLB (MLE),1.0,0.0,0.0,4.2,0.9,0.6,0.2,0.0,0.1,0.4,0.0,0.9,0.4,0.5,0.0,0.0,3.9,1.3,8.1,3.6,0.9,4.228,0.22051,0.08511,0.0113,0.02925,0.14001,0.04162,0.00375,3.89546,4.38185
676883,Hayden Wynja,SF,25,floor,,,reliever,MiLB (MLE),1.0,0.0,0.0,4.2,0.9,0.6,0.2,0.0,0.1,0.4,0.0,0.9,0.4,0.5,0.0,0.0,3.89,1.3,8.1,3.6,0.9,4.228,0.22051,0.08511,0.01131,0.02924,0.13997,0.04161,0.00375,3.89379,4.37997
815473,Moises Morales,TEX,25,floor,,,reliever,MiLB (MLE),1.0,0.0,0.0,4.2,0.9,0.6,0.2,0.0,0.1,0.4,0.0,0.9,0.4,0.5,0.0,0.0,3.89,1.3,8.1,3.6,0.9,4.228,0.22051,0.08511,0.01131,0.02924,0.13997,0.04161,0.00375,3.89379,4.37997
835611,Ian Korn,SF,25,floor,,,reliever,MiLB (MLE),1.0,0.0,0.0,4.2,0.9,0.6,0.2,0.0,0.1,0.4,0.0,0.9,0.4,0.5,0.0,0.0,3.89,1.3,8.1,3.6,0.9,4.227,0.22051,0.08511,0.01131,0.02922,0.13987,0.04158,0.00375,3.88979,4.37547
829523,Cristopher Aranguren,CHC,25,floor,,,reliever,MiLB (MLE),1.0,0.0,0.0,4.2,0.9,0.6,0.2,0.0,0.1,0.4,0.0,0.9,0.4,0.5,0.0,0.0,3.96,1.3,8.1,3.6,0.9,4.235,0.22051,0.08511,0.01131,0.03049,0.13997,0.04161,0.00375,3.95918,4.45352
687040,Sayer Diederich,BAL,25,floor,,,reliever,MiLB (MLE),1.0,0.0,0.0,4.2,0.9,0.6,0.2,0.0,0.1,0.4,0.0,0.9,0.4,0.5,0.0,0.0,3.96,1.3,8.1,3.6,0.9,4.236,0.22051,0.08511,0.0113,0.03038,0.14012,0.04166,0.00375,3.95872,4.453
815149,Elias Holbert,PHI,25,floor,,,reliever,MiLB (MLE),1.0,0.0,0.0,4.2,0.9,0.6,0.2,0.0,0.1,0.4,0.0,0.9,0.4,0.5,0.0,0.0,3.92,1.3,8.1,3.6,0.9,4.233,0.22053,0.08511,0.01129,0.02936,0.14054,0.04178,0.00377,3.918,4.40719
701579,Ethan Flanagan,CHC,25,floor,,,reliever,MiLB (MLE),1.0,0.0,0.0,4.2,0.9,0.6,0.2,0.0,0.1,0.4,0.0,0.9,0.4,0.5,0.0,0.0,3.88,1.3,8.1,3.6,0.9,4.226,0.2205,0.08511,0.01131,0.02919,0.13973,0.04154,0.00374,3.8838,4.36873
809328,Luis Sotillo,NYM,25,floor,,,reliever,MiLB (MLE),1.0,0.0,0.0,4.2,0.9,0.6,0.2,0.0,0.1,0.4,0.0,0.9,0.4,0.5,0.0,0.0,3.93,1.3,8.1,3.6,0.9,4.231,0.2205,0.08511,0.01131,0.02994,0.13987,0.04158,0.00375,3.92773,4.41814
700166,Redinson Gomez,COL,25,floor,,,reliever,MiLB (MLE),1.0,0.0,0.0,4.2,0.9,0.6,0.2,0.0,0.1,0.4,0.0,0.9,0.4,0.5,0.0,0.0,3.88,1.3,8.1,3.6,0.9,4.225,0.2205,0.08511,0.01131,0.02918,0.13968,0.04153,0.00374,3.88181,4.36649
826940,Kyle DeGroat,KC,25,floor,,,reliever,MiLB (MLE),1.0,0.0,0.0,4.2,0.9,0.6,0.2,0.0,0.1,0.4,0.0,0.9,0.4,0.5,0.0,0.0,3.92,1.3,8.1,3.6,0.9,4.23,0.2205,0.08511,0.01131,0.02992,0.13978,0.04155,0.00375,3.92369,4.4136
815151,Mac McCroskey,LAA,25,floor,,,reliever,MiLB (MLE),1.0,0.0,0.0,4.2,0.9,0.6,0.2,0.0,0.1,0.4,0.0,0.9,0.4,0.5,0.0,0.0,3.88,1.3,8.1,3.6,0.9,4.226,0.2205,0.08511,0.01131,0.02919,0.13973,0.04154,0.00374,3.8838,4.36873
694425,Justice Bigbie,DET,25,floor,,,reliever,MiLB (MLE),1.0,0.0,0.0,4.2,0.9,0.6,0.2,0.0,0.1,0.4,0.0,0.9,0.4,0.5,0.0,0.0,3.88,1.3,8.1,3.6,0.9,4.226,0.2205,0.08511,0.01131,0.02919,0.13973,0.04154,0.00374,3.8838,4.36873
831540,Ben Davis,COL,25,floor,,,reliever,MiLB (MLE),1.0,0.0,0.0,4.2,0.9,0.6,0.2,0.0,0.1,0.4,0.0,0.9,0.4,0.5,0.0,0.0,3.92,1.3,8.1,3.6,0.9,4.23,0.2205,0.08511,0.01131,0.0299,0.13968,0.04152,0.00374,3.91965,4.40906
802374,Brady Kirtner,NYY,25,floor,,,reliever,MiLB (MLE),1.0,0.0,0.0,4.2,0.9,0.6,0.2,0.0,0.1,0.4,0.0,0.9,0.4,0.5,0.0,0.0,3.88,1.3,8.1,3.6,0.9,4.226,0.2205,0.08511,0.01131,0.02919,0.13973,0.04154,0.00374,3.8838,4.36873
829622,Hunter Allen,BAL,25,floor,,,reliever,MiLB (MLE),1.0,0.0,0.0,4.2,0.9,0.6,0.2,0.0,0.1,0.4,0.0,0.9,0.4,0.5,0.0,0.0,3.89,1.3,8.1,3.6,0.9,4.226,0.2205,0.08511,0.01131,0.0292,0.13978,0.04155,0.00375,3.8858,4.37097
806241,Franyel Diaz,NYM,25,floor,,,reliever,MiLB (MLE),1.0,0.0,0.0,4.2,0.9,0.6,0.2,0.0,0.1,0.4,0.0,0.9,0.4,0.5,0.0,0.0,3.92,1.3,8.1,3.6,0.9,4.23,0.2205,0.08511,0.01131,0.0299,0.13968,0.04152,0.00374,3.91965,4.40906
807816,Angel Anazco,TEX,25,floor,,,reliever,MiLB (MLE),1.0,0.0,0.0,4.2,0.9,0.6,0.2,0.0,0.1,0.4,0.0,0.9,0.4,0.5,0.0,0.0,3.92,1.3,8.1,3.6,0.9,4.23,0.2205,0.08511,0.01131,0.02992,0.13978,0.04155,0.00375,3.92369,4.4136
687114,Bryce Hubbart,CIN,25,floor,,,reliever,MiLB (MLE),1.0,0.0,0.0,4.2,0.9,0.6,0.2,0.0,0.1,0.4,0.0,0.9,0.4,0.5,0.0,0.0,3.88,1.3,8.1,3.6,0.9,4.225,0.2205,0.08511,0.01131,0.02917,0.13965,0.04152,0.00374,3.88048,4.365
838365,Braden Smith,BAL,25,floor,,,reliever,MiLB (MLE),1.0,0.0,0.0,4.2,0.9,0.6,0.2,0.0,0.1,0.4,0.0,0.9,0.4,0.5,0.0,0.0,3.89,1.3,8.1,3.6,0.9,4.227,0.22051,0.08511,0.01131,0.02922,0.13987,0.04158,0.00375,3.88979,4.37547
694399,Elijah Nunez,WSH,25,floor,,,reliever,MiLB (MLE),1.0,0.0,0.0,4.2,0.9,0.6,0.2,0.0,0.1,0.4,0.0,0.9,0.4,0.5,0.0,0.0,3.95,1.3,8.1,3.6,0.9,4.235,0.22051,0.08511,0.01131,0.03035,0.13997,0.04161,0.00375,3.95207,4.44553
701000,Ryan Och,SD,25,floor,,,reliever,MiLB (MLE),1.0,0.0,0.0,4.2,0.9,0.6,0.2,0.0,0.1,0.4,0.0,0.9,0.4,0.5,0.0,0.0,3.9,1.3,8.1,3.6,0.9,4.228,0.22051,0.08511,0.0113,0.02925,0.14001,0.04162,0.00375,3.89546,4.38185
675394,Johnny Olmstead,MIA,25,floor,,,reliever,MiLB (MLE),1.0,0.0,0.0,4.2,0.9,0.6,0.2,0.0,0.1,0.4,0.0,0.9,0.4,0.5,0.0,0.0,3.96,1.3,8.1,3.6,0.9,4.236,0.22051,0.08511,0.0113,0.03041,0.14008,0.04164,0.00375,3.95883,4.45313
678478,Jorge Juan,BOS,25,floor,,,reliever,MiLB (MLE),1.0,0.0,0.0,4.2,0.9,0.6,0.2,0.0,0.1,0.4,0.0,0.9,0.4,0.5,0.0,0.0,3.9,1.3,8.1,3.6,0.9,4.228,0.22051,0.08511,0.0113,0.02925,0.14001,0.04162,0.00375,3.89546,4.38185
806474,Ty Horn,CIN,25,floor,,,reliever,MiLB (MLE),1.0,0.0,0.0,4.2,0.9,0.6,0.2,0.0,0.1,0.4,0.0,0.9,0.4,0.5,0.0,0.0,3.93,1.3,8.1,3.6,0.9,4.232,0.22051,0.08511,0.01131,0.02996,0.13997,0.04161,0.00375,3.93178,4.4227
661733,Max Burt,DET,25,floor,,,reliever,MiLB (MLE),1.0,0.0,0.0,4.2,0.9,0.6,0.2,0.0,0.1,0.4,0.0,0.9,0.4,0.5,0.0,0.0,3.96,1.3,8.1,3.6,0.9,4.236,0.22051,0.08511,0.0113,0.03041,0.14008,0.04164,0.00375,3.95883,4.45313
804922,Tyler Vogel,SF,25,floor,,,reliever,MiLB (MLE),1.0,0.0,0.0,4.2,0.9,0.6,0.2,0.0,0.1,0.4,0.0,0.9,0.4,0.5,0.0,0.0,3.9,1.3,8.1,3.6,0.9,4.229,0.22052,0.08511,0.0113,0.02926,0.14009,0.04165,0.00375,3.89881,4.38561
702583,Logan Lunceford,LAD,25,floor,,,reliever,MiLB (MLE),1.0,0.0,0.0,4.2,0.9,0.6,0.2,0.0,0.1,0.4,0.0,0.9,0.4,0.5,0.0,0.0,3.94,1.3,8.1,3.6,0.9,4.235,0.22052,0.08511,0.0113,0.03003,0.14025,0.0417,0.00376,3.94399,4.43643
829495,Miguel Alvarez,SD,25,floor,,,reliever,MiLB (MLE),1.0,0.0,0.0,4.2,0.9,0.6,0.2,0.0,0.1,0.4,0.0,0.9,0.4,0.5,0.0,0.0,3.89,1.3,8.1,3.6,0.9,4.228,0.22051,0.08511,0.01131,0.02924,0.13997,0.04161,0.00375,3.89379,4.37997
808347,Frank Martinez,TEX,25,floor,,,reliever,MiLB (MLE),1.0,0.0,0.0,4.2,0.9,0.6,0.2,0.0,0.1,0.4,0.0,0.9,0.4,0.5,0.0,0.0,3.89,1.3,8.1,3.6,0.9,4.228,0.22051,0.08511,0.01131,0.02924,0.13997,0.04161,0.00375,3.89379,4.37997
801829,Jay Allmer,BOS,25,floor,,,reliever,MiLB (MLE),1.0,0.0,0.0,4.2,0.9,0.6,0.2,0.0,0.1,0.4,0.0,0.9,0.4,0.5,0.0,0.0,3.9,1.3,8.1,3.6,0.9,4.228,0.22051,0.08511,0.0113,0.02925,0.14001,0.04162,0.00375,3.89546,4.38185
804627,Wilmer Blanco,PHI,25,floor,,,reliever,MiLB (MLE),1.0,0.0,0.0,4.2,0.9,0.6,0.2,0.0,0.1,0.4,0.0,0.9,0.4,0.5,0.0,0.0,3.89,1.3,8.1,3.6,0.9,4.228,0.22051,0.08511,0.01131,0.02924,0.13997,0.04161,0.00375,3.89379,4.37997
822391,Will Whelan,TEX,25,floor,,,reliever,MiLB (MLE),1.0,0.0,0.0,4.2,0.9,0.6,0.2,0.0,0.1,0.4,0.0,0.9,0.4,0.5,0.0,0.0,3.93,1.3,8.1,3.6,0.9,4.232,0.22051,0.08511,0.01131,0.02996,0.13997,0.04161,0.00375,3.93178,4.4227
838799,Harry Blum,BOS,25,floor,,,reliever,MiLB (MLE),1.0,0.0,0.0,4.2,0.9,0.6,0.2,0.0,0.1,0.4,0.0,0.9,0.4,0.5,0.0,0.0,3.89,1.3,8.1,3.6,0.9,4.228,0.22051,0.08511,0.01131,0.02924,0.13997,0.04161,0.00375,3.89379,4.37997
702034,Ike Buxton,WSH,25,floor,,,reliever,MiLB (MLE),1.0,0.0,0.0,4.2,0.9,0.6,0.2,0.0,0.1,0.4,0.0,0.9,0.4,0.5,0.0,0.0,3.96,1.3,8.1,3.6,0.9,4.236,0.22051,0.08511,0.0113,0.03036,0.14016,0.04167,0.00376,3.95862,4.4529
702698,Kyle Calzadiaz,PIT,25,floor,,,reliever,MiLB (MLE),1.0,0.0,0.0,4.2,0.9,0.6,0.2,0.0,0.1,0.4,0.0,0.9,0.4,0.5,0.0,0.0,3.89,1.3,8.1,3.6,0.9,4.227,0.22051,0.08511,0.01131,0.02922,0.13987,0.04158,0.00375,3.88979,4.37547
691422,Kevin Rivas,CLE,25,floor,,,reliever,MiLB (MLE),1.0,0.0,0.0,4.2,0.9,0.6,0.2,0.0,0.1,0.4,0.0,0.9,0.4,0.5,0.0,0.0,3.89,1.3,8.1,3.6,0.9,4.228,0.22051,0.08511,0.01131,0.02924,0.13997,0.04161,0.00375,3.89379,4.37997
703668,John Alkire II,CHC,25,floor,,,reliever,MiLB (MLE),1.0,0.0,0.0,4.2,0.9,0.6,0.2,0.0,0.1,0.4,0.0,0.9,0.4,0.5,0.0,0.0,3.89,1.3,8.1,3.6,0.9,4.228,0.22051,0.08511,0.01131,0.02924,0.13997,0.04161,0.00375,3.89379,4.37997
836318,Andrew Wertz,ARI,25,floor,,,reliever,MiLB (MLE),1.0,0.0,0.0,4.2,0.9,0.6,0.2,0.0,0.1,0.4,0.0,0.9,0.4,0.5,0.0,0.0,3.89,1.3,8.1,3.6,0.9,4.228,0.22051,0.08511,0.01131,0.02924,0.13997,0.04161,0.00375,3.89379,4.37997
703420,Jorge Marcheco,OAK,25,floor,,,reliever,MiLB (MLE),1.0,0.0,0.0,4.2,0.9,0.6,0.2,0.0,0.1,0.4,0.0,0.9,0.4,0.5,0.0,0.0,3.9,1.3,8.1,3.6,0.9,4.228,0.22051,0.08511,0.0113,0.02925,0.14001,0.04162,0.00375,3.89546,4.38185
700282,Ricardo Yan,ARI,25,floor,,,reliever,MiLB (MLE),1.0,0.0,0.0,4.2,0.9,0.6,0.2,0.0,0.1,0.4,0.0,0.9,0.4,0.5,0.0,0.0,3.89,1.3,8.1,3.6,0.9,4.228,0.22051,0.08511,0.01131,0.02924,0.13997,0.04161,0.00375,3.89379,4.37997
703242,Anyer Laureano,CIN,25,floor,,,reliever,MiLB (MLE),1.0,0.0,0.0,4.2,0.9,0.6,0.2,0.0,0.1,0.4,0.0,0.9,0.4,0.5,0.0,0.0,3.96,1.3,8.1,3.6,0.9,4.236,0.22051,0.08511,0.0113,0.03046,0.14001,0.04162,0.00375,3.95906,4.45339
811633,Yosweld Vasquez,HOU,25,floor,,,reliever,MiLB (MLE),1.0,0.0,0.0,4.2,0.9,0.6,0.2,0.0,0.1,0.4,0.0,0.9,0.4,0.5,0.0,0.0,3.89,1.3,8.1,3.6,0.9,4.228,0.22051,0.08511,0.01131,0.02924,0.13997,0.04161,0.00375,3.89379,4.37997
678883,Yeuris Jimenez,WSH,25,floor,,,reliever,MiLB (MLE),1.0,0.0,0.0,4.2,0.9,0.6,0.2,0.0,0.1,0.4,0.0,0.9,0.4,0.5,0.0,0.0,3.9,1.3,8.1,3.6,0.9,4.228,0.22051,0.08511,0.0113,0.02925,0.14001,0.04162,0.00375,3.89546,4.38185
827317,Brandon Downer,BAL,25,floor,,,reliever,MiLB (MLE),1.0,0.0,0.0,4.2,0.9,0.6,0.2,0.0,0.1,0.4,0.0,0.9,0.4,0.5,0.0,0.0,3.96,1.3,8.1,3.6,0.9,4.234,0.2205,0.08511,0.01131,0.03064,0.13973,0.04154,0.00374,3.95987,4.4543
827498,Will Holmes,ATL,25,floor,,,reliever,MiLB (MLE),1.0,0.0,0.0,4.2,0.9,0.6,0.2,0.0,0.1,0.4,0.0,0.9,0.4,0.5,0.0,0.0,3.89,1.3,8.1,3.6,0.9,4.226,0.2205,0.08511,0.01131,0.0292,0.13978,0.04155,0.00375,3.8858,4.37097
823745,Michael Salina,SD,25,floor,,,reliever,MiLB (MLE),1.0,0.0,0.0,4.2,0.9,0.6,0.2,0.0,0.1,0.4,0.0,0.9,0.4,0.5,0.0,0.0,3.89,1.3,8.1,3.6,0.9,4.227,0.22051,0.08511,0.01131,0.02922,0.13987,0.04158,0.00375,3.88979,4.37547
804877,Parker Dillhoff,CLE,25,floor,,,reliever,MiLB (MLE),1.0,0.0,0.0,4.2,0.9,0.6,0.2,0.0,0.1,0.4,0.0,0.9,0.4,0.5,0.0,0.0,3.89,1.3,8.1,3.6,0.9,4.226,0.2205,0.08511,0.01131,0.0292,0.13978,0.04155,0.00375,3.8858,4.37097
691588,Ian Lewis Jr.,MIA,25,floor,,,reliever,MiLB (MLE),1.0,0.0,0.0,4.2,0.9,0.6,0.2,0.0,0.1,0.4,0.0,0.9,0.4,0.5,0.0,0.0,3.96,1.3,8.1,3.6,0.9,4.234,0.2205,0.08511,0.01131,0.03064,0.13973,0.04154,0.00374,3.95987,4.4543
827604,Aidan Deakins,TEX,25,floor,,,reliever,MiLB (MLE),1.0,0.0,0.0,4.2,0.9,0.6,0.2,0.0,0.1,0.4,0.0,0.9,0.4,0.5,0.0,0.0,3.95,1.3,8.1,3.6,0.9,4.233,0.2205,0.08511,0.01131,0.03032,0.13981,0.04156,0.00375,3.94528,4.43789
695714,Cody Howard,WSH,25,floor,,,reliever,MiLB (MLE),1.0,0.0,0.0,4.2,0.9,0.6,0.2,0.0,0.1,0.4,0.0,0.9,0.4,0.5,0.0,0.0,3.89,1.3,8.1,3.6,0.9,4.226,0.2205,0.08511,0.01131,0.0292,0.13978,0.04155,0.00375,3.8858,4.37097
682276,Jose Cordova,COL,25,floor,,,reliever,MiLB (MLE),1.0,0.0,0.0,4.2,0.9,0.6,0.2,0.0,0.1,0.4,0.0,0.9,0.4,0.5,0.0,0.0,3.88,1.3,8.1,3.6,0.9,4.225,0.2205,0.08511,0.01131,0.02917,0.13965,0.04152,0.00374,3.88048,4.365
702874,Jose Ledesma,NYY,25,floor,,,reliever,MiLB (MLE),1.0,0.0,0.0,4.2,0.9,0.6,0.2,0.0,0.1,0.4,0.0,0.9,0.4,0.5,0.0,0.0,3.89,1.3,8.1,3.6,0.9,4.226,0.2205,0.08511,0.01131,0.0292,0.13981,0.04156,0.00375,3.88713,4.37247
842478,Jackson Sleeper,MIN,25,floor,,,reliever,MiLB (MLE),1.0,0.0,0.0,4.2,0.9,0.6,0.2,0.0,0.1,0.4,0.0,0.9,0.4,0.5,0.0,0.0,3.92,1.3,8.1,3.6,0.9,4.23,0.2205,0.08511,0.01131,0.02992,0.13978,0.04155,0.00375,3.92369,4.4136
820982,Neiker Palacios,ARI,25,floor,,,reliever,MiLB (MLE),1.0,0.0,0.0,4.2,0.9,0.6,0.2,0.0,0.1,0.4,0.0,0.9,0.4,0.5,0.0,0.0,3.88,1.3,8.1,3.6,0.9,4.225,0.2205,0.08511,0.01131,0.02918,0.13968,0.04153,0.00374,3.88181,4.36649
695946,Junior Flores,PIT,25,floor,,,reliever,MiLB (MLE),1.0,0.0,0.0,4.2,0.9,0.6,0.2,0.0,0.1,0.4,0.0,0.9,0.4,0.5,0.0,0.0,3.87,1.3,8.1,3.6,0.9,4.223,0.22049,0.08511,0.01132,0.02914,0.13949,0.04147,0.00374,3.87386,4.35755
814548,Leonardo Rossell,DET,25,floor,,,reliever,MiLB (MLE),1.0,0.0,0.0,4.2,0.9,0.6,0.2,0.0,0.1,0.4,0.0,0.9,0.4,0.5,0.0,0.0,3.88,1.3,8.1,3.6,0.9,4.224,0.22049,0.08511,0.01131,0.02916,0.13959,0.0415,0.00374,3.87783,4.36202
675915,David Bañuelos,MIN,25,floor,,,reliever,MiLB (MLE),1.0,0.0,0.0,4.2,0.9,0.6,0.2,0.0,0.1,0.4,0.0,0.9,0.4,0.5,0.0,0.0,3.96,1.3,8.1,3.6,0.9,4.234,0.22049,0.08511,0.01131,0.03069,0.13965,0.04151,0.00374,3.9601,4.45455
843965,Brian Strange,MIN,25,floor,,,reliever,MiLB (MLE),1.0,0.0,0.0,4.2,0.9,0.6,0.2,0.0,0.1,0.4,0.0,0.9,0.4,0.5,0.0,0.0,3.88,1.3,8.1,3.6,0.9,4.224,0.22049,0.08511,0.01131,0.02916,0.13959,0.0415,0.00374,3.87783,4.36202
801967,Tony Neubeck,WSH,25,floor,,,reliever,MiLB (MLE),1.0,0.0,0.0,4.2,0.9,0.6,0.2,0.0,0.1,0.4,0.0,0.9,0.4,0.5,0.0,0.0,3.88,1.3,8.1,3.6,0.9,4.225,0.2205,0.08511,0.01131,0.02918,0.13968,0.04153,0.00374,3.88181,4.36649
806168,Bryson Moore,PIT,25,floor,,,reliever,MiLB (MLE),1.0,0.0,0.0,4.2,0.9,0.6,0.2,0.0,0.1,0.4,0.0,0.9,0.4,0.5,0.0,0.0,3.87,1.3,8.1,3.6,0.9,4.222,0.22049,0.08511,0.01132,0.02912,0.1394,0.04144,0.00374,3.8699,4.3531
806143,Wil Libbert,ATL,25,floor,,,reliever,MiLB (MLE),1.0,0.0,0.0,4.2,0.9,0.6,0.2,0.0,0.1,0.4,0.0,0.9,0.4,0.5,0.0,0.0,3.87,1.3,8.1,3.6,0.9,4.223,0.22049,0.08511,0.01132,0.02914,0.13949,0.04147,0.00374,3.87386,4.35755
834605,Seong-Jun Kim,TEX,25,floor,,,reliever,MiLB (MLE),1.0,0.0,0.0,4.2,0.9,0.6,0.2,0.0,0.1,0.4,0.0,0.9,0.4,0.5,0.0,0.0,3.88,1.3,8.1,3.6,0.9,4.225,0.2205,0.08511,0.01131,0.02918,0.13968,0.04153,0.00374,3.88181,4.36649
808081,Xavier Cruz,STL,25,floor,,,reliever,MiLB (MLE),1.0,0.0,0.0,4.2,0.9,0.6,0.2,0.0,0.1,0.4,0.0,0.9,0.4,0.5,0.0,0.0,3.92,1.3,8.1,3.6,0.9,4.23,0.2205,0.08511,0.01131,0.02992,0.13978,0.04155,0.00375,3.92369,4.4136
822317,Max Martin,HOU,25,floor,,,reliever,MiLB (MLE),1.0,0.0,0.0,4.2,0.9,0.6,0.2,0.0,0.1,0.4,0.0,0.9,0.4,0.5,0.0,0.0,3.88,1.3,8.1,3.6,0.9,4.226,0.2205,0.08511,0.01131,0.02919,0.13973,0.04154,0.00374,3.8838,4.36873
814099,Alex Overbay,PIT,25,floor,,,reliever,MiLB (MLE),1.0,0.0,0.0,4.2,0.9,0.6,0.2,0.0,0.1,0.4,0.0,0.9,0.4,0.5,0.0,0.0,3.88,1.3,8.1,3.6,0.9,4.225,0.2205,0.08511,0.01131,0.02918,0.13968,0.04153,0.00374,3.88181,4.36649
805001,Ryan Dollar,NYM,25,floor,,,reliever,MiLB (MLE),1.0,0.0,0.0,4.2,0.9,0.6,0.2,0.0,0.1,0.4,0.0,0.9,0.4,0.5,0.0,0.0,3.88,1.3,8.1,3.6,0.9,4.226,0.2205,0.08511,0.01131,0.02919,0.13973,0.04154,0.00374,3.8838,4.36873
808117,Jean Brito,NYM,25,floor,,,reliever,MiLB (MLE),1.0,0.0,0.0,4.2,0.9,0.6,0.2,0.0,0.1,0.4,0.0,0.9,0.4,0.5,0.0,0.0,3.92,1.3,8.1,3.6,0.9,4.23,0.2205,0.08511,0.01131,0.0299,0.13968,0.04152,0.00374,3.91965,4.40906
805093,Jhon Cabral,CHC,25,floor,,,reliever,MiLB (MLE),1.0,0.0,0.0,4.2,0.9,0.6,0.2,0.0,0.1,0.4,0.0,0.9,0.4,0.5,0.0,0.0,3.96,1.3,8.1,3.6,0.9,4.235,0.2205,0.08511,0.01131,0.03055,0.13987,0.04158,0.00375,3.95946,4.45383
800394,Adrián Delgado,BAL,25,floor,,,reliever,MiLB (MLE),1.0,0.0,0.0,4.2,0.9,0.6,0.2,0.0,0.1,0.4,0.0,0.9,0.4,0.5,0.0,0.0,3.89,1.3,8.1,3.6,0.9,4.226,0.2205,0.08511,0.01131,0.0292,0.13978,0.04155,0.00375,3.8858,4.37097
808054,Yordin Chalas,ARI,25,floor,,,reliever,MiLB (MLE),1.0,0.0,0.0,4.2,0.9,0.6,0.2,0.0,0.1,0.4,0.0,0.9,0.4,0.5,0.0,0.0,3.96,1.3,8.1,3.6,0.9,4.234,0.2205,0.08511,0.01131,0.03064,0.13973,0.04154,0.00374,3.95987,4.4543
676606,Nick Margevicius,SF,25,floor,,,reliever,MiLB (MLE),1.0,0.0,0.0,4.2,0.9,0.6,0.2,0.0,0.1,0.4,0.0,0.9,0.4,0.5,0.0,0.0,3.95,1.3,8.1,3.6,0.9,4.233,0.22049,0.08511,0.01131,0.0306,0.13958,0.0415,0.00374,3.9535,4.44714
836171,Austin Brown,NYM,25,floor,,,reliever,MiLB (MLE),1.0,0.0,0.0,4.2,0.9,0.6,0.2,0.0,0.1,0.4,0.0,0.9,0.4,0.5,0.0,0.0,3.88,1.3,8.1,3.6,0.9,4.224,0.22049,0.08511,0.01131,0.02916,0.13959,0.0415,0.00374,3.87783,4.36202
814269,Kevin Verde,NYY,25,floor,,,reliever,MiLB (MLE),1.0,0.0,0.0,4.2,0.9,0.6,0.2,0.0,0.1,0.4,0.0,0.9,0.4,0.5,0.0,0.0,3.96,1.3,8.1,3.6,0.9,4.234,0.2205,0.08511,0.01131,0.03064,0.13973,0.04154,0.00374,3.95987,4.4543
680868,Patrick Winkel,TOR,25,floor,,,reliever,MiLB (MLE),1.0,0.0,0.0,4.2,0.9,0.6,0.2,0.0,0.1,0.4,0.0,0.9,0.4,0.5,0.0,0.0,3.88,1.3,8.1,3.6,0.9,4.226,0.2205,0.08511,0.01131,0.02919,0.13973,0.04154,0.00374,3.8838,4.36873
681974,Onix Vega,NYM,25,floor,,,reliever,MiLB (MLE),1.0,0.0,0.0,4.2,0.9,0.6,0.2,0.0,0.1,0.4,0.0,0.9,0.4,0.5,0.0,0.0,3.88,1.3,8.1,3.6,0.9,4.225,0.2205,0.08511,0.01131,0.02917,0.13965,0.04152,0.00374,3.88048,4.365
687984,Brady Hill,WSH,25,floor,,,reliever,MiLB (MLE),1.0,0.0,0.0,4.2,0.9,0.6,0.2,0.0,0.1,0.4,0.0,0.9,0.4,0.5,0.0,0.0,3.88,1.3,8.1,3.6,0.9,4.226,0.2205,0.08511,0.01131,0.02919,0.13973,0.04154,0.00374,3.8838,4.36873
669002,Connor Scott,KC,25,floor,,,reliever,MiLB (MLE),1.0,0.0,0.0,4.2,0.9,0.6,0.2,0.0,0.1,0.4,0.0,0.9,0.4,0.5,0.0,0.0,3.88,1.3,8.1,3.6,0.9,4.226,0.2205,0.08511,0.01131,0.02919,0.13973,0.04154,0.00374,3.8838,4.36873
808333,Dariel Francia,PIT,25,floor,,,reliever,MiLB (MLE),1.0,0.0,0.0,4.2,0.9,0.6,0.2,0.0,0.1,0.4,0.0,0.9,0.4,0.5,0.0,0.0,3.96,1.3,8.1,3.6,0.9,4.234,0.2205,0.08511,0.01131,0.03064,0.13973,0.04154,0.00374,3.95987,4.4543
696143,Anthony Solometo,PIT,25,floor,,,reliever,MiLB (MLE),1.0,0.0,0.0,4.2,0.9,0.6,0.2,0.0,0.1,0.4,0.0,0.9,0.4,0.5,0.0,0.0,3.88,1.3,8.1,3.6,0.9,4.226,0.2205,0.08511,0.01131,0.02919,0.13973,0.04154,0.00374,3.8838,4.36873
829462,Aleiman Cruz,DET,25,floor,,,reliever,MiLB (MLE),1.0,0.0,0.0,4.2,0.9,0.6,0.2,0.0,0.1,0.4,0.0,0.9,0.4,0.5,0.0,0.0,3.96,1.3,8.1,3.6,0.9,4.235,0.2205,0.08511,0.01131,0.03061,0.13977,0.04155,0.00375,3.95973,4.45414
815580,Will Varmette,SD,25,floor,,,reliever,MiLB (MLE),1.0,0.0,0.0,4.2,0.9,0.6,0.2,0.0,0.1,0.4,0.0,0.9,0.4,0.5,0.0,0.0,3.96,1.3,8.1,3.6,0.9,4.234,0.2205,0.08511,0.01131,0.03064,0.13973,0.04154,0.00374,3.95987,4.4543
687567,Jorel Ortega,MIN,25,floor,,,reliever,MiLB (MLE),1.0,0.0,0.0,4.2,0.9,0.6,0.2,0.0,0.1,0.4,0.0,0.9,0.4,0.5,0.0,0.0,3.88,1.3,8.1,3.6,0.9,4.226,0.2205,0.08511,0.01131,0.02919,0.13973,0.04154,0.00374,3.8838,4.36873
694842,JT Benson,NYM,25,floor,,,reliever,MiLB (MLE),1.0,0.0,0.0,4.2,0.9,0.6,0.2,0.0,0.1,0.4,0.0,0.9,0.4,0.5,0.0,0.0,3.88,1.3,8.1,3.6,0.9,4.226,0.2205,0.08511,0.01131,0.02919,0.13973,0.04154,0.00374,3.8838,4.36873
687033,Zack Lee,DET,25,floor,,,reliever,MiLB (MLE),1.0,0.0,0.0,4.2,0.9,0.6,0.2,0.0,0.1,0.4,0.0,0.9,0.4,0.5,0.0,0.0,3.88,1.3,8.1,3.6,0.9,4.225,0.2205,0.08511,0.01131,0.02917,0.13965,0.04152,0.00374,3.88048,4.365
691828,Sem Robberse,STL,25,floor,,,reliever,MiLB (MLE),1.0,0.0,0.0,4.2,0.9,0.6,0.2,0.0,0.1,0.4,0.0,0.9,0.4,0.5,0.0,0.0,3.92,1.3,8.1,3.6,0.9,4.23,0.2205,0.08511,0.01131,0.0299,0.13968,0.04152,0.00374,3.91965,4.40906
814149,Zack Konstantinovsky,WSH,25,floor,,,reliever,MiLB (MLE),1.0,0.0,0.0,4.2,0.9,0.6,0.2,0.0,0.1,0.4,0.0,0.9,0.4,0.5,0.0,0.0,3.88,1.3,8.1,3.6,0.9,4.225,0.2205,0.08511,0.01131,0.02918,0.13968,0.04153,0.00374,3.88181,4.36649
801505,Paxton Thompson,TEX,25,floor,,,reliever,MiLB (MLE),1.0,0.0,0.0,4.2,0.9,0.6,0.2,0.0,0.1,0.4,0.0,0.9,0.4,0.5,0.0,0.0,3.95,1.3,8.1,3.6,0.9,4.233,0.2205,0.08511,0.01131,0.03032,0.13981,0.04156,0.00375,3.94528,4.43789
687308,Ryan Harvey,DET,25,floor,,,reliever,MiLB (MLE),1.0,0.0,0.0,4.2,0.9,0.6,0.2,0.0,0.1,0.4,0.0,0.9,0.4,0.5,0.0,0.0,3.96,1.3,8.1,3.6,0.9,4.234,0.2205,0.08511,0.01131,0.03064,0.13973,0.04154,0.00374,3.95987,4.4543
701869,Kaleb Kantola,WSH,25,floor,,,reliever,MiLB (MLE),1.0,0.0,0.0,4.2,0.9,0.6,0.2,0.0,0.1,0.4,0.0,0.9,0.4,0.5,0.0,0.0,3.93,1.3,8.1,3.6,0.9,4.231,0.2205,0.08511,0.01131,0.02994,0.13987,0.04158,0.00375,3.92773,4.41814
701740,Finnegan Wall,MIN,25,floor,,,reliever,MiLB (MLE),1.0,0.0,0.0,4.2,0.9,0.6,0.2,0.0,0.1,0.4,0.0,0.9,0.4,0.5,0.0,0.0,3.89,1.3,8.1,3.6,0.9,4.226,0.2205,0.08511,0.01131,0.0292,0.13981,0.04156,0.00375,3.88713,4.37247
820936,Wenderlyn King,MIL,25,floor,,,reliever,MiLB (MLE),1.0,0.0,0.0,4.2,0.9,0.6,0.2,0.0,0.1,0.4,0.0,0.9,0.4,0.5,0.0,0.0,3.96,1.3,8.1,3.6,0.9,4.235,0.2205,0.08511,0.01131,0.03061,0.13977,0.04155,0.00375,3.95973,4.45414
700176,Keegan Batka,PHI,25,floor,,,reliever,MiLB (MLE),1.0,0.0,0.0,4.2,0.9,0.6,0.2,0.0,0.1,0.4,0.0,0.9,0.4,0.5,0.0,0.0,3.96,1.3,8.1,3.6,0.9,4.234,0.2205,0.08511,0.01131,0.03064,0.13973,0.04154,0.00374,3.95987,4.4543
702296,Nate Dohm,STL,25,floor,,,reliever,MiLB (MLE),1.0,0.0,0.0,4.2,0.9,0.6,0.2,0.0,0.1,0.4,0.0,0.9,0.4,0.5,0.0,0.0,3.88,1.3,8.1,3.6,0.9,4.226,0.2205,0.08511,0.01131,0.02919,0.13973,0.04154,0.00374,3.8838,4.36873
691017,Travis Sthele,WSH,25,floor,,,reliever,MiLB (MLE),1.0,0.0,0.0,4.2,0.9,0.6,0.2,0.0,0.1,0.4,0.0,0.9,0.4,0.5,0.0,0.0,3.95,1.3,8.1,3.6,0.9,4.233,0.2205,0.08511,0.01131,0.03032,0.13981,0.04156,0.00375,3.94528,4.43789
682625,Antonio Gomez,NYY,25,floor,,,reliever,MiLB (MLE),1.0,0.0,0.0,4.2,0.9,0.6,0.2,0.0,0.1,0.4,0.0,0.9,0.4,0.5,0.0,0.0,3.92,1.3,8.1,3.6,0.9,4.23,0.2205,0.08511,0.01131,0.02992,0.13978,0.04155,0.00375,3.92369,4.4136
702689,Parker Coil,CLE,25,floor,,,reliever,MiLB (MLE),1.0,0.0,0.0,4.2,0.9,0.6,0.2,0.0,0.1,0.4,0.0,0.9,0.4,0.5,0.0,0.0,3.89,1.3,8.1,3.6,0.9,4.226,0.2205,0.08511,0.01131,0.0292,0.13978,0.04155,0.00375,3.8858,4.37097
824288,Treyson Peters,PIT,25,floor,,,reliever,MiLB (MLE),1.0,0.0,0.0,4.2,0.9,0.6,0.2,0.0,0.1,0.4,0.0,0.9,0.4,0.5,0.0,0.0,3.96,1.3,8.1,3.6,0.9,4.234,0.2205,0.08511,0.01131,0.03064,0.13973,0.04154,0.00374,3.95987,4.4543
837328,Fenuel James,CHC,25,floor,,,reliever,MiLB (MLE),1.0,0.0,0.0,4.2,0.9,0.6,0.2,0.0,0.1,0.4,0.0,0.9,0.4,0.5,0.0,0.0,3.88,1.3,8.1,3.6,0.9,4.225,0.2205,0.08511,0.01131,0.02918,0.13968,0.04153,0.00374,3.88181,4.36649
835054,Cale Wetwiska,DET,25,floor,,,reliever,MiLB (MLE),1.0,0.0,0.0,4.2,0.9,0.6,0.2,0.0,0.1,0.4,0.0,0.9,0.4,0.5,0.0,0.0,3.95,1.3,8.1,3.6,0.9,4.233,0.2205,0.08511,0.01131,0.03032,0.13981,0.04156,0.00375,3.94528,4.43789
686793,J.T. Arruda,SEA,25,floor,,,reliever,MiLB (MLE),1.0,0.0,0.0,4.2,0.9,0.6,0.2,0.0,0.1,0.4,0.0,0.9,0.4,0.5,0.0,0.0,3.91,1.3,8.1,3.6,0.9,4.231,0.22052,0.08511,0.0113,0.0293,0.14029,0.04171,0.00376,3.9072,4.39505
808665,Angel Acosta,KC,25,floor,,,reliever,MiLB (MLE),1.0,0.0,0.0,4.2,0.9,0.6,0.2,0.0,0.1,0.4,0.0,0.9,0.4,0.5,0.0,0.0,3.96,1.3,8.1,3.6,0.9,4.237,0.22052,0.08511,0.0113,0.03028,0.14029,0.0417,0.00376,3.95825,4.45247
675450,Hunter Cranton,ARI,25,floor,,,reliever,MiLB (MLE),1.0,0.0,0.0,4.2,0.9,0.6,0.2,0.0,0.1,0.4,0.0,0.9,0.4,0.5,0.0,0.0,3.96,1.3,8.1,3.6,0.9,4.237,0.22052,0.08511,0.0113,0.03028,0.14029,0.0417,0.00376,3.95825,4.45247
807575,Cam Schuelke,CLE,25,floor,,,reliever,MiLB (MLE),1.0,0.0,0.0,4.2,0.9,0.6,0.2,0.0,0.1,0.4,0.0,0.9,0.4,0.5,0.0,0.0,3.96,1.3,8.1,3.6,0.9,4.237,0.22052,0.08511,0.0113,0.03028,0.14029,0.0417,0.00376,3.95825,4.45247
687066,Eric Yang,CHC,25,floor,,,reliever,MiLB (MLE),1.0,0.0,0.0,4.2,0.9,0.6,0.2,0.0,0.1,0.4,0.0,0.9,0.4,0.5,0.0,0.0,3.9,1.3,8.1,3.6,0.9,4.229,0.22052,0.08511,0.0113,0.02926,0.14009,0.04165,0.00375,3.89881,4.38561
801873,Shea Sprague,BOS,25,floor,,,reliever,MiLB (MLE),1.0,0.0,0.0,4.2,0.9,0.6,0.2,0.0,0.1,0.4,0.0,0.9,0.4,0.5,0.0,0.0,3.96,1.3,8.1,3.6,0.9,4.237,0.22052,0.08511,0.0113,0.03028,0.14029,0.0417,0.00376,3.95825,4.45247
686623,P.J. Labriola,BOS,25,floor,,,reliever,MiLB (MLE),1.0,0.0,0.0,4.2,0.9,0.6,0.2,0.0,0.1,0.4,0.0,0.9,0.4,0.5,0.0,0.0,3.91,1.3,8.1,3.6,0.9,4.231,0.22052,0.08511,0.0113,0.0293,0.14029,0.04171,0.00376,3.9072,4.39505
807718,Jay Driver,CLE,25,floor,,,reliever,MiLB (MLE),1.0,0.0,0.0,4.2,0.9,0.6,0.2,0.0,0.1,0.4,0.0,0.9,0.4,0.5,0.0,0.0,3.9,1.3,8.1,3.6,0.9,4.229,0.22052,0.08511,0.0113,0.02926,0.14009,0.04165,0.00375,3.89881,4.38561
821589,Keiber Armas,TEX,25,floor,,,reliever,MiLB (MLE),1.0,0.0,0.0,4.2,0.9,0.6,0.2,0.0,0.1,0.4,0.0,0.9,0.4,0.5,0.0,0.0,3.9,1.3,8.1,3.6,0.9,4.23,0.22052,0.08511,0.0113,0.02928,0.14016,0.04167,0.00376,3.90183,4.38901
821580,Ashton Pocol,CHC,25,floor,,,reliever,MiLB (MLE),1.0,0.0,0.0,4.2,0.9,0.6,0.2,0.0,0.1,0.4,0.0,0.9,0.4,0.5,0.0,0.0,3.9,1.3,8.1,3.6,0.9,4.23,0.22052,0.08511,0.0113,0.02928,0.14016,0.04167,0.00376,3.90183,4.38901
835615,Caleb Shpur,DET,25,floor,,,reliever,MiLB (MLE),1.0,0.0,0.0,4.2,0.9,0.6,0.2,0.0,0.1,0.4,0.0,0.9,0.4,0.5,0.0,0.0,3.96,1.3,8.1,3.6,0.9,4.237,0.22052,0.08511,0.0113,0.03028,0.14029,0.0417,0.00376,3.95825,4.45247
814164,Johnathan Rogers,DET,25,floor,,,reliever,MiLB (MLE),1.0,0.0,0.0,4.2,0.9,0.6,0.2,0.0,0.1,0.4,0.0,0.9,0.4,0.5,0.0,0.0,3.9,1.3,8.1,3.6,0.9,4.23,0.22052,0.08511,0.0113,0.02928,0.14016,0.04167,0.00376,3.90183,4.38901
832227,Eric Lin,TB,25,floor,,,reliever,MiLB (MLE),1.0,0.0,0.0,4.2,0.9,0.6,0.2,0.0,0.1,0.4,0.0,0.9,0.4,0.5,0.0,0.0,3.9,1.3,8.1,3.6,0.9,4.229,0.22051,0.08511,0.0113,0.02926,0.14006,0.04164,0.00375,3.89781,4.38448
699552,Brandon Beckel,PHI,25,floor,,,reliever,MiLB (MLE),1.0,0.0,0.0,4.2,0.9,0.6,0.2,0.0,0.1,0.4,0.0,0.9,0.4,0.5,0.0,0.0,3.9,1.3,8.1,3.6,0.9,4.229,0.22052,0.08511,0.0113,0.02926,0.14009,0.04165,0.00375,3.89881,4.38561
801653,Harrison Kreiling,BAL,25,floor,,,reliever,MiLB (MLE),1.0,0.0,0.0,4.2,0.9,0.6,0.2,0.0,0.1,0.4,0.0,0.9,0.4,0.5,0.0,0.0,3.91,1.3,8.1,3.6,0.9,4.231,0.22052,0.08511,0.0113,0.0293,0.14029,0.04171,0.00376,3.9072,4.39505
801367,Matt Jachec,CLE,25,floor,,,reliever,MiLB (MLE),1.0,0.0,0.0,4.2,0.9,0.6,0.2,0.0,0.1,0.4,0.0,0.9,0.4,0.5,0.0,0.0,3.9,1.3,8.1,3.6,0.9,4.229,0.22052,0.08511,0.0113,0.02926,0.14009,0.04165,0.00375,3.89881,4.38561
685382,Andrew Navigato,DET,25,floor,,,reliever,MiLB (MLE),1.0,0.0,0.0,4.2,0.9,0.6,0.2,0.0,0.1,0.4,0.0,0.9,0.4,0.5,0.0,0.0,3.9,1.3,8.1,3.6,0.9,4.229,0.22052,0.08511,0.0113,0.02926,0.14009,0.04165,0.00375,3.89881,4.38561
681377,Josh Hood,SEA,25,floor,,,reliever,MiLB (MLE),1.0,0.0,0.0,4.2,0.9,0.6,0.2,0.0,0.1,0.4,0.0,0.9,0.4,0.5,0.0,0.0,3.96,1.3,8.1,3.6,0.9,4.237,0.22052,0.08511,0.0113,0.03028,0.14029,0.0417,0.00376,3.95825,4.45247
687867,Clay Dungan,SD,25,floor,,,reliever,MiLB (MLE),1.0,0.0,0.0,4.2,0.9,0.6,0.2,0.0,0.1,0.4,0.0,0.9,0.4,0.5,0.0,0.0,3.9,1.3,8.1,3.6,0.9,4.229,0.22052,0.08511,0.0113,0.02926,0.14009,0.04165,0.00375,3.89881,4.38561
831384,Josh Owens,TEX,25,floor,,,reliever,MiLB (MLE),1.0,0.0,0.0,4.2,0.9,0.6,0.2,0.0,0.1,0.4,0.0,0.9,0.4,0.5,0.0,0.0,3.91,1.3,8.1,3.6,0.9,4.23,0.22052,0.08511,0.0113,0.0293,0.14026,0.0417,0.00376,3.90586,4.39354
831960,Florangel Vasquez,SD,25,floor,,,reliever,MiLB (MLE),1.0,0.0,0.0,4.2,0.9,0.6,0.2,0.0,0.1,0.4,0.0,0.9,0.4,0.5,0.0,0.0,3.91,1.3,8.1,3.6,0.9,4.231,0.22052,0.08511,0.0113,0.0293,0.14029,0.04171,0.00376,3.9072,4.39505
806646,Gregori Ramirez,ARI,25,floor,,,reliever,MiLB (MLE),1.0,0.0,0.0,4.2,0.9,0.6,0.2,0.0,0.1,0.4,0.0,0.9,0.4,0.5,0.0,0.0,3.95,1.3,8.1,3.6,0.9,4.237,0.22052,0.08511,0.01129,0.03007,0.14045,0.04175,0.00376,3.95217,4.44563
820960,Kifraidy Encarnacion,MIA,25,floor,,,reliever,MiLB (MLE),1.0,0.0,0.0,4.2,0.9,0.6,0.2,0.0,0.1,0.4,0.0,0.9,0.4,0.5,0.0,0.0,3.95,1.3,8.1,3.6,0.9,4.237,0.22052,0.08511,0.01129,0.03007,0.14045,0.04175,0.00376,3.95217,4.44563
808289,Julio Zayas,NYM,25,floor,,,reliever,MiLB (MLE),1.0,0.0,0.0,4.2,0.9,0.6,0.2,0.0,0.1,0.4,0.0,0.9,0.4,0.5,0.0,0.0,3.94,1.3,8.1,3.6,0.9,4.234,0.22052,0.08511,0.0113,0.03,0.14016,0.04167,0.00376,3.93991,4.43184
811710,Jacob Stretch,TEX,25,floor,,,reliever,MiLB (MLE),1.0,0.0,0.0,4.2,0.9,0.6,0.2,0.0,0.1,0.4,0.0,0.9,0.4,0.5,0.0,0.0,3.9,1.3,8.1,3.6,0.9,4.229,0.22052,0.08511,0.0113,0.02926,0.14009,0.04165,0.00375,3.89881,4.38561
803409,Jordan Morales,CWS,25,floor,,,reliever,MiLB (MLE),1.0,0.0,0.0,4.2,0.9,0.6,0.2,0.0,0.1,0.4,0.0,0.9,0.4,0.5,0.0,0.0,3.9,1.3,8.1,3.6,0.9,4.229,0.22052,0.08511,0.0113,0.02926,0.14009,0.04165,0.00375,3.89881,4.38561
836085,Ryan Heppner,ATL,25,floor,,,reliever,MiLB (MLE),1.0,0.0,0.0,4.2,0.9,0.6,0.2,0.0,0.1,0.4,0.0,0.9,0.4,0.5,0.0,0.0,3.91,1.3,8.1,3.6,0.9,4.232,0.22053,0.08511,0.01129,0.02934,0.14045,0.04175,0.00376,3.91394,4.40263
836083,Braydon Risley,PIT,25,floor,,,reliever,MiLB (MLE),1.0,0.0,0.0,4.2,0.9,0.6,0.2,0.0,0.1,0.4,0.0,0.9,0.4,0.5,0.0,0.0,3.92,1.3,8.1,3.6,0.9,4.233,0.22053,0.08511,0.01129,0.02936,0.14057,0.04179,0.00377,3.91901,4.40834
691712,Luis R. Rodriguez,NYM,25,floor,,,reliever,MiLB (MLE),1.0,0.0,0.0,4.2,0.9,0.6,0.2,0.0,0.1,0.4,0.0,0.9,0.4,0.5,0.0,0.0,3.92,1.3,8.1,3.6,0.9,4.233,0.22053,0.08511,0.01129,0.02936,0.14057,0.04179,0.00377,3.91901,4.40834
844017,Cooper Carlgren,WSH,25,floor,,,reliever,MiLB (MLE),1.0,0.0,0.0,4.2,0.9,0.6,0.2,0.0,0.1,0.4,0.0,0.9,0.4,0.5,0.0,0.0,3.91,1.3,8.1,3.6,0.9,4.23,0.22052,0.08511,0.0113,0.0293,0.14026,0.0417,0.00376,3.90586,4.39354
696276,Jay Woolfolk,ATL,25,floor,,,reliever,MiLB (MLE),1.0,0.0,0.0,4.2,0.9,0.6,0.2,0.0,0.1,0.4,0.0,0.9,0.4,0.5,0.0,0.0,3.96,1.3,8.1,3.6,0.9,4.237,0.22052,0.08511,0.0113,0.0303,0.14025,0.04169,0.00376,3.95834,4.45258
802560,Ichiro Cano,CIN,25,floor,,,reliever,MiLB (MLE),1.0,0.0,0.0,4.2,0.9,0.6,0.2,0.0,0.1,0.4,0.0,0.9,0.4,0.5,0.0,0.0,3.96,1.3,8.1,3.6,0.9,4.239,0.22053,0.08511,0.01129,0.02991,0.14085,0.04187,0.00377,3.95659,4.4506
691558,Yeiner Fernandez,LAD,25,floor,,,reliever,MiLB (MLE),1.0,0.0,0.0,4.2,0.9,0.6,0.2,0.0,0.1,0.4,0.0,0.9,0.4,0.5,0.0,0.0,3.92,1.3,8.1,3.6,0.9,4.233,0.22053,0.08511,0.01129,0.02936,0.14057,0.04179,0.00377,3.91901,4.40834
703188,Anthuan Valencia,CIN,25,floor,,,reliever,MiLB (MLE),1.0,0.0,0.0,4.2,0.9,0.6,0.2,0.0,0.1,0.4,0.0,0.9,0.4,0.5,0.0,0.0,3.93,1.3,8.1,3.6,0.9,4.236,0.22053,0.08511,0.01129,0.02942,0.14084,0.04187,0.00377,3.93022,4.42094
825470,Roberto Pena,NYM,25,floor,,,reliever,MiLB (MLE),1.0,0.0,0.0,4.2,0.9,0.6,0.2,0.0,0.1,0.4,0.0,0.9,0.4,0.5,0.0,0.0,3.93,1.3,8.1,3.6,0.9,4.235,0.22053,0.08511,0.01129,0.0294,0.14074,0.04184,0.00377,3.92613,4.41635
825275,Ethan Norby,CIN,25,floor,,,reliever,MiLB (MLE),1.0,0.0,0.0,4.2,0.9,0.6,0.2,0.0,0.1,0.4,0.0,0.9,0.4,0.5,0.0,0.0,3.92,1.3,8.1,3.6,0.9,4.233,0.22053,0.08511,0.01129,0.02936,0.14054,0.04178,0.00377,3.918,4.40719
825100,Kevin Warunek,PHI,25,floor,,,reliever,MiLB (MLE),1.0,0.0,0.0,4.2,0.9,0.6,0.2,0.0,0.1,0.4,0.0,0.9,0.4,0.5,0.0,0.0,3.96,1.3,8.1,3.6,0.9,4.238,0.22053,0.08511,0.01129,0.0301,0.14057,0.04179,0.00377,3.95743,4.45155
826173,Jhonan Coba,DET,25,floor,,,reliever,MiLB (MLE),1.0,0.0,0.0,4.2,0.9,0.6,0.2,0.0,0.1,0.4,0.0,0.9,0.4,0.5,0.0,0.0,3.92,1.3,8.1,3.6,0.9,4.233,0.22053,0.08511,0.01129,0.02936,0.14054,0.04178,0.00377,3.918,4.40719
665993,Cristhian Tortosa,PIT,25,floor,,,reliever,MiLB (MLE),1.0,0.0,0.0,4.2,0.9,0.6,0.2,0.0,0.1,0.4,0.0,0.9,0.4,0.5,0.0,0.0,3.9,1.3,8.1,3.6,0.9,4.229,0.22052,0.08511,0.0113,0.02926,0.14009,0.04165,0.00375,3.89881,4.38561
702678,Zach Crotchfelt,NYM,25,floor,,,reliever,MiLB (MLE),1.0,0.0,0.0,4.2,0.9,0.6,0.2,0.0,0.1,0.4,0.0,0.9,0.4,0.5,0.0,0.0,3.92,1.3,8.1,3.6,0.9,4.233,0.22053,0.08511,0.01129,0.02936,0.14054,0.04178,0.00377,3.918,4.40719
692598,Newremberg Rondon,DET,25,floor,,,reliever,MiLB (MLE),1.0,0.0,0.0,4.2,0.9,0.6,0.2,0.0,0.1,0.4,0.0,0.9,0.4,0.5,0.0,0.0,3.93,1.3,8.1,3.6,0.9,4.236,0.22053,0.08511,0.01129,0.02942,0.14084,0.04187,0.00377,3.93022,4.42094
805792,Charlee Soto,MIN,25,floor,,,reliever,MiLB (MLE),1.0,0.0,0.0,4.2,0.9,0.6,0.2,0.0,0.1,0.4,0.0,0.9,0.4,0.5,0.0,0.0,3.96,1.3,8.1,3.6,0.9,4.238,0.22053,0.08511,0.01129,0.03005,0.14064,0.04181,0.00377,3.95721,4.45131
805744,Athanael Duarte,LAA,25,floor,,,reliever,MiLB (MLE),1.0,0.0,0.0,4.2,0.9,0.6,0.2,0.0,0.1,0.4,0.0,0.9,0.4,0.5,0.0,0.0,3.96,1.3,8.1,3.6,0.9,4.239,0.22053,0.08511,0.01129,0.02991,0.14085,0.04187,0.00377,3.95659,4.4506
691191,Jose Salas,MIN,25,floor,,,reliever,MiLB (MLE),1.0,0.0,0.0,4.2,0.9,0.6,0.2,0.0,0.1,0.4,0.0,0.9,0.4,0.5,0.0,0.0,3.92,1.3,8.1,3.6,0.9,4.233,0.22053,0.08511,0.01129,0.02936,0.14057,0.04179,0.00377,3.91901,4.40834
827671,Reed Stallman,NYM,25,floor,,,reliever,MiLB (MLE),1.0,0.0,0.0,4.2,0.9,0.6,0.2,0.0,0.1,0.4,0.0,0.9,0.4,0.5,0.0,0.0,3.93,1.3,8.1,3.6,0.9,4.236,0.22053,0.08511,0.01129,0.02942,0.14084,0.04187,0.00377,3.93022,4.42094
695078,Jean Walters,ARI,25,floor,,,reliever,MiLB (MLE),1.0,0.0,0.0,4.2,0.9,0.6,0.2,0.0,0.1,0.4,0.0,0.9,0.4,0.5,0.0,0.0,3.9,1.3,8.1,3.6,0.9,4.229,0.22052,0.08511,0.0113,0.02926,0.14009,0.04165,0.00375,3.89881,4.38561
806014,Keduar Trujillo,HOU,25,floor,,,reliever,MiLB (MLE),1.0,0.0,0.0,4.2,0.9,0.6,0.2,0.0,0.1,0.4,0.0,0.9,0.4,0.5,0.0,0.0,3.96,1.3,8.1,3.6,0.9,4.237,0.22052,0.08511,0.01129,0.03017,0.14045,0.04175,0.00376,3.95778,4.45195
821127,Yander Bonaci,BOS,25,floor,,,reliever,MiLB (MLE),1.0,0.0,0.0,4.2,0.9,0.6,0.2,0.0,0.1,0.4,0.0,0.9,0.4,0.5,0.0,0.0,3.9,1.3,8.1,3.6,0.9,4.23,0.22052,0.08511,0.0113,0.02928,0.14016,0.04167,0.00376,3.90183,4.38901
821310,Brendan Sweeney,PHI,25,floor,,,reliever,MiLB (MLE),1.0,0.0,0.0,4.2,0.9,0.6,0.2,0.0,0.1,0.4,0.0,0.9,0.4,0.5,0.0,0.0,3.91,1.3,8.1,3.6,0.9,4.23,0.22052,0.08511,0.0113,0.0293,0.14026,0.0417,0.00376,3.90586,4.39354
815587,Trent Sellers,NYY,25,floor,,,reliever,MiLB (MLE),1.0,0.0,0.0,4.2,0.9,0.6,0.2,0.0,0.1,0.4,0.0,0.9,0.4,0.5,0.0,0.0,3.9,1.3,8.1,3.6,0.9,4.229,0.22052,0.08511,0.0113,0.02926,0.14009,0.04165,0.00375,3.89881,4.38561
663731,Connor Kaiser,KC,25,floor,,,reliever,MiLB (MLE),1.0,0.0,0.0,4.2,0.9,0.6,0.2,0.0,0.1,0.4,0.0,0.9,0.4,0.5,0.0,0.0,3.9,1.3,8.1,3.6,0.9,4.229,0.22052,0.08511,0.0113,0.02926,0.14009,0.04165,0.00375,3.89881,4.38561
687284,Thomas Gavello,SF,25,floor,,,reliever,MiLB (MLE),1.0,0.0,0.0,4.2,0.9,0.6,0.2,0.0,0.1,0.4,0.0,0.9,0.4,0.5,0.0,0.0,3.9,1.3,8.1,3.6,0.9,4.229,0.22052,0.08511,0.0113,0.02926,0.14009,0.04165,0.00375,3.89881,4.38561
826163,Carter Dorighi,SEA,25,floor,,,reliever,MiLB (MLE),1.0,0.0,0.0,4.2,0.9,0.6,0.2,0.0,0.1,0.4,0.0,0.9,0.4,0.5,0.0,0.0,3.96,1.3,8.1,3.6,0.9,4.239,0.22053,0.08511,0.01129,0.02991,0.14085,0.04187,0.00377,3.95659,4.4506
809819,Bryson Van Sickle,COL,25,floor,,,reliever,MiLB (MLE),1.0,0.0,0.0,4.2,0.9,0.6,0.2,0.0,0.1,0.4,0.0,0.9,0.4,0.5,0.0,0.0,3.9,1.3,8.1,3.6,0.9,4.229,0.22052,0.08511,0.0113,0.02926,0.14009,0.04165,0.00375,3.89881,4.38561
624513,Dom Nuñez,CLE,25,floor,,,reliever,MiLB (MLE),1.0,0.0,0.0,4.2,0.9,0.6,0.2,0.0,0.1,0.4,0.0,0.9,0.4,0.5,0.0,0.0,3.9,1.3,8.1,3.6,0.9,4.229,0.22052,0.08511,0.0113,0.02926,0.14009,0.04165,0.00375,3.89881,4.38561
702696,Xavier Cardenas III,MIA,25,floor,,,reliever,MiLB (MLE),1.0,0.0,0.0,4.2,0.9,0.6,0.2,0.0,0.1,0.4,0.0,0.9,0.4,0.5,0.0,0.0,3.96,1.3,8.1,3.6,0.9,4.237,0.22052,0.08511,0.0113,0.03028,0.14029,0.0417,0.00376,3.95825,4.45247
690448,Mike Jarvis,PIT,25,floor,,,reliever,MiLB (MLE),1.0,0.0,0.0,4.2,0.9,0.6,0.2,0.0,0.1,0.4,0.0,0.9,0.4,0.5,0.0,0.0,3.9,1.3,8.1,3.6,0.9,4.229,0.22052,0.08511,0.0113,0.02926,0.14009,0.04165,0.00375,3.89881,4.38561
800201,Rafael Ramirez Jr.,WSH,25,floor,,,reliever,MiLB (MLE),1.0,0.0,0.0,4.2,0.9,0.6,0.2,0.0,0.1,0.4,0.0,0.9,0.4,0.5,0.0,0.0,3.95,1.3,8.1,3.6,0.9,4.236,0.22052,0.08511,0.0113,0.03005,0.14035,0.04172,0.00376,3.94807,4.44103
800253,Jeffrey Mercedes,CLE,25,floor,,,reliever,MiLB (MLE),1.0,0.0,0.0,4.2,0.9,0.6,0.2,0.0,0.1,0.4,0.0,0.9,0.4,0.5,0.0,0.0,3.96,1.3,8.1,3.6,0.9,4.237,0.22052,0.08511,0.0113,0.03028,0.14029,0.0417,0.00376,3.95825,4.45247
683720,Edwin Jimenez,MIL,25,floor,,,reliever,MiLB (MLE),1.0,0.0,0.0,4.2,0.9,0.6,0.2,0.0,0.1,0.4,0.0,0.9,0.4,0.5,0.0,0.0,3.9,1.3,8.1,3.6,0.9,4.229,0.22052,0.08511,0.0113,0.02926,0.14009,0.04165,0.00375,3.89881,4.38561
813801,John Damozonio,ATL,25,floor,,,starter,MiLB (MLE),1.0,0.0,0.0,4.2,0.9,0.6,0.2,0.0,0.1,0.4,0.0,0.9,0.5,0.5,0.0,0.0,4.11,1.3,8.1,3.6,0.9,4.231,0.22052,0.08511,0.0113,0.02932,0.14035,0.04172,0.00376,4.10781,4.39808
699232,Anderdson Rojas,ARI,25,floor,,,reliever,MiLB (MLE),1.0,0.0,0.0,4.2,0.9,0.6,0.2,0.0,0.1,0.4,0.0,0.9,0.4,0.5,0.0,0.0,3.9,1.3,8.1,3.6,0.9,4.229,0.22052,0.08511,0.0113,0.02926,0.14009,0.04165,0.00375,3.89881,4.38561
800387,Fernando Peguero,BAL,25,floor,,,reliever,MiLB (MLE),1.0,0.0,0.0,4.2,0.9,0.6,0.2,0.0,0.1,0.4,0.0,0.9,0.4,0.5,0.0,0.0,3.91,1.3,8.1,3.6,0.9,4.231,0.22052,0.08511,0.0113,0.0293,0.14029,0.04171,0.00376,3.9072,4.39505
680519,Mario Camilletti,CWS,25,floor,,,reliever,MiLB (MLE),1.0,0.0,0.0,4.2,0.9,0.6,0.2,0.0,0.1,0.4,0.0,0.9,0.4,0.5,0.0,0.0,3.9,1.3,8.1,3.6,0.9,4.229,0.22052,0.08511,0.0113,0.02926,0.14009,0.04165,0.00375,3.89881,4.38561
805028,Sean Fitzpatrick,SD,25,floor,,,reliever,MiLB (MLE),1.0,0.0,0.0,4.2,0.9,0.6,0.2,0.0,0.1,0.4,0.0,0.9,0.4,0.5,0.0,0.0,3.95,1.3,8.1,3.6,0.9,4.236,0.22052,0.08511,0.0113,0.03005,0.14035,0.04172,0.00376,3.94807,4.44103
838085,Greyson Chappel,LAA,25,floor,,,reliever,MiLB (MLE),1.0,0.0,0.0,4.2,0.9,0.6,0.2,0.0,0.1,0.4,0.0,0.9,0.4,0.5,0.0,0.0,3.96,1.3,8.1,3.6,0.9,4.237,0.22052,0.08511,0.0113,0.03028,0.14029,0.0417,0.00376,3.95825,4.45247
805094,Luis Cesar,MIA,25,floor,,,reliever,MiLB (MLE),1.0,0.0,0.0,4.2,0.9,0.6,0.2,0.0,0.1,0.4,0.0,0.9,0.4,0.5,0.0,0.0,3.91,1.3,8.1,3.6,0.9,4.231,0.22052,0.08511,0.0113,0.0293,0.14029,0.04171,0.00376,3.9072,4.39505
805009,Yoan Valdez,DET,25,floor,,,reliever,MiLB (MLE),1.0,0.0,0.0,4.2,0.9,0.6,0.2,0.0,0.1,0.4,0.0,0.9,0.4,0.5,0.0,0.0,3.95,1.3,8.1,3.6,0.9,4.236,0.22052,0.08511,0.0113,0.03005,0.14035,0.04172,0.00376,3.94807,4.44103
702114,John Michael Faile,CIN,25,floor,,,reliever,MiLB (MLE),1.0,0.0,0.0,4.2,0.9,0.6,0.2,0.0,0.1,0.4,0.0,0.9,0.4,0.5,0.0,0.0,3.91,1.3,8.1,3.6,0.9,4.231,0.22052,0.08511,0.0113,0.0293,0.14029,0.04171,0.00376,3.9072,4.39505
829383,Jhon Almonte,LAA,25,floor,,,reliever,MiLB (MLE),1.0,0.0,0.0,4.2,0.9,0.6,0.2,0.0,0.1,0.4,0.0,0.9,0.4,0.5,0.0,0.0,3.9,1.3,8.1,3.6,0.9,4.23,0.22052,0.08511,0.0113,0.02928,0.14016,0.04167,0.00376,3.90183,4.38901
800611,Noble Meyer,MIA,25,floor,,,reliever,MiLB (MLE),1.0,0.0,0.0,4.2,0.9,0.6,0.2,0.0,0.1,0.4,0.0,0.9,0.4,0.5,0.0,0.0,3.91,1.3,8.1,3.6,0.9,4.23,0.22052,0.08511,0.0113,0.0293,0.14026,0.0417,0.00376,3.90586,4.39354
695602,Michael Massey,DET,25,floor,,,reliever,MiLB (MLE),1.0,0.0,0.0,4.2,0.9,0.6,0.2,0.0,0.1,0.4,0.0,0.9,0.4,0.5,0.0,0.0,3.94,1.3,8.1,3.6,0.9,4.235,0.22052,0.08511,0.0113,0.03003,0.14025,0.0417,0.00376,3.94399,4.43643
842475,Brady Thomas,HOU,25,floor,,,reliever,MiLB (MLE),1.0,0.0,0.0,4.2,0.9,0.6,0.2,0.0,0.1,0.4,0.0,0.9,0.4,0.5,0.0,0.0,3.89,1.3,8.1,3.6,0.9,4.228,0.22051,0.08511,0.01131,0.02924,0.13997,0.04161,0.00375,3.89379,4.37997
686617,Christian Fagnant,WSH,25,floor,,,reliever,MiLB (MLE),1.0,0.0,0.0,4.2,0.9,0.6,0.2,0.0,0.1,0.4,0.0,0.9,0.4,0.5,0.0,0.0,3.93,1.3,8.1,3.6,0.9,4.232,0.22051,0.08511,0.01131,0.02996,0.13997,0.04161,0.00375,3.93178,4.4227
815152,Theo Hardy,TEX,25,floor,,,reliever,MiLB (MLE),1.0,0.0,0.0,4.2,0.9,0.6,0.2,0.0,0.1,0.4,0.0,0.9,0.4,0.5,0.0,0.0,3.89,1.3,8.1,3.6,0.9,4.228,0.22051,0.08511,0.01131,0.02924,0.13997,0.04161,0.00375,3.89379,4.37997
820837,Kyler Carmack,PHI,25,floor,,,reliever,MiLB (MLE),1.0,0.0,0.0,4.2,0.9,0.6,0.2,0.0,0.1,0.4,0.0,0.9,0.4,0.5,0.0,0.0,3.89,1.3,8.1,3.6,0.9,4.227,0.22051,0.08511,0.01131,0.02922,0.13987,0.04158,0.00375,3.88979,4.37547
801546,Zane Russell,ARI,25,floor,,,reliever,MiLB (MLE),1.0,0.0,0.0,4.2,0.9,0.6,0.2,0.0,0.1,0.4,0.0,0.9,0.4,0.5,0.0,0.0,3.96,1.3,8.1,3.6,0.9,4.236,0.22051,0.08511,0.0113,0.03046,0.14001,0.04162,0.00375,3.95906,4.45339
694391,Austin Vernon,TB,25,floor,,,reliever,MiLB (MLE),1.0,0.0,0.0,4.2,0.9,0.6,0.2,0.0,0.1,0.4,0.0,0.9,0.4,0.5,0.0,0.0,3.96,1.3,8.1,3.6,0.9,4.236,0.22051,0.08511,0.0113,0.03038,0.14012,0.04166,0.00375,3.95872,4.453
676566,Shawn Ross,PIT,25,floor,,,reliever,MiLB (MLE),1.0,0.0,0.0,4.2,0.9,0.6,0.2,0.0,0.1,0.4,0.0,0.9,0.4,0.5,0.0,0.0,3.96,1.3,8.1,3.6,0.9,4.236,0.22051,0.08511,0.0113,0.03046,0.14001,0.04162,0.00375,3.95906,4.45339
805003,Derrick Smith,COL,25,floor,,,reliever,MiLB (MLE),1.0,0.0,0.0,4.2,0.9,0.6,0.2,0.0,0.1,0.4,0.0,0.9,0.4,0.5,0.0,0.0,3.95,1.3,8.1,3.6,0.9,4.237,0.22052,0.08511,0.01129,0.03007,0.14045,0.04175,0.00376,3.95217,4.44563
543272,Brad Hand,ATL,37,floor,,,reliever,MLB,1.0,0.0,0.0,4.3,0.9,0.6,0.2,0.0,0.1,0.4,0.1,0.9,0.5,0.5,0.0,0.0,4.11,1.3,8.1,3.6,0.9,4.332,0.22052,0.09639,0.02365,0.02912,0.1347,0.04042,0.0032,4.11227,4.62573
681495,Cade Fergus,PHI,25,floor,,,reliever,MiLB (MLE),1.0,0.0,0.0,4.2,0.9,0.6,0.2,0.0,0.1,0.4,0.0,0.9,0.4,0.5,0.0,0.0,3.9,1.3,8.1,3.6,0.9,4.229,0.22052,0.08511,0.0113,0.02926,0.14009,0.04165,0.00375,3.89881,4.38561
808678,Fermin Magallanes,BAL,25,floor,,,reliever,MiLB (MLE),1.0,0.0,0.0,4.2,0.9,0.6,0.2,0.0,0.1,0.4,0.0,0.9,0.4,0.5,0.0,0.0,3.95,1.3,8.1,3.6,0.9,4.237,0.22052,0.08511,0.01129,0.03007,0.14045,0.04175,0.00376,3.95217,4.44563
808690,Yohanfer Santana,MIA,25,floor,,,reliever,MiLB (MLE),1.0,0.0,0.0,4.2,0.9,0.6,0.2,0.0,0.1,0.4,0.0,0.9,0.4,0.5,0.0,0.0,3.95,1.3,8.1,3.6,0.9,4.237,0.22052,0.08511,0.01129,0.03007,0.14045,0.04175,0.00376,3.95217,4.44563
808744,Cal Stark,TEX,25,floor,,,reliever,MiLB (MLE),1.0,0.0,0.0,4.2,0.9,0.6,0.2,0.0,0.1,0.4,0.0,0.9,0.4,0.5,0.0,0.0,3.96,1.3,8.1,3.6,0.9,4.237,0.22052,0.08511,0.01129,0.03017,0.14045,0.04175,0.00376,3.95778,4.45195
694355,Tyler Gentry,DET,25,floor,,,reliever,MiLB (MLE),1.0,0.0,0.0,4.2,0.9,0.6,0.2,0.0,0.1,0.4,0.0,0.9,0.4,0.5,0.0,0.0,3.9,1.3,8.1,3.6,0.9,4.229,0.22052,0.08511,0.0113,0.02926,0.14009,0.04165,0.00375,3.89881,4.38561
823153,Matt King,PIT,25,floor,,,reliever,MiLB (MLE),1.0,0.0,0.0,4.2,0.9,0.6,0.2,0.0,0.1,0.4,0.0,0.9,0.4,0.5,0.0,0.0,3.96,1.3,8.1,3.6,0.9,4.237,0.22052,0.08511,0.0113,0.03028,0.14029,0.0417,0.00376,3.95825,4.45247
822691,David Sanchez,ARI,25,floor,,,reliever,MiLB (MLE),1.0,0.0,0.0,4.2,0.9,0.6,0.2,0.0,0.1,0.4,0.0,0.9,0.4,0.5,0.0,0.0,3.9,1.3,8.1,3.6,0.9,4.23,0.22052,0.08511,0.0113,0.02928,0.14016,0.04167,0.00376,3.90183,4.38901
823116,Dominic Niman,TB,25,floor,,,reliever,MiLB (MLE),1.0,0.0,0.0,4.2,0.9,0.6,0.2,0.0,0.1,0.4,0.0,0.9,0.4,0.5,0.0,0.0,3.9,1.3,8.1,3.6,0.9,4.229,0.22052,0.08511,0.0113,0.02926,0.14009,0.04165,0.00375,3.89881,4.38561
694318,Austin St. Laurent,SEA,25,floor,,,reliever,MiLB (MLE),1.0,0.0,0.0,4.2,0.9,0.6,0.2,0.0,0.1,0.4,0.0,0.9,0.4,0.5,0.0,0.0,3.91,1.3,8.1,3.6,0.9,4.231,0.22052,0.08511,0.0113,0.0293,0.14029,0.04171,0.00376,3.9072,4.39505
702444,Eric Martinez,MIL,25,floor,,,reliever,MiLB (MLE),1.0,0.0,0.0,4.2,0.9,0.6,0.2,0.0,0.1,0.4,0.0,0.9,0.4,0.5,0.0,0.0,3.9,1.3,8.1,3.6,0.9,4.23,0.22052,0.08511,0.0113,0.02928,0.14016,0.04167,0.00376,3.90183,4.38901
670148,Nate Mondou,SD,25,floor,,,reliever,MiLB (MLE),1.0,0.0,0.0,4.2,0.9,0.6,0.2,0.0,0.1,0.4,0.0,0.9,0.4,0.5,0.0,0.0,3.9,1.3,8.1,3.6,0.9,4.229,0.22052,0.08511,0.0113,0.02926,0.14009,0.04165,0.00375,3.89881,4.38561
691559,Jose D. Hernandez,LAD,25,floor,,,reliever,MiLB (MLE),1.0,0.0,0.0,4.2,0.9,0.6,0.2,0.0,0.1,0.4,0.0,0.9,0.4,0.5,0.0,0.0,3.96,1.3,8.1,3.6,0.9,4.237,0.22052,0.08511,0.01129,0.03017,0.14045,0.04175,0.00376,3.95778,4.45195
821962,James Guyette,SD,25,floor,,,reliever,MiLB (MLE),1.0,0.0,0.0,4.2,0.9,0.6,0.2,0.0,0.1,0.4,0.0,0.9,0.4,0.5,0.0,0.0,3.91,1.3,8.1,3.6,0.9,4.231,0.22052,0.08511,0.0113,0.02932,0.14035,0.04172,0.00376,3.90989,4.39808
805788,Aidan Keenan,NYM,25,floor,,,reliever,MiLB (MLE),1.0,0.0,0.0,4.2,0.9,0.6,0.2,0.0,0.1,0.4,0.0,0.9,0.4,0.5,0.0,0.0,3.91,1.3,8.1,3.6,0.9,4.23,0.22052,0.08511,0.0113,0.0293,0.14026,0.0417,0.00376,3.90586,4.39354
695661,Logan McGuire,CLE,25,floor,,,reliever,MiLB (MLE),1.0,0.0,0.0,4.2,0.9,0.6,0.2,0.0,0.1,0.4,0.0,0.9,0.4,0.5,0.0,0.0,3.9,1.3,8.1,3.6,0.9,4.229,0.22052,0.08511,0.0113,0.02926,0.14009,0.04165,0.00375,3.89881,4.38561
695742,Hudson White,BOS,25,floor,,,reliever,MiLB (MLE),1.0,0.0,0.0,4.2,0.9,0.6,0.2,0.0,0.1,0.4,0.0,0.9,0.4,0.5,0.0,0.0,3.91,1.3,8.1,3.6,0.9,4.231,0.22052,0.08511,0.0113,0.0293,0.14029,0.04171,0.00376,3.9072,4.39505
696020,Raudelis Martinez,BOS,25,floor,,,reliever,MiLB (MLE),1.0,0.0,0.0,4.2,0.9,0.6,0.2,0.0,0.1,0.4,0.0,0.9,0.4,0.5,0.0,0.0,3.91,1.3,8.1,3.6,0.9,4.231,0.22052,0.08511,0.0113,0.0293,0.14029,0.04171,0.00376,3.9072,4.39505
834242,Camden Lohman,NYM,25,floor,,,reliever,MiLB (MLE),1.0,0.0,0.0,4.2,0.9,0.6,0.2,0.0,0.1,0.4,0.0,0.9,0.4,0.5,0.0,0.0,3.91,1.3,8.1,3.6,0.9,4.23,0.22052,0.08511,0.0113,0.0293,0.14026,0.0417,0.00376,3.90586,4.39354
809814,Francis Texido,LAA,25,floor,,,reliever,MiLB (MLE),1.0,0.0,0.0,4.2,0.9,0.6,0.2,0.0,0.1,0.4,0.0,0.9,0.4,0.5,0.0,0.0,3.9,1.3,8.1,3.6,0.9,4.229,0.22052,0.08511,0.0113,0.02926,0.14009,0.04165,0.00375,3.89881,4.38561
810951,Nate Knowles,TB,25,floor,,,reliever,MiLB (MLE),1.0,0.0,0.0,4.2,0.9,0.6,0.2,0.0,0.1,0.4,0.0,0.9,0.4,0.5,0.0,0.0,3.91,1.3,8.1,3.6,0.9,4.231,0.22052,0.08511,0.0113,0.02932,0.14035,0.04172,0.00376,3.90989,4.39808
827624,Michael Hallquist,CHC,25,floor,,,reliever,MiLB (MLE),1.0,0.0,0.0,4.2,0.9,0.6,0.2,0.0,0.1,0.4,0.0,0.9,0.4,0.5,0.0,0.0,3.96,1.3,8.1,3.6,0.9,4.237,0.22052,0.08511,0.0113,0.03028,0.14029,0.0417,0.00376,3.95825,4.45247
834984,Cal Higgins,PHI,25,floor,,,reliever,MiLB (MLE),1.0,0.0,0.0,4.2,0.9,0.6,0.2,0.0,0.1,0.4,0.0,0.9,0.4,0.5,0.0,0.0,3.95,1.3,8.1,3.6,0.9,4.237,0.22052,0.08511,0.01129,0.03007,0.14045,0.04175,0.00376,3.95217,4.44563
691571,Johan Macias,LAA,25,floor,,,reliever,MiLB (MLE),1.0,0.0,0.0,4.2,0.9,0.6,0.2,0.0,0.1,0.4,0.0,0.9,0.4,0.5,0.0,0.0,3.9,1.3,8.1,3.6,0.9,4.229,0.22052,0.08511,0.0113,0.02927,0.14013,0.04166,0.00375,3.90049,4.3875
841166,Tyler Papenbrock,WSH,25,floor,,,reliever,MiLB (MLE),1.0,0.0,0.0,4.2,0.9,0.6,0.2,0.0,0.1,0.4,0.0,0.9,0.4,0.5,0.0,0.0,3.95,1.3,8.1,3.6,0.9,4.237,0.22052,0.08511,0.01129,0.03007,0.14045,0.04175,0.00376,3.95217,4.44563
840400,Aidan Brainard,TEX,25,floor,,,reliever,MiLB (MLE),1.0,0.0,0.0,4.2,0.9,0.6,0.2,0.0,0.1,0.4,0.0,0.9,0.4,0.5,0.0,0.0,3.91,1.3,8.1,3.6,0.9,4.231,0.22052,0.08511,0.0113,0.0293,0.14029,0.04171,0.00376,3.9072,4.39505
647378,Andy Yerzy,STL,25,floor,,,reliever,MiLB (MLE),1.0,0.0,0.0,4.2,0.9,0.6,0.2,0.0,0.1,0.4,0.0,0.9,0.4,0.5,0.0,0.0,3.9,1.3,8.1,3.6,0.9,4.229,0.22052,0.08511,0.0113,0.02926,0.14009,0.04165,0.00375,3.89881,4.38561
833413,Nick Falter,SD,25,floor,,,reliever,MiLB (MLE),1.0,0.0,0.0,4.2,0.8,0.5,0.2,0.0,0.1,0.4,0.0,0.9,0.4,0.5,0.0,0.0,3.77,1.2,8.1,3.6,0.9,4.166,0.21875,0.08449,0.0115,0.03309,0.12961,0.03853,0.00347,3.76746,4.23787
800859,J.D. McReynolds,TEX,25,floor,,,reliever,MiLB (MLE),1.0,0.0,0.0,4.1,0.8,0.5,0.2,0.0,0.1,0.3,0.0,0.9,0.4,0.4,0.0,0.0,3.59,1.1,8.1,2.7,0.9,4.145,0.21875,0.0845,0.0115,0.02969,0.12959,0.03852,0.00347,3.59271,4.04129
702297,Carson Skipper,COL,25,floor,,,reliever,MiLB (MLE),1.0,0.0,0.0,4.2,0.9,0.5,0.2,0.0,0.2,0.4,0.0,0.9,0.4,0.5,0.0,0.0,3.91,1.3,8.1,3.6,1.8,4.18,0.21861,0.08444,0.01151,0.03614,0.12919,0.03841,0.00346,3.91137,4.39975
671726,Marquis Grissom Jr.,WSH,25,floor,,,reliever,MiLB (MLE),1.0,0.0,0.0,4.2,0.8,0.5,0.2,0.0,0.1,0.4,0.0,0.9,0.4,0.5,0.0,0.0,3.68,1.2,8.1,3.6,0.9,4.153,0.21861,0.08444,0.01151,0.03172,0.12914,0.03839,0.00346,3.68229,4.14206
607461,Matt Beaty,SF,34,floor,,,reliever,MLB,1.0,0.0,0.0,4.2,0.9,0.6,0.2,0.0,0.1,0.4,0.0,0.9,0.4,0.5,0.0,0.0,4.0,1.3,8.1,3.6,0.9,4.248,0.21861,0.08653,0.01037,0.03052,0.14115,0.04236,0.00335,4.00127,4.50086
801920,Jackson Holmes,OAK,25,floor,,,reliever,MiLB (MLE),1.0,0.0,0.0,4.1,0.8,0.5,0.2,0.0,0.1,0.3,0.0,0.9,0.4,0.5,0.0,0.0,3.61,1.1,8.1,2.7,0.9,4.145,0.21861,0.08444,0.01151,0.03023,0.12913,0.03839,0.00346,3.60606,4.05631
801412,Will Mabrey,ARI,25,floor,,,reliever,MiLB (MLE),1.0,0.0,0.0,4.1,0.8,0.5,0.2,0.0,0.1,0.3,0.0,0.9,0.4,0.4,0.0,0.0,3.52,1.1,8.1,2.7,0.9,4.135,0.21862,0.08444,0.01151,0.02856,0.12914,0.03839,0.00346,3.52155,3.96125
807206,Josnier Parra,OAK,25,floor,,,reliever,MiLB (MLE),1.0,0.0,0.0,4.2,0.8,0.5,0.2,0.0,0.1,0.4,0.0,0.9,0.4,0.5,0.0,0.0,3.74,1.2,8.1,3.6,0.9,4.161,0.21862,0.08445,0.01151,0.03285,0.1292,0.03841,0.00346,3.74228,4.20954
681003,Andrew Walling,PHI,25,floor,,,reliever,MiLB (MLE),1.0,0.0,0.0,4.2,0.8,0.5,0.2,0.0,0.1,0.4,0.0,0.9,0.4,0.5,0.0,0.0,3.68,1.2,8.1,3.6,0.9,4.153,0.21863,0.08445,0.01151,0.03157,0.1292,0.03841,0.00346,3.67634,4.13537
684128,Reidis Sena,BOS,25,floor,,,reliever,MiLB (MLE),1.0,0.0,0.0,4.2,0.8,0.5,0.2,0.0,0.1,0.4,0.0,0.9,0.4,0.5,0.0,0.0,3.68,1.2,8.1,3.6,0.9,4.153,0.21863,0.08445,0.01151,0.03157,0.1292,0.03841,0.00346,3.67634,4.13537
800442,Mauricio Estrella,SF,25,floor,,,reliever,MiLB (MLE),1.0,0.0,0.0,4.2,0.8,0.5,0.2,0.0,0.1,0.4,0.0,0.9,0.4,0.5,0.0,0.0,3.65,1.2,8.1,3.6,0.9,4.15,0.21864,0.08445,0.01151,0.03099,0.12923,0.03842,0.00346,3.64804,4.10353
814384,Alexander Meckley,WSH,25,floor,,,starter,MiLB (MLE),1.0,0.0,0.0,4.1,0.8,0.5,0.2,0.0,0.1,0.3,0.0,0.9,0.4,0.4,0.0,0.0,3.73,1.1,8.1,2.7,0.9,4.138,0.21864,0.08445,0.01151,0.02899,0.12924,0.03842,0.00346,3.72607,3.98937
702568,Mason Morris,CIN,25,floor,,,starter,MiLB (MLE),1.0,0.0,0.0,4.2,0.9,0.6,0.2,0.0,0.1,0.4,0.0,0.9,0.4,0.5,0.0,0.0,3.94,1.3,8.1,3.6,0.9,4.195,0.22022,0.08504,0.01138,0.0285,0.13644,0.04056,0.00366,3.93582,4.21394
822915,Matthew Tippie,NYY,25,floor,,,reliever,MiLB (MLE),1.0,0.0,0.0,4.1,0.8,0.5,0.2,0.0,0.1,0.3,0.0,0.9,0.4,0.4,0.0,0.0,3.58,1.1,8.1,2.7,0.9,4.142,0.21866,0.08446,0.01151,0.02961,0.12929,0.03843,0.00346,3.57956,4.0265
678713,Efrain Contreras,LAA,25,floor,,,reliever,MiLB (MLE),1.0,0.0,0.0,4.2,0.8,0.5,0.2,0.0,0.1,0.4,0.0,0.9,0.4,0.5,0.0,0.0,3.69,1.2,8.1,3.6,0.9,4.156,0.21867,0.08447,0.01151,0.03178,0.12936,0.03846,0.00347,3.69218,4.15318
834989,Kaden Echeman,STL,25,floor,,,reliever,MiLB (MLE),1.0,0.0,0.0,4.2,0.8,0.5,0.2,0.0,0.1,0.4,0.0,0.9,0.4,0.5,0.0,0.0,3.68,1.2,8.1,3.6,0.9,4.155,0.21867,0.08447,0.01151,0.03159,0.12936,0.03846,0.00347,3.68246,4.14226
691014,Nate Savino,ARI,25,floor,,,reliever,MiLB (MLE),1.0,0.0,0.0,4.2,0.8,0.5,0.2,0.0,0.1,0.4,0.0,0.9,0.4,0.5,0.0,0.0,3.77,1.2,8.1,3.6,0.9,4.165,0.21867,0.08446,0.01151,0.03337,0.12935,0.03845,0.00347,3.77334,4.24448
815298,Jacob Bresnahan,SF,25,floor,,,starter,MiLB (MLE),1.0,0.0,0.0,4.1,0.8,0.5,0.2,0.0,0.1,0.3,0.0,0.9,0.4,0.4,0.0,0.0,3.71,1.1,8.1,2.7,0.9,4.137,0.21868,0.08447,0.01151,0.02861,0.12936,0.03846,0.00347,3.70967,3.97181
691774,Irv Carter,TOR,25,floor,,,reliever,MiLB (MLE),1.0,0.0,0.0,4.1,0.8,0.5,0.2,0.0,0.1,0.3,0.0,0.9,0.4,0.4,0.0,0.0,3.51,1.1,8.1,2.7,0.9,4.133,0.21855,0.08441,0.01152,0.02851,0.12893,0.03833,0.00345,3.51221,3.95074
823810,Reed Moring,MIN,25,floor,,,starter,MiLB (MLE),1.0,0.0,0.0,4.2,0.8,0.5,0.2,0.0,0.1,0.4,0.0,0.9,0.4,0.5,0.0,0.0,3.87,1.2,8.1,3.6,0.9,4.153,0.21855,0.08442,0.01151,0.03193,0.12898,0.03834,0.00346,3.87436,4.14814
807636,Dominic Scheffler,CIN,25,floor,,,reliever,MiLB (MLE),1.0,0.0,0.0,4.1,0.8,0.5,0.2,0.0,0.1,0.3,0.0,0.9,0.4,0.4,0.0,0.0,3.57,1.1,8.1,2.7,0.9,4.139,0.21856,0.08442,0.01151,0.02954,0.12899,0.03835,0.00346,3.5665,4.01181
838328,Ray Cebulski,SEA,25,floor,,,reliever,MiLB (MLE),1.0,0.0,0.0,4.2,0.8,0.5,0.2,0.0,0.1,0.4,0.0,0.9,0.4,0.5,0.0,0.0,3.67,1.2,8.1,3.6,0.9,4.151,0.21856,0.08442,0.01151,0.03149,0.12898,0.03834,0.00346,3.6656,4.12329
808658,Nicolas De La Cruz,BOS,25,floor,,,reliever,MiLB (MLE),1.0,0.0,0.0,4.1,0.8,0.5,0.2,0.0,0.1,0.3,0.0,0.9,0.4,0.4,0.0,0.0,3.53,1.1,8.1,2.7,0.9,4.136,0.21856,0.08442,0.01151,0.02889,0.12899,0.03835,0.00346,3.53359,3.97479
701808,Cody Morse,LAD,25,floor,,,reliever,MiLB (MLE),1.0,0.0,0.0,4.1,0.8,0.5,0.2,0.0,0.1,0.3,0.0,0.9,0.4,0.4,0.0,0.0,3.54,1.1,8.1,2.7,0.9,4.136,0.21856,0.08442,0.01151,0.02894,0.12899,0.03835,0.00346,3.53578,3.97726
690989,Ben Hernandez,SEA,25,floor,,,reliever,MiLB (MLE),1.0,0.0,0.0,4.1,0.8,0.5,0.2,0.0,0.1,0.3,0.0,0.9,0.4,0.4,0.0,0.0,3.59,1.1,8.1,2.7,0.9,4.142,0.21856,0.08442,0.01151,0.02993,0.12898,0.03834,0.00346,3.58628,4.03406
670219,Zac Kristofak,LAA,29,floor,,,reliever,MLB,1.0,0.0,0.0,4.2,1.0,0.6,0.2,0.0,0.2,0.4,0.0,0.9,0.5,0.5,0.0,0.0,4.22,1.4,8.1,3.6,1.8,4.242,0.21865,0.08938,0.00991,0.03969,0.13212,0.03825,0.00389,4.22241,4.74962
691772,Maddux Bruns,LAD,25,floor,,,reliever,MiLB (MLE),1.0,0.0,0.0,4.1,0.8,0.5,0.2,0.0,0.1,0.3,0.0,0.9,0.4,0.4,0.0,0.0,3.54,1.1,8.1,2.7,0.9,4.139,0.21875,0.0845,0.0115,0.02866,0.12958,0.03852,0.00347,3.54037,3.98242
692454,Pablo Aldonis,WSH,25,floor,,,reliever,MiLB (MLE),1.0,0.0,0.0,4.1,0.8,0.5,0.2,0.0,0.1,0.3,0.0,0.9,0.4,0.5,0.0,0.0,3.61,1.1,8.1,2.7,0.9,4.148,0.21876,0.0845,0.0115,0.03008,0.12961,0.03853,0.00347,3.61376,4.06498
834863,Brennan Stuprich,NYY,25,floor,,,reliever,MiLB (MLE),1.0,0.0,0.0,4.2,0.8,0.5,0.2,0.0,0.1,0.4,0.0,0.9,0.4,0.5,0.0,0.0,3.7,1.2,8.1,3.6,0.9,4.158,0.21877,0.0845,0.0115,0.03167,0.12966,0.03855,0.00347,3.69607,4.15755
701685,Owen Kellington,PIT,25,floor,,,reliever,MiLB (MLE),1.0,0.0,0.0,4.2,0.8,0.5,0.2,0.0,0.1,0.4,0.0,0.9,0.4,0.5,0.0,0.0,3.88,1.2,8.1,3.6,0.9,4.179,0.21878,0.08451,0.0115,0.03514,0.12973,0.03857,0.00348,3.87666,4.3607
816212,Angelo Smith,LAA,25,floor,,,reliever,MiLB (MLE),1.0,0.0,0.0,4.2,0.8,0.5,0.2,0.0,0.1,0.4,0.0,0.9,0.4,0.5,0.0,0.0,3.8,1.2,8.1,3.6,0.9,4.17,0.21878,0.08451,0.0115,0.03365,0.12973,0.03857,0.00348,3.8002,4.27469
807962,Carlos Castillo,PIT,25,floor,,,reliever,MiLB (MLE),1.0,0.0,0.0,4.2,0.8,0.5,0.2,0.0,0.1,0.4,0.0,0.9,0.4,0.5,0.0,0.0,3.77,1.2,8.1,3.6,0.9,4.167,0.21879,0.08451,0.0115,0.03313,0.12973,0.03857,0.00348,3.77328,4.24441
827448,Emilio Obispo,NYM,25,floor,,,starter,MiLB (MLE),1.0,0.0,0.0,4.1,0.8,0.5,0.2,0.0,0.1,0.3,0.0,0.9,0.4,0.4,0.0,0.0,3.75,1.1,8.1,2.7,0.9,4.143,0.2188,0.08451,0.0115,0.02911,0.12974,0.03857,0.00348,3.7489,4.01381
802068,Kendeglys Virguez,WSH,25,floor,,,reliever,MiLB (MLE),1.0,0.0,0.0,4.2,0.8,0.5,0.2,0.0,0.1,0.4,0.0,0.9,0.4,0.5,0.0,0.0,3.63,1.2,8.1,3.6,0.9,4.151,0.21881,0.08452,0.0115,0.0303,0.1298,0.03859,0.00348,3.6308,4.08414
814491,Tucker Musgrove,SD,25,floor,,,reliever,MiLB (MLE),1.0,0.0,0.0,4.1,0.8,0.5,0.2,0.0,0.1,0.3,0.0,0.9,0.4,0.4,0.0,0.0,3.55,1.1,8.1,2.7,0.9,4.141,0.21882,0.08452,0.0115,0.02871,0.12981,0.03859,0.00348,3.54986,3.99309
701859,Justin Armbruester,NYM,25,floor,,,reliever,MiLB (MLE),1.0,0.0,0.0,4.1,0.8,0.5,0.2,0.0,0.1,0.3,0.0,0.9,0.4,0.4,0.0,0.0,3.47,1.1,8.1,2.7,0.9,4.132,0.21882,0.08452,0.0115,0.02712,0.12981,0.03859,0.00348,3.46928,3.90245
702396,Junior William,TB,25,floor,,,reliever,MiLB (MLE),1.0,0.0,0.0,4.1,0.8,0.5,0.2,0.0,0.1,0.3,0.0,0.9,0.4,0.4,0.0,0.0,3.47,1.1,8.1,2.7,0.9,4.132,0.21882,0.08452,0.0115,0.02712,0.12981,0.03859,0.00348,3.46928,3.90245
811304,Jake Peppers,CWS,25,floor,,,reliever,MiLB (MLE),1.0,0.0,0.0,4.2,0.8,0.5,0.2,0.0,0.1,0.4,0.0,0.9,0.4,0.5,0.0,0.0,3.62,1.2,8.1,3.6,0.9,4.15,0.21883,0.08453,0.0115,0.03015,0.12987,0.03861,0.00348,3.62487,4.07747
814280,Landon Tomkins,PIT,25,floor,,,reliever,MiLB (MLE),1.0,0.0,0.0,4.1,0.8,0.5,0.2,0.0,0.1,0.3,0.0,0.9,0.4,0.4,0.0,0.0,3.46,1.1,8.1,2.7,0.9,4.13,0.21875,0.08449,0.01151,0.02706,0.12956,0.03851,0.00347,3.45872,3.89058
703863,Josbel Garcia,TOR,25,floor,,,reliever,MiLB (MLE),1.0,0.0,0.0,4.2,0.8,0.5,0.2,0.0,0.1,0.4,0.0,0.9,0.4,0.5,0.0,0.0,3.71,1.2,8.1,3.6,0.9,4.16,0.21884,0.08453,0.0115,0.03173,0.12989,0.03861,0.00348,3.70633,4.1691
677076,Clayton Andrews,NYY,30,floor,,,reliever,MLB,1.0,0.0,0.0,4.3,0.9,0.6,0.2,0.0,0.1,0.4,0.1,0.9,0.4,0.5,0.0,0.0,3.94,1.3,8.1,3.6,0.9,4.274,0.21869,0.08465,0.01834,0.02668,0.14371,0.04199,0.00311,3.93881,4.4306
834961,Dusty Revis,CIN,25,floor,,,starter,MiLB (MLE),1.0,0.0,0.0,4.2,0.8,0.5,0.2,0.0,0.1,0.4,0.0,0.9,0.4,0.5,0.0,0.0,3.84,1.2,8.1,3.6,0.9,4.151,0.2187,0.08448,0.01151,0.03096,0.12943,0.03848,0.00347,3.83744,4.10861
816014,Ryan McDonagh,KC,25,floor,,,starter,MiLB (MLE),1.0,0.0,0.0,4.2,0.8,0.5,0.2,0.0,0.1,0.4,0.0,0.9,0.4,0.5,0.0,0.0,3.91,1.2,8.1,3.6,0.9,4.16,0.21872,0.08448,0.01151,0.03228,0.12951,0.0385,0.00347,3.91109,4.18746
804467,Patrick Forbes,ARI,25,floor,,,reliever,MiLB (MLE),1.0,0.0,0.0,4.1,0.8,0.5,0.2,0.0,0.1,0.3,0.0,0.9,0.4,0.5,0.0,0.0,3.61,1.1,8.1,2.7,0.9,4.147,0.21872,0.08448,0.01151,0.03005,0.12949,0.03849,0.00347,3.60823,4.05876
698959,Jan Caraballo,DET,25,floor,,,reliever,MiLB (MLE),1.0,0.0,0.0,4.2,0.8,0.5,0.2,0.0,0.1,0.4,0.0,0.9,0.4,0.5,0.0,0.0,3.79,1.2,8.1,3.6,0.9,4.168,0.21872,0.08448,0.01151,0.03359,0.12951,0.0385,0.00347,3.78964,4.26282
827469,Luis Burgos,OAK,25,floor,,,reliever,MiLB (MLE),1.0,0.0,0.0,4.1,0.8,0.5,0.2,0.0,0.1,0.3,0.0,0.9,0.4,0.5,0.0,0.0,3.62,1.1,8.1,2.7,0.9,4.148,0.21873,0.08449,0.01151,0.03032,0.12951,0.0385,0.00347,3.62263,4.07495
676053,Casey Opitz,CHC,25,floor,,,reliever,MiLB (MLE),1.0,0.0,0.0,4.2,0.8,0.5,0.2,0.0,0.1,0.4,0.0,0.9,0.4,0.5,0.0,0.0,3.81,1.2,8.1,3.6,0.9,4.17,0.21873,0.08449,0.0115,0.03395,0.12954,0.03851,0.00347,3.80959,4.28526
700895,Sawyer Hawks,ARI,25,floor,,,reliever,MiLB (MLE),1.0,0.0,0.0,4.2,0.8,0.5,0.2,0.0,0.1,0.4,0.0,0.9,0.4,0.5,0.0,0.0,3.78,1.2,8.1,3.6,0.9,4.167,0.21874,0.08449,0.0115,0.03343,0.12958,0.03852,0.00347,3.78353,4.25594
667478,Evan Kravetz,CIN,30,floor,,,reliever,MLB,1.0,0.0,0.0,4.2,0.9,0.6,0.2,0.0,0.1,0.4,0.0,0.9,0.4,0.5,0.0,0.0,4.04,1.3,8.1,3.6,0.9,4.24,0.21874,0.08441,0.011,0.03395,0.142,0.03821,0.00334,4.04408,4.54902
828496,Jonathan Todd,TOR,25,floor,,,reliever,MiLB (MLE),1.0,0.0,0.0,4.2,0.8,0.5,0.2,0.0,0.1,0.4,0.0,0.9,0.4,0.5,0.0,0.0,3.78,1.2,8.1,3.6,0.9,4.167,0.21874,0.08449,0.0115,0.03343,0.12958,0.03852,0.00347,3.78353,4.25594
808042,Jhon Medina,COL,25,floor,,,reliever,MiLB (MLE),1.0,0.0,0.0,4.2,0.8,0.5,0.2,0.0,0.1,0.4,0.0,0.9,0.4,0.5,0.0,0.0,3.69,1.2,8.1,3.6,0.9,4.157,0.21874,0.08449,0.0115,0.03165,0.12959,0.03852,0.00347,3.69266,4.15372
685329,Carlos Peña,DET,25,floor,,,reliever,MiLB (MLE),1.0,0.0,0.0,4.1,0.8,0.5,0.2,0.0,0.1,0.3,0.0,0.9,0.4,0.4,0.0,0.0,3.46,1.1,8.1,2.7,0.9,4.13,0.21875,0.08449,0.01151,0.02706,0.12956,0.03851,0.00347,3.45872,3.89058
834575,Eston Stull,MIN,25,floor,,,reliever,MiLB (MLE),1.0,0.0,0.0,4.2,0.8,0.5,0.2,0.0,0.1,0.4,0.0,0.9,0.4,0.5,0.0,0.0,3.68,1.2,8.1,3.6,0.9,4.156,0.21883,0.08453,0.0115,0.03115,0.12987,0.03861,0.00348,3.67614,4.13515
702903,Saul Garcia,NYM,25,floor,,,reliever,MiLB (MLE),1.0,0.0,0.0,4.1,0.8,0.5,0.2,0.0,0.1,0.3,0.0,0.9,0.4,0.5,0.0,0.0,3.65,1.1,8.1,2.7,0.9,4.146,0.2184,0.08436,0.01152,0.03139,0.12852,0.03821,0.00344,3.64565,4.10084
694537,Channing Austin,NYM,25,floor,,,reliever,MiLB (MLE),1.0,0.0,0.0,4.1,0.8,0.5,0.2,0.0,0.1,0.3,0.0,0.9,0.4,0.4,0.0,0.0,3.49,1.1,8.1,2.7,0.9,4.129,0.2184,0.08436,0.01152,0.02841,0.12849,0.0382,0.00344,3.49367,3.92989
703142,Andy Rodriguez,TB,25,floor,,,reliever,MiLB (MLE),1.0,0.0,0.0,4.1,0.8,0.5,0.2,0.0,0.1,0.3,0.0,0.9,0.4,0.5,0.0,0.0,3.61,1.1,8.1,2.7,0.9,4.143,0.2184,0.08436,0.01152,0.03081,0.12849,0.0382,0.00344,3.61487,4.06622
702516,JP Wheat,CHC,25,floor,,,reliever,MiLB (MLE),1.0,0.0,0.0,4.1,0.8,0.5,0.2,0.0,0.1,0.3,0.0,0.9,0.4,0.4,0.0,0.0,3.41,1.1,8.1,2.7,0.9,4.119,0.21841,0.08436,0.01152,0.02684,0.12849,0.0382,0.00344,3.41456,3.8409
690367,Evan Gray,SF,25,floor,,,reliever,MiLB (MLE),1.0,0.0,0.0,4.1,0.8,0.5,0.2,0.0,0.1,0.3,0.0,0.9,0.4,0.4,0.0,0.0,3.51,1.1,8.1,2.7,0.9,4.131,0.21842,0.08436,0.01152,0.02879,0.12854,0.03821,0.00344,3.51438,3.95318
812363,Marlon Nieves,LAD,25,floor,,,starter,MiLB (MLE),1.0,0.0,0.0,4.1,0.8,0.5,0.2,0.0,0.1,0.3,0.0,0.9,0.4,0.4,0.0,0.0,3.66,1.1,8.1,2.7,0.9,4.128,0.21845,0.08438,0.01152,0.02816,0.12862,0.03824,0.00345,3.66129,3.92001
805684,Cristofer Gomez,NYM,25,floor,,,reliever,MiLB (MLE),1.0,0.0,0.0,4.2,0.8,0.5,0.2,0.0,0.1,0.4,0.0,0.9,0.4,0.5,0.0,0.0,3.74,1.2,8.1,3.6,0.9,4.158,0.21846,0.08438,0.01152,0.03318,0.1287,0.03826,0.00345,3.74309,4.21045
823862,Angel Perez,CLE,25,floor,,,reliever,MiLB (MLE),1.0,0.0,0.0,4.2,0.8,0.5,0.2,0.0,0.1,0.4,0.0,0.9,0.4,0.5,0.0,0.0,3.72,1.2,8.1,3.6,0.9,4.155,0.21846,0.08438,0.01152,0.03271,0.12868,0.03825,0.00345,3.71831,4.18257
826939,Luke Gabrysh,NYM,25,floor,,,starter,MiLB (MLE),1.0,0.0,0.0,4.2,0.8,0.5,0.2,0.0,0.1,0.4,0.0,0.9,0.4,0.5,0.0,0.0,3.93,1.2,8.1,3.6,0.9,4.158,0.21846,0.08438,0.01152,0.03318,0.1287,0.03826,0.00345,3.93256,4.21045
802180,Ryan Bourassa,ATL,25,floor,,,reliever,MiLB (MLE),1.0,0.0,0.0,4.2,0.8,0.5,0.2,0.0,0.1,0.4,0.0,0.9,0.4,0.5,0.0,0.0,3.74,1.2,8.1,3.6,0.9,4.158,0.21846,0.08438,0.01152,0.03318,0.1287,0.03826,0.00345,3.74309,4.21045
692369,José Davila,STL,25,floor,,,reliever,MiLB (MLE),1.0,0.0,0.0,4.1,0.8,0.5,0.2,0.0,0.1,0.3,0.0,0.9,0.4,0.4,0.0,0.0,3.58,1.1,8.1,2.7,0.9,4.14,0.21847,0.08438,0.01152,0.03004,0.1287,0.03826,0.00345,3.58262,4.02995
807974,Adrian Bohorquez,MIN,25,floor,,,starter,MiLB (MLE),1.0,0.0,0.0,4.1,0.8,0.5,0.2,0.0,0.1,0.3,0.0,0.9,0.4,0.4,0.0,0.0,3.76,1.1,8.1,2.7,0.9,4.14,0.21847,0.08438,0.01152,0.03004,0.1287,0.03826,0.00345,3.76397,4.02995
814255,Miguel Mejias,NYM,25,floor,,,reliever,MiLB (MLE),1.0,0.0,0.0,4.1,0.8,0.5,0.2,0.0,0.1,0.3,0.0,0.9,0.4,0.4,0.0,0.0,3.5,1.1,8.1,2.7,0.9,4.132,0.21859,0.08443,0.01151,0.02826,0.12906,0.03837,0.00346,3.50392,3.94142
815144,Bryce Shaffer,TB,25,floor,,,reliever,MiLB (MLE),1.0,0.0,0.0,4.1,0.8,0.5,0.2,0.0,0.1,0.3,0.0,0.9,0.4,0.4,0.0,0.0,3.47,1.1,8.1,2.7,0.9,4.125,0.21832,0.08433,0.01153,0.02808,0.12825,0.03813,0.00344,3.46918,3.90234
823771,Itsuki Takemoto,OAK,25,floor,,,reliever,MiLB (MLE),1.0,0.0,0.0,4.1,0.8,0.5,0.2,0.0,0.1,0.3,0.0,0.9,0.4,0.4,0.0,0.0,3.47,1.1,8.1,2.7,0.9,4.125,0.21832,0.08433,0.01153,0.02808,0.12825,0.03813,0.00344,3.46918,3.90234
701706,Greysen Carter,NYY,25,floor,,,reliever,MiLB (MLE),1.0,0.0,0.0,4.1,0.8,0.5,0.2,0.0,0.1,0.3,0.0,0.9,0.4,0.4,0.0,0.0,3.53,1.1,8.1,2.7,0.9,4.132,0.21832,0.08432,0.01153,0.02937,0.12824,0.03812,0.00344,3.53426,3.97554
827521,Justin Mitrovich,MIN,25,floor,,,starter,MiLB (MLE),1.0,0.0,0.0,4.1,0.8,0.5,0.2,0.0,0.1,0.3,0.0,0.9,0.4,0.4,0.0,0.0,3.63,1.1,8.1,2.7,0.9,4.123,0.21832,0.08433,0.01153,0.02778,0.12825,0.03813,0.00344,3.62886,3.88529
693176,Elison Joseph,ATL,25,floor,,,reliever,MiLB (MLE),1.0,0.0,0.0,4.1,0.8,0.5,0.2,0.0,0.1,0.3,0.0,0.9,0.4,0.4,0.0,0.0,3.48,1.1,8.1,2.7,0.9,4.126,0.21833,0.08433,0.01153,0.02836,0.12828,0.03813,0.00344,3.48448,3.91955
702604,Michael Kennedy,CLE,25,floor,,,reliever,MiLB (MLE),1.0,0.0,0.0,4.1,0.8,0.5,0.2,0.0,0.1,0.3,0.0,0.9,0.4,0.4,0.0,0.0,3.56,1.1,8.1,2.7,0.9,4.136,0.21833,0.08433,0.01153,0.02993,0.12827,0.03813,0.00344,3.5637,4.00866
808122,Erigaldi Perez,CLE,25,floor,,,starter,MiLB (MLE),1.0,0.0,0.0,4.1,0.8,0.5,0.2,0.0,0.1,0.3,0.0,0.9,0.4,0.4,0.0,0.0,3.75,1.1,8.1,2.7,0.9,4.137,0.21834,0.08433,0.01153,0.03003,0.12832,0.03815,0.00344,3.75084,4.01588
828492,Xavier Kolhosser,MIN,25,floor,,,reliever,MiLB (MLE),1.0,0.0,0.0,4.1,0.8,0.5,0.2,0.0,0.1,0.3,0.0,0.9,0.4,0.5,0.0,0.0,3.61,1.1,8.1,2.7,0.9,4.141,0.21835,0.08434,0.01152,0.03077,0.12836,0.03816,0.00344,3.6094,4.06006
808671,Jhon Reyes,KC,25,floor,,,reliever,MiLB (MLE),1.0,0.0,0.0,4.2,0.8,0.5,0.2,0.0,0.1,0.4,0.0,0.9,0.4,0.5,0.0,0.0,3.7,1.2,8.1,3.6,0.9,4.152,0.21836,0.08434,0.01152,0.03263,0.12838,0.03817,0.00344,3.70474,4.16731
821023,Marlon De La Cruz,WSH,25,floor,,,reliever,MiLB (MLE),1.0,0.0,0.0,4.1,0.8,0.5,0.2,0.0,0.1,0.3,0.0,0.9,0.4,0.4,0.0,0.0,3.54,1.1,8.1,2.7,0.9,4.134,0.21837,0.08434,0.01152,0.0294,0.12839,0.03817,0.00344,3.54066,3.98275
824613,Cole Tolbert,BOS,25,floor,,,reliever,MiLB (MLE),1.0,0.0,0.0,4.1,0.8,0.5,0.2,0.0,0.1,0.3,0.0,0.9,0.4,0.4,0.0,0.0,3.51,1.1,8.1,2.7,0.9,4.13,0.21837,0.08434,0.01152,0.02876,0.12839,0.03817,0.00344,3.50802,3.94603
833080,Ethan Walker,BOS,25,floor,,,reliever,MiLB (MLE),1.0,0.0,0.0,4.1,0.8,0.5,0.2,0.0,0.1,0.3,0.0,0.9,0.4,0.4,0.0,0.0,3.48,1.1,8.1,2.7,0.9,4.126,0.21837,0.08435,0.01152,0.02811,0.12839,0.03817,0.00344,3.47544,3.90939
827640,Lucas Elissalt,DET,25,floor,,,starter,MiLB (MLE),1.0,0.0,0.0,4.1,0.8,0.5,0.2,0.0,0.1,0.3,0.0,0.9,0.4,0.5,0.0,0.0,3.83,1.1,8.1,2.7,0.9,4.145,0.21832,0.08433,0.01153,0.0315,0.12827,0.03813,0.00344,3.82768,4.09816
814102,Drew Pestka,CIN,25,floor,,,reliever,MiLB (MLE),1.0,0.0,0.0,4.2,0.8,0.5,0.2,0.0,0.1,0.4,0.0,0.9,0.4,0.5,0.0,0.0,3.69,1.2,8.1,3.6,0.9,4.155,0.21859,0.08443,0.01151,0.03196,0.12911,0.03838,0.00346,3.69334,4.15449
826044,Cory Ronan,KC,25,floor,,,reliever,MiLB (MLE),1.0,0.0,0.0,4.2,0.8,0.5,0.2,0.0,0.1,0.4,0.0,0.9,0.4,0.5,0.0,0.0,3.74,1.2,8.1,3.6,0.9,4.161,0.21859,0.08443,0.01151,0.03296,0.1291,0.03838,0.00346,3.74435,4.21187
802085,Geury Rodriguez,TEX,25,floor,,,reliever,MiLB (MLE),1.0,0.0,0.0,4.1,0.8,0.5,0.2,0.0,0.1,0.3,0.0,0.9,0.4,0.4,0.0,0.0,3.57,1.1,8.1,2.7,0.9,4.14,0.21859,0.08443,0.01151,0.02956,0.12906,0.03837,0.00346,3.56976,4.01547
703855,Leomar Rosario,HOU,25,floor,,,reliever,MiLB (MLE),1.0,0.0,0.0,4.1,0.8,0.5,0.2,0.0,0.1,0.3,0.0,0.9,0.4,0.4,0.0,0.0,3.54,1.1,8.1,2.7,0.9,4.136,0.21859,0.08443,0.01151,0.02891,0.12906,0.03837,0.00346,3.53681,3.97841
702539,Zach Root,LAD,25,floor,,,starter,MiLB (MLE),1.0,0.0,0.0,4.2,0.8,0.5,0.2,0.0,0.1,0.4,0.0,0.9,0.4,0.5,0.0,0.0,3.95,1.2,8.1,3.6,0.9,4.163,0.2186,0.08444,0.01151,0.0333,0.12913,0.03839,0.00346,3.95369,4.23308
663884,Nolan Kingham,TEX,30,floor,,,reliever,MLB,1.0,0.0,0.0,4.3,0.9,0.6,0.2,0.0,0.1,0.4,0.0,0.9,0.4,0.5,0.0,0.0,4.03,1.3,8.1,3.6,0.9,4.26,0.2186,0.09343,0.01048,0.03221,0.13725,0.03935,0.00352,4.03178,4.53519
808035,Daury Vasquez,ARI,25,floor,,,reliever,MiLB (MLE),1.0,0.0,0.0,4.2,0.8,0.5,0.2,0.0,0.1,0.4,0.0,0.9,0.4,0.5,0.0,0.0,3.74,1.2,8.1,3.6,0.9,4.16,0.2186,0.08444,0.01151,0.03283,0.12913,0.03839,0.00346,3.73884,4.20567
832307,Jack Kartsonas,TB,25,floor,,,starter,MiLB (MLE),1.0,0.0,0.0,4.1,0.8,0.5,0.2,0.0,0.1,0.3,0.0,0.9,0.4,0.4,0.0,0.0,3.68,1.1,8.1,2.7,0.9,4.131,0.21848,0.08439,0.01152,0.02846,0.12871,0.03826,0.00345,3.68023,3.94029
702612,Levi Huesman,WSH,25,floor,,,reliever,MiLB (MLE),1.0,0.0,0.0,4.1,0.8,0.5,0.2,0.0,0.1,0.3,0.0,0.9,0.4,0.4,0.0,0.0,3.56,1.1,8.1,2.7,0.9,4.137,0.21849,0.08439,0.01152,0.02949,0.12876,0.03828,0.00345,3.55677,4.00086
815101,Anthony Patterson III,CWS,25,floor,,,reliever,MiLB (MLE),1.0,0.0,0.0,4.1,0.8,0.5,0.2,0.0,0.1,0.3,0.0,0.9,0.4,0.4,0.0,0.0,3.49,1.1,8.1,2.7,0.9,4.13,0.21849,0.08439,0.01152,0.02819,0.12876,0.03828,0.00345,3.49121,3.92712
681854,Connor Van Scoyoc,WSH,25,floor,,,reliever,MiLB (MLE),1.0,0.0,0.0,4.2,0.9,0.5,0.2,0.0,0.2,0.4,0.0,0.9,0.4,0.5,0.0,0.0,3.89,1.3,8.1,3.6,1.8,4.177,0.2185,0.0844,0.01152,0.03604,0.12885,0.0383,0.00345,3.89482,4.38112
811318,Case Matter,TEX,25,floor,,,reliever,MiLB (MLE),1.0,0.0,0.0,4.2,0.8,0.5,0.2,0.0,0.1,0.4,0.0,0.9,0.4,0.5,0.0,0.0,3.73,1.2,8.1,3.6,0.9,4.158,0.21851,0.0844,0.01152,0.03289,0.12885,0.03831,0.00345,3.7329,4.19899
702548,Brock Porter,TEX,25,floor,,,reliever,MiLB (MLE),1.0,0.0,0.0,4.1,0.8,0.5,0.2,0.0,0.1,0.3,0.0,0.9,0.4,0.4,0.0,0.0,3.57,1.1,8.1,2.7,0.9,4.138,0.2184,0.08436,0.01152,0.02998,0.12849,0.0382,0.00344,3.57314,4.01927
805615,Yeri Perez,KC,25,floor,,,reliever,MiLB (MLE),1.0,0.0,0.0,4.1,0.8,0.5,0.2,0.0,0.1,0.3,0.0,0.9,0.4,0.4,0.0,0.0,3.53,1.1,8.1,2.7,0.9,4.134,0.21852,0.0844,0.01152,0.02886,0.12884,0.0383,0.00345,3.52716,3.96756
702047,Alex Cook,TB,26,floor,,,reliever,MLB,1.0,0.0,0.0,4.2,0.9,0.6,0.2,0.0,0.1,0.4,0.0,0.9,0.4,0.5,0.0,0.0,3.76,1.3,8.1,3.6,0.9,4.23,0.21852,0.08506,0.00867,0.02615,0.15017,0.03835,0.00294,3.76431,4.23432
679702,Daniel Harper,PHI,25,floor,,,reliever,MiLB (MLE),1.0,0.0,0.0,4.1,0.8,0.5,0.2,0.0,0.1,0.3,0.0,0.9,0.4,0.4,0.0,0.0,3.55,1.1,8.1,2.7,0.9,4.136,0.21852,0.08441,0.01152,0.0292,0.12886,0.03831,0.00345,3.54511,3.98775
802709,Adam Falinski,MIN,25,floor,,,reliever,MiLB (MLE),1.0,0.0,0.0,4.1,0.8,0.5,0.2,0.0,0.1,0.3,0.0,0.9,0.4,0.5,0.0,0.0,3.63,1.1,8.1,2.7,0.9,4.146,0.21852,0.0844,0.01152,0.0309,0.12886,0.03831,0.00345,3.63138,4.08479
695308,Paulshawn Pasqualotto,MIN,25,floor,,,reliever,MiLB (MLE),1.0,0.0,0.0,4.1,0.8,0.5,0.2,0.0,0.1,0.3,0.0,0.9,0.4,0.4,0.0,0.0,3.55,1.1,8.1,2.7,0.9,4.136,0.21852,0.08441,0.01152,0.0292,0.12886,0.03831,0.00345,3.54511,3.98775
822836,Dash Albus,KC,25,floor,,,reliever,MiLB (MLE),1.0,0.0,0.0,4.1,0.8,0.5,0.2,0.0,0.1,0.3,0.0,0.9,0.4,0.4,0.0,0.0,3.58,1.1,8.1,2.7,0.9,4.14,0.21852,0.08441,0.01152,0.0299,0.12886,0.03831,0.00345,3.58083,4.02793
808260,Eric Prado,MIL,25,floor,,,reliever,MiLB (MLE),1.0,0.0,0.0,4.2,0.8,0.5,0.2,0.0,0.1,0.4,0.0,0.9,0.4,0.5,0.0,0.0,3.76,1.2,8.1,3.6,0.9,4.162,0.21853,0.08441,0.01152,0.03342,0.1289,0.03832,0.00345,3.76179,4.23148
681324,Chazz Martinez,KC,25,floor,,,reliever,MiLB (MLE),1.0,0.0,0.0,4.1,0.8,0.5,0.2,0.0,0.1,0.3,0.0,0.9,0.4,0.4,0.0,0.0,3.43,1.1,8.1,2.7,0.9,4.123,0.21853,0.08441,0.01152,0.02692,0.12887,0.03831,0.00345,3.43002,3.85829
692663,Jean Munoz,SEA,25,floor,,,reliever,MiLB (MLE),1.0,0.0,0.0,4.1,0.8,0.5,0.2,0.0,0.1,0.3,0.0,0.9,0.4,0.5,0.0,0.0,3.63,1.1,8.1,2.7,0.9,4.146,0.21853,0.08441,0.01152,0.03082,0.12891,0.03832,0.00345,3.62919,4.08233
800338,Franklin Gómez,CLE,25,floor,,,starter,MiLB (MLE),1.0,0.0,0.0,4.1,0.8,0.5,0.2,0.0,0.1,0.3,0.0,0.9,0.4,0.4,0.0,0.0,3.77,1.1,8.1,2.7,0.9,4.142,0.21854,0.08441,0.01152,0.03009,0.12892,0.03833,0.00345,3.77399,4.04067
696037,Brayan Palencia,SF,25,floor,,,reliever,MiLB (MLE),1.0,0.0,0.0,4.2,0.8,0.5,0.2,0.0,0.1,0.4,0.0,0.9,0.4,0.5,0.0,0.0,3.72,1.2,8.1,3.6,0.9,4.154,0.21839,0.08435,0.01152,0.03279,0.12848,0.0382,0.00344,3.71586,4.17982
836078,Hayden Cuthbertson,MIA,25,floor,,,reliever,MiLB (MLE),1.0,0.0,0.0,4.2,0.8,0.5,0.2,0.0,0.1,0.4,0.0,0.9,0.4,0.5,0.0,0.0,3.72,1.2,8.1,3.6,0.9,4.154,0.21839,0.08435,0.01152,0.03279,0.12848,0.0382,0.00344,3.71586,4.17982
842192,Stephen Still,BAL,25,floor,,,starter,MiLB (MLE),1.0,0.0,0.0,4.1,0.8,0.5,0.2,0.0,0.1,0.3,0.0,0.9,0.4,0.4,0.0,0.0,3.75,1.1,8.1,2.7,0.9,4.137,0.2184,0.08436,0.01152,0.02981,0.12849,0.0382,0.00344,3.74502,4.00965
812745,Javier Bartolozzi,LAD,25,floor,,,reliever,MiLB (MLE),1.0,0.0,0.0,4.1,0.8,0.5,0.2,0.0,0.1,0.3,0.0,0.9,0.4,0.5,0.0,0.0,3.66,1.1,8.1,2.7,0.9,4.149,0.21851,0.0844,0.01152,0.03145,0.12883,0.0383,0.00345,3.6589,4.11575
806927,Luis De La Cruz,MIA,25,floor,,,reliever,MiLB (MLE),1.0,0.0,0.0,4.2,0.9,0.6,0.2,0.0,0.1,0.4,0.0,0.9,0.4,0.5,0.0,0.0,3.63,1.3,8.1,3.6,0.9,4.157,0.2192,0.08467,0.01148,0.02944,0.13116,0.03899,0.00351,3.62939,4.08255
686433,Luis Velasquez,NYY,25,floor,,,reliever,MiLB (MLE),1.0,0.0,0.0,4.1,0.8,0.5,0.2,0.0,0.1,0.3,0.0,0.9,0.4,0.4,0.0,0.0,3.53,1.1,8.1,2.7,0.9,4.145,0.2192,0.08467,0.01148,0.0274,0.13116,0.03899,0.00351,3.52572,3.96594
813535,Tayler Montiel,ARI,25,floor,,,reliever,MiLB (MLE),1.0,0.0,0.0,4.2,0.9,0.6,0.2,0.0,0.1,0.4,0.0,0.9,0.4,0.5,0.0,0.0,3.61,1.3,8.1,3.6,0.9,4.154,0.2192,0.08467,0.01148,0.02901,0.13116,0.03899,0.00351,3.60784,4.05831
807511,Nelly Taylor,BOS,25,floor,,,reliever,MiLB (MLE),1.0,0.0,0.0,4.2,0.9,0.6,0.2,0.0,0.1,0.4,0.0,0.9,0.4,0.5,0.0,0.0,3.93,1.3,8.1,3.6,0.9,4.236,0.22054,0.08511,0.01129,0.02942,0.14085,0.04187,0.00377,3.93098,4.42179
691793,Charlie Saum,TOR,25,floor,,,reliever,MiLB (MLE),1.0,0.0,0.0,4.2,0.9,0.6,0.2,0.0,0.1,0.4,0.0,0.9,0.4,0.5,0.0,0.0,3.93,1.3,8.1,3.6,0.9,4.236,0.22054,0.08511,0.01129,0.02942,0.14085,0.04187,0.00377,3.93098,4.42179
703157,Javier Osorio,DET,25,floor,,,reliever,MiLB (MLE),1.0,0.0,0.0,4.2,0.9,0.6,0.2,0.0,0.1,0.4,0.0,0.9,0.4,0.5,0.0,0.0,3.93,1.3,8.1,3.6,0.9,4.236,0.22054,0.08511,0.01129,0.02942,0.14085,0.04187,0.00377,3.93098,4.42179
702496,Dakota Stone,PIT,25,floor,,,reliever,MiLB (MLE),1.0,0.0,0.0,4.2,0.9,0.6,0.2,0.0,0.1,0.4,0.0,0.9,0.4,0.5,0.0,0.0,3.93,1.3,8.1,3.6,0.9,4.236,0.22054,0.08511,0.01129,0.02942,0.14085,0.04187,0.00377,3.93098,4.42179
842569,Michael Gibson,PIT,25,floor,,,reliever,MiLB (MLE),1.0,0.0,0.0,4.2,0.9,0.6,0.2,0.0,0.1,0.4,0.0,0.9,0.4,0.5,0.0,0.0,3.93,1.3,8.1,3.6,0.9,4.236,0.22054,0.08511,0.01129,0.02942,0.14085,0.04187,0.00377,3.93098,4.42179
840570,Henry Kusiak,MIN,25,floor,,,reliever,MiLB (MLE),1.0,0.0,0.0,4.2,0.9,0.6,0.2,0.0,0.1,0.4,0.0,0.9,0.4,0.5,0.0,0.0,3.93,1.3,8.1,3.6,0.9,4.236,0.22054,0.08511,0.01129,0.02942,0.14085,0.04187,0.00377,3.93098,4.42179
808970,Woo-Suk Go,MIN,28,floor,,,reliever,MLB,1.0,0.0,0.0,4.2,0.8,0.6,0.1,0.0,0.1,0.4,0.0,0.9,0.4,0.5,0.0,0.0,3.85,1.2,8.1,3.6,0.9,4.233,0.22073,0.08592,0.00884,0.0299,0.14881,0.03526,0.00304,3.85218,4.33316
668472,Nick Pratto,KC,28,floor,,,reliever,MLB,1.0,0.0,0.0,4.2,0.8,0.5,0.2,0.0,0.1,0.4,0.0,0.9,0.5,0.5,0.0,0.0,4.1,1.2,8.1,3.6,0.9,4.231,0.22095,0.08374,0.01074,0.03249,0.13063,0.05098,0.00298,4.10276,4.61503
680823,Jack Mahoney,OAK,25,floor,,,reliever,MiLB (MLE),1.0,0.0,0.0,4.2,0.8,0.5,0.2,0.0,0.1,0.4,0.0,0.9,0.4,0.5,0.0,0.0,3.67,1.2,8.1,3.6,0.9,4.16,0.21912,0.08464,0.01148,0.03039,0.1309,0.03891,0.00351,3.66999,4.12823
811721,Nick Weyrich,CWS,25,floor,,,reliever,MiLB (MLE),1.0,0.0,0.0,4.1,0.8,0.5,0.2,0.0,0.1,0.3,0.0,0.9,0.4,0.4,0.0,0.0,3.56,1.1,8.1,2.7,0.9,4.141,0.21875,0.0845,0.0115,0.02903,0.12959,0.03852,0.00347,3.55952,4.00396
804571,Dominic Fritton,TB,25,floor,,,starter,MiLB (MLE),1.0,0.0,0.0,4.2,0.8,0.5,0.2,0.0,0.1,0.4,0.0,0.9,0.4,0.5,0.0,0.0,4.02,1.2,8.1,3.6,0.9,4.179,0.21912,0.08464,0.01148,0.03344,0.13089,0.03891,0.00351,4.02018,4.30426
810102,Chris Veach,NYY,25,floor,,,reliever,MiLB (MLE),1.0,0.0,0.0,4.2,0.8,0.5,0.2,0.0,0.1,0.4,0.0,0.9,0.4,0.5,0.0,0.0,3.68,1.2,8.1,3.6,0.9,4.162,0.21913,0.08464,0.01148,0.03057,0.13093,0.03892,0.00351,3.68027,4.13979
801858,Trey Cooper,CWS,25,floor,,,reliever,MiLB (MLE),1.0,0.0,0.0,4.2,0.8,0.5,0.2,0.0,0.1,0.4,0.0,0.9,0.4,0.5,0.0,0.0,3.61,1.2,8.1,3.6,0.9,4.152,0.21906,0.08462,0.01149,0.02932,0.13064,0.03884,0.0035,3.60693,4.05729
680588,Julio Rodriguez,HOU,25,floor,,,reliever,MiLB (MLE),1.0,0.0,0.0,4.1,0.8,0.5,0.2,0.0,0.1,0.3,0.0,0.9,0.4,0.4,0.0,0.0,3.5,1.1,8.1,2.7,0.9,4.14,0.21906,0.08461,0.01149,0.02728,0.13061,0.03883,0.0035,3.50266,3.94
814230,Styven Paez,ATL,25,floor,,,reliever,MiLB (MLE),1.0,0.0,0.0,4.1,0.8,0.5,0.2,0.0,0.1,0.3,0.0,0.9,0.4,0.4,0.0,0.0,3.57,1.1,8.1,2.7,0.9,4.148,0.21907,0.08462,0.01149,0.02862,0.13067,0.03885,0.0035,3.57217,4.01819
806684,Lluveres Severino,TOR,25,floor,,,reliever,MiLB (MLE),1.0,0.0,0.0,4.1,0.8,0.5,0.2,0.0,0.1,0.3,0.0,0.9,0.4,0.4,0.0,0.0,3.57,1.1,8.1,2.7,0.9,4.148,0.21907,0.08462,0.01149,0.02862,0.13067,0.03885,0.0035,3.57217,4.01819
694492,Hayden Durke,ARI,25,floor,,,reliever,MiLB (MLE),1.0,0.0,0.0,4.2,0.8,0.5,0.2,0.0,0.1,0.4,0.0,0.9,0.4,0.5,0.0,0.0,3.67,1.2,8.1,3.6,0.9,4.16,0.21907,0.08462,0.01148,0.03052,0.1307,0.03886,0.0035,3.67027,4.12854
824044,Kade Brown,OAK,25,floor,,,reliever,MiLB (MLE),1.0,0.0,0.0,4.2,0.8,0.5,0.2,0.0,0.1,0.4,0.0,0.9,0.4,0.5,0.0,0.0,3.68,1.2,8.1,3.6,0.9,4.16,0.21908,0.08463,0.01148,0.03062,0.13074,0.03887,0.0035,3.67668,4.13575
692176,Noah Takacs,PIT,25,floor,,,reliever,MiLB (MLE),1.0,0.0,0.0,4.2,0.8,0.5,0.2,0.0,0.1,0.4,0.0,0.9,0.4,0.5,0.0,0.0,3.64,1.2,8.1,3.6,0.9,4.157,0.21908,0.08463,0.01148,0.02996,0.13074,0.03887,0.0035,3.64289,4.09773
801205,Jackson Brockett,CHC,25,floor,,,reliever,MiLB (MLE),1.0,0.0,0.0,4.2,0.8,0.5,0.2,0.0,0.1,0.4,0.0,0.9,0.4,0.4,0.0,0.0,3.59,1.2,8.1,3.6,0.9,4.15,0.21908,0.08462,0.01149,0.02891,0.13071,0.03886,0.0035,3.58831,4.03634
834682,Trey Seeley,SF,25,floor,,,reliever,MiLB (MLE),1.0,0.0,0.0,4.2,0.9,0.5,0.2,0.0,0.2,0.4,0.0,0.9,0.4,0.5,0.0,0.0,3.98,1.3,8.1,3.6,1.8,4.196,0.21908,0.08463,0.01148,0.03652,0.13081,0.03889,0.00351,3.98315,4.48048
702254,Andrew Dutkanych IV,STL,25,floor,,,starter,MiLB (MLE),1.0,0.0,0.0,4.2,0.8,0.5,0.2,0.0,0.1,0.4,0.0,0.9,0.4,0.5,0.0,0.0,3.79,1.2,8.1,3.6,0.9,4.153,0.21909,0.08463,0.01148,0.0293,0.13074,0.03887,0.0035,3.79184,4.05979
650496,J.C. Mejía,MIL,30,floor,,,reliever,MLB,1.0,0.0,0.0,4.3,0.9,0.6,0.2,0.0,0.1,0.4,0.1,0.9,0.5,0.5,0.0,0.0,4.07,1.3,8.1,3.6,0.9,4.281,0.21912,0.09068,0.01319,0.03027,0.14003,0.04202,0.00332,4.06832,4.57629
826183,Ian Medina,MIA,25,floor,,,reliever,MiLB (MLE),1.0,0.0,0.0,4.2,0.9,0.6,0.2,0.0,0.1,0.4,0.0,0.9,0.4,0.5,0.0,0.0,3.66,1.3,8.1,3.6,0.9,4.161,0.21921,0.08467,0.01148,0.03007,0.13121,0.03901,0.00352,3.66334,4.12075
700327,Welinton Herrera,COL,23,floor,,,reliever,MLB,1.0,0.0,0.0,4.2,0.9,0.6,0.2,0.0,0.1,0.4,0.0,0.9,0.4,0.5,0.0,0.0,3.88,1.3,8.1,3.6,0.9,4.243,0.21921,0.086,0.01002,0.02542,0.14127,0.04786,0.00294,3.87889,4.36321
820905,Roilan Portuondo,PIT,25,floor,,,reliever,MiLB (MLE),1.0,0.0,0.0,4.2,0.9,0.6,0.2,0.0,0.1,0.4,0.0,0.9,0.4,0.5,0.0,0.0,3.77,1.3,8.1,3.6,0.9,4.174,0.21922,0.08468,0.01147,0.03208,0.13129,0.03903,0.00352,3.76913,4.23974
800798,Thomas Bruss,DET,25,floor,,,reliever,MiLB (MLE),1.0,0.0,0.0,4.2,0.9,0.6,0.2,0.0,0.1,0.4,0.0,0.9,0.4,0.5,0.0,0.0,3.79,1.3,8.1,3.6,0.9,4.176,0.21922,0.08468,0.01147,0.03253,0.13129,0.03903,0.00352,3.79196,4.26542
703360,Jose Nova,MIL,25,floor,,,reliever,MiLB (MLE),1.0,0.0,0.0,4.2,0.9,0.6,0.2,0.0,0.1,0.4,0.0,0.9,0.4,0.5,0.0,0.0,3.84,1.3,8.1,3.6,0.9,4.183,0.21922,0.08468,0.01147,0.03355,0.13128,0.03903,0.00352,3.84456,4.32459
696150,Eric Silva,DET,25,floor,,,reliever,MiLB (MLE),1.0,0.0,0.0,4.2,0.9,0.6,0.2,0.0,0.1,0.4,0.0,0.9,0.4,0.5,0.0,0.0,3.89,1.3,8.1,3.6,0.9,4.188,0.21922,0.08468,0.01147,0.03445,0.13132,0.03904,0.00352,3.89225,4.37823
809109,Roman Angelo,ARI,25,floor,,,reliever,MiLB (MLE),1.0,0.0,0.0,4.2,0.9,0.6,0.2,0.0,0.1,0.4,0.0,0.9,0.4,0.5,0.0,0.0,3.77,1.3,8.1,3.6,0.9,4.174,0.21923,0.08468,0.01147,0.03211,0.13132,0.03904,0.00352,3.77156,4.24248
699075,Jhonny Jimenez,LAD,25,floor,,,reliever,MiLB (MLE),1.0,0.0,0.0,4.2,0.9,0.6,0.2,0.0,0.1,0.4,0.0,0.9,0.4,0.5,0.0,0.0,3.63,1.3,8.1,3.6,0.9,4.158,0.21923,0.08468,0.01147,0.02942,0.13129,0.03903,0.00352,3.63279,4.08637
692038,Pedro Da Costa Lemos,SEA,25,floor,,,reliever,MiLB (MLE),1.0,0.0,0.0,4.2,0.9,0.6,0.2,0.0,0.1,0.4,0.0,0.9,0.4,0.5,0.0,0.0,3.69,1.3,8.1,3.6,0.9,4.164,0.21923,0.08468,0.01147,0.03049,0.13129,0.03903,0.00352,3.6872,4.14758
803252,Eliseo Mota,DET,25,floor,,,reliever,MiLB (MLE),1.0,0.0,0.0,4.2,0.9,0.6,0.2,0.0,0.1,0.4,0.0,0.9,0.4,0.5,0.0,0.0,3.74,1.3,8.1,3.6,0.9,4.17,0.21923,0.08468,0.01147,0.03151,0.13129,0.03903,0.00352,3.7395,4.20641
800295,Nelfy Ynfante,STL,25,floor,,,reliever,MiLB (MLE),1.0,0.0,0.0,4.2,0.9,0.6,0.2,0.0,0.1,0.4,0.0,0.9,0.4,0.5,0.0,0.0,3.87,1.3,8.1,3.6,0.9,4.186,0.21924,0.08469,0.01147,0.03392,0.13138,0.03906,0.00352,3.86708,4.34992
681924,R.J. Dabovich,SF,25,floor,,,reliever,MiLB (MLE),1.0,0.0,0.0,4.2,0.9,0.6,0.2,0.0,0.1,0.4,0.0,0.9,0.4,0.5,0.0,0.0,3.65,1.3,8.1,3.6,0.9,4.16,0.21924,0.08469,0.01147,0.02977,0.13132,0.03904,0.00352,3.65167,4.10761
805505,Justin Militello,STL,25,floor,,,reliever,MiLB (MLE),1.0,0.0,0.0,4.2,0.9,0.6,0.2,0.0,0.1,0.4,0.0,0.9,0.4,0.5,0.0,0.0,3.63,1.3,8.1,3.6,0.9,4.156,0.21919,0.08467,0.01148,0.02939,0.13113,0.03898,0.00351,3.626,4.07874
805807,Josh Knoth,MIL,25,floor,,,starter,MiLB (MLE),1.0,0.0,0.0,4.2,0.9,0.6,0.2,0.0,0.1,0.4,0.0,0.9,0.4,0.5,0.0,0.0,3.98,1.3,8.1,3.6,0.9,4.176,0.21925,0.08469,0.01147,0.0323,0.13139,0.03906,0.00352,3.97509,4.25598
802482,John West,ARI,25,floor,,,reliever,MiLB (MLE),1.0,0.0,0.0,4.2,0.8,0.5,0.2,0.0,0.1,0.4,0.0,0.9,0.4,0.5,0.0,0.0,3.68,1.2,8.1,3.6,0.9,4.162,0.21913,0.08464,0.01148,0.03057,0.13093,0.03892,0.00351,3.68027,4.13979
679066,Valentin Linarez,WSH,25,floor,,,reliever,MiLB (MLE),1.0,0.0,0.0,4.2,0.8,0.5,0.2,0.0,0.1,0.4,0.0,0.9,0.4,0.5,0.0,0.0,3.76,1.2,8.1,3.6,0.9,4.171,0.21913,0.08464,0.01148,0.03219,0.13093,0.03892,0.00351,3.76287,4.2327
808743,Bryce Jenkins,NYM,25,floor,,,reliever,MiLB (MLE),1.0,0.0,0.0,4.2,0.8,0.5,0.2,0.0,0.1,0.4,0.0,0.9,0.4,0.4,0.0,0.0,3.6,1.2,8.1,3.6,0.9,4.152,0.21914,0.08465,0.01148,0.02896,0.13093,0.03892,0.00351,3.59805,4.0473
685010,Dustin Saenz,TEX,25,floor,,,reliever,MiLB (MLE),1.0,0.0,0.0,4.2,0.9,0.6,0.2,0.0,0.1,0.4,0.0,0.9,0.4,0.5,0.0,0.0,3.64,1.3,8.1,3.6,0.9,4.157,0.21914,0.08465,0.01148,0.02969,0.13096,0.03893,0.00351,3.63606,4.09006
834579,Tyler Bowen,PHI,25,floor,,,reliever,MiLB (MLE),1.0,0.0,0.0,4.2,0.9,0.6,0.2,0.0,0.1,0.4,0.0,0.9,0.4,0.5,0.0,0.0,3.82,1.3,8.1,3.6,0.9,4.179,0.21914,0.08465,0.01148,0.03333,0.13097,0.03894,0.00351,3.82325,4.30062
699489,Brandon Johnson,KC,25,floor,,,reliever,MiLB (MLE),1.0,0.0,0.0,4.2,0.9,0.6,0.2,0.0,0.1,0.4,0.0,0.9,0.4,0.5,0.0,0.0,3.64,1.3,8.1,3.6,0.9,4.157,0.21914,0.08465,0.01148,0.02969,0.13096,0.03893,0.00351,3.63606,4.09006
832448,Yeraldo Salcedo,PIT,25,floor,,,reliever,MiLB (MLE),1.0,0.0,0.0,4.2,0.9,0.6,0.2,0.0,0.1,0.4,0.0,0.9,0.4,0.5,0.0,0.0,3.72,1.3,8.1,3.6,0.9,4.168,0.21916,0.08466,0.01148,0.03136,0.13105,0.03896,0.00351,3.72445,4.18948
816102,Landon Harmon,WSH,25,floor,,,reliever,MiLB (MLE),1.0,0.0,0.0,4.2,0.9,0.6,0.2,0.0,0.1,0.4,0.0,0.9,0.4,0.4,0.0,0.0,3.59,1.3,8.1,3.6,0.9,4.152,0.21917,0.08466,0.01148,0.0287,0.13106,0.03896,0.00351,3.5888,4.0369
702023,Sam Stuhr,OAK,25,floor,,,starter,MiLB (MLE),1.0,0.0,0.0,4.2,0.9,0.6,0.2,0.0,0.1,0.4,0.0,0.9,0.4,0.5,0.0,0.0,3.99,1.3,8.1,3.6,0.9,4.176,0.21918,0.08466,0.01148,0.03271,0.13113,0.03898,0.00351,3.98838,4.27021
692593,Ismael Luciano,COL,25,floor,,,reliever,MiLB (MLE),1.0,0.0,0.0,4.2,0.9,0.6,0.2,0.0,0.1,0.4,0.0,0.9,0.4,0.5,0.0,0.0,3.68,1.3,8.1,3.6,0.9,4.163,0.21919,0.08467,0.01148,0.03046,0.13116,0.03899,0.00351,3.68145,4.14111
694383,Grayson Moore,CHC,25,floor,,,reliever,MiLB (MLE),1.0,0.0,0.0,4.2,0.9,0.6,0.2,0.0,0.1,0.4,0.0,0.9,0.4,0.5,0.0,0.0,3.77,1.3,8.1,3.6,0.9,4.174,0.21919,0.08467,0.01148,0.03225,0.13116,0.03899,0.00351,3.77319,4.24431
687535,Dylan Simmons,CIN,25,floor,,,reliever,MiLB (MLE),1.0,0.0,0.0,4.2,0.9,0.6,0.2,0.0,0.1,0.4,0.0,0.9,0.4,0.5,0.0,0.0,3.79,1.3,8.1,3.6,0.9,4.175,0.21919,0.08467,0.01148,0.03249,0.13116,0.03899,0.00351,3.78601,4.25873
800616,Cole Schoenwetter,CIN,25,floor,,,starter,MiLB (MLE),1.0,0.0,0.0,4.2,0.9,0.6,0.2,0.0,0.1,0.4,0.0,0.9,0.4,0.4,0.0,0.0,3.76,1.3,8.1,3.6,0.9,4.152,0.21924,0.08468,0.01147,0.02845,0.13129,0.03903,0.00352,3.76442,4.03043
694887,Tyler Schoff,ATL,25,floor,,,reliever,MiLB (MLE),1.0,0.0,0.0,4.2,0.8,0.5,0.2,0.0,0.1,0.4,0.0,0.9,0.4,0.5,0.0,0.0,3.64,1.2,8.1,3.6,0.9,4.154,0.21895,0.08457,0.01149,0.03024,0.13025,0.03872,0.00349,3.64166,4.09636
808508,Lewis Sifontes,ATL,25,floor,,,reliever,MiLB (MLE),1.0,0.0,0.0,4.2,0.8,0.5,0.2,0.0,0.1,0.4,0.0,0.9,0.4,0.5,0.0,0.0,3.72,1.2,8.1,3.6,0.9,4.164,0.21895,0.08457,0.01149,0.03182,0.13027,0.03873,0.00349,3.72357,4.18849
699560,Josh Sanders,TEX,25,floor,,,reliever,MiLB (MLE),1.0,0.0,0.0,4.2,0.9,0.5,0.2,0.0,0.2,0.4,0.0,0.9,0.4,0.5,0.0,0.0,3.98,1.3,8.1,3.6,1.8,4.194,0.21896,0.08458,0.01149,0.03681,0.13037,0.03876,0.00349,3.98416,4.48162
669697,Andrew Schultz,STL,25,floor,,,reliever,MiLB (MLE),1.0,0.0,0.0,4.1,0.8,0.5,0.2,0.0,0.1,0.3,0.0,0.9,0.4,0.4,0.0,0.0,3.49,1.1,8.1,2.7,0.9,4.136,0.21896,0.08458,0.01149,0.02721,0.13026,0.03872,0.00349,3.48789,3.92339
680451,Mason Erla,LAA,25,floor,,,reliever,MiLB (MLE),1.0,0.0,0.0,4.1,0.8,0.5,0.2,0.0,0.1,0.3,0.0,0.9,0.4,0.4,0.0,0.0,3.49,1.1,8.1,2.7,0.9,4.136,0.21896,0.08458,0.01149,0.02721,0.13026,0.03872,0.00349,3.48789,3.92339
572888,Shane Greene,CHC,38,floor,,,reliever,MLB,1.0,0.0,0.0,4.2,0.9,0.6,0.2,0.0,0.1,0.4,0.0,0.9,0.4,0.5,0.0,0.0,3.92,1.3,8.1,3.6,0.9,4.245,0.21896,0.08812,0.00859,0.03047,0.14674,0.03682,0.00302,3.92012,4.40959
814460,Danny Kirwin,BOS,25,floor,,,reliever,MiLB (MLE),1.0,0.0,0.0,4.2,0.8,0.5,0.2,0.0,0.1,0.4,0.0,0.9,0.4,0.5,0.0,0.0,3.91,1.2,8.1,3.6,0.9,4.185,0.21897,0.08458,0.01149,0.03532,0.13037,0.03876,0.00349,3.90698,4.3948
834232,Jeferson Villabona,SD,25,floor,,,reliever,MiLB (MLE),1.0,0.0,0.0,4.2,0.8,0.5,0.2,0.0,0.1,0.4,0.0,0.9,0.4,0.5,0.0,0.0,3.75,1.2,8.1,3.6,0.9,4.167,0.21898,0.08458,0.01149,0.03229,0.13038,0.03876,0.00349,3.75072,4.21904
805273,Frank Camarillo,NYM,25,floor,,,starter,MiLB (MLE),1.0,0.0,0.0,4.2,0.8,0.5,0.2,0.0,0.1,0.4,0.0,0.9,0.4,0.5,0.0,0.0,3.83,1.2,8.1,3.6,0.9,4.155,0.21898,0.08459,0.01149,0.03027,0.13038,0.03876,0.00349,3.83192,4.1027
703634,Todd Kniebbe,BAL,25,floor,,,reliever,MiLB (MLE),1.0,0.0,0.0,4.1,0.8,0.5,0.2,0.0,0.1,0.3,0.0,0.9,0.4,0.4,0.0,0.0,3.52,1.1,8.1,2.7,0.9,4.139,0.21884,0.08453,0.0115,0.02813,0.12987,0.03861,0.00348,3.52276,3.96261
701368,Kolten Smith,MIN,25,floor,,,reliever,MiLB (MLE),1.0,0.0,0.0,4.2,0.8,0.5,0.2,0.0,0.1,0.4,0.0,0.9,0.4,0.5,0.0,0.0,3.73,1.2,8.1,3.6,0.9,4.163,0.21886,0.08454,0.0115,0.03219,0.12999,0.03864,0.00348,3.73333,4.19947
808833,Brady Afthim,CIN,25,floor,,,reliever,MiLB (MLE),1.0,0.0,0.0,4.2,0.8,0.5,0.2,0.0,0.1,0.4,0.0,0.9,0.4,0.5,0.0,0.0,3.78,1.2,8.1,3.6,0.9,4.169,0.21886,0.08454,0.0115,0.0332,0.12999,0.03864,0.00348,3.78498,4.25757
805841,Logan Tabeling,LAD,25,floor,,,starter,MiLB (MLE),1.0,0.0,0.0,4.1,0.8,0.5,0.2,0.0,0.1,0.3,0.0,0.9,0.4,0.4,0.0,0.0,3.74,1.1,8.1,2.7,0.9,4.147,0.2191,0.08463,0.01148,0.02833,0.13077,0.03888,0.0035,3.74114,4.0055
835609,Randy Ramnarace,KC,25,floor,,,reliever,MiLB (MLE),1.0,0.0,0.0,4.1,0.8,0.5,0.2,0.0,0.1,0.3,0.0,0.9,0.4,0.4,0.0,0.0,3.58,1.1,8.1,2.7,0.9,4.145,0.21887,0.08454,0.0115,0.02912,0.12997,0.03864,0.00348,3.57591,4.0224
809131,Jacob Pruitt,PHI,25,floor,,,reliever,MiLB (MLE),1.0,0.0,0.0,4.2,0.8,0.5,0.2,0.0,0.1,0.4,0.0,0.9,0.4,0.5,0.0,0.0,3.71,1.2,8.1,3.6,0.9,4.161,0.21888,0.08455,0.0115,0.03177,0.13004,0.03866,0.00348,3.71321,4.17684
828393,Victor Zarraga,CHC,25,floor,,,reliever,MiLB (MLE),1.0,0.0,0.0,4.1,0.8,0.5,0.2,0.0,0.1,0.3,0.0,0.9,0.4,0.4,0.0,0.0,3.55,1.1,8.1,2.7,0.9,4.142,0.21889,0.08455,0.0115,0.02848,0.13005,0.03866,0.00348,3.54587,3.9886
802136,Nathan Blasick,COL,25,floor,,,reliever,MiLB (MLE),1.0,0.0,0.0,4.1,0.8,0.5,0.2,0.0,0.1,0.3,0.0,0.9,0.4,0.4,0.0,0.0,3.56,1.1,8.1,2.7,0.9,4.144,0.21889,0.08455,0.0115,0.02876,0.13003,0.03866,0.00348,3.55939,4.00382
808860,Aaron Savary,CLE,25,floor,,,reliever,MiLB (MLE),1.0,0.0,0.0,4.2,0.8,0.5,0.2,0.0,0.1,0.4,0.0,0.9,0.4,0.5,0.0,0.0,3.61,1.2,8.1,3.6,0.9,4.15,0.21889,0.08455,0.0115,0.02979,0.13005,0.03866,0.00348,3.61262,4.06369
801796,Eli Jones,MIN,25,floor,,,starter,MiLB (MLE),1.0,0.0,0.0,4.1,0.8,0.5,0.2,0.0,0.1,0.3,0.0,0.9,0.4,0.4,0.0,0.0,3.74,1.1,8.1,2.7,0.9,4.144,0.21889,0.08455,0.0115,0.02876,0.13003,0.03866,0.00348,3.73957,4.00382
806244,Josh Tiedemann,NYY,25,floor,,,reliever,MiLB (MLE),1.0,0.0,0.0,4.2,0.8,0.5,0.2,0.0,0.1,0.4,0.0,0.9,0.4,0.5,0.0,0.0,3.75,1.2,8.1,3.6,0.9,4.166,0.2189,0.08455,0.01149,0.03244,0.13012,0.03868,0.00349,3.75034,4.21861
805517,Jackson Steensma,SEA,25,floor,,,reliever,MiLB (MLE),1.0,0.0,0.0,4.2,0.8,0.5,0.2,0.0,0.1,0.4,0.0,0.9,0.4,0.5,0.0,0.0,3.75,1.2,8.1,3.6,0.9,4.166,0.2189,0.08455,0.01149,0.03244,0.13012,0.03868,0.00349,3.75034,4.21861
805737,Bjay Cooke,OAK,25,floor,,,reliever,MiLB (MLE),1.0,0.0,0.0,4.2,0.8,0.5,0.2,0.0,0.1,0.4,0.0,0.9,0.4,0.5,0.0,0.0,3.68,1.2,8.1,3.6,0.9,4.158,0.21891,0.08456,0.01149,0.03113,0.13012,0.03868,0.00349,3.68303,4.14289
645305,Ali Sánchez,TOR,30,floor,,,reliever,MLB,1.0,0.0,0.0,4.2,0.9,0.6,0.2,0.0,0.1,0.3,0.0,0.9,0.4,0.5,0.0,0.0,3.92,1.2,8.1,2.7,0.9,4.214,0.21892,0.08272,0.01049,0.02904,0.13492,0.04865,0.00292,3.91625,4.40523
689958,Andrew Walters,CLE,26,floor,,,reliever,MLB,1.0,0.0,0.0,4.2,0.9,0.6,0.1,0.0,0.2,0.4,0.0,0.9,0.5,0.5,0.0,0.0,4.15,1.3,8.1,3.6,1.8,4.242,0.21893,0.09131,0.00764,0.03913,0.13725,0.0355,0.00248,4.14585,4.66349
820833,Joey Broughton,MIL,25,floor,,,reliever,MiLB (MLE),1.0,0.0,0.0,4.2,0.8,0.5,0.2,0.0,0.1,0.4,0.0,0.9,0.4,0.5,0.0,0.0,3.66,1.2,8.1,3.6,0.9,4.153,0.21875,0.08449,0.0115,0.03099,0.12959,0.03852,0.00347,3.65928,4.11618
823994,Trace Baker,TOR,25,floor,,,reliever,MiLB (MLE),1.0,0.0,0.0,4.2,0.8,0.5,0.2,0.0,0.1,0.4,0.0,0.9,0.4,0.5,0.0,0.0,3.63,1.2,8.1,3.6,0.9,4.152,0.21887,0.08454,0.0115,0.03018,0.12999,0.03865,0.00348,3.63045,4.08375
700247,Jose Pena Jr.,PHI,25,floor,,,reliever,MiLB (MLE),1.0,0.0,0.0,4.1,0.8,0.5,0.2,0.0,0.1,0.3,0.0,0.9,0.4,0.4,0.0,0.0,3.56,1.1,8.1,2.7,0.9,4.147,0.2191,0.08463,0.01148,0.02833,0.13077,0.03888,0.0035,3.56089,4.0055
679857,Carlos Tavera,BAL,25,floor,,,reliever,MiLB (MLE),1.0,0.0,0.0,4.2,0.8,0.5,0.2,0.0,0.1,0.4,0.0,0.9,0.4,0.5,0.0,0.0,3.85,1.2,8.1,3.6,0.9,4.181,0.21912,0.08464,0.01148,0.0338,0.13092,0.03892,0.00351,3.84585,4.32604
700429,MT Morrissey,PHI,25,floor,,,reliever,MiLB (MLE),1.0,0.0,0.0,4.2,0.8,0.5,0.2,0.0,0.1,0.4,0.0,0.9,0.4,0.5,0.0,0.0,3.72,1.2,8.1,3.6,0.9,4.166,0.21912,0.08464,0.01148,0.03132,0.1309,0.03891,0.00351,3.71748,4.18164
842158,Jui-Chieh Lin,MIN,25,floor,,,reliever,MiLB (MLE),1.0,0.0,0.0,4.2,0.9,0.6,0.2,0.0,0.1,0.4,0.0,0.9,0.4,0.5,0.0,0.0,3.93,1.3,8.1,3.6,0.9,4.236,0.22054,0.08511,0.01129,0.02942,0.14085,0.04187,0.00377,3.93098,4.42179
702445,Luis Germán,SD,25,floor,,,reliever,MiLB (MLE),1.0,0.0,0.0,4.2,0.8,0.5,0.2,0.0,0.1,0.4,0.0,0.9,0.4,0.5,0.0,0.0,3.75,1.2,8.1,3.6,0.9,4.167,0.21898,0.08458,0.01149,0.03229,0.13038,0.03876,0.00349,3.75072,4.21904
827265,Cade Crossland,STL,25,floor,,,starter,MiLB (MLE),1.0,0.0,0.0,4.1,0.8,0.5,0.2,0.0,0.1,0.3,0.0,0.9,0.4,0.4,0.0,0.0,3.67,1.1,8.1,2.7,0.9,4.138,0.21899,0.08459,0.01149,0.02724,0.13039,0.03876,0.00349,3.67007,3.92942
833410,Denton Biller,BAL,25,floor,,,reliever,MiLB (MLE),1.0,0.0,0.0,4.2,0.8,0.5,0.2,0.0,0.1,0.4,0.0,0.9,0.4,0.5,0.0,0.0,3.76,1.2,8.1,3.6,0.9,4.169,0.21899,0.08459,0.01149,0.03252,0.13043,0.03877,0.0035,3.76434,4.23436
815938,Yermain Ruiz,BOS,25,floor,,,reliever,MiLB (MLE),1.0,0.0,0.0,4.1,0.8,0.5,0.2,0.0,0.1,0.3,0.0,0.9,0.4,0.4,0.0,0.0,3.56,1.1,8.1,2.7,0.9,4.146,0.219,0.08459,0.01149,0.02857,0.13043,0.03878,0.0035,3.56226,4.00704
823765,Callan Fang,MIN,25,floor,,,reliever,MiLB (MLE),1.0,0.0,0.0,4.1,0.8,0.5,0.2,0.0,0.1,0.3,0.0,0.9,0.4,0.4,0.0,0.0,3.56,1.1,8.1,2.7,0.9,4.146,0.219,0.08459,0.01149,0.02857,0.13043,0.03878,0.0035,3.56226,4.00704
800308,Inmer Lobo,PIT,25,floor,,,reliever,MiLB (MLE),1.0,0.0,0.0,4.2,0.8,0.5,0.2,0.0,0.1,0.4,0.0,0.9,0.4,0.5,0.0,0.0,3.76,1.2,8.1,3.6,0.9,4.169,0.21901,0.0846,0.01149,0.03232,0.1305,0.0388,0.0035,3.75656,4.2256
810896,Owen Proksch,TEX,25,floor,,,reliever,MiLB (MLE),1.0,0.0,0.0,4.2,0.8,0.5,0.2,0.0,0.1,0.4,0.0,0.9,0.4,0.5,0.0,0.0,3.65,1.2,8.1,3.6,0.9,4.157,0.21902,0.0846,0.01149,0.0303,0.13051,0.0388,0.0035,3.65294,4.10905
664874,Seby Zavala,ARI,33,floor,,,reliever,MLB,1.0,0.0,0.0,4.2,0.9,0.6,0.2,0.0,0.1,0.4,0.0,0.9,0.4,0.5,0.0,0.0,3.99,1.3,8.1,3.6,0.9,4.241,0.21902,0.08452,0.011,0.03055,0.1413,0.0424,0.00335,3.98593,4.48361
821276,Jesús García,STL,25,floor,,,reliever,MiLB (MLE),1.0,0.0,0.0,4.2,0.8,0.5,0.2,0.0,0.1,0.4,0.0,0.9,0.4,0.5,0.0,0.0,3.69,1.2,8.1,3.6,0.9,4.16,0.21895,0.08457,0.01149,0.03117,0.13027,0.03873,0.00349,3.68987,4.15058
680933,Joander Suarez,NYM,25,floor,,,reliever,MiLB (MLE),1.0,0.0,0.0,4.2,0.9,0.5,0.2,0.0,0.2,0.4,0.0,0.9,0.4,0.5,0.0,0.0,3.98,1.3,8.1,3.6,1.8,4.195,0.21903,0.0846,0.01149,0.03657,0.13059,0.03882,0.0035,3.97903,4.47584
688354,Hayden Minton,DET,25,floor,,,reliever,MiLB (MLE),1.0,0.0,0.0,4.2,0.8,0.5,0.2,0.0,0.1,0.4,0.0,0.9,0.4,0.5,0.0,0.0,3.74,1.2,8.1,3.6,0.9,4.167,0.21904,0.08461,0.01149,0.03193,0.1306,0.03883,0.0035,3.73928,4.20617
808052,Johan Moreno,SD,25,floor,,,reliever,MiLB (MLE),1.0,0.0,0.0,4.2,0.8,0.5,0.2,0.0,0.1,0.4,0.0,0.9,0.4,0.5,0.0,0.0,3.74,1.2,8.1,3.6,0.9,4.167,0.21904,0.08461,0.01149,0.03193,0.1306,0.03883,0.0035,3.73928,4.20617
821061,Irwin Ramirez,PIT,25,floor,,,starter,MiLB (MLE),1.0,0.0,0.0,4.2,0.8,0.5,0.2,0.0,0.1,0.4,0.0,0.9,0.4,0.5,0.0,0.0,3.89,1.2,8.1,3.6,0.9,4.163,0.21904,0.08461,0.01149,0.03124,0.13058,0.03882,0.0035,3.89109,4.16605
804940,Nelson Keljo,CLE,25,floor,,,starter,MiLB (MLE),1.0,0.0,0.0,4.2,0.8,0.5,0.2,0.0,0.1,0.4,0.0,0.9,0.4,0.5,0.0,0.0,3.84,1.2,8.1,3.6,0.9,4.158,0.21905,0.08461,0.01149,0.03033,0.13064,0.03884,0.0035,3.8438,4.11542
703566,Carson Messina,TOR,25,floor,,,reliever,MiLB (MLE),1.0,0.0,0.0,4.1,0.8,0.5,0.2,0.0,0.1,0.3,0.0,0.9,0.4,0.4,0.0,0.0,3.57,1.1,8.1,2.7,0.9,4.147,0.21905,0.08461,0.01149,0.0286,0.13059,0.03882,0.0035,3.56886,4.01447
811139,Sandro Santana,STL,25,floor,,,reliever,MiLB (MLE),1.0,0.0,0.0,4.1,0.8,0.5,0.2,0.0,0.1,0.3,0.0,0.9,0.4,0.4,0.0,0.0,3.5,1.1,8.1,2.7,0.9,4.14,0.21906,0.08461,0.01149,0.02728,0.13061,0.03883,0.0035,3.50266,3.94
806413,Daniel Guerra,TOR,25,floor,,,reliever,MiLB (MLE),1.0,0.0,0.0,4.2,0.9,0.5,0.2,0.0,0.2,0.4,0.0,0.9,0.4,0.5,0.0,0.0,3.96,1.3,8.1,3.6,1.8,4.191,0.21893,0.08456,0.01149,0.03646,0.13024,0.03872,0.00349,3.9619,4.45658
664346,Carlos Guzman,NYM,25,floor,,,reliever,MiLB (MLE),1.0,0.0,0.0,4.2,0.9,0.5,0.2,0.0,0.2,0.4,0.0,0.9,0.4,0.5,0.0,0.0,3.96,1.3,8.1,3.6,1.8,4.191,0.21893,0.08456,0.01149,0.03646,0.13024,0.03872,0.00349,3.9619,4.45658
692414,Yoniel Curet,DET,25,floor,,,reliever,MiLB (MLE),1.0,0.0,0.0,4.2,0.8,0.5,0.2,0.0,0.1,0.4,0.0,0.9,0.4,0.5,0.0,0.0,3.72,1.2,8.1,3.6,0.9,4.164,0.21894,0.08457,0.01149,0.03184,0.13025,0.03872,0.00349,3.72335,4.18825
686762,Austin Roberts,TEX,25,floor,,,reliever,MiLB (MLE),1.0,0.0,0.0,4.2,0.8,0.5,0.2,0.0,0.1,0.4,0.0,0.9,0.4,0.5,0.0,0.0,3.72,1.2,8.1,3.6,0.9,4.164,0.21894,0.08457,0.01149,0.03184,0.13025,0.03872,0.00349,3.72335,4.18825
695572,Will Koger,SD,25,floor,,,reliever,MiLB (MLE),1.0,0.0,0.0,4.2,0.8,0.5,0.2,0.0,0.1,0.4,0.0,0.9,0.4,0.5,0.0,0.0,3.74,1.2,8.1,3.6,0.9,4.166,0.21894,0.08457,0.01149,0.03226,0.13025,0.03872,0.00349,3.74491,4.21249
801275,Juan De La Cruz,MIA,25,floor,,,reliever,MiLB (MLE),1.0,0.0,0.0,4.2,0.8,0.5,0.2,0.0,0.1,0.4,0.0,0.9,0.4,0.5,0.0,0.0,3.64,1.2,8.1,3.6,0.9,4.154,0.21895,0.08457,0.01149,0.03024,0.13025,0.03872,0.00349,3.64166,4.09636
692226,Ty Floyd,CIN,25,floor,,,reliever,MiLB (MLE),1.0,0.0,0.0,4.2,0.8,0.5,0.2,0.0,0.1,0.4,0.0,0.9,0.4,0.5,0.0,0.0,3.6,1.2,8.1,3.6,0.9,4.151,0.21902,0.0846,0.01149,0.02929,0.13051,0.0388,0.0035,3.60136,4.05102
693647,Thomas Balboni Jr.,NYY,25,floor,,,reliever,MiLB (MLE),1.0,0.0,0.0,4.1,0.8,0.5,0.2,0.0,0.1,0.3,0.0,0.9,0.4,0.4,0.0,0.0,3.54,1.1,8.1,2.7,0.9,4.126,0.21779,0.08411,0.01155,0.03038,0.12679,0.03769,0.0034,3.5397,3.98166
694291,CJ Weins,DET,25,floor,,,reliever,MiLB (MLE),1.0,0.0,0.0,4.1,0.8,0.5,0.2,0.0,0.1,0.3,0.0,0.9,0.4,0.4,0.0,0.0,3.59,1.1,8.1,2.7,0.9,4.131,0.21779,0.08411,0.01155,0.03135,0.12679,0.03769,0.0034,3.58892,4.03703
800125,Fernando Perez,TOR,25,floor,,,reliever,MiLB (MLE),1.0,0.0,0.0,4.1,0.8,0.5,0.2,0.0,0.1,0.3,0.0,0.9,0.4,0.4,0.0,0.0,3.5,1.1,8.1,2.7,0.9,4.121,0.21779,0.08411,0.01155,0.02957,0.12679,0.03769,0.0034,3.49896,3.93584
687879,Luis Quiñones,MIN,25,floor,,,reliever,MiLB (MLE),1.0,0.0,0.0,4.1,0.8,0.5,0.2,0.0,0.1,0.3,0.0,0.9,0.4,0.4,0.0,0.0,3.5,1.1,8.1,2.7,0.9,4.121,0.21779,0.08411,0.01155,0.02957,0.12679,0.03769,0.0034,3.49896,3.93584
663681,Jarod Bayless,PIT,25,floor,,,reliever,MiLB (MLE),1.0,0.0,0.0,4.1,0.8,0.5,0.2,0.0,0.1,0.3,0.0,0.9,0.4,0.5,0.0,0.0,3.68,1.1,8.1,2.7,0.9,4.143,0.2178,0.08412,0.01155,0.0332,0.12685,0.03771,0.0034,3.68432,4.14435
815951,Igor Gil,SD,25,floor,,,reliever,MiLB (MLE),1.0,0.0,0.0,4.1,0.8,0.5,0.2,0.0,0.1,0.3,0.0,0.9,0.4,0.4,0.0,0.0,3.42,1.1,8.1,2.7,0.9,4.112,0.2178,0.08412,0.01155,0.02803,0.1268,0.03769,0.0034,3.42139,3.84858
592806,Andrew Thurman,SD,25,floor,,,reliever,MiLB (MLE),1.0,0.0,0.0,4.1,0.8,0.5,0.2,0.0,0.1,0.3,0.0,0.9,0.4,0.5,0.0,0.0,3.68,1.1,8.1,2.7,0.9,4.143,0.2178,0.08412,0.01155,0.0332,0.12685,0.03771,0.0034,3.68432,4.14435
815111,Keegan Zinn,CLE,25,floor,,,reliever,MiLB (MLE),1.0,0.0,0.0,4.1,0.8,0.5,0.2,0.0,0.1,0.3,0.0,0.9,0.4,0.5,0.0,0.0,3.68,1.1,8.1,2.7,0.9,4.14,0.21764,0.08405,0.01156,0.03337,0.12643,0.03759,0.00339,3.67987,4.13934
691711,Jawilme Ramírez,STL,25,floor,,,reliever,MiLB (MLE),1.0,0.0,0.0,4.1,0.8,0.5,0.2,0.0,0.1,0.3,0.0,0.9,0.4,0.5,0.0,0.0,3.67,1.1,8.1,2.7,0.9,4.139,0.21765,0.08405,0.01156,0.0332,0.12643,0.03759,0.00339,3.6713,4.12969
815704,Samuel Carpio,MIA,25,floor,,,reliever,MiLB (MLE),1.0,0.0,0.0,4.1,0.8,0.5,0.2,0.0,0.1,0.3,0.0,0.9,0.4,0.4,0.0,0.0,3.42,1.1,8.1,2.7,0.9,4.111,0.21766,0.08406,0.01156,0.02831,0.12644,0.03759,0.00339,3.42432,3.85188
694029,Fernando Vasquez,SF,25,floor,,,reliever,MiLB (MLE),1.0,0.0,0.0,4.1,0.8,0.5,0.2,0.0,0.1,0.3,0.0,0.9,0.4,0.4,0.0,0.0,3.49,1.1,8.1,2.7,0.9,4.118,0.21766,0.08406,0.01156,0.02957,0.12644,0.03759,0.00339,3.48787,3.92336
700800,Darien Smith,SF,25,floor,,,reliever,MiLB (MLE),1.0,0.0,0.0,4.1,0.8,0.5,0.2,0.0,0.1,0.3,0.0,0.9,0.4,0.5,0.0,0.0,3.67,1.1,8.1,2.7,0.9,4.139,0.21768,0.08407,0.01155,0.0331,0.12652,0.03761,0.00339,3.66923,4.12737
805772,Conor Steinbaugh,HOU,25,floor,,,reliever,MiLB (MLE),1.0,0.0,0.0,4.2,0.8,0.5,0.2,0.0,0.1,0.4,0.0,0.9,0.4,0.5,0.0,0.0,3.82,1.2,8.1,3.6,0.9,4.166,0.21838,0.08435,0.01152,0.03477,0.12848,0.03819,0.00344,3.81741,4.29405
681117,Evan Taylor,CHC,25,floor,,,reliever,MiLB (MLE),1.0,0.0,0.0,4.1,0.8,0.5,0.2,0.0,0.1,0.3,0.0,0.9,0.4,0.4,0.0,0.0,3.44,1.1,8.1,2.7,0.9,4.113,0.21769,0.08407,0.01156,0.02866,0.12653,0.03761,0.00339,3.44444,3.87451
822067,A.J. Causey,OAK,25,floor,,,reliever,MiLB (MLE),1.0,0.0,0.0,4.1,0.8,0.5,0.2,0.0,0.1,0.3,0.0,0.9,0.4,0.4,0.0,0.0,3.56,1.1,8.1,2.7,0.9,4.126,0.21769,0.08407,0.01155,0.03088,0.12652,0.03761,0.00339,3.55649,4.00055
687991,Jared Johnson,OAK,25,floor,,,reliever,MiLB (MLE),1.0,0.0,0.0,4.1,0.8,0.5,0.2,0.0,0.1,0.3,0.0,0.9,0.4,0.4,0.0,0.0,3.33,1.1,8.1,2.7,0.9,4.101,0.2177,0.08408,0.01156,0.02643,0.12653,0.03762,0.00339,3.33308,3.74925
807723,Bjorn Johnson,MIL,25,floor,,,reliever,MiLB (MLE),1.0,0.0,0.0,4.1,0.8,0.5,0.2,0.0,0.1,0.3,0.0,0.9,0.4,0.4,0.0,0.0,3.48,1.1,8.1,2.7,0.9,4.118,0.2177,0.08408,0.01155,0.02935,0.12656,0.03762,0.00339,3.48028,3.91483
805120,Joseilyn Gonzalez,LAD,25,floor,,,reliever,MiLB (MLE),1.0,0.0,0.0,4.1,0.8,0.5,0.2,0.0,0.1,0.3,0.0,0.9,0.4,0.4,0.0,0.0,3.53,1.1,8.1,2.7,0.9,4.123,0.2177,0.08408,0.01155,0.03032,0.12655,0.03762,0.00339,3.52921,3.96986
692838,Jaydenn Estanista,MIA,25,floor,,,reliever,MiLB (MLE),1.0,0.0,0.0,4.1,0.8,0.5,0.2,0.0,0.1,0.3,0.0,0.9,0.4,0.4,0.0,0.0,3.57,1.1,8.1,2.7,0.9,4.128,0.21771,0.08408,0.01155,0.03106,0.12658,0.03763,0.00339,3.56757,4.01302
807715,Liam Sullivan,WSH,25,floor,,,reliever,MiLB (MLE),1.0,0.0,0.0,4.2,0.9,0.5,0.2,0.0,0.2,0.4,0.0,0.9,0.4,0.5,0.0,0.0,3.93,1.3,8.1,3.6,1.8,4.17,0.21772,0.08409,0.01155,0.03813,0.12666,0.03765,0.00339,3.93132,4.42218
683568,Jairo Iriarte,CWS,25,floor,,,reliever,MLB,1.0,0.0,0.0,4.3,0.8,0.6,0.1,0.0,0.1,0.5,0.0,0.9,0.4,0.5,0.0,0.0,3.96,1.3,8.1,4.5,0.9,4.307,0.21773,0.10542,0.0082,0.02928,0.14499,0.033,0.00275,3.95806,4.45226
802683,Dominic Freeberger,STL,25,floor,,,reliever,MiLB (MLE),1.0,0.0,0.0,4.2,0.8,0.5,0.2,0.0,0.1,0.4,0.0,0.9,0.4,0.5,0.0,0.0,3.78,1.2,8.1,3.6,0.9,4.153,0.21773,0.08409,0.01155,0.03521,0.12666,0.03765,0.00339,3.78148,4.25363
642759,Julian Fernández,WSH,31,floor,,,reliever,MLB,1.0,0.0,0.0,4.2,0.9,0.6,0.2,0.0,0.1,0.4,0.0,0.9,0.4,0.5,0.0,0.0,3.85,1.3,8.1,3.6,0.9,4.237,0.21753,0.0888,0.00764,0.02781,0.14527,0.03986,0.00309,3.84532,4.32544
669434,Stevie Emanuels,OAK,25,floor,,,reliever,MiLB (MLE),1.0,0.0,0.0,4.2,0.9,0.5,0.2,0.0,0.2,0.4,0.0,0.9,0.4,0.5,0.0,0.0,3.88,1.3,8.1,3.6,1.8,4.162,0.21754,0.08401,0.01156,0.03745,0.12619,0.03751,0.00338,3.8808,4.36535
686643,Andrew Dalquist,SD,25,floor,,,reliever,MiLB (MLE),1.0,0.0,0.0,4.1,0.8,0.5,0.2,0.0,0.1,0.3,0.0,0.9,0.4,0.5,0.0,0.0,3.63,1.1,8.1,2.7,0.9,4.133,0.21754,0.08401,0.01156,0.03249,0.12617,0.03751,0.00338,3.62668,4.0795
701488,Dylan Phillips,LAA,25,floor,,,reliever,MiLB (MLE),1.0,0.0,0.0,4.1,0.8,0.5,0.2,0.0,0.1,0.3,0.0,0.9,0.4,0.4,0.0,0.0,3.56,1.1,8.1,2.7,0.9,4.126,0.21769,0.08407,0.01155,0.03088,0.12652,0.03761,0.00339,3.55649,4.00055
685829,Irvin Machuca,CIN,25,floor,,,reliever,MiLB (MLE),1.0,0.0,0.0,4.2,0.9,0.5,0.2,0.0,0.2,0.4,0.0,0.9,0.4,0.5,0.0,0.0,3.91,1.3,8.1,3.6,1.8,4.171,0.21793,0.08417,0.01154,0.03742,0.1272,0.03781,0.00341,3.91253,4.40104
695646,Peter Heubeck,LAD,25,floor,,,reliever,MiLB (MLE),1.0,0.0,0.0,4.2,0.9,0.5,0.2,0.0,0.2,0.4,0.0,0.9,0.4,0.5,0.0,0.0,3.83,1.3,8.1,3.6,1.8,4.161,0.21793,0.08417,0.01154,0.03587,0.1272,0.03781,0.00341,3.83278,4.31133
823892,Adrian Heredia,BAL,25,floor,,,reliever,MiLB (MLE),1.0,0.0,0.0,4.1,0.8,0.5,0.2,0.0,0.1,0.3,0.0,0.9,0.4,0.5,0.0,0.0,3.73,1.1,8.1,2.7,0.9,4.148,0.21781,0.08412,0.01155,0.03413,0.12686,0.03771,0.0034,3.7321,4.19809
808497,Elier Morillo,MIA,25,floor,,,reliever,MiLB (MLE),1.0,0.0,0.0,4.1,0.8,0.5,0.2,0.0,0.1,0.3,0.0,0.9,0.4,0.4,0.0,0.0,3.54,1.1,8.1,2.7,0.9,4.126,0.21782,0.08412,0.01155,0.03031,0.12686,0.03771,0.0034,3.53858,3.9804
813865,Hudson Leach,HOU,25,floor,,,reliever,MiLB (MLE),1.0,0.0,0.0,4.1,0.8,0.5,0.2,0.0,0.1,0.3,0.0,0.9,0.4,0.4,0.0,0.0,3.35,1.1,8.1,2.7,0.9,4.104,0.21783,0.08413,0.01155,0.0265,0.12686,0.03771,0.0034,3.34661,3.76447
700322,Keythel Key,LAA,25,floor,,,reliever,MiLB (MLE),1.0,0.0,0.0,4.1,0.8,0.5,0.2,0.0,0.1,0.3,0.0,0.9,0.4,0.5,0.0,0.0,3.64,1.1,8.1,2.7,0.9,4.138,0.21783,0.08413,0.01155,0.03236,0.12691,0.03773,0.0034,3.64371,4.09866
681884,D.J. Carpenter,STL,25,floor,,,reliever,MiLB (MLE),1.0,0.0,0.0,4.2,0.9,0.5,0.2,0.0,0.2,0.4,0.0,0.9,0.4,0.5,0.0,0.0,3.99,1.3,8.1,3.6,1.8,4.179,0.21784,0.08413,0.01155,0.03908,0.12698,0.03775,0.0034,3.99152,4.4899
701703,Quinton Low,MIL,25,floor,,,reliever,MiLB (MLE),1.0,0.0,0.0,4.1,0.8,0.5,0.2,0.0,0.1,0.3,0.0,0.9,0.4,0.4,0.0,0.0,3.54,1.1,8.1,2.7,0.9,4.127,0.21784,0.08413,0.01155,0.03041,0.12691,0.03773,0.0034,3.54497,3.98759
831560,Easton Marks,COL,25,floor,,,reliever,MiLB (MLE),1.0,0.0,0.0,4.1,0.8,0.5,0.2,0.0,0.1,0.3,0.0,0.9,0.4,0.4,0.0,0.0,3.57,1.1,8.1,2.7,0.9,4.13,0.21784,0.08413,0.01155,0.03097,0.12693,0.03774,0.0034,3.57388,4.02012
665828,Oswaldo Cabrera,NYY,28,floor,,,reliever,MLB,1.0,0.0,0.0,4.3,0.9,0.6,0.2,0.0,0.1,0.4,0.0,0.9,0.4,0.5,0.0,0.0,3.98,1.3,8.1,3.6,0.9,4.274,0.21784,0.09229,0.01087,0.02903,0.14282,0.0405,0.00297,3.98485,4.4824
821062,Kendy Richard,ATL,25,floor,,,reliever,MiLB (MLE),1.0,0.0,0.0,4.1,0.8,0.5,0.2,0.0,0.1,0.3,0.0,0.9,0.4,0.4,0.0,0.0,3.57,1.1,8.1,2.7,0.9,4.13,0.21784,0.08413,0.01155,0.03097,0.12693,0.03774,0.0034,3.57388,4.02012
815301,Michael Trausch,TEX,25,floor,,,reliever,MiLB (MLE),1.0,0.0,0.0,4.1,0.8,0.5,0.2,0.0,0.1,0.3,0.0,0.9,0.4,0.4,0.0,0.0,3.41,1.1,8.1,2.7,0.9,4.112,0.21785,0.08414,0.01155,0.02779,0.12694,0.03774,0.0034,3.41373,3.83997
699699,Aneury Lora,SEA,25,floor,,,reliever,MiLB (MLE),1.0,0.0,0.0,4.1,0.8,0.5,0.2,0.0,0.1,0.3,0.0,0.9,0.4,0.4,0.0,0.0,3.5,1.1,8.1,2.7,0.9,4.121,0.21779,0.08411,0.01155,0.02966,0.12679,0.03769,0.0034,3.5034,3.94084
700365,Yendy Gomez,DET,25,floor,,,reliever,MiLB (MLE),1.0,0.0,0.0,4.1,0.8,0.5,0.2,0.0,0.1,0.3,0.0,0.9,0.4,0.4,0.0,0.0,3.41,1.1,8.1,2.7,0.9,4.112,0.21785,0.08414,0.01155,0.02779,0.12694,0.03774,0.0034,3.41373,3.83997
804528,Hunter Omlid,COL,25,floor,,,reliever,MiLB (MLE),1.0,0.0,0.0,4.2,0.9,0.5,0.2,0.0,0.2,0.4,0.0,0.9,0.4,0.5,0.0,0.0,3.9,1.3,8.1,3.6,1.8,4.168,0.21786,0.08414,0.01155,0.03727,0.12702,0.03776,0.0034,3.89883,4.38564
680983,Kelvin Cáceres,LAA,27,floor,,,reliever,MLB,1.0,0.0,0.0,4.3,0.9,0.6,0.2,0.0,0.1,0.4,0.0,0.9,0.4,0.5,0.0,0.0,4.03,1.3,8.1,3.6,0.9,4.262,0.21786,0.08968,0.01025,0.03042,0.14069,0.04222,0.00334,4.03052,4.53377
679845,Nick Loftin,KC,28,floor,,,reliever,MLB,1.0,0.0,0.0,4.2,1.0,0.6,0.2,0.0,0.2,0.4,0.0,0.9,0.5,0.5,0.0,0.0,4.18,1.4,8.1,3.6,1.8,4.24,0.21786,0.08407,0.01087,0.03783,0.13674,0.04086,0.00256,4.18246,4.70468
821783,Argenis Cayama,SF,25,floor,,,starter,MiLB (MLE),1.0,0.0,0.0,4.1,0.8,0.5,0.2,0.0,0.1,0.3,0.0,0.9,0.4,0.4,0.0,0.0,3.72,1.1,8.1,2.7,0.9,4.127,0.21787,0.08415,0.01155,0.03035,0.12701,0.03776,0.0034,3.72434,3.98752
695518,Pierce Coppola,CHC,25,floor,,,starter,MiLB (MLE),1.0,0.0,0.0,4.1,0.8,0.5,0.2,0.0,0.1,0.3,0.0,0.9,0.4,0.4,0.0,0.0,3.76,1.1,8.1,2.7,0.9,4.13,0.21774,0.08409,0.01155,0.03132,0.12667,0.03766,0.00339,3.76498,4.03103
701220,Daniel Avitia,CHC,25,floor,,,reliever,MiLB (MLE),1.0,0.0,0.0,4.1,0.8,0.5,0.2,0.0,0.1,0.3,0.0,0.9,0.4,0.4,0.0,0.0,3.43,1.1,8.1,2.7,0.9,4.113,0.21774,0.08409,0.01155,0.02836,0.12665,0.03765,0.00339,3.43343,3.86213
800576,Andy Basora,KC,25,floor,,,reliever,MiLB (MLE),1.0,0.0,0.0,4.1,0.8,0.5,0.2,0.0,0.1,0.3,0.0,0.9,0.4,0.4,0.0,0.0,3.5,1.1,8.1,2.7,0.9,4.12,0.21774,0.08409,0.01155,0.02963,0.12665,0.03765,0.00339,3.49717,3.93383
687482,Keagan Gillies,BAL,25,floor,,,reliever,MiLB (MLE),1.0,0.0,0.0,4.1,0.8,0.5,0.2,0.0,0.1,0.3,0.0,0.9,0.4,0.5,0.0,0.0,3.66,1.1,8.1,2.7,0.9,4.139,0.21778,0.08411,0.01155,0.03266,0.12679,0.03769,0.0034,3.65511,4.11149
600986,Thyago Vieira,ARI,34,floor,,,reliever,MLB,1.0,0.0,0.0,4.3,0.9,0.6,0.2,0.0,0.1,0.5,0.0,0.9,0.5,0.5,0.0,0.0,4.22,1.4,8.1,4.5,0.9,4.335,0.21778,0.11183,0.01104,0.03283,0.12907,0.03908,0.0042,4.22118,4.74823
681806,Andrew Wantz,LAA,31,floor,,,reliever,MLB,1.0,0.0,0.0,4.3,0.9,0.6,0.2,0.0,0.1,0.4,0.1,0.9,0.4,0.5,0.0,0.0,4.04,1.3,8.1,3.6,0.9,4.304,0.21778,0.09691,0.0128,0.02793,0.14029,0.04195,0.00329,4.04154,4.54616
805790,Cody Bowker,PHI,25,floor,,,starter,MiLB (MLE),1.0,0.0,0.0,4.1,0.8,0.5,0.2,0.0,0.1,0.3,0.0,0.9,0.4,0.5,0.0,0.0,3.84,1.1,8.1,2.7,0.9,4.139,0.21778,0.08411,0.01155,0.03266,0.12679,0.03769,0.0034,3.84013,4.11149
815300,Hayden Robinson,MIL,25,floor,,,reliever,MiLB (MLE),1.0,0.0,0.0,4.1,0.8,0.5,0.2,0.0,0.1,0.3,0.0,0.9,0.4,0.4,0.0,0.0,3.54,1.1,8.1,2.7,0.9,4.125,0.21779,0.08411,0.01155,0.0303,0.12679,0.03769,0.0034,3.53542,3.97686
621550,Patrick Wisdom,CHC,35,floor,,,reliever,MLB,1.0,0.0,0.0,4.3,0.9,0.6,0.2,0.0,0.1,0.4,0.0,0.9,0.4,0.5,0.0,0.0,3.92,1.3,8.1,3.6,0.9,4.257,0.21785,0.08818,0.01087,0.02832,0.14493,0.04044,0.003,3.92497,4.41504
676070,Jacob Amaya,CWS,28,floor,,,reliever,MLB,1.0,0.0,0.0,4.2,0.9,0.6,0.2,0.0,0.1,0.4,0.0,0.9,0.4,0.5,0.0,0.0,3.82,1.3,8.1,3.6,0.9,4.223,0.21738,0.08388,0.01086,0.02591,0.14111,0.04472,0.00378,3.81919,4.29606
693750,Yerlin Rodriguez,MIL,25,floor,,,reliever,MiLB (MLE),1.0,0.0,0.0,4.1,0.8,0.5,0.2,0.0,0.1,0.3,0.0,0.9,0.4,0.4,0.0,0.0,3.44,1.1,8.1,2.7,0.9,4.109,0.21738,0.08395,0.01157,0.02915,0.12574,0.03738,0.00337,3.4446,3.87469
676724,Jared Young,NYM,31,floor,,,reliever,MLB,1.0,0.0,0.0,4.3,0.9,0.6,0.2,0.0,0.1,0.4,0.0,0.9,0.4,0.5,0.0,0.0,4.01,1.3,8.1,3.6,0.9,4.26,0.21739,0.08872,0.01087,0.03117,0.14311,0.0399,0.00248,4.00717,4.5075
826314,Mason Burns,STL,25,floor,,,reliever,MiLB (MLE),1.0,0.0,0.0,4.1,0.8,0.5,0.2,0.0,0.1,0.3,0.0,0.9,0.4,0.4,0.0,0.0,3.45,1.1,8.1,2.7,0.9,4.111,0.21739,0.08395,0.01157,0.02932,0.12577,0.03739,0.00337,3.45409,3.88536
687202,Mark McLaughlin,CWS,25,floor,,,reliever,MiLB (MLE),1.0,0.0,0.0,4.1,0.8,0.5,0.2,0.0,0.1,0.3,0.0,0.9,0.4,0.4,0.0,0.0,3.45,1.1,8.1,2.7,0.9,4.111,0.21739,0.08395,0.01157,0.02932,0.12577,0.03739,0.00337,3.45409,3.88536
834393,Caleb Leys,DET,25,floor,,,reliever,MiLB (MLE),1.0,0.0,0.0,4.1,0.8,0.5,0.2,0.0,0.1,0.3,0.0,0.9,0.4,0.4,0.0,0.0,3.49,1.1,8.1,2.7,0.9,4.115,0.2174,0.08396,0.01157,0.03005,0.12581,0.0374,0.00337,3.49181,3.9278
800544,Cesar Lares,MIN,25,floor,,,reliever,MiLB (MLE),1.0,0.0,0.0,4.1,0.8,0.5,0.2,0.0,0.1,0.3,0.0,0.9,0.4,0.5,0.0,0.0,3.64,1.1,8.1,2.7,0.9,4.133,0.21741,0.08396,0.01157,0.03304,0.12585,0.03741,0.00337,3.64416,4.09917
663385,Chad Smith,OAK,32,floor,,,reliever,MLB,1.0,0.0,0.0,4.4,0.9,0.6,0.2,0.0,0.1,0.5,0.1,1.0,0.5,0.5,0.0,0.0,4.25,1.4,9.0,4.5,0.9,4.386,0.21741,0.10608,0.02219,0.02914,0.13479,0.04045,0.0032,4.25489,4.78615
596103,Austin Slater,NYY,34,floor,,,reliever,MLB,1.0,0.0,0.0,4.2,0.8,0.5,0.2,0.0,0.1,0.4,0.0,0.9,0.5,0.5,0.0,0.0,4.09,1.2,8.1,3.6,0.9,4.239,0.21742,0.0839,0.01087,0.02998,0.13006,0.05556,0.00249,4.09289,4.60393
611093,Silvino Bracho,CIN,34,floor,,,reliever,MLB,1.0,0.0,0.0,4.3,0.9,0.6,0.2,0.0,0.1,0.4,0.1,0.9,0.5,0.5,0.0,0.0,4.12,1.3,8.1,3.6,0.9,4.306,0.21742,0.09415,0.01492,0.03009,0.13921,0.04177,0.0033,4.12142,4.63602
820882,Rordy Mejia,SD,25,floor,,,reliever,MiLB (MLE),1.0,0.0,0.0,4.1,0.8,0.5,0.2,0.0,0.1,0.3,0.0,0.9,0.4,0.5,0.0,0.0,3.72,1.1,8.1,2.7,0.9,4.142,0.21745,0.08397,0.01156,0.03449,0.12594,0.03744,0.00337,3.72099,4.18559
808244,Luis Arestigueta,ATL,25,floor,,,reliever,MiLB (MLE),1.0,0.0,0.0,4.1,0.8,0.5,0.2,0.0,0.1,0.3,0.0,0.9,0.4,0.4,0.0,0.0,3.5,1.1,8.1,2.7,0.9,4.117,0.21746,0.08398,0.01156,0.03008,0.12594,0.03744,0.00337,3.49798,3.93474
836170,Jackson Wells,HOU,25,floor,,,reliever,MiLB (MLE),1.0,0.0,0.0,4.1,0.8,0.5,0.2,0.0,0.1,0.3,0.0,0.9,0.4,0.5,0.0,0.0,3.66,1.1,8.1,2.7,0.9,4.137,0.21755,0.08402,0.01156,0.03313,0.1262,0.03752,0.00338,3.66039,4.11743
813555,Mathieu Curtis,ATL,25,floor,,,reliever,MiLB (MLE),1.0,0.0,0.0,4.1,0.8,0.5,0.2,0.0,0.1,0.3,0.0,0.9,0.4,0.4,0.0,0.0,3.33,1.1,8.1,2.7,0.9,4.095,0.21724,0.08389,0.01157,0.02715,0.12539,0.03728,0.00336,3.33368,3.74992
808224,Leuris Portorreal,WSH,25,floor,,,reliever,MiLB (MLE),1.0,0.0,0.0,4.1,0.8,0.5,0.2,0.0,0.1,0.3,0.0,0.9,0.4,0.4,0.0,0.0,3.41,1.1,8.1,2.7,0.9,4.105,0.21726,0.0839,0.01157,0.02871,0.12546,0.0373,0.00336,3.41371,3.83995
801317,Alex Makarewich,LAD,25,floor,,,reliever,MiLB (MLE),1.0,0.0,0.0,4.1,0.8,0.5,0.2,0.0,0.1,0.3,0.0,0.9,0.4,0.4,0.0,0.0,3.43,1.1,8.1,2.7,0.9,4.107,0.21728,0.08391,0.01157,0.0291,0.12551,0.03731,0.00336,3.43453,3.86336
807002,Jeter Martinez,PIT,25,floor,,,reliever,MiLB (MLE),1.0,0.0,0.0,4.1,0.8,0.5,0.2,0.0,0.1,0.3,0.0,0.9,0.4,0.4,0.0,0.0,3.54,1.1,8.1,2.7,0.9,4.12,0.21729,0.08391,0.01157,0.03123,0.12552,0.03732,0.00336,3.5426,3.98493
686745,Zach Peek,NYM,25,floor,,,reliever,MiLB (MLE),1.0,0.0,0.0,4.1,0.8,0.5,0.2,0.0,0.1,0.3,0.0,0.9,0.4,0.5,0.0,0.0,3.74,1.1,8.1,2.7,0.9,4.142,0.21729,0.08391,0.01157,0.03504,0.12555,0.03732,0.00336,3.73653,4.20307
800408,Jholbran Herder,LAD,25,floor,,,reliever,MiLB (MLE),1.0,0.0,0.0,4.1,0.8,0.5,0.2,0.0,0.1,0.3,0.0,0.9,0.4,0.4,0.0,0.0,3.48,1.1,8.1,2.7,0.9,4.113,0.21732,0.08392,0.01157,0.03,0.1256,0.03734,0.00337,3.4826,3.91744
808893,Bryan Balzer,SD,25,floor,,,reliever,MiLB (MLE),1.0,0.0,0.0,4.1,0.8,0.5,0.2,0.0,0.1,0.3,0.0,0.9,0.4,0.4,0.0,0.0,3.44,1.1,8.1,2.7,0.9,4.108,0.21733,0.08393,0.01157,0.02913,0.12562,0.03735,0.00337,3.43956,3.86902
801249,Julio Mendez,MIA,25,floor,,,starter,MiLB (MLE),1.0,0.0,0.0,4.1,0.8,0.5,0.2,0.0,0.1,0.3,0.0,0.9,0.4,0.4,0.0,0.0,3.56,1.1,8.1,2.7,0.9,4.103,0.21733,0.08393,0.01157,0.02816,0.12562,0.03735,0.00337,3.56308,3.81487
800058,Luis Flores,CLE,25,floor,,,reliever,MiLB (MLE),1.0,0.0,0.0,4.1,0.8,0.5,0.2,0.0,0.1,0.3,0.0,0.9,0.4,0.4,0.0,0.0,3.49,1.1,8.1,2.7,0.9,4.114,0.21733,0.08392,0.01157,0.03009,0.12562,0.03734,0.00337,3.48783,3.92331
623381,Thomas Pannone,MIL,33,floor,,,reliever,MLB,1.0,0.0,0.0,4.3,0.9,0.6,0.2,0.0,0.1,0.4,0.0,0.9,0.4,0.5,0.0,0.0,3.94,1.3,8.1,3.6,0.9,4.252,0.21737,0.08879,0.00835,0.0287,0.14472,0.04098,0.00337,3.93971,4.43162
699707,Danyony Pulido,PHI,25,floor,,,reliever,MiLB (MLE),1.0,0.0,0.0,4.1,0.8,0.5,0.2,0.0,0.1,0.3,0.0,0.9,0.4,0.4,0.0,0.0,3.49,1.1,8.1,2.7,0.9,4.115,0.21737,0.08394,0.01157,0.03012,0.12574,0.03738,0.00337,3.49295,3.92908
822503,Jason Doktorczyk,MIN,25,floor,,,reliever,MiLB (MLE),1.0,0.0,0.0,4.1,0.8,0.5,0.2,0.0,0.1,0.3,0.0,0.9,0.4,0.4,0.0,0.0,3.59,1.1,8.1,2.7,0.9,4.126,0.21737,0.08394,0.01157,0.03204,0.12573,0.03738,0.00337,3.59004,4.03829
692329,Darlin Pinales,OAK,25,floor,,,reliever,MiLB (MLE),1.0,0.0,0.0,4.1,0.8,0.5,0.2,0.0,0.1,0.3,0.0,0.9,0.4,0.4,0.0,0.0,3.38,1.1,8.1,2.7,0.9,4.101,0.21724,0.08389,0.01157,0.02811,0.12539,0.03728,0.00336,3.38153,3.80375
813745,Joey Gartrell,BOS,25,floor,,,reliever,MiLB (MLE),1.0,0.0,0.0,4.1,0.8,0.5,0.2,0.0,0.1,0.3,0.0,0.9,0.4,0.5,0.0,0.0,3.71,1.1,8.1,2.7,0.9,4.142,0.21755,0.08402,0.01156,0.0341,0.12619,0.03752,0.00338,3.7096,4.17278
823129,Trey Pooser,STL,25,floor,,,reliever,MiLB (MLE),1.0,0.0,0.0,4.1,0.8,0.5,0.2,0.0,0.1,0.3,0.0,0.9,0.4,0.5,0.0,0.0,3.66,1.1,8.1,2.7,0.9,4.137,0.21755,0.08402,0.01156,0.03313,0.1262,0.03752,0.00338,3.66039,4.11743
805418,Drew Conover,CWS,25,floor,,,reliever,MiLB (MLE),1.0,0.0,0.0,4.1,0.8,0.5,0.2,0.0,0.1,0.3,0.0,0.9,0.4,0.4,0.0,0.0,3.56,1.1,8.1,2.7,0.9,4.125,0.21756,0.08402,0.01156,0.0312,0.1262,0.03752,0.00338,3.56239,4.00718
699325,Oscar Rayo,KC,25,floor,,,reliever,MiLB (MLE),1.0,0.0,0.0,4.1,0.8,0.5,0.2,0.0,0.1,0.3,0.0,0.9,0.4,0.4,0.0,0.0,3.32,1.1,8.1,2.7,0.9,4.097,0.21757,0.08403,0.01156,0.02636,0.12621,0.03752,0.00338,3.31966,3.73415
701951,Abel Mercedes,OAK,25,floor,,,reliever,MiLB (MLE),1.0,0.0,0.0,4.1,0.8,0.5,0.2,0.0,0.1,0.3,0.0,0.9,0.4,0.4,0.0,0.0,3.46,1.1,8.1,2.7,0.9,4.114,0.21757,0.08402,0.01156,0.02927,0.1262,0.03752,0.00338,3.4649,3.89753
806823,Sheng-En Lin,CIN,25,floor,,,starter,MiLB (MLE),1.0,0.0,0.0,4.1,0.8,0.5,0.2,0.0,0.1,0.3,0.0,0.9,0.4,0.4,0.0,0.0,3.59,1.1,8.1,2.7,0.9,4.109,0.21758,0.08403,0.01156,0.02826,0.12623,0.03753,0.00338,3.58813,3.84168
700344,Alessandro Ercolani,PIT,25,floor,,,reliever,MiLB (MLE),1.0,0.0,0.0,4.1,0.8,0.5,0.2,0.0,0.1,0.3,0.0,0.9,0.4,0.5,0.0,0.0,3.71,1.1,8.1,2.7,0.9,4.144,0.21762,0.08404,0.01156,0.03408,0.12637,0.03757,0.00339,3.71423,4.17798
803292,Ben Peterson,SF,25,floor,,,reliever,MiLB (MLE),1.0,0.0,0.0,4.1,0.8,0.5,0.2,0.0,0.1,0.3,0.0,0.9,0.4,0.5,0.0,0.0,3.71,1.1,8.1,2.7,0.9,4.144,0.21762,0.08404,0.01156,0.03408,0.12637,0.03757,0.00339,3.71423,4.17798
687087,Michael Prosecky,COL,25,floor,,,reliever,MiLB (MLE),1.0,0.0,0.0,4.1,0.8,0.5,0.2,0.0,0.1,0.3,0.0,0.9,0.4,0.4,0.0,0.0,3.56,1.1,8.1,2.7,0.9,4.126,0.21763,0.08405,0.01156,0.03101,0.12638,0.03757,0.00339,3.55833,4.00262
806675,Abraham Gaitan,CIN,25,floor,,,reliever,MiLB (MLE),1.0,0.0,0.0,4.1,0.8,0.5,0.2,0.0,0.1,0.3,0.0,0.9,0.4,0.4,0.0,0.0,3.45,1.1,8.1,2.7,0.9,4.114,0.21763,0.08405,0.01156,0.02893,0.12637,0.03757,0.00339,3.45301,3.88415
830004,Juan Fraide,HOU,25,floor,,,starter,MiLB (MLE),1.0,0.0,0.0,4.1,0.8,0.5,0.2,0.0,0.1,0.3,0.0,0.9,0.4,0.4,0.0,0.0,3.64,1.1,8.1,2.7,0.9,4.113,0.21746,0.08398,0.01156,0.02946,0.12595,0.03744,0.00337,3.64181,3.89915
806288,Stefan Raeth,SEA,25,floor,,,reliever,MiLB (MLE),1.0,0.0,0.0,4.1,0.8,0.5,0.2,0.0,0.1,0.3,0.0,0.9,0.4,0.4,0.0,0.0,3.54,1.1,8.1,2.7,0.9,4.122,0.21747,0.08398,0.01156,0.0309,0.12597,0.03745,0.00338,3.53997,3.98197
688474,Andrew Morones,KC,25,floor,,,reliever,MiLB (MLE),1.0,0.0,0.0,4.1,0.8,0.5,0.2,0.0,0.1,0.3,0.0,0.9,0.4,0.5,0.0,0.0,3.69,1.1,8.1,2.7,0.9,4.137,0.21737,0.08394,0.01157,0.0339,0.12576,0.03739,0.00337,3.68538,4.14553
686608,Jacob Wallace,CHC,25,floor,,,reliever,MiLB (MLE),1.0,0.0,0.0,4.1,0.8,0.5,0.2,0.0,0.1,0.3,0.0,0.9,0.4,0.4,0.0,0.0,3.46,1.1,8.1,2.7,0.9,4.113,0.21747,0.08398,0.01156,0.02937,0.12597,0.03745,0.00338,3.46297,3.89536
700649,Henry Lalane,SF,25,floor,,,starter,MiLB (MLE),1.0,0.0,0.0,4.1,0.8,0.5,0.2,0.0,0.1,0.3,0.0,0.9,0.4,0.4,0.0,0.0,3.73,1.1,8.1,2.7,0.9,4.123,0.21747,0.08398,0.01156,0.03114,0.12597,0.03745,0.00338,3.73167,3.99536
694725,Michael Fowler,MIL,25,floor,,,reliever,MiLB (MLE),1.0,0.0,0.0,4.1,0.8,0.5,0.2,0.0,0.1,0.3,0.0,0.9,0.4,0.4,0.0,0.0,3.55,1.1,8.1,2.7,0.9,4.123,0.21747,0.08398,0.01156,0.03114,0.12597,0.03745,0.00338,3.55188,3.99536
803516,Johnny King,TOR,25,floor,,,starter,MiLB (MLE),1.0,0.0,0.0,4.1,0.8,0.5,0.2,0.0,0.1,0.3,0.0,0.9,0.4,0.4,0.0,0.0,3.56,1.1,8.1,2.7,0.9,4.104,0.21748,0.08399,0.01156,0.02784,0.12597,0.03745,0.00338,3.55772,3.80912
676632,Bligh Madris,HOU,31,floor,,,reliever,MLB,1.0,0.0,0.0,4.3,0.9,0.6,0.2,0.0,0.1,0.4,0.0,0.9,0.4,0.5,0.0,0.0,4.02,1.3,8.1,3.6,0.9,4.255,0.2175,0.08742,0.01074,0.0305,0.14109,0.04234,0.00335,4.02037,4.52236
676689,Ricky Karcher,CIN,29,floor,,,reliever,MLB,1.0,0.0,0.0,4.3,0.9,0.6,0.2,0.0,0.1,0.4,0.0,0.9,0.5,0.5,0.0,0.0,4.18,1.3,8.1,3.6,0.9,4.254,0.2175,0.08742,0.01074,0.03343,0.13123,0.04891,0.00351,4.18341,4.70574
592527,Michael Mariot,CIN,38,floor,,,reliever,MLB,1.0,0.0,0.0,4.2,0.9,0.6,0.2,0.0,0.1,0.4,0.0,0.9,0.4,0.5,0.0,0.0,4.0,1.3,8.1,3.6,0.9,4.241,0.2175,0.0848,0.0097,0.03069,0.14195,0.0426,0.00337,3.99724,4.49634
689172,Brett Wisely,SF,28,floor,,,reliever,MLB,1.0,0.0,0.0,4.2,0.9,0.6,0.2,0.0,0.1,0.4,0.0,0.9,0.4,0.5,0.0,0.0,4.0,1.3,8.1,3.6,0.9,4.241,0.21751,0.08393,0.01074,0.03066,0.14182,0.04256,0.00336,3.99569,4.49458
660634,Yonny Hernández,LAD,29,floor,,,reliever,MLB,1.0,0.0,0.0,4.2,0.9,0.6,0.2,0.0,0.1,0.4,0.0,0.9,0.4,0.5,0.0,0.0,4.0,1.3,8.1,3.6,0.9,4.241,0.21751,0.08393,0.01074,0.03066,0.14182,0.04256,0.00336,3.99569,4.49458
808010,Joan Ogando,HOU,25,floor,,,reliever,MiLB (MLE),1.0,0.0,0.0,4.1,0.8,0.5,0.2,0.0,0.1,0.3,0.0,0.9,0.4,0.5,0.0,0.0,3.65,1.1,8.1,2.7,0.9,4.135,0.21751,0.084,0.01156,0.0331,0.12608,0.03748,0.00338,3.65497,4.11132
571875,Jake Lamb,LAA,36,floor,,,reliever,MLB,1.0,0.0,0.0,4.2,0.9,0.6,0.2,0.0,0.1,0.4,0.0,0.9,0.4,0.5,0.0,0.0,4.0,1.3,8.1,3.6,0.9,4.241,0.21751,0.08393,0.01074,0.03066,0.14182,0.04256,0.00336,3.99569,4.49458
689181,Connor Fenlong,DET,25,floor,,,starter,MiLB (MLE),1.0,0.0,0.0,4.1,0.8,0.5,0.2,0.0,0.1,0.3,0.0,0.9,0.4,0.4,0.0,0.0,3.74,1.1,8.1,2.7,0.9,4.124,0.21751,0.084,0.01156,0.03117,0.12608,0.03748,0.00338,3.73718,4.00126
811963,Wyatt Parliament,NYY,25,floor,,,starter,MiLB (MLE),1.0,0.0,0.0,4.1,0.8,0.5,0.2,0.0,0.1,0.3,0.0,0.9,0.4,0.4,0.0,0.0,3.68,1.1,8.1,2.7,0.9,4.118,0.21752,0.084,0.01156,0.03012,0.12608,0.03748,0.00338,3.68154,3.9417
701539,Eric Torres,BAL,25,floor,,,reliever,MiLB (MLE),1.0,0.0,0.0,4.1,0.8,0.5,0.2,0.0,0.1,0.3,0.0,0.9,0.4,0.4,0.0,0.0,3.54,1.1,8.1,2.7,0.9,4.122,0.21747,0.08398,0.01156,0.0309,0.12597,0.03745,0.00338,3.53997,3.98197
518626,Josh Donaldson,NYY,41,floor,,,reliever,MLB,1.0,0.0,0.0,4.2,0.9,0.6,0.2,0.0,0.1,0.4,0.0,0.9,0.4,0.5,0.0,0.0,3.99,1.3,8.1,3.6,0.9,4.241,0.21826,0.08422,0.01087,0.0306,0.14156,0.04248,0.00336,3.99082,4.48911
815183,Jonathan Jimenez,NYM,25,floor,,,starter,MiLB (MLE),1.0,0.0,0.0,4.2,0.8,0.5,0.2,0.0,0.1,0.4,0.0,0.9,0.4,0.5,0.0,0.0,3.94,1.2,8.1,3.6,0.9,4.156,0.21826,0.0843,0.01153,0.03367,0.12811,0.03809,0.00343,3.93919,4.21755
683822,Naoyuki Uwasawa,BOS,33,floor,,,reliever,MLB,1.0,0.0,0.0,4.3,0.9,0.6,0.2,0.0,0.1,0.4,0.0,0.9,0.4,0.5,0.0,0.0,3.85,1.3,8.1,3.6,0.9,4.251,0.21826,0.08769,0.0094,0.02552,0.14515,0.04465,0.0023,3.85352,4.33467
814715,Jose Martinez,NYY,25,floor,,,reliever,MiLB (MLE),1.0,0.0,0.0,4.1,0.8,0.5,0.2,0.0,0.1,0.3,0.0,0.9,0.4,0.4,0.0,0.0,3.59,1.1,8.1,2.7,0.9,4.138,0.21826,0.0843,0.01153,0.03062,0.12809,0.03808,0.00343,3.59306,4.04169
835882,Matt Dunaway,SF,25,floor,,,reliever,MiLB (MLE),1.0,0.0,0.0,4.1,0.8,0.5,0.2,0.0,0.1,0.3,0.0,0.9,0.4,0.5,0.0,0.0,3.63,1.1,8.1,2.7,0.9,4.141,0.21814,0.08425,0.01153,0.0316,0.12775,0.03798,0.00342,3.63218,4.08569
702905,Reynaldo Yean,LAD,25,floor,,,reliever,MiLB (MLE),1.0,0.0,0.0,4.1,0.8,0.5,0.2,0.0,0.1,0.3,0.0,0.9,0.4,0.4,0.0,0.0,3.58,1.1,8.1,2.7,0.9,4.135,0.21814,0.08425,0.01154,0.03062,0.12775,0.03798,0.00342,3.58228,4.02956
543521,Collin McHugh,ATL,40,floor,,,reliever,MLB,1.0,0.0,0.0,4.2,0.9,0.6,0.2,0.0,0.1,0.3,0.1,0.9,0.4,0.5,0.0,0.0,3.99,1.2,8.1,2.7,0.9,4.23,0.21815,0.07491,0.01631,0.03089,0.14289,0.04288,0.00339,3.9938,4.49246
806711,Yereny Teus,TB,25,floor,,,reliever,MiLB (MLE),1.0,0.0,0.0,4.1,0.8,0.5,0.2,0.0,0.1,0.3,0.0,0.9,0.4,0.4,0.0,0.0,3.42,1.1,8.1,2.7,0.9,4.116,0.21815,0.08426,0.01154,0.02732,0.12773,0.03797,0.00342,3.41519,3.84161
820901,Anderson Brito,TB,25,floor,,,starter,MiLB (MLE),1.0,0.0,0.0,4.1,0.8,0.5,0.2,0.0,0.1,0.3,0.0,0.9,0.4,0.4,0.0,0.0,3.71,1.1,8.1,2.7,0.9,4.129,0.21815,0.08426,0.01154,0.02964,0.12775,0.03798,0.00342,3.71132,3.97358
822470,Blake Purnell,TOR,25,floor,,,starter,MiLB (MLE),1.0,0.0,0.0,4.2,0.8,0.5,0.2,0.0,0.1,0.4,0.0,0.9,0.4,0.5,0.0,0.0,3.93,1.2,8.1,3.6,0.9,4.154,0.21815,0.08426,0.01153,0.03376,0.12779,0.03799,0.00342,3.93288,4.2108
806060,Luke Dotson,ARI,25,floor,,,reliever,MiLB (MLE),1.0,0.0,0.0,4.1,0.8,0.5,0.2,0.0,0.1,0.3,0.0,0.9,0.4,0.4,0.0,0.0,3.53,1.1,8.1,2.7,0.9,4.129,0.21815,0.08426,0.01154,0.02964,0.12775,0.03798,0.00342,3.53251,3.97358
804979,Payton Graham,STL,25,floor,,,reliever,MiLB (MLE),1.0,0.0,0.0,4.1,0.8,0.5,0.2,0.0,0.1,0.3,0.0,0.9,0.4,0.5,0.0,0.0,3.61,1.1,8.1,2.7,0.9,4.139,0.21816,0.08426,0.01153,0.03119,0.1278,0.03799,0.00342,3.61264,4.06371
688692,Jared Simpson,WSH,27,floor,,,reliever,MLB,1.0,0.0,0.0,4.4,0.9,0.6,0.2,0.0,0.1,0.5,0.0,1.0,0.5,0.5,0.0,0.0,4.3,1.4,9.0,4.5,0.9,4.357,0.21792,0.11263,0.00902,0.03068,0.12862,0.04716,0.00328,4.29853,4.83525
828416,Samuel Gonzalez,ARI,25,floor,,,reliever,MiLB (MLE),1.0,0.0,0.0,4.2,0.8,0.5,0.2,0.0,0.1,0.4,0.0,0.9,0.4,0.5,0.0,0.0,3.85,1.2,8.1,3.6,0.9,4.166,0.21817,0.08427,0.01153,0.0357,0.12786,0.03801,0.00343,3.8456,4.32576
811667,Clay Edmondson,SD,25,floor,,,reliever,MiLB (MLE),1.0,0.0,0.0,4.2,0.8,0.5,0.2,0.0,0.1,0.4,0.0,0.9,0.4,0.5,0.0,0.0,3.7,1.2,8.1,3.6,0.9,4.15,0.21817,0.08426,0.01153,0.03295,0.12784,0.038,0.00343,3.70348,4.1659
702318,Chris Campos,LAD,25,floor,,,reliever,MiLB (MLE),1.0,0.0,0.0,4.1,0.8,0.5,0.2,0.0,0.1,0.3,0.0,0.9,0.4,0.5,0.0,0.0,3.62,1.1,8.1,2.7,0.9,4.14,0.21817,0.08427,0.01153,0.03122,0.12784,0.03801,0.00343,3.61545,4.06687
814354,Yanzel Correa,COL,25,floor,,,reliever,MiLB (MLE),1.0,0.0,0.0,4.1,0.8,0.5,0.2,0.0,0.1,0.3,0.0,0.9,0.4,0.4,0.0,0.0,3.45,1.1,8.1,2.7,0.9,4.12,0.21817,0.08426,0.01153,0.02798,0.12781,0.03799,0.00342,3.4505,3.88133
800012,Adilson Peralta,PHI,25,floor,,,reliever,MiLB (MLE),1.0,0.0,0.0,4.1,0.8,0.5,0.2,0.0,0.1,0.3,0.0,0.9,0.4,0.5,0.0,0.0,3.69,1.1,8.1,2.7,0.9,4.148,0.21818,0.08427,0.01153,0.03262,0.12787,0.03801,0.00343,3.68778,4.14824
801128,Robert Cranz,WSH,25,floor,,,reliever,MiLB (MLE),1.0,0.0,0.0,4.1,0.8,0.5,0.2,0.0,0.1,0.3,0.0,0.9,0.4,0.4,0.0,0.0,3.5,1.1,8.1,2.7,0.9,4.126,0.21818,0.08427,0.01153,0.02896,0.12785,0.03801,0.00343,3.50128,3.93845
692624,Alex Martinez,LAA,25,floor,,,reliever,MiLB (MLE),1.0,0.0,0.0,4.2,0.8,0.5,0.2,0.0,0.1,0.4,0.0,0.9,0.4,0.5,0.0,0.0,3.74,1.2,8.1,3.6,0.9,4.154,0.21818,0.08427,0.01153,0.03361,0.12787,0.03801,0.00343,3.73805,4.20478
676540,Austin Marozas,TOR,25,floor,,,reliever,MiLB (MLE),1.0,0.0,0.0,4.1,0.8,0.5,0.2,0.0,0.1,0.3,0.0,0.9,0.4,0.4,0.0,0.0,3.49,1.1,8.1,2.7,0.9,4.123,0.21806,0.08422,0.01154,0.02888,0.12751,0.03791,0.00342,3.4869,3.92227
687208,Nathan Hickey,BOS,25,floor,,,reliever,MiLB (MLE),1.0,0.0,0.0,4.1,0.8,0.5,0.2,0.0,0.1,0.3,0.0,0.9,0.4,0.5,0.0,0.0,3.6,1.1,8.1,2.7,0.9,4.136,0.21806,0.08422,0.01154,0.03113,0.12751,0.03791,0.00342,3.60053,4.05009
823748,Garrett Hodges,MIL,25,floor,,,reliever,MiLB (MLE),1.0,0.0,0.0,4.2,0.9,0.5,0.2,0.0,0.2,0.4,0.0,0.9,0.4,0.5,0.0,0.0,3.85,1.3,8.1,3.6,1.8,4.166,0.21808,0.08423,0.01154,0.036,0.12762,0.03794,0.00342,3.85314,4.33424
822824,Cooper McGrath,SF,25,floor,,,reliever,MiLB (MLE),1.0,0.0,0.0,4.1,0.8,0.5,0.2,0.0,0.1,0.3,0.0,0.9,0.4,0.4,0.0,0.0,3.51,1.1,8.1,2.7,0.9,4.126,0.21809,0.08423,0.01154,0.02921,0.12759,0.03793,0.00342,3.50572,3.94344
699695,Gleiner Diaz,SEA,25,floor,,,reliever,MiLB (MLE),1.0,0.0,0.0,4.1,0.8,0.5,0.2,0.0,0.1,0.3,0.0,0.9,0.4,0.4,0.0,0.0,3.54,1.1,8.1,2.7,0.9,4.129,0.21809,0.08423,0.01154,0.02985,0.12758,0.03793,0.00342,3.53805,3.97981
656578,Andre Jackson,PIT,31,floor,,,reliever,MLB,1.0,0.0,0.0,4.2,0.9,0.6,0.2,0.0,0.1,0.4,0.0,0.9,0.4,0.5,0.0,0.0,3.98,1.3,8.1,3.6,0.9,4.238,0.21816,0.08668,0.00778,0.03063,0.1417,0.04252,0.00336,3.98261,4.47987
694793,Jadon Bercovich,TB,25,floor,,,reliever,MiLB (MLE),1.0,0.0,0.0,4.2,0.8,0.5,0.2,0.0,0.1,0.4,0.0,0.9,0.4,0.5,0.0,0.0,3.77,1.2,8.1,3.6,0.9,4.16,0.21839,0.08435,0.01152,0.03378,0.12848,0.0382,0.00344,3.76656,4.23685
691010,Christian Rodriguez,BAL,25,floor,,,starter,MiLB (MLE),1.0,0.0,0.0,4.1,0.8,0.5,0.2,0.0,0.1,0.3,0.0,0.9,0.4,0.5,0.0,0.0,3.85,1.1,8.1,2.7,0.9,4.148,0.21839,0.08435,0.01152,0.0318,0.12848,0.0382,0.00344,3.85082,4.12294
663971,Blair Calvo,COL,31,floor,,,reliever,MLB,1.0,0.0,0.0,4.2,0.9,0.6,0.2,0.0,0.1,0.4,0.0,0.9,0.4,0.5,0.0,0.0,3.99,1.3,8.1,3.6,0.9,4.241,0.21826,0.08422,0.01087,0.0306,0.14156,0.04248,0.00336,3.99082,4.48911
828716,Jonathan Stevens,MIN,25,floor,,,reliever,MiLB (MLE),1.0,0.0,0.0,4.1,0.8,0.5,0.2,0.0,0.1,0.3,0.0,0.9,0.4,0.5,0.0,0.0,3.66,1.1,8.1,2.7,0.9,4.146,0.21826,0.0843,0.01153,0.03191,0.12809,0.03808,0.00343,3.65848,4.11527
809933,Steven Brooks,BOS,25,floor,,,reliever,MiLB (MLE),1.0,0.0,0.0,4.1,0.8,0.5,0.2,0.0,0.1,0.3,0.0,0.9,0.4,0.4,0.0,0.0,3.48,1.1,8.1,2.7,0.9,4.124,0.21826,0.0843,0.01153,0.02831,0.12806,0.03807,0.00343,3.47533,3.90926
813609,Reese Lumpkin,SEA,25,floor,,,reliever,MiLB (MLE),1.0,0.0,0.0,4.1,0.8,0.5,0.2,0.0,0.1,0.3,0.0,0.9,0.4,0.4,0.0,0.0,3.46,1.1,8.1,2.7,0.9,4.123,0.21827,0.08431,0.01153,0.02805,0.1281,0.03808,0.00343,3.46293,3.89531
821757,Esteban Mejia,BAL,25,floor,,,reliever,MiLB (MLE),1.0,0.0,0.0,4.1,0.8,0.5,0.2,0.0,0.1,0.3,0.0,0.9,0.4,0.4,0.0,0.0,3.53,1.1,8.1,2.7,0.9,4.131,0.21827,0.0843,0.01153,0.02933,0.1281,0.03808,0.00343,3.52788,3.96837
701214,Dylan Carter,SF,25,floor,,,reliever,MiLB (MLE),1.0,0.0,0.0,4.1,0.8,0.5,0.2,0.0,0.1,0.3,0.0,0.9,0.4,0.4,0.0,0.0,3.5,1.1,8.1,2.7,0.9,4.127,0.21827,0.0843,0.01153,0.02869,0.1281,0.03808,0.00343,3.49538,3.93181
834954,Cash Kuiper,DET,25,floor,,,reliever,MiLB (MLE),1.0,0.0,0.0,4.1,0.8,0.5,0.2,0.0,0.1,0.3,0.0,0.9,0.4,0.5,0.0,0.0,3.66,1.1,8.1,2.7,0.9,4.146,0.21828,0.08431,0.01153,0.03193,0.12816,0.0381,0.00343,3.6618,4.11901
699719,Adiel Melendez,ATL,25,floor,,,reliever,MiLB (MLE),1.0,0.0,0.0,4.1,0.8,0.5,0.2,0.0,0.1,0.3,0.0,0.9,0.4,0.4,0.0,0.0,3.53,1.1,8.1,2.7,0.9,4.131,0.21829,0.08431,0.01153,0.02935,0.12817,0.0381,0.00343,3.53107,3.97195
805758,Brian Walters,PHI,25,floor,,,reliever,MiLB (MLE),1.0,0.0,0.0,4.1,0.8,0.5,0.2,0.0,0.1,0.3,0.0,0.9,0.4,0.4,0.0,0.0,3.56,1.1,8.1,2.7,0.9,4.135,0.21829,0.08431,0.01153,0.02999,0.12817,0.0381,0.00343,3.56366,4.00862
694495,Javen Coleman,TOR,25,floor,,,reliever,MiLB (MLE),1.0,0.0,0.0,4.1,0.8,0.5,0.2,0.0,0.1,0.3,0.0,0.9,0.4,0.5,0.0,0.0,3.63,1.1,8.1,2.7,0.9,4.143,0.21829,0.08431,0.01153,0.0313,0.12818,0.03811,0.00343,3.63049,4.08379
816256,Marco Barrios,CWS,25,floor,,,reliever,MiLB (MLE),1.0,0.0,0.0,4.1,0.8,0.5,0.2,0.0,0.1,0.3,0.0,0.9,0.4,0.4,0.0,0.0,3.56,1.1,8.1,2.7,0.9,4.134,0.21826,0.0843,0.01153,0.02998,0.12809,0.03808,0.00343,3.56044,4.00499
683008,Avery Short,ARI,25,floor,,,starter,MiLB (MLE),1.0,0.0,0.0,4.1,0.8,0.5,0.2,0.0,0.1,0.3,0.0,0.9,0.4,0.4,0.0,0.0,3.69,1.1,8.1,2.7,0.9,4.13,0.2183,0.08432,0.01153,0.02904,0.12818,0.03811,0.00343,3.69373,3.95475
691436,Alberto Pacheco,COL,25,floor,,,reliever,MiLB (MLE),1.0,0.0,0.0,4.2,0.9,0.5,0.2,0.0,0.2,0.4,0.0,0.9,0.4,0.5,0.0,0.0,3.97,1.3,8.1,3.6,1.8,4.182,0.2183,0.08432,0.01153,0.03777,0.12826,0.03813,0.00344,3.96507,4.46014
686662,Jarrod Cande,COL,25,floor,,,reliever,MiLB (MLE),1.0,0.0,0.0,4.1,0.8,0.5,0.2,0.0,0.1,0.3,0.0,0.9,0.4,0.4,0.0,0.0,3.52,1.1,8.1,2.7,0.9,4.13,0.2183,0.08432,0.01153,0.02904,0.12818,0.03811,0.00343,3.51577,3.95475
824200,Jakob Guardado,LAA,25,floor,,,reliever,MiLB (MLE),1.0,0.0,0.0,4.1,0.8,0.5,0.2,0.0,0.1,0.3,0.0,0.9,0.4,0.5,0.0,0.0,3.63,1.1,8.1,2.7,0.9,4.143,0.21831,0.08432,0.01153,0.0313,0.12824,0.03812,0.00344,3.63232,4.08585
823330,Alejandro Chiquillo,TEX,25,floor,,,reliever,MiLB (MLE),1.0,0.0,0.0,4.1,0.8,0.5,0.2,0.0,0.1,0.3,0.0,0.9,0.4,0.5,0.0,0.0,3.63,1.1,8.1,2.7,0.9,4.143,0.21831,0.08432,0.01153,0.0313,0.12824,0.03812,0.00344,3.63232,4.08585
691012,Alex Santos II,HOU,25,floor,,,reliever,MiLB (MLE),1.0,0.0,0.0,4.1,0.8,0.5,0.2,0.0,0.1,0.3,0.0,0.9,0.4,0.4,0.0,0.0,3.5,1.1,8.1,2.7,0.9,4.126,0.21818,0.08427,0.01153,0.02896,0.12785,0.03801,0.00343,3.50128,3.93845
811598,Kleiber Olmedo,SD,25,floor,,,reliever,MiLB (MLE),1.0,0.0,0.0,4.1,0.8,0.5,0.2,0.0,0.1,0.3,0.0,0.9,0.4,0.5,0.0,0.0,3.69,1.1,8.1,2.7,0.9,4.148,0.21818,0.08427,0.01153,0.03262,0.12787,0.03801,0.00343,3.68778,4.14824
700987,Ryan Schiefer,CWS,25,floor,,,reliever,MiLB (MLE),1.0,0.0,0.0,4.1,0.8,0.5,0.2,0.0,0.1,0.3,0.0,0.9,0.4,0.4,0.0,0.0,3.55,1.1,8.1,2.7,0.9,4.133,0.21821,0.08428,0.01153,0.02994,0.12795,0.03804,0.00343,3.55401,3.99777
800324,Luis Cohen,BOS,25,floor,,,reliever,MiLB (MLE),1.0,0.0,0.0,4.2,0.8,0.5,0.2,0.0,0.1,0.4,0.0,0.9,0.4,0.5,0.0,0.0,3.79,1.2,8.1,3.6,0.9,4.161,0.21822,0.08428,0.01153,0.03463,0.12799,0.03805,0.00343,3.79421,4.26795
807403,Jecsua Liborius,LAD,25,floor,,,reliever,MiLB (MLE),1.0,0.0,0.0,4.1,0.8,0.5,0.2,0.0,0.1,0.3,0.0,0.9,0.4,0.4,0.0,0.0,3.56,1.1,8.1,2.7,0.9,4.134,0.21824,0.08429,0.01153,0.02996,0.12802,0.03806,0.00343,3.55722,4.00138
681584,David Villar,SF,30,floor,,,reliever,MLB,1.0,0.0,0.0,4.3,0.9,0.6,0.2,0.0,0.1,0.4,0.0,0.9,0.4,0.5,0.0,0.0,4.02,1.3,8.1,3.6,0.9,4.255,0.21825,0.08772,0.01087,0.03045,0.14083,0.04226,0.00334,4.01557,4.51696
835516,Louis Marinaro,TEX,25,floor,,,reliever,MiLB (MLE),1.0,0.0,0.0,4.1,0.8,0.5,0.2,0.0,0.1,0.3,0.0,0.9,0.4,0.4,0.0,0.0,3.43,1.1,8.1,2.7,0.9,4.119,0.21825,0.0843,0.01153,0.02739,0.12803,0.03806,0.00343,3.42746,3.85541
641525,Brandon Dixon,SD,35,floor,,,reliever,MLB,1.0,0.0,0.0,4.2,0.9,0.6,0.2,0.0,0.1,0.4,0.0,0.9,0.4,0.5,0.0,0.0,3.99,1.3,8.1,3.6,0.9,4.241,0.21826,0.08422,0.01087,0.0306,0.14156,0.04248,0.00336,3.99082,4.48911
823821,Ramiro Villanueva,MIN,25,floor,,,reliever,MiLB (MLE),1.0,0.0,0.0,4.1,0.8,0.5,0.2,0.0,0.1,0.3,0.0,0.9,0.4,0.4,0.0,0.0,3.56,1.1,8.1,2.7,0.9,4.135,0.21829,0.08431,0.01153,0.02999,0.12817,0.0381,0.00343,3.56366,4.00862
822463,Nolan Sparks,STL,25,floor,,,reliever,MiLB (MLE),1.0,0.0,0.0,4.1,0.8,0.5,0.2,0.0,0.1,0.3,0.0,0.9,0.4,0.4,0.0,0.0,3.52,1.1,8.1,2.7,0.9,4.125,0.21795,0.08418,0.01154,0.02967,0.12721,0.03782,0.00341,3.51722,3.95638
694553,Tyson Guerrero,KC,25,floor,,,reliever,MiLB (MLE),1.0,0.0,0.0,4.1,0.8,0.5,0.2,0.0,0.1,0.3,0.0,0.9,0.4,0.4,0.0,0.0,3.6,1.1,8.1,2.7,0.9,4.134,0.21795,0.08418,0.01154,0.03122,0.12721,0.03782,0.00341,3.5956,4.04454
694780,Adam Boucher,WSH,25,floor,,,reliever,MiLB (MLE),1.0,0.0,0.0,4.1,0.8,0.5,0.2,0.0,0.1,0.3,0.0,0.9,0.4,0.5,0.0,0.0,3.61,1.1,8.1,2.7,0.9,4.136,0.21797,0.08418,0.01154,0.03148,0.12727,0.03783,0.00341,3.61042,4.06122
805379,Robby Porco,LAD,25,floor,,,reliever,MiLB (MLE),1.0,0.0,0.0,4.1,0.8,0.5,0.2,0.0,0.1,0.3,0.0,0.9,0.4,0.4,0.0,0.0,3.41,1.1,8.1,2.7,0.9,4.113,0.21798,0.08419,0.01154,0.02756,0.12727,0.03784,0.00341,3.413,3.83914
702649,Logan Forsythe,ATL,25,floor,,,reliever,MiLB (MLE),1.0,0.0,0.0,4.1,0.8,0.5,0.2,0.0,0.1,0.3,0.0,0.9,0.4,0.4,0.0,0.0,3.46,1.1,8.1,2.7,0.9,4.119,0.21798,0.08419,0.01154,0.02851,0.1273,0.03784,0.00341,3.46104,3.89319
825245,Jose Guzman,DET,25,floor,,,reliever,MiLB (MLE),1.0,0.0,0.0,4.1,0.8,0.5,0.2,0.0,0.1,0.3,0.0,0.9,0.4,0.4,0.0,0.0,3.46,1.1,8.1,2.7,0.9,4.119,0.21798,0.08419,0.01154,0.02851,0.1273,0.03784,0.00341,3.46104,3.89319
701793,Rocco Reid,ARI,25,floor,,,reliever,MiLB (MLE),1.0,0.0,0.0,4.1,0.8,0.5,0.2,0.0,0.1,0.3,0.0,0.9,0.4,0.4,0.0,0.0,3.47,1.1,8.1,2.7,0.9,4.12,0.21802,0.0842,0.01154,0.02857,0.12739,0.03787,0.00341,3.46731,3.90024
677352,Chase Watkins,CWS,25,floor,,,reliever,MiLB (MLE),1.0,0.0,0.0,4.1,0.8,0.5,0.2,0.0,0.1,0.3,0.0,0.9,0.4,0.5,0.0,0.0,3.68,1.1,8.1,2.7,0.9,4.145,0.21802,0.0842,0.01154,0.03283,0.12742,0.03788,0.00341,3.68399,4.14397
822459,Matthew Watson,SD,25,floor,,,starter,MiLB (MLE),1.0,0.0,0.0,4.1,0.8,0.5,0.2,0.0,0.1,0.3,0.0,0.9,0.4,0.5,0.0,0.0,3.87,1.1,8.1,2.7,0.9,4.145,0.21802,0.0842,0.01154,0.03283,0.12742,0.03788,0.00341,3.87047,4.14397
815322,Kai Peterson,TOR,25,floor,,,reliever,MiLB (MLE),1.0,0.0,0.0,4.1,0.8,0.5,0.2,0.0,0.1,0.3,0.0,0.9,0.4,0.4,0.0,0.0,3.53,1.1,8.1,2.7,0.9,4.127,0.21803,0.08421,0.01154,0.02972,0.12742,0.03788,0.00341,3.52642,3.96673
663977,Jake Higginbotham,MIN,25,floor,,,reliever,MiLB (MLE),1.0,0.0,0.0,4.2,0.9,0.5,0.2,0.0,0.2,0.4,0.0,0.9,0.4,0.5,0.0,0.0,3.99,1.3,8.1,3.6,1.8,4.181,0.21803,0.08421,0.01154,0.03874,0.12749,0.0379,0.00342,3.99046,4.48871
700413,Tyler Uberstine,BOS,28,floor,,,reliever,MLB,1.0,0.0,0.0,4.2,1.0,0.7,0.2,0.0,0.1,0.4,0.0,0.9,0.4,0.4,0.0,0.0,3.57,1.4,8.1,3.6,0.9,4.241,0.21803,0.08554,0.00991,0.01967,0.15894,0.03614,0.00291,3.5654,4.01057
800063,Andrew Taylor,HOU,25,floor,,,starter,MiLB (MLE),1.0,0.0,0.0,4.1,0.8,0.5,0.2,0.0,0.1,0.3,0.0,0.9,0.4,0.5,0.0,0.0,3.88,1.1,8.1,2.7,0.9,4.148,0.21809,0.08423,0.01154,0.03289,0.12763,0.03794,0.00342,3.88068,4.15491
666197,Grae Kessinger,HOU,29,floor,,,reliever,MLB,1.0,0.0,0.0,4.2,0.9,0.6,0.2,0.0,0.1,0.4,0.0,0.9,0.4,0.5,0.0,0.0,3.92,1.3,8.1,3.6,0.9,4.239,0.21787,0.08407,0.01087,0.02932,0.14483,0.04102,0.00277,3.9191,4.40843
842303,Luke Cooper,LAA,25,floor,,,reliever,MiLB (MLE),1.0,0.0,0.0,4.1,0.8,0.5,0.2,0.0,0.1,0.3,0.0,0.9,0.4,0.5,0.0,0.0,3.65,1.1,8.1,2.7,0.9,4.139,0.21787,0.08415,0.01155,0.03239,0.12703,0.03776,0.0034,3.64916,4.1048
680572,Adam Kloffenstein,STL,26,floor,,,reliever,MLB,1.0,0.0,0.0,4.2,0.9,0.6,0.2,0.0,0.1,0.4,0.0,0.9,0.4,0.5,0.0,0.0,3.96,1.3,8.1,3.6,0.9,4.239,0.21787,0.08407,0.01087,0.03071,0.14376,0.04086,0.0026,3.95713,4.45122
673965,Caleb Freeman,CWS,29,floor,,,reliever,MLB,1.0,0.0,0.0,4.2,0.9,0.6,0.2,0.0,0.1,0.4,0.0,0.9,0.4,0.5,0.0,0.0,3.62,1.3,8.1,3.6,0.9,4.229,0.21788,0.08357,0.0094,0.02066,0.15347,0.04089,0.00315,3.62436,4.07689
814088,Austin Strickland,SF,25,floor,,,reliever,MiLB (MLE),1.0,0.0,0.0,4.1,0.8,0.5,0.2,0.0,0.1,0.3,0.0,0.9,0.4,0.4,0.0,0.0,3.6,1.1,8.1,2.7,0.9,4.134,0.21788,0.08415,0.01155,0.03142,0.12703,0.03776,0.0034,3.59964,4.04909
686249,Nathan Wiles,ATL,28,floor,,,reliever,MLB,1.0,0.0,0.0,4.2,0.9,0.6,0.2,0.0,0.1,0.3,0.0,0.9,0.5,0.5,0.0,0.0,4.06,1.2,8.1,2.7,0.9,4.215,0.21789,0.08233,0.01037,0.03439,0.13338,0.04537,0.00304,4.05743,4.56404
695366,Holt Jones,MIA,25,floor,,,reliever,MiLB (MLE),1.0,0.0,0.0,4.2,0.9,0.5,0.2,0.0,0.2,0.4,0.0,0.9,0.4,0.5,0.0,0.0,3.93,1.3,8.1,3.6,1.8,4.172,0.21791,0.08416,0.01154,0.03777,0.12717,0.0378,0.00341,3.92932,4.41993
802088,Henson Leal,KC,25,floor,,,reliever,MiLB (MLE),1.0,0.0,0.0,4.1,0.8,0.5,0.2,0.0,0.1,0.3,0.0,0.9,0.4,0.4,0.0,0.0,3.45,1.1,8.1,2.7,0.9,4.117,0.21791,0.08416,0.01155,0.02846,0.12708,0.03778,0.00341,3.45179,3.88278
688664,Ryan Brown,OAK,25,floor,,,reliever,MiLB (MLE),1.0,0.0,0.0,4.2,0.8,0.5,0.2,0.0,0.1,0.4,0.0,0.9,0.4,0.5,0.0,0.0,3.8,1.2,8.1,3.6,0.9,4.158,0.21791,0.08416,0.01154,0.03536,0.12714,0.0378,0.00341,3.80428,4.27928
834673,Jake Brink,CIN,25,floor,,,starter,MiLB (MLE),1.0,0.0,0.0,4.2,0.8,0.5,0.2,0.0,0.1,0.4,0.0,0.9,0.4,0.5,0.0,0.0,4.0,1.2,8.1,3.6,0.9,4.159,0.21791,0.08416,0.01154,0.03548,0.12714,0.0378,0.00341,4.00371,4.28663
835380,Sam Rochard,MIN,25,floor,,,reliever,MiLB (MLE),1.0,0.0,0.0,4.1,0.8,0.5,0.2,0.0,0.1,0.3,0.0,0.9,0.4,0.5,0.0,0.0,3.61,1.1,8.1,2.7,0.9,4.135,0.21792,0.08417,0.01154,0.03145,0.12715,0.0378,0.00341,3.60502,4.05514
805706,AJ Russell,TEX,25,floor,,,reliever,MiLB (MLE),1.0,0.0,0.0,4.1,0.8,0.5,0.2,0.0,0.1,0.3,0.0,0.9,0.4,0.5,0.0,0.0,3.61,1.1,8.1,2.7,0.9,4.135,0.21792,0.08417,0.01154,0.03145,0.12715,0.0378,0.00341,3.60502,4.05514
695425,Bryce Warrecker,NYY,25,floor,,,reliever,MiLB (MLE),1.0,0.0,0.0,4.1,0.8,0.5,0.2,0.0,0.1,0.3,0.0,0.9,0.4,0.5,0.0,0.0,3.61,1.1,8.1,2.7,0.9,4.135,0.21792,0.08417,0.01154,0.03145,0.12715,0.0378,0.00341,3.60502,4.05514
593334,Domingo Germán,PIT,34,floor,,,reliever,MLB,1.0,0.0,0.0,4.2,1.0,0.6,0.2,0.0,0.2,0.3,0.1,0.9,0.5,0.5,0.0,0.0,4.15,1.3,8.1,2.7,1.8,4.241,0.22103,0.08255,0.0143,0.03785,0.13762,0.03831,0.00258,4.1534,4.67199
822488,Griffin Kirn,OAK,25,floor,,,reliever,MiLB (MLE),1.0,0.0,0.0,4.1,0.8,0.5,0.2,0.0,0.1,0.3,0.0,0.9,0.4,0.4,0.0,0.0,3.58,1.1,8.1,2.7,0.9,4.134,0.2181,0.08424,0.01154,0.03059,0.12763,0.03794,0.00342,3.5769,4.02351
703496,Mavis Graves,PHI,25,floor,,,reliever,MiLB (MLE),1.0,0.0,0.0,4.1,0.8,0.5,0.2,0.0,0.1,0.3,0.0,0.9,0.4,0.4,0.0,0.0,3.38,1.1,8.1,2.7,0.9,4.111,0.21811,0.08424,0.01154,0.02666,0.12764,0.03794,0.00342,3.379,3.8009
806704,Cam Tilly,NYM,25,floor,,,starter,MiLB (MLE),1.0,0.0,0.0,4.1,0.8,0.5,0.2,0.0,0.1,0.3,0.0,0.9,0.4,0.5,0.0,0.0,3.79,1.1,8.1,2.7,0.9,4.138,0.21811,0.08424,0.01154,0.03115,0.12765,0.03795,0.00342,3.78866,4.05638
811296,Kiefer Lord,BAL,25,floor,,,reliever,MiLB (MLE),1.0,0.0,0.0,4.1,0.8,0.5,0.2,0.0,0.1,0.3,0.0,0.9,0.4,0.4,0.0,0.0,3.48,1.1,8.1,2.7,0.9,4.123,0.21811,0.08424,0.01154,0.02863,0.12763,0.03794,0.00342,3.47768,3.9119
695990,Kenyi Perez,CHC,25,floor,,,reliever,MiLB (MLE),1.0,0.0,0.0,4.1,0.8,0.5,0.2,0.0,0.1,0.3,0.0,0.9,0.4,0.4,0.0,0.0,3.46,1.1,8.1,2.7,0.9,4.12,0.21811,0.08424,0.01154,0.02822,0.12764,0.03794,0.00342,3.45717,3.88883
815795,Junior Ciprian,ARI,25,floor,,,starter,MiLB (MLE),1.0,0.0,0.0,4.1,0.8,0.5,0.2,0.0,0.1,0.3,0.0,0.9,0.4,0.4,0.0,0.0,3.65,1.1,8.1,2.7,0.9,4.123,0.21811,0.08424,0.01154,0.02863,0.12763,0.03794,0.00342,3.65371,3.9119
814837,Jacob Cravey,BAL,25,floor,,,reliever,MiLB (MLE),1.0,0.0,0.0,4.2,0.8,0.5,0.2,0.0,0.1,0.4,0.0,0.9,0.4,0.5,0.0,0.0,3.83,1.2,8.1,3.6,0.9,4.164,0.21813,0.08425,0.01153,0.03554,0.12774,0.03798,0.00342,3.83316,4.31177
698965,Gerelmi Maldonado,SF,25,floor,,,reliever,MiLB (MLE),1.0,0.0,0.0,4.1,0.8,0.5,0.2,0.0,0.1,0.3,0.0,0.9,0.4,0.5,0.0,0.0,3.63,1.1,8.1,2.7,0.9,4.141,0.21814,0.08425,0.01153,0.0316,0.12775,0.03798,0.00342,3.63218,4.08569
674681,Michael Plassmeyer,PHI,30,floor,,,reliever,MLB,1.0,0.0,0.0,4.3,0.9,0.6,0.2,0.0,0.1,0.3,0.1,0.9,0.5,0.5,0.0,0.0,4.11,1.2,8.1,2.7,0.9,4.29,0.21814,0.07556,0.03009,0.03022,0.13979,0.04195,0.00332,4.11094,4.62423
823227,Brian Zeldin,MIN,25,floor,,,reliever,MiLB (MLE),1.0,0.0,0.0,4.1,0.8,0.5,0.2,0.0,0.1,0.3,0.0,0.9,0.4,0.5,0.0,0.0,3.63,1.1,8.1,2.7,0.9,4.141,0.21814,0.08425,0.01153,0.0316,0.12775,0.03798,0.00342,3.63218,4.08569
681520,Antoine Kelly,CHC,27,floor,,,reliever,MLB,1.0,0.0,0.0,4.3,0.9,0.6,0.2,0.0,0.1,0.4,0.0,1.0,0.4,0.5,0.0,0.0,3.77,1.3,9.0,3.6,0.9,4.252,0.22108,0.08886,0.01074,0.02347,0.14662,0.04227,0.00295,3.76703,4.23738
679346,Edgar Navarro,CWS,29,floor,,,reliever,MLB,1.0,0.0,0.0,4.3,0.9,0.6,0.2,0.0,0.1,0.3,0.1,1.0,0.5,0.5,0.0,0.0,4.07,1.2,9.0,2.7,0.9,4.284,0.2211,0.08115,0.02478,0.03006,0.13903,0.04172,0.0033,4.07208,4.58051
801221,Pedro Garcia,DET,25,floor,,,reliever,MiLB (MLE),1.0,0.0,0.0,4.1,0.8,0.5,0.2,0.0,0.1,0.3,0.0,0.9,0.4,0.4,0.0,0.0,3.59,1.1,8.1,2.7,0.9,4.133,0.21795,0.08418,0.01154,0.03104,0.12722,0.03782,0.00341,3.58671,4.03455
688427,Kolton Ingram,LAA,30,floor,,,reliever,MLB,1.0,0.0,0.0,4.2,0.9,0.6,0.2,0.0,0.1,0.4,0.0,0.9,0.4,0.5,0.0,0.0,3.95,1.3,8.1,3.6,0.9,4.25,0.22124,0.09307,0.0082,0.02994,0.1385,0.04156,0.00329,3.95118,4.44452
605441,Yacksel Ríos,CHC,34,floor,,,reliever,MLB,1.0,0.0,0.0,4.3,0.9,0.6,0.2,0.0,0.1,0.4,0.0,1.0,0.5,0.5,0.0,0.0,4.17,1.3,9.0,3.6,0.9,4.289,0.22135,0.09872,0.00911,0.0331,0.13268,0.04442,0.00275,4.17178,4.69267
686678,Chase Solesky,TB,29,floor,,,reliever,MLB,1.0,0.0,0.0,4.2,0.9,0.6,0.2,0.0,0.1,0.3,0.0,0.9,0.4,0.5,0.0,0.0,3.84,1.2,8.1,2.7,0.9,4.222,0.2214,0.08289,0.0093,0.02788,0.14445,0.0424,0.00307,3.84261,4.32239
622251,Josh Staumont,MIN,33,floor,,,reliever,MLB,1.0,0.0,0.0,4.4,0.9,0.6,0.2,0.0,0.1,0.5,0.0,1.0,0.4,0.5,0.0,0.0,3.94,1.4,9.0,4.5,0.9,4.399,0.22166,0.12299,0.01117,0.02119,0.14189,0.03821,0.00227,3.94058,4.43259
676050,Packy Naughton,STL,31,floor,,,reliever,MLB,1.0,0.0,0.0,4.2,0.9,0.6,0.2,0.0,0.1,0.3,0.0,0.9,0.4,0.5,0.0,0.0,3.9,1.2,8.1,2.7,0.9,4.189,0.22167,0.07433,0.00809,0.03119,0.14427,0.04329,0.00342,3.89888,4.3857
804546,Hoss Brewer,NYM,25,floor,,,reliever,MiLB (MLE),1.0,0.0,0.0,4.1,0.8,0.5,0.2,0.0,0.1,0.3,0.0,0.9,0.4,0.5,0.0,0.0,3.62,1.1,8.1,2.7,0.9,4.139,0.21805,0.08422,0.01154,0.03154,0.12751,0.03791,0.00342,3.62127,4.07342
807748,Kannon Kemp,SD,25,floor,,,starter,MiLB (MLE),1.0,0.0,0.0,4.1,0.8,0.5,0.2,0.0,0.1,0.3,0.0,0.9,0.4,0.5,0.0,0.0,3.8,1.1,8.1,2.7,0.9,4.139,0.21805,0.08422,0.01154,0.03154,0.12751,0.03791,0.00342,3.80457,4.07342
822956,Jack Martinez,STL,25,floor,,,starter,MiLB (MLE),1.0,0.0,0.0,4.1,0.8,0.5,0.2,0.0,0.1,0.3,0.0,0.9,0.4,0.5,0.0,0.0,3.86,1.1,8.1,2.7,0.9,4.144,0.21805,0.08422,0.01154,0.03252,0.12751,0.03791,0.00342,3.85696,4.12951
812151,Deivi Villafana,CIN,25,floor,,,starter,MiLB (MLE),1.0,0.0,0.0,4.1,0.8,0.5,0.2,0.0,0.1,0.3,0.0,0.9,0.4,0.5,0.0,0.0,3.86,1.1,8.1,2.7,0.9,4.144,0.21805,0.08422,0.01154,0.03252,0.12751,0.03791,0.00342,3.85696,4.12951
675296,Hayden Merda,NYY,25,floor,,,reliever,MiLB (MLE),1.0,0.0,0.0,4.1,0.8,0.5,0.2,0.0,0.1,0.3,0.0,0.9,0.4,0.5,0.0,0.0,3.71,1.1,8.1,2.7,0.9,4.149,0.21805,0.08422,0.01154,0.03338,0.1275,0.0379,0.00342,3.71488,4.17872
694050,Gabriel Reyes,DET,25,floor,,,starter,MiLB (MLE),1.0,0.0,0.0,4.1,0.8,0.5,0.2,0.0,0.1,0.3,0.0,0.9,0.4,0.4,0.0,0.0,3.75,1.1,8.1,2.7,0.9,4.133,0.21806,0.08422,0.01154,0.03056,0.12751,0.03791,0.00342,3.75233,4.01748
807697,Jervis Alfaro,CLE,25,floor,,,reliever,MiLB (MLE),1.0,0.0,0.0,4.1,0.8,0.5,0.2,0.0,0.1,0.3,0.0,0.9,0.4,0.4,0.0,0.0,3.56,1.1,8.1,2.7,0.9,4.129,0.21793,0.08417,0.01154,0.03047,0.12715,0.0378,0.00341,3.55555,3.99949
801743,Adolfo Oviedo,PIT,25,floor,,,reliever,MiLB (MLE),1.0,0.0,0.0,4.1,0.8,0.5,0.2,0.0,0.1,0.3,0.0,0.9,0.4,0.4,0.0,0.0,3.56,1.1,8.1,2.7,0.9,4.129,0.21793,0.08417,0.01154,0.03047,0.12715,0.0378,0.00341,3.55555,3.99949
642629,Emmanuel Ramirez,MIA,32,floor,,,reliever,MLB,1.0,0.0,0.0,4.3,0.9,0.6,0.2,0.0,0.1,0.4,0.1,1.0,0.4,0.5,0.0,0.0,4.01,1.3,9.0,3.6,0.9,4.296,0.22118,0.08599,0.02309,0.025,0.13623,0.04766,0.00402,4.01425,4.51547
815794,Hyun-Seok Jang,LAD,25,floor,,,starter,MiLB (MLE),1.0,0.0,0.0,4.2,0.9,0.6,0.2,0.0,0.1,0.4,0.0,0.9,0.4,0.5,0.0,0.0,3.87,1.3,8.1,3.6,0.9,4.18,0.21999,0.08496,0.01141,0.02817,0.13485,0.04009,0.00361,3.86583,4.13901
607188,Jake Faria,BOS,33,floor,,,reliever,MLB,1.0,0.0,0.0,4.3,0.9,0.6,0.2,0.0,0.1,0.4,0.0,0.9,0.4,0.5,0.0,0.0,3.97,1.3,8.1,3.6,0.9,4.262,0.21999,0.09463,0.00959,0.0298,0.13784,0.04136,0.00327,3.97308,4.46916
808219,Juan Reyes,WSH,25,floor,,,starter,MiLB (MLE),1.0,0.0,0.0,4.2,0.9,0.6,0.2,0.0,0.1,0.4,0.0,0.9,0.4,0.5,0.0,0.0,3.94,1.3,8.1,3.6,0.9,4.189,0.22,0.08497,0.01141,0.02956,0.13491,0.04011,0.00362,3.94302,4.22165
657193,Eddy Alvarez,NYM,37,floor,,,reliever,MLB,1.0,0.0,0.0,4.3,0.9,0.6,0.2,0.0,0.1,0.4,0.1,0.9,0.5,0.5,0.0,0.0,4.08,1.3,8.1,3.6,0.9,4.282,0.22,0.08339,0.02265,0.03166,0.13937,0.03992,0.00277,4.08382,4.59372
800344,Sean Paul Liñan,NYY,25,floor,,,starter,MiLB (MLE),1.0,0.0,0.0,4.2,0.9,0.6,0.2,0.0,0.1,0.4,0.0,0.9,0.5,0.5,0.0,0.0,4.05,1.3,8.1,3.6,0.9,4.201,0.22,0.08497,0.01141,0.03156,0.13499,0.04013,0.00362,4.05435,4.34084
827635,Alex Bouchard,BOS,25,floor,,,starter,MiLB (MLE),1.0,0.0,0.0,4.2,0.9,0.6,0.2,0.0,0.1,0.4,0.0,0.9,0.5,0.5,0.0,0.0,4.15,1.3,8.1,3.6,0.9,4.212,0.22,0.08497,0.01141,0.03324,0.13498,0.04013,0.00362,4.14613,4.43911
814193,Justin Storm,MIA,25,floor,,,reliever,MiLB (MLE),1.0,0.0,0.0,4.2,0.9,0.6,0.2,0.0,0.1,0.4,0.0,0.9,0.4,0.5,0.0,0.0,3.97,1.3,8.1,3.6,0.9,4.215,0.22,0.08497,0.01141,0.03375,0.13498,0.04013,0.00362,3.97287,4.46892
827446,Emilio Ramos,CHC,25,floor,,,reliever,MiLB (MLE),1.0,0.0,0.0,4.2,0.9,0.6,0.2,0.0,0.1,0.4,0.0,0.9,0.4,0.5,0.0,0.0,3.75,1.3,8.1,3.6,0.9,4.189,0.22,0.08497,0.01141,0.02956,0.13491,0.04011,0.00362,3.75305,4.22165
688902,Nick Pinto,CWS,25,floor,,,starter,MiLB (MLE),1.0,0.0,0.0,4.2,0.9,0.6,0.2,0.0,0.1,0.4,0.0,0.9,0.4,0.5,0.0,0.0,3.89,1.3,8.1,3.6,0.9,4.181,0.21993,0.08494,0.01142,0.02878,0.13448,0.03998,0.0036,3.88675,4.1614
806879,Anhuar Garcia,CHC,25,floor,,,starter,MiLB (MLE),1.0,0.0,0.0,4.2,0.9,0.6,0.2,0.0,0.1,0.4,0.0,0.9,0.4,0.5,0.0,0.0,4.02,1.3,8.1,3.6,0.9,4.196,0.21993,0.08494,0.01141,0.03128,0.13456,0.04,0.00361,4.0248,4.30921
702560,Jack O'Connor,LAD,25,floor,,,reliever,MiLB (MLE),1.0,0.0,0.0,4.2,0.9,0.6,0.2,0.0,0.1,0.4,0.0,0.9,0.4,0.5,0.0,0.0,3.73,1.3,8.1,3.6,0.9,4.185,0.21993,0.08494,0.01142,0.02947,0.13448,0.03998,0.0036,3.73486,4.20119
690977,Jackson Fristoe,NYY,25,floor,,,reliever,MiLB (MLE),1.0,0.0,0.0,4.2,0.9,0.6,0.2,0.0,0.1,0.4,0.0,0.9,0.4,0.5,0.0,0.0,3.72,1.3,8.1,3.6,0.9,4.184,0.21994,0.08495,0.01141,0.02916,0.13457,0.04,0.00361,3.72195,4.18667
608678,Dominic Leone,CWS,35,floor,,,reliever,MLB,1.0,0.0,0.0,4.3,0.9,0.5,0.2,0.0,0.2,0.5,0.0,0.9,0.5,0.6,0.0,0.0,4.48,1.4,8.1,4.5,1.8,4.318,0.21921,0.11079,0.00471,0.0416,0.12356,0.04171,0.00302,4.47737,5.03642
825099,Thomas Higgins,SEA,25,floor,,,reliever,MiLB (MLE),1.0,0.0,0.0,4.2,0.9,0.6,0.2,0.0,0.1,0.4,0.0,0.9,0.4,0.5,0.0,0.0,3.77,1.3,8.1,3.6,0.9,4.19,0.21994,0.08495,0.01141,0.03017,0.13456,0.04,0.00361,3.77397,4.24518
808055,Luis Beltrán,BAL,25,floor,,,reliever,MiLB (MLE),1.0,0.0,0.0,4.2,0.9,0.6,0.2,0.0,0.1,0.4,0.0,0.9,0.4,0.5,0.0,0.0,3.74,1.3,8.1,3.6,0.9,4.185,0.21994,0.08495,0.01141,0.02949,0.13457,0.04,0.00361,3.73848,4.20527
829094,Sadbiel Delzine,BOS,25,floor,,,starter,MiLB (MLE),1.0,0.0,0.0,4.2,0.9,0.6,0.2,0.0,0.1,0.4,0.0,0.9,0.4,0.5,0.0,0.0,3.93,1.3,8.1,3.6,0.9,4.185,0.21994,0.08495,0.01141,0.02949,0.13457,0.04,0.00361,3.92772,4.20527
803373,Anderson Guevara,SEA,25,floor,,,reliever,MiLB (MLE),1.0,0.0,0.0,4.2,0.9,0.6,0.2,0.0,0.1,0.4,0.0,0.9,0.4,0.5,0.0,0.0,3.74,1.3,8.1,3.6,0.9,4.186,0.21995,0.08495,0.01141,0.0295,0.13465,0.04003,0.00361,3.74211,4.20935
808005,Walvin Mena,ARI,25,floor,,,reliever,MiLB (MLE),1.0,0.0,0.0,4.2,0.9,0.6,0.2,0.0,0.1,0.4,0.0,0.9,0.4,0.5,0.0,0.0,3.85,1.3,8.1,3.6,0.9,4.199,0.21995,0.08495,0.01141,0.03157,0.13465,0.04003,0.00361,3.8489,4.32947
824028,Gage Miller,MIA,25,floor,,,reliever,MiLB (MLE),1.0,0.0,0.0,4.2,0.9,0.6,0.2,0.0,0.1,0.4,0.0,0.9,0.4,0.5,0.0,0.0,3.92,1.3,8.1,3.6,0.9,4.208,0.21995,0.08495,0.01141,0.03298,0.1347,0.04004,0.00361,3.924,4.41395
823208,Cameron Nohos,SD,25,floor,,,reliever,MiLB (MLE),1.0,0.0,0.0,4.2,0.9,0.6,0.2,0.0,0.1,0.4,0.0,0.9,0.4,0.5,0.0,0.0,3.97,1.3,8.1,3.6,0.9,4.214,0.21995,0.08495,0.01141,0.03392,0.13473,0.04005,0.00361,3.97353,4.46967
836166,Cal Riehl,SD,25,floor,,,reliever,MiLB (MLE),1.0,0.0,0.0,4.2,0.9,0.6,0.2,0.0,0.1,0.4,0.0,0.9,0.4,0.5,0.0,0.0,3.82,1.3,8.1,3.6,0.9,4.195,0.21996,0.08495,0.01141,0.0309,0.13473,0.04005,0.00361,3.81696,4.29354
692372,Ettore Giulianelli,CLE,25,floor,,,reliever,MiLB (MLE),1.0,0.0,0.0,4.2,0.9,0.6,0.2,0.0,0.1,0.4,0.0,0.9,0.4,0.5,0.0,0.0,3.71,1.3,8.1,3.6,0.9,4.182,0.21996,0.08495,0.01141,0.02882,0.13465,0.04003,0.00361,3.70666,4.16947
835214,Charlie Christensen,DET,25,floor,,,starter,MiLB (MLE),1.0,0.0,0.0,4.2,0.9,0.6,0.2,0.0,0.1,0.4,0.0,0.9,0.4,0.5,0.0,0.0,4.03,1.3,8.1,3.6,0.9,4.198,0.21996,0.08495,0.01141,0.03131,0.1347,0.04004,0.00361,4.03135,4.31622
700370,Felipe De La Cruz,NYM,25,floor,,,reliever,MiLB (MLE),1.0,0.0,0.0,4.2,0.9,0.6,0.2,0.0,0.1,0.4,0.0,0.9,0.4,0.5,0.0,0.0,3.8,1.3,8.1,3.6,0.9,4.193,0.21996,0.08495,0.01141,0.03056,0.1347,0.04005,0.00361,3.79839,4.27265
800225,Alexis Torres,PIT,25,floor,,,reliever,MiLB (MLE),1.0,0.0,0.0,4.2,0.9,0.6,0.2,0.0,0.1,0.4,0.0,0.9,0.4,0.5,0.0,0.0,3.66,1.3,8.1,3.6,0.9,4.175,0.21989,0.08493,0.01142,0.02805,0.13429,0.03992,0.0036,3.65594,4.11242
827610,Brandon Cain,PIT,25,floor,,,reliever,MiLB (MLE),1.0,0.0,0.0,4.2,0.9,0.6,0.2,0.0,0.1,0.4,0.0,0.9,0.4,0.5,0.0,0.0,3.78,1.3,8.1,3.6,0.9,4.19,0.21994,0.08495,0.01141,0.03022,0.13456,0.04,0.00361,3.77634,4.24785
825101,Anthony Watts,STL,25,floor,,,reliever,MiLB (MLE),1.0,0.0,0.0,4.2,0.9,0.6,0.2,0.0,0.1,0.4,0.0,0.9,0.4,0.5,0.0,0.0,3.88,1.3,8.1,3.6,0.9,4.205,0.22005,0.08498,0.0114,0.03172,0.13525,0.04021,0.00362,3.87539,4.35926
664977,Blake Cederlind,ARI,25,floor,,,reliever,MiLB (MLE),1.0,0.0,0.0,4.2,0.9,0.6,0.2,0.0,0.1,0.4,0.0,0.9,0.4,0.5,0.0,0.0,3.78,1.3,8.1,3.6,0.9,4.194,0.22005,0.08498,0.0114,0.02993,0.13524,0.0402,0.00362,3.78283,4.25515
808003,Rafael Gonzalez,HOU,25,floor,,,reliever,MiLB (MLE),1.0,0.0,0.0,4.2,0.9,0.6,0.2,0.0,0.1,0.4,0.0,0.9,0.4,0.5,0.0,0.0,3.73,1.3,8.1,3.6,0.9,4.188,0.22005,0.08499,0.0114,0.02895,0.13525,0.04021,0.00362,3.73198,4.19795
802146,Aidan Major,CLE,25,floor,,,reliever,MiLB (MLE),1.0,0.0,0.0,4.2,0.9,0.6,0.2,0.0,0.1,0.4,0.0,0.9,0.4,0.5,0.0,0.0,3.96,1.3,8.1,3.6,0.9,4.213,0.22,0.08497,0.01141,0.0335,0.13498,0.04013,0.00362,3.95989,4.45431
832699,Matt Barr,MIN,25,floor,,,reliever,MiLB (MLE),1.0,0.0,0.0,4.2,0.9,0.6,0.2,0.0,0.1,0.4,0.0,0.9,0.4,0.5,0.0,0.0,3.76,1.3,8.1,3.6,0.9,4.19,0.22001,0.08497,0.01141,0.02958,0.13499,0.04013,0.00362,3.75671,4.22577
805262,Jaren Warwick,LAA,25,floor,,,reliever,MiLB (MLE),1.0,0.0,0.0,4.2,0.9,0.6,0.2,0.0,0.1,0.4,0.0,0.9,0.4,0.5,0.0,0.0,3.74,1.3,8.1,3.6,0.9,4.188,0.22001,0.08497,0.01141,0.02926,0.13499,0.04013,0.00362,3.74007,4.20706
806640,Daniel Keaney,TEX,25,floor,,,starter,MiLB (MLE),1.0,0.0,0.0,4.2,0.9,0.6,0.2,0.0,0.1,0.4,0.0,0.9,0.4,0.5,0.0,0.0,3.95,1.3,8.1,3.6,0.9,4.19,0.22001,0.08497,0.01141,0.02958,0.13499,0.04013,0.00362,3.94687,4.22577
830336,Mason Peters,SEA,25,floor,,,reliever,MiLB (MLE),1.0,0.0,0.0,4.2,0.9,0.6,0.2,0.0,0.1,0.4,0.0,0.9,0.4,0.5,0.0,0.0,3.85,1.3,8.1,3.6,0.9,4.2,0.22001,0.08497,0.01141,0.03138,0.13499,0.04013,0.00362,3.84965,4.33031
689583,Adrian Rodriguez,TEX,25,floor,,,reliever,MiLB (MLE),1.0,0.0,0.0,4.2,0.9,0.6,0.2,0.0,0.1,0.4,0.0,0.9,0.4,0.5,0.0,0.0,3.85,1.3,8.1,3.6,0.9,4.2,0.22001,0.08497,0.01141,0.03138,0.13499,0.04013,0.00362,3.84965,4.33031
829500,Luis  Fonseca,CWS,25,floor,,,reliever,MiLB (MLE),1.0,0.0,0.0,4.2,0.9,0.6,0.2,0.0,0.1,0.4,0.0,0.9,0.4,0.5,0.0,0.0,3.8,1.3,8.1,3.6,0.9,4.195,0.22002,0.08498,0.0114,0.03029,0.13508,0.04016,0.00362,3.7961,4.27008
694855,Riley Cooper,BAL,25,floor,,,reliever,MiLB (MLE),1.0,0.0,0.0,4.2,0.9,0.6,0.2,0.0,0.1,0.4,0.0,0.9,0.4,0.5,0.0,0.0,3.94,1.3,8.1,3.6,0.9,4.212,0.22002,0.08497,0.0114,0.03308,0.13509,0.04016,0.00362,3.94171,4.43387
695618,Anthony Susac,TEX,25,floor,,,reliever,MiLB (MLE),1.0,0.0,0.0,4.2,0.9,0.6,0.2,0.0,0.1,0.4,0.0,0.9,0.4,0.5,0.0,0.0,3.69,1.3,8.1,3.6,0.9,4.181,0.22002,0.08497,0.01141,0.0282,0.13499,0.04013,0.00362,3.68553,4.14571
827698,Ryan Mathiesen,HOU,25,floor,,,reliever,MiLB (MLE),1.0,0.0,0.0,4.2,0.9,0.6,0.2,0.0,0.1,0.4,0.0,0.9,0.4,0.5,0.0,0.0,3.68,1.3,8.1,3.6,0.9,4.18,0.21999,0.08496,0.01141,0.02816,0.13482,0.04008,0.00361,3.67839,4.13767
804541,Gary Gill Hill,NYM,25,floor,,,starter,MiLB (MLE),1.0,0.0,0.0,4.2,0.9,0.6,0.2,0.0,0.1,0.4,0.0,0.9,0.4,0.5,0.0,0.0,3.88,1.3,8.1,3.6,0.9,4.182,0.22003,0.08498,0.0114,0.02822,0.1351,0.04016,0.00362,3.8768,4.15075
695778,Aidan Curry,TEX,25,floor,,,starter,MiLB (MLE),1.0,0.0,0.0,4.2,0.9,0.6,0.2,0.0,0.1,0.4,0.0,0.9,0.4,0.5,0.0,0.0,4.01,1.3,8.1,3.6,0.9,4.197,0.22003,0.08498,0.0114,0.03065,0.1351,0.04016,0.00362,4.00856,4.29182
701364,Jamie Arnold,OAK,25,floor,,,reliever,MiLB (MLE),1.0,0.0,0.0,4.2,0.9,0.6,0.2,0.0,0.1,0.4,0.0,0.9,0.4,0.5,0.0,0.0,3.69,1.3,8.1,3.6,0.9,4.182,0.22003,0.08498,0.0114,0.02822,0.1351,0.04016,0.00362,3.69001,4.15075
691721,Jared Kelley,CWS,25,floor,,,reliever,MiLB (MLE),1.0,0.0,0.0,4.2,0.9,0.6,0.2,0.0,0.1,0.4,0.0,0.9,0.4,0.5,0.0,0.0,3.82,1.3,8.1,3.6,0.9,4.197,0.22003,0.08498,0.0114,0.03065,0.1351,0.04016,0.00362,3.81543,4.29182
824616,KK Clark,BAL,25,floor,,,reliever,MiLB (MLE),1.0,0.0,0.0,4.2,0.9,0.6,0.2,0.0,0.1,0.4,0.0,0.9,0.4,0.5,0.0,0.0,3.69,1.3,8.1,3.6,0.9,4.182,0.22003,0.08498,0.0114,0.02822,0.13508,0.04016,0.00362,3.68912,4.14974
813683,Jose Zerpa,SEA,25,floor,,,reliever,MiLB (MLE),1.0,0.0,0.0,4.2,0.9,0.6,0.2,0.0,0.1,0.4,0.0,0.9,0.4,0.5,0.0,0.0,3.76,1.3,8.1,3.6,0.9,4.19,0.22003,0.08498,0.0114,0.0296,0.13508,0.04016,0.00362,3.76037,4.22989
682858,Gabriel Barbosa,PHI,25,floor,,,reliever,MiLB (MLE),1.0,0.0,0.0,4.2,0.9,0.6,0.2,0.0,0.1,0.4,0.0,0.9,0.4,0.5,0.0,0.0,3.8,1.3,8.1,3.6,0.9,4.193,0.21996,0.08495,0.01141,0.03056,0.1347,0.04005,0.00361,3.79839,4.27265
809784,Garrett Stratton,NYM,25,floor,,,reliever,MiLB (MLE),1.0,0.0,0.0,4.2,0.9,0.6,0.2,0.0,0.1,0.4,0.0,0.9,0.4,0.5,0.0,0.0,3.67,1.3,8.1,3.6,0.9,4.179,0.21997,0.08496,0.01141,0.02814,0.13471,0.04005,0.00361,3.67364,4.13233
682719,Jose Atencio,LAA,25,floor,,,reliever,MiLB (MLE),1.0,0.0,0.0,4.2,0.9,0.6,0.2,0.0,0.1,0.4,0.0,0.9,0.4,0.5,0.0,0.0,3.67,1.3,8.1,3.6,0.9,4.179,0.21997,0.08496,0.01141,0.02814,0.13471,0.04005,0.00361,3.67364,4.13233
807963,Wilfred Alvarado,OAK,25,floor,,,reliever,MiLB (MLE),1.0,0.0,0.0,4.2,0.9,0.6,0.2,0.0,0.1,0.4,0.0,0.9,0.4,0.5,0.0,0.0,3.75,1.3,8.1,3.6,0.9,4.187,0.21997,0.08496,0.01141,0.02952,0.13474,0.04005,0.00361,3.74575,4.21344
816144,Joel Cruz,LAD,25,floor,,,reliever,MiLB (MLE),1.0,0.0,0.0,4.2,0.9,0.6,0.2,0.0,0.1,0.4,0.0,0.9,0.4,0.5,0.0,0.0,3.75,1.3,8.1,3.6,0.9,4.187,0.21997,0.08496,0.01141,0.02952,0.13474,0.04005,0.00361,3.74575,4.21344
676442,Bailey Dees,NYY,25,floor,,,reliever,MiLB (MLE),1.0,0.0,0.0,4.2,0.9,0.6,0.2,0.0,0.1,0.4,0.0,0.9,0.4,0.5,0.0,0.0,3.68,1.3,8.1,3.6,0.9,4.179,0.21997,0.08496,0.01141,0.02815,0.13475,0.04006,0.00361,3.67512,4.13399
820940,Eiver Mosquera,MIA,25,floor,,,reliever,MiLB (MLE),1.0,0.0,0.0,4.2,0.9,0.6,0.2,0.0,0.1,0.4,0.0,0.9,0.4,0.5,0.0,0.0,3.82,1.3,8.1,3.6,0.9,4.196,0.21998,0.08496,0.01141,0.03092,0.13482,0.04008,0.00361,3.82068,4.29773
827487,Yoesmerli Beltre,SD,25,floor,,,reliever,MiLB (MLE),1.0,0.0,0.0,4.2,0.9,0.6,0.2,0.0,0.1,0.4,0.0,0.9,0.4,0.5,0.0,0.0,3.83,1.3,8.1,3.6,0.9,4.199,0.22002,0.08497,0.0114,0.03098,0.13507,0.04016,0.00362,3.83191,4.31036
670161,Parker Dunshee,ATL,32,floor,,,reliever,MLB,1.0,0.0,0.0,4.3,0.9,0.6,0.2,0.0,0.1,0.4,0.1,0.9,0.5,0.5,0.0,0.0,4.09,1.3,8.1,3.6,0.9,4.295,0.21989,0.08835,0.02048,0.03128,0.13989,0.03864,0.00314,4.09192,4.60284
685095,Alaska Abney,CLE,25,floor,,,reliever,MiLB (MLE),1.0,0.0,0.0,4.2,0.9,0.6,0.2,0.0,0.1,0.4,0.0,0.9,0.4,0.5,0.0,0.0,3.91,1.3,8.1,3.6,0.9,4.204,0.21989,0.08493,0.01142,0.03288,0.13431,0.03993,0.0036,3.90645,4.39421
830485,Trent Buchanan,ATL,25,floor,,,reliever,MiLB (MLE),1.0,0.0,0.0,4.2,0.9,0.6,0.2,0.0,0.1,0.4,0.0,0.9,0.4,0.5,0.0,0.0,3.76,1.3,8.1,3.6,0.9,4.187,0.21989,0.08493,0.01142,0.03015,0.13428,0.03992,0.0036,3.76414,4.23413
805175,Davis Polo,ATL,25,floor,,,starter,MiLB (MLE),1.0,0.0,0.0,4.2,0.9,0.6,0.2,0.0,0.1,0.4,0.0,0.9,0.4,0.5,0.0,0.0,3.83,1.3,8.1,3.6,0.9,4.171,0.21983,0.08491,0.01143,0.02798,0.13394,0.03982,0.00359,3.82564,4.09598
691027,Tanner Witt,NYM,25,floor,,,reliever,MiLB (MLE),1.0,0.0,0.0,4.2,0.9,0.6,0.2,0.0,0.1,0.4,0.0,0.9,0.4,0.5,0.0,0.0,3.64,1.3,8.1,3.6,0.9,4.171,0.21983,0.08491,0.01143,0.02798,0.13394,0.03982,0.00359,3.64133,4.09598
663782,Joe Corbett,MIL,25,floor,,,reliever,MiLB (MLE),1.0,0.0,0.0,4.2,0.9,0.6,0.2,0.0,0.1,0.4,0.0,0.9,0.4,0.5,0.0,0.0,3.64,1.3,8.1,3.6,0.9,4.171,0.21983,0.08491,0.01143,0.02798,0.13394,0.03982,0.00359,3.64133,4.09598
656120,Jean Henriquez,BAL,25,floor,,,reliever,MiLB (MLE),1.0,0.0,0.0,4.2,0.9,0.6,0.2,0.0,0.1,0.4,0.0,0.9,0.4,0.5,0.0,0.0,3.82,1.3,8.1,3.6,0.9,4.192,0.21983,0.08491,0.01142,0.03132,0.134,0.03984,0.00359,3.8154,4.29179
807654,Angel Cruz,LAD,25,floor,,,reliever,MiLB (MLE),1.0,0.0,0.0,4.2,0.9,0.6,0.2,0.0,0.1,0.4,0.0,0.9,0.4,0.5,0.0,0.0,3.71,1.3,8.1,3.6,0.9,4.18,0.21983,0.08491,0.01143,0.02935,0.13398,0.03983,0.00359,3.71327,4.17691
666151,Kevin Gowdy,NYM,25,floor,,,reliever,MiLB (MLE),1.0,0.0,0.0,4.2,0.9,0.6,0.2,0.0,0.1,0.4,0.0,0.9,0.4,0.5,0.0,0.0,3.82,1.3,8.1,3.6,0.9,4.192,0.21983,0.08491,0.01142,0.03132,0.134,0.03984,0.00359,3.8154,4.29179
805311,Nick Sando,CIN,25,floor,,,starter,MiLB (MLE),1.0,0.0,0.0,4.2,0.9,0.6,0.2,0.0,0.1,0.4,0.0,0.9,0.4,0.5,0.0,0.0,3.83,1.3,8.1,3.6,0.9,4.171,0.21983,0.08491,0.01143,0.02798,0.13394,0.03982,0.00359,3.82564,4.09598
696488,Caedmon Parker,CWS,25,floor,,,reliever,MiLB (MLE),1.0,0.0,0.0,4.2,0.9,0.6,0.2,0.0,0.1,0.4,0.0,0.9,0.4,0.5,0.0,0.0,3.75,1.3,8.1,3.6,0.9,4.184,0.21984,0.08491,0.01143,0.03009,0.134,0.03984,0.00359,3.75203,4.2205
696280,Alonzo Tredwell,HOU,25,floor,,,reliever,MiLB (MLE),1.0,0.0,0.0,4.2,0.9,0.6,0.2,0.0,0.1,0.4,0.0,0.9,0.4,0.5,0.0,0.0,3.73,1.3,8.1,3.6,0.9,4.182,0.21984,0.08491,0.01143,0.02966,0.134,0.03984,0.00359,3.72962,4.1953
700292,Yondrei Rojas,TOR,25,floor,,,reliever,MiLB (MLE),1.0,0.0,0.0,4.2,0.9,0.6,0.2,0.0,0.1,0.4,0.0,0.9,0.4,0.5,0.0,0.0,3.78,1.3,8.1,3.6,0.9,4.189,0.21989,0.08493,0.01142,0.03047,0.13432,0.03993,0.0036,3.7815,4.25366
813768,Blake Hammond,OAK,25,floor,,,reliever,MiLB (MLE),1.0,0.0,0.0,4.2,0.9,0.6,0.2,0.0,0.1,0.4,0.0,0.9,0.4,0.5,0.0,0.0,3.89,1.3,8.1,3.6,0.9,4.201,0.21984,0.08491,0.01142,0.0328,0.13405,0.03985,0.00359,3.89375,4.37992
840335,Choyce Diffey,CWS,25,floor,,,reliever,MiLB (MLE),1.0,0.0,0.0,4.2,0.9,0.6,0.2,0.0,0.1,0.4,0.0,0.9,0.4,0.5,0.0,0.0,3.68,1.3,8.1,3.6,0.9,4.177,0.21985,0.08491,0.01142,0.02869,0.13406,0.03985,0.00359,3.68168,4.14137
701509,Brian Holiday,STL,25,floor,,,starter,MiLB (MLE),1.0,0.0,0.0,4.2,0.9,0.6,0.2,0.0,0.1,0.4,0.0,0.9,0.4,0.5,0.0,0.0,4.01,1.3,8.1,3.6,0.9,4.192,0.21986,0.08492,0.01142,0.03117,0.13414,0.03988,0.00359,4.00529,4.28832
699060,Dailoui Abad,LAD,25,floor,,,reliever,MiLB (MLE),1.0,0.0,0.0,4.2,0.9,0.6,0.2,0.0,0.1,0.4,0.0,0.9,0.4,0.5,0.0,0.0,3.76,1.3,8.1,3.6,0.9,4.186,0.21986,0.08492,0.01142,0.03008,0.13414,0.03988,0.00359,3.75572,4.22466
800239,Sabier Marte,NYY,25,floor,,,starter,MiLB (MLE),1.0,0.0,0.0,4.2,0.9,0.6,0.2,0.0,0.1,0.4,0.0,0.9,0.5,0.5,0.0,0.0,4.18,1.3,8.1,3.6,0.9,4.211,0.21986,0.08492,0.01142,0.03425,0.13422,0.0399,0.0036,4.17604,4.47114
694549,Isaiah Coupet,COL,25,floor,,,reliever,MiLB (MLE),1.0,0.0,0.0,4.2,0.9,0.6,0.2,0.0,0.1,0.4,0.0,0.9,0.4,0.5,0.0,0.0,3.76,1.3,8.1,3.6,0.9,4.186,0.21986,0.08492,0.01142,0.03012,0.13414,0.03988,0.00359,3.75808,4.22731
696155,Sean Sullivan,PIT,25,floor,,,reliever,MiLB (MLE),1.0,0.0,0.0,4.2,0.9,0.6,0.2,0.0,0.1,0.4,0.0,0.9,0.4,0.5,0.0,0.0,3.63,1.3,8.1,3.6,0.9,4.17,0.2198,0.08489,0.01143,0.02794,0.13376,0.03977,0.00358,3.63406,4.08781
804522,Wilmy Sanchez,NYY,25,floor,,,reliever,MiLB (MLE),1.0,0.0,0.0,4.2,0.9,0.6,0.2,0.0,0.1,0.4,0.0,0.9,0.4,0.5,0.0,0.0,3.63,1.3,8.1,3.6,0.9,4.17,0.2198,0.08489,0.01143,0.02794,0.13376,0.03977,0.00358,3.63406,4.08781
702965,Hiro Wyatt,KC,25,floor,,,starter,MiLB (MLE),1.0,0.0,0.0,4.2,0.9,0.6,0.2,0.0,0.1,0.4,0.0,0.9,0.4,0.5,0.0,0.0,3.82,1.3,8.1,3.6,0.9,4.17,0.21981,0.0849,0.01143,0.02795,0.13381,0.03978,0.00359,3.82015,4.09009
800484,Eminen Flores,TOR,25,floor,,,reliever,MiLB (MLE),1.0,0.0,0.0,4.2,0.9,0.6,0.2,0.0,0.1,0.4,0.0,0.9,0.4,0.5,0.0,0.0,3.69,1.3,8.1,3.6,0.9,4.177,0.21981,0.0849,0.01143,0.02901,0.13386,0.0398,0.00359,3.69213,4.15313
642575,Gerson Moreno,STL,25,floor,,,reliever,MiLB (MLE),1.0,0.0,0.0,4.2,0.9,0.6,0.2,0.0,0.1,0.4,0.0,0.9,0.4,0.5,0.0,0.0,3.89,1.3,8.1,3.6,0.9,4.2,0.21981,0.0849,0.01143,0.03278,0.13393,0.03981,0.00359,3.88906,4.37464
815501,Bryce Meccage,MIL,25,floor,,,reliever,MiLB (MLE),1.0,0.0,0.0,4.2,0.9,0.6,0.2,0.0,0.1,0.4,0.0,0.9,0.4,0.5,0.0,0.0,3.75,1.3,8.1,3.6,0.9,4.183,0.21981,0.0849,0.01143,0.03006,0.13386,0.03979,0.00359,3.746,4.21372
671093,Kyle Whitten,TB,25,floor,,,reliever,MiLB (MLE),1.0,0.0,0.0,4.2,0.9,0.6,0.2,0.0,0.1,0.4,0.0,0.9,0.4,0.5,0.0,0.0,3.73,1.3,8.1,3.6,0.9,4.182,0.21984,0.08491,0.01143,0.02966,0.134,0.03984,0.00359,3.72962,4.1953
687259,Luke Bell,CWS,25,floor,,,reliever,MiLB (MLE),1.0,0.0,0.0,4.2,0.9,0.6,0.2,0.0,0.1,0.4,0.0,0.9,0.4,0.5,0.0,0.0,3.91,1.3,8.1,3.6,0.9,4.204,0.21989,0.08493,0.01142,0.03288,0.13431,0.03993,0.0036,3.90645,4.39421
806224,Brady Smith,DET,25,floor,,,starter,MiLB (MLE),1.0,0.0,0.0,4.2,0.9,0.6,0.2,0.0,0.1,0.4,0.0,0.9,0.4,0.5,0.0,0.0,3.95,1.3,8.1,3.6,0.9,4.187,0.21989,0.08493,0.01142,0.03015,0.13428,0.03992,0.0036,3.95468,4.23413
816305,Alistair Tanner,DET,25,floor,,,reliever,MiLB (MLE),1.0,0.0,0.0,4.2,0.9,0.6,0.2,0.0,0.1,0.4,0.0,0.9,0.4,0.5,0.0,0.0,3.73,1.3,8.1,3.6,0.9,4.183,0.2199,0.08493,0.01142,0.02943,0.13431,0.03993,0.0036,3.72764,4.19307
800013,Ramon Sanchez,MIA,25,floor,,,reliever,MiLB (MLE),1.0,0.0,0.0,4.2,0.9,0.6,0.2,0.0,0.1,0.4,0.0,0.9,0.4,0.5,0.0,0.0,3.73,1.3,8.1,3.6,0.9,4.183,0.2199,0.08493,0.01142,0.02943,0.13431,0.03993,0.0036,3.72764,4.19307
829338,Dariel Fregio,DET,25,floor,,,reliever,MiLB (MLE),1.0,0.0,0.0,4.2,0.9,0.6,0.2,0.0,0.1,0.4,0.0,0.9,0.4,0.5,0.0,0.0,3.66,1.3,8.1,3.6,0.9,4.175,0.2199,0.08493,0.01142,0.02806,0.13432,0.03993,0.0036,3.65741,4.11407
800469,Bryan Rivera,MIL,25,floor,,,reliever,MiLB (MLE),1.0,0.0,0.0,4.2,0.9,0.6,0.2,0.0,0.1,0.4,0.0,0.9,0.4,0.5,0.0,0.0,3.82,1.3,8.1,3.6,0.9,4.195,0.21991,0.08494,0.01142,0.03124,0.13442,0.03996,0.0036,3.82468,4.30222
804111,Jordan Little,CIN,25,floor,,,reliever,MiLB (MLE),1.0,0.0,0.0,4.2,0.9,0.6,0.2,0.0,0.1,0.4,0.0,0.9,0.4,0.5,0.0,0.0,3.88,1.3,8.1,3.6,0.9,4.201,0.21991,0.08493,0.01142,0.03229,0.13442,0.03996,0.0036,3.87929,4.36365
835627,Grif Hughes,COL,25,floor,,,reliever,MiLB (MLE),1.0,0.0,0.0,4.2,0.9,0.6,0.2,0.0,0.1,0.4,0.0,0.9,0.4,0.5,0.0,0.0,3.82,1.3,8.1,3.6,0.9,4.195,0.21991,0.08494,0.01142,0.03124,0.13442,0.03996,0.0036,3.82468,4.30222
808274,Elwis Mijares,NYM,25,floor,,,reliever,MiLB (MLE),1.0,0.0,0.0,4.2,0.9,0.6,0.2,0.0,0.1,0.4,0.0,0.9,0.4,0.5,0.0,0.0,3.66,1.3,8.1,3.6,0.9,4.176,0.21992,0.08494,0.01142,0.02808,0.13443,0.03996,0.0036,3.66182,4.11903
842247,Noah Millikan,WSH,25,floor,,,starter,MiLB (MLE),1.0,0.0,0.0,4.2,0.9,0.6,0.2,0.0,0.1,0.4,0.0,0.9,0.4,0.5,0.0,0.0,3.96,1.3,8.1,3.6,0.9,4.189,0.21992,0.08494,0.01142,0.03015,0.13448,0.03998,0.0036,3.96115,4.24106
608648,Tyler Duffey,KC,36,floor,,,reliever,MLB,1.0,0.0,0.0,4.3,0.9,0.6,0.2,0.0,0.1,0.4,0.0,0.9,0.5,0.5,0.0,0.0,4.15,1.3,8.1,3.6,0.9,4.268,0.21992,0.09377,0.00939,0.03171,0.13041,0.04837,0.00376,4.14535,4.66294
805122,Eudry Alcantara,CLE,25,floor,,,reliever,MiLB (MLE),1.0,0.0,0.0,4.2,0.9,0.6,0.2,0.0,0.1,0.4,0.0,0.9,0.4,0.5,0.0,0.0,3.88,1.3,8.1,3.6,0.9,4.201,0.21992,0.08494,0.01142,0.03222,0.13448,0.03998,0.0036,3.87705,4.36114
828718,Victor Diaz,CIN,25,floor,,,reliever,MiLB (MLE),1.0,0.0,0.0,4.2,0.9,0.6,0.2,0.0,0.1,0.4,0.0,0.9,0.4,0.5,0.0,0.0,3.65,1.3,8.1,3.6,0.9,4.174,0.21989,0.08493,0.01142,0.02804,0.13425,0.03991,0.0036,3.65448,4.11077
826935,Jacob Hartlaub,TB,25,floor,,,reliever,MiLB (MLE),1.0,0.0,0.0,4.2,0.9,0.6,0.2,0.0,0.1,0.4,0.0,0.9,0.4,0.5,0.0,0.0,3.83,1.3,8.1,3.6,0.9,4.196,0.21993,0.08494,0.01141,0.03128,0.13456,0.04,0.00361,3.83089,4.30921
702904,Cesar De Jesus,TB,25,floor,,,reliever,MiLB (MLE),1.0,0.0,0.0,4.2,0.9,0.6,0.2,0.0,0.1,0.4,0.0,0.9,0.4,0.5,0.0,0.0,3.65,1.3,8.1,3.6,0.9,4.173,0.21987,0.08492,0.01142,0.02802,0.13415,0.03988,0.00359,3.65008,4.10583
823351,Jhon Rosario,CHC,25,floor,,,reliever,MiLB (MLE),1.0,0.0,0.0,4.2,0.9,0.6,0.2,0.0,0.1,0.4,0.0,0.9,0.4,0.5,0.0,0.0,3.83,1.3,8.1,3.6,0.9,4.195,0.21987,0.08492,0.01142,0.03147,0.13422,0.0399,0.0036,3.83021,4.30845
696281,Wyatt Young,NYM,25,floor,,,reliever,MiLB (MLE),1.0,0.0,0.0,4.2,0.9,0.6,0.2,0.0,0.1,0.4,0.0,0.9,0.4,0.5,0.0,0.0,3.91,1.3,8.1,3.6,0.9,4.204,0.21987,0.08492,0.01142,0.03305,0.13424,0.03991,0.0036,3.91268,4.40122
815278,Jose M. Rodriguez,NYY,25,floor,,,reliever,MiLB (MLE),1.0,0.0,0.0,4.2,0.9,0.6,0.2,0.0,0.1,0.4,0.0,0.9,0.4,0.5,0.0,0.0,3.7,1.3,8.1,3.6,0.9,4.18,0.21987,0.08492,0.01142,0.02907,0.13414,0.03988,0.00359,3.704,4.16648
820941,Stharlin Torres,CIN,25,floor,,,reliever,MiLB (MLE),1.0,0.0,0.0,4.2,0.9,0.6,0.2,0.0,0.1,0.4,0.0,0.9,0.4,0.5,0.0,0.0,3.82,1.3,8.1,3.6,0.9,4.193,0.21988,0.08493,0.01142,0.03121,0.13428,0.03992,0.0036,3.81849,4.29526
813891,Jatnk Diaz,DET,25,floor,,,reliever,MiLB (MLE),1.0,0.0,0.0,4.2,0.9,0.6,0.2,0.0,0.1,0.4,0.0,0.9,0.4,0.5,0.0,0.0,3.69,1.3,8.1,3.6,0.9,4.178,0.21988,0.08493,0.01142,0.02872,0.13423,0.0399,0.0036,3.68878,4.14936
676907,Billy Sullivan,WSH,25,floor,,,reliever,MiLB (MLE),1.0,0.0,0.0,4.2,0.9,0.6,0.2,0.0,0.1,0.4,0.0,0.9,0.4,0.5,0.0,0.0,3.83,1.3,8.1,3.6,0.9,4.194,0.21988,0.08492,0.01142,0.03138,0.13424,0.03991,0.0036,3.82621,4.30395
691103,Koen Moreno,CHC,25,floor,,,reliever,MiLB (MLE),1.0,0.0,0.0,4.2,0.9,0.6,0.2,0.0,0.1,0.4,0.0,0.9,0.4,0.5,0.0,0.0,3.83,1.3,8.1,3.6,0.9,4.194,0.21988,0.08492,0.01142,0.03138,0.13424,0.03991,0.0036,3.82621,4.30395
691480,Eurys Martich,HOU,25,floor,,,reliever,MiLB (MLE),1.0,0.0,0.0,4.2,0.9,0.6,0.2,0.0,0.1,0.4,0.0,0.9,0.4,0.5,0.0,0.0,3.82,1.3,8.1,3.6,0.9,4.193,0.21988,0.08493,0.01142,0.03121,0.13428,0.03992,0.0036,3.81849,4.29526
703683,Luke Jackson,TB,25,floor,,,reliever,MiLB (MLE),1.0,0.0,0.0,4.2,0.9,0.6,0.2,0.0,0.1,0.4,0.0,0.9,0.4,0.5,0.0,0.0,3.72,1.3,8.1,3.6,0.9,4.182,0.21988,0.08492,0.01142,0.02941,0.13423,0.0399,0.0036,3.72403,4.18902
695789,Niko Mazza,SF,25,floor,,,starter,MiLB (MLE),1.0,0.0,0.0,4.2,0.9,0.6,0.2,0.0,0.1,0.4,0.0,0.9,0.4,0.5,0.0,0.0,4.02,1.3,8.1,3.6,0.9,4.194,0.21988,0.08492,0.01142,0.03138,0.13424,0.03991,0.0036,4.01989,4.30395
691938,Willy Vasquez,BAL,25,floor,,,reliever,MiLB (MLE),1.0,0.0,0.0,4.2,0.9,0.6,0.2,0.0,0.1,0.4,0.0,0.9,0.4,0.5,0.0,0.0,3.97,1.3,8.1,3.6,0.9,4.212,0.21988,0.08492,0.01142,0.03419,0.13431,0.03993,0.0036,3.97461,4.47087
700351,Luis Alvarez,NYM,25,floor,,,reliever,MiLB (MLE),1.0,0.0,0.0,4.2,0.9,0.6,0.2,0.0,0.1,0.4,0.0,0.9,0.4,0.5,0.0,0.0,3.92,1.3,8.1,3.6,0.9,4.206,0.21993,0.08494,0.01141,0.03293,0.13456,0.04,0.00361,3.91661,4.40563
703523,Seth Clausen,COL,25,floor,,,reliever,MiLB (MLE),1.0,0.0,0.0,4.2,0.9,0.6,0.2,0.0,0.1,0.4,0.0,0.9,0.4,0.5,0.0,0.0,3.84,1.3,8.1,3.6,0.9,4.205,0.22018,0.08503,0.01138,0.03058,0.13615,0.04047,0.00365,3.84486,4.32493
821318,Augie Mojica,ARI,25,floor,,,reliever,MiLB (MLE),1.0,0.0,0.0,4.2,0.9,0.6,0.2,0.0,0.1,0.4,0.0,0.9,0.4,0.5,0.0,0.0,3.79,1.3,8.1,3.6,0.9,4.199,0.22018,0.08503,0.01138,0.02951,0.13615,0.04047,0.00365,3.7893,4.26243
826141,Sean Barnett,SD,25,floor,,,reliever,MiLB (MLE),1.0,0.0,0.0,4.2,0.9,0.6,0.2,0.0,0.1,0.4,0.0,0.9,0.4,0.5,0.0,0.0,3.84,1.3,8.1,3.6,0.9,4.205,0.22018,0.08503,0.01138,0.03058,0.13615,0.04047,0.00365,3.84486,4.32493
808486,Chen-Hsun Lee,SF,25,floor,,,reliever,MiLB (MLE),1.0,0.0,0.0,4.2,0.9,0.6,0.2,0.0,0.1,0.4,0.0,0.9,0.4,0.5,0.0,0.0,3.73,1.3,8.1,3.6,0.9,4.192,0.22018,0.08503,0.01138,0.02843,0.13612,0.04047,0.00365,3.73267,4.19873
807077,Will Hynes,CLE,25,floor,,,starter,MiLB (MLE),1.0,0.0,0.0,4.2,0.9,0.6,0.2,0.0,0.1,0.4,0.0,0.9,0.4,0.5,0.0,0.0,3.96,1.3,8.1,3.6,0.9,4.196,0.22018,0.08503,0.01138,0.02913,0.13612,0.04047,0.00365,3.95954,4.23934
802541,Bryan Broecker,TB,25,floor,,,reliever,MiLB (MLE),1.0,0.0,0.0,4.2,0.9,0.6,0.2,0.0,0.1,0.4,0.0,0.9,0.4,0.5,0.0,0.0,3.85,1.3,8.1,3.6,0.9,4.205,0.22014,0.08502,0.01139,0.03084,0.13589,0.0404,0.00364,3.84998,4.33068
669416,Blayne Enlow,ATL,25,floor,,,reliever,MiLB (MLE),1.0,0.0,0.0,4.2,0.9,0.6,0.2,0.0,0.1,0.4,0.0,0.9,0.4,0.5,0.0,0.0,3.97,1.3,8.1,3.6,0.9,4.219,0.22014,0.08501,0.01139,0.03315,0.13589,0.0404,0.00364,3.9705,4.46626
823136,Tegan Cain,PHI,25,floor,,,reliever,MiLB (MLE),1.0,0.0,0.0,4.2,0.9,0.6,0.2,0.0,0.1,0.4,0.0,0.9,0.4,0.5,0.0,0.0,3.89,1.3,8.1,3.6,0.9,4.209,0.22014,0.08501,0.01139,0.03159,0.13585,0.04039,0.00364,3.88773,4.37315
822477,JB Middleton,COL,25,floor,,,starter,MiLB (MLE),1.0,0.0,0.0,4.2,0.9,0.6,0.2,0.0,0.1,0.4,0.0,0.9,0.4,0.5,0.0,0.0,4.02,1.3,8.1,3.6,0.9,4.202,0.22014,0.08501,0.01139,0.03047,0.13585,0.04039,0.00364,4.02367,4.30799
808511,Dylan Wilson,SEA,25,floor,,,reliever,MiLB (MLE),1.0,0.0,0.0,4.2,0.9,0.6,0.2,0.0,0.1,0.4,0.0,0.9,0.4,0.5,0.0,0.0,3.8,1.3,8.1,3.6,0.9,4.199,0.22015,0.08502,0.01139,0.02979,0.13594,0.04041,0.00364,3.79744,4.27158
814252,Sandy Ozuna,COL,25,floor,,,reliever,MiLB (MLE),1.0,0.0,0.0,4.2,0.9,0.6,0.2,0.0,0.1,0.4,0.0,0.9,0.4,0.5,0.0,0.0,3.87,1.3,8.1,3.6,0.9,4.207,0.22015,0.08502,0.01139,0.03119,0.13594,0.04041,0.00364,3.86981,4.353
695704,Karson Ligon,TOR,25,floor,,,reliever,MiLB (MLE),1.0,0.0,0.0,4.2,0.9,0.6,0.2,0.0,0.1,0.4,0.0,0.9,0.4,0.5,0.0,0.0,3.91,1.3,8.1,3.6,0.9,4.211,0.22015,0.08502,0.01139,0.03189,0.13594,0.04041,0.00364,3.90611,4.39383
811573,Myles Patton,BOS,25,floor,,,starter,MiLB (MLE),1.0,0.0,0.0,4.2,0.9,0.6,0.2,0.0,0.1,0.4,0.0,0.9,0.4,0.5,0.0,0.0,3.99,1.3,8.1,3.6,0.9,4.195,0.22004,0.08498,0.0114,0.03031,0.13516,0.04018,0.00362,3.99216,4.27426
829463,Mailon Felix,TEX,25,floor,,,reliever,MiLB (MLE),1.0,0.0,0.0,4.2,0.9,0.6,0.2,0.0,0.1,0.4,0.0,0.9,0.4,0.5,0.0,0.0,3.95,1.3,8.1,3.6,0.9,4.217,0.22015,0.08502,0.01139,0.03269,0.136,0.04043,0.00364,3.94995,4.44314
681004,Jack Carey,CLE,25,floor,,,reliever,MiLB (MLE),1.0,0.0,0.0,4.2,0.9,0.6,0.2,0.0,0.1,0.4,0.0,0.9,0.4,0.5,0.0,0.0,3.72,1.3,8.1,3.6,0.9,4.19,0.22015,0.08502,0.01139,0.02839,0.1359,0.0404,0.00364,3.72321,4.18809
700579,Nathan Dettmer,OAK,25,floor,,,reliever,MiLB (MLE),1.0,0.0,0.0,4.2,0.9,0.6,0.2,0.0,0.1,0.4,0.0,0.9,0.4,0.5,0.0,0.0,3.72,1.3,8.1,3.6,0.9,4.19,0.22015,0.08502,0.01139,0.02839,0.1359,0.0404,0.00364,3.72321,4.18809
690455,German Fajardo,SEA,25,floor,,,reliever,MiLB (MLE),1.0,0.0,0.0,4.2,0.9,0.6,0.2,0.0,0.1,0.4,0.0,0.9,0.4,0.5,0.0,0.0,3.83,1.3,8.1,3.6,0.9,4.203,0.22015,0.08502,0.01139,0.03049,0.13594,0.04041,0.00364,3.83359,4.31225
823750,Jacob Weaver,WSH,25,floor,,,reliever,MiLB (MLE),1.0,0.0,0.0,4.2,0.9,0.6,0.2,0.0,0.1,0.4,0.0,0.9,0.4,0.5,0.0,0.0,3.72,1.3,8.1,3.6,0.9,4.189,0.22015,0.08502,0.01139,0.02838,0.13586,0.04039,0.00364,3.72169,4.18638
821593,Adrian Ardines,HOU,25,floor,,,starter,MiLB (MLE),1.0,0.0,0.0,4.2,0.9,0.6,0.2,0.0,0.1,0.4,0.0,0.9,0.4,0.5,0.0,0.0,3.99,1.3,8.1,3.6,0.9,4.199,0.22015,0.08502,0.01139,0.02979,0.13594,0.04041,0.00364,3.98966,4.27158
836090,Connor Gehr,BAL,25,floor,,,starter,MiLB (MLE),1.0,0.0,0.0,4.2,0.9,0.6,0.2,0.0,0.1,0.4,0.0,0.9,0.5,0.5,0.0,0.0,4.15,1.3,8.1,3.6,0.9,4.216,0.22016,0.08502,0.01139,0.03261,0.13603,0.04044,0.00365,4.14616,4.43915
807966,Anderson Cardenas,ARI,25,floor,,,reliever,MiLB (MLE),1.0,0.0,0.0,4.2,0.9,0.6,0.2,0.0,0.1,0.4,0.0,0.9,0.4,0.5,0.0,0.0,3.76,1.3,8.1,3.6,0.9,4.194,0.22016,0.08502,0.01139,0.02909,0.13594,0.04041,0.00364,3.76135,4.23099
805879,Connor Foley,ARI,25,floor,,,reliever,MiLB (MLE),1.0,0.0,0.0,4.2,0.9,0.6,0.2,0.0,0.1,0.4,0.0,0.9,0.4,0.5,0.0,0.0,3.75,1.3,8.1,3.6,0.9,4.191,0.22011,0.085,0.01139,0.02902,0.1356,0.04031,0.00363,3.74661,4.21441
811949,Jason Shockley,BAL,25,floor,,,reliever,MiLB (MLE),1.0,0.0,0.0,4.2,0.9,0.6,0.2,0.0,0.1,0.4,0.0,0.9,0.4,0.5,0.0,0.0,3.89,1.3,8.1,3.6,0.9,4.209,0.22011,0.085,0.01139,0.03182,0.13568,0.04033,0.00364,3.89453,4.3808
801456,Henry Cone,CHC,25,floor,,,reliever,MiLB (MLE),1.0,0.0,0.0,4.2,0.9,0.6,0.2,0.0,0.1,0.4,0.0,0.9,0.4,0.5,0.0,0.0,3.71,1.3,8.1,3.6,0.9,4.187,0.22011,0.08501,0.01139,0.02832,0.1356,0.04031,0.00363,3.71077,4.17409
806102,Jose Varela,HOU,25,floor,,,reliever,MiLB (MLE),1.0,0.0,0.0,4.2,0.9,0.6,0.2,0.0,0.1,0.4,0.0,0.9,0.4,0.5,0.0,0.0,3.77,1.3,8.1,3.6,0.9,4.194,0.22012,0.08501,0.01139,0.02942,0.13571,0.04034,0.00364,3.77068,4.24149
702073,Ryan Ure,KC,25,floor,,,reliever,MiLB (MLE),1.0,0.0,0.0,4.2,0.9,0.6,0.2,0.0,0.1,0.4,0.0,0.9,0.4,0.5,0.0,0.0,3.72,1.3,8.1,3.6,0.9,4.189,0.22015,0.08502,0.01139,0.02838,0.13586,0.04039,0.00364,3.72169,4.18638
692165,Tyrelle Chadwick,COL,25,floor,,,reliever,MiLB (MLE),1.0,0.0,0.0,4.2,0.9,0.6,0.2,0.0,0.1,0.4,0.0,0.9,0.4,0.5,0.0,0.0,3.86,1.3,8.1,3.6,0.9,4.208,0.22022,0.08504,0.01138,0.03061,0.13647,0.04057,0.00366,3.85644,4.33796
830242,Michael Hilker,MIN,25,floor,,,reliever,MiLB (MLE),1.0,0.0,0.0,4.2,0.9,0.6,0.2,0.0,0.1,0.4,0.0,0.9,0.4,0.5,0.0,0.0,3.86,1.3,8.1,3.6,0.9,4.208,0.22022,0.08504,0.01138,0.03065,0.13644,0.04056,0.00366,3.8576,4.33925
699575,Zeke Wood,STL,25,floor,,,reliever,MiLB (MLE),1.0,0.0,0.0,4.2,0.9,0.6,0.2,0.0,0.1,0.4,0.0,0.9,0.4,0.5,0.0,0.0,3.8,1.3,8.1,3.6,0.9,4.201,0.22022,0.08504,0.01138,0.02958,0.13644,0.04056,0.00366,3.80181,4.2765
820961,Gerinton Mendez,MIA,25,floor,,,reliever,MiLB (MLE),1.0,0.0,0.0,4.2,0.9,0.6,0.2,0.0,0.1,0.4,0.0,0.9,0.4,0.5,0.0,0.0,3.84,1.3,8.1,3.6,0.9,4.205,0.22018,0.08503,0.01138,0.03053,0.13612,0.04047,0.00365,3.84118,4.32078
808537,Miguel Toscano,TB,25,floor,,,starter,MiLB (MLE),1.0,0.0,0.0,4.2,0.9,0.6,0.2,0.0,0.1,0.4,0.0,0.9,0.4,0.5,0.0,0.0,3.96,1.3,8.1,3.6,0.9,4.196,0.22018,0.08503,0.01138,0.02913,0.13612,0.04047,0.00365,3.95954,4.23934
681357,Cody Morissette,MIA,25,floor,,,starter,MiLB (MLE),1.0,0.0,0.0,4.2,0.9,0.6,0.2,0.0,0.1,0.4,0.0,0.9,0.5,0.5,0.0,0.0,4.17,1.3,8.1,3.6,0.9,4.22,0.22019,0.08503,0.01138,0.03289,0.13629,0.04052,0.00365,4.17036,4.46505
675356,Jake Covey,MIN,25,floor,,,reliever,MiLB (MLE),1.0,0.0,0.0,4.2,0.9,0.6,0.2,0.0,0.1,0.4,0.0,0.9,0.4,0.5,0.0,0.0,3.77,1.3,8.1,3.6,0.9,4.197,0.22019,0.08503,0.01138,0.02915,0.13621,0.04049,0.00365,3.77249,4.24352
806634,Garrett Apker,HOU,25,floor,,,reliever,MiLB (MLE),1.0,0.0,0.0,4.2,0.9,0.6,0.2,0.0,0.1,0.4,0.0,0.9,0.4,0.5,0.0,0.0,3.91,1.3,8.1,3.6,0.9,4.213,0.22019,0.08503,0.01138,0.03169,0.13629,0.04052,0.00365,3.90707,4.3949
808668,Moises Amezquita,KC,25,floor,,,reliever,MiLB (MLE),1.0,0.0,0.0,4.2,0.9,0.6,0.2,0.0,0.1,0.4,0.0,0.9,0.4,0.5,0.0,0.0,3.81,1.3,8.1,3.6,0.9,4.201,0.22019,0.08503,0.01138,0.02985,0.13621,0.04049,0.00365,3.8087,4.28425
686671,Thomas Farr,CIN,25,floor,,,reliever,MiLB (MLE),1.0,0.0,0.0,4.2,0.9,0.6,0.2,0.0,0.1,0.4,0.0,0.9,0.4,0.5,0.0,0.0,3.97,1.3,8.1,3.6,0.9,4.22,0.22019,0.08503,0.01138,0.03289,0.13629,0.04052,0.00365,3.96943,4.46505
687317,Stu Flesland III,COL,25,floor,,,reliever,MiLB (MLE),1.0,0.0,0.0,4.2,0.9,0.6,0.2,0.0,0.1,0.4,0.0,0.9,0.4,0.5,0.0,0.0,3.97,1.3,8.1,3.6,0.9,4.22,0.22019,0.08503,0.01138,0.03289,0.13629,0.04052,0.00365,3.96943,4.46505
685125,Christian Chamberlain,KC,25,floor,,,reliever,MiLB (MLE),1.0,0.0,0.0,4.2,0.9,0.6,0.2,0.0,0.1,0.4,0.0,0.9,0.4,0.5,0.0,0.0,3.91,1.3,8.1,3.6,0.9,4.214,0.22019,0.08503,0.01138,0.03187,0.13625,0.04051,0.00365,3.91497,4.40379
656061,Albert Abreu,NYY,31,floor,,,reliever,MLB,1.0,0.0,0.0,4.4,0.9,0.6,0.2,0.0,0.1,0.5,0.1,1.0,0.5,0.5,0.0,0.0,4.25,1.4,9.0,4.5,0.9,4.397,0.22018,0.11263,0.01944,0.02885,0.13343,0.04004,0.00317,4.25106,4.78185
696277,Mason Marriott,ARI,25,floor,,,reliever,MiLB (MLE),1.0,0.0,0.0,4.2,0.9,0.6,0.2,0.0,0.1,0.4,0.0,0.9,0.4,0.5,0.0,0.0,3.97,1.3,8.1,3.6,0.9,4.22,0.22019,0.08503,0.01138,0.03291,0.13625,0.04051,0.00365,3.96953,4.46516
804942,Cam Leiter,LAD,25,floor,,,starter,MiLB (MLE),1.0,0.0,0.0,4.2,0.9,0.6,0.2,0.0,0.1,0.4,0.0,0.9,0.4,0.5,0.0,0.0,3.92,1.3,8.1,3.6,0.9,4.192,0.22019,0.08503,0.01138,0.02844,0.13615,0.04048,0.00365,3.9229,4.20011
676700,Caleb Bolden,BOS,25,floor,,,reliever,MiLB (MLE),1.0,0.0,0.0,4.2,0.9,0.6,0.2,0.0,0.1,0.4,0.0,0.9,0.4,0.5,0.0,0.0,3.97,1.3,8.1,3.6,0.9,4.22,0.22019,0.08503,0.01138,0.03289,0.13629,0.04052,0.00365,3.96943,4.46505
701564,Joe Adametz,TEX,25,floor,,,starter,MiLB (MLE),1.0,0.0,0.0,4.2,0.9,0.6,0.2,0.0,0.1,0.4,0.0,0.9,0.5,0.5,0.0,0.0,4.17,1.3,8.1,3.6,0.9,4.22,0.22019,0.08503,0.01138,0.03289,0.13629,0.04052,0.00365,4.17036,4.46505
694766,Wyatt Hudepohl,NYM,25,floor,,,starter,MiLB (MLE),1.0,0.0,0.0,4.2,0.9,0.6,0.2,0.0,0.1,0.4,0.0,0.9,0.5,0.5,0.0,0.0,4.09,1.3,8.1,3.6,0.9,4.21,0.22016,0.08502,0.01139,0.03162,0.136,0.04043,0.00364,4.09127,4.38038
694475,Cade Austin,MIA,25,floor,,,reliever,MiLB (MLE),1.0,0.0,0.0,4.2,0.9,0.6,0.2,0.0,0.1,0.4,0.0,0.9,0.4,0.5,0.0,0.0,3.89,1.3,8.1,3.6,0.9,4.21,0.22016,0.08502,0.01139,0.03162,0.136,0.04043,0.00364,3.89416,4.38038
702419,Dameivi Tineo,MIA,25,floor,,,reliever,MiLB (MLE),1.0,0.0,0.0,4.2,0.9,0.6,0.2,0.0,0.1,0.4,0.0,0.9,0.4,0.5,0.0,0.0,3.84,1.3,8.1,3.6,0.9,4.204,0.22016,0.08502,0.01139,0.03055,0.136,0.04043,0.00364,3.83853,4.31781
693527,Jacob Denner,SEA,25,floor,,,starter,MiLB (MLE),1.0,0.0,0.0,4.2,0.9,0.6,0.2,0.0,0.1,0.4,0.0,0.9,0.4,0.5,0.0,0.0,4.03,1.3,8.1,3.6,0.9,4.204,0.22016,0.08502,0.01139,0.03055,0.136,0.04043,0.00364,4.03283,4.31781
805972,Austin Ehrlicher,BOS,25,floor,,,reliever,MiLB (MLE),1.0,0.0,0.0,4.2,0.9,0.6,0.2,0.0,0.1,0.4,0.0,0.9,0.4,0.5,0.0,0.0,3.78,1.3,8.1,3.6,0.9,4.197,0.22016,0.08502,0.01139,0.02948,0.136,0.04043,0.00364,3.78307,4.25542
808547,Keyner Benitez,MIA,25,floor,,,starter,MiLB (MLE),1.0,0.0,0.0,4.2,0.9,0.6,0.2,0.0,0.1,0.4,0.0,0.9,0.4,0.5,0.0,0.0,3.99,1.3,8.1,3.6,0.9,4.199,0.22017,0.08502,0.01139,0.02981,0.13603,0.04044,0.00365,3.99359,4.2758
814511,Jaylen Paden,ATL,25,floor,,,reliever,MiLB (MLE),1.0,0.0,0.0,4.2,0.9,0.6,0.2,0.0,0.1,0.4,0.0,0.9,0.4,0.5,0.0,0.0,3.8,1.3,8.1,3.6,0.9,4.199,0.22017,0.08502,0.01139,0.02981,0.13603,0.04044,0.00365,3.80118,4.2758
830141,Luke Hoskins,DET,25,floor,,,reliever,MiLB (MLE),1.0,0.0,0.0,4.2,0.9,0.6,0.2,0.0,0.1,0.4,0.0,0.9,0.4,0.5,0.0,0.0,3.73,1.3,8.1,3.6,0.9,4.191,0.22017,0.08502,0.01139,0.02841,0.136,0.04043,0.00364,3.72778,4.19323
811167,Landen Payne,CWS,25,floor,,,reliever,MiLB (MLE),1.0,0.0,0.0,4.2,0.9,0.6,0.2,0.0,0.1,0.4,0.0,0.9,0.4,0.5,0.0,0.0,3.79,1.3,8.1,3.6,0.9,4.199,0.22018,0.08503,0.01138,0.02951,0.13615,0.04047,0.00365,3.7893,4.26243
810840,Josh Blum,NYM,25,floor,,,reliever,MiLB (MLE),1.0,0.0,0.0,4.2,0.9,0.6,0.2,0.0,0.1,0.4,0.0,0.9,0.4,0.5,0.0,0.0,3.73,1.3,8.1,3.6,0.9,4.192,0.22019,0.08503,0.01138,0.02844,0.13615,0.04048,0.00365,3.7339,4.20011
687847,Marc Church,TEX,26,floor,,,reliever,MLB,1.0,0.0,0.0,4.3,0.9,0.6,0.2,0.0,0.1,0.4,0.0,0.9,0.5,0.5,0.0,0.0,4.17,1.3,8.1,3.6,0.9,4.288,0.22005,0.10155,0.00843,0.03257,0.12898,0.04583,0.00334,4.17008,4.69076
692844,Brayan Restituyo,OAK,25,floor,,,reliever,MiLB (MLE),1.0,0.0,0.0,4.2,0.9,0.6,0.2,0.0,0.1,0.4,0.0,0.9,0.4,0.5,0.0,0.0,3.92,1.3,8.1,3.6,0.9,4.21,0.22006,0.08499,0.0114,0.03243,0.13533,0.04023,0.00363,3.91527,4.40413
702418,Juan Reynoso,MIA,25,floor,,,reliever,MiLB (MLE),1.0,0.0,0.0,4.2,0.9,0.6,0.2,0.0,0.1,0.4,0.0,0.9,0.4,0.5,0.0,0.0,3.7,1.3,8.1,3.6,0.9,4.184,0.22006,0.08499,0.0114,0.02825,0.13524,0.04021,0.00362,3.696,4.15749
691109,Zach Vennaro,MIN,25,floor,,,reliever,MiLB (MLE),1.0,0.0,0.0,4.2,0.9,0.6,0.2,0.0,0.1,0.4,0.0,0.9,0.4,0.5,0.0,0.0,3.7,1.3,8.1,3.6,0.9,4.184,0.22006,0.08499,0.0114,0.02825,0.13524,0.04021,0.00362,3.696,4.15749
823996,Luke Craig,ARI,25,floor,,,reliever,MiLB (MLE),1.0,0.0,0.0,4.2,0.9,0.6,0.2,0.0,0.1,0.4,0.0,0.9,0.4,0.5,0.0,0.0,3.7,1.3,8.1,3.6,0.9,4.184,0.22006,0.08499,0.0114,0.02826,0.13528,0.04022,0.00363,3.69751,4.15917
829084,Yordanis Guerra,PHI,25,floor,,,starter,MiLB (MLE),1.0,0.0,0.0,4.2,0.9,0.6,0.2,0.0,0.1,0.4,0.0,0.9,0.4,0.5,0.0,0.0,3.92,1.3,8.1,3.6,0.9,4.189,0.22007,0.08499,0.0114,0.02896,0.13534,0.04023,0.00363,3.92472,4.20205
703102,Anfernny Reyes,MIL,25,floor,,,reliever,MiLB (MLE),1.0,0.0,0.0,4.2,0.9,0.6,0.2,0.0,0.1,0.4,0.0,0.9,0.4,0.5,0.0,0.0,3.74,1.3,8.1,3.6,0.9,4.189,0.22007,0.08499,0.0114,0.02896,0.13534,0.04023,0.00363,3.73563,4.20205
701052,Bradley Wilson,TOR,25,floor,,,reliever,MiLB (MLE),1.0,0.0,0.0,4.2,0.9,0.6,0.2,0.0,0.1,0.4,0.0,0.9,0.4,0.5,0.0,0.0,3.7,1.3,8.1,3.6,0.9,4.185,0.22008,0.085,0.0114,0.02829,0.13542,0.04026,0.00363,3.70352,4.16594
688328,Eric Adler,CWS,25,floor,,,reliever,MiLB (MLE),1.0,0.0,0.0,4.2,0.9,0.6,0.2,0.0,0.1,0.4,0.0,0.9,0.4,0.5,0.0,0.0,3.97,1.3,8.1,3.6,0.9,4.217,0.22008,0.08499,0.0114,0.03341,0.13549,0.04028,0.00363,3.97156,4.46744
834395,Richie Cortese,PHI,25,floor,,,reliever,MiLB (MLE),1.0,0.0,0.0,4.2,0.9,0.6,0.2,0.0,0.1,0.4,0.0,0.9,0.4,0.5,0.0,0.0,3.7,1.3,8.1,3.6,0.9,4.185,0.22008,0.085,0.0114,0.02829,0.13542,0.04026,0.00363,3.70352,4.16594
685086,Jack White,SEA,25,floor,,,reliever,MiLB (MLE),1.0,0.0,0.0,4.2,0.9,0.6,0.2,0.0,0.1,0.4,0.0,0.9,0.4,0.5,0.0,0.0,3.81,1.3,8.1,3.6,0.9,4.198,0.22008,0.08499,0.0114,0.03042,0.13542,0.04026,0.00363,3.8134,4.28954
808262,Francisco Morao,BAL,25,floor,,,reliever,MiLB (MLE),1.0,0.0,0.0,4.2,0.9,0.6,0.2,0.0,0.1,0.4,0.0,0.9,0.4,0.5,0.0,0.0,3.81,1.3,8.1,3.6,0.9,4.198,0.22008,0.08499,0.0114,0.03037,0.13542,0.04026,0.00363,3.81101,4.28685
804643,Bryce Archie,CIN,25,floor,,,reliever,MiLB (MLE),1.0,0.0,0.0,4.2,0.9,0.6,0.2,0.0,0.1,0.4,0.0,0.9,0.4,0.5,0.0,0.0,3.77,1.3,8.1,3.6,0.9,4.194,0.22012,0.08501,0.01139,0.02942,0.13571,0.04034,0.00364,3.77068,4.24149
808254,Ismael Yanez,MIL,25,floor,,,reliever,MiLB (MLE),1.0,0.0,0.0,4.2,0.9,0.6,0.2,0.0,0.1,0.4,0.0,0.9,0.4,0.5,0.0,0.0,3.81,1.3,8.1,3.6,0.9,4.199,0.22009,0.085,0.0114,0.03039,0.13551,0.04028,0.00363,3.81475,4.29106
702041,Chase Renner,MIA,25,floor,,,reliever,MiLB (MLE),1.0,0.0,0.0,4.2,0.9,0.6,0.2,0.0,0.1,0.4,0.0,0.9,0.4,0.5,0.0,0.0,3.97,1.3,8.1,3.6,0.9,4.217,0.22009,0.085,0.01139,0.03337,0.13556,0.0403,0.00363,3.97137,4.46723
823115,Mason Moore,CWS,25,floor,,,reliever,MiLB (MLE),1.0,0.0,0.0,4.2,0.9,0.6,0.2,0.0,0.1,0.4,0.0,0.9,0.4,0.5,0.0,0.0,3.86,1.3,8.1,3.6,0.9,4.202,0.22003,0.08498,0.0114,0.03141,0.13513,0.04017,0.00362,3.85594,4.33739
813268,Jake Curtis,CWS,25,floor,,,reliever,MiLB (MLE),1.0,0.0,0.0,4.2,0.9,0.6,0.2,0.0,0.1,0.4,0.0,0.9,0.4,0.5,0.0,0.0,3.82,1.3,8.1,3.6,0.9,4.197,0.22003,0.08498,0.0114,0.03065,0.1351,0.04016,0.00362,3.81543,4.29182
668761,Colin Peluse,PHI,25,floor,,,reliever,MiLB (MLE),1.0,0.0,0.0,4.2,0.9,0.6,0.2,0.0,0.1,0.4,0.0,0.9,0.4,0.5,0.0,0.0,3.82,1.3,8.1,3.6,0.9,4.197,0.22003,0.08498,0.0114,0.03065,0.1351,0.04016,0.00362,3.81543,4.29182
814366,Cade Feeney,BOS,25,floor,,,reliever,MiLB (MLE),1.0,0.0,0.0,4.2,0.9,0.6,0.2,0.0,0.1,0.4,0.0,0.9,0.4,0.5,0.0,0.0,3.69,1.3,8.1,3.6,0.9,4.182,0.22003,0.08498,0.0114,0.02822,0.1351,0.04016,0.00362,3.69001,4.15075
701422,Conner Whittaker,CLE,25,floor,,,reliever,MiLB (MLE),1.0,0.0,0.0,4.2,0.9,0.6,0.2,0.0,0.1,0.4,0.0,0.9,0.4,0.5,0.0,0.0,3.86,1.3,8.1,3.6,0.9,4.202,0.22003,0.08498,0.0114,0.03141,0.13513,0.04017,0.00362,3.85594,4.33739
814532,Teddy Sharkey,BAL,25,floor,,,reliever,MiLB (MLE),1.0,0.0,0.0,4.2,0.9,0.6,0.2,0.0,0.1,0.4,0.0,0.9,0.4,0.5,0.0,0.0,3.75,1.3,8.1,3.6,0.9,4.189,0.22004,0.08498,0.0114,0.02929,0.13514,0.04017,0.00362,3.74616,4.2139
672380,Marco Jimenez,DET,25,floor,,,reliever,MiLB (MLE),1.0,0.0,0.0,4.2,0.9,0.6,0.2,0.0,0.1,0.4,0.0,0.9,0.4,0.5,0.0,0.0,3.87,1.3,8.1,3.6,0.9,4.204,0.22004,0.08498,0.0114,0.03162,0.13524,0.0402,0.00362,3.87007,4.35328
835862,Julien Hernandez,ARI,25,floor,,,reliever,MiLB (MLE),1.0,0.0,0.0,4.2,0.9,0.6,0.2,0.0,0.1,0.4,0.0,0.9,0.4,0.5,0.0,0.0,3.8,1.3,8.1,3.6,0.9,4.195,0.22004,0.08498,0.0114,0.03031,0.13516,0.04018,0.00362,3.79982,4.27426
702060,Seth Chavez,DET,25,floor,,,reliever,MiLB (MLE),1.0,0.0,0.0,4.2,0.9,0.6,0.2,0.0,0.1,0.4,0.0,0.9,0.4,0.5,0.0,0.0,3.75,1.3,8.1,3.6,0.9,4.189,0.22004,0.08498,0.0114,0.02929,0.13514,0.04017,0.00362,3.74616,4.2139
683165,Joseph King,STL,25,floor,,,reliever,MiLB (MLE),1.0,0.0,0.0,4.2,0.9,0.6,0.2,0.0,0.1,0.4,0.0,0.9,0.4,0.5,0.0,0.0,3.87,1.3,8.1,3.6,0.9,4.204,0.22004,0.08498,0.0114,0.03162,0.13524,0.0402,0.00362,3.87007,4.35328
703941,Melvin Pineda,SF,25,floor,,,reliever,MiLB (MLE),1.0,0.0,0.0,4.2,0.9,0.6,0.2,0.0,0.1,0.4,0.0,0.9,0.4,0.5,0.0,0.0,3.8,1.3,8.1,3.6,0.9,4.195,0.22004,0.08498,0.0114,0.03031,0.13516,0.04018,0.00362,3.79982,4.27426
823804,Ryan Dromboski,PHI,25,floor,,,starter,MiLB (MLE),1.0,0.0,0.0,4.2,0.9,0.6,0.2,0.0,0.1,0.4,0.0,0.9,0.5,0.5,0.0,0.0,4.17,1.3,8.1,3.6,0.9,4.217,0.22008,0.08499,0.0114,0.03337,0.13549,0.04028,0.00363,4.17007,4.46474
805872,Michael Perez,MIA,25,floor,,,reliever,MiLB (MLE),1.0,0.0,0.0,4.2,0.9,0.6,0.2,0.0,0.1,0.4,0.0,0.9,0.4,0.5,0.0,0.0,3.89,1.3,8.1,3.6,0.9,4.209,0.22012,0.08501,0.01139,0.03174,0.13574,0.04035,0.00364,3.89239,4.37839
570731,Jonathan Schoop,DET,35,floor,,,reliever,MLB,1.0,0.0,0.0,4.2,0.9,0.6,0.2,0.0,0.1,0.4,0.0,0.9,0.4,0.5,0.0,0.0,3.97,1.3,8.1,3.6,0.9,4.234,0.22012,0.08365,0.01061,0.03056,0.14137,0.04242,0.00335,3.96708,4.46241
694581,Dylan Carmouche,SF,25,floor,,,reliever,MiLB (MLE),1.0,0.0,0.0,4.2,0.9,0.6,0.2,0.0,0.1,0.4,0.0,0.9,0.4,0.5,0.0,0.0,3.8,1.3,8.1,3.6,0.9,4.199,0.22013,0.08501,0.01139,0.03005,0.13575,0.04036,0.00364,3.80455,4.27958
800436,Luichi Casilla,COL,25,floor,,,reliever,MiLB (MLE),1.0,0.0,0.0,4.2,0.9,0.6,0.2,0.0,0.1,0.4,0.0,0.9,0.4,0.5,0.0,0.0,3.75,1.3,8.1,3.6,0.9,4.193,0.22013,0.08501,0.01139,0.02906,0.13577,0.04036,0.00364,3.75397,4.22268
807833,Jose Vasquez,LAD,25,floor,,,reliever,MiLB (MLE),1.0,0.0,0.0,4.2,0.9,0.6,0.2,0.0,0.1,0.4,0.0,0.9,0.4,0.5,0.0,0.0,3.75,1.3,8.1,3.6,0.9,4.193,0.22013,0.08501,0.01139,0.02906,0.13577,0.04036,0.00364,3.75397,4.22268
835867,Matthew DesMarets,MIN,25,floor,,,reliever,MiLB (MLE),1.0,0.0,0.0,4.2,0.9,0.6,0.2,0.0,0.1,0.4,0.0,0.9,0.4,0.5,0.0,0.0,3.83,1.3,8.1,3.6,0.9,4.201,0.22013,0.08501,0.01139,0.03045,0.13577,0.04036,0.00364,3.82603,4.30375
805079,Jesus Mendez,CWS,25,floor,,,reliever,MiLB (MLE),1.0,0.0,0.0,4.2,0.9,0.6,0.2,0.0,0.1,0.4,0.0,0.9,0.4,0.5,0.0,0.0,3.72,1.3,8.1,3.6,0.9,4.188,0.22013,0.08501,0.01139,0.02835,0.13571,0.04035,0.00364,3.71561,4.17954
814702,Adler Cecil,SD,25,floor,,,reliever,MiLB (MLE),1.0,0.0,0.0,4.2,0.9,0.6,0.2,0.0,0.1,0.4,0.0,0.9,0.4,0.5,0.0,0.0,3.75,1.3,8.1,3.6,0.9,4.193,0.22013,0.08501,0.01139,0.02906,0.13577,0.04036,0.00364,3.75397,4.22268
836169,J.D. Hennen,BAL,25,floor,,,reliever,MiLB (MLE),1.0,0.0,0.0,4.2,0.9,0.6,0.2,0.0,0.1,0.4,0.0,0.9,0.4,0.5,0.0,0.0,3.76,1.3,8.1,3.6,0.9,4.194,0.22014,0.08502,0.01139,0.02908,0.13586,0.04039,0.00364,3.75766,4.22683
809137,Brian Hendry,NYY,25,floor,,,reliever,MiLB (MLE),1.0,0.0,0.0,4.2,0.9,0.6,0.2,0.0,0.1,0.4,0.0,0.9,0.4,0.5,0.0,0.0,3.85,1.3,8.1,3.6,0.9,4.205,0.22014,0.08502,0.01139,0.03084,0.13589,0.0404,0.00364,3.84998,4.33068
674674,T.J. Sikkema,BOS,25,floor,,,reliever,MiLB (MLE),1.0,0.0,0.0,4.2,0.9,0.6,0.2,0.0,0.1,0.4,0.0,0.9,0.4,0.5,0.0,0.0,3.83,1.3,8.1,3.6,0.9,4.201,0.22009,0.085,0.0114,0.03074,0.13549,0.04028,0.00363,3.83262,4.31116
800485,Wande Torres,MIL,25,floor,,,starter,MiLB (MLE),1.0,0.0,0.0,4.2,0.9,0.6,0.2,0.0,0.1,0.4,0.0,0.9,0.4,0.5,0.0,0.0,3.99,1.3,8.1,3.6,0.9,4.196,0.22009,0.085,0.0114,0.02999,0.13549,0.04028,0.00363,3.98569,4.26733
683634,Johan Otanez,WSH,25,floor,,,reliever,MiLB (MLE),1.0,0.0,0.0,4.2,0.9,0.6,0.2,0.0,0.1,0.4,0.0,0.9,0.4,0.5,0.0,0.0,3.73,1.3,8.1,3.6,0.9,4.188,0.22005,0.08499,0.0114,0.02895,0.13525,0.04021,0.00362,3.73198,4.19795
702911,Tristan Garnett,PHI,25,floor,,,reliever,MiLB (MLE),1.0,0.0,0.0,4.2,0.9,0.6,0.2,0.0,0.1,0.4,0.0,0.9,0.4,0.5,0.0,0.0,3.71,1.3,8.1,3.6,0.9,4.186,0.22009,0.085,0.0114,0.0283,0.1355,0.04028,0.00363,3.70654,4.16933
809100,Ixan Henderson,STL,25,floor,,,starter,MiLB (MLE),1.0,0.0,0.0,4.2,0.9,0.6,0.2,0.0,0.1,0.4,0.0,0.9,0.4,0.5,0.0,0.0,3.89,1.3,8.1,3.6,0.9,4.186,0.22009,0.085,0.0114,0.0283,0.1355,0.04028,0.00363,3.89416,4.16933
815552,Levi Sterling,PIT,25,floor,,,starter,MiLB (MLE),1.0,0.0,0.0,4.2,0.9,0.6,0.2,0.0,0.1,0.4,0.0,0.9,0.5,0.5,0.0,0.0,4.07,1.3,8.1,3.6,0.9,4.206,0.22009,0.085,0.01139,0.03152,0.13556,0.0403,0.00363,4.0711,4.35878
801696,Will Schomberg,MIA,25,floor,,,reliever,MiLB (MLE),1.0,0.0,0.0,4.2,0.9,0.6,0.2,0.0,0.1,0.4,0.0,0.9,0.4,0.5,0.0,0.0,3.71,1.3,8.1,3.6,0.9,4.186,0.22009,0.085,0.0114,0.0283,0.1355,0.04028,0.00363,3.70654,4.16933
806121,Mac Heuer,NYY,25,floor,,,starter,MiLB (MLE),1.0,0.0,0.0,4.2,0.9,0.6,0.2,0.0,0.1,0.4,0.0,0.9,0.4,0.5,0.0,0.0,4.01,1.3,8.1,3.6,0.9,4.199,0.2201,0.085,0.01139,0.03041,0.13559,0.04031,0.00363,4.01179,4.29528
702268,Aiden Moffett,CHC,25,floor,,,reliever,MiLB (MLE),1.0,0.0,0.0,4.2,0.9,0.6,0.2,0.0,0.1,0.4,0.0,0.9,0.4,0.5,0.0,0.0,3.78,1.3,8.1,3.6,0.9,4.195,0.2201,0.085,0.01139,0.02972,0.1356,0.04031,0.00363,3.78252,4.2548
814288,Franly Urena,TOR,25,floor,,,reliever,MiLB (MLE),1.0,0.0,0.0,4.2,0.9,0.6,0.2,0.0,0.1,0.4,0.0,0.9,0.4,0.5,0.0,0.0,3.76,1.3,8.1,3.6,0.9,4.193,0.2201,0.085,0.0114,0.02938,0.13557,0.0403,0.00363,3.76452,4.23456
809701,Luis Avila,PHI,25,floor,,,reliever,MiLB (MLE),1.0,0.0,0.0,4.2,0.9,0.6,0.2,0.0,0.1,0.4,0.0,0.9,0.4,0.5,0.0,0.0,3.82,1.3,8.1,3.6,0.9,4.199,0.2201,0.085,0.0114,0.03045,0.13556,0.0403,0.00363,3.81965,4.29657
800727,Jackson Dannelley,WSH,25,floor,,,reliever,MiLB (MLE),1.0,0.0,0.0,4.2,0.9,0.6,0.2,0.0,0.1,0.4,0.0,0.9,0.4,0.5,0.0,0.0,3.76,1.3,8.1,3.6,0.9,4.193,0.2201,0.085,0.0114,0.02938,0.13557,0.0403,0.00363,3.76452,4.23456
699283,Cleiber Maldonado,MIN,25,floor,,,reliever,MiLB (MLE),1.0,0.0,0.0,4.2,0.9,0.6,0.2,0.0,0.1,0.4,0.0,0.9,0.4,0.5,0.0,0.0,3.82,1.3,8.1,3.6,0.9,4.199,0.2201,0.085,0.0114,0.03045,0.13556,0.0403,0.00363,3.81965,4.29657
822654,Will Gervase,LAA,25,floor,,,reliever,MiLB (MLE),1.0,0.0,0.0,4.2,0.9,0.6,0.2,0.0,0.1,0.4,0.0,0.9,0.4,0.5,0.0,0.0,3.71,1.3,8.1,3.6,0.9,4.187,0.22011,0.08501,0.01139,0.02832,0.1356,0.04031,0.00363,3.71077,4.17409
702280,Tristan Smith,CIN,25,floor,,,reliever,MiLB (MLE),1.0,0.0,0.0,4.2,0.9,0.6,0.2,0.0,0.1,0.4,0.0,0.9,0.4,0.5,0.0,0.0,3.97,1.3,8.1,3.6,0.9,4.217,0.22011,0.085,0.01139,0.03321,0.13567,0.04033,0.00364,3.96709,4.46241
623507,Josh Lester,BAL,32,floor,,,reliever,MLB,1.0,0.0,0.0,4.2,0.9,0.6,0.2,0.0,0.1,0.4,0.0,0.9,0.4,0.5,0.0,0.0,3.99,1.3,8.1,3.6,0.9,4.248,0.22011,0.08713,0.01061,0.03041,0.14065,0.04221,0.00334,3.99155,4.48993
815308,Colby Langford,HOU,25,floor,,,reliever,MiLB (MLE),1.0,0.0,0.0,4.2,0.9,0.6,0.2,0.0,0.1,0.4,0.0,0.9,0.4,0.5,0.0,0.0,3.71,1.3,8.1,3.6,0.9,4.186,0.22009,0.085,0.0114,0.0283,0.1355,0.04028,0.00363,3.70654,4.16933
828372,Jose Lopez,NYM,25,floor,,,starter,MiLB (MLE),1.0,0.0,0.0,4.2,0.9,0.6,0.2,0.0,0.1,0.4,0.0,0.9,0.4,0.5,0.0,0.0,4.02,1.3,8.1,3.6,0.9,4.186,0.21951,0.08479,0.01145,0.03239,0.13249,0.03939,0.00355,4.01663,4.30046
656368,Brad Deppermann,SF,25,floor,,,reliever,MiLB (MLE),1.0,0.0,0.0,4.2,0.9,0.6,0.2,0.0,0.1,0.4,0.0,0.9,0.4,0.5,0.0,0.0,3.82,1.3,8.1,3.6,0.9,4.183,0.21942,0.08475,0.01146,0.03249,0.13208,0.03927,0.00354,3.81504,4.29138
665878,Janser Lara,TEX,25,floor,,,reliever,MiLB (MLE),1.0,0.0,0.0,4.2,0.9,0.6,0.2,0.0,0.1,0.4,0.0,0.9,0.4,0.5,0.0,0.0,3.68,1.3,8.1,3.6,0.9,4.167,0.21942,0.08475,0.01146,0.02994,0.13205,0.03926,0.00354,3.68329,4.14318
812521,Joe Glassey,WSH,25,floor,,,reliever,MiLB (MLE),1.0,0.0,0.0,4.2,0.9,0.6,0.2,0.0,0.1,0.4,0.0,0.9,0.4,0.4,0.0,0.0,3.56,1.3,8.1,3.6,0.9,4.153,0.21943,0.08476,0.01146,0.02758,0.13206,0.03926,0.00354,3.56298,4.00785
700255,Jacob Steinmetz,ARI,25,floor,,,starter,MiLB (MLE),1.0,0.0,0.0,4.2,0.9,0.6,0.2,0.0,0.1,0.4,0.0,0.9,0.4,0.5,0.0,0.0,3.8,1.3,8.1,3.6,0.9,4.16,0.21943,0.08476,0.01146,0.02862,0.13209,0.03927,0.00354,3.79987,4.06839
814291,Jacob Wosinski,MIN,25,floor,,,reliever,MiLB (MLE),1.0,0.0,0.0,4.2,0.9,0.6,0.2,0.0,0.1,0.4,0.0,0.9,0.4,0.5,0.0,0.0,3.73,1.3,8.1,3.6,0.9,4.173,0.21943,0.08476,0.01146,0.03085,0.13209,0.03927,0.00354,3.7311,4.19696
828671,Brent Francisco,MIN,25,floor,,,reliever,MiLB (MLE),1.0,0.0,0.0,4.2,0.9,0.6,0.2,0.0,0.1,0.4,0.0,0.9,0.4,0.5,0.0,0.0,3.94,1.3,8.1,3.6,0.9,4.198,0.21944,0.08476,0.01146,0.03483,0.13221,0.0393,0.00354,3.94084,4.43289
802996,Rob Hensey,KC,25,floor,,,reliever,MiLB (MLE),1.0,0.0,0.0,4.2,0.9,0.6,0.2,0.0,0.1,0.4,0.0,0.9,0.4,0.4,0.0,0.0,3.56,1.3,8.1,3.6,0.9,4.154,0.21944,0.08476,0.01146,0.02759,0.13209,0.03927,0.00354,3.56437,4.00942
806094,Izack Tiger,TEX,25,floor,,,reliever,MiLB (MLE),1.0,0.0,0.0,4.2,0.9,0.6,0.2,0.0,0.1,0.4,0.0,0.9,0.4,0.5,0.0,0.0,3.94,1.3,8.1,3.6,0.9,4.198,0.21944,0.08476,0.01146,0.03483,0.13221,0.0393,0.00354,3.94084,4.43289
804756,Jacob Morrison,MIL,25,floor,,,starter,MiLB (MLE),1.0,0.0,0.0,4.2,0.9,0.6,0.2,0.0,0.1,0.4,0.0,0.9,0.4,0.5,0.0,0.0,3.97,1.3,8.1,3.6,0.9,4.18,0.21945,0.08477,0.01146,0.03174,0.13222,0.03931,0.00354,3.97235,4.25305
835657,Jake Shelagowski,STL,25,floor,,,reliever,MiLB (MLE),1.0,0.0,0.0,4.2,0.9,0.6,0.2,0.0,0.1,0.4,0.0,0.9,0.4,0.5,0.0,0.0,3.6,1.3,8.1,3.6,0.9,4.159,0.21945,0.08477,0.01146,0.02828,0.13217,0.03929,0.00354,3.60193,4.05167
823649,Javier Perez,HOU,25,floor,,,starter,MiLB (MLE),1.0,0.0,0.0,4.2,0.9,0.6,0.2,0.0,0.1,0.4,0.0,0.9,0.4,0.5,0.0,0.0,3.81,1.3,8.1,3.6,0.9,4.161,0.21946,0.08477,0.01146,0.02865,0.13222,0.03931,0.00354,3.80585,4.07478
694933,Ross Dunn,MIN,25,floor,,,reliever,MiLB (MLE),1.0,0.0,0.0,4.2,0.9,0.6,0.2,0.0,0.1,0.4,0.0,0.9,0.4,0.5,0.0,0.0,3.64,1.3,8.1,3.6,0.9,4.171,0.21982,0.0849,0.01143,0.02796,0.13387,0.0398,0.00359,3.63842,4.09271
701679,Brody Brecht,COL,25,floor,,,reliever,MiLB (MLE),1.0,0.0,0.0,4.2,0.9,0.6,0.2,0.0,0.1,0.4,0.0,0.9,0.4,0.4,0.0,0.0,3.57,1.3,8.1,3.6,0.9,4.155,0.21947,0.08477,0.01146,0.02762,0.13223,0.03931,0.00354,3.56996,4.0157
828419,Brayden Heidel,TOR,25,floor,,,reliever,MiLB (MLE),1.0,0.0,0.0,4.2,0.9,0.6,0.2,0.0,0.1,0.4,0.0,0.9,0.4,0.5,0.0,0.0,3.71,1.3,8.1,3.6,0.9,4.171,0.21947,0.08477,0.01146,0.03031,0.13225,0.03931,0.00354,3.70846,4.1715
829944,Diustin Mayorquin,MIL,25,floor,,,starter,MiLB (MLE),1.0,0.0,0.0,4.2,0.9,0.6,0.2,0.0,0.1,0.4,0.0,0.9,0.4,0.5,0.0,0.0,3.9,1.3,8.1,3.6,0.9,4.171,0.21947,0.08477,0.01146,0.03031,0.13225,0.03931,0.00354,3.89618,4.1715
679777,Nick Mikolajchak,MIN,25,floor,,,reliever,MiLB (MLE),1.0,0.0,0.0,4.2,0.9,0.6,0.2,0.0,0.1,0.4,0.0,0.9,0.4,0.5,0.0,0.0,3.98,1.3,8.1,3.6,0.9,4.203,0.21947,0.08477,0.01146,0.03552,0.13231,0.03933,0.00355,3.97958,4.47646
689821,Michael Cuevas,HOU,25,floor,,,reliever,MiLB (MLE),1.0,0.0,0.0,4.2,0.9,0.6,0.2,0.0,0.1,0.4,0.0,0.9,0.4,0.5,0.0,0.0,3.72,1.3,8.1,3.6,0.9,4.171,0.21937,0.08474,0.01146,0.0308,0.13185,0.0392,0.00353,3.72082,4.1854
815064,Trennor O'Donnell,BOS,25,floor,,,reliever,MiLB (MLE),1.0,0.0,0.0,4.2,0.9,0.6,0.2,0.0,0.1,0.4,0.0,0.9,0.4,0.5,0.0,0.0,3.93,1.3,8.1,3.6,0.9,4.195,0.21938,0.08474,0.01146,0.03476,0.13194,0.03922,0.00354,3.9283,4.41879
691439,Angel Jimenez,COL,25,floor,,,starter,MiLB (MLE),1.0,0.0,0.0,4.2,1.0,0.6,0.2,0.0,0.2,0.4,0.0,0.9,0.5,0.5,0.0,0.0,4.18,1.4,8.1,3.6,1.8,4.201,0.21938,0.08474,0.01146,0.03576,0.13194,0.03922,0.00354,4.18195,4.47747
808846,Devin Kirby-Williams,OAK,25,floor,,,starter,MiLB (MLE),1.0,0.0,0.0,4.2,0.9,0.6,0.2,0.0,0.1,0.4,0.0,0.9,0.5,0.5,0.0,0.0,4.13,1.3,8.1,3.6,0.9,4.195,0.21938,0.08474,0.01146,0.03476,0.13194,0.03922,0.00354,4.12715,4.41879
834581,Blake Morgan,TB,25,floor,,,starter,MiLB (MLE),1.0,0.0,0.0,4.2,0.9,0.6,0.2,0.0,0.1,0.4,0.0,0.9,0.4,0.5,0.0,0.0,3.9,1.3,8.1,3.6,0.9,4.171,0.21939,0.08474,0.01146,0.03065,0.13195,0.03923,0.00354,3.90435,4.18025
808383,Kelvis Salcedo,DET,25,floor,,,reliever,MiLB (MLE),1.0,0.0,0.0,4.2,0.9,0.6,0.2,0.0,0.1,0.4,0.0,0.9,0.4,0.5,0.0,0.0,3.66,1.3,8.1,3.6,0.9,4.164,0.21939,0.08474,0.01146,0.02957,0.13193,0.03922,0.00354,3.66017,4.11718
691018,Carson Swilling,SD,25,floor,,,reliever,MiLB (MLE),1.0,0.0,0.0,4.2,0.9,0.6,0.2,0.0,0.1,0.4,0.0,0.9,0.4,0.5,0.0,0.0,3.66,1.3,8.1,3.6,0.9,4.164,0.21939,0.08474,0.01146,0.02957,0.13193,0.03922,0.00354,3.66017,4.11718
691028,Nate Wohlgemuth,HOU,25,floor,,,reliever,MiLB (MLE),1.0,0.0,0.0,4.2,0.9,0.6,0.2,0.0,0.1,0.4,0.0,0.9,0.4,0.5,0.0,0.0,3.77,1.3,8.1,3.6,0.9,4.177,0.21939,0.08474,0.01146,0.03167,0.13195,0.03923,0.00354,3.76902,4.23962
689535,Andrew Pogue,DET,25,floor,,,reliever,MiLB (MLE),1.0,0.0,0.0,4.2,0.9,0.6,0.2,0.0,0.1,0.4,0.0,0.9,0.4,0.5,0.0,0.0,3.74,1.3,8.1,3.6,0.9,4.175,0.21946,0.08477,0.01146,0.03099,0.13225,0.03931,0.00354,3.74297,4.21032
832225,Alex Breckheimer,STL,25,floor,,,reliever,MiLB (MLE),1.0,0.0,0.0,4.2,0.9,0.6,0.2,0.0,0.1,0.4,0.0,0.9,0.4,0.5,0.0,0.0,3.72,1.3,8.1,3.6,0.9,4.174,0.21952,0.08479,0.01145,0.03037,0.13249,0.03939,0.00355,3.71903,4.18339
808986,Duque Hebbert,DET,25,floor,,,reliever,MiLB (MLE),1.0,0.0,0.0,4.2,0.9,0.6,0.2,0.0,0.1,0.4,0.0,0.9,0.4,0.5,0.0,0.0,3.92,1.3,8.1,3.6,0.9,4.197,0.21952,0.08479,0.01145,0.03425,0.13255,0.0394,0.00355,3.92119,4.41079
700582,Gabe Craig,PHI,25,floor,,,reliever,MiLB (MLE),1.0,0.0,0.0,4.2,0.9,0.6,0.2,0.0,0.1,0.4,0.0,0.9,0.4,0.5,0.0,0.0,3.63,1.3,8.1,3.6,0.9,4.164,0.21953,0.08479,0.01145,0.02871,0.13249,0.03939,0.00355,3.63391,4.08763
701400,Gavin Adams,PIT,25,floor,,,reliever,MiLB (MLE),1.0,0.0,0.0,4.2,0.9,0.6,0.2,0.0,0.1,0.4,0.0,0.9,0.4,0.5,0.0,0.0,3.62,1.3,8.1,3.6,0.9,4.162,0.21953,0.0848,0.01145,0.02835,0.13249,0.03939,0.00355,3.61555,4.06699
688306,Tristan Stevens,MIA,25,floor,,,reliever,MiLB (MLE),1.0,0.0,0.0,4.2,0.9,0.6,0.2,0.0,0.1,0.4,0.0,0.9,0.4,0.5,0.0,0.0,3.75,1.3,8.1,3.6,0.9,4.178,0.21953,0.0848,0.01145,0.03097,0.13256,0.03941,0.00355,3.75182,4.22027
703610,Justin Lamkin,KC,25,floor,,,starter,MiLB (MLE),1.0,0.0,0.0,4.2,0.9,0.6,0.2,0.0,0.1,0.4,0.0,0.9,0.4,0.5,0.0,0.0,3.94,1.3,8.1,3.6,0.9,4.178,0.21953,0.0848,0.01145,0.03097,0.13256,0.03941,0.00355,3.94173,4.22027
692391,Antoni Cuello,STL,25,floor,,,reliever,MiLB (MLE),1.0,0.0,0.0,4.2,0.9,0.6,0.2,0.0,0.1,0.4,0.0,0.9,0.4,0.5,0.0,0.0,3.76,1.3,8.1,3.6,0.9,4.178,0.21954,0.0848,0.01145,0.03107,0.13257,0.03941,0.00355,3.75723,4.22636
828364,Jake Jekielek,TEX,25,floor,,,reliever,MiLB (MLE),1.0,0.0,0.0,4.2,0.9,0.6,0.2,0.0,0.1,0.4,0.0,0.9,0.4,0.5,0.0,0.0,3.65,1.3,8.1,3.6,0.9,4.166,0.21954,0.0848,0.01145,0.02904,0.13257,0.03941,0.00355,3.65344,4.10961
809059,Danny Macchiarola,SEA,25,floor,,,reliever,MiLB (MLE),1.0,0.0,0.0,4.2,0.9,0.6,0.2,0.0,0.1,0.4,0.0,0.9,0.4,0.5,0.0,0.0,3.69,1.3,8.1,3.6,0.9,4.17,0.21954,0.0848,0.01145,0.02972,0.13257,0.03941,0.00355,3.68797,4.14845
832455,Matthew Fisher,PHI,25,floor,,,starter,MiLB (MLE),1.0,0.0,0.0,4.2,0.9,0.6,0.2,0.0,0.1,0.4,0.0,0.9,0.4,0.5,0.0,0.0,3.91,1.3,8.1,3.6,0.9,4.174,0.21954,0.0848,0.01145,0.03039,0.13257,0.03941,0.00355,3.911,4.18737
823124,Jackson Nove,OAK,25,floor,,,starter,MiLB (MLE),1.0,0.0,0.0,4.2,0.9,0.6,0.2,0.0,0.1,0.4,0.0,0.9,0.4,0.5,0.0,0.0,3.88,1.3,8.1,3.6,0.9,4.171,0.21955,0.08481,0.01145,0.02977,0.13263,0.03943,0.00355,3.87953,4.15367
801387,Jonas Uzcategui,MIA,25,floor,,,reliever,MiLB (MLE),1.0,0.0,0.0,4.2,0.9,0.6,0.2,0.0,0.1,0.4,0.0,0.9,0.4,0.5,0.0,0.0,3.69,1.3,8.1,3.6,0.9,4.171,0.21956,0.08481,0.01145,0.02974,0.13265,0.03944,0.00355,3.69148,4.15239
808952,Jack Seppings,MIL,25,floor,,,starter,MiLB (MLE),1.0,0.0,0.0,4.2,0.9,0.6,0.2,0.0,0.1,0.4,0.0,0.9,0.4,0.4,0.0,0.0,3.76,1.3,8.1,3.6,0.9,4.157,0.21951,0.08479,0.01145,0.02766,0.13243,0.03937,0.00355,3.75951,4.02517
687817,Andrew Marrero,HOU,25,floor,,,reliever,MiLB (MLE),1.0,0.0,0.0,4.2,0.9,0.6,0.2,0.0,0.1,0.4,0.0,0.9,0.4,0.5,0.0,0.0,3.83,1.3,8.1,3.6,0.9,4.185,0.21948,0.08478,0.01146,0.03255,0.13232,0.03934,0.00355,3.82564,4.30331
822043,Dylan Crooks,COL,25,floor,,,reliever,MiLB (MLE),1.0,0.0,0.0,4.2,0.9,0.6,0.2,0.0,0.1,0.4,0.0,0.9,0.4,0.5,0.0,0.0,3.89,1.3,8.1,3.6,0.9,4.193,0.21948,0.08478,0.01145,0.03384,0.13235,0.03934,0.00355,3.89359,4.37974
805279,Jason Reitz,MIN,25,floor,,,reliever,MiLB (MLE),1.0,0.0,0.0,4.2,0.9,0.6,0.2,0.0,0.1,0.4,0.0,0.9,0.4,0.5,0.0,0.0,3.71,1.3,8.1,3.6,0.9,4.172,0.21948,0.08478,0.01146,0.03033,0.13233,0.03934,0.00355,3.71198,4.17546
702279,Riley Stanford,TB,25,floor,,,reliever,MiLB (MLE),1.0,0.0,0.0,4.2,0.9,0.6,0.2,0.0,0.1,0.4,0.0,0.9,0.4,0.5,0.0,0.0,3.61,1.3,8.1,3.6,0.9,4.16,0.21949,0.08478,0.01146,0.02832,0.13233,0.03934,0.00355,3.60873,4.05931
805149,Cody Delvecchio,SF,25,floor,,,starter,MiLB (MLE),1.0,0.0,0.0,4.2,0.9,0.6,0.2,0.0,0.1,0.4,0.0,0.9,0.4,0.5,0.0,0.0,3.9,1.3,8.1,3.6,0.9,4.173,0.2195,0.08479,0.01145,0.03035,0.13241,0.03936,0.00355,3.90358,4.17942
814803,Logan Martin,SF,25,floor,,,reliever,MiLB (MLE),1.0,0.0,0.0,4.2,0.9,0.6,0.2,0.0,0.1,0.4,0.0,0.9,0.4,0.5,0.0,0.0,3.82,1.3,8.1,3.6,0.9,4.185,0.2195,0.08478,0.01145,0.03239,0.13242,0.03937,0.00355,3.82103,4.29812
692290,Carter Holton,ATL,25,floor,,,starter,MiLB (MLE),1.0,0.0,0.0,4.2,0.9,0.6,0.2,0.0,0.1,0.4,0.0,0.9,0.4,0.5,0.0,0.0,3.94,1.3,8.1,3.6,0.9,4.177,0.2195,0.08479,0.01145,0.03103,0.13241,0.03936,0.00355,3.93991,4.21832
808154,Davidxon Lara,MIA,25,floor,,,reliever,MiLB (MLE),1.0,0.0,0.0,4.2,0.9,0.6,0.2,0.0,0.1,0.4,0.0,0.9,0.4,0.5,0.0,0.0,3.82,1.3,8.1,3.6,0.9,4.185,0.2195,0.08478,0.01145,0.03237,0.13241,0.03936,0.00355,3.81946,4.29635
835433,Nathan Shinn,STL,25,floor,,,reliever,MiLB (MLE),1.0,0.0,0.0,4.2,0.9,0.6,0.2,0.0,0.1,0.4,0.0,0.9,0.4,0.5,0.0,0.0,3.75,1.3,8.1,3.6,0.9,4.177,0.2195,0.08479,0.01145,0.03103,0.13241,0.03936,0.00355,3.75009,4.21832
802243,Jaiker Garcia,PIT,25,floor,,,reliever,MiLB (MLE),1.0,0.0,0.0,4.2,0.9,0.6,0.2,0.0,0.1,0.4,0.0,0.9,0.4,0.5,0.0,0.0,3.82,1.3,8.1,3.6,0.9,4.185,0.2195,0.08478,0.01145,0.03237,0.13241,0.03936,0.00355,3.81946,4.29635
806998,Hendry Chivilli,MIN,25,floor,,,reliever,MiLB (MLE),1.0,0.0,0.0,4.2,0.9,0.6,0.2,0.0,0.1,0.4,0.0,0.9,0.4,0.5,0.0,0.0,3.75,1.3,8.1,3.6,0.9,4.177,0.2195,0.08479,0.01145,0.03103,0.13241,0.03936,0.00355,3.75009,4.21832
815679,Javi Torres,CLE,25,floor,,,reliever,MiLB (MLE),1.0,0.0,0.0,4.2,0.9,0.6,0.2,0.0,0.1,0.4,0.0,0.9,0.4,0.5,0.0,0.0,3.68,1.3,8.1,3.6,0.9,4.169,0.2195,0.08479,0.01145,0.02968,0.13241,0.03936,0.00355,3.68098,4.14059
700291,Cesar Rojas,WSH,25,floor,,,reliever,MiLB (MLE),1.0,0.0,0.0,4.2,0.9,0.6,0.2,0.0,0.1,0.4,0.0,0.9,0.4,0.5,0.0,0.0,3.68,1.3,8.1,3.6,0.9,4.169,0.2195,0.08479,0.01145,0.02968,0.13241,0.03936,0.00355,3.68098,4.14059
808674,Fabian Ysalla,CWS,25,floor,,,starter,MiLB (MLE),1.0,0.0,0.0,4.2,0.9,0.6,0.2,0.0,0.1,0.4,0.0,0.9,0.4,0.5,0.0,0.0,3.84,1.3,8.1,3.6,0.9,4.167,0.21956,0.08481,0.01145,0.02906,0.13266,0.03944,0.00355,3.84201,4.11351
683354,Connor O'Halloran,TOR,25,floor,,,reliever,MiLB (MLE),1.0,0.0,0.0,4.2,0.9,0.6,0.2,0.0,0.1,0.4,0.0,0.9,0.4,0.5,0.0,0.0,3.65,1.3,8.1,3.6,0.9,4.161,0.2193,0.08471,0.01147,0.02953,0.13156,0.03911,0.00353,3.64642,4.10171
690711,Clark Candiotti,SD,25,floor,,,reliever,MiLB (MLE),1.0,0.0,0.0,4.2,0.9,0.6,0.2,0.0,0.1,0.4,0.0,0.9,0.4,0.5,0.0,0.0,3.71,1.3,8.1,3.6,0.9,4.169,0.21931,0.08471,0.01147,0.03074,0.13162,0.03913,0.00353,3.7106,4.1739
687916,Jack Jasiak,CLE,25,floor,,,reliever,MiLB (MLE),1.0,0.0,0.0,4.2,1.0,0.6,0.2,0.0,0.2,0.4,0.0,0.9,0.4,0.5,0.0,0.0,3.98,1.4,8.1,3.6,1.8,4.2,0.21931,0.08471,0.01147,0.03594,0.13168,0.03914,0.00353,3.9811,4.47818
680749,Joseph Menefee,CIN,25,floor,,,reliever,MiLB (MLE),1.0,0.0,0.0,4.2,0.9,0.6,0.2,0.0,0.1,0.4,0.0,0.9,0.4,0.5,0.0,0.0,3.71,1.3,8.1,3.6,0.9,4.169,0.21931,0.08471,0.01147,0.03074,0.13162,0.03913,0.00353,3.7106,4.1739
687881,Kenten Egbert,CHC,25,floor,,,reliever,MiLB (MLE),1.0,0.0,0.0,4.2,0.9,0.6,0.2,0.0,0.1,0.4,0.0,0.9,0.4,0.5,0.0,0.0,3.91,1.3,8.1,3.6,0.9,4.192,0.21932,0.08472,0.01147,0.03455,0.13168,0.03915,0.00353,3.90921,4.39731
836072,Garrett Langrell,SF,25,floor,,,reliever,MiLB (MLE),1.0,0.0,0.0,4.2,0.9,0.6,0.2,0.0,0.1,0.4,0.0,0.9,0.4,0.4,0.0,0.0,3.58,1.3,8.1,3.6,0.9,4.153,0.21932,0.08472,0.01147,0.02816,0.13161,0.03913,0.00353,3.57834,4.02513
696140,Ethan Murray,MIL,25,floor,,,reliever,MiLB (MLE),1.0,0.0,0.0,4.2,0.9,0.6,0.2,0.0,0.1,0.4,0.0,0.9,0.4,0.5,0.0,0.0,3.91,1.3,8.1,3.6,0.9,4.192,0.21932,0.08472,0.01147,0.03455,0.13168,0.03915,0.00353,3.90921,4.39731
685396,Nate Peterson,CIN,25,floor,,,reliever,MiLB (MLE),1.0,0.0,0.0,4.2,0.9,0.6,0.2,0.0,0.1,0.4,0.0,0.9,0.4,0.5,0.0,0.0,3.79,1.3,8.1,3.6,0.9,4.178,0.21932,0.08472,0.01147,0.03221,0.13168,0.03915,0.00353,3.78791,4.26086
686572,Ryan Cabarcas,BAL,25,floor,,,reliever,MiLB (MLE),1.0,0.0,0.0,4.2,0.9,0.6,0.2,0.0,0.1,0.4,0.0,0.9,0.4,0.5,0.0,0.0,3.65,1.3,8.1,3.6,0.9,4.162,0.21933,0.08472,0.01147,0.02956,0.13169,0.03915,0.00353,3.65213,4.10813
701829,Trendan Parish,TB,25,floor,,,reliever,MiLB (MLE),1.0,0.0,0.0,4.2,0.9,0.6,0.2,0.0,0.1,0.4,0.0,0.9,0.4,0.5,0.0,0.0,3.67,1.3,8.1,3.6,0.9,4.163,0.21925,0.08469,0.01147,0.03011,0.13137,0.03905,0.00352,3.67021,4.12848
689223,Derek True,HOU,25,floor,,,reliever,MiLB (MLE),1.0,0.0,0.0,4.2,0.9,0.6,0.2,0.0,0.1,0.4,0.0,0.9,0.4,0.5,0.0,0.0,3.7,1.3,8.1,3.6,0.9,4.166,0.21925,0.08469,0.01147,0.03069,0.13139,0.03906,0.00352,3.70044,4.16247
702212,Jordarlin Mendoza,NYY,25,floor,,,reliever,MiLB (MLE),1.0,0.0,0.0,4.2,0.9,0.6,0.2,0.0,0.1,0.4,0.0,0.9,0.4,0.5,0.0,0.0,3.74,1.3,8.1,3.6,0.9,4.171,0.21925,0.08469,0.01147,0.03144,0.13137,0.03905,0.00352,3.73846,4.20524
800435,Diego Dominguez,TOR,25,floor,,,reliever,MiLB (MLE),1.0,0.0,0.0,4.2,0.9,0.6,0.2,0.0,0.1,0.4,0.0,0.9,0.4,0.5,0.0,0.0,3.73,1.3,8.1,3.6,0.9,4.172,0.21939,0.08474,0.01146,0.03091,0.13193,0.03922,0.00354,3.72882,4.1944
805971,Evan Chrest,CLE,25,floor,,,reliever,MiLB (MLE),1.0,0.0,0.0,4.2,0.9,0.6,0.2,0.0,0.1,0.4,0.0,0.9,0.4,0.5,0.0,0.0,3.64,1.3,8.1,3.6,0.9,4.159,0.21925,0.08469,0.01147,0.02944,0.13137,0.03905,0.00352,3.63619,4.0902
820827,Luke Sinnard,ATL,25,floor,,,starter,MiLB (MLE),1.0,0.0,0.0,4.2,0.9,0.6,0.2,0.0,0.1,0.4,0.0,0.9,0.4,0.5,0.0,0.0,3.89,1.3,8.1,3.6,0.9,4.166,0.21925,0.08469,0.01147,0.03069,0.13139,0.03906,0.00352,3.88775,4.16247
691263,Esmerlin Vinicio,SF,25,floor,,,reliever,MiLB (MLE),1.0,0.0,0.0,4.1,0.8,0.5,0.2,0.0,0.1,0.3,0.0,0.9,0.4,0.4,0.0,0.0,3.54,1.1,8.1,2.7,0.9,4.147,0.21926,0.0847,0.01147,0.02745,0.13139,0.03906,0.00352,3.53531,3.97672
703835,Alejandro Manzano,OAK,25,floor,,,reliever,MiLB (MLE),1.0,0.0,0.0,4.2,0.9,0.6,0.2,0.0,0.1,0.4,0.0,0.9,0.4,0.5,0.0,0.0,3.84,1.3,8.1,3.6,0.9,4.183,0.21926,0.08469,0.01147,0.03346,0.13144,0.03908,0.00352,3.84495,4.32503
815065,Hunter Mann,COL,25,floor,,,reliever,MiLB (MLE),1.0,0.0,0.0,4.2,0.9,0.6,0.2,0.0,0.1,0.4,0.0,0.9,0.4,0.5,0.0,0.0,3.62,1.3,8.1,3.6,0.9,4.157,0.21926,0.08469,0.01147,0.02907,0.13139,0.03906,0.00352,3.61768,4.06939
823028,Peyton Havard,PHI,25,floor,,,reliever,MiLB (MLE),1.0,0.0,0.0,4.2,0.9,0.6,0.2,0.0,0.1,0.4,0.0,0.9,0.4,0.5,0.0,0.0,3.91,1.3,8.1,3.6,0.9,4.191,0.21926,0.08469,0.01147,0.03479,0.13144,0.03907,0.00352,3.91392,4.40261
695632,Brandon Neely,BOS,25,floor,,,reliever,MiLB (MLE),1.0,0.0,0.0,4.2,0.9,0.6,0.2,0.0,0.1,0.4,0.0,0.9,0.4,0.5,0.0,0.0,3.75,1.3,8.1,3.6,0.9,4.172,0.21926,0.08469,0.01147,0.03154,0.13142,0.03907,0.00352,3.74537,4.21301
814342,Jackson Kirkpatrick,CHC,25,floor,,,reliever,MiLB (MLE),1.0,0.0,0.0,4.2,0.9,0.6,0.2,0.0,0.1,0.4,0.0,0.9,0.4,0.5,0.0,0.0,3.62,1.3,8.1,3.6,0.9,4.157,0.21926,0.08469,0.01147,0.02907,0.13139,0.03906,0.00352,3.61768,4.06939
681644,Inohan Paniagua,DET,25,floor,,,reliever,MiLB (MLE),1.0,0.0,0.0,4.2,0.9,0.6,0.2,0.0,0.1,0.4,0.0,0.9,0.4,0.5,0.0,0.0,3.64,1.3,8.1,3.6,0.9,4.16,0.21927,0.0847,0.01147,0.0295,0.13142,0.03907,0.00352,3.64073,4.0953
666204,Dany Jiménez,OAK,33,floor,,,reliever,MLB,1.0,0.0,0.0,4.3,0.8,0.5,0.2,0.0,0.1,0.5,0.0,0.9,0.5,0.5,0.0,0.0,4.28,1.3,8.1,4.5,0.9,4.342,0.21927,0.1198,0.00441,0.0328,0.12319,0.04592,0.00299,4.27626,4.81019
695560,Pico Kohn,NYY,25,floor,,,starter,MiLB (MLE),1.0,0.0,0.0,4.2,0.9,0.6,0.2,0.0,0.1,0.4,0.0,0.9,0.4,0.4,0.0,0.0,3.77,1.3,8.1,3.6,0.9,4.154,0.21927,0.0847,0.01147,0.02848,0.13143,0.03907,0.00352,3.77028,4.0367
703900,Alain Pena,HOU,25,floor,,,reliever,MiLB (MLE),1.0,0.0,0.0,4.2,1.0,0.6,0.2,0.0,0.2,0.4,0.0,0.9,0.4,0.5,0.0,0.0,3.98,1.4,8.1,3.6,1.8,4.2,0.21928,0.0847,0.01147,0.03603,0.13154,0.03911,0.00352,3.98142,4.47854
702462,Nic Swanson,HOU,25,floor,,,reliever,MiLB (MLE),1.0,0.0,0.0,4.1,0.8,0.5,0.2,0.0,0.1,0.3,0.0,0.9,0.4,0.4,0.0,0.0,3.53,1.1,8.1,2.7,0.9,4.147,0.21925,0.08469,0.01147,0.02743,0.13133,0.03904,0.00352,3.53257,3.97364
804986,Andrew Healy,MIL,25,floor,,,starter,MiLB (MLE),1.0,0.0,0.0,4.2,0.9,0.6,0.2,0.0,0.1,0.4,0.0,0.9,0.4,0.5,0.0,0.0,3.85,1.3,8.1,3.6,0.9,4.165,0.2194,0.08475,0.01146,0.02962,0.13195,0.03923,0.00354,3.84905,4.12104
804544,Carson Pierce,TOR,25,floor,,,reliever,MiLB (MLE),1.0,0.0,0.0,4.2,0.9,0.6,0.2,0.0,0.1,0.4,0.0,0.9,0.4,0.5,0.0,0.0,3.61,1.3,8.1,3.6,0.9,4.159,0.2194,0.08475,0.01146,0.02859,0.13196,0.03923,0.00354,3.61113,4.06201
690207,Rafi Vazquez,NYM,25,floor,,,reliever,MiLB (MLE),1.0,0.0,0.0,4.2,0.9,0.6,0.2,0.0,0.1,0.4,0.0,0.9,0.4,0.5,0.0,0.0,3.61,1.3,8.1,3.6,0.9,4.159,0.2194,0.08475,0.01146,0.02859,0.13196,0.03923,0.00354,3.61113,4.06201
691196,Josh Hejka,MIA,25,floor,,,reliever,MiLB (MLE),1.0,0.0,0.0,4.2,0.9,0.6,0.2,0.0,0.1,0.4,0.0,0.9,0.4,0.5,0.0,0.0,3.98,1.3,8.1,3.6,0.9,4.202,0.2194,0.08475,0.01146,0.03569,0.13204,0.03925,0.00354,3.98023,4.47719
701404,Fisher Jameson,COL,25,floor,,,starter,MiLB (MLE),1.0,0.0,0.0,4.2,0.9,0.6,0.2,0.0,0.1,0.4,0.0,0.9,0.5,0.5,0.0,0.0,4.13,1.3,8.1,3.6,0.9,4.196,0.21941,0.08475,0.01146,0.03466,0.13204,0.03925,0.00354,4.12507,4.41656
702260,Eli Jerzembeck,CHC,25,floor,,,reliever,MiLB (MLE),1.0,0.0,0.0,4.2,0.9,0.6,0.2,0.0,0.1,0.4,0.0,0.9,0.4,0.5,0.0,0.0,3.76,1.3,8.1,3.6,0.9,4.174,0.21933,0.08472,0.01147,0.03161,0.13168,0.03915,0.00353,3.75716,4.22628
807968,David Matoma,PIT,25,floor,,,reliever,MiLB (MLE),1.0,0.0,0.0,4.2,0.9,0.6,0.2,0.0,0.1,0.4,0.0,0.9,0.4,0.5,0.0,0.0,3.65,1.3,8.1,3.6,0.9,4.162,0.21933,0.08472,0.01147,0.02951,0.13169,0.03915,0.00353,3.64985,4.10557
702448,C.J. Widger,SD,25,floor,,,reliever,MiLB (MLE),1.0,0.0,0.0,4.2,0.9,0.6,0.2,0.0,0.1,0.4,0.0,0.9,0.4,0.5,0.0,0.0,3.65,1.3,8.1,3.6,0.9,4.162,0.21933,0.08472,0.01147,0.02956,0.13169,0.03915,0.00353,3.65213,4.10813
809949,Connor Wilford,SEA,25,floor,,,starter,MiLB (MLE),1.0,0.0,0.0,4.2,0.9,0.6,0.2,0.0,0.1,0.4,0.0,0.9,0.5,0.5,0.0,0.0,4.13,1.3,8.1,3.6,0.9,4.195,0.21933,0.08472,0.01147,0.03488,0.13176,0.03917,0.00353,4.1277,4.41938
823877,Joseph Herrera,SD,25,floor,,,reliever,MiLB (MLE),1.0,0.0,0.0,4.2,0.9,0.6,0.2,0.0,0.1,0.4,0.0,0.9,0.4,0.5,0.0,0.0,3.72,1.3,8.1,3.6,0.9,4.17,0.21933,0.08472,0.01147,0.03085,0.13169,0.03915,0.00353,3.71827,4.18254
685121,Beau Philip,TOR,25,floor,,,reliever,MiLB (MLE),1.0,0.0,0.0,4.2,0.9,0.6,0.2,0.0,0.1,0.4,0.0,0.9,0.4,0.4,0.0,0.0,3.55,1.3,8.1,3.6,0.9,4.15,0.21934,0.08472,0.01147,0.02751,0.13169,0.03915,0.00353,3.54771,3.99067
806625,Victor Garcia,LAA,25,floor,,,reliever,MiLB (MLE),1.0,0.0,0.0,4.2,0.9,0.6,0.2,0.0,0.1,0.4,0.0,0.9,0.4,0.5,0.0,0.0,3.83,1.3,8.1,3.6,0.9,4.183,0.21936,0.08473,0.01146,0.0329,0.13184,0.03919,0.00353,3.82864,4.30668
695648,Micah Ottenbreit,PHI,25,floor,,,reliever,MiLB (MLE),1.0,0.0,0.0,4.2,0.9,0.6,0.2,0.0,0.1,0.4,0.0,0.9,0.4,0.4,0.0,0.0,3.59,1.3,8.1,3.6,0.9,4.155,0.2193,0.08471,0.01147,0.0285,0.13156,0.03911,0.00353,3.59423,4.043
835610,Jason Gilman,BOS,25,floor,,,starter,MiLB (MLE),1.0,0.0,0.0,4.2,0.9,0.6,0.2,0.0,0.1,0.4,0.0,0.9,0.4,0.5,0.0,0.0,3.84,1.3,8.1,3.6,0.9,4.163,0.21936,0.08473,0.01147,0.02959,0.13182,0.03919,0.00353,3.84302,4.11458
695551,Brady Tygart,BOS,25,floor,,,starter,MiLB (MLE),1.0,0.0,0.0,4.2,0.9,0.6,0.2,0.0,0.1,0.4,0.0,0.9,0.4,0.5,0.0,0.0,3.84,1.3,8.1,3.6,0.9,4.163,0.21936,0.08473,0.01147,0.02959,0.13182,0.03919,0.00353,3.84302,4.11458
808191,Reece Fields,TOR,25,floor,,,reliever,MiLB (MLE),1.0,0.0,0.0,4.2,0.9,0.6,0.2,0.0,0.1,0.4,0.0,0.9,0.4,0.5,0.0,0.0,3.66,1.3,8.1,3.6,0.9,4.163,0.21936,0.08473,0.01147,0.02959,0.13182,0.03919,0.00353,3.65786,4.11458
836164,Brandon Cassedy,HOU,25,floor,,,reliever,MiLB (MLE),1.0,0.0,0.0,4.2,0.9,0.6,0.2,0.0,0.1,0.4,0.0,0.9,0.4,0.5,0.0,0.0,3.69,1.3,8.1,3.6,0.9,4.167,0.21937,0.08474,0.01146,0.03022,0.13185,0.0392,0.00353,3.69098,4.15183
668822,Blake Brown,WSH,25,floor,,,reliever,MiLB (MLE),1.0,0.0,0.0,4.2,0.9,0.6,0.2,0.0,0.1,0.4,0.0,0.9,0.4,0.5,0.0,0.0,3.64,1.3,8.1,3.6,0.9,4.161,0.21937,0.08474,0.01146,0.02917,0.13186,0.0392,0.00353,3.63753,4.09172
805728,Kevin Stevens,NYY,25,floor,,,reliever,MiLB (MLE),1.0,0.0,0.0,4.2,0.9,0.6,0.2,0.0,0.1,0.4,0.0,0.9,0.4,0.5,0.0,0.0,3.72,1.3,8.1,3.6,0.9,4.171,0.21937,0.08474,0.01146,0.0308,0.13185,0.0392,0.00353,3.72082,4.1854
657041,Lane Thomas,WSH,31,floor,,,reliever,MLB,1.0,0.0,0.0,4.2,0.9,0.6,0.2,0.0,0.1,0.4,0.0,0.9,0.4,0.5,0.0,0.0,3.97,1.3,8.1,3.6,0.9,4.234,0.21937,0.08337,0.01049,0.03062,0.14162,0.0425,0.00336,3.97202,4.46796
813878,Aric McAtee,CWS,25,floor,,,reliever,MiLB (MLE),1.0,0.0,0.0,4.2,0.9,0.6,0.2,0.0,0.1,0.4,0.0,0.9,0.4,0.5,0.0,0.0,3.64,1.3,8.1,3.6,0.9,4.161,0.21937,0.08474,0.01146,0.02917,0.13186,0.0392,0.00353,3.63753,4.09172
808308,Enniel Cortez,MIL,25,floor,,,reliever,MiLB (MLE),1.0,0.0,0.0,4.2,0.9,0.6,0.2,0.0,0.1,0.4,0.0,0.9,0.4,0.5,0.0,0.0,3.75,1.3,8.1,3.6,0.9,4.172,0.21929,0.0847,0.01147,0.03148,0.13153,0.0391,0.00352,3.74551,4.21317
806724,Adam Bates,BOS,25,floor,,,reliever,MiLB (MLE),1.0,0.0,0.0,4.2,0.9,0.6,0.2,0.0,0.1,0.4,0.0,0.9,0.4,0.5,0.0,0.0,3.8,1.3,8.1,3.6,0.9,4.179,0.21929,0.0847,0.01147,0.0326,0.13155,0.03911,0.00353,3.8039,4.27885
828514,Ryan Minckler,WSH,25,floor,,,reliever,MiLB (MLE),1.0,0.0,0.0,4.2,0.9,0.6,0.2,0.0,0.1,0.4,0.0,0.9,0.4,0.5,0.0,0.0,3.64,1.3,8.1,3.6,0.9,4.16,0.21929,0.08471,0.01147,0.02948,0.13153,0.0391,0.00352,3.64301,4.09787
807480,Jacob Roberts,WSH,25,floor,,,reliever,MiLB (MLE),1.0,0.0,0.0,4.2,0.9,0.6,0.2,0.0,0.1,0.4,0.0,0.9,0.4,0.4,0.0,0.0,3.59,1.3,8.1,3.6,0.9,4.155,0.2193,0.08471,0.01147,0.0285,0.13156,0.03911,0.00353,3.59423,4.043
805261,Cade Obermueller,PHI,25,floor,,,reliever,MiLB (MLE),1.0,0.0,0.0,4.2,0.9,0.6,0.2,0.0,0.1,0.4,0.0,0.9,0.4,0.5,0.0,0.0,3.7,1.3,8.1,3.6,0.9,4.167,0.2193,0.08471,0.01147,0.03055,0.13155,0.03911,0.00353,3.69876,4.16059
661383,Oliver Ortega,MIN,30,floor,,,reliever,MLB,1.0,0.0,0.0,4.3,0.9,0.6,0.2,0.0,0.1,0.4,0.0,0.9,0.5,0.5,0.0,0.0,4.09,1.3,8.1,3.6,0.9,4.3,0.21936,0.09896,0.01013,0.02998,0.13866,0.04161,0.00329,4.08928,4.59987
811668,Will Gagnon,LAD,25,floor,,,starter,MiLB (MLE),1.0,0.0,0.0,4.2,0.9,0.6,0.2,0.0,0.1,0.4,0.0,0.9,0.4,0.5,0.0,0.0,3.92,1.3,8.1,3.6,0.9,4.179,0.21973,0.08487,0.01144,0.02996,0.13345,0.03967,0.00358,3.91674,4.19351
802084,Xiomer Guacache,DET,25,floor,,,reliever,MiLB (MLE),1.0,0.0,0.0,4.2,0.9,0.6,0.2,0.0,0.1,0.4,0.0,0.9,0.4,0.5,0.0,0.0,3.73,1.3,8.1,3.6,0.9,4.179,0.21973,0.08487,0.01143,0.02992,0.13347,0.03968,0.00358,3.72689,4.19223
802373,Jonah Hurney,CIN,25,floor,,,reliever,MiLB (MLE),1.0,0.0,0.0,4.2,0.9,0.6,0.2,0.0,0.1,0.4,0.0,0.9,0.4,0.5,0.0,0.0,3.73,1.3,8.1,3.6,0.9,4.179,0.21973,0.08487,0.01144,0.02996,0.13345,0.03967,0.00358,3.72803,4.19351
802450,Grayson Saunier,HOU,25,floor,,,reliever,MiLB (MLE),1.0,0.0,0.0,4.2,0.9,0.6,0.2,0.0,0.1,0.4,0.0,0.9,0.4,0.5,0.0,0.0,3.73,1.3,8.1,3.6,0.9,4.179,0.21973,0.08487,0.01144,0.02996,0.13345,0.03967,0.00358,3.72803,4.19351
692646,Pedro Rodriguez,NYY,25,floor,,,reliever,MiLB (MLE),1.0,0.0,0.0,4.2,0.9,0.6,0.2,0.0,0.1,0.4,0.0,0.9,0.4,0.5,0.0,0.0,3.76,1.3,8.1,3.6,0.9,4.183,0.21973,0.08487,0.01143,0.0306,0.13347,0.03968,0.00358,3.76192,4.23163
805329,Sam Mettert,CHC,25,floor,,,reliever,MiLB (MLE),1.0,0.0,0.0,4.2,0.9,0.6,0.2,0.0,0.1,0.4,0.0,0.9,0.4,0.5,0.0,0.0,3.69,1.3,8.1,3.6,0.9,4.175,0.21974,0.08487,0.01144,0.02924,0.13348,0.03968,0.00358,3.69193,4.1529
829258,Jose Gabriel Torres,SEA,25,floor,,,reliever,MiLB (MLE),1.0,0.0,0.0,4.2,0.9,0.6,0.2,0.0,0.1,0.4,0.0,0.9,0.4,0.5,0.0,0.0,3.66,1.3,8.1,3.6,0.9,4.171,0.21974,0.08487,0.01144,0.02856,0.13348,0.03968,0.00358,3.65704,4.11365
813335,Dylan Jordan,LAA,25,floor,,,reliever,MiLB (MLE),1.0,0.0,0.0,4.2,0.9,0.6,0.2,0.0,0.1,0.4,0.0,0.9,0.4,0.5,0.0,0.0,3.95,1.3,8.1,3.6,0.9,4.206,0.21974,0.08487,0.01143,0.03417,0.13358,0.03971,0.00358,3.95027,4.4435
664687,Durbin Feltman,STL,25,floor,,,reliever,MiLB (MLE),1.0,0.0,0.0,4.2,0.9,0.6,0.2,0.0,0.1,0.4,0.0,0.9,0.4,0.5,0.0,0.0,3.87,1.3,8.1,3.6,0.9,4.196,0.21974,0.08487,0.01143,0.03268,0.13354,0.0397,0.00358,3.87182,4.35526
802981,Mason Olson,TOR,25,floor,,,reliever,MiLB (MLE),1.0,0.0,0.0,4.2,0.9,0.6,0.2,0.0,0.1,0.4,0.0,0.9,0.4,0.5,0.0,0.0,3.75,1.3,8.1,3.6,0.9,4.182,0.21975,0.08488,0.01143,0.03029,0.13355,0.0397,0.00358,3.74819,4.21618
832318,Leandro Rodriguez,SF,25,floor,,,starter,MiLB (MLE),1.0,0.0,0.0,4.2,0.9,0.6,0.2,0.0,0.1,0.4,0.0,0.9,0.4,0.5,0.0,0.0,3.88,1.3,8.1,3.6,0.9,4.176,0.21975,0.08488,0.01143,0.02926,0.13356,0.0397,0.00358,3.88253,4.15689
830742,Braylon Myers,CHC,25,floor,,,reliever,MiLB (MLE),1.0,0.0,0.0,4.2,0.9,0.6,0.2,0.0,0.1,0.4,0.0,0.9,0.4,0.5,0.0,0.0,3.9,1.3,8.1,3.6,0.9,4.199,0.21975,0.08488,0.01143,0.03313,0.13358,0.03971,0.00358,3.89596,4.38241
805982,Daniel Nunez,ARI,25,floor,,,reliever,MiLB (MLE),1.0,0.0,0.0,4.2,0.9,0.6,0.2,0.0,0.1,0.4,0.0,0.9,0.4,0.5,0.0,0.0,3.93,1.3,8.1,3.6,0.9,4.198,0.21951,0.08479,0.01145,0.03441,0.13248,0.03938,0.00355,3.92778,4.4182
822410,Bobby Olsen,STL,25,floor,,,reliever,MiLB (MLE),1.0,0.0,0.0,4.2,0.9,0.6,0.2,0.0,0.1,0.4,0.0,0.9,0.4,0.5,0.0,0.0,3.61,1.3,8.1,3.6,0.9,4.164,0.21968,0.08485,0.01144,0.02782,0.13318,0.03959,0.00357,3.60958,4.06027
828666,Kenny Leiner,BAL,25,floor,,,reliever,MiLB (MLE),1.0,0.0,0.0,4.2,0.9,0.6,0.2,0.0,0.1,0.4,0.0,0.9,0.4,0.5,0.0,0.0,3.75,1.3,8.1,3.6,0.9,4.181,0.21968,0.08485,0.01144,0.03055,0.13323,0.03961,0.00357,3.75111,4.21947
694408,Riley Eikhoff,CWS,25,floor,,,starter,MiLB (MLE),1.0,0.0,0.0,4.2,0.9,0.6,0.2,0.0,0.1,0.4,0.0,0.9,0.4,0.5,0.0,0.0,4.02,1.3,8.1,3.6,0.9,4.19,0.21969,0.08486,0.01144,0.03201,0.1333,0.03963,0.00357,4.02333,4.30764
804728,Jake Bockenstedt,CWS,25,floor,,,reliever,MiLB (MLE),1.0,0.0,0.0,4.2,0.9,0.6,0.2,0.0,0.1,0.4,0.0,0.9,0.4,0.5,0.0,0.0,3.7,1.3,8.1,3.6,0.9,4.175,0.21969,0.08486,0.01144,0.02949,0.13328,0.03962,0.00357,3.69841,4.16019
810920,Jake Murray,MIN,25,floor,,,reliever,MiLB (MLE),1.0,0.0,0.0,4.2,0.9,0.6,0.2,0.0,0.1,0.4,0.0,0.9,0.4,0.5,0.0,0.0,3.65,1.3,8.1,3.6,0.9,4.169,0.21969,0.08485,0.01144,0.02851,0.13323,0.03961,0.00357,3.64658,4.10189
814346,Dylan Watts,TOR,25,floor,,,starter,MiLB (MLE),1.0,0.0,0.0,4.2,0.9,0.6,0.2,0.0,0.1,0.4,0.0,0.9,0.4,0.5,0.0,0.0,4.02,1.3,8.1,3.6,0.9,4.19,0.21969,0.08486,0.01144,0.03201,0.1333,0.03963,0.00357,4.02333,4.30764
806768,Giacomo Taschin,TOR,25,floor,,,reliever,MiLB (MLE),1.0,0.0,0.0,4.2,0.9,0.6,0.2,0.0,0.1,0.4,0.0,0.9,0.4,0.5,0.0,0.0,3.93,1.3,8.1,3.6,0.9,4.203,0.2197,0.08486,0.01144,0.03399,0.13338,0.03965,0.00357,3.93427,4.4255
806776,Brandon Herbold,KC,25,floor,,,reliever,MiLB (MLE),1.0,0.0,0.0,4.2,0.9,0.6,0.2,0.0,0.1,0.4,0.0,0.9,0.4,0.5,0.0,0.0,3.68,1.3,8.1,3.6,0.9,4.173,0.2197,0.08486,0.01144,0.02921,0.13331,0.03963,0.00357,3.68487,4.14496
834897,Dylan Driessen,STL,25,floor,,,reliever,MiLB (MLE),1.0,0.0,0.0,4.2,0.9,0.6,0.2,0.0,0.1,0.4,0.0,0.9,0.4,0.5,0.0,0.0,3.78,1.3,8.1,3.6,0.9,4.184,0.2197,0.08486,0.01144,0.03097,0.13331,0.03963,0.00357,3.77571,4.24714
673111,José Lopez,TB,28,floor,,,reliever,MLB,1.0,0.0,0.0,4.2,0.9,0.6,0.2,0.0,0.1,0.4,0.0,0.9,0.4,0.5,0.0,0.0,3.98,1.3,8.1,3.6,0.9,4.241,0.2197,0.08566,0.01002,0.03053,0.14121,0.04238,0.00335,3.98271,4.47999
808515,Cristobal Abreu,ATL,25,floor,,,reliever,MiLB (MLE),1.0,0.0,0.0,4.2,0.9,0.6,0.2,0.0,0.1,0.4,0.0,0.9,0.4,0.5,0.0,0.0,3.68,1.3,8.1,3.6,0.9,4.173,0.2197,0.08486,0.01144,0.02921,0.13331,0.03963,0.00357,3.68487,4.14496
802089,Franklyn Moreta,MIA,25,floor,,,reliever,MiLB (MLE),1.0,0.0,0.0,4.2,0.9,0.6,0.2,0.0,0.1,0.4,0.0,0.9,0.4,0.5,0.0,0.0,3.75,1.3,8.1,3.6,0.9,4.182,0.2197,0.08486,0.01144,0.03057,0.13331,0.03963,0.00357,3.75471,4.22352
682855,Luis Vargas,ATL,25,floor,,,reliever,MiLB (MLE),1.0,0.0,0.0,4.2,0.9,0.6,0.2,0.0,0.1,0.4,0.0,0.9,0.4,0.5,0.0,0.0,3.75,1.3,8.1,3.6,0.9,4.182,0.21975,0.08488,0.01143,0.03029,0.13355,0.0397,0.00358,3.74819,4.21618
690162,Kenny Serwa,DET,25,floor,,,starter,MiLB (MLE),1.0,0.0,0.0,4.2,0.9,0.6,0.2,0.0,0.1,0.4,0.0,0.9,0.4,0.5,0.0,0.0,3.96,1.3,8.1,3.6,0.9,4.186,0.21982,0.0849,0.01143,0.03038,0.13393,0.03982,0.00359,3.95534,4.23484
820976,Gabriel Chinchilla,STL,25,floor,,,reliever,MiLB (MLE),1.0,0.0,0.0,4.2,0.9,0.6,0.2,0.0,0.1,0.4,0.0,0.9,0.4,0.5,0.0,0.0,3.89,1.3,8.1,3.6,0.9,4.2,0.21982,0.0849,0.01143,0.03277,0.13397,0.03983,0.00359,3.88996,4.37566
814227,Jordan Valenzuela,SD,25,floor,,,reliever,MiLB (MLE),1.0,0.0,0.0,4.2,0.9,0.6,0.2,0.0,0.1,0.4,0.0,0.9,0.4,0.5,0.0,0.0,3.71,1.3,8.1,3.6,0.9,4.179,0.21982,0.0849,0.01143,0.02934,0.13389,0.0398,0.00359,3.7097,4.17289
805724,Jared Beck,WSH,25,floor,,,reliever,MiLB (MLE),1.0,0.0,0.0,4.2,0.9,0.6,0.2,0.0,0.1,0.4,0.0,0.9,0.4,0.5,0.0,0.0,3.71,1.3,8.1,3.6,0.9,4.179,0.21982,0.0849,0.01143,0.02934,0.13389,0.0398,0.00359,3.7097,4.17289
802355,Tanner Schobel,MIN,25,floor,,,reliever,MiLB (MLE),1.0,0.0,0.0,4.2,0.9,0.6,0.2,0.0,0.1,0.4,0.0,0.9,0.4,0.5,0.0,0.0,3.76,1.3,8.1,3.6,0.9,4.186,0.21982,0.0849,0.01143,0.03038,0.13393,0.03982,0.00359,3.76477,4.23484
805958,Jackson Kelley,CWS,25,floor,,,reliever,MiLB (MLE),1.0,0.0,0.0,4.2,0.9,0.6,0.2,0.0,0.1,0.4,0.0,0.9,0.4,0.5,0.0,0.0,3.64,1.3,8.1,3.6,0.9,4.171,0.21983,0.08491,0.01143,0.02798,0.13394,0.03982,0.00359,3.64133,4.09598
805128,Edinzo Marquez,NYY,25,floor,,,starter,MiLB (MLE),1.0,0.0,0.0,4.2,0.9,0.6,0.2,0.0,0.1,0.4,0.0,0.9,0.4,0.5,0.0,0.0,3.94,1.3,8.1,3.6,0.9,4.184,0.21983,0.08491,0.01143,0.03004,0.13397,0.03983,0.00359,3.93822,4.2165
686628,Blake Burkhalter,ATL,26,floor,,,reliever,MLB,1.0,0.0,0.0,4.2,0.9,0.6,0.2,0.0,0.1,0.4,0.0,0.9,0.4,0.5,0.0,0.0,4.0,1.3,8.1,3.6,0.9,4.236,0.21983,0.08836,0.01061,0.03253,0.1362,0.04159,0.00311,4.00041,4.4999
806672,Alix Hernandez,SF,25,floor,,,reliever,MiLB (MLE),1.0,0.0,0.0,4.2,0.9,0.6,0.2,0.0,0.1,0.4,0.0,0.9,0.4,0.5,0.0,0.0,3.81,1.3,8.1,3.6,0.9,4.191,0.21983,0.08491,0.01142,0.03114,0.134,0.03984,0.00359,3.80616,4.2814
803248,Yoendris Gonzalez,CHC,25,floor,,,reliever,MiLB (MLE),1.0,0.0,0.0,4.2,0.9,0.6,0.2,0.0,0.1,0.4,0.0,0.9,0.4,0.5,0.0,0.0,3.68,1.3,8.1,3.6,0.9,4.174,0.21976,0.08488,0.01143,0.02895,0.13359,0.03971,0.00358,3.68034,4.13986
808891,Luimy Munoz,TEX,25,floor,,,reliever,MiLB (MLE),1.0,0.0,0.0,4.2,0.9,0.6,0.2,0.0,0.1,0.4,0.0,0.9,0.4,0.5,0.0,0.0,3.68,1.3,8.1,3.6,0.9,4.174,0.21976,0.08488,0.01143,0.02895,0.13359,0.03971,0.00358,3.68034,4.13986
806466,Braulio Salas,MIA,25,floor,,,reliever,MiLB (MLE),1.0,0.0,0.0,4.2,0.9,0.6,0.2,0.0,0.1,0.4,0.0,0.9,0.4,0.5,0.0,0.0,3.68,1.3,8.1,3.6,0.9,4.174,0.21976,0.08488,0.01143,0.02895,0.13359,0.03971,0.00358,3.68034,4.13986
804255,Seamus Barrett,LAD,25,floor,,,reliever,MiLB (MLE),1.0,0.0,0.0,4.2,0.9,0.6,0.2,0.0,0.1,0.4,0.0,0.9,0.4,0.5,0.0,0.0,3.89,1.3,8.1,3.6,0.9,4.198,0.21972,0.08487,0.01143,0.03309,0.13344,0.03967,0.00358,3.88969,4.37535
683314,Matt Duffy,BOS,25,floor,,,reliever,MiLB (MLE),1.0,0.0,0.0,4.2,0.9,0.6,0.2,0.0,0.1,0.4,0.0,0.9,0.4,0.5,0.0,0.0,3.98,1.3,8.1,3.6,0.9,4.209,0.21977,0.08488,0.01143,0.03458,0.13371,0.03975,0.00358,3.97611,4.47257
800061,Caleb Franzen,SEA,25,floor,,,reliever,MiLB (MLE),1.0,0.0,0.0,4.2,0.9,0.6,0.2,0.0,0.1,0.4,0.0,0.9,0.4,0.5,0.0,0.0,3.79,1.3,8.1,3.6,0.9,4.188,0.21978,0.08489,0.01143,0.03107,0.13372,0.03975,0.00358,3.79392,4.26763
680864,Bryce Collins,HOU,25,floor,,,reliever,MiLB (MLE),1.0,0.0,0.0,4.2,0.9,0.6,0.2,0.0,0.1,0.4,0.0,0.9,0.4,0.5,0.0,0.0,3.85,1.3,8.1,3.6,0.9,4.194,0.21978,0.08489,0.01143,0.03212,0.13372,0.03975,0.00358,3.84801,4.32847
668470,Hagen Danner,TOR,28,floor,,,reliever,MLB,1.0,0.0,0.0,4.2,0.9,0.6,0.2,0.0,0.1,0.4,0.0,0.9,0.4,0.5,0.0,0.0,3.98,1.3,8.1,3.6,0.9,4.241,0.21978,0.08481,0.01113,0.03049,0.14104,0.04233,0.00335,3.98102,4.47809
694496,John Stankiewicz,DET,25,floor,,,reliever,MiLB (MLE),1.0,0.0,0.0,4.2,0.9,0.6,0.2,0.0,0.1,0.4,0.0,0.9,0.4,0.5,0.0,0.0,3.8,1.3,8.1,3.6,0.9,4.189,0.21979,0.08489,0.01143,0.03126,0.13376,0.03976,0.00358,3.80465,4.2797
843821,Maddox Long,DET,25,floor,,,starter,MiLB (MLE),1.0,0.0,0.0,4.2,0.9,0.6,0.2,0.0,0.1,0.4,0.0,0.9,0.4,0.5,0.0,0.0,3.87,1.3,8.1,3.6,0.9,4.176,0.21979,0.08489,0.01143,0.02898,0.13373,0.03975,0.00358,3.87281,4.14648
682944,Tyrone Yulie,PIT,25,floor,,,reliever,MiLB (MLE),1.0,0.0,0.0,4.2,0.9,0.6,0.2,0.0,0.1,0.4,0.0,0.9,0.4,0.5,0.0,0.0,3.8,1.3,8.1,3.6,0.9,4.189,0.21979,0.08489,0.01143,0.03126,0.13376,0.03976,0.00358,3.80465,4.2797
684169,Joel Ibarra,LAD,25,floor,,,reliever,MiLB (MLE),1.0,0.0,0.0,4.2,0.9,0.6,0.2,0.0,0.1,0.4,0.0,0.9,0.4,0.5,0.0,0.0,3.72,1.3,8.1,3.6,0.9,4.18,0.21979,0.08489,0.01143,0.0296,0.13376,0.03976,0.00358,3.71916,4.18353
687006,Will Armbruester,SEA,25,floor,,,reliever,MiLB (MLE),1.0,0.0,0.0,4.2,0.9,0.6,0.2,0.0,0.1,0.4,0.0,0.9,0.4,0.5,0.0,0.0,3.8,1.3,8.1,3.6,0.9,4.189,0.21979,0.08489,0.01143,0.03126,0.13376,0.03976,0.00358,3.80465,4.2797
703633,Alex Walsh,LAD,25,floor,,,reliever,MiLB (MLE),1.0,0.0,0.0,4.2,0.9,0.6,0.2,0.0,0.1,0.4,0.0,0.9,0.4,0.5,0.0,0.0,3.72,1.3,8.1,3.6,0.9,4.18,0.21979,0.08489,0.01143,0.0296,0.13376,0.03976,0.00358,3.71916,4.18353
815043,Simon Miller,CIN,25,floor,,,reliever,MiLB (MLE),1.0,0.0,0.0,4.2,0.9,0.6,0.2,0.0,0.1,0.4,0.0,0.9,0.4,0.5,0.0,0.0,3.8,1.3,8.1,3.6,0.9,4.189,0.21979,0.08489,0.01143,0.03126,0.13376,0.03976,0.00358,3.80465,4.2797
702266,Dylan Lesko,TB,25,floor,,,reliever,MiLB (MLE),1.0,0.0,0.0,4.2,0.9,0.6,0.2,0.0,0.1,0.4,0.0,0.9,0.4,0.5,0.0,0.0,3.72,1.3,8.1,3.6,0.9,4.178,0.21972,0.08487,0.01144,0.0299,0.13339,0.03966,0.00357,3.72332,4.18821
813958,Edgar Colon,CIN,25,floor,,,starter,MiLB (MLE),1.0,0.0,0.0,4.2,0.9,0.6,0.2,0.0,0.1,0.4,0.0,0.9,0.5,0.5,0.0,0.0,4.09,1.3,8.1,3.6,0.9,4.198,0.21972,0.08487,0.01143,0.03309,0.13344,0.03967,0.00358,4.08658,4.37535
821634,Luis Maracara,SD,25,floor,,,reliever,MiLB (MLE),1.0,0.0,0.0,4.2,0.9,0.6,0.2,0.0,0.1,0.4,0.0,0.9,0.4,0.5,0.0,0.0,3.77,1.3,8.1,3.6,0.9,4.185,0.21976,0.08488,0.01143,0.03064,0.13364,0.03973,0.00358,3.76917,4.23978
807791,Erick Reynoso,ARI,25,floor,,,reliever,MiLB (MLE),1.0,0.0,0.0,4.2,0.9,0.6,0.2,0.0,0.1,0.4,0.0,0.9,0.4,0.5,0.0,0.0,3.67,1.3,8.1,3.6,0.9,4.17,0.21963,0.08483,0.01144,0.02913,0.13298,0.03953,0.00356,3.67084,4.12917
680102,Cameron Pferrer,SF,25,floor,,,reliever,MiLB (MLE),1.0,0.0,0.0,4.2,0.9,0.6,0.2,0.0,0.1,0.4,0.0,0.9,0.4,0.5,0.0,0.0,3.77,1.3,8.1,3.6,0.9,4.182,0.21964,0.08484,0.01144,0.03108,0.13303,0.03955,0.00356,3.77277,4.24384
686700,Madison Jeffrey,CWS,25,floor,,,reliever,MiLB (MLE),1.0,0.0,0.0,4.2,0.9,0.6,0.2,0.0,0.1,0.4,0.0,0.9,0.4,0.5,0.0,0.0,3.76,1.3,8.1,3.6,0.9,4.181,0.21964,0.08484,0.01144,0.03091,0.13303,0.03955,0.00356,3.76366,4.23359
821052,Madinson Frias,BOS,25,floor,,,starter,MiLB (MLE),1.0,0.0,0.0,4.2,0.9,0.6,0.2,0.0,0.1,0.4,0.0,0.9,0.4,0.5,0.0,0.0,4.01,1.3,8.1,3.6,0.9,4.187,0.21964,0.08484,0.01144,0.03186,0.13306,0.03956,0.00357,4.00684,4.28998
803094,Win Scott,DET,25,floor,,,reliever,MiLB (MLE),1.0,0.0,0.0,4.2,0.9,0.6,0.2,0.0,0.1,0.4,0.0,0.9,0.4,0.5,0.0,0.0,3.71,1.3,8.1,3.6,0.9,4.175,0.21964,0.08484,0.01144,0.02987,0.13303,0.03955,0.00356,3.71024,4.1735
699223,Patricio Aquino,MIL,25,floor,,,reliever,MiLB (MLE),1.0,0.0,0.0,4.2,0.9,0.6,0.2,0.0,0.1,0.4,0.0,0.9,0.4,0.5,0.0,0.0,3.6,1.3,8.1,3.6,0.9,4.163,0.21965,0.08484,0.01144,0.02779,0.13304,0.03955,0.00357,3.60386,4.05384
831273,Ethan Young,STL,25,floor,,,reliever,MiLB (MLE),1.0,0.0,0.0,4.2,0.9,0.6,0.2,0.0,0.1,0.4,0.0,0.9,0.4,0.5,0.0,0.0,3.71,1.3,8.1,3.6,0.9,4.175,0.21965,0.08484,0.01144,0.02983,0.13306,0.03956,0.00357,3.7091,4.17222
701059,Nate Nabholz,SF,25,floor,,,reliever,MiLB (MLE),1.0,0.0,0.0,4.2,0.9,0.6,0.2,0.0,0.1,0.4,0.0,0.9,0.4,0.5,0.0,0.0,3.66,1.3,8.1,3.6,0.9,4.169,0.21965,0.08484,0.01144,0.02883,0.13304,0.03955,0.00356,3.65697,4.11358
822490,Ethan Lanthier,NYM,25,floor,,,reliever,MiLB (MLE),1.0,0.0,0.0,4.2,0.9,0.6,0.2,0.0,0.1,0.4,0.0,0.9,0.4,0.5,0.0,0.0,3.76,1.3,8.1,3.6,0.9,4.179,0.21956,0.08481,0.01145,0.03109,0.13265,0.03943,0.00355,3.76082,4.23039
686533,Jackson Finley,OAK,25,floor,,,reliever,MiLB (MLE),1.0,0.0,0.0,4.2,0.9,0.6,0.2,0.0,0.1,0.4,0.0,0.9,0.4,0.5,0.0,0.0,3.96,1.3,8.1,3.6,0.9,4.203,0.21957,0.08481,0.01145,0.03487,0.13279,0.03948,0.00356,3.961,4.45557
805783,Mason Nichols,TB,25,floor,,,reliever,MiLB (MLE),1.0,0.0,0.0,4.2,0.9,0.6,0.2,0.0,0.1,0.4,0.0,0.9,0.4,0.5,0.0,0.0,3.91,1.3,8.1,3.6,0.9,4.197,0.21957,0.08481,0.01145,0.03395,0.13275,0.03947,0.00356,3.9123,4.40079
688629,Noah Dean,WSH,25,floor,,,reliever,MiLB (MLE),1.0,0.0,0.0,4.2,0.9,0.6,0.2,0.0,0.1,0.4,0.0,0.9,0.4,0.5,0.0,0.0,3.85,1.3,8.1,3.6,0.9,4.19,0.21958,0.08482,0.01145,0.03267,0.13279,0.03948,0.00356,3.84704,4.32737
805243,Zack Qin,SD,25,floor,,,reliever,MiLB (MLE),1.0,0.0,0.0,4.2,0.9,0.6,0.2,0.0,0.1,0.4,0.0,0.9,0.4,0.5,0.0,0.0,3.79,1.3,8.1,3.6,0.9,4.186,0.2197,0.08486,0.01144,0.03124,0.13331,0.03963,0.00357,3.78972,4.2629
691669,Gabriel Sosa,SEA,25,floor,,,reliever,MiLB (MLE),1.0,0.0,0.0,4.2,0.9,0.6,0.2,0.0,0.1,0.4,0.0,0.9,0.4,0.5,0.0,0.0,3.75,1.3,8.1,3.6,0.9,4.179,0.21958,0.08482,0.01145,0.03084,0.13276,0.03947,0.00356,3.75169,4.22013
809130,Simon Gregersen,ARI,25,floor,,,reliever,MiLB (MLE),1.0,0.0,0.0,4.2,0.9,0.6,0.2,0.0,0.1,0.4,0.0,0.9,0.4,0.5,0.0,0.0,3.77,1.3,8.1,3.6,0.9,4.181,0.21959,0.08482,0.01145,0.03112,0.13281,0.03948,0.00356,3.768,4.23847
802680,Tyler Bradt,STL,25,floor,,,reliever,MiLB (MLE),1.0,0.0,0.0,4.2,0.9,0.6,0.2,0.0,0.1,0.4,0.0,0.9,0.4,0.5,0.0,0.0,3.68,1.3,8.1,3.6,0.9,4.17,0.21959,0.08482,0.01145,0.02938,0.1328,0.03948,0.00356,3.67789,4.13711
695057,Garrett Wright,CWS,25,floor,,,reliever,MiLB (MLE),1.0,0.0,0.0,4.2,0.9,0.6,0.2,0.0,0.1,0.4,0.0,0.9,0.4,0.5,0.0,0.0,3.76,1.3,8.1,3.6,0.9,4.18,0.21959,0.08482,0.01145,0.03103,0.13279,0.03948,0.00356,3.76227,4.23202
801555,Izaak Martinez,CLE,25,floor,,,reliever,MiLB (MLE),1.0,0.0,0.0,4.2,0.9,0.6,0.2,0.0,0.1,0.4,0.0,0.9,0.4,0.5,0.0,0.0,3.72,1.3,8.1,3.6,0.9,4.175,0.21959,0.08482,0.01145,0.03012,0.1328,0.03948,0.00356,3.71545,4.17936
837088,Lan-Hong Su,SD,25,floor,,,reliever,MiLB (MLE),1.0,0.0,0.0,4.2,0.9,0.6,0.2,0.0,0.1,0.4,0.0,0.9,0.4,0.5,0.0,0.0,3.84,1.3,8.1,3.6,0.9,4.189,0.21959,0.08482,0.01145,0.03248,0.13281,0.03948,0.00356,3.83776,4.31694
803276,Ruddy Gomez,MIN,25,floor,,,reliever,MiLB (MLE),1.0,0.0,0.0,4.2,0.9,0.6,0.2,0.0,0.1,0.4,0.0,0.9,0.4,0.5,0.0,0.0,3.72,1.3,8.1,3.6,0.9,4.175,0.21959,0.08482,0.01145,0.03012,0.1328,0.03948,0.00356,3.71545,4.17936
692294,Luis Gutierrez,SD,25,floor,,,reliever,MiLB (MLE),1.0,0.0,0.0,4.2,0.9,0.6,0.2,0.0,0.1,0.4,0.0,0.9,0.4,0.5,0.0,0.0,3.72,1.3,8.1,3.6,0.9,4.175,0.21959,0.08482,0.01145,0.03012,0.1328,0.03948,0.00356,3.71545,4.17936
669445,Adam Laskey,COL,25,floor,,,reliever,MiLB (MLE),1.0,0.0,0.0,4.2,0.9,0.6,0.2,0.0,0.1,0.4,0.0,0.9,0.4,0.5,0.0,0.0,3.72,1.3,8.1,3.6,0.9,4.175,0.21959,0.08482,0.01145,0.03012,0.1328,0.03948,0.00356,3.71545,4.17936
680893,Hueston Morrill,NYY,25,floor,,,reliever,MiLB (MLE),1.0,0.0,0.0,4.2,0.9,0.6,0.2,0.0,0.1,0.4,0.0,0.9,0.4,0.4,0.0,0.0,3.59,1.3,8.1,3.6,0.9,4.161,0.2196,0.08482,0.01145,0.02774,0.1328,0.03948,0.00356,3.59391,4.04264
676026,Holden Powell,WSH,25,floor,,,reliever,MiLB (MLE),1.0,0.0,0.0,4.2,0.9,0.6,0.2,0.0,0.1,0.4,0.0,0.9,0.4,0.4,0.0,0.0,3.59,1.3,8.1,3.6,0.9,4.161,0.2196,0.08482,0.01145,0.02774,0.1328,0.03948,0.00356,3.59391,4.04264
805800,Zander Mueth,PIT,25,floor,,,reliever,MiLB (MLE),1.0,0.0,0.0,4.2,0.9,0.6,0.2,0.0,0.1,0.4,0.0,0.9,0.4,0.5,0.0,0.0,3.82,1.3,8.1,3.6,0.9,4.186,0.21951,0.08479,0.01145,0.03239,0.13249,0.03939,0.00355,3.82311,4.30046
700356,Greiber Mendez,PIT,25,floor,,,reliever,MiLB (MLE),1.0,0.0,0.0,4.2,0.9,0.6,0.2,0.0,0.1,0.4,0.0,0.9,0.4,0.5,0.0,0.0,3.85,1.3,8.1,3.6,0.9,4.188,0.21951,0.08479,0.01145,0.03284,0.13249,0.03939,0.00355,3.84631,4.32656
672550,Danis Correa,NYM,25,floor,,,reliever,MiLB (MLE),1.0,0.0,0.0,4.2,0.9,0.6,0.2,0.0,0.1,0.4,0.0,0.9,0.4,0.5,0.0,0.0,3.84,1.3,8.1,3.6,0.9,4.189,0.21958,0.08482,0.01145,0.03249,0.13279,0.03948,0.00356,3.83781,4.317
810890,James Tallon,PHI,25,floor,,,reliever,MiLB (MLE),1.0,0.0,0.0,4.2,0.9,0.6,0.2,0.0,0.1,0.4,0.0,0.9,0.4,0.5,0.0,0.0,3.65,1.3,8.1,3.6,0.9,4.169,0.2197,0.08486,0.01144,0.02853,0.13331,0.03963,0.00357,3.65006,4.1058
820889,Efrailin Ramos,TB,25,floor,,,reliever,MiLB (MLE),1.0,0.0,0.0,4.2,0.9,0.6,0.2,0.0,0.1,0.4,0.0,0.9,0.4,0.5,0.0,0.0,3.65,1.3,8.1,3.6,0.9,4.169,0.2197,0.08486,0.01144,0.02853,0.13331,0.03963,0.00357,3.65006,4.1058
813770,Caden Wooster,NYM,25,floor,,,reliever,MiLB (MLE),1.0,0.0,0.0,4.2,0.9,0.6,0.2,0.0,0.1,0.4,0.0,0.9,0.4,0.5,0.0,0.0,3.83,1.3,8.1,3.6,0.9,4.191,0.21971,0.08486,0.01144,0.03194,0.13339,0.03965,0.00357,3.82849,4.30651
809826,Merit Jones,MIN,25,floor,,,starter,MiLB (MLE),1.0,0.0,0.0,4.2,0.9,0.6,0.2,0.0,0.1,0.4,0.0,0.9,0.4,0.5,0.0,0.0,3.84,1.3,8.1,3.6,0.9,4.169,0.21965,0.08484,0.01144,0.02883,0.13304,0.03955,0.00356,3.84208,4.11358
800427,Jose Meneses,MIL,25,floor,,,reliever,MiLB (MLE),1.0,0.0,0.0,4.2,0.9,0.6,0.2,0.0,0.1,0.4,0.0,0.9,0.4,0.5,0.0,0.0,3.6,1.3,8.1,3.6,0.9,4.163,0.21965,0.08484,0.01144,0.02779,0.13304,0.03955,0.00357,3.60386,4.05384
823808,Jacob Mayers,BOS,25,floor,,,reliever,MiLB (MLE),1.0,0.0,0.0,4.2,0.9,0.6,0.2,0.0,0.1,0.4,0.0,0.9,0.4,0.5,0.0,0.0,3.66,1.3,8.1,3.6,0.9,4.169,0.21965,0.08484,0.01144,0.02883,0.13304,0.03955,0.00356,3.65697,4.11358
804613,Luis Victorino,TOR,25,floor,,,reliever,MiLB (MLE),1.0,0.0,0.0,4.2,0.9,0.6,0.2,0.0,0.1,0.4,0.0,0.9,0.4,0.5,0.0,0.0,3.74,1.3,8.1,3.6,0.9,4.179,0.21965,0.08484,0.01144,0.03051,0.13306,0.03956,0.00357,3.74393,4.2114
593934,Miguel Sanó,LAA,34,floor,,,reliever,MLB,1.0,0.0,0.0,4.2,0.9,0.6,0.2,0.0,0.1,0.4,0.0,0.9,0.4,0.5,0.0,0.0,3.87,1.3,8.1,3.6,0.9,4.239,0.21965,0.08476,0.01113,0.0294,0.14831,0.0365,0.00277,3.86604,4.34875
702750,Edinson Duran,NYY,25,floor,,,reliever,MiLB (MLE),1.0,0.0,0.0,4.2,0.9,0.6,0.2,0.0,0.1,0.4,0.0,0.9,0.4,0.5,0.0,0.0,3.85,1.3,8.1,3.6,0.9,4.193,0.21966,0.08485,0.01144,0.03259,0.13317,0.03959,0.00357,3.85474,4.33604
814388,Hayden Snelsire,TB,25,floor,,,reliever,MiLB (MLE),1.0,0.0,0.0,4.2,0.9,0.6,0.2,0.0,0.1,0.4,0.0,0.9,0.4,0.5,0.0,0.0,3.85,1.3,8.1,3.6,0.9,4.193,0.21966,0.08485,0.01144,0.03259,0.13317,0.03959,0.00357,3.85474,4.33604
700169,Bryan Perez,COL,25,floor,,,reliever,MiLB (MLE),1.0,0.0,0.0,4.2,0.9,0.6,0.2,0.0,0.1,0.4,0.0,0.9,0.4,0.5,0.0,0.0,3.88,1.3,8.1,3.6,0.9,4.195,0.21966,0.08485,0.01144,0.03302,0.13317,0.03959,0.00357,3.87719,4.3613
678013,Lenny Torres Jr.,PHI,25,floor,,,reliever,MiLB (MLE),1.0,0.0,0.0,4.2,0.9,0.6,0.2,0.0,0.1,0.4,0.0,0.9,0.4,0.5,0.0,0.0,3.85,1.3,8.1,3.6,0.9,4.193,0.21966,0.08485,0.01144,0.03259,0.13317,0.03959,0.00357,3.85474,4.33604
830800,Luis Gamez,LAD,25,floor,,,starter,MiLB (MLE),1.0,0.0,0.0,4.2,0.9,0.6,0.2,0.0,0.1,0.4,0.0,0.9,0.4,0.5,0.0,0.0,3.97,1.3,8.1,3.6,0.9,4.182,0.21963,0.08483,0.01144,0.03116,0.13298,0.03953,0.00356,3.96631,4.24658
802418,Colby Holcombe,TOR,25,floor,,,reliever,MiLB (MLE),1.0,0.0,0.0,4.2,0.9,0.6,0.2,0.0,0.1,0.4,0.0,0.9,0.4,0.5,0.0,0.0,3.77,1.3,8.1,3.6,0.9,4.183,0.21967,0.08485,0.01144,0.03094,0.13317,0.03959,0.00357,3.76967,4.24035
823776,Braden Osbolt,CIN,25,floor,,,starter,MiLB (MLE),1.0,0.0,0.0,4.2,0.9,0.6,0.2,0.0,0.1,0.4,0.0,0.9,0.4,0.5,0.0,0.0,3.9,1.3,8.1,3.6,0.9,4.176,0.21967,0.08485,0.01144,0.02985,0.13314,0.03958,0.00357,3.90057,4.1762
831683,Daichi Moriki,SD,25,floor,,,reliever,MiLB (MLE),1.0,0.0,0.0,4.2,0.9,0.6,0.2,0.0,0.1,0.4,0.0,0.9,0.4,0.5,0.0,0.0,3.64,1.3,8.1,3.6,0.9,4.168,0.21967,0.08485,0.01144,0.02849,0.13315,0.03958,0.00357,3.6431,4.09798
701515,Kade Woods,ATL,25,floor,,,reliever,MiLB (MLE),1.0,0.0,0.0,4.2,0.9,0.6,0.2,0.0,0.1,0.4,0.0,0.9,0.4,0.5,0.0,0.0,3.71,1.3,8.1,3.6,0.9,4.176,0.21967,0.08485,0.01144,0.02985,0.13314,0.03958,0.00357,3.71265,4.1762
684516,Hancel Rincon,STL,25,floor,,,reliever,MLB,1.0,0.0,0.0,4.3,1.0,0.6,0.2,0.0,0.2,0.4,0.1,0.9,0.5,0.5,0.0,0.0,4.34,1.4,8.1,3.6,1.8,4.278,0.21967,0.08417,0.02048,0.03811,0.1295,0.04268,0.00407,4.33549,4.87681
695066,Ben Grable,WSH,25,floor,,,reliever,MiLB (MLE),1.0,0.0,0.0,4.2,0.9,0.6,0.2,0.0,0.1,0.4,0.0,0.9,0.4,0.5,0.0,0.0,3.61,1.3,8.1,3.6,0.9,4.164,0.21968,0.08485,0.01144,0.02782,0.13318,0.03959,0.00357,3.60958,4.06027
829517,Jake Dykhoff,BAL,25,floor,,,reliever,MiLB (MLE),1.0,0.0,0.0,4.2,0.9,0.6,0.2,0.0,0.1,0.4,0.0,0.9,0.4,0.4,0.0,0.0,3.59,1.3,8.1,3.6,0.9,4.161,0.2196,0.08482,0.01145,0.02774,0.1328,0.03948,0.00356,3.59391,4.04264
813949,Chase Mobley,CLE,25,floor,,,reliever,MiLB (MLE),1.0,0.0,0.0,4.2,0.9,0.6,0.2,0.0,0.1,0.4,0.0,0.9,0.4,0.5,0.0,0.0,3.66,1.3,8.1,3.6,0.9,4.169,0.2196,0.08482,0.01145,0.0291,0.13282,0.03948,0.00356,3.66386,4.12133
811291,Eriq Swan,WSH,25,floor,,,reliever,MiLB (MLE),1.0,0.0,0.0,4.2,0.9,0.6,0.2,0.0,0.1,0.4,0.0,0.9,0.4,0.4,0.0,0.0,3.59,1.3,8.1,3.6,0.9,4.161,0.2196,0.08482,0.01145,0.02774,0.1328,0.03948,0.00356,3.59391,4.04264
625510,Erick Mejia,WSH,25,floor,,,reliever,MiLB (MLE),1.0,0.0,0.0,4.2,0.9,0.6,0.2,0.0,0.1,0.4,0.0,0.9,0.4,0.4,0.0,0.0,3.59,1.3,8.1,3.6,0.9,4.161,0.2196,0.08482,0.01145,0.02774,0.1328,0.03948,0.00356,3.59391,4.04264
695765,Thatcher Hurd,NYY,25,floor,,,starter,MiLB (MLE),1.0,0.0,0.0,4.2,0.9,0.6,0.2,0.0,0.1,0.4,0.0,0.9,0.4,0.5,0.0,0.0,3.96,1.3,8.1,3.6,0.9,4.182,0.21961,0.08483,0.01145,0.03114,0.1329,0.03951,0.00356,3.96252,4.24252
701473,Cole Cheatham,SEA,25,floor,,,reliever,MiLB (MLE),1.0,0.0,0.0,4.2,0.9,0.6,0.2,0.0,0.1,0.4,0.0,0.9,0.4,0.5,0.0,0.0,3.63,1.3,8.1,3.6,0.9,4.166,0.21962,0.08483,0.01145,0.02844,0.1329,0.03951,0.00356,3.63272,4.0863
703752,Parker Seay,NYY,25,floor,,,reliever,MiLB (MLE),1.0,0.0,0.0,4.2,0.9,0.6,0.2,0.0,0.1,0.4,0.0,0.9,0.4,0.5,0.0,0.0,3.67,1.3,8.1,3.6,0.9,4.17,0.21963,0.08483,0.01144,0.02913,0.13298,0.03953,0.00356,3.67084,4.12917
814525,Mike Villani,CIN,25,floor,,,reliever,MiLB (MLE),1.0,0.0,0.0,4.2,0.9,0.6,0.2,0.0,0.1,0.4,0.0,0.9,0.4,0.5,0.0,0.0,3.75,1.3,8.1,3.6,0.9,4.18,0.21966,0.08485,0.01144,0.03053,0.13314,0.03958,0.00357,3.74752,4.21543
691594,Javier Sanoja,MIA,24,projected,,,reliever,MLB,0.9,0.0,0.0,3.9,1.0,0.6,0.2,0.0,0.2,0.3,0.0,0.6,0.5,0.6,0.0,0.0,5.01,1.44,6.0,3.0,2.0,4.372,0.16305,0.08149,0.01194,0.04258,0.14177,0.05255,0.00345,5.01276,5.63865
691769,Philip Abner,SF,25,projected,,,reliever,MLB,0.9,0.0,0.0,3.9,0.8,0.5,0.2,0.0,0.1,0.4,0.0,0.7,0.4,0.5,0.0,0.0,4.34,1.33,7.0,4.0,1.0,4.338,0.19005,0.10356,0.0049,0.03112,0.13905,0.04546,0.00433,4.343,4.88527
676454,Brendan Cellucci,TOR,29,projected,,,reliever,MLB,0.9,0.0,0.0,3.8,0.7,0.5,0.1,0.0,0.1,0.3,0.0,0.9,0.4,0.4,0.0,0.0,3.79,1.11,9.0,3.0,1.0,4.201,0.24069,0.08756,0.0082,0.03239,0.1406,0.0343,0.00346,3.79383,4.26752
702303,Riley Martin,CHC,29,projected,,,reliever,MLB,0.9,0.0,0.0,3.8,0.7,0.5,0.1,0.0,0.1,0.3,0.0,0.9,0.4,0.4,0.0,0.0,3.75,1.11,9.0,3.0,1.0,4.191,0.2348,0.08223,0.00813,0.03046,0.14467,0.03616,0.00335,3.75309,4.2217
543238,Anthony Gose,KC,36,projected,,,reliever,MLB,0.9,0.0,0.0,3.8,0.8,0.5,0.2,0.0,0.1,0.3,0.0,0.8,0.4,0.5,0.0,0.0,4.18,1.22,8.0,3.0,1.0,4.242,0.21571,0.08652,0.00786,0.03573,0.13599,0.04358,0.00367,4.17859,4.70033
691441,Cristian Mena,ARI,24,projected,,,reliever,MLB,0.9,0.0,0.0,3.8,0.8,0.5,0.2,0.0,0.1,0.4,0.0,0.9,0.4,0.4,0.0,0.0,3.94,1.33,9.0,4.0,1.0,4.259,0.22436,0.09464,0.00745,0.02799,0.13829,0.04453,0.00306,3.93854,4.43031
682445,Domingo Gonzalez,SEA,27,projected,,,reliever,MLB,0.9,0.0,0.0,3.9,0.8,0.5,0.2,0.0,0.1,0.4,0.0,0.8,0.4,0.5,0.0,0.0,4.29,1.33,8.0,4.0,1.0,4.301,0.20609,0.09457,0.00777,0.03191,0.13511,0.04998,0.00334,4.29027,4.82596
692030,Jose Corniell,TEX,24,projected,,,reliever,MLB,0.9,0.0,0.0,3.9,0.9,0.6,0.2,0.0,0.1,0.4,0.0,0.8,0.4,0.5,0.0,0.0,4.12,1.44,8.0,4.0,1.0,4.3,0.20573,0.09401,0.00771,0.02847,0.14461,0.0444,0.00343,4.12336,4.6382
701121,Logan VanWey,HOU,28,projected,,,reliever,MLB,0.9,0.0,0.0,3.8,0.9,0.6,0.2,0.0,0.1,0.3,0.0,0.8,0.4,0.5,0.0,0.0,4.05,1.33,8.0,3.0,1.0,4.218,0.20259,0.0705,0.011,0.03249,0.15018,0.04198,0.00332,4.05243,4.55841
690544,Bailey Horn,DET,29,projected,,,reliever,MLB,0.9,0.0,0.0,3.9,0.9,0.6,0.2,0.0,0.1,0.4,0.0,0.8,0.4,0.5,0.0,0.0,4.35,1.44,8.0,4.0,1.0,4.341,0.19947,0.10048,0.00413,0.03383,0.14872,0.03857,0.0033,4.35465,4.89837
666711,Joel Peguero,SF,30,projected,,,reliever,MLB,0.9,0.0,0.0,3.9,0.9,0.6,0.2,0.0,0.1,0.3,0.1,0.8,0.4,0.5,0.0,0.0,4.08,1.33,8.0,3.0,1.0,4.286,0.19451,0.0873,0.01377,0.02958,0.14647,0.03995,0.00329,4.08146,4.59107
680729,Garrett McDaniels,LAA,27,projected,,,reliever,MLB,0.8,0.0,0.0,3.5,0.8,0.5,0.2,0.0,0.1,0.4,0.1,0.7,0.4,0.4,0.0,0.0,4.43,1.5,7.87,4.5,1.12,4.364,0.20035,0.10009,0.0148,0.03273,0.13577,0.04623,0.00289,4.43326,4.9868
701552,Andre Granillo,WSH,27,projected,,,reliever,MLB,0.8,0.0,0.0,3.5,0.7,0.5,0.1,0.0,0.1,0.3,0.0,0.7,0.4,0.4,0.0,0.0,4.27,1.25,7.87,3.37,1.12,4.333,0.18673,0.096,0.01333,0.03128,0.14363,0.04014,0.00339,4.2656,4.7982
541640,Erasmo Ramírez,MIN,37,projected,,,reliever,MLB,0.8,0.0,0.0,3.4,0.7,0.5,0.1,0.0,0.1,0.2,0.0,0.6,0.4,0.4,0.0,0.0,4.05,1.12,6.75,2.25,1.12,4.21,0.17731,0.06356,0.01467,0.03259,0.15427,0.03974,0.00318,4.04507,4.55014
694820,Braxton Roxby,SF,28,projected,,,reliever,MLB,0.8,0.0,0.0,3.4,0.7,0.5,0.1,0.0,0.1,0.3,0.1,0.7,0.4,0.4,0.0,0.0,4.25,1.25,7.87,3.37,1.12,4.283,0.20761,0.08459,0.01833,0.03653,0.13908,0.03819,0.00316,4.25416,4.78533
663546,Sean Hjelle,SF,30,projected,,,reliever,MLB,0.8,0.0,0.0,3.4,0.7,0.5,0.1,0.0,0.1,0.2,0.1,0.7,0.3,0.4,0.0,0.0,3.83,1.12,7.87,2.25,1.12,4.247,0.21337,0.07242,0.01497,0.02465,0.16079,0.03751,0.00384,3.83091,4.30924
699151,Jedixson Paez,BOS,23,projected,,,reliever,MLB,0.8,0.0,0.0,3.4,0.7,0.5,0.1,0.0,0.1,0.3,0.0,0.7,0.4,0.4,0.0,0.0,4.14,1.25,7.87,3.37,1.12,4.248,0.20006,0.08605,0.00658,0.03576,0.14568,0.03684,0.00331,4.14032,4.65728
670090,Wyatt Mills,LAD,32,projected,,,reliever,MLB,0.8,0.0,0.0,3.6,0.7,0.5,0.1,0.0,0.1,0.4,0.1,0.7,0.4,0.4,0.0,0.0,4.47,1.38,7.87,4.5,1.12,4.479,0.2041,0.11111,0.03302,0.02978,0.13712,0.03633,0.00227,4.46587,5.02347
701474,Duncan Davitt,SF,27,projected,,,reliever,MLB,0.8,0.0,0.0,3.4,0.7,0.5,0.1,0.0,0.1,0.3,0.0,0.7,0.4,0.4,0.0,0.0,4.45,1.25,7.87,3.37,1.12,4.279,0.20511,0.08936,0.0077,0.04223,0.13776,0.03869,0.00351,4.45268,5.00864
687209,Zach Maxwell,CIN,26,projected,,,reliever,MLB,0.8,0.0,0.0,3.4,0.7,0.5,0.1,0.0,0.1,0.3,0.0,0.7,0.4,0.4,0.0,0.0,4.12,1.25,7.87,3.37,1.12,4.295,0.21939,0.10227,0.00475,0.03345,0.14166,0.03687,0.00276,4.12142,4.63602
612434,Miguel Castro,CWS,32,projected,,,reliever,MLB,0.8,0.0,0.0,3.5,0.8,0.5,0.2,0.0,0.1,0.3,0.1,0.7,0.4,0.4,0.0,0.0,4.25,1.38,7.87,3.37,1.12,4.342,0.20785,0.09404,0.0177,0.02987,0.14088,0.04369,0.00286,4.24774,4.77811
518397,Scott Alexander,SF,37,projected,,,reliever,MLB,0.8,0.0,0.0,3.5,0.8,0.5,0.2,0.0,0.1,0.3,0.0,0.6,0.4,0.5,0.0,0.0,4.61,1.38,6.75,3.37,1.12,4.318,0.17456,0.07893,0.00843,0.03672,0.14916,0.04855,0.00365,4.60769,5.18301
663897,Luke Williams,ATL,30,projected,,,reliever,MLB,0.8,0.0,0.0,3.4,0.7,0.5,0.1,0.0,0.1,0.3,0.1,0.7,0.4,0.4,0.0,0.0,4.29,1.25,7.87,3.37,1.12,4.281,0.19792,0.07786,0.01515,0.03464,0.14623,0.0423,0.00339,4.29319,4.82923
671382,Cameron Foster,BAL,28,projected,,,reliever,MLB,0.8,0.0,0.0,3.5,0.8,0.5,0.2,0.0,0.1,0.4,0.0,0.7,0.4,0.4,0.0,0.0,4.2,1.5,7.87,4.5,1.12,4.33,0.21155,0.10265,0.00699,0.02934,0.14047,0.04471,0.00306,4.1986,4.72283
700270,Yilber Díaz,DET,26,projected,,,reliever,MLB,0.7,0.0,0.0,3.0,0.7,0.4,0.2,0.0,0.1,0.3,0.0,0.6,0.4,0.4,0.0,0.0,4.65,1.43,7.71,3.86,1.29,4.344,0.1907,0.1018,0.00363,0.03425,0.12655,0.05714,0.00604,4.64563,5.22568
690829,Ben Joyce,LAA,26,projected,,,reliever,MLB,0.7,0.0,0.0,3.1,0.6,0.4,0.1,0.0,0.1,0.3,0.1,0.7,0.3,0.4,0.0,0.0,4.13,1.29,9.0,3.86,1.29,4.373,0.22407,0.10587,0.02006,0.02792,0.13953,0.03771,0.00272,4.13158,4.64744
666126,Carlos Cortes,OAK,30,projected,,,reliever,MLB,0.7,0.0,0.0,3.1,0.7,0.5,0.1,0.0,0.1,0.3,0.0,0.5,0.3,0.4,0.0,0.0,4.18,1.43,6.43,3.86,1.29,4.372,0.17671,0.10254,0.00698,0.02361,0.15449,0.04278,0.00333,4.17697,4.6985
686475,Tyler Tolbert,KC,29,projected,,,reliever,MLB,0.7,0.0,0.0,3.0,0.6,0.4,0.1,0.0,0.1,0.3,0.1,0.6,0.3,0.4,0.0,0.0,4.42,1.29,7.71,3.86,1.29,4.347,0.1856,0.08617,0.01702,0.03077,0.14542,0.04682,0.00371,4.4157,4.96704
702795,Ryan Loutos,WSH,28,projected,,,reliever,MLB,0.7,0.0,0.0,3.1,0.6,0.4,0.1,0.0,0.1,0.3,0.1,0.6,0.4,0.4,0.0,0.0,4.59,1.29,7.71,3.86,1.29,4.368,0.18846,0.09375,0.01864,0.03674,0.13656,0.04423,0.00322,4.5936,5.16716
694680,Trevor Martin,LAA,26,projected,,,reliever,MLB,0.7,0.0,0.0,3.0,0.6,0.4,0.1,0.0,0.1,0.3,0.1,0.6,0.4,0.4,0.0,0.0,4.71,1.29,7.71,3.86,1.29,4.348,0.19104,0.08863,0.01925,0.04582,0.14142,0.03081,0.00412,4.70872,5.29665
688497,Taylor Rashi,OAK,31,projected,,,reliever,MLB,0.7,0.0,0.0,3.0,0.6,0.4,0.1,0.0,0.1,0.3,0.0,0.7,0.3,0.3,0.0,0.0,3.84,1.29,9.0,3.86,1.29,4.228,0.23554,0.09479,0.00507,0.02809,0.13555,0.04365,0.00386,3.84125,4.32087
640451,Hunter Harvey,KC,32,projected,,,reliever,MLB,0.7,0.0,0.0,2.9,0.6,0.4,0.1,0.0,0.1,0.2,0.0,0.7,0.3,0.3,0.0,0.0,3.62,1.14,9.0,2.57,1.29,4.133,0.25176,0.07054,0.01079,0.02985,0.13909,0.04159,0.0033,3.62372,4.07618
678391,Jorbit Vivas,WSH,26,projected,,,reliever,MLB,0.7,0.0,0.0,3.1,0.6,0.4,0.1,0.0,0.1,0.2,0.1,0.6,0.4,0.4,0.0,0.0,4.69,1.14,7.71,2.57,1.29,4.388,0.19104,0.07871,0.03708,0.03862,0.13751,0.04103,0.00315,4.69023,5.27585
666168,Mason Thompson,WSH,29,projected,,,reliever,MLB,0.7,0.0,0.0,3.1,0.6,0.4,0.1,0.0,0.1,0.3,0.0,0.6,0.4,0.4,0.0,0.0,4.5,1.29,7.71,3.86,1.29,4.387,0.19183,0.10256,0.0125,0.03382,0.14268,0.04077,0.00359,4.50436,5.06677
691251,Andry Lara,WSH,24,projected,,,reliever,MLB,0.7,0.0,0.0,3.0,0.7,0.5,0.1,0.0,0.1,0.3,0.0,0.6,0.3,0.3,0.0,0.0,3.98,1.43,7.71,3.86,1.29,4.317,0.19438,0.09027,0.01218,0.02394,0.15625,0.04016,0.0025,3.98339,4.48076
691384,Luis Perales,WSH,24,projected,,,reliever,MLB,0.7,0.0,0.0,3.1,0.6,0.4,0.1,0.0,0.1,0.4,0.0,0.7,0.4,0.4,0.0,0.0,4.53,1.43,9.0,5.14,1.29,4.381,0.21822,0.11935,0.00644,0.03976,0.12989,0.03649,0.00316,4.52983,5.09542
671305,Michel Otañez,OAK,29,projected,,,reliever,MLB,0.7,0.0,0.0,3.0,0.6,0.4,0.1,0.0,0.1,0.3,0.1,0.8,0.3,0.3,0.0,0.0,3.72,1.29,10.29,3.86,1.29,4.283,0.26766,0.1101,0.01931,0.02634,0.12402,0.037,0.00312,3.71882,4.18314
678868,Eddy Yean,WSH,26,projected,,,reliever,MLB,0.7,0.0,0.0,3.0,0.7,0.5,0.1,0.0,0.1,0.2,0.0,0.6,0.3,0.3,0.0,0.0,3.8,1.29,7.71,2.57,1.29,4.257,0.20655,0.07697,0.0154,0.0229,0.15736,0.0398,0.00329,3.80409,4.27907
680899,Erik Tolman,WSH,28,projected,,,reliever,MLB,0.7,0.0,0.0,3.0,0.6,0.4,0.1,0.0,0.1,0.3,0.0,0.7,0.3,0.3,0.0,0.0,3.88,1.29,9.0,3.86,1.29,4.253,0.22811,0.09928,0.00614,0.02877,0.13676,0.04149,0.00266,3.88046,4.36498
674384,Eduarniel Núñez,OAK,28,projected,,,reliever,MLB,0.7,0.0,0.0,3.1,0.6,0.4,0.1,0.0,0.1,0.3,0.1,0.7,0.3,0.4,0.0,0.0,4.45,1.29,9.0,3.86,1.29,4.436,0.21108,0.10772,0.02835,0.032,0.13522,0.03713,0.00288,4.44615,5.00129
694851,Andrew Hoffmann,ARI,27,projected,,,reliever,MLB,0.7,0.0,0.0,3.1,0.6,0.4,0.1,0.0,0.1,0.3,0.0,0.7,0.3,0.4,0.0,0.0,4.08,1.29,9.0,3.86,1.29,4.369,0.21085,0.1106,0.00962,0.02265,0.14145,0.04566,0.00322,4.07615,4.58509
695378,Jack Sinclair,WSH,28,projected,,,reliever,MLB,0.7,0.0,0.0,3.0,0.6,0.4,0.1,0.0,0.1,0.3,0.1,0.6,0.3,0.4,0.0,0.0,4.08,1.29,7.71,3.86,1.29,4.331,0.20995,0.08573,0.03151,0.02518,0.13552,0.04633,0.00313,4.08401,4.59394
672021,Eric Cerantola,KC,27,projected,,,reliever,MLB,0.7,0.0,0.0,3.1,0.6,0.4,0.1,0.0,0.1,0.4,0.0,0.7,0.3,0.4,0.0,0.0,4.08,1.43,9.0,5.14,1.29,4.392,0.22484,0.12375,0.00843,0.02526,0.13791,0.03817,0.0033,4.07871,4.58797
640454,Matt Krook,WSH,32,projected,,,reliever,MLB,0.7,0.0,0.0,3.1,0.6,0.4,0.1,0.0,0.1,0.4,0.1,0.6,0.3,0.4,0.0,0.0,4.35,1.43,7.71,5.14,1.29,4.434,0.20838,0.1191,0.01693,0.02648,0.13146,0.04542,0.00359,4.35291,4.89641
543518,Scott McGough,OAK,37,projected,,,reliever,MLB,0.7,0.0,0.0,3.0,0.6,0.4,0.1,0.0,0.1,0.3,0.0,0.7,0.3,0.4,0.0,0.0,4.05,1.29,9.0,3.86,1.29,4.275,0.22769,0.10352,0.00824,0.02928,0.12565,0.04729,0.00467,4.04785,4.55326
697812,Joe Rock,OAK,26,projected,,,reliever,MLB,0.7,0.0,0.0,3.1,0.6,0.4,0.1,0.0,0.1,0.4,0.1,0.7,0.3,0.4,0.0,0.0,4.3,1.43,9.0,5.14,1.29,4.446,0.22788,0.11422,0.0292,0.0281,0.13327,0.037,0.00307,4.29919,4.83598
814305,Yunior Tur,OAK,27,projected,,,reliever,MLB,0.7,0.0,0.0,3.1,0.7,0.4,0.2,0.0,0.1,0.3,0.0,0.6,0.3,0.4,0.0,0.0,4.43,1.43,7.71,3.86,1.29,4.368,0.20658,0.10291,0.01218,0.0311,0.13363,0.04966,0.00359,4.43479,4.98851
687849,Zak Kent,WSH,29,projected,,,reliever,MLB,0.7,0.0,0.0,3.0,0.6,0.4,0.1,0.0,0.1,0.3,0.0,0.6,0.3,0.4,0.0,0.0,4.41,1.29,7.71,3.86,1.29,4.307,0.20088,0.09446,0.00826,0.03538,0.13398,0.04753,0.00397,4.41209,4.96298
668834,Easton McGee,KC,29,projected,,,reliever,MLB,0.7,0.0,0.0,3.0,0.6,0.4,0.1,0.0,0.1,0.2,0.0,0.6,0.3,0.4,0.0,0.0,4.11,1.14,7.71,2.57,1.29,4.249,0.19933,0.08291,0.00392,0.03037,0.14709,0.04681,0.00334,4.11036,4.62358
641386,Ben Bowden,OAK,32,projected,,,reliever,MLB,0.7,0.0,0.0,3.0,0.6,0.4,0.1,0.0,0.1,0.3,0.0,0.6,0.3,0.4,0.0,0.0,4.49,1.29,7.71,3.86,1.29,4.327,0.19916,0.09515,0.01425,0.03787,0.13165,0.04496,0.00293,4.48878,5.04924
687424,Anthony Maldonado,OAK,29,projected,,,reliever,MLB,0.7,0.0,0.0,3.0,0.7,0.4,0.2,0.0,0.1,0.3,0.0,0.6,0.3,0.4,0.0,0.0,4.28,1.43,7.71,3.86,1.29,4.301,0.19893,0.09277,0.00462,0.02942,0.13946,0.05271,0.00373,4.27883,4.81309
600917,José Leclerc,OAK,33,projected,,,reliever,MLB,0.7,0.0,0.0,3.0,0.6,0.4,0.1,0.0,0.1,0.3,0.0,0.8,0.3,0.3,0.0,0.0,3.57,1.29,10.29,3.86,1.29,4.26,0.26313,0.10676,0.01198,0.02335,0.13587,0.03583,0.00241,3.5695,4.01519
676510,Nolan Hoffman,KC,29,projected,,,reliever,MLB,0.7,0.0,0.0,3.0,0.6,0.4,0.1,0.0,0.1,0.3,0.1,0.6,0.3,0.4,0.0,0.0,4.03,1.29,7.71,3.86,1.29,4.321,0.20958,0.08808,0.02578,0.02711,0.14317,0.0391,0.00256,4.02961,4.53275
676680,Tom Cosgrove,WSH,31,projected,,,reliever,MLB,0.7,0.0,0.0,3.0,0.6,0.4,0.1,0.0,0.1,0.3,0.1,0.6,0.3,0.4,0.0,0.0,4.32,1.29,7.71,3.86,1.29,4.313,0.20684,0.08592,0.02694,0.03319,0.12833,0.04638,0.00385,4.3165,4.85546
681751,Lazaro Estrada,TOR,28,projected,,,reliever,MLB,0.7,0.0,0.0,3.1,0.6,0.4,0.1,0.0,0.1,0.3,0.1,0.7,0.3,0.4,0.0,0.0,4.3,1.29,9.0,3.86,1.29,4.363,0.2127,0.0989,0.02308,0.029,0.13028,0.04744,0.00369,4.30162,4.83872
700187,Troy Taylor,SEA,25,projected,,,reliever,MLB,0.7,0.0,0.0,3.0,0.6,0.4,0.1,0.0,0.1,0.3,0.0,0.6,0.3,0.4,0.0,0.0,4.07,1.29,7.71,3.86,1.29,4.231,0.2138,0.08805,0.00904,0.0341,0.13347,0.04348,0.00336,4.07031,4.57852
519008,T.J. McFarland,OAK,38,projected,,,reliever,MLB,0.7,0.0,0.0,3.0,0.8,0.5,0.2,0.0,0.1,0.2,0.0,0.5,0.3,0.4,0.0,0.0,4.37,1.43,6.43,2.57,1.29,4.319,0.1658,0.07426,0.01665,0.02816,0.15106,0.05193,0.00342,4.36794,4.91332
672442,Yovanny Cruz,WSH,27,projected,,,reliever,MLB,0.7,0.0,0.0,3.0,0.6,0.4,0.1,0.0,0.1,0.3,0.1,0.7,0.3,0.4,0.0,0.0,4.04,1.29,9.0,3.86,1.29,4.352,0.21731,0.09803,0.01965,0.02525,0.14587,0.03943,0.00247,4.04065,4.54516
666659,Sauryn Lao,WSH,27,projected,,,reliever,MLB,0.7,0.0,0.0,3.0,0.6,0.4,0.1,0.0,0.1,0.2,0.0,0.6,0.3,0.4,0.0,0.0,4.47,1.14,7.71,2.57,1.29,4.245,0.21266,0.07677,0.01492,0.04263,0.12793,0.04846,0.00305,4.47184,5.03019
686610,Ken Waldichuk,WSH,29,projected,,,reliever,MLB,0.7,0.0,0.0,3.1,0.6,0.4,0.1,0.0,0.1,0.3,0.1,0.6,0.3,0.4,0.0,0.0,4.15,1.29,7.71,3.86,1.29,4.363,0.20796,0.10305,0.0168,0.02556,0.1403,0.04284,0.00376,4.14616,4.66385
682171,Penn Murfee,CWS,33,projected,,,reliever,MLB,0.6,0.0,0.0,2.5,0.6,0.4,0.1,0.0,0.1,0.2,0.0,0.6,0.3,0.3,0.0,0.0,3.76,1.33,9.0,3.0,1.5,4.213,0.24077,0.08625,0.01057,0.02962,0.14252,0.03708,0.00259,3.76024,4.22975
664849,Danny Young,ATL,33,projected,,,reliever,MLB,0.6,0.0,0.0,2.7,0.6,0.4,0.1,0.0,0.1,0.3,0.1,0.7,0.3,0.3,0.0,0.0,4.07,1.5,10.5,4.5,1.5,4.426,0.25083,0.10775,0.0368,0.02409,0.13402,0.03605,0.00318,4.07232,4.58078
686642,Fraser Ellard,CWS,29,projected,,,reliever,MLB,0.6,0.0,0.0,2.6,0.5,0.3,0.1,0.0,0.1,0.3,0.0,0.6,0.3,0.3,0.0,0.0,4.17,1.33,9.0,4.5,1.5,4.376,0.24188,0.12887,0.01156,0.03338,0.12424,0.03334,0.00288,4.1674,4.68774
681146,Jonah Bride,MIN,31,projected,,,reliever,MLB,0.6,0.0,0.0,2.6,0.6,0.4,0.1,0.0,0.1,0.2,0.1,0.5,0.3,0.3,0.0,0.0,4.33,1.33,7.5,3.0,1.5,4.34,0.19499,0.08462,0.02518,0.03064,0.13931,0.04616,0.00296,4.33185,4.87272
669391,Owen White,CWS,27,projected,,,reliever,MLB,0.6,0.0,0.0,2.6,0.6,0.4,0.1,0.0,0.1,0.2,0.0,0.5,0.3,0.3,0.0,0.0,4.11,1.33,7.5,3.0,1.5,4.267,0.20046,0.08483,0.00593,0.02713,0.14438,0.05145,0.0036,4.10684,4.61962
663562,Noah Davis,MIN,30,projected,,,reliever,MLB,0.6,0.0,0.0,2.7,0.6,0.4,0.1,0.0,0.1,0.2,0.1,0.5,0.3,0.3,0.0,0.0,4.64,1.33,7.5,3.0,1.5,4.427,0.19906,0.08926,0.03083,0.03322,0.1424,0.04277,0.00355,4.63697,5.21594
689149,Chad Dallas,TOR,27,projected,,,reliever,MLB,0.6,0.0,0.0,2.5,0.5,0.3,0.1,0.0,0.1,0.2,0.0,0.6,0.3,0.3,0.0,0.0,3.81,1.17,9.0,3.0,1.5,4.223,0.23099,0.0963,0.00626,0.02919,0.1347,0.04041,0.00339,3.80773,4.28316
691172,Yosver Zulueta,CIN,29,projected,,,reliever,MLB,0.6,0.0,0.0,2.5,0.5,0.3,0.1,0.0,0.1,0.2,0.0,0.6,0.3,0.3,0.0,0.0,3.83,1.17,9.0,3.0,1.5,4.246,0.22562,0.09317,0.01064,0.0262,0.13658,0.0444,0.00297,3.83038,4.30864
681252,Jack Anderson,MIN,27,projected,,,reliever,MLB,0.6,0.0,0.0,2.5,0.5,0.3,0.1,0.0,0.1,0.2,0.0,0.6,0.3,0.3,0.0,0.0,4.22,1.17,9.0,3.0,1.5,4.199,0.22568,0.08052,0.00705,0.04223,0.13151,0.0422,0.00282,4.22413,4.75155
702566,Owen Murphy,ATL,23,projected,,,reliever,MLB,0.6,0.0,0.0,2.6,0.6,0.4,0.1,0.0,0.1,0.2,0.0,0.5,0.2,0.3,0.0,0.0,3.73,1.33,7.5,3.0,1.5,4.251,0.20519,0.0777,0.01415,0.01952,0.15503,0.04552,0.00287,3.73358,4.19976
681882,Colin Selby,BAL,29,projected,,,reliever,MLB,0.6,0.0,0.0,2.6,0.5,0.3,0.1,0.0,0.1,0.2,0.0,0.6,0.3,0.3,0.0,0.0,4.16,1.17,9.0,3.0,1.5,4.251,0.22693,0.09146,0.00683,0.03283,0.1289,0.05143,0.00325,4.15964,4.67901
665625,Elvis Peguero,CWS,30,projected,,,reliever,MLB,0.6,0.0,0.0,2.6,0.6,0.4,0.1,0.0,0.1,0.3,0.0,0.5,0.3,0.3,0.0,0.0,3.97,1.5,7.5,4.5,1.5,4.368,0.20368,0.10234,0.0118,0.0231,0.16074,0.03246,0.00262,3.96939,4.465
608723,Austin Voth,MIN,35,projected,,,reliever,MLB,0.6,0.0,0.0,2.6,0.5,0.3,0.1,0.0,0.1,0.2,0.0,0.5,0.3,0.3,0.0,0.0,4.34,1.17,7.5,3.0,1.5,4.264,0.20409,0.08119,0.01025,0.03384,0.13457,0.05253,0.00445,4.3378,4.87941
694357,Ricky Tiedemann,TOR,24,projected,,,reliever,MLB,0.6,0.0,0.0,2.6,0.6,0.4,0.1,0.0,0.1,0.3,0.0,0.6,0.3,0.3,0.0,0.0,3.96,1.5,9.0,4.5,1.5,4.333,0.22744,0.10277,0.01766,0.02542,0.14042,0.03826,0.00323,3.95815,4.45237
678061,Ray Kerr,ATL,32,projected,,,reliever,MLB,0.6,0.0,0.0,2.5,0.5,0.3,0.1,0.0,0.1,0.2,0.0,0.6,0.3,0.3,0.0,0.0,3.88,1.17,9.0,3.0,1.5,4.201,0.22945,0.07526,0.01835,0.03245,0.13724,0.04108,0.00217,3.87916,4.36351
801725,Luis De León,BAL,24,projected,,,reliever,MLB,0.6,0.0,0.0,2.5,0.6,0.4,0.1,0.0,0.1,0.2,0.0,0.5,0.3,0.3,0.0,0.0,3.87,1.33,7.5,3.0,1.5,4.209,0.21074,0.08024,0.00777,0.02903,0.14492,0.04304,0.00293,3.87045,4.35371
804619,John Klein,TOR,25,projected,,,reliever,MLB,0.6,0.0,0.0,2.6,0.5,0.3,0.1,0.0,0.1,0.3,0.0,0.6,0.3,0.3,0.0,0.0,4.18,1.33,9.0,4.5,1.5,4.284,0.21634,0.09984,0.00784,0.03363,0.13115,0.04461,0.0029,4.18072,4.70272
694397,Marco Raya,MIN,24,projected,,,reliever,MLB,0.6,0.0,0.0,2.6,0.5,0.4,0.1,0.0,0.0,0.2,0.0,0.6,0.2,0.3,0.0,0.0,3.53,1.17,9.0,3.0,0.0,4.264,0.21255,0.08967,0.00859,0.01603,0.16179,0.0381,0.0026,3.52972,3.97044
685068,Carson Ragsdale,BAL,29,projected,,,reliever,MLB,0.6,0.0,0.0,2.5,0.6,0.4,0.1,0.0,0.1,0.2,0.0,0.5,0.3,0.3,0.0,0.0,3.97,1.33,7.5,3.0,1.5,4.231,0.21363,0.08033,0.00859,0.03048,0.14807,0.04105,0.00306,3.96628,4.46151
801434,Paul Gervase,LAD,27,projected,,,reliever,MLB,0.6,0.0,0.0,2.6,0.6,0.4,0.1,0.0,0.1,0.3,0.0,0.6,0.3,0.3,0.0,0.0,3.98,1.5,9.0,4.5,1.5,4.299,0.2191,0.10379,0.00589,0.02762,0.14181,0.04037,0.00298,3.98131,4.47841
670183,Garrett Acton,MIN,29,projected,,,reliever,MLB,0.6,0.0,0.0,2.6,0.5,0.3,0.1,0.0,0.1,0.3,0.1,0.6,0.3,0.3,0.0,0.0,4.56,1.33,9.0,4.5,1.5,4.371,0.22109,0.10326,0.02363,0.03834,0.12002,0.04517,0.0032,4.56372,5.13355
700842,Eduardo Rivera,BOS,24,projected,,,reliever,MLB,0.6,0.0,0.0,2.6,0.6,0.4,0.1,0.0,0.1,0.2,0.0,0.6,0.3,0.3,0.0,0.0,3.98,1.33,9.0,3.0,1.5,4.266,0.22084,0.09579,0.00727,0.02674,0.13576,0.04741,0.00421,3.97817,4.47488
675916,James Karinchak,ATL,31,projected,,,reliever,MLB,0.6,0.0,0.0,2.6,0.5,0.3,0.1,0.0,0.1,0.3,0.0,0.7,0.3,0.3,0.0,0.0,3.82,1.33,10.5,4.5,1.5,4.267,0.27282,0.12133,0.01116,0.03182,0.11125,0.03894,0.00278,3.8208,4.29786
